# WaveFront *.obj file (generated by Cinema 4D)

v -100.000000 -100.000000 100.000000
v -100.000000 -95.000000 100.000000
v -100.000000 -90.000000 100.000000
v -100.000000 -85.000000 100.000000
v -100.000000 -80.000000 100.000000
v -100.000000 -75.000000 100.000000
v -100.000000 -70.000000 100.000000
v -100.000000 -65.000000 100.000000
v -100.000000 -60.000000 100.000000
v -100.000000 -55.000000 100.000000
v -100.000000 -50.000000 100.000000
v -100.000000 -45.000000 100.000000
v -100.000000 -40.000000 100.000000
v -100.000000 -35.000000 100.000000
v -100.000000 -30.000000 100.000000
v -100.000000 -25.000000 100.000000
v -100.000000 -20.000000 100.000000
v -100.000000 -15.000000 100.000000
v -100.000000 -10.000000 100.000000
v -100.000000 -5.000000 100.000000
v -100.000000 0.000000 100.000000
v -100.000000 5.000000 100.000000
v -100.000000 10.000000 100.000000
v -100.000000 15.000000 100.000000
v -100.000000 20.000000 100.000000
v -100.000000 25.000000 100.000000
v -100.000000 30.000000 100.000000
v -100.000000 35.000000 100.000000
v -100.000000 40.000000 100.000000
v -100.000000 45.000000 100.000000
v -100.000000 50.000000 100.000000
v -100.000000 55.000000 100.000000
v -100.000000 60.000000 100.000000
v -100.000000 65.000000 100.000000
v -100.000000 70.000000 100.000000
v -100.000000 75.000000 100.000000
v -100.000000 80.000000 100.000000
v -100.000000 85.000000 100.000000
v -100.000000 90.000000 100.000000
v -100.000000 95.000000 100.000000
v -100.000000 100.000000 100.000000
v -95.000000 -100.000000 100.000000
v -95.000000 -95.000000 100.000000
v -95.000000 -90.000000 100.000000
v -95.000000 -85.000000 100.000000
v -95.000000 -80.000000 100.000000
v -95.000000 -75.000000 100.000000
v -95.000000 -70.000000 100.000000
v -95.000000 -65.000000 100.000000
v -95.000000 -60.000000 100.000000
v -95.000000 -55.000000 100.000000
v -95.000000 -50.000000 100.000000
v -95.000000 -45.000000 100.000000
v -95.000000 -40.000000 100.000000
v -95.000000 -35.000000 100.000000
v -95.000000 -30.000000 100.000000
v -95.000000 -25.000000 100.000000
v -95.000000 -20.000000 100.000000
v -95.000000 -15.000000 100.000000
v -95.000000 -10.000000 100.000000
v -95.000000 -5.000000 100.000000
v -95.000000 0.000000 100.000000
v -95.000000 5.000000 100.000000
v -95.000000 10.000000 100.000000
v -95.000000 15.000000 100.000000
v -95.000000 20.000000 100.000000
v -95.000000 25.000000 100.000000
v -95.000000 30.000000 100.000000
v -95.000000 35.000000 100.000000
v -95.000000 40.000000 100.000000
v -95.000000 45.000000 100.000000
v -95.000000 50.000000 100.000000
v -95.000000 55.000000 100.000000
v -95.000000 60.000000 100.000000
v -95.000000 65.000000 100.000000
v -95.000000 70.000000 100.000000
v -95.000000 75.000000 100.000000
v -95.000000 80.000000 100.000000
v -95.000000 85.000000 100.000000
v -95.000000 90.000000 100.000000
v -95.000000 95.000000 100.000000
v -95.000000 100.000000 100.000000
v -90.000000 -100.000000 100.000000
v -90.000000 -95.000000 100.000000
v -90.000000 -90.000000 100.000000
v -90.000000 -85.000000 100.000000
v -90.000000 -80.000000 100.000000
v -90.000000 -75.000000 100.000000
v -90.000000 -70.000000 100.000000
v -90.000000 -65.000000 100.000000
v -90.000000 -60.000000 100.000000
v -90.000000 -55.000000 100.000000
v -90.000000 -50.000000 100.000000
v -90.000000 -45.000000 100.000000
v -90.000000 -40.000000 100.000000
v -90.000000 -35.000000 100.000000
v -90.000000 -30.000000 100.000000
v -90.000000 -25.000000 100.000000
v -90.000000 -20.000000 100.000000
v -90.000000 -15.000000 100.000000
v -90.000000 -10.000000 100.000000
v -90.000000 -5.000000 100.000000
v -90.000000 0.000000 100.000000
v -90.000000 5.000000 100.000000
v -90.000000 10.000000 100.000000
v -90.000000 15.000000 100.000000
v -90.000000 20.000000 100.000000
v -90.000000 25.000000 100.000000
v -90.000000 30.000000 100.000000
v -90.000000 35.000000 100.000000
v -90.000000 40.000000 100.000000
v -90.000000 45.000000 100.000000
v -90.000000 50.000000 100.000000
v -90.000000 55.000000 100.000000
v -90.000000 60.000000 100.000000
v -90.000000 65.000000 100.000000
v -90.000000 70.000000 100.000000
v -90.000000 75.000000 100.000000
v -90.000000 80.000000 100.000000
v -90.000000 85.000000 100.000000
v -90.000000 90.000000 100.000000
v -90.000000 95.000000 100.000000
v -90.000000 100.000000 100.000000
v -85.000000 -100.000000 100.000000
v -85.000000 -95.000000 100.000000
v -85.000000 -90.000000 100.000000
v -85.000000 -85.000000 100.000000
v -85.000000 -80.000000 100.000000
v -85.000000 -75.000000 100.000000
v -85.000000 -70.000000 100.000000
v -85.000000 -65.000000 100.000000
v -85.000000 -60.000000 100.000000
v -85.000000 -55.000000 100.000000
v -85.000000 -50.000000 100.000000
v -85.000000 -45.000000 100.000000
v -85.000000 -40.000000 100.000000
v -85.000000 -35.000000 100.000000
v -85.000000 -30.000000 100.000000
v -85.000000 -25.000000 100.000000
v -85.000000 -20.000000 100.000000
v -85.000000 -15.000000 100.000000
v -85.000000 -10.000000 100.000000
v -85.000000 -5.000000 100.000000
v -85.000000 0.000000 100.000000
v -85.000000 5.000000 100.000000
v -85.000000 10.000000 100.000000
v -85.000000 15.000000 100.000000
v -85.000000 20.000000 100.000000
v -85.000000 25.000000 100.000000
v -85.000000 30.000000 100.000000
v -85.000000 35.000000 100.000000
v -85.000000 40.000000 100.000000
v -85.000000 45.000000 100.000000
v -85.000000 50.000000 100.000000
v -85.000000 55.000000 100.000000
v -85.000000 60.000000 100.000000
v -85.000000 65.000000 100.000000
v -85.000000 70.000000 100.000000
v -85.000000 75.000000 100.000000
v -85.000000 80.000000 100.000000
v -85.000000 85.000000 100.000000
v -85.000000 90.000000 100.000000
v -85.000000 95.000000 100.000000
v -85.000000 100.000000 100.000000
v -80.000000 -100.000000 100.000000
v -80.000000 -95.000000 100.000000
v -80.000000 -90.000000 100.000000
v -80.000000 -85.000000 100.000000
v -80.000000 -80.000000 100.000000
v -80.000000 -75.000000 100.000000
v -80.000000 -70.000000 100.000000
v -80.000000 -65.000000 100.000000
v -80.000000 -60.000000 100.000000
v -80.000000 -55.000000 100.000000
v -80.000000 -50.000000 100.000000
v -80.000000 -45.000000 100.000000
v -80.000000 -40.000000 100.000000
v -80.000000 -35.000000 100.000000
v -80.000000 -30.000000 100.000000
v -80.000000 -25.000000 100.000000
v -80.000000 -20.000000 100.000000
v -80.000000 -15.000000 100.000000
v -80.000000 -10.000000 100.000000
v -80.000000 -5.000000 100.000000
v -80.000000 0.000000 100.000000
v -80.000000 5.000000 100.000000
v -80.000000 10.000000 100.000000
v -80.000000 15.000000 100.000000
v -80.000000 20.000000 100.000000
v -80.000000 25.000000 100.000000
v -80.000000 30.000000 100.000000
v -80.000000 35.000000 100.000000
v -80.000000 40.000000 100.000000
v -80.000000 45.000000 100.000000
v -80.000000 50.000000 100.000000
v -80.000000 55.000000 100.000000
v -80.000000 60.000000 100.000000
v -80.000000 65.000000 100.000000
v -80.000000 70.000000 100.000000
v -80.000000 75.000000 100.000000
v -80.000000 80.000000 100.000000
v -80.000000 85.000000 100.000000
v -80.000000 90.000000 100.000000
v -80.000000 95.000000 100.000000
v -80.000000 100.000000 100.000000
v -75.000000 -100.000000 100.000000
v -75.000000 -95.000000 100.000000
v -75.000000 -90.000000 100.000000
v -75.000000 -85.000000 100.000000
v -75.000000 -80.000000 100.000000
v -75.000000 -75.000000 100.000000
v -75.000000 -70.000000 100.000000
v -75.000000 -65.000000 100.000000
v -75.000000 -60.000000 100.000000
v -75.000000 -55.000000 100.000000
v -75.000000 -50.000000 100.000000
v -75.000000 -45.000000 100.000000
v -75.000000 -40.000000 100.000000
v -75.000000 -35.000000 100.000000
v -75.000000 -30.000000 100.000000
v -75.000000 -25.000000 100.000000
v -75.000000 -20.000000 100.000000
v -75.000000 -15.000000 100.000000
v -75.000000 -10.000000 100.000000
v -75.000000 -5.000000 100.000000
v -75.000000 0.000000 100.000000
v -75.000000 5.000000 100.000000
v -75.000000 10.000000 100.000000
v -75.000000 15.000000 100.000000
v -75.000000 20.000000 100.000000
v -75.000000 25.000000 100.000000
v -75.000000 30.000000 100.000000
v -75.000000 35.000000 100.000000
v -75.000000 40.000000 100.000000
v -75.000000 45.000000 100.000000
v -75.000000 50.000000 100.000000
v -75.000000 55.000000 100.000000
v -75.000000 60.000000 100.000000
v -75.000000 65.000000 100.000000
v -75.000000 70.000000 100.000000
v -75.000000 75.000000 100.000000
v -75.000000 80.000000 100.000000
v -75.000000 85.000000 100.000000
v -75.000000 90.000000 100.000000
v -75.000000 95.000000 100.000000
v -75.000000 100.000000 100.000000
v -70.000000 -100.000000 100.000000
v -70.000000 -95.000000 100.000000
v -70.000000 -90.000000 100.000000
v -70.000000 -85.000000 100.000000
v -70.000000 -80.000000 100.000000
v -70.000000 -75.000000 100.000000
v -70.000000 -70.000000 100.000000
v -70.000000 -65.000000 100.000000
v -70.000000 -60.000000 100.000000
v -70.000000 -55.000000 100.000000
v -70.000000 -50.000000 100.000000
v -70.000000 -45.000000 100.000000
v -70.000000 -40.000000 100.000000
v -70.000000 -35.000000 100.000000
v -70.000000 -30.000000 100.000000
v -70.000000 -25.000000 100.000000
v -70.000000 -20.000000 100.000000
v -70.000000 -15.000000 100.000000
v -70.000000 -10.000000 100.000000
v -70.000000 -5.000000 100.000000
v -70.000000 0.000000 100.000000
v -70.000000 5.000000 100.000000
v -70.000000 10.000000 100.000000
v -70.000000 15.000000 100.000000
v -70.000000 20.000000 100.000000
v -70.000000 25.000000 100.000000
v -70.000000 30.000000 100.000000
v -70.000000 35.000000 100.000000
v -70.000000 40.000000 100.000000
v -70.000000 45.000000 100.000000
v -70.000000 50.000000 100.000000
v -70.000000 55.000000 100.000000
v -70.000000 60.000000 100.000000
v -70.000000 65.000000 100.000000
v -70.000000 70.000000 100.000000
v -70.000000 75.000000 100.000000
v -70.000000 80.000000 100.000000
v -70.000000 85.000000 100.000000
v -70.000000 90.000000 100.000000
v -70.000000 95.000000 100.000000
v -70.000000 100.000000 100.000000
v -65.000000 -100.000000 100.000000
v -65.000000 -95.000000 100.000000
v -65.000000 -90.000000 100.000000
v -65.000000 -85.000000 100.000000
v -65.000000 -80.000000 100.000000
v -65.000000 -75.000000 100.000000
v -65.000000 -70.000000 100.000000
v -65.000000 -65.000000 100.000000
v -65.000000 -60.000000 100.000000
v -65.000000 -55.000000 100.000000
v -65.000000 -50.000000 100.000000
v -65.000000 -45.000000 100.000000
v -65.000000 -40.000000 100.000000
v -65.000000 -35.000000 100.000000
v -65.000000 -30.000000 100.000000
v -65.000000 -25.000000 100.000000
v -65.000000 -20.000000 100.000000
v -65.000000 -15.000000 100.000000
v -65.000000 -10.000000 100.000000
v -65.000000 -5.000000 100.000000
v -65.000000 0.000000 100.000000
v -65.000000 5.000000 100.000000
v -65.000000 10.000000 100.000000
v -65.000000 15.000000 100.000000
v -65.000000 20.000000 100.000000
v -65.000000 25.000000 100.000000
v -65.000000 30.000000 100.000000
v -65.000000 35.000000 100.000000
v -65.000000 40.000000 100.000000
v -65.000000 45.000000 100.000000
v -65.000000 50.000000 100.000000
v -65.000000 55.000000 100.000000
v -65.000000 60.000000 100.000000
v -65.000000 65.000000 100.000000
v -65.000000 70.000000 100.000000
v -65.000000 75.000000 100.000000
v -65.000000 80.000000 100.000000
v -65.000000 85.000000 100.000000
v -65.000000 90.000000 100.000000
v -65.000000 95.000000 100.000000
v -65.000000 100.000000 100.000000
v -60.000000 -100.000000 100.000000
v -60.000000 -95.000000 100.000000
v -60.000000 -90.000000 100.000000
v -60.000000 -85.000000 100.000000
v -60.000000 -80.000000 100.000000
v -60.000000 -75.000000 100.000000
v -60.000000 -70.000000 100.000000
v -60.000000 -65.000000 100.000000
v -60.000000 -60.000000 100.000000
v -60.000000 -55.000000 100.000000
v -60.000000 -50.000000 100.000000
v -60.000000 -45.000000 100.000000
v -60.000000 -40.000000 100.000000
v -60.000000 -35.000000 100.000000
v -60.000000 -30.000000 100.000000
v -60.000000 -25.000000 100.000000
v -60.000000 -20.000000 100.000000
v -60.000000 -15.000000 100.000000
v -60.000000 -10.000000 100.000000
v -60.000000 -5.000000 100.000000
v -60.000000 0.000000 100.000000
v -60.000000 5.000000 100.000000
v -60.000000 10.000000 100.000000
v -60.000000 15.000000 100.000000
v -60.000000 20.000000 100.000000
v -60.000000 25.000000 100.000000
v -60.000000 30.000000 100.000000
v -60.000000 35.000000 100.000000
v -60.000000 40.000000 100.000000
v -60.000000 45.000000 100.000000
v -60.000000 50.000000 100.000000
v -60.000000 55.000000 100.000000
v -60.000000 60.000000 100.000000
v -60.000000 65.000000 100.000000
v -60.000000 70.000000 100.000000
v -60.000000 75.000000 100.000000
v -60.000000 80.000000 100.000000
v -60.000000 85.000000 100.000000
v -60.000000 90.000000 100.000000
v -60.000000 95.000000 100.000000
v -60.000000 100.000000 100.000000
v -55.000000 -100.000000 100.000000
v -55.000000 -95.000000 100.000000
v -55.000000 -90.000000 100.000000
v -55.000000 -85.000000 100.000000
v -55.000000 -80.000000 100.000000
v -55.000000 -75.000000 100.000000
v -55.000000 -70.000000 100.000000
v -55.000000 -65.000000 100.000000
v -55.000000 -60.000000 100.000000
v -55.000000 -55.000000 100.000000
v -55.000000 -50.000000 100.000000
v -55.000000 -45.000000 100.000000
v -55.000000 -40.000000 100.000000
v -55.000000 -35.000000 100.000000
v -55.000000 -30.000000 100.000000
v -55.000000 -25.000000 100.000000
v -55.000000 -20.000000 100.000000
v -55.000000 -15.000000 100.000000
v -55.000000 -10.000000 100.000000
v -55.000000 -5.000000 100.000000
v -55.000000 0.000000 100.000000
v -55.000000 5.000000 100.000000
v -55.000000 10.000000 100.000000
v -55.000000 15.000000 100.000000
v -55.000000 20.000000 100.000000
v -55.000000 25.000000 100.000000
v -55.000000 30.000000 100.000000
v -55.000000 35.000000 100.000000
v -55.000000 40.000000 100.000000
v -55.000000 45.000000 100.000000
v -55.000000 50.000000 100.000000
v -55.000000 55.000000 100.000000
v -55.000000 60.000000 100.000000
v -55.000000 65.000000 100.000000
v -55.000000 70.000000 100.000000
v -55.000000 75.000000 100.000000
v -55.000000 80.000000 100.000000
v -55.000000 85.000000 100.000000
v -55.000000 90.000000 100.000000
v -55.000000 95.000000 100.000000
v -55.000000 100.000000 100.000000
v -50.000000 -100.000000 100.000000
v -50.000000 -95.000000 100.000000
v -50.000000 -90.000000 100.000000
v -50.000000 -85.000000 100.000000
v -50.000000 -80.000000 100.000000
v -50.000000 -75.000000 100.000000
v -50.000000 -70.000000 100.000000
v -50.000000 -65.000000 100.000000
v -50.000000 -60.000000 100.000000
v -50.000000 -55.000000 100.000000
v -50.000000 -50.000000 100.000000
v -50.000000 -45.000000 100.000000
v -50.000000 -40.000000 100.000000
v -50.000000 -35.000000 100.000000
v -50.000000 -30.000000 100.000000
v -50.000000 -25.000000 100.000000
v -50.000000 -20.000000 100.000000
v -50.000000 -15.000000 100.000000
v -50.000000 -10.000000 100.000000
v -50.000000 -5.000000 100.000000
v -50.000000 0.000000 100.000000
v -50.000000 5.000000 100.000000
v -50.000000 10.000000 100.000000
v -50.000000 15.000000 100.000000
v -50.000000 20.000000 100.000000
v -50.000000 25.000000 100.000000
v -50.000000 30.000000 100.000000
v -50.000000 35.000000 100.000000
v -50.000000 40.000000 100.000000
v -50.000000 45.000000 100.000000
v -50.000000 50.000000 100.000000
v -50.000000 55.000000 100.000000
v -50.000000 60.000000 100.000000
v -50.000000 65.000000 100.000000
v -50.000000 70.000000 100.000000
v -50.000000 75.000000 100.000000
v -50.000000 80.000000 100.000000
v -50.000000 85.000000 100.000000
v -50.000000 90.000000 100.000000
v -50.000000 95.000000 100.000000
v -50.000000 100.000000 100.000000
v -45.000000 -100.000000 100.000000
v -45.000000 -95.000000 100.000000
v -45.000000 -90.000000 100.000000
v -45.000000 -85.000000 100.000000
v -45.000000 -80.000000 100.000000
v -45.000000 -75.000000 100.000000
v -45.000000 -70.000000 100.000000
v -45.000000 -65.000000 100.000000
v -45.000000 -60.000000 100.000000
v -45.000000 -55.000000 100.000000
v -45.000000 -50.000000 100.000000
v -45.000000 -45.000000 100.000000
v -45.000000 -40.000000 100.000000
v -45.000000 -35.000000 100.000000
v -45.000000 -30.000000 100.000000
v -45.000000 -25.000000 100.000000
v -45.000000 -20.000000 100.000000
v -45.000000 -15.000000 100.000000
v -45.000000 -10.000000 100.000000
v -45.000000 -5.000000 100.000000
v -45.000000 0.000000 100.000000
v -45.000000 5.000000 100.000000
v -45.000000 10.000000 100.000000
v -45.000000 15.000000 100.000000
v -45.000000 20.000000 100.000000
v -45.000000 25.000000 100.000000
v -45.000000 30.000000 100.000000
v -45.000000 35.000000 100.000000
v -45.000000 40.000000 100.000000
v -45.000000 45.000000 100.000000
v -45.000000 50.000000 100.000000
v -45.000000 55.000000 100.000000
v -45.000000 60.000000 100.000000
v -45.000000 65.000000 100.000000
v -45.000000 70.000000 100.000000
v -45.000000 75.000000 100.000000
v -45.000000 80.000000 100.000000
v -45.000000 85.000000 100.000000
v -45.000000 90.000000 100.000000
v -45.000000 95.000000 100.000000
v -45.000000 100.000000 100.000000
v -40.000000 -100.000000 100.000000
v -40.000000 -95.000000 100.000000
v -40.000000 -90.000000 100.000000
v -40.000000 -85.000000 100.000000
v -40.000000 -80.000000 100.000000
v -40.000000 -75.000000 100.000000
v -40.000000 -70.000000 100.000000
v -40.000000 -65.000000 100.000000
v -40.000000 -60.000000 100.000000
v -40.000000 -55.000000 100.000000
v -40.000000 -50.000000 100.000000
v -40.000000 -45.000000 100.000000
v -40.000000 -40.000000 100.000000
v -40.000000 -35.000000 100.000000
v -40.000000 -30.000000 100.000000
v -40.000000 -25.000000 100.000000
v -40.000000 -20.000000 100.000000
v -40.000000 -15.000000 100.000000
v -40.000000 -10.000000 100.000000
v -40.000000 -5.000000 100.000000
v -40.000000 0.000000 100.000000
v -40.000000 5.000000 100.000000
v -40.000000 10.000000 100.000000
v -40.000000 15.000000 100.000000
v -40.000000 20.000000 100.000000
v -40.000000 25.000000 100.000000
v -40.000000 30.000000 100.000000
v -40.000000 35.000000 100.000000
v -40.000000 40.000000 100.000000
v -40.000000 45.000000 100.000000
v -40.000000 50.000000 100.000000
v -40.000000 55.000000 100.000000
v -40.000000 60.000000 100.000000
v -40.000000 65.000000 100.000000
v -40.000000 70.000000 100.000000
v -40.000000 75.000000 100.000000
v -40.000000 80.000000 100.000000
v -40.000000 85.000000 100.000000
v -40.000000 90.000000 100.000000
v -40.000000 95.000000 100.000000
v -40.000000 100.000000 100.000000
v -35.000000 -100.000000 100.000000
v -35.000000 -95.000000 100.000000
v -35.000000 -90.000000 100.000000
v -35.000000 -85.000000 100.000000
v -35.000000 -80.000000 100.000000
v -35.000000 -75.000000 100.000000
v -35.000000 -70.000000 100.000000
v -35.000000 -65.000000 100.000000
v -35.000000 -60.000000 100.000000
v -35.000000 -55.000000 100.000000
v -35.000000 -50.000000 100.000000
v -35.000000 -45.000000 100.000000
v -35.000000 -40.000000 100.000000
v -35.000000 -35.000000 100.000000
v -35.000000 -30.000000 100.000000
v -35.000000 -25.000000 100.000000
v -35.000000 -20.000000 100.000000
v -35.000000 -15.000000 100.000000
v -35.000000 -10.000000 100.000000
v -35.000000 -5.000000 100.000000
v -35.000000 0.000000 100.000000
v -35.000000 5.000000 100.000000
v -35.000000 10.000000 100.000000
v -35.000000 15.000000 100.000000
v -35.000000 20.000000 100.000000
v -35.000000 25.000000 100.000000
v -35.000000 30.000000 100.000000
v -35.000000 35.000000 100.000000
v -35.000000 40.000000 100.000000
v -35.000000 45.000000 100.000000
v -35.000000 50.000000 100.000000
v -35.000000 55.000000 100.000000
v -35.000000 60.000000 100.000000
v -35.000000 65.000000 100.000000
v -35.000000 70.000000 100.000000
v -35.000000 75.000000 100.000000
v -35.000000 80.000000 100.000000
v -35.000000 85.000000 100.000000
v -35.000000 90.000000 100.000000
v -35.000000 95.000000 100.000000
v -35.000000 100.000000 100.000000
v -30.000000 -100.000000 100.000000
v -30.000000 -95.000000 100.000000
v -30.000000 -90.000000 100.000000
v -30.000000 -85.000000 100.000000
v -30.000000 -80.000000 100.000000
v -30.000000 -75.000000 100.000000
v -30.000000 -70.000000 100.000000
v -30.000000 -65.000000 100.000000
v -30.000000 -60.000000 100.000000
v -30.000000 -55.000000 100.000000
v -30.000000 -50.000000 100.000000
v -30.000000 -45.000000 100.000000
v -30.000000 -40.000000 100.000000
v -30.000000 -35.000000 100.000000
v -30.000000 -30.000000 100.000000
v -30.000000 -25.000000 100.000000
v -30.000000 -20.000000 100.000000
v -30.000000 -15.000000 100.000000
v -30.000000 -10.000000 100.000000
v -30.000000 -5.000000 100.000000
v -30.000000 0.000000 100.000000
v -30.000000 5.000000 100.000000
v -30.000000 10.000000 100.000000
v -30.000000 15.000000 100.000000
v -30.000000 20.000000 100.000000
v -30.000000 25.000000 100.000000
v -30.000000 30.000000 100.000000
v -30.000000 35.000000 100.000000
v -30.000000 40.000000 100.000000
v -30.000000 45.000000 100.000000
v -30.000000 50.000000 100.000000
v -30.000000 55.000000 100.000000
v -30.000000 60.000000 100.000000
v -30.000000 65.000000 100.000000
v -30.000000 70.000000 100.000000
v -30.000000 75.000000 100.000000
v -30.000000 80.000000 100.000000
v -30.000000 85.000000 100.000000
v -30.000000 90.000000 100.000000
v -30.000000 95.000000 100.000000
v -30.000000 100.000000 100.000000
v -25.000000 -100.000000 100.000000
v -25.000000 -95.000000 100.000000
v -25.000000 -90.000000 100.000000
v -25.000000 -85.000000 100.000000
v -25.000000 -80.000000 100.000000
v -25.000000 -75.000000 100.000000
v -25.000000 -70.000000 100.000000
v -25.000000 -65.000000 100.000000
v -25.000000 -60.000000 100.000000
v -25.000000 -55.000000 100.000000
v -25.000000 -50.000000 100.000000
v -25.000000 -45.000000 100.000000
v -25.000000 -40.000000 100.000000
v -25.000000 -35.000000 100.000000
v -25.000000 -30.000000 100.000000
v -25.000000 -25.000000 100.000000
v -25.000000 -20.000000 100.000000
v -25.000000 -15.000000 100.000000
v -25.000000 -10.000000 100.000000
v -25.000000 -5.000000 100.000000
v -25.000000 0.000000 100.000000
v -25.000000 5.000000 100.000000
v -25.000000 10.000000 100.000000
v -25.000000 15.000000 100.000000
v -25.000000 20.000000 100.000000
v -25.000000 25.000000 100.000000
v -25.000000 30.000000 100.000000
v -25.000000 35.000000 100.000000
v -25.000000 40.000000 100.000000
v -25.000000 45.000000 100.000000
v -25.000000 50.000000 100.000000
v -25.000000 55.000000 100.000000
v -25.000000 60.000000 100.000000
v -25.000000 65.000000 100.000000
v -25.000000 70.000000 100.000000
v -25.000000 75.000000 100.000000
v -25.000000 80.000000 100.000000
v -25.000000 85.000000 100.000000
v -25.000000 90.000000 100.000000
v -25.000000 95.000000 100.000000
v -25.000000 100.000000 100.000000
v -20.000000 -100.000000 100.000000
v -20.000000 -95.000000 100.000000
v -20.000000 -90.000000 100.000000
v -20.000000 -85.000000 100.000000
v -20.000000 -80.000000 100.000000
v -20.000000 -75.000000 100.000000
v -20.000000 -70.000000 100.000000
v -20.000000 -65.000000 100.000000
v -20.000000 -60.000000 100.000000
v -20.000000 -55.000000 100.000000
v -20.000000 -50.000000 100.000000
v -20.000000 -45.000000 100.000000
v -20.000000 -40.000000 100.000000
v -20.000000 -35.000000 100.000000
v -20.000000 -30.000000 100.000000
v -20.000000 -25.000000 100.000000
v -20.000000 -20.000000 100.000000
v -20.000000 -15.000000 100.000000
v -20.000000 -10.000000 100.000000
v -20.000000 -5.000000 100.000000
v -20.000000 0.000000 100.000000
v -20.000000 5.000000 100.000000
v -20.000000 10.000000 100.000000
v -20.000000 15.000000 100.000000
v -20.000000 20.000000 100.000000
v -20.000000 25.000000 100.000000
v -20.000000 30.000000 100.000000
v -20.000000 35.000000 100.000000
v -20.000000 40.000000 100.000000
v -20.000000 45.000000 100.000000
v -20.000000 50.000000 100.000000
v -20.000000 55.000000 100.000000
v -20.000000 60.000000 100.000000
v -20.000000 65.000000 100.000000
v -20.000000 70.000000 100.000000
v -20.000000 75.000000 100.000000
v -20.000000 80.000000 100.000000
v -20.000000 85.000000 100.000000
v -20.000000 90.000000 100.000000
v -20.000000 95.000000 100.000000
v -20.000000 100.000000 100.000000
v -15.000000 -100.000000 100.000000
v -15.000000 -95.000000 100.000000
v -15.000000 -90.000000 100.000000
v -15.000000 -85.000000 100.000000
v -15.000000 -80.000000 100.000000
v -15.000000 -75.000000 100.000000
v -15.000000 -70.000000 100.000000
v -15.000000 -65.000000 100.000000
v -15.000000 -60.000000 100.000000
v -15.000000 -55.000000 100.000000
v -15.000000 -50.000000 100.000000
v -15.000000 -45.000000 100.000000
v -15.000000 -40.000000 100.000000
v -15.000000 -35.000000 100.000000
v -15.000000 -30.000000 100.000000
v -15.000000 -25.000000 100.000000
v -15.000000 -20.000000 100.000000
v -15.000000 -15.000000 100.000000
v -15.000000 -10.000000 100.000000
v -15.000000 -5.000000 100.000000
v -15.000000 0.000000 100.000000
v -15.000000 5.000000 100.000000
v -15.000000 10.000000 100.000000
v -15.000000 15.000000 100.000000
v -15.000000 20.000000 100.000000
v -15.000000 25.000000 100.000000
v -15.000000 30.000000 100.000000
v -15.000000 35.000000 100.000000
v -15.000000 40.000000 100.000000
v -15.000000 45.000000 100.000000
v -15.000000 50.000000 100.000000
v -15.000000 55.000000 100.000000
v -15.000000 60.000000 100.000000
v -15.000000 65.000000 100.000000
v -15.000000 70.000000 100.000000
v -15.000000 75.000000 100.000000
v -15.000000 80.000000 100.000000
v -15.000000 85.000000 100.000000
v -15.000000 90.000000 100.000000
v -15.000000 95.000000 100.000000
v -15.000000 100.000000 100.000000
v -10.000000 -100.000000 100.000000
v -10.000000 -95.000000 100.000000
v -10.000000 -90.000000 100.000000
v -10.000000 -85.000000 100.000000
v -10.000000 -80.000000 100.000000
v -10.000000 -75.000000 100.000000
v -10.000000 -70.000000 100.000000
v -10.000000 -65.000000 100.000000
v -10.000000 -60.000000 100.000000
v -10.000000 -55.000000 100.000000
v -10.000000 -50.000000 100.000000
v -10.000000 -45.000000 100.000000
v -10.000000 -40.000000 100.000000
v -10.000000 -35.000000 100.000000
v -10.000000 -30.000000 100.000000
v -10.000000 -25.000000 100.000000
v -10.000000 -20.000000 100.000000
v -10.000000 -15.000000 100.000000
v -10.000000 -10.000000 100.000000
v -10.000000 -5.000000 100.000000
v -10.000000 0.000000 100.000000
v -10.000000 5.000000 100.000000
v -10.000000 10.000000 100.000000
v -10.000000 15.000000 100.000000
v -10.000000 20.000000 100.000000
v -10.000000 25.000000 100.000000
v -10.000000 30.000000 100.000000
v -10.000000 35.000000 100.000000
v -10.000000 40.000000 100.000000
v -10.000000 45.000000 100.000000
v -10.000000 50.000000 100.000000
v -10.000000 55.000000 100.000000
v -10.000000 60.000000 100.000000
v -10.000000 65.000000 100.000000
v -10.000000 70.000000 100.000000
v -10.000000 75.000000 100.000000
v -10.000000 80.000000 100.000000
v -10.000000 85.000000 100.000000
v -10.000000 90.000000 100.000000
v -10.000000 95.000000 100.000000
v -10.000000 100.000000 100.000000
v -5.000000 -100.000000 100.000000
v -5.000000 -95.000000 100.000000
v -5.000000 -90.000000 100.000000
v -5.000000 -85.000000 100.000000
v -5.000000 -80.000000 100.000000
v -5.000000 -75.000000 100.000000
v -5.000000 -70.000000 100.000000
v -5.000000 -65.000000 100.000000
v -5.000000 -60.000000 100.000000
v -5.000000 -55.000000 100.000000
v -5.000000 -50.000000 100.000000
v -5.000000 -45.000000 100.000000
v -5.000000 -40.000000 100.000000
v -5.000000 -35.000000 100.000000
v -5.000000 -30.000000 100.000000
v -5.000000 -25.000000 100.000000
v -5.000000 -20.000000 100.000000
v -5.000000 -15.000000 100.000000
v -5.000000 -10.000000 100.000000
v -5.000000 -5.000000 100.000000
v -5.000000 0.000000 100.000000
v -5.000000 5.000000 100.000000
v -5.000000 10.000000 100.000000
v -5.000000 15.000000 100.000000
v -5.000000 20.000000 100.000000
v -5.000000 25.000000 100.000000
v -5.000000 30.000000 100.000000
v -5.000000 35.000000 100.000000
v -5.000000 40.000000 100.000000
v -5.000000 45.000000 100.000000
v -5.000000 50.000000 100.000000
v -5.000000 55.000000 100.000000
v -5.000000 60.000000 100.000000
v -5.000000 65.000000 100.000000
v -5.000000 70.000000 100.000000
v -5.000000 75.000000 100.000000
v -5.000000 80.000000 100.000000
v -5.000000 85.000000 100.000000
v -5.000000 90.000000 100.000000
v -5.000000 95.000000 100.000000
v -5.000000 100.000000 100.000000
v 0.000000 -100.000000 100.000000
v 0.000000 -95.000000 100.000000
v 0.000000 -90.000000 100.000000
v 0.000000 -85.000000 100.000000
v 0.000000 -80.000000 100.000000
v 0.000000 -75.000000 100.000000
v 0.000000 -70.000000 100.000000
v 0.000000 -65.000000 100.000000
v 0.000000 -60.000000 100.000000
v 0.000000 -55.000000 100.000000
v 0.000000 -50.000000 100.000000
v 0.000000 -45.000000 100.000000
v 0.000000 -40.000000 100.000000
v 0.000000 -35.000000 100.000000
v 0.000000 -30.000000 100.000000
v 0.000000 -25.000000 100.000000
v 0.000000 -20.000000 100.000000
v 0.000000 -15.000000 100.000000
v 0.000000 -10.000000 100.000000
v 0.000000 -5.000000 100.000000
v 0.000000 0.000000 100.000000
v 0.000000 5.000000 100.000000
v 0.000000 10.000000 100.000000
v 0.000000 15.000000 100.000000
v 0.000000 20.000000 100.000000
v 0.000000 25.000000 100.000000
v 0.000000 30.000000 100.000000
v 0.000000 35.000000 100.000000
v 0.000000 40.000000 100.000000
v 0.000000 45.000000 100.000000
v 0.000000 50.000000 100.000000
v 0.000000 55.000000 100.000000
v 0.000000 60.000000 100.000000
v 0.000000 65.000000 100.000000
v 0.000000 70.000000 100.000000
v 0.000000 75.000000 100.000000
v 0.000000 80.000000 100.000000
v 0.000000 85.000000 100.000000
v 0.000000 90.000000 100.000000
v 0.000000 95.000000 100.000000
v 0.000000 100.000000 100.000000
v 5.000000 -100.000000 100.000000
v 5.000000 -95.000000 100.000000
v 5.000000 -90.000000 100.000000
v 5.000000 -85.000000 100.000000
v 5.000000 -80.000000 100.000000
v 5.000000 -75.000000 100.000000
v 5.000000 -70.000000 100.000000
v 5.000000 -65.000000 100.000000
v 5.000000 -60.000000 100.000000
v 5.000000 -55.000000 100.000000
v 5.000000 -50.000000 100.000000
v 5.000000 -45.000000 100.000000
v 5.000000 -40.000000 100.000000
v 5.000000 -35.000000 100.000000
v 5.000000 -30.000000 100.000000
v 5.000000 -25.000000 100.000000
v 5.000000 -20.000000 100.000000
v 5.000000 -15.000000 100.000000
v 5.000000 -10.000000 100.000000
v 5.000000 -5.000000 100.000000
v 5.000000 0.000000 100.000000
v 5.000000 5.000000 100.000000
v 5.000000 10.000000 100.000000
v 5.000000 15.000000 100.000000
v 5.000000 20.000000 100.000000
v 5.000000 25.000000 100.000000
v 5.000000 30.000000 100.000000
v 5.000000 35.000000 100.000000
v 5.000000 40.000000 100.000000
v 5.000000 45.000000 100.000000
v 5.000000 50.000000 100.000000
v 5.000000 55.000000 100.000000
v 5.000000 60.000000 100.000000
v 5.000000 65.000000 100.000000
v 5.000000 70.000000 100.000000
v 5.000000 75.000000 100.000000
v 5.000000 80.000000 100.000000
v 5.000000 85.000000 100.000000
v 5.000000 90.000000 100.000000
v 5.000000 95.000000 100.000000
v 5.000000 100.000000 100.000000
v 10.000000 -100.000000 100.000000
v 10.000000 -95.000000 100.000000
v 10.000000 -90.000000 100.000000
v 10.000000 -85.000000 100.000000
v 10.000000 -80.000000 100.000000
v 10.000000 -75.000000 100.000000
v 10.000000 -70.000000 100.000000
v 10.000000 -65.000000 100.000000
v 10.000000 -60.000000 100.000000
v 10.000000 -55.000000 100.000000
v 10.000000 -50.000000 100.000000
v 10.000000 -45.000000 100.000000
v 10.000000 -40.000000 100.000000
v 10.000000 -35.000000 100.000000
v 10.000000 -30.000000 100.000000
v 10.000000 -25.000000 100.000000
v 10.000000 -20.000000 100.000000
v 10.000000 -15.000000 100.000000
v 10.000000 -10.000000 100.000000
v 10.000000 -5.000000 100.000000
v 10.000000 0.000000 100.000000
v 10.000000 5.000000 100.000000
v 10.000000 10.000000 100.000000
v 10.000000 15.000000 100.000000
v 10.000000 20.000000 100.000000
v 10.000000 25.000000 100.000000
v 10.000000 30.000000 100.000000
v 10.000000 35.000000 100.000000
v 10.000000 40.000000 100.000000
v 10.000000 45.000000 100.000000
v 10.000000 50.000000 100.000000
v 10.000000 55.000000 100.000000
v 10.000000 60.000000 100.000000
v 10.000000 65.000000 100.000000
v 10.000000 70.000000 100.000000
v 10.000000 75.000000 100.000000
v 10.000000 80.000000 100.000000
v 10.000000 85.000000 100.000000
v 10.000000 90.000000 100.000000
v 10.000000 95.000000 100.000000
v 10.000000 100.000000 100.000000
v 15.000000 -100.000000 100.000000
v 15.000000 -95.000000 100.000000
v 15.000000 -90.000000 100.000000
v 15.000000 -85.000000 100.000000
v 15.000000 -80.000000 100.000000
v 15.000000 -75.000000 100.000000
v 15.000000 -70.000000 100.000000
v 15.000000 -65.000000 100.000000
v 15.000000 -60.000000 100.000000
v 15.000000 -55.000000 100.000000
v 15.000000 -50.000000 100.000000
v 15.000000 -45.000000 100.000000
v 15.000000 -40.000000 100.000000
v 15.000000 -35.000000 100.000000
v 15.000000 -30.000000 100.000000
v 15.000000 -25.000000 100.000000
v 15.000000 -20.000000 100.000000
v 15.000000 -15.000000 100.000000
v 15.000000 -10.000000 100.000000
v 15.000000 -5.000000 100.000000
v 15.000000 0.000000 100.000000
v 15.000000 5.000000 100.000000
v 15.000000 10.000000 100.000000
v 15.000000 15.000000 100.000000
v 15.000000 20.000000 100.000000
v 15.000000 25.000000 100.000000
v 15.000000 30.000000 100.000000
v 15.000000 35.000000 100.000000
v 15.000000 40.000000 100.000000
v 15.000000 45.000000 100.000000
v 15.000000 50.000000 100.000000
v 15.000000 55.000000 100.000000
v 15.000000 60.000000 100.000000
v 15.000000 65.000000 100.000000
v 15.000000 70.000000 100.000000
v 15.000000 75.000000 100.000000
v 15.000000 80.000000 100.000000
v 15.000000 85.000000 100.000000
v 15.000000 90.000000 100.000000
v 15.000000 95.000000 100.000000
v 15.000000 100.000000 100.000000
v 20.000000 -100.000000 100.000000
v 20.000000 -95.000000 100.000000
v 20.000000 -90.000000 100.000000
v 20.000000 -85.000000 100.000000
v 20.000000 -80.000000 100.000000
v 20.000000 -75.000000 100.000000
v 20.000000 -70.000000 100.000000
v 20.000000 -65.000000 100.000000
v 20.000000 -60.000000 100.000000
v 20.000000 -55.000000 100.000000
v 20.000000 -50.000000 100.000000
v 20.000000 -45.000000 100.000000
v 20.000000 -40.000000 100.000000
v 20.000000 -35.000000 100.000000
v 20.000000 -30.000000 100.000000
v 20.000000 -25.000000 100.000000
v 20.000000 -20.000000 100.000000
v 20.000000 -15.000000 100.000000
v 20.000000 -10.000000 100.000000
v 20.000000 -5.000000 100.000000
v 20.000000 0.000000 100.000000
v 20.000000 5.000000 100.000000
v 20.000000 10.000000 100.000000
v 20.000000 15.000000 100.000000
v 20.000000 20.000000 100.000000
v 20.000000 25.000000 100.000000
v 20.000000 30.000000 100.000000
v 20.000000 35.000000 100.000000
v 20.000000 40.000000 100.000000
v 20.000000 45.000000 100.000000
v 20.000000 50.000000 100.000000
v 20.000000 55.000000 100.000000
v 20.000000 60.000000 100.000000
v 20.000000 65.000000 100.000000
v 20.000000 70.000000 100.000000
v 20.000000 75.000000 100.000000
v 20.000000 80.000000 100.000000
v 20.000000 85.000000 100.000000
v 20.000000 90.000000 100.000000
v 20.000000 95.000000 100.000000
v 20.000000 100.000000 100.000000
v 25.000000 -100.000000 100.000000
v 25.000000 -95.000000 100.000000
v 25.000000 -90.000000 100.000000
v 25.000000 -85.000000 100.000000
v 25.000000 -80.000000 100.000000
v 25.000000 -75.000000 100.000000
v 25.000000 -70.000000 100.000000
v 25.000000 -65.000000 100.000000
v 25.000000 -60.000000 100.000000
v 25.000000 -55.000000 100.000000
v 25.000000 -50.000000 100.000000
v 25.000000 -45.000000 100.000000
v 25.000000 -40.000000 100.000000
v 25.000000 -35.000000 100.000000
v 25.000000 -30.000000 100.000000
v 25.000000 -25.000000 100.000000
v 25.000000 -20.000000 100.000000
v 25.000000 -15.000000 100.000000
v 25.000000 -10.000000 100.000000
v 25.000000 -5.000000 100.000000
v 25.000000 0.000000 100.000000
v 25.000000 5.000000 100.000000
v 25.000000 10.000000 100.000000
v 25.000000 15.000000 100.000000
v 25.000000 20.000000 100.000000
v 25.000000 25.000000 100.000000
v 25.000000 30.000000 100.000000
v 25.000000 35.000000 100.000000
v 25.000000 40.000000 100.000000
v 25.000000 45.000000 100.000000
v 25.000000 50.000000 100.000000
v 25.000000 55.000000 100.000000
v 25.000000 60.000000 100.000000
v 25.000000 65.000000 100.000000
v 25.000000 70.000000 100.000000
v 25.000000 75.000000 100.000000
v 25.000000 80.000000 100.000000
v 25.000000 85.000000 100.000000
v 25.000000 90.000000 100.000000
v 25.000000 95.000000 100.000000
v 25.000000 100.000000 100.000000
v 30.000000 -100.000000 100.000000
v 30.000000 -95.000000 100.000000
v 30.000000 -90.000000 100.000000
v 30.000000 -85.000000 100.000000
v 30.000000 -80.000000 100.000000
v 30.000000 -75.000000 100.000000
v 30.000000 -70.000000 100.000000
v 30.000000 -65.000000 100.000000
v 30.000000 -60.000000 100.000000
v 30.000000 -55.000000 100.000000
v 30.000000 -50.000000 100.000000
v 30.000000 -45.000000 100.000000
v 30.000000 -40.000000 100.000000
v 30.000000 -35.000000 100.000000
v 30.000000 -30.000000 100.000000
v 30.000000 -25.000000 100.000000
v 30.000000 -20.000000 100.000000
v 30.000000 -15.000000 100.000000
v 30.000000 -10.000000 100.000000
v 30.000000 -5.000000 100.000000
v 30.000000 0.000000 100.000000
v 30.000000 5.000000 100.000000
v 30.000000 10.000000 100.000000
v 30.000000 15.000000 100.000000
v 30.000000 20.000000 100.000000
v 30.000000 25.000000 100.000000
v 30.000000 30.000000 100.000000
v 30.000000 35.000000 100.000000
v 30.000000 40.000000 100.000000
v 30.000000 45.000000 100.000000
v 30.000000 50.000000 100.000000
v 30.000000 55.000000 100.000000
v 30.000000 60.000000 100.000000
v 30.000000 65.000000 100.000000
v 30.000000 70.000000 100.000000
v 30.000000 75.000000 100.000000
v 30.000000 80.000000 100.000000
v 30.000000 85.000000 100.000000
v 30.000000 90.000000 100.000000
v 30.000000 95.000000 100.000000
v 30.000000 100.000000 100.000000
v 35.000000 -100.000000 100.000000
v 35.000000 -95.000000 100.000000
v 35.000000 -90.000000 100.000000
v 35.000000 -85.000000 100.000000
v 35.000000 -80.000000 100.000000
v 35.000000 -75.000000 100.000000
v 35.000000 -70.000000 100.000000
v 35.000000 -65.000000 100.000000
v 35.000000 -60.000000 100.000000
v 35.000000 -55.000000 100.000000
v 35.000000 -50.000000 100.000000
v 35.000000 -45.000000 100.000000
v 35.000000 -40.000000 100.000000
v 35.000000 -35.000000 100.000000
v 35.000000 -30.000000 100.000000
v 35.000000 -25.000000 100.000000
v 35.000000 -20.000000 100.000000
v 35.000000 -15.000000 100.000000
v 35.000000 -10.000000 100.000000
v 35.000000 -5.000000 100.000000
v 35.000000 0.000000 100.000000
v 35.000000 5.000000 100.000000
v 35.000000 10.000000 100.000000
v 35.000000 15.000000 100.000000
v 35.000000 20.000000 100.000000
v 35.000000 25.000000 100.000000
v 35.000000 30.000000 100.000000
v 35.000000 35.000000 100.000000
v 35.000000 40.000000 100.000000
v 35.000000 45.000000 100.000000
v 35.000000 50.000000 100.000000
v 35.000000 55.000000 100.000000
v 35.000000 60.000000 100.000000
v 35.000000 65.000000 100.000000
v 35.000000 70.000000 100.000000
v 35.000000 75.000000 100.000000
v 35.000000 80.000000 100.000000
v 35.000000 85.000000 100.000000
v 35.000000 90.000000 100.000000
v 35.000000 95.000000 100.000000
v 35.000000 100.000000 100.000000
v 40.000000 -100.000000 100.000000
v 40.000000 -95.000000 100.000000
v 40.000000 -90.000000 100.000000
v 40.000000 -85.000000 100.000000
v 40.000000 -80.000000 100.000000
v 40.000000 -75.000000 100.000000
v 40.000000 -70.000000 100.000000
v 40.000000 -65.000000 100.000000
v 40.000000 -60.000000 100.000000
v 40.000000 -55.000000 100.000000
v 40.000000 -50.000000 100.000000
v 40.000000 -45.000000 100.000000
v 40.000000 -40.000000 100.000000
v 40.000000 -35.000000 100.000000
v 40.000000 -30.000000 100.000000
v 40.000000 -25.000000 100.000000
v 40.000000 -20.000000 100.000000
v 40.000000 -15.000000 100.000000
v 40.000000 -10.000000 100.000000
v 40.000000 -5.000000 100.000000
v 40.000000 0.000000 100.000000
v 40.000000 5.000000 100.000000
v 40.000000 10.000000 100.000000
v 40.000000 15.000000 100.000000
v 40.000000 20.000000 100.000000
v 40.000000 25.000000 100.000000
v 40.000000 30.000000 100.000000
v 40.000000 35.000000 100.000000
v 40.000000 40.000000 100.000000
v 40.000000 45.000000 100.000000
v 40.000000 50.000000 100.000000
v 40.000000 55.000000 100.000000
v 40.000000 60.000000 100.000000
v 40.000000 65.000000 100.000000
v 40.000000 70.000000 100.000000
v 40.000000 75.000000 100.000000
v 40.000000 80.000000 100.000000
v 40.000000 85.000000 100.000000
v 40.000000 90.000000 100.000000
v 40.000000 95.000000 100.000000
v 40.000000 100.000000 100.000000
v 45.000000 -100.000000 100.000000
v 45.000000 -95.000000 100.000000
v 45.000000 -90.000000 100.000000
v 45.000000 -85.000000 100.000000
v 45.000000 -80.000000 100.000000
v 45.000000 -75.000000 100.000000
v 45.000000 -70.000000 100.000000
v 45.000000 -65.000000 100.000000
v 45.000000 -60.000000 100.000000
v 45.000000 -55.000000 100.000000
v 45.000000 -50.000000 100.000000
v 45.000000 -45.000000 100.000000
v 45.000000 -40.000000 100.000000
v 45.000000 -35.000000 100.000000
v 45.000000 -30.000000 100.000000
v 45.000000 -25.000000 100.000000
v 45.000000 -20.000000 100.000000
v 45.000000 -15.000000 100.000000
v 45.000000 -10.000000 100.000000
v 45.000000 -5.000000 100.000000
v 45.000000 0.000000 100.000000
v 45.000000 5.000000 100.000000
v 45.000000 10.000000 100.000000
v 45.000000 15.000000 100.000000
v 45.000000 20.000000 100.000000
v 45.000000 25.000000 100.000000
v 45.000000 30.000000 100.000000
v 45.000000 35.000000 100.000000
v 45.000000 40.000000 100.000000
v 45.000000 45.000000 100.000000
v 45.000000 50.000000 100.000000
v 45.000000 55.000000 100.000000
v 45.000000 60.000000 100.000000
v 45.000000 65.000000 100.000000
v 45.000000 70.000000 100.000000
v 45.000000 75.000000 100.000000
v 45.000000 80.000000 100.000000
v 45.000000 85.000000 100.000000
v 45.000000 90.000000 100.000000
v 45.000000 95.000000 100.000000
v 45.000000 100.000000 100.000000
v 50.000000 -100.000000 100.000000
v 50.000000 -95.000000 100.000000
v 50.000000 -90.000000 100.000000
v 50.000000 -85.000000 100.000000
v 50.000000 -80.000000 100.000000
v 50.000000 -75.000000 100.000000
v 50.000000 -70.000000 100.000000
v 50.000000 -65.000000 100.000000
v 50.000000 -60.000000 100.000000
v 50.000000 -55.000000 100.000000
v 50.000000 -50.000000 100.000000
v 50.000000 -45.000000 100.000000
v 50.000000 -40.000000 100.000000
v 50.000000 -35.000000 100.000000
v 50.000000 -30.000000 100.000000
v 50.000000 -25.000000 100.000000
v 50.000000 -20.000000 100.000000
v 50.000000 -15.000000 100.000000
v 50.000000 -10.000000 100.000000
v 50.000000 -5.000000 100.000000
v 50.000000 0.000000 100.000000
v 50.000000 5.000000 100.000000
v 50.000000 10.000000 100.000000
v 50.000000 15.000000 100.000000
v 50.000000 20.000000 100.000000
v 50.000000 25.000000 100.000000
v 50.000000 30.000000 100.000000
v 50.000000 35.000000 100.000000
v 50.000000 40.000000 100.000000
v 50.000000 45.000000 100.000000
v 50.000000 50.000000 100.000000
v 50.000000 55.000000 100.000000
v 50.000000 60.000000 100.000000
v 50.000000 65.000000 100.000000
v 50.000000 70.000000 100.000000
v 50.000000 75.000000 100.000000
v 50.000000 80.000000 100.000000
v 50.000000 85.000000 100.000000
v 50.000000 90.000000 100.000000
v 50.000000 95.000000 100.000000
v 50.000000 100.000000 100.000000
v 55.000000 -100.000000 100.000000
v 55.000000 -95.000000 100.000000
v 55.000000 -90.000000 100.000000
v 55.000000 -85.000000 100.000000
v 55.000000 -80.000000 100.000000
v 55.000000 -75.000000 100.000000
v 55.000000 -70.000000 100.000000
v 55.000000 -65.000000 100.000000
v 55.000000 -60.000000 100.000000
v 55.000000 -55.000000 100.000000
v 55.000000 -50.000000 100.000000
v 55.000000 -45.000000 100.000000
v 55.000000 -40.000000 100.000000
v 55.000000 -35.000000 100.000000
v 55.000000 -30.000000 100.000000
v 55.000000 -25.000000 100.000000
v 55.000000 -20.000000 100.000000
v 55.000000 -15.000000 100.000000
v 55.000000 -10.000000 100.000000
v 55.000000 -5.000000 100.000000
v 55.000000 0.000000 100.000000
v 55.000000 5.000000 100.000000
v 55.000000 10.000000 100.000000
v 55.000000 15.000000 100.000000
v 55.000000 20.000000 100.000000
v 55.000000 25.000000 100.000000
v 55.000000 30.000000 100.000000
v 55.000000 35.000000 100.000000
v 55.000000 40.000000 100.000000
v 55.000000 45.000000 100.000000
v 55.000000 50.000000 100.000000
v 55.000000 55.000000 100.000000
v 55.000000 60.000000 100.000000
v 55.000000 65.000000 100.000000
v 55.000000 70.000000 100.000000
v 55.000000 75.000000 100.000000
v 55.000000 80.000000 100.000000
v 55.000000 85.000000 100.000000
v 55.000000 90.000000 100.000000
v 55.000000 95.000000 100.000000
v 55.000000 100.000000 100.000000
v 60.000000 -100.000000 100.000000
v 60.000000 -95.000000 100.000000
v 60.000000 -90.000000 100.000000
v 60.000000 -85.000000 100.000000
v 60.000000 -80.000000 100.000000
v 60.000000 -75.000000 100.000000
v 60.000000 -70.000000 100.000000
v 60.000000 -65.000000 100.000000
v 60.000000 -60.000000 100.000000
v 60.000000 -55.000000 100.000000
v 60.000000 -50.000000 100.000000
v 60.000000 -45.000000 100.000000
v 60.000000 -40.000000 100.000000
v 60.000000 -35.000000 100.000000
v 60.000000 -30.000000 100.000000
v 60.000000 -25.000000 100.000000
v 60.000000 -20.000000 100.000000
v 60.000000 -15.000000 100.000000
v 60.000000 -10.000000 100.000000
v 60.000000 -5.000000 100.000000
v 60.000000 0.000000 100.000000
v 60.000000 5.000000 100.000000
v 60.000000 10.000000 100.000000
v 60.000000 15.000000 100.000000
v 60.000000 20.000000 100.000000
v 60.000000 25.000000 100.000000
v 60.000000 30.000000 100.000000
v 60.000000 35.000000 100.000000
v 60.000000 40.000000 100.000000
v 60.000000 45.000000 100.000000
v 60.000000 50.000000 100.000000
v 60.000000 55.000000 100.000000
v 60.000000 60.000000 100.000000
v 60.000000 65.000000 100.000000
v 60.000000 70.000000 100.000000
v 60.000000 75.000000 100.000000
v 60.000000 80.000000 100.000000
v 60.000000 85.000000 100.000000
v 60.000000 90.000000 100.000000
v 60.000000 95.000000 100.000000
v 60.000000 100.000000 100.000000
v 65.000000 -100.000000 100.000000
v 65.000000 -95.000000 100.000000
v 65.000000 -90.000000 100.000000
v 65.000000 -85.000000 100.000000
v 65.000000 -80.000000 100.000000
v 65.000000 -75.000000 100.000000
v 65.000000 -70.000000 100.000000
v 65.000000 -65.000000 100.000000
v 65.000000 -60.000000 100.000000
v 65.000000 -55.000000 100.000000
v 65.000000 -50.000000 100.000000
v 65.000000 -45.000000 100.000000
v 65.000000 -40.000000 100.000000
v 65.000000 -35.000000 100.000000
v 65.000000 -30.000000 100.000000
v 65.000000 -25.000000 100.000000
v 65.000000 -20.000000 100.000000
v 65.000000 -15.000000 100.000000
v 65.000000 -10.000000 100.000000
v 65.000000 -5.000000 100.000000
v 65.000000 0.000000 100.000000
v 65.000000 5.000000 100.000000
v 65.000000 10.000000 100.000000
v 65.000000 15.000000 100.000000
v 65.000000 20.000000 100.000000
v 65.000000 25.000000 100.000000
v 65.000000 30.000000 100.000000
v 65.000000 35.000000 100.000000
v 65.000000 40.000000 100.000000
v 65.000000 45.000000 100.000000
v 65.000000 50.000000 100.000000
v 65.000000 55.000000 100.000000
v 65.000000 60.000000 100.000000
v 65.000000 65.000000 100.000000
v 65.000000 70.000000 100.000000
v 65.000000 75.000000 100.000000
v 65.000000 80.000000 100.000000
v 65.000000 85.000000 100.000000
v 65.000000 90.000000 100.000000
v 65.000000 95.000000 100.000000
v 65.000000 100.000000 100.000000
v 70.000000 -100.000000 100.000000
v 70.000000 -95.000000 100.000000
v 70.000000 -90.000000 100.000000
v 70.000000 -85.000000 100.000000
v 70.000000 -80.000000 100.000000
v 70.000000 -75.000000 100.000000
v 70.000000 -70.000000 100.000000
v 70.000000 -65.000000 100.000000
v 70.000000 -60.000000 100.000000
v 70.000000 -55.000000 100.000000
v 70.000000 -50.000000 100.000000
v 70.000000 -45.000000 100.000000
v 70.000000 -40.000000 100.000000
v 70.000000 -35.000000 100.000000
v 70.000000 -30.000000 100.000000
v 70.000000 -25.000000 100.000000
v 70.000000 -20.000000 100.000000
v 70.000000 -15.000000 100.000000
v 70.000000 -10.000000 100.000000
v 70.000000 -5.000000 100.000000
v 70.000000 0.000000 100.000000
v 70.000000 5.000000 100.000000
v 70.000000 10.000000 100.000000
v 70.000000 15.000000 100.000000
v 70.000000 20.000000 100.000000
v 70.000000 25.000000 100.000000
v 70.000000 30.000000 100.000000
v 70.000000 35.000000 100.000000
v 70.000000 40.000000 100.000000
v 70.000000 45.000000 100.000000
v 70.000000 50.000000 100.000000
v 70.000000 55.000000 100.000000
v 70.000000 60.000000 100.000000
v 70.000000 65.000000 100.000000
v 70.000000 70.000000 100.000000
v 70.000000 75.000000 100.000000
v 70.000000 80.000000 100.000000
v 70.000000 85.000000 100.000000
v 70.000000 90.000000 100.000000
v 70.000000 95.000000 100.000000
v 70.000000 100.000000 100.000000
v 75.000000 -100.000000 100.000000
v 75.000000 -95.000000 100.000000
v 75.000000 -90.000000 100.000000
v 75.000000 -85.000000 100.000000
v 75.000000 -80.000000 100.000000
v 75.000000 -75.000000 100.000000
v 75.000000 -70.000000 100.000000
v 75.000000 -65.000000 100.000000
v 75.000000 -60.000000 100.000000
v 75.000000 -55.000000 100.000000
v 75.000000 -50.000000 100.000000
v 75.000000 -45.000000 100.000000
v 75.000000 -40.000000 100.000000
v 75.000000 -35.000000 100.000000
v 75.000000 -30.000000 100.000000
v 75.000000 -25.000000 100.000000
v 75.000000 -20.000000 100.000000
v 75.000000 -15.000000 100.000000
v 75.000000 -10.000000 100.000000
v 75.000000 -5.000000 100.000000
v 75.000000 0.000000 100.000000
v 75.000000 5.000000 100.000000
v 75.000000 10.000000 100.000000
v 75.000000 15.000000 100.000000
v 75.000000 20.000000 100.000000
v 75.000000 25.000000 100.000000
v 75.000000 30.000000 100.000000
v 75.000000 35.000000 100.000000
v 75.000000 40.000000 100.000000
v 75.000000 45.000000 100.000000
v 75.000000 50.000000 100.000000
v 75.000000 55.000000 100.000000
v 75.000000 60.000000 100.000000
v 75.000000 65.000000 100.000000
v 75.000000 70.000000 100.000000
v 75.000000 75.000000 100.000000
v 75.000000 80.000000 100.000000
v 75.000000 85.000000 100.000000
v 75.000000 90.000000 100.000000
v 75.000000 95.000000 100.000000
v 75.000000 100.000000 100.000000
v 80.000000 -100.000000 100.000000
v 80.000000 -95.000000 100.000000
v 80.000000 -90.000000 100.000000
v 80.000000 -85.000000 100.000000
v 80.000000 -80.000000 100.000000
v 80.000000 -75.000000 100.000000
v 80.000000 -70.000000 100.000000
v 80.000000 -65.000000 100.000000
v 80.000000 -60.000000 100.000000
v 80.000000 -55.000000 100.000000
v 80.000000 -50.000000 100.000000
v 80.000000 -45.000000 100.000000
v 80.000000 -40.000000 100.000000
v 80.000000 -35.000000 100.000000
v 80.000000 -30.000000 100.000000
v 80.000000 -25.000000 100.000000
v 80.000000 -20.000000 100.000000
v 80.000000 -15.000000 100.000000
v 80.000000 -10.000000 100.000000
v 80.000000 -5.000000 100.000000
v 80.000000 0.000000 100.000000
v 80.000000 5.000000 100.000000
v 80.000000 10.000000 100.000000
v 80.000000 15.000000 100.000000
v 80.000000 20.000000 100.000000
v 80.000000 25.000000 100.000000
v 80.000000 30.000000 100.000000
v 80.000000 35.000000 100.000000
v 80.000000 40.000000 100.000000
v 80.000000 45.000000 100.000000
v 80.000000 50.000000 100.000000
v 80.000000 55.000000 100.000000
v 80.000000 60.000000 100.000000
v 80.000000 65.000000 100.000000
v 80.000000 70.000000 100.000000
v 80.000000 75.000000 100.000000
v 80.000000 80.000000 100.000000
v 80.000000 85.000000 100.000000
v 80.000000 90.000000 100.000000
v 80.000000 95.000000 100.000000
v 80.000000 100.000000 100.000000
v 85.000000 -100.000000 100.000000
v 85.000000 -95.000000 100.000000
v 85.000000 -90.000000 100.000000
v 85.000000 -85.000000 100.000000
v 85.000000 -80.000000 100.000000
v 85.000000 -75.000000 100.000000
v 85.000000 -70.000000 100.000000
v 85.000000 -65.000000 100.000000
v 85.000000 -60.000000 100.000000
v 85.000000 -55.000000 100.000000
v 85.000000 -50.000000 100.000000
v 85.000000 -45.000000 100.000000
v 85.000000 -40.000000 100.000000
v 85.000000 -35.000000 100.000000
v 85.000000 -30.000000 100.000000
v 85.000000 -25.000000 100.000000
v 85.000000 -20.000000 100.000000
v 85.000000 -15.000000 100.000000
v 85.000000 -10.000000 100.000000
v 85.000000 -5.000000 100.000000
v 85.000000 0.000000 100.000000
v 85.000000 5.000000 100.000000
v 85.000000 10.000000 100.000000
v 85.000000 15.000000 100.000000
v 85.000000 20.000000 100.000000
v 85.000000 25.000000 100.000000
v 85.000000 30.000000 100.000000
v 85.000000 35.000000 100.000000
v 85.000000 40.000000 100.000000
v 85.000000 45.000000 100.000000
v 85.000000 50.000000 100.000000
v 85.000000 55.000000 100.000000
v 85.000000 60.000000 100.000000
v 85.000000 65.000000 100.000000
v 85.000000 70.000000 100.000000
v 85.000000 75.000000 100.000000
v 85.000000 80.000000 100.000000
v 85.000000 85.000000 100.000000
v 85.000000 90.000000 100.000000
v 85.000000 95.000000 100.000000
v 85.000000 100.000000 100.000000
v 90.000000 -100.000000 100.000000
v 90.000000 -95.000000 100.000000
v 90.000000 -90.000000 100.000000
v 90.000000 -85.000000 100.000000
v 90.000000 -80.000000 100.000000
v 90.000000 -75.000000 100.000000
v 90.000000 -70.000000 100.000000
v 90.000000 -65.000000 100.000000
v 90.000000 -60.000000 100.000000
v 90.000000 -55.000000 100.000000
v 90.000000 -50.000000 100.000000
v 90.000000 -45.000000 100.000000
v 90.000000 -40.000000 100.000000
v 90.000000 -35.000000 100.000000
v 90.000000 -30.000000 100.000000
v 90.000000 -25.000000 100.000000
v 90.000000 -20.000000 100.000000
v 90.000000 -15.000000 100.000000
v 90.000000 -10.000000 100.000000
v 90.000000 -5.000000 100.000000
v 90.000000 0.000000 100.000000
v 90.000000 5.000000 100.000000
v 90.000000 10.000000 100.000000
v 90.000000 15.000000 100.000000
v 90.000000 20.000000 100.000000
v 90.000000 25.000000 100.000000
v 90.000000 30.000000 100.000000
v 90.000000 35.000000 100.000000
v 90.000000 40.000000 100.000000
v 90.000000 45.000000 100.000000
v 90.000000 50.000000 100.000000
v 90.000000 55.000000 100.000000
v 90.000000 60.000000 100.000000
v 90.000000 65.000000 100.000000
v 90.000000 70.000000 100.000000
v 90.000000 75.000000 100.000000
v 90.000000 80.000000 100.000000
v 90.000000 85.000000 100.000000
v 90.000000 90.000000 100.000000
v 90.000000 95.000000 100.000000
v 90.000000 100.000000 100.000000
v 95.000000 -100.000000 100.000000
v 95.000000 -95.000000 100.000000
v 95.000000 -90.000000 100.000000
v 95.000000 -85.000000 100.000000
v 95.000000 -80.000000 100.000000
v 95.000000 -75.000000 100.000000
v 95.000000 -70.000000 100.000000
v 95.000000 -65.000000 100.000000
v 95.000000 -60.000000 100.000000
v 95.000000 -55.000000 100.000000
v 95.000000 -50.000000 100.000000
v 95.000000 -45.000000 100.000000
v 95.000000 -40.000000 100.000000
v 95.000000 -35.000000 100.000000
v 95.000000 -30.000000 100.000000
v 95.000000 -25.000000 100.000000
v 95.000000 -20.000000 100.000000
v 95.000000 -15.000000 100.000000
v 95.000000 -10.000000 100.000000
v 95.000000 -5.000000 100.000000
v 95.000000 0.000000 100.000000
v 95.000000 5.000000 100.000000
v 95.000000 10.000000 100.000000
v 95.000000 15.000000 100.000000
v 95.000000 20.000000 100.000000
v 95.000000 25.000000 100.000000
v 95.000000 30.000000 100.000000
v 95.000000 35.000000 100.000000
v 95.000000 40.000000 100.000000
v 95.000000 45.000000 100.000000
v 95.000000 50.000000 100.000000
v 95.000000 55.000000 100.000000
v 95.000000 60.000000 100.000000
v 95.000000 65.000000 100.000000
v 95.000000 70.000000 100.000000
v 95.000000 75.000000 100.000000
v 95.000000 80.000000 100.000000
v 95.000000 85.000000 100.000000
v 95.000000 90.000000 100.000000
v 95.000000 95.000000 100.000000
v 95.000000 100.000000 100.000000
v 100.000000 -100.000000 100.000000
v 100.000000 -95.000000 100.000000
v 100.000000 -90.000000 100.000000
v 100.000000 -85.000000 100.000000
v 100.000000 -80.000000 100.000000
v 100.000000 -75.000000 100.000000
v 100.000000 -70.000000 100.000000
v 100.000000 -65.000000 100.000000
v 100.000000 -60.000000 100.000000
v 100.000000 -55.000000 100.000000
v 100.000000 -50.000000 100.000000
v 100.000000 -45.000000 100.000000
v 100.000000 -40.000000 100.000000
v 100.000000 -35.000000 100.000000
v 100.000000 -30.000000 100.000000
v 100.000000 -25.000000 100.000000
v 100.000000 -20.000000 100.000000
v 100.000000 -15.000000 100.000000
v 100.000000 -10.000000 100.000000
v 100.000000 -5.000000 100.000000
v 100.000000 0.000000 100.000000
v 100.000000 5.000000 100.000000
v 100.000000 10.000000 100.000000
v 100.000000 15.000000 100.000000
v 100.000000 20.000000 100.000000
v 100.000000 25.000000 100.000000
v 100.000000 30.000000 100.000000
v 100.000000 35.000000 100.000000
v 100.000000 40.000000 100.000000
v 100.000000 45.000000 100.000000
v 100.000000 50.000000 100.000000
v 100.000000 55.000000 100.000000
v 100.000000 60.000000 100.000000
v 100.000000 65.000000 100.000000
v 100.000000 70.000000 100.000000
v 100.000000 75.000000 100.000000
v 100.000000 80.000000 100.000000
v 100.000000 85.000000 100.000000
v 100.000000 90.000000 100.000000
v 100.000000 95.000000 100.000000
v 100.000000 100.000000 100.000000
v 100.000000 -100.000000 95.000000
v 100.000000 -95.000000 95.000000
v 100.000000 -90.000000 95.000000
v 100.000000 -85.000000 95.000000
v 100.000000 -80.000000 95.000000
v 100.000000 -75.000000 95.000000
v 100.000000 -70.000000 95.000000
v 100.000000 -65.000000 95.000000
v 100.000000 -60.000000 95.000000
v 100.000000 -55.000000 95.000000
v 100.000000 -50.000000 95.000000
v 100.000000 -45.000000 95.000000
v 100.000000 -40.000000 95.000000
v 100.000000 -35.000000 95.000000
v 100.000000 -30.000000 95.000000
v 100.000000 -25.000000 95.000000
v 100.000000 -20.000000 95.000000
v 100.000000 -15.000000 95.000000
v 100.000000 -10.000000 95.000000
v 100.000000 -5.000000 95.000000
v 100.000000 0.000000 95.000000
v 100.000000 5.000000 95.000000
v 100.000000 10.000000 95.000000
v 100.000000 15.000000 95.000000
v 100.000000 20.000000 95.000000
v 100.000000 25.000000 95.000000
v 100.000000 30.000000 95.000000
v 100.000000 35.000000 95.000000
v 100.000000 40.000000 95.000000
v 100.000000 45.000000 95.000000
v 100.000000 50.000000 95.000000
v 100.000000 55.000000 95.000000
v 100.000000 60.000000 95.000000
v 100.000000 65.000000 95.000000
v 100.000000 70.000000 95.000000
v 100.000000 75.000000 95.000000
v 100.000000 80.000000 95.000000
v 100.000000 85.000000 95.000000
v 100.000000 90.000000 95.000000
v 100.000000 95.000000 95.000000
v 100.000000 100.000000 95.000000
v 100.000000 -100.000000 90.000000
v 100.000000 -95.000000 90.000000
v 100.000000 -90.000000 90.000000
v 100.000000 -85.000000 90.000000
v 100.000000 -80.000000 90.000000
v 100.000000 -75.000000 90.000000
v 100.000000 -70.000000 90.000000
v 100.000000 -65.000000 90.000000
v 100.000000 -60.000000 90.000000
v 100.000000 -55.000000 90.000000
v 100.000000 -50.000000 90.000000
v 100.000000 -45.000000 90.000000
v 100.000000 -40.000000 90.000000
v 100.000000 -35.000000 90.000000
v 100.000000 -30.000000 90.000000
v 100.000000 -25.000000 90.000000
v 100.000000 -20.000000 90.000000
v 100.000000 -15.000000 90.000000
v 100.000000 -10.000000 90.000000
v 100.000000 -5.000000 90.000000
v 100.000000 0.000000 90.000000
v 100.000000 5.000000 90.000000
v 100.000000 10.000000 90.000000
v 100.000000 15.000000 90.000000
v 100.000000 20.000000 90.000000
v 100.000000 25.000000 90.000000
v 100.000000 30.000000 90.000000
v 100.000000 35.000000 90.000000
v 100.000000 40.000000 90.000000
v 100.000000 45.000000 90.000000
v 100.000000 50.000000 90.000000
v 100.000000 55.000000 90.000000
v 100.000000 60.000000 90.000000
v 100.000000 65.000000 90.000000
v 100.000000 70.000000 90.000000
v 100.000000 75.000000 90.000000
v 100.000000 80.000000 90.000000
v 100.000000 85.000000 90.000000
v 100.000000 90.000000 90.000000
v 100.000000 95.000000 90.000000
v 100.000000 100.000000 90.000000
v 100.000000 -100.000000 85.000000
v 100.000000 -95.000000 85.000000
v 100.000000 -90.000000 85.000000
v 100.000000 -85.000000 85.000000
v 100.000000 -80.000000 85.000000
v 100.000000 -75.000000 85.000000
v 100.000000 -70.000000 85.000000
v 100.000000 -65.000000 85.000000
v 100.000000 -60.000000 85.000000
v 100.000000 -55.000000 85.000000
v 100.000000 -50.000000 85.000000
v 100.000000 -45.000000 85.000000
v 100.000000 -40.000000 85.000000
v 100.000000 -35.000000 85.000000
v 100.000000 -30.000000 85.000000
v 100.000000 -25.000000 85.000000
v 100.000000 -20.000000 85.000000
v 100.000000 -15.000000 85.000000
v 100.000000 -10.000000 85.000000
v 100.000000 -5.000000 85.000000
v 100.000000 0.000000 85.000000
v 100.000000 5.000000 85.000000
v 100.000000 10.000000 85.000000
v 100.000000 15.000000 85.000000
v 100.000000 20.000000 85.000000
v 100.000000 25.000000 85.000000
v 100.000000 30.000000 85.000000
v 100.000000 35.000000 85.000000
v 100.000000 40.000000 85.000000
v 100.000000 45.000000 85.000000
v 100.000000 50.000000 85.000000
v 100.000000 55.000000 85.000000
v 100.000000 60.000000 85.000000
v 100.000000 65.000000 85.000000
v 100.000000 70.000000 85.000000
v 100.000000 75.000000 85.000000
v 100.000000 80.000000 85.000000
v 100.000000 85.000000 85.000000
v 100.000000 90.000000 85.000000
v 100.000000 95.000000 85.000000
v 100.000000 100.000000 85.000000
v 100.000000 -100.000000 80.000000
v 100.000000 -95.000000 80.000000
v 100.000000 -90.000000 80.000000
v 100.000000 -85.000000 80.000000
v 100.000000 -80.000000 80.000000
v 100.000000 -75.000000 80.000000
v 100.000000 -70.000000 80.000000
v 100.000000 -65.000000 80.000000
v 100.000000 -60.000000 80.000000
v 100.000000 -55.000000 80.000000
v 100.000000 -50.000000 80.000000
v 100.000000 -45.000000 80.000000
v 100.000000 -40.000000 80.000000
v 100.000000 -35.000000 80.000000
v 100.000000 -30.000000 80.000000
v 100.000000 -25.000000 80.000000
v 100.000000 -20.000000 80.000000
v 100.000000 -15.000000 80.000000
v 100.000000 -10.000000 80.000000
v 100.000000 -5.000000 80.000000
v 100.000000 0.000000 80.000000
v 100.000000 5.000000 80.000000
v 100.000000 10.000000 80.000000
v 100.000000 15.000000 80.000000
v 100.000000 20.000000 80.000000
v 100.000000 25.000000 80.000000
v 100.000000 30.000000 80.000000
v 100.000000 35.000000 80.000000
v 100.000000 40.000000 80.000000
v 100.000000 45.000000 80.000000
v 100.000000 50.000000 80.000000
v 100.000000 55.000000 80.000000
v 100.000000 60.000000 80.000000
v 100.000000 65.000000 80.000000
v 100.000000 70.000000 80.000000
v 100.000000 75.000000 80.000000
v 100.000000 80.000000 80.000000
v 100.000000 85.000000 80.000000
v 100.000000 90.000000 80.000000
v 100.000000 95.000000 80.000000
v 100.000000 100.000000 80.000000
v 100.000000 -100.000000 75.000000
v 100.000000 -95.000000 75.000000
v 100.000000 -90.000000 75.000000
v 100.000000 -85.000000 75.000000
v 100.000000 -80.000000 75.000000
v 100.000000 -75.000000 75.000000
v 100.000000 -70.000000 75.000000
v 100.000000 -65.000000 75.000000
v 100.000000 -60.000000 75.000000
v 100.000000 -55.000000 75.000000
v 100.000000 -50.000000 75.000000
v 100.000000 -45.000000 75.000000
v 100.000000 -40.000000 75.000000
v 100.000000 -35.000000 75.000000
v 100.000000 -30.000000 75.000000
v 100.000000 -25.000000 75.000000
v 100.000000 -20.000000 75.000000
v 100.000000 -15.000000 75.000000
v 100.000000 -10.000000 75.000000
v 100.000000 -5.000000 75.000000
v 100.000000 0.000000 75.000000
v 100.000000 5.000000 75.000000
v 100.000000 10.000000 75.000000
v 100.000000 15.000000 75.000000
v 100.000000 20.000000 75.000000
v 100.000000 25.000000 75.000000
v 100.000000 30.000000 75.000000
v 100.000000 35.000000 75.000000
v 100.000000 40.000000 75.000000
v 100.000000 45.000000 75.000000
v 100.000000 50.000000 75.000000
v 100.000000 55.000000 75.000000
v 100.000000 60.000000 75.000000
v 100.000000 65.000000 75.000000
v 100.000000 70.000000 75.000000
v 100.000000 75.000000 75.000000
v 100.000000 80.000000 75.000000
v 100.000000 85.000000 75.000000
v 100.000000 90.000000 75.000000
v 100.000000 95.000000 75.000000
v 100.000000 100.000000 75.000000
v 100.000000 -100.000000 70.000000
v 100.000000 -95.000000 70.000000
v 100.000000 -90.000000 70.000000
v 100.000000 -85.000000 70.000000
v 100.000000 -80.000000 70.000000
v 100.000000 -75.000000 70.000000
v 100.000000 -70.000000 70.000000
v 100.000000 -65.000000 70.000000
v 100.000000 -60.000000 70.000000
v 100.000000 -55.000000 70.000000
v 100.000000 -50.000000 70.000000
v 100.000000 -45.000000 70.000000
v 100.000000 -40.000000 70.000000
v 100.000000 -35.000000 70.000000
v 100.000000 -30.000000 70.000000
v 100.000000 -25.000000 70.000000
v 100.000000 -20.000000 70.000000
v 100.000000 -15.000000 70.000000
v 100.000000 -10.000000 70.000000
v 100.000000 -5.000000 70.000000
v 100.000000 0.000000 70.000000
v 100.000000 5.000000 70.000000
v 100.000000 10.000000 70.000000
v 100.000000 15.000000 70.000000
v 100.000000 20.000000 70.000000
v 100.000000 25.000000 70.000000
v 100.000000 30.000000 70.000000
v 100.000000 35.000000 70.000000
v 100.000000 40.000000 70.000000
v 100.000000 45.000000 70.000000
v 100.000000 50.000000 70.000000
v 100.000000 55.000000 70.000000
v 100.000000 60.000000 70.000000
v 100.000000 65.000000 70.000000
v 100.000000 70.000000 70.000000
v 100.000000 75.000000 70.000000
v 100.000000 80.000000 70.000000
v 100.000000 85.000000 70.000000
v 100.000000 90.000000 70.000000
v 100.000000 95.000000 70.000000
v 100.000000 100.000000 70.000000
v 100.000000 -100.000000 65.000000
v 100.000000 -95.000000 65.000000
v 100.000000 -90.000000 65.000000
v 100.000000 -85.000000 65.000000
v 100.000000 -80.000000 65.000000
v 100.000000 -75.000000 65.000000
v 100.000000 -70.000000 65.000000
v 100.000000 -65.000000 65.000000
v 100.000000 -60.000000 65.000000
v 100.000000 -55.000000 65.000000
v 100.000000 -50.000000 65.000000
v 100.000000 -45.000000 65.000000
v 100.000000 -40.000000 65.000000
v 100.000000 -35.000000 65.000000
v 100.000000 -30.000000 65.000000
v 100.000000 -25.000000 65.000000
v 100.000000 -20.000000 65.000000
v 100.000000 -15.000000 65.000000
v 100.000000 -10.000000 65.000000
v 100.000000 -5.000000 65.000000
v 100.000000 0.000000 65.000000
v 100.000000 5.000000 65.000000
v 100.000000 10.000000 65.000000
v 100.000000 15.000000 65.000000
v 100.000000 20.000000 65.000000
v 100.000000 25.000000 65.000000
v 100.000000 30.000000 65.000000
v 100.000000 35.000000 65.000000
v 100.000000 40.000000 65.000000
v 100.000000 45.000000 65.000000
v 100.000000 50.000000 65.000000
v 100.000000 55.000000 65.000000
v 100.000000 60.000000 65.000000
v 100.000000 65.000000 65.000000
v 100.000000 70.000000 65.000000
v 100.000000 75.000000 65.000000
v 100.000000 80.000000 65.000000
v 100.000000 85.000000 65.000000
v 100.000000 90.000000 65.000000
v 100.000000 95.000000 65.000000
v 100.000000 100.000000 65.000000
v 100.000000 -100.000000 60.000000
v 100.000000 -95.000000 60.000000
v 100.000000 -90.000000 60.000000
v 100.000000 -85.000000 60.000000
v 100.000000 -80.000000 60.000000
v 100.000000 -75.000000 60.000000
v 100.000000 -70.000000 60.000000
v 100.000000 -65.000000 60.000000
v 100.000000 -60.000000 60.000000
v 100.000000 -55.000000 60.000000
v 100.000000 -50.000000 60.000000
v 100.000000 -45.000000 60.000000
v 100.000000 -40.000000 60.000000
v 100.000000 -35.000000 60.000000
v 100.000000 -30.000000 60.000000
v 100.000000 -25.000000 60.000000
v 100.000000 -20.000000 60.000000
v 100.000000 -15.000000 60.000000
v 100.000000 -10.000000 60.000000
v 100.000000 -5.000000 60.000000
v 100.000000 0.000000 60.000000
v 100.000000 5.000000 60.000000
v 100.000000 10.000000 60.000000
v 100.000000 15.000000 60.000000
v 100.000000 20.000000 60.000000
v 100.000000 25.000000 60.000000
v 100.000000 30.000000 60.000000
v 100.000000 35.000000 60.000000
v 100.000000 40.000000 60.000000
v 100.000000 45.000000 60.000000
v 100.000000 50.000000 60.000000
v 100.000000 55.000000 60.000000
v 100.000000 60.000000 60.000000
v 100.000000 65.000000 60.000000
v 100.000000 70.000000 60.000000
v 100.000000 75.000000 60.000000
v 100.000000 80.000000 60.000000
v 100.000000 85.000000 60.000000
v 100.000000 90.000000 60.000000
v 100.000000 95.000000 60.000000
v 100.000000 100.000000 60.000000
v 100.000000 -100.000000 55.000000
v 100.000000 -95.000000 55.000000
v 100.000000 -90.000000 55.000000
v 100.000000 -85.000000 55.000000
v 100.000000 -80.000000 55.000000
v 100.000000 -75.000000 55.000000
v 100.000000 -70.000000 55.000000
v 100.000000 -65.000000 55.000000
v 100.000000 -60.000000 55.000000
v 100.000000 -55.000000 55.000000
v 100.000000 -50.000000 55.000000
v 100.000000 -45.000000 55.000000
v 100.000000 -40.000000 55.000000
v 100.000000 -35.000000 55.000000
v 100.000000 -30.000000 55.000000
v 100.000000 -25.000000 55.000000
v 100.000000 -20.000000 55.000000
v 100.000000 -15.000000 55.000000
v 100.000000 -10.000000 55.000000
v 100.000000 -5.000000 55.000000
v 100.000000 0.000000 55.000000
v 100.000000 5.000000 55.000000
v 100.000000 10.000000 55.000000
v 100.000000 15.000000 55.000000
v 100.000000 20.000000 55.000000
v 100.000000 25.000000 55.000000
v 100.000000 30.000000 55.000000
v 100.000000 35.000000 55.000000
v 100.000000 40.000000 55.000000
v 100.000000 45.000000 55.000000
v 100.000000 50.000000 55.000000
v 100.000000 55.000000 55.000000
v 100.000000 60.000000 55.000000
v 100.000000 65.000000 55.000000
v 100.000000 70.000000 55.000000
v 100.000000 75.000000 55.000000
v 100.000000 80.000000 55.000000
v 100.000000 85.000000 55.000000
v 100.000000 90.000000 55.000000
v 100.000000 95.000000 55.000000
v 100.000000 100.000000 55.000000
v 100.000000 -100.000000 50.000000
v 100.000000 -95.000000 50.000000
v 100.000000 -90.000000 50.000000
v 100.000000 -85.000000 50.000000
v 100.000000 -80.000000 50.000000
v 100.000000 -75.000000 50.000000
v 100.000000 -70.000000 50.000000
v 100.000000 -65.000000 50.000000
v 100.000000 -60.000000 50.000000
v 100.000000 -55.000000 50.000000
v 100.000000 -50.000000 50.000000
v 100.000000 -45.000000 50.000000
v 100.000000 -40.000000 50.000000
v 100.000000 -35.000000 50.000000
v 100.000000 -30.000000 50.000000
v 100.000000 -25.000000 50.000000
v 100.000000 -20.000000 50.000000
v 100.000000 -15.000000 50.000000
v 100.000000 -10.000000 50.000000
v 100.000000 -5.000000 50.000000
v 100.000000 0.000000 50.000000
v 100.000000 5.000000 50.000000
v 100.000000 10.000000 50.000000
v 100.000000 15.000000 50.000000
v 100.000000 20.000000 50.000000
v 100.000000 25.000000 50.000000
v 100.000000 30.000000 50.000000
v 100.000000 35.000000 50.000000
v 100.000000 40.000000 50.000000
v 100.000000 45.000000 50.000000
v 100.000000 50.000000 50.000000
v 100.000000 55.000000 50.000000
v 100.000000 60.000000 50.000000
v 100.000000 65.000000 50.000000
v 100.000000 70.000000 50.000000
v 100.000000 75.000000 50.000000
v 100.000000 80.000000 50.000000
v 100.000000 85.000000 50.000000
v 100.000000 90.000000 50.000000
v 100.000000 95.000000 50.000000
v 100.000000 100.000000 50.000000
v 100.000000 -100.000000 45.000000
v 100.000000 -95.000000 45.000000
v 100.000000 -90.000000 45.000000
v 100.000000 -85.000000 45.000000
v 100.000000 -80.000000 45.000000
v 100.000000 -75.000000 45.000000
v 100.000000 -70.000000 45.000000
v 100.000000 -65.000000 45.000000
v 100.000000 -60.000000 45.000000
v 100.000000 -55.000000 45.000000
v 100.000000 -50.000000 45.000000
v 100.000000 -45.000000 45.000000
v 100.000000 -40.000000 45.000000
v 100.000000 -35.000000 45.000000
v 100.000000 -30.000000 45.000000
v 100.000000 -25.000000 45.000000
v 100.000000 -20.000000 45.000000
v 100.000000 -15.000000 45.000000
v 100.000000 -10.000000 45.000000
v 100.000000 -5.000000 45.000000
v 100.000000 0.000000 45.000000
v 100.000000 5.000000 45.000000
v 100.000000 10.000000 45.000000
v 100.000000 15.000000 45.000000
v 100.000000 20.000000 45.000000
v 100.000000 25.000000 45.000000
v 100.000000 30.000000 45.000000
v 100.000000 35.000000 45.000000
v 100.000000 40.000000 45.000000
v 100.000000 45.000000 45.000000
v 100.000000 50.000000 45.000000
v 100.000000 55.000000 45.000000
v 100.000000 60.000000 45.000000
v 100.000000 65.000000 45.000000
v 100.000000 70.000000 45.000000
v 100.000000 75.000000 45.000000
v 100.000000 80.000000 45.000000
v 100.000000 85.000000 45.000000
v 100.000000 90.000000 45.000000
v 100.000000 95.000000 45.000000
v 100.000000 100.000000 45.000000
v 100.000000 -100.000000 40.000000
v 100.000000 -95.000000 40.000000
v 100.000000 -90.000000 40.000000
v 100.000000 -85.000000 40.000000
v 100.000000 -80.000000 40.000000
v 100.000000 -75.000000 40.000000
v 100.000000 -70.000000 40.000000
v 100.000000 -65.000000 40.000000
v 100.000000 -60.000000 40.000000
v 100.000000 -55.000000 40.000000
v 100.000000 -50.000000 40.000000
v 100.000000 -45.000000 40.000000
v 100.000000 -40.000000 40.000000
v 100.000000 -35.000000 40.000000
v 100.000000 -30.000000 40.000000
v 100.000000 -25.000000 40.000000
v 100.000000 -20.000000 40.000000
v 100.000000 -15.000000 40.000000
v 100.000000 -10.000000 40.000000
v 100.000000 -5.000000 40.000000
v 100.000000 0.000000 40.000000
v 100.000000 5.000000 40.000000
v 100.000000 10.000000 40.000000
v 100.000000 15.000000 40.000000
v 100.000000 20.000000 40.000000
v 100.000000 25.000000 40.000000
v 100.000000 30.000000 40.000000
v 100.000000 35.000000 40.000000
v 100.000000 40.000000 40.000000
v 100.000000 45.000000 40.000000
v 100.000000 50.000000 40.000000
v 100.000000 55.000000 40.000000
v 100.000000 60.000000 40.000000
v 100.000000 65.000000 40.000000
v 100.000000 70.000000 40.000000
v 100.000000 75.000000 40.000000
v 100.000000 80.000000 40.000000
v 100.000000 85.000000 40.000000
v 100.000000 90.000000 40.000000
v 100.000000 95.000000 40.000000
v 100.000000 100.000000 40.000000
v 100.000000 -100.000000 35.000000
v 100.000000 -95.000000 35.000000
v 100.000000 -90.000000 35.000000
v 100.000000 -85.000000 35.000000
v 100.000000 -80.000000 35.000000
v 100.000000 -75.000000 35.000000
v 100.000000 -70.000000 35.000000
v 100.000000 -65.000000 35.000000
v 100.000000 -60.000000 35.000000
v 100.000000 -55.000000 35.000000
v 100.000000 -50.000000 35.000000
v 100.000000 -45.000000 35.000000
v 100.000000 -40.000000 35.000000
v 100.000000 -35.000000 35.000000
v 100.000000 -30.000000 35.000000
v 100.000000 -25.000000 35.000000
v 100.000000 -20.000000 35.000000
v 100.000000 -15.000000 35.000000
v 100.000000 -10.000000 35.000000
v 100.000000 -5.000000 35.000000
v 100.000000 0.000000 35.000000
v 100.000000 5.000000 35.000000
v 100.000000 10.000000 35.000000
v 100.000000 15.000000 35.000000
v 100.000000 20.000000 35.000000
v 100.000000 25.000000 35.000000
v 100.000000 30.000000 35.000000
v 100.000000 35.000000 35.000000
v 100.000000 40.000000 35.000000
v 100.000000 45.000000 35.000000
v 100.000000 50.000000 35.000000
v 100.000000 55.000000 35.000000
v 100.000000 60.000000 35.000000
v 100.000000 65.000000 35.000000
v 100.000000 70.000000 35.000000
v 100.000000 75.000000 35.000000
v 100.000000 80.000000 35.000000
v 100.000000 85.000000 35.000000
v 100.000000 90.000000 35.000000
v 100.000000 95.000000 35.000000
v 100.000000 100.000000 35.000000
v 100.000000 -100.000000 30.000000
v 100.000000 -95.000000 30.000000
v 100.000000 -90.000000 30.000000
v 100.000000 -85.000000 30.000000
v 100.000000 -80.000000 30.000000
v 100.000000 -75.000000 30.000000
v 100.000000 -70.000000 30.000000
v 100.000000 -65.000000 30.000000
v 100.000000 -60.000000 30.000000
v 100.000000 -55.000000 30.000000
v 100.000000 -50.000000 30.000000
v 100.000000 -45.000000 30.000000
v 100.000000 -40.000000 30.000000
v 100.000000 -35.000000 30.000000
v 100.000000 -30.000000 30.000000
v 100.000000 -25.000000 30.000000
v 100.000000 -20.000000 30.000000
v 100.000000 -15.000000 30.000000
v 100.000000 -10.000000 30.000000
v 100.000000 -5.000000 30.000000
v 100.000000 0.000000 30.000000
v 100.000000 5.000000 30.000000
v 100.000000 10.000000 30.000000
v 100.000000 15.000000 30.000000
v 100.000000 20.000000 30.000000
v 100.000000 25.000000 30.000000
v 100.000000 30.000000 30.000000
v 100.000000 35.000000 30.000000
v 100.000000 40.000000 30.000000
v 100.000000 45.000000 30.000000
v 100.000000 50.000000 30.000000
v 100.000000 55.000000 30.000000
v 100.000000 60.000000 30.000000
v 100.000000 65.000000 30.000000
v 100.000000 70.000000 30.000000
v 100.000000 75.000000 30.000000
v 100.000000 80.000000 30.000000
v 100.000000 85.000000 30.000000
v 100.000000 90.000000 30.000000
v 100.000000 95.000000 30.000000
v 100.000000 100.000000 30.000000
v 100.000000 -100.000000 25.000000
v 100.000000 -95.000000 25.000000
v 100.000000 -90.000000 25.000000
v 100.000000 -85.000000 25.000000
v 100.000000 -80.000000 25.000000
v 100.000000 -75.000000 25.000000
v 100.000000 -70.000000 25.000000
v 100.000000 -65.000000 25.000000
v 100.000000 -60.000000 25.000000
v 100.000000 -55.000000 25.000000
v 100.000000 -50.000000 25.000000
v 100.000000 -45.000000 25.000000
v 100.000000 -40.000000 25.000000
v 100.000000 -35.000000 25.000000
v 100.000000 -30.000000 25.000000
v 100.000000 -25.000000 25.000000
v 100.000000 -20.000000 25.000000
v 100.000000 -15.000000 25.000000
v 100.000000 -10.000000 25.000000
v 100.000000 -5.000000 25.000000
v 100.000000 0.000000 25.000000
v 100.000000 5.000000 25.000000
v 100.000000 10.000000 25.000000
v 100.000000 15.000000 25.000000
v 100.000000 20.000000 25.000000
v 100.000000 25.000000 25.000000
v 100.000000 30.000000 25.000000
v 100.000000 35.000000 25.000000
v 100.000000 40.000000 25.000000
v 100.000000 45.000000 25.000000
v 100.000000 50.000000 25.000000
v 100.000000 55.000000 25.000000
v 100.000000 60.000000 25.000000
v 100.000000 65.000000 25.000000
v 100.000000 70.000000 25.000000
v 100.000000 75.000000 25.000000
v 100.000000 80.000000 25.000000
v 100.000000 85.000000 25.000000
v 100.000000 90.000000 25.000000
v 100.000000 95.000000 25.000000
v 100.000000 100.000000 25.000000
v 100.000000 -100.000000 20.000000
v 100.000000 -95.000000 20.000000
v 100.000000 -90.000000 20.000000
v 100.000000 -85.000000 20.000000
v 100.000000 -80.000000 20.000000
v 100.000000 -75.000000 20.000000
v 100.000000 -70.000000 20.000000
v 100.000000 -65.000000 20.000000
v 100.000000 -60.000000 20.000000
v 100.000000 -55.000000 20.000000
v 100.000000 -50.000000 20.000000
v 100.000000 -45.000000 20.000000
v 100.000000 -40.000000 20.000000
v 100.000000 -35.000000 20.000000
v 100.000000 -30.000000 20.000000
v 100.000000 -25.000000 20.000000
v 100.000000 -20.000000 20.000000
v 100.000000 -15.000000 20.000000
v 100.000000 -10.000000 20.000000
v 100.000000 -5.000000 20.000000
v 100.000000 0.000000 20.000000
v 100.000000 5.000000 20.000000
v 100.000000 10.000000 20.000000
v 100.000000 15.000000 20.000000
v 100.000000 20.000000 20.000000
v 100.000000 25.000000 20.000000
v 100.000000 30.000000 20.000000
v 100.000000 35.000000 20.000000
v 100.000000 40.000000 20.000000
v 100.000000 45.000000 20.000000
v 100.000000 50.000000 20.000000
v 100.000000 55.000000 20.000000
v 100.000000 60.000000 20.000000
v 100.000000 65.000000 20.000000
v 100.000000 70.000000 20.000000
v 100.000000 75.000000 20.000000
v 100.000000 80.000000 20.000000
v 100.000000 85.000000 20.000000
v 100.000000 90.000000 20.000000
v 100.000000 95.000000 20.000000
v 100.000000 100.000000 20.000000
v 100.000000 -100.000000 15.000000
v 100.000000 -95.000000 15.000000
v 100.000000 -90.000000 15.000000
v 100.000000 -85.000000 15.000000
v 100.000000 -80.000000 15.000000
v 100.000000 -75.000000 15.000000
v 100.000000 -70.000000 15.000000
v 100.000000 -65.000000 15.000000
v 100.000000 -60.000000 15.000000
v 100.000000 -55.000000 15.000000
v 100.000000 -50.000000 15.000000
v 100.000000 -45.000000 15.000000
v 100.000000 -40.000000 15.000000
v 100.000000 -35.000000 15.000000
v 100.000000 -30.000000 15.000000
v 100.000000 -25.000000 15.000000
v 100.000000 -20.000000 15.000000
v 100.000000 -15.000000 15.000000
v 100.000000 -10.000000 15.000000
v 100.000000 -5.000000 15.000000
v 100.000000 0.000000 15.000000
v 100.000000 5.000000 15.000000
v 100.000000 10.000000 15.000000
v 100.000000 15.000000 15.000000
v 100.000000 20.000000 15.000000
v 100.000000 25.000000 15.000000
v 100.000000 30.000000 15.000000
v 100.000000 35.000000 15.000000
v 100.000000 40.000000 15.000000
v 100.000000 45.000000 15.000000
v 100.000000 50.000000 15.000000
v 100.000000 55.000000 15.000000
v 100.000000 60.000000 15.000000
v 100.000000 65.000000 15.000000
v 100.000000 70.000000 15.000000
v 100.000000 75.000000 15.000000
v 100.000000 80.000000 15.000000
v 100.000000 85.000000 15.000000
v 100.000000 90.000000 15.000000
v 100.000000 95.000000 15.000000
v 100.000000 100.000000 15.000000
v 100.000000 -100.000000 10.000000
v 100.000000 -95.000000 10.000000
v 100.000000 -90.000000 10.000000
v 100.000000 -85.000000 10.000000
v 100.000000 -80.000000 10.000000
v 100.000000 -75.000000 10.000000
v 100.000000 -70.000000 10.000000
v 100.000000 -65.000000 10.000000
v 100.000000 -60.000000 10.000000
v 100.000000 -55.000000 10.000000
v 100.000000 -50.000000 10.000000
v 100.000000 -45.000000 10.000000
v 100.000000 -40.000000 10.000000
v 100.000000 -35.000000 10.000000
v 100.000000 -30.000000 10.000000
v 100.000000 -25.000000 10.000000
v 100.000000 -20.000000 10.000000
v 100.000000 -15.000000 10.000000
v 100.000000 -10.000000 10.000000
v 100.000000 -5.000000 10.000000
v 100.000000 0.000000 10.000000
v 100.000000 5.000000 10.000000
v 100.000000 10.000000 10.000000
v 100.000000 15.000000 10.000000
v 100.000000 20.000000 10.000000
v 100.000000 25.000000 10.000000
v 100.000000 30.000000 10.000000
v 100.000000 35.000000 10.000000
v 100.000000 40.000000 10.000000
v 100.000000 45.000000 10.000000
v 100.000000 50.000000 10.000000
v 100.000000 55.000000 10.000000
v 100.000000 60.000000 10.000000
v 100.000000 65.000000 10.000000
v 100.000000 70.000000 10.000000
v 100.000000 75.000000 10.000000
v 100.000000 80.000000 10.000000
v 100.000000 85.000000 10.000000
v 100.000000 90.000000 10.000000
v 100.000000 95.000000 10.000000
v 100.000000 100.000000 10.000000
v 100.000000 -100.000000 5.000000
v 100.000000 -95.000000 5.000000
v 100.000000 -90.000000 5.000000
v 100.000000 -85.000000 5.000000
v 100.000000 -80.000000 5.000000
v 100.000000 -75.000000 5.000000
v 100.000000 -70.000000 5.000000
v 100.000000 -65.000000 5.000000
v 100.000000 -60.000000 5.000000
v 100.000000 -55.000000 5.000000
v 100.000000 -50.000000 5.000000
v 100.000000 -45.000000 5.000000
v 100.000000 -40.000000 5.000000
v 100.000000 -35.000000 5.000000
v 100.000000 -30.000000 5.000000
v 100.000000 -25.000000 5.000000
v 100.000000 -20.000000 5.000000
v 100.000000 -15.000000 5.000000
v 100.000000 -10.000000 5.000000
v 100.000000 -5.000000 5.000000
v 100.000000 0.000000 5.000000
v 100.000000 5.000000 5.000000
v 100.000000 10.000000 5.000000
v 100.000000 15.000000 5.000000
v 100.000000 20.000000 5.000000
v 100.000000 25.000000 5.000000
v 100.000000 30.000000 5.000000
v 100.000000 35.000000 5.000000
v 100.000000 40.000000 5.000000
v 100.000000 45.000000 5.000000
v 100.000000 50.000000 5.000000
v 100.000000 55.000000 5.000000
v 100.000000 60.000000 5.000000
v 100.000000 65.000000 5.000000
v 100.000000 70.000000 5.000000
v 100.000000 75.000000 5.000000
v 100.000000 80.000000 5.000000
v 100.000000 85.000000 5.000000
v 100.000000 90.000000 5.000000
v 100.000000 95.000000 5.000000
v 100.000000 100.000000 5.000000
v 100.000000 -100.000000 0.000000
v 100.000000 -95.000000 0.000000
v 100.000000 -90.000000 0.000000
v 100.000000 -85.000000 0.000000
v 100.000000 -80.000000 0.000000
v 100.000000 -75.000000 0.000000
v 100.000000 -70.000000 0.000000
v 100.000000 -65.000000 0.000000
v 100.000000 -60.000000 0.000000
v 100.000000 -55.000000 0.000000
v 100.000000 -50.000000 0.000000
v 100.000000 -45.000000 0.000000
v 100.000000 -40.000000 0.000000
v 100.000000 -35.000000 0.000000
v 100.000000 -30.000000 0.000000
v 100.000000 -25.000000 0.000000
v 100.000000 -20.000000 0.000000
v 100.000000 -15.000000 0.000000
v 100.000000 -10.000000 0.000000
v 100.000000 -5.000000 0.000000
v 100.000000 0.000000 0.000000
v 100.000000 5.000000 0.000000
v 100.000000 10.000000 0.000000
v 100.000000 15.000000 0.000000
v 100.000000 20.000000 0.000000
v 100.000000 25.000000 0.000000
v 100.000000 30.000000 0.000000
v 100.000000 35.000000 0.000000
v 100.000000 40.000000 0.000000
v 100.000000 45.000000 0.000000
v 100.000000 50.000000 0.000000
v 100.000000 55.000000 0.000000
v 100.000000 60.000000 0.000000
v 100.000000 65.000000 0.000000
v 100.000000 70.000000 0.000000
v 100.000000 75.000000 0.000000
v 100.000000 80.000000 0.000000
v 100.000000 85.000000 0.000000
v 100.000000 90.000000 0.000000
v 100.000000 95.000000 0.000000
v 100.000000 100.000000 0.000000
v 100.000000 -100.000000 -5.000000
v 100.000000 -95.000000 -5.000000
v 100.000000 -90.000000 -5.000000
v 100.000000 -85.000000 -5.000000
v 100.000000 -80.000000 -5.000000
v 100.000000 -75.000000 -5.000000
v 100.000000 -70.000000 -5.000000
v 100.000000 -65.000000 -5.000000
v 100.000000 -60.000000 -5.000000
v 100.000000 -55.000000 -5.000000
v 100.000000 -50.000000 -5.000000
v 100.000000 -45.000000 -5.000000
v 100.000000 -40.000000 -5.000000
v 100.000000 -35.000000 -5.000000
v 100.000000 -30.000000 -5.000000
v 100.000000 -25.000000 -5.000000
v 100.000000 -20.000000 -5.000000
v 100.000000 -15.000000 -5.000000
v 100.000000 -10.000000 -5.000000
v 100.000000 -5.000000 -5.000000
v 100.000000 0.000000 -5.000000
v 100.000000 5.000000 -5.000000
v 100.000000 10.000000 -5.000000
v 100.000000 15.000000 -5.000000
v 100.000000 20.000000 -5.000000
v 100.000000 25.000000 -5.000000
v 100.000000 30.000000 -5.000000
v 100.000000 35.000000 -5.000000
v 100.000000 40.000000 -5.000000
v 100.000000 45.000000 -5.000000
v 100.000000 50.000000 -5.000000
v 100.000000 55.000000 -5.000000
v 100.000000 60.000000 -5.000000
v 100.000000 65.000000 -5.000000
v 100.000000 70.000000 -5.000000
v 100.000000 75.000000 -5.000000
v 100.000000 80.000000 -5.000000
v 100.000000 85.000000 -5.000000
v 100.000000 90.000000 -5.000000
v 100.000000 95.000000 -5.000000
v 100.000000 100.000000 -5.000000
v 100.000000 -100.000000 -10.000000
v 100.000000 -95.000000 -10.000000
v 100.000000 -90.000000 -10.000000
v 100.000000 -85.000000 -10.000000
v 100.000000 -80.000000 -10.000000
v 100.000000 -75.000000 -10.000000
v 100.000000 -70.000000 -10.000000
v 100.000000 -65.000000 -10.000000
v 100.000000 -60.000000 -10.000000
v 100.000000 -55.000000 -10.000000
v 100.000000 -50.000000 -10.000000
v 100.000000 -45.000000 -10.000000
v 100.000000 -40.000000 -10.000000
v 100.000000 -35.000000 -10.000000
v 100.000000 -30.000000 -10.000000
v 100.000000 -25.000000 -10.000000
v 100.000000 -20.000000 -10.000000
v 100.000000 -15.000000 -10.000000
v 100.000000 -10.000000 -10.000000
v 100.000000 -5.000000 -10.000000
v 100.000000 0.000000 -10.000000
v 100.000000 5.000000 -10.000000
v 100.000000 10.000000 -10.000000
v 100.000000 15.000000 -10.000000
v 100.000000 20.000000 -10.000000
v 100.000000 25.000000 -10.000000
v 100.000000 30.000000 -10.000000
v 100.000000 35.000000 -10.000000
v 100.000000 40.000000 -10.000000
v 100.000000 45.000000 -10.000000
v 100.000000 50.000000 -10.000000
v 100.000000 55.000000 -10.000000
v 100.000000 60.000000 -10.000000
v 100.000000 65.000000 -10.000000
v 100.000000 70.000000 -10.000000
v 100.000000 75.000000 -10.000000
v 100.000000 80.000000 -10.000000
v 100.000000 85.000000 -10.000000
v 100.000000 90.000000 -10.000000
v 100.000000 95.000000 -10.000000
v 100.000000 100.000000 -10.000000
v 100.000000 -100.000000 -15.000000
v 100.000000 -95.000000 -15.000000
v 100.000000 -90.000000 -15.000000
v 100.000000 -85.000000 -15.000000
v 100.000000 -80.000000 -15.000000
v 100.000000 -75.000000 -15.000000
v 100.000000 -70.000000 -15.000000
v 100.000000 -65.000000 -15.000000
v 100.000000 -60.000000 -15.000000
v 100.000000 -55.000000 -15.000000
v 100.000000 -50.000000 -15.000000
v 100.000000 -45.000000 -15.000000
v 100.000000 -40.000000 -15.000000
v 100.000000 -35.000000 -15.000000
v 100.000000 -30.000000 -15.000000
v 100.000000 -25.000000 -15.000000
v 100.000000 -20.000000 -15.000000
v 100.000000 -15.000000 -15.000000
v 100.000000 -10.000000 -15.000000
v 100.000000 -5.000000 -15.000000
v 100.000000 0.000000 -15.000000
v 100.000000 5.000000 -15.000000
v 100.000000 10.000000 -15.000000
v 100.000000 15.000000 -15.000000
v 100.000000 20.000000 -15.000000
v 100.000000 25.000000 -15.000000
v 100.000000 30.000000 -15.000000
v 100.000000 35.000000 -15.000000
v 100.000000 40.000000 -15.000000
v 100.000000 45.000000 -15.000000
v 100.000000 50.000000 -15.000000
v 100.000000 55.000000 -15.000000
v 100.000000 60.000000 -15.000000
v 100.000000 65.000000 -15.000000
v 100.000000 70.000000 -15.000000
v 100.000000 75.000000 -15.000000
v 100.000000 80.000000 -15.000000
v 100.000000 85.000000 -15.000000
v 100.000000 90.000000 -15.000000
v 100.000000 95.000000 -15.000000
v 100.000000 100.000000 -15.000000
v 100.000000 -100.000000 -20.000000
v 100.000000 -95.000000 -20.000000
v 100.000000 -90.000000 -20.000000
v 100.000000 -85.000000 -20.000000
v 100.000000 -80.000000 -20.000000
v 100.000000 -75.000000 -20.000000
v 100.000000 -70.000000 -20.000000
v 100.000000 -65.000000 -20.000000
v 100.000000 -60.000000 -20.000000
v 100.000000 -55.000000 -20.000000
v 100.000000 -50.000000 -20.000000
v 100.000000 -45.000000 -20.000000
v 100.000000 -40.000000 -20.000000
v 100.000000 -35.000000 -20.000000
v 100.000000 -30.000000 -20.000000
v 100.000000 -25.000000 -20.000000
v 100.000000 -20.000000 -20.000000
v 100.000000 -15.000000 -20.000000
v 100.000000 -10.000000 -20.000000
v 100.000000 -5.000000 -20.000000
v 100.000000 0.000000 -20.000000
v 100.000000 5.000000 -20.000000
v 100.000000 10.000000 -20.000000
v 100.000000 15.000000 -20.000000
v 100.000000 20.000000 -20.000000
v 100.000000 25.000000 -20.000000
v 100.000000 30.000000 -20.000000
v 100.000000 35.000000 -20.000000
v 100.000000 40.000000 -20.000000
v 100.000000 45.000000 -20.000000
v 100.000000 50.000000 -20.000000
v 100.000000 55.000000 -20.000000
v 100.000000 60.000000 -20.000000
v 100.000000 65.000000 -20.000000
v 100.000000 70.000000 -20.000000
v 100.000000 75.000000 -20.000000
v 100.000000 80.000000 -20.000000
v 100.000000 85.000000 -20.000000
v 100.000000 90.000000 -20.000000
v 100.000000 95.000000 -20.000000
v 100.000000 100.000000 -20.000000
v 100.000000 -100.000000 -25.000000
v 100.000000 -95.000000 -25.000000
v 100.000000 -90.000000 -25.000000
v 100.000000 -85.000000 -25.000000
v 100.000000 -80.000000 -25.000000
v 100.000000 -75.000000 -25.000000
v 100.000000 -70.000000 -25.000000
v 100.000000 -65.000000 -25.000000
v 100.000000 -60.000000 -25.000000
v 100.000000 -55.000000 -25.000000
v 100.000000 -50.000000 -25.000000
v 100.000000 -45.000000 -25.000000
v 100.000000 -40.000000 -25.000000
v 100.000000 -35.000000 -25.000000
v 100.000000 -30.000000 -25.000000
v 100.000000 -25.000000 -25.000000
v 100.000000 -20.000000 -25.000000
v 100.000000 -15.000000 -25.000000
v 100.000000 -10.000000 -25.000000
v 100.000000 -5.000000 -25.000000
v 100.000000 0.000000 -25.000000
v 100.000000 5.000000 -25.000000
v 100.000000 10.000000 -25.000000
v 100.000000 15.000000 -25.000000
v 100.000000 20.000000 -25.000000
v 100.000000 25.000000 -25.000000
v 100.000000 30.000000 -25.000000
v 100.000000 35.000000 -25.000000
v 100.000000 40.000000 -25.000000
v 100.000000 45.000000 -25.000000
v 100.000000 50.000000 -25.000000
v 100.000000 55.000000 -25.000000
v 100.000000 60.000000 -25.000000
v 100.000000 65.000000 -25.000000
v 100.000000 70.000000 -25.000000
v 100.000000 75.000000 -25.000000
v 100.000000 80.000000 -25.000000
v 100.000000 85.000000 -25.000000
v 100.000000 90.000000 -25.000000
v 100.000000 95.000000 -25.000000
v 100.000000 100.000000 -25.000000
v 100.000000 -100.000000 -30.000000
v 100.000000 -95.000000 -30.000000
v 100.000000 -90.000000 -30.000000
v 100.000000 -85.000000 -30.000000
v 100.000000 -80.000000 -30.000000
v 100.000000 -75.000000 -30.000000
v 100.000000 -70.000000 -30.000000
v 100.000000 -65.000000 -30.000000
v 100.000000 -60.000000 -30.000000
v 100.000000 -55.000000 -30.000000
v 100.000000 -50.000000 -30.000000
v 100.000000 -45.000000 -30.000000
v 100.000000 -40.000000 -30.000000
v 100.000000 -35.000000 -30.000000
v 100.000000 -30.000000 -30.000000
v 100.000000 -25.000000 -30.000000
v 100.000000 -20.000000 -30.000000
v 100.000000 -15.000000 -30.000000
v 100.000000 -10.000000 -30.000000
v 100.000000 -5.000000 -30.000000
v 100.000000 0.000000 -30.000000
v 100.000000 5.000000 -30.000000
v 100.000000 10.000000 -30.000000
v 100.000000 15.000000 -30.000000
v 100.000000 20.000000 -30.000000
v 100.000000 25.000000 -30.000000
v 100.000000 30.000000 -30.000000
v 100.000000 35.000000 -30.000000
v 100.000000 40.000000 -30.000000
v 100.000000 45.000000 -30.000000
v 100.000000 50.000000 -30.000000
v 100.000000 55.000000 -30.000000
v 100.000000 60.000000 -30.000000
v 100.000000 65.000000 -30.000000
v 100.000000 70.000000 -30.000000
v 100.000000 75.000000 -30.000000
v 100.000000 80.000000 -30.000000
v 100.000000 85.000000 -30.000000
v 100.000000 90.000000 -30.000000
v 100.000000 95.000000 -30.000000
v 100.000000 100.000000 -30.000000
v 100.000000 -100.000000 -35.000000
v 100.000000 -95.000000 -35.000000
v 100.000000 -90.000000 -35.000000
v 100.000000 -85.000000 -35.000000
v 100.000000 -80.000000 -35.000000
v 100.000000 -75.000000 -35.000000
v 100.000000 -70.000000 -35.000000
v 100.000000 -65.000000 -35.000000
v 100.000000 -60.000000 -35.000000
v 100.000000 -55.000000 -35.000000
v 100.000000 -50.000000 -35.000000
v 100.000000 -45.000000 -35.000000
v 100.000000 -40.000000 -35.000000
v 100.000000 -35.000000 -35.000000
v 100.000000 -30.000000 -35.000000
v 100.000000 -25.000000 -35.000000
v 100.000000 -20.000000 -35.000000
v 100.000000 -15.000000 -35.000000
v 100.000000 -10.000000 -35.000000
v 100.000000 -5.000000 -35.000000
v 100.000000 0.000000 -35.000000
v 100.000000 5.000000 -35.000000
v 100.000000 10.000000 -35.000000
v 100.000000 15.000000 -35.000000
v 100.000000 20.000000 -35.000000
v 100.000000 25.000000 -35.000000
v 100.000000 30.000000 -35.000000
v 100.000000 35.000000 -35.000000
v 100.000000 40.000000 -35.000000
v 100.000000 45.000000 -35.000000
v 100.000000 50.000000 -35.000000
v 100.000000 55.000000 -35.000000
v 100.000000 60.000000 -35.000000
v 100.000000 65.000000 -35.000000
v 100.000000 70.000000 -35.000000
v 100.000000 75.000000 -35.000000
v 100.000000 80.000000 -35.000000
v 100.000000 85.000000 -35.000000
v 100.000000 90.000000 -35.000000
v 100.000000 95.000000 -35.000000
v 100.000000 100.000000 -35.000000
v 100.000000 -100.000000 -40.000000
v 100.000000 -95.000000 -40.000000
v 100.000000 -90.000000 -40.000000
v 100.000000 -85.000000 -40.000000
v 100.000000 -80.000000 -40.000000
v 100.000000 -75.000000 -40.000000
v 100.000000 -70.000000 -40.000000
v 100.000000 -65.000000 -40.000000
v 100.000000 -60.000000 -40.000000
v 100.000000 -55.000000 -40.000000
v 100.000000 -50.000000 -40.000000
v 100.000000 -45.000000 -40.000000
v 100.000000 -40.000000 -40.000000
v 100.000000 -35.000000 -40.000000
v 100.000000 -30.000000 -40.000000
v 100.000000 -25.000000 -40.000000
v 100.000000 -20.000000 -40.000000
v 100.000000 -15.000000 -40.000000
v 100.000000 -10.000000 -40.000000
v 100.000000 -5.000000 -40.000000
v 100.000000 0.000000 -40.000000
v 100.000000 5.000000 -40.000000
v 100.000000 10.000000 -40.000000
v 100.000000 15.000000 -40.000000
v 100.000000 20.000000 -40.000000
v 100.000000 25.000000 -40.000000
v 100.000000 30.000000 -40.000000
v 100.000000 35.000000 -40.000000
v 100.000000 40.000000 -40.000000
v 100.000000 45.000000 -40.000000
v 100.000000 50.000000 -40.000000
v 100.000000 55.000000 -40.000000
v 100.000000 60.000000 -40.000000
v 100.000000 65.000000 -40.000000
v 100.000000 70.000000 -40.000000
v 100.000000 75.000000 -40.000000
v 100.000000 80.000000 -40.000000
v 100.000000 85.000000 -40.000000
v 100.000000 90.000000 -40.000000
v 100.000000 95.000000 -40.000000
v 100.000000 100.000000 -40.000000
v 100.000000 -100.000000 -45.000000
v 100.000000 -95.000000 -45.000000
v 100.000000 -90.000000 -45.000000
v 100.000000 -85.000000 -45.000000
v 100.000000 -80.000000 -45.000000
v 100.000000 -75.000000 -45.000000
v 100.000000 -70.000000 -45.000000
v 100.000000 -65.000000 -45.000000
v 100.000000 -60.000000 -45.000000
v 100.000000 -55.000000 -45.000000
v 100.000000 -50.000000 -45.000000
v 100.000000 -45.000000 -45.000000
v 100.000000 -40.000000 -45.000000
v 100.000000 -35.000000 -45.000000
v 100.000000 -30.000000 -45.000000
v 100.000000 -25.000000 -45.000000
v 100.000000 -20.000000 -45.000000
v 100.000000 -15.000000 -45.000000
v 100.000000 -10.000000 -45.000000
v 100.000000 -5.000000 -45.000000
v 100.000000 0.000000 -45.000000
v 100.000000 5.000000 -45.000000
v 100.000000 10.000000 -45.000000
v 100.000000 15.000000 -45.000000
v 100.000000 20.000000 -45.000000
v 100.000000 25.000000 -45.000000
v 100.000000 30.000000 -45.000000
v 100.000000 35.000000 -45.000000
v 100.000000 40.000000 -45.000000
v 100.000000 45.000000 -45.000000
v 100.000000 50.000000 -45.000000
v 100.000000 55.000000 -45.000000
v 100.000000 60.000000 -45.000000
v 100.000000 65.000000 -45.000000
v 100.000000 70.000000 -45.000000
v 100.000000 75.000000 -45.000000
v 100.000000 80.000000 -45.000000
v 100.000000 85.000000 -45.000000
v 100.000000 90.000000 -45.000000
v 100.000000 95.000000 -45.000000
v 100.000000 100.000000 -45.000000
v 100.000000 -100.000000 -50.000000
v 100.000000 -95.000000 -50.000000
v 100.000000 -90.000000 -50.000000
v 100.000000 -85.000000 -50.000000
v 100.000000 -80.000000 -50.000000
v 100.000000 -75.000000 -50.000000
v 100.000000 -70.000000 -50.000000
v 100.000000 -65.000000 -50.000000
v 100.000000 -60.000000 -50.000000
v 100.000000 -55.000000 -50.000000
v 100.000000 -50.000000 -50.000000
v 100.000000 -45.000000 -50.000000
v 100.000000 -40.000000 -50.000000
v 100.000000 -35.000000 -50.000000
v 100.000000 -30.000000 -50.000000
v 100.000000 -25.000000 -50.000000
v 100.000000 -20.000000 -50.000000
v 100.000000 -15.000000 -50.000000
v 100.000000 -10.000000 -50.000000
v 100.000000 -5.000000 -50.000000
v 100.000000 0.000000 -50.000000
v 100.000000 5.000000 -50.000000
v 100.000000 10.000000 -50.000000
v 100.000000 15.000000 -50.000000
v 100.000000 20.000000 -50.000000
v 100.000000 25.000000 -50.000000
v 100.000000 30.000000 -50.000000
v 100.000000 35.000000 -50.000000
v 100.000000 40.000000 -50.000000
v 100.000000 45.000000 -50.000000
v 100.000000 50.000000 -50.000000
v 100.000000 55.000000 -50.000000
v 100.000000 60.000000 -50.000000
v 100.000000 65.000000 -50.000000
v 100.000000 70.000000 -50.000000
v 100.000000 75.000000 -50.000000
v 100.000000 80.000000 -50.000000
v 100.000000 85.000000 -50.000000
v 100.000000 90.000000 -50.000000
v 100.000000 95.000000 -50.000000
v 100.000000 100.000000 -50.000000
v 100.000000 -100.000000 -55.000000
v 100.000000 -95.000000 -55.000000
v 100.000000 -90.000000 -55.000000
v 100.000000 -85.000000 -55.000000
v 100.000000 -80.000000 -55.000000
v 100.000000 -75.000000 -55.000000
v 100.000000 -70.000000 -55.000000
v 100.000000 -65.000000 -55.000000
v 100.000000 -60.000000 -55.000000
v 100.000000 -55.000000 -55.000000
v 100.000000 -50.000000 -55.000000
v 100.000000 -45.000000 -55.000000
v 100.000000 -40.000000 -55.000000
v 100.000000 -35.000000 -55.000000
v 100.000000 -30.000000 -55.000000
v 100.000000 -25.000000 -55.000000
v 100.000000 -20.000000 -55.000000
v 100.000000 -15.000000 -55.000000
v 100.000000 -10.000000 -55.000000
v 100.000000 -5.000000 -55.000000
v 100.000000 0.000000 -55.000000
v 100.000000 5.000000 -55.000000
v 100.000000 10.000000 -55.000000
v 100.000000 15.000000 -55.000000
v 100.000000 20.000000 -55.000000
v 100.000000 25.000000 -55.000000
v 100.000000 30.000000 -55.000000
v 100.000000 35.000000 -55.000000
v 100.000000 40.000000 -55.000000
v 100.000000 45.000000 -55.000000
v 100.000000 50.000000 -55.000000
v 100.000000 55.000000 -55.000000
v 100.000000 60.000000 -55.000000
v 100.000000 65.000000 -55.000000
v 100.000000 70.000000 -55.000000
v 100.000000 75.000000 -55.000000
v 100.000000 80.000000 -55.000000
v 100.000000 85.000000 -55.000000
v 100.000000 90.000000 -55.000000
v 100.000000 95.000000 -55.000000
v 100.000000 100.000000 -55.000000
v 100.000000 -100.000000 -60.000000
v 100.000000 -95.000000 -60.000000
v 100.000000 -90.000000 -60.000000
v 100.000000 -85.000000 -60.000000
v 100.000000 -80.000000 -60.000000
v 100.000000 -75.000000 -60.000000
v 100.000000 -70.000000 -60.000000
v 100.000000 -65.000000 -60.000000
v 100.000000 -60.000000 -60.000000
v 100.000000 -55.000000 -60.000000
v 100.000000 -50.000000 -60.000000
v 100.000000 -45.000000 -60.000000
v 100.000000 -40.000000 -60.000000
v 100.000000 -35.000000 -60.000000
v 100.000000 -30.000000 -60.000000
v 100.000000 -25.000000 -60.000000
v 100.000000 -20.000000 -60.000000
v 100.000000 -15.000000 -60.000000
v 100.000000 -10.000000 -60.000000
v 100.000000 -5.000000 -60.000000
v 100.000000 0.000000 -60.000000
v 100.000000 5.000000 -60.000000
v 100.000000 10.000000 -60.000000
v 100.000000 15.000000 -60.000000
v 100.000000 20.000000 -60.000000
v 100.000000 25.000000 -60.000000
v 100.000000 30.000000 -60.000000
v 100.000000 35.000000 -60.000000
v 100.000000 40.000000 -60.000000
v 100.000000 45.000000 -60.000000
v 100.000000 50.000000 -60.000000
v 100.000000 55.000000 -60.000000
v 100.000000 60.000000 -60.000000
v 100.000000 65.000000 -60.000000
v 100.000000 70.000000 -60.000000
v 100.000000 75.000000 -60.000000
v 100.000000 80.000000 -60.000000
v 100.000000 85.000000 -60.000000
v 100.000000 90.000000 -60.000000
v 100.000000 95.000000 -60.000000
v 100.000000 100.000000 -60.000000
v 100.000000 -100.000000 -65.000000
v 100.000000 -95.000000 -65.000000
v 100.000000 -90.000000 -65.000000
v 100.000000 -85.000000 -65.000000
v 100.000000 -80.000000 -65.000000
v 100.000000 -75.000000 -65.000000
v 100.000000 -70.000000 -65.000000
v 100.000000 -65.000000 -65.000000
v 100.000000 -60.000000 -65.000000
v 100.000000 -55.000000 -65.000000
v 100.000000 -50.000000 -65.000000
v 100.000000 -45.000000 -65.000000
v 100.000000 -40.000000 -65.000000
v 100.000000 -35.000000 -65.000000
v 100.000000 -30.000000 -65.000000
v 100.000000 -25.000000 -65.000000
v 100.000000 -20.000000 -65.000000
v 100.000000 -15.000000 -65.000000
v 100.000000 -10.000000 -65.000000
v 100.000000 -5.000000 -65.000000
v 100.000000 0.000000 -65.000000
v 100.000000 5.000000 -65.000000
v 100.000000 10.000000 -65.000000
v 100.000000 15.000000 -65.000000
v 100.000000 20.000000 -65.000000
v 100.000000 25.000000 -65.000000
v 100.000000 30.000000 -65.000000
v 100.000000 35.000000 -65.000000
v 100.000000 40.000000 -65.000000
v 100.000000 45.000000 -65.000000
v 100.000000 50.000000 -65.000000
v 100.000000 55.000000 -65.000000
v 100.000000 60.000000 -65.000000
v 100.000000 65.000000 -65.000000
v 100.000000 70.000000 -65.000000
v 100.000000 75.000000 -65.000000
v 100.000000 80.000000 -65.000000
v 100.000000 85.000000 -65.000000
v 100.000000 90.000000 -65.000000
v 100.000000 95.000000 -65.000000
v 100.000000 100.000000 -65.000000
v 100.000000 -100.000000 -70.000000
v 100.000000 -95.000000 -70.000000
v 100.000000 -90.000000 -70.000000
v 100.000000 -85.000000 -70.000000
v 100.000000 -80.000000 -70.000000
v 100.000000 -75.000000 -70.000000
v 100.000000 -70.000000 -70.000000
v 100.000000 -65.000000 -70.000000
v 100.000000 -60.000000 -70.000000
v 100.000000 -55.000000 -70.000000
v 100.000000 -50.000000 -70.000000
v 100.000000 -45.000000 -70.000000
v 100.000000 -40.000000 -70.000000
v 100.000000 -35.000000 -70.000000
v 100.000000 -30.000000 -70.000000
v 100.000000 -25.000000 -70.000000
v 100.000000 -20.000000 -70.000000
v 100.000000 -15.000000 -70.000000
v 100.000000 -10.000000 -70.000000
v 100.000000 -5.000000 -70.000000
v 100.000000 0.000000 -70.000000
v 100.000000 5.000000 -70.000000
v 100.000000 10.000000 -70.000000
v 100.000000 15.000000 -70.000000
v 100.000000 20.000000 -70.000000
v 100.000000 25.000000 -70.000000
v 100.000000 30.000000 -70.000000
v 100.000000 35.000000 -70.000000
v 100.000000 40.000000 -70.000000
v 100.000000 45.000000 -70.000000
v 100.000000 50.000000 -70.000000
v 100.000000 55.000000 -70.000000
v 100.000000 60.000000 -70.000000
v 100.000000 65.000000 -70.000000
v 100.000000 70.000000 -70.000000
v 100.000000 75.000000 -70.000000
v 100.000000 80.000000 -70.000000
v 100.000000 85.000000 -70.000000
v 100.000000 90.000000 -70.000000
v 100.000000 95.000000 -70.000000
v 100.000000 100.000000 -70.000000
v 100.000000 -100.000000 -75.000000
v 100.000000 -95.000000 -75.000000
v 100.000000 -90.000000 -75.000000
v 100.000000 -85.000000 -75.000000
v 100.000000 -80.000000 -75.000000
v 100.000000 -75.000000 -75.000000
v 100.000000 -70.000000 -75.000000
v 100.000000 -65.000000 -75.000000
v 100.000000 -60.000000 -75.000000
v 100.000000 -55.000000 -75.000000
v 100.000000 -50.000000 -75.000000
v 100.000000 -45.000000 -75.000000
v 100.000000 -40.000000 -75.000000
v 100.000000 -35.000000 -75.000000
v 100.000000 -30.000000 -75.000000
v 100.000000 -25.000000 -75.000000
v 100.000000 -20.000000 -75.000000
v 100.000000 -15.000000 -75.000000
v 100.000000 -10.000000 -75.000000
v 100.000000 -5.000000 -75.000000
v 100.000000 0.000000 -75.000000
v 100.000000 5.000000 -75.000000
v 100.000000 10.000000 -75.000000
v 100.000000 15.000000 -75.000000
v 100.000000 20.000000 -75.000000
v 100.000000 25.000000 -75.000000
v 100.000000 30.000000 -75.000000
v 100.000000 35.000000 -75.000000
v 100.000000 40.000000 -75.000000
v 100.000000 45.000000 -75.000000
v 100.000000 50.000000 -75.000000
v 100.000000 55.000000 -75.000000
v 100.000000 60.000000 -75.000000
v 100.000000 65.000000 -75.000000
v 100.000000 70.000000 -75.000000
v 100.000000 75.000000 -75.000000
v 100.000000 80.000000 -75.000000
v 100.000000 85.000000 -75.000000
v 100.000000 90.000000 -75.000000
v 100.000000 95.000000 -75.000000
v 100.000000 100.000000 -75.000000
v 100.000000 -100.000000 -80.000000
v 100.000000 -95.000000 -80.000000
v 100.000000 -90.000000 -80.000000
v 100.000000 -85.000000 -80.000000
v 100.000000 -80.000000 -80.000000
v 100.000000 -75.000000 -80.000000
v 100.000000 -70.000000 -80.000000
v 100.000000 -65.000000 -80.000000
v 100.000000 -60.000000 -80.000000
v 100.000000 -55.000000 -80.000000
v 100.000000 -50.000000 -80.000000
v 100.000000 -45.000000 -80.000000
v 100.000000 -40.000000 -80.000000
v 100.000000 -35.000000 -80.000000
v 100.000000 -30.000000 -80.000000
v 100.000000 -25.000000 -80.000000
v 100.000000 -20.000000 -80.000000
v 100.000000 -15.000000 -80.000000
v 100.000000 -10.000000 -80.000000
v 100.000000 -5.000000 -80.000000
v 100.000000 0.000000 -80.000000
v 100.000000 5.000000 -80.000000
v 100.000000 10.000000 -80.000000
v 100.000000 15.000000 -80.000000
v 100.000000 20.000000 -80.000000
v 100.000000 25.000000 -80.000000
v 100.000000 30.000000 -80.000000
v 100.000000 35.000000 -80.000000
v 100.000000 40.000000 -80.000000
v 100.000000 45.000000 -80.000000
v 100.000000 50.000000 -80.000000
v 100.000000 55.000000 -80.000000
v 100.000000 60.000000 -80.000000
v 100.000000 65.000000 -80.000000
v 100.000000 70.000000 -80.000000
v 100.000000 75.000000 -80.000000
v 100.000000 80.000000 -80.000000
v 100.000000 85.000000 -80.000000
v 100.000000 90.000000 -80.000000
v 100.000000 95.000000 -80.000000
v 100.000000 100.000000 -80.000000
v 100.000000 -100.000000 -85.000000
v 100.000000 -95.000000 -85.000000
v 100.000000 -90.000000 -85.000000
v 100.000000 -85.000000 -85.000000
v 100.000000 -80.000000 -85.000000
v 100.000000 -75.000000 -85.000000
v 100.000000 -70.000000 -85.000000
v 100.000000 -65.000000 -85.000000
v 100.000000 -60.000000 -85.000000
v 100.000000 -55.000000 -85.000000
v 100.000000 -50.000000 -85.000000
v 100.000000 -45.000000 -85.000000
v 100.000000 -40.000000 -85.000000
v 100.000000 -35.000000 -85.000000
v 100.000000 -30.000000 -85.000000
v 100.000000 -25.000000 -85.000000
v 100.000000 -20.000000 -85.000000
v 100.000000 -15.000000 -85.000000
v 100.000000 -10.000000 -85.000000
v 100.000000 -5.000000 -85.000000
v 100.000000 0.000000 -85.000000
v 100.000000 5.000000 -85.000000
v 100.000000 10.000000 -85.000000
v 100.000000 15.000000 -85.000000
v 100.000000 20.000000 -85.000000
v 100.000000 25.000000 -85.000000
v 100.000000 30.000000 -85.000000
v 100.000000 35.000000 -85.000000
v 100.000000 40.000000 -85.000000
v 100.000000 45.000000 -85.000000
v 100.000000 50.000000 -85.000000
v 100.000000 55.000000 -85.000000
v 100.000000 60.000000 -85.000000
v 100.000000 65.000000 -85.000000
v 100.000000 70.000000 -85.000000
v 100.000000 75.000000 -85.000000
v 100.000000 80.000000 -85.000000
v 100.000000 85.000000 -85.000000
v 100.000000 90.000000 -85.000000
v 100.000000 95.000000 -85.000000
v 100.000000 100.000000 -85.000000
v 100.000000 -100.000000 -90.000000
v 100.000000 -95.000000 -90.000000
v 100.000000 -90.000000 -90.000000
v 100.000000 -85.000000 -90.000000
v 100.000000 -80.000000 -90.000000
v 100.000000 -75.000000 -90.000000
v 100.000000 -70.000000 -90.000000
v 100.000000 -65.000000 -90.000000
v 100.000000 -60.000000 -90.000000
v 100.000000 -55.000000 -90.000000
v 100.000000 -50.000000 -90.000000
v 100.000000 -45.000000 -90.000000
v 100.000000 -40.000000 -90.000000
v 100.000000 -35.000000 -90.000000
v 100.000000 -30.000000 -90.000000
v 100.000000 -25.000000 -90.000000
v 100.000000 -20.000000 -90.000000
v 100.000000 -15.000000 -90.000000
v 100.000000 -10.000000 -90.000000
v 100.000000 -5.000000 -90.000000
v 100.000000 0.000000 -90.000000
v 100.000000 5.000000 -90.000000
v 100.000000 10.000000 -90.000000
v 100.000000 15.000000 -90.000000
v 100.000000 20.000000 -90.000000
v 100.000000 25.000000 -90.000000
v 100.000000 30.000000 -90.000000
v 100.000000 35.000000 -90.000000
v 100.000000 40.000000 -90.000000
v 100.000000 45.000000 -90.000000
v 100.000000 50.000000 -90.000000
v 100.000000 55.000000 -90.000000
v 100.000000 60.000000 -90.000000
v 100.000000 65.000000 -90.000000
v 100.000000 70.000000 -90.000000
v 100.000000 75.000000 -90.000000
v 100.000000 80.000000 -90.000000
v 100.000000 85.000000 -90.000000
v 100.000000 90.000000 -90.000000
v 100.000000 95.000000 -90.000000
v 100.000000 100.000000 -90.000000
v 100.000000 -100.000000 -95.000000
v 100.000000 -95.000000 -95.000000
v 100.000000 -90.000000 -95.000000
v 100.000000 -85.000000 -95.000000
v 100.000000 -80.000000 -95.000000
v 100.000000 -75.000000 -95.000000
v 100.000000 -70.000000 -95.000000
v 100.000000 -65.000000 -95.000000
v 100.000000 -60.000000 -95.000000
v 100.000000 -55.000000 -95.000000
v 100.000000 -50.000000 -95.000000
v 100.000000 -45.000000 -95.000000
v 100.000000 -40.000000 -95.000000
v 100.000000 -35.000000 -95.000000
v 100.000000 -30.000000 -95.000000
v 100.000000 -25.000000 -95.000000
v 100.000000 -20.000000 -95.000000
v 100.000000 -15.000000 -95.000000
v 100.000000 -10.000000 -95.000000
v 100.000000 -5.000000 -95.000000
v 100.000000 0.000000 -95.000000
v 100.000000 5.000000 -95.000000
v 100.000000 10.000000 -95.000000
v 100.000000 15.000000 -95.000000
v 100.000000 20.000000 -95.000000
v 100.000000 25.000000 -95.000000
v 100.000000 30.000000 -95.000000
v 100.000000 35.000000 -95.000000
v 100.000000 40.000000 -95.000000
v 100.000000 45.000000 -95.000000
v 100.000000 50.000000 -95.000000
v 100.000000 55.000000 -95.000000
v 100.000000 60.000000 -95.000000
v 100.000000 65.000000 -95.000000
v 100.000000 70.000000 -95.000000
v 100.000000 75.000000 -95.000000
v 100.000000 80.000000 -95.000000
v 100.000000 85.000000 -95.000000
v 100.000000 90.000000 -95.000000
v 100.000000 95.000000 -95.000000
v 100.000000 100.000000 -95.000000
v 100.000000 -100.000000 -100.000000
v 100.000000 -95.000000 -100.000000
v 100.000000 -90.000000 -100.000000
v 100.000000 -85.000000 -100.000000
v 100.000000 -80.000000 -100.000000
v 100.000000 -75.000000 -100.000000
v 100.000000 -70.000000 -100.000000
v 100.000000 -65.000000 -100.000000
v 100.000000 -60.000000 -100.000000
v 100.000000 -55.000000 -100.000000
v 100.000000 -50.000000 -100.000000
v 100.000000 -45.000000 -100.000000
v 100.000000 -40.000000 -100.000000
v 100.000000 -35.000000 -100.000000
v 100.000000 -30.000000 -100.000000
v 100.000000 -25.000000 -100.000000
v 100.000000 -20.000000 -100.000000
v 100.000000 -15.000000 -100.000000
v 100.000000 -10.000000 -100.000000
v 100.000000 -5.000000 -100.000000
v 100.000000 0.000000 -100.000000
v 100.000000 5.000000 -100.000000
v 100.000000 10.000000 -100.000000
v 100.000000 15.000000 -100.000000
v 100.000000 20.000000 -100.000000
v 100.000000 25.000000 -100.000000
v 100.000000 30.000000 -100.000000
v 100.000000 35.000000 -100.000000
v 100.000000 40.000000 -100.000000
v 100.000000 45.000000 -100.000000
v 100.000000 50.000000 -100.000000
v 100.000000 55.000000 -100.000000
v 100.000000 60.000000 -100.000000
v 100.000000 65.000000 -100.000000
v 100.000000 70.000000 -100.000000
v 100.000000 75.000000 -100.000000
v 100.000000 80.000000 -100.000000
v 100.000000 85.000000 -100.000000
v 100.000000 90.000000 -100.000000
v 100.000000 95.000000 -100.000000
v 100.000000 100.000000 -100.000000
v 95.000000 -100.000000 -100.000000
v 95.000000 -95.000000 -100.000000
v 95.000000 -90.000000 -100.000000
v 95.000000 -85.000000 -100.000000
v 95.000000 -80.000000 -100.000000
v 95.000000 -75.000000 -100.000000
v 95.000000 -70.000000 -100.000000
v 95.000000 -65.000000 -100.000000
v 95.000000 -60.000000 -100.000000
v 95.000000 -55.000000 -100.000000
v 95.000000 -50.000000 -100.000000
v 95.000000 -45.000000 -100.000000
v 95.000000 -40.000000 -100.000000
v 95.000000 -35.000000 -100.000000
v 95.000000 -30.000000 -100.000000
v 95.000000 -25.000000 -100.000000
v 95.000000 -20.000000 -100.000000
v 95.000000 -15.000000 -100.000000
v 95.000000 -10.000000 -100.000000
v 95.000000 -5.000000 -100.000000
v 95.000000 0.000000 -100.000000
v 95.000000 5.000000 -100.000000
v 95.000000 10.000000 -100.000000
v 95.000000 15.000000 -100.000000
v 95.000000 20.000000 -100.000000
v 95.000000 25.000000 -100.000000
v 95.000000 30.000000 -100.000000
v 95.000000 35.000000 -100.000000
v 95.000000 40.000000 -100.000000
v 95.000000 45.000000 -100.000000
v 95.000000 50.000000 -100.000000
v 95.000000 55.000000 -100.000000
v 95.000000 60.000000 -100.000000
v 95.000000 65.000000 -100.000000
v 95.000000 70.000000 -100.000000
v 95.000000 75.000000 -100.000000
v 95.000000 80.000000 -100.000000
v 95.000000 85.000000 -100.000000
v 95.000000 90.000000 -100.000000
v 95.000000 95.000000 -100.000000
v 95.000000 100.000000 -100.000000
v 90.000000 -100.000000 -100.000000
v 90.000000 -95.000000 -100.000000
v 90.000000 -90.000000 -100.000000
v 90.000000 -85.000000 -100.000000
v 90.000000 -80.000000 -100.000000
v 90.000000 -75.000000 -100.000000
v 90.000000 -70.000000 -100.000000
v 90.000000 -65.000000 -100.000000
v 90.000000 -60.000000 -100.000000
v 90.000000 -55.000000 -100.000000
v 90.000000 -50.000000 -100.000000
v 90.000000 -45.000000 -100.000000
v 90.000000 -40.000000 -100.000000
v 90.000000 -35.000000 -100.000000
v 90.000000 -30.000000 -100.000000
v 90.000000 -25.000000 -100.000000
v 90.000000 -20.000000 -100.000000
v 90.000000 -15.000000 -100.000000
v 90.000000 -10.000000 -100.000000
v 90.000000 -5.000000 -100.000000
v 90.000000 0.000000 -100.000000
v 90.000000 5.000000 -100.000000
v 90.000000 10.000000 -100.000000
v 90.000000 15.000000 -100.000000
v 90.000000 20.000000 -100.000000
v 90.000000 25.000000 -100.000000
v 90.000000 30.000000 -100.000000
v 90.000000 35.000000 -100.000000
v 90.000000 40.000000 -100.000000
v 90.000000 45.000000 -100.000000
v 90.000000 50.000000 -100.000000
v 90.000000 55.000000 -100.000000
v 90.000000 60.000000 -100.000000
v 90.000000 65.000000 -100.000000
v 90.000000 70.000000 -100.000000
v 90.000000 75.000000 -100.000000
v 90.000000 80.000000 -100.000000
v 90.000000 85.000000 -100.000000
v 90.000000 90.000000 -100.000000
v 90.000000 95.000000 -100.000000
v 90.000000 100.000000 -100.000000
v 85.000000 -100.000000 -100.000000
v 85.000000 -95.000000 -100.000000
v 85.000000 -90.000000 -100.000000
v 85.000000 -85.000000 -100.000000
v 85.000000 -80.000000 -100.000000
v 85.000000 -75.000000 -100.000000
v 85.000000 -70.000000 -100.000000
v 85.000000 -65.000000 -100.000000
v 85.000000 -60.000000 -100.000000
v 85.000000 -55.000000 -100.000000
v 85.000000 -50.000000 -100.000000
v 85.000000 -45.000000 -100.000000
v 85.000000 -40.000000 -100.000000
v 85.000000 -35.000000 -100.000000
v 85.000000 -30.000000 -100.000000
v 85.000000 -25.000000 -100.000000
v 85.000000 -20.000000 -100.000000
v 85.000000 -15.000000 -100.000000
v 85.000000 -10.000000 -100.000000
v 85.000000 -5.000000 -100.000000
v 85.000000 0.000000 -100.000000
v 85.000000 5.000000 -100.000000
v 85.000000 10.000000 -100.000000
v 85.000000 15.000000 -100.000000
v 85.000000 20.000000 -100.000000
v 85.000000 25.000000 -100.000000
v 85.000000 30.000000 -100.000000
v 85.000000 35.000000 -100.000000
v 85.000000 40.000000 -100.000000
v 85.000000 45.000000 -100.000000
v 85.000000 50.000000 -100.000000
v 85.000000 55.000000 -100.000000
v 85.000000 60.000000 -100.000000
v 85.000000 65.000000 -100.000000
v 85.000000 70.000000 -100.000000
v 85.000000 75.000000 -100.000000
v 85.000000 80.000000 -100.000000
v 85.000000 85.000000 -100.000000
v 85.000000 90.000000 -100.000000
v 85.000000 95.000000 -100.000000
v 85.000000 100.000000 -100.000000
v 80.000000 -100.000000 -100.000000
v 80.000000 -95.000000 -100.000000
v 80.000000 -90.000000 -100.000000
v 80.000000 -85.000000 -100.000000
v 80.000000 -80.000000 -100.000000
v 80.000000 -75.000000 -100.000000
v 80.000000 -70.000000 -100.000000
v 80.000000 -65.000000 -100.000000
v 80.000000 -60.000000 -100.000000
v 80.000000 -55.000000 -100.000000
v 80.000000 -50.000000 -100.000000
v 80.000000 -45.000000 -100.000000
v 80.000000 -40.000000 -100.000000
v 80.000000 -35.000000 -100.000000
v 80.000000 -30.000000 -100.000000
v 80.000000 -25.000000 -100.000000
v 80.000000 -20.000000 -100.000000
v 80.000000 -15.000000 -100.000000
v 80.000000 -10.000000 -100.000000
v 80.000000 -5.000000 -100.000000
v 80.000000 0.000000 -100.000000
v 80.000000 5.000000 -100.000000
v 80.000000 10.000000 -100.000000
v 80.000000 15.000000 -100.000000
v 80.000000 20.000000 -100.000000
v 80.000000 25.000000 -100.000000
v 80.000000 30.000000 -100.000000
v 80.000000 35.000000 -100.000000
v 80.000000 40.000000 -100.000000
v 80.000000 45.000000 -100.000000
v 80.000000 50.000000 -100.000000
v 80.000000 55.000000 -100.000000
v 80.000000 60.000000 -100.000000
v 80.000000 65.000000 -100.000000
v 80.000000 70.000000 -100.000000
v 80.000000 75.000000 -100.000000
v 80.000000 80.000000 -100.000000
v 80.000000 85.000000 -100.000000
v 80.000000 90.000000 -100.000000
v 80.000000 95.000000 -100.000000
v 80.000000 100.000000 -100.000000
v 75.000000 -100.000000 -100.000000
v 75.000000 -95.000000 -100.000000
v 75.000000 -90.000000 -100.000000
v 75.000000 -85.000000 -100.000000
v 75.000000 -80.000000 -100.000000
v 75.000000 -75.000000 -100.000000
v 75.000000 -70.000000 -100.000000
v 75.000000 -65.000000 -100.000000
v 75.000000 -60.000000 -100.000000
v 75.000000 -55.000000 -100.000000
v 75.000000 -50.000000 -100.000000
v 75.000000 -45.000000 -100.000000
v 75.000000 -40.000000 -100.000000
v 75.000000 -35.000000 -100.000000
v 75.000000 -30.000000 -100.000000
v 75.000000 -25.000000 -100.000000
v 75.000000 -20.000000 -100.000000
v 75.000000 -15.000000 -100.000000
v 75.000000 -10.000000 -100.000000
v 75.000000 -5.000000 -100.000000
v 75.000000 0.000000 -100.000000
v 75.000000 5.000000 -100.000000
v 75.000000 10.000000 -100.000000
v 75.000000 15.000000 -100.000000
v 75.000000 20.000000 -100.000000
v 75.000000 25.000000 -100.000000
v 75.000000 30.000000 -100.000000
v 75.000000 35.000000 -100.000000
v 75.000000 40.000000 -100.000000
v 75.000000 45.000000 -100.000000
v 75.000000 50.000000 -100.000000
v 75.000000 55.000000 -100.000000
v 75.000000 60.000000 -100.000000
v 75.000000 65.000000 -100.000000
v 75.000000 70.000000 -100.000000
v 75.000000 75.000000 -100.000000
v 75.000000 80.000000 -100.000000
v 75.000000 85.000000 -100.000000
v 75.000000 90.000000 -100.000000
v 75.000000 95.000000 -100.000000
v 75.000000 100.000000 -100.000000
v 70.000000 -100.000000 -100.000000
v 70.000000 -95.000000 -100.000000
v 70.000000 -90.000000 -100.000000
v 70.000000 -85.000000 -100.000000
v 70.000000 -80.000000 -100.000000
v 70.000000 -75.000000 -100.000000
v 70.000000 -70.000000 -100.000000
v 70.000000 -65.000000 -100.000000
v 70.000000 -60.000000 -100.000000
v 70.000000 -55.000000 -100.000000
v 70.000000 -50.000000 -100.000000
v 70.000000 -45.000000 -100.000000
v 70.000000 -40.000000 -100.000000
v 70.000000 -35.000000 -100.000000
v 70.000000 -30.000000 -100.000000
v 70.000000 -25.000000 -100.000000
v 70.000000 -20.000000 -100.000000
v 70.000000 -15.000000 -100.000000
v 70.000000 -10.000000 -100.000000
v 70.000000 -5.000000 -100.000000
v 70.000000 0.000000 -100.000000
v 70.000000 5.000000 -100.000000
v 70.000000 10.000000 -100.000000
v 70.000000 15.000000 -100.000000
v 70.000000 20.000000 -100.000000
v 70.000000 25.000000 -100.000000
v 70.000000 30.000000 -100.000000
v 70.000000 35.000000 -100.000000
v 70.000000 40.000000 -100.000000
v 70.000000 45.000000 -100.000000
v 70.000000 50.000000 -100.000000
v 70.000000 55.000000 -100.000000
v 70.000000 60.000000 -100.000000
v 70.000000 65.000000 -100.000000
v 70.000000 70.000000 -100.000000
v 70.000000 75.000000 -100.000000
v 70.000000 80.000000 -100.000000
v 70.000000 85.000000 -100.000000
v 70.000000 90.000000 -100.000000
v 70.000000 95.000000 -100.000000
v 70.000000 100.000000 -100.000000
v 65.000000 -100.000000 -100.000000
v 65.000000 -95.000000 -100.000000
v 65.000000 -90.000000 -100.000000
v 65.000000 -85.000000 -100.000000
v 65.000000 -80.000000 -100.000000
v 65.000000 -75.000000 -100.000000
v 65.000000 -70.000000 -100.000000
v 65.000000 -65.000000 -100.000000
v 65.000000 -60.000000 -100.000000
v 65.000000 -55.000000 -100.000000
v 65.000000 -50.000000 -100.000000
v 65.000000 -45.000000 -100.000000
v 65.000000 -40.000000 -100.000000
v 65.000000 -35.000000 -100.000000
v 65.000000 -30.000000 -100.000000
v 65.000000 -25.000000 -100.000000
v 65.000000 -20.000000 -100.000000
v 65.000000 -15.000000 -100.000000
v 65.000000 -10.000000 -100.000000
v 65.000000 -5.000000 -100.000000
v 65.000000 0.000000 -100.000000
v 65.000000 5.000000 -100.000000
v 65.000000 10.000000 -100.000000
v 65.000000 15.000000 -100.000000
v 65.000000 20.000000 -100.000000
v 65.000000 25.000000 -100.000000
v 65.000000 30.000000 -100.000000
v 65.000000 35.000000 -100.000000
v 65.000000 40.000000 -100.000000
v 65.000000 45.000000 -100.000000
v 65.000000 50.000000 -100.000000
v 65.000000 55.000000 -100.000000
v 65.000000 60.000000 -100.000000
v 65.000000 65.000000 -100.000000
v 65.000000 70.000000 -100.000000
v 65.000000 75.000000 -100.000000
v 65.000000 80.000000 -100.000000
v 65.000000 85.000000 -100.000000
v 65.000000 90.000000 -100.000000
v 65.000000 95.000000 -100.000000
v 65.000000 100.000000 -100.000000
v 60.000000 -100.000000 -100.000000
v 60.000000 -95.000000 -100.000000
v 60.000000 -90.000000 -100.000000
v 60.000000 -85.000000 -100.000000
v 60.000000 -80.000000 -100.000000
v 60.000000 -75.000000 -100.000000
v 60.000000 -70.000000 -100.000000
v 60.000000 -65.000000 -100.000000
v 60.000000 -60.000000 -100.000000
v 60.000000 -55.000000 -100.000000
v 60.000000 -50.000000 -100.000000
v 60.000000 -45.000000 -100.000000
v 60.000000 -40.000000 -100.000000
v 60.000000 -35.000000 -100.000000
v 60.000000 -30.000000 -100.000000
v 60.000000 -25.000000 -100.000000
v 60.000000 -20.000000 -100.000000
v 60.000000 -15.000000 -100.000000
v 60.000000 -10.000000 -100.000000
v 60.000000 -5.000000 -100.000000
v 60.000000 0.000000 -100.000000
v 60.000000 5.000000 -100.000000
v 60.000000 10.000000 -100.000000
v 60.000000 15.000000 -100.000000
v 60.000000 20.000000 -100.000000
v 60.000000 25.000000 -100.000000
v 60.000000 30.000000 -100.000000
v 60.000000 35.000000 -100.000000
v 60.000000 40.000000 -100.000000
v 60.000000 45.000000 -100.000000
v 60.000000 50.000000 -100.000000
v 60.000000 55.000000 -100.000000
v 60.000000 60.000000 -100.000000
v 60.000000 65.000000 -100.000000
v 60.000000 70.000000 -100.000000
v 60.000000 75.000000 -100.000000
v 60.000000 80.000000 -100.000000
v 60.000000 85.000000 -100.000000
v 60.000000 90.000000 -100.000000
v 60.000000 95.000000 -100.000000
v 60.000000 100.000000 -100.000000
v 55.000000 -100.000000 -100.000000
v 55.000000 -95.000000 -100.000000
v 55.000000 -90.000000 -100.000000
v 55.000000 -85.000000 -100.000000
v 55.000000 -80.000000 -100.000000
v 55.000000 -75.000000 -100.000000
v 55.000000 -70.000000 -100.000000
v 55.000000 -65.000000 -100.000000
v 55.000000 -60.000000 -100.000000
v 55.000000 -55.000000 -100.000000
v 55.000000 -50.000000 -100.000000
v 55.000000 -45.000000 -100.000000
v 55.000000 -40.000000 -100.000000
v 55.000000 -35.000000 -100.000000
v 55.000000 -30.000000 -100.000000
v 55.000000 -25.000000 -100.000000
v 55.000000 -20.000000 -100.000000
v 55.000000 -15.000000 -100.000000
v 55.000000 -10.000000 -100.000000
v 55.000000 -5.000000 -100.000000
v 55.000000 0.000000 -100.000000
v 55.000000 5.000000 -100.000000
v 55.000000 10.000000 -100.000000
v 55.000000 15.000000 -100.000000
v 55.000000 20.000000 -100.000000
v 55.000000 25.000000 -100.000000
v 55.000000 30.000000 -100.000000
v 55.000000 35.000000 -100.000000
v 55.000000 40.000000 -100.000000
v 55.000000 45.000000 -100.000000
v 55.000000 50.000000 -100.000000
v 55.000000 55.000000 -100.000000
v 55.000000 60.000000 -100.000000
v 55.000000 65.000000 -100.000000
v 55.000000 70.000000 -100.000000
v 55.000000 75.000000 -100.000000
v 55.000000 80.000000 -100.000000
v 55.000000 85.000000 -100.000000
v 55.000000 90.000000 -100.000000
v 55.000000 95.000000 -100.000000
v 55.000000 100.000000 -100.000000
v 50.000000 -100.000000 -100.000000
v 50.000000 -95.000000 -100.000000
v 50.000000 -90.000000 -100.000000
v 50.000000 -85.000000 -100.000000
v 50.000000 -80.000000 -100.000000
v 50.000000 -75.000000 -100.000000
v 50.000000 -70.000000 -100.000000
v 50.000000 -65.000000 -100.000000
v 50.000000 -60.000000 -100.000000
v 50.000000 -55.000000 -100.000000
v 50.000000 -50.000000 -100.000000
v 50.000000 -45.000000 -100.000000
v 50.000000 -40.000000 -100.000000
v 50.000000 -35.000000 -100.000000
v 50.000000 -30.000000 -100.000000
v 50.000000 -25.000000 -100.000000
v 50.000000 -20.000000 -100.000000
v 50.000000 -15.000000 -100.000000
v 50.000000 -10.000000 -100.000000
v 50.000000 -5.000000 -100.000000
v 50.000000 0.000000 -100.000000
v 50.000000 5.000000 -100.000000
v 50.000000 10.000000 -100.000000
v 50.000000 15.000000 -100.000000
v 50.000000 20.000000 -100.000000
v 50.000000 25.000000 -100.000000
v 50.000000 30.000000 -100.000000
v 50.000000 35.000000 -100.000000
v 50.000000 40.000000 -100.000000
v 50.000000 45.000000 -100.000000
v 50.000000 50.000000 -100.000000
v 50.000000 55.000000 -100.000000
v 50.000000 60.000000 -100.000000
v 50.000000 65.000000 -100.000000
v 50.000000 70.000000 -100.000000
v 50.000000 75.000000 -100.000000
v 50.000000 80.000000 -100.000000
v 50.000000 85.000000 -100.000000
v 50.000000 90.000000 -100.000000
v 50.000000 95.000000 -100.000000
v 50.000000 100.000000 -100.000000
v 45.000000 -100.000000 -100.000000
v 45.000000 -95.000000 -100.000000
v 45.000000 -90.000000 -100.000000
v 45.000000 -85.000000 -100.000000
v 45.000000 -80.000000 -100.000000
v 45.000000 -75.000000 -100.000000
v 45.000000 -70.000000 -100.000000
v 45.000000 -65.000000 -100.000000
v 45.000000 -60.000000 -100.000000
v 45.000000 -55.000000 -100.000000
v 45.000000 -50.000000 -100.000000
v 45.000000 -45.000000 -100.000000
v 45.000000 -40.000000 -100.000000
v 45.000000 -35.000000 -100.000000
v 45.000000 -30.000000 -100.000000
v 45.000000 -25.000000 -100.000000
v 45.000000 -20.000000 -100.000000
v 45.000000 -15.000000 -100.000000
v 45.000000 -10.000000 -100.000000
v 45.000000 -5.000000 -100.000000
v 45.000000 0.000000 -100.000000
v 45.000000 5.000000 -100.000000
v 45.000000 10.000000 -100.000000
v 45.000000 15.000000 -100.000000
v 45.000000 20.000000 -100.000000
v 45.000000 25.000000 -100.000000
v 45.000000 30.000000 -100.000000
v 45.000000 35.000000 -100.000000
v 45.000000 40.000000 -100.000000
v 45.000000 45.000000 -100.000000
v 45.000000 50.000000 -100.000000
v 45.000000 55.000000 -100.000000
v 45.000000 60.000000 -100.000000
v 45.000000 65.000000 -100.000000
v 45.000000 70.000000 -100.000000
v 45.000000 75.000000 -100.000000
v 45.000000 80.000000 -100.000000
v 45.000000 85.000000 -100.000000
v 45.000000 90.000000 -100.000000
v 45.000000 95.000000 -100.000000
v 45.000000 100.000000 -100.000000
v 40.000000 -100.000000 -100.000000
v 40.000000 -95.000000 -100.000000
v 40.000000 -90.000000 -100.000000
v 40.000000 -85.000000 -100.000000
v 40.000000 -80.000000 -100.000000
v 40.000000 -75.000000 -100.000000
v 40.000000 -70.000000 -100.000000
v 40.000000 -65.000000 -100.000000
v 40.000000 -60.000000 -100.000000
v 40.000000 -55.000000 -100.000000
v 40.000000 -50.000000 -100.000000
v 40.000000 -45.000000 -100.000000
v 40.000000 -40.000000 -100.000000
v 40.000000 -35.000000 -100.000000
v 40.000000 -30.000000 -100.000000
v 40.000000 -25.000000 -100.000000
v 40.000000 -20.000000 -100.000000
v 40.000000 -15.000000 -100.000000
v 40.000000 -10.000000 -100.000000
v 40.000000 -5.000000 -100.000000
v 40.000000 0.000000 -100.000000
v 40.000000 5.000000 -100.000000
v 40.000000 10.000000 -100.000000
v 40.000000 15.000000 -100.000000
v 40.000000 20.000000 -100.000000
v 40.000000 25.000000 -100.000000
v 40.000000 30.000000 -100.000000
v 40.000000 35.000000 -100.000000
v 40.000000 40.000000 -100.000000
v 40.000000 45.000000 -100.000000
v 40.000000 50.000000 -100.000000
v 40.000000 55.000000 -100.000000
v 40.000000 60.000000 -100.000000
v 40.000000 65.000000 -100.000000
v 40.000000 70.000000 -100.000000
v 40.000000 75.000000 -100.000000
v 40.000000 80.000000 -100.000000
v 40.000000 85.000000 -100.000000
v 40.000000 90.000000 -100.000000
v 40.000000 95.000000 -100.000000
v 40.000000 100.000000 -100.000000
v 35.000000 -100.000000 -100.000000
v 35.000000 -95.000000 -100.000000
v 35.000000 -90.000000 -100.000000
v 35.000000 -85.000000 -100.000000
v 35.000000 -80.000000 -100.000000
v 35.000000 -75.000000 -100.000000
v 35.000000 -70.000000 -100.000000
v 35.000000 -65.000000 -100.000000
v 35.000000 -60.000000 -100.000000
v 35.000000 -55.000000 -100.000000
v 35.000000 -50.000000 -100.000000
v 35.000000 -45.000000 -100.000000
v 35.000000 -40.000000 -100.000000
v 35.000000 -35.000000 -100.000000
v 35.000000 -30.000000 -100.000000
v 35.000000 -25.000000 -100.000000
v 35.000000 -20.000000 -100.000000
v 35.000000 -15.000000 -100.000000
v 35.000000 -10.000000 -100.000000
v 35.000000 -5.000000 -100.000000
v 35.000000 0.000000 -100.000000
v 35.000000 5.000000 -100.000000
v 35.000000 10.000000 -100.000000
v 35.000000 15.000000 -100.000000
v 35.000000 20.000000 -100.000000
v 35.000000 25.000000 -100.000000
v 35.000000 30.000000 -100.000000
v 35.000000 35.000000 -100.000000
v 35.000000 40.000000 -100.000000
v 35.000000 45.000000 -100.000000
v 35.000000 50.000000 -100.000000
v 35.000000 55.000000 -100.000000
v 35.000000 60.000000 -100.000000
v 35.000000 65.000000 -100.000000
v 35.000000 70.000000 -100.000000
v 35.000000 75.000000 -100.000000
v 35.000000 80.000000 -100.000000
v 35.000000 85.000000 -100.000000
v 35.000000 90.000000 -100.000000
v 35.000000 95.000000 -100.000000
v 35.000000 100.000000 -100.000000
v 30.000000 -100.000000 -100.000000
v 30.000000 -95.000000 -100.000000
v 30.000000 -90.000000 -100.000000
v 30.000000 -85.000000 -100.000000
v 30.000000 -80.000000 -100.000000
v 30.000000 -75.000000 -100.000000
v 30.000000 -70.000000 -100.000000
v 30.000000 -65.000000 -100.000000
v 30.000000 -60.000000 -100.000000
v 30.000000 -55.000000 -100.000000
v 30.000000 -50.000000 -100.000000
v 30.000000 -45.000000 -100.000000
v 30.000000 -40.000000 -100.000000
v 30.000000 -35.000000 -100.000000
v 30.000000 -30.000000 -100.000000
v 30.000000 -25.000000 -100.000000
v 30.000000 -20.000000 -100.000000
v 30.000000 -15.000000 -100.000000
v 30.000000 -10.000000 -100.000000
v 30.000000 -5.000000 -100.000000
v 30.000000 0.000000 -100.000000
v 30.000000 5.000000 -100.000000
v 30.000000 10.000000 -100.000000
v 30.000000 15.000000 -100.000000
v 30.000000 20.000000 -100.000000
v 30.000000 25.000000 -100.000000
v 30.000000 30.000000 -100.000000
v 30.000000 35.000000 -100.000000
v 30.000000 40.000000 -100.000000
v 30.000000 45.000000 -100.000000
v 30.000000 50.000000 -100.000000
v 30.000000 55.000000 -100.000000
v 30.000000 60.000000 -100.000000
v 30.000000 65.000000 -100.000000
v 30.000000 70.000000 -100.000000
v 30.000000 75.000000 -100.000000
v 30.000000 80.000000 -100.000000
v 30.000000 85.000000 -100.000000
v 30.000000 90.000000 -100.000000
v 30.000000 95.000000 -100.000000
v 30.000000 100.000000 -100.000000
v 25.000000 -100.000000 -100.000000
v 25.000000 -95.000000 -100.000000
v 25.000000 -90.000000 -100.000000
v 25.000000 -85.000000 -100.000000
v 25.000000 -80.000000 -100.000000
v 25.000000 -75.000000 -100.000000
v 25.000000 -70.000000 -100.000000
v 25.000000 -65.000000 -100.000000
v 25.000000 -60.000000 -100.000000
v 25.000000 -55.000000 -100.000000
v 25.000000 -50.000000 -100.000000
v 25.000000 -45.000000 -100.000000
v 25.000000 -40.000000 -100.000000
v 25.000000 -35.000000 -100.000000
v 25.000000 -30.000000 -100.000000
v 25.000000 -25.000000 -100.000000
v 25.000000 -20.000000 -100.000000
v 25.000000 -15.000000 -100.000000
v 25.000000 -10.000000 -100.000000
v 25.000000 -5.000000 -100.000000
v 25.000000 0.000000 -100.000000
v 25.000000 5.000000 -100.000000
v 25.000000 10.000000 -100.000000
v 25.000000 15.000000 -100.000000
v 25.000000 20.000000 -100.000000
v 25.000000 25.000000 -100.000000
v 25.000000 30.000000 -100.000000
v 25.000000 35.000000 -100.000000
v 25.000000 40.000000 -100.000000
v 25.000000 45.000000 -100.000000
v 25.000000 50.000000 -100.000000
v 25.000000 55.000000 -100.000000
v 25.000000 60.000000 -100.000000
v 25.000000 65.000000 -100.000000
v 25.000000 70.000000 -100.000000
v 25.000000 75.000000 -100.000000
v 25.000000 80.000000 -100.000000
v 25.000000 85.000000 -100.000000
v 25.000000 90.000000 -100.000000
v 25.000000 95.000000 -100.000000
v 25.000000 100.000000 -100.000000
v 20.000000 -100.000000 -100.000000
v 20.000000 -95.000000 -100.000000
v 20.000000 -90.000000 -100.000000
v 20.000000 -85.000000 -100.000000
v 20.000000 -80.000000 -100.000000
v 20.000000 -75.000000 -100.000000
v 20.000000 -70.000000 -100.000000
v 20.000000 -65.000000 -100.000000
v 20.000000 -60.000000 -100.000000
v 20.000000 -55.000000 -100.000000
v 20.000000 -50.000000 -100.000000
v 20.000000 -45.000000 -100.000000
v 20.000000 -40.000000 -100.000000
v 20.000000 -35.000000 -100.000000
v 20.000000 -30.000000 -100.000000
v 20.000000 -25.000000 -100.000000
v 20.000000 -20.000000 -100.000000
v 20.000000 -15.000000 -100.000000
v 20.000000 -10.000000 -100.000000
v 20.000000 -5.000000 -100.000000
v 20.000000 0.000000 -100.000000
v 20.000000 5.000000 -100.000000
v 20.000000 10.000000 -100.000000
v 20.000000 15.000000 -100.000000
v 20.000000 20.000000 -100.000000
v 20.000000 25.000000 -100.000000
v 20.000000 30.000000 -100.000000
v 20.000000 35.000000 -100.000000
v 20.000000 40.000000 -100.000000
v 20.000000 45.000000 -100.000000
v 20.000000 50.000000 -100.000000
v 20.000000 55.000000 -100.000000
v 20.000000 60.000000 -100.000000
v 20.000000 65.000000 -100.000000
v 20.000000 70.000000 -100.000000
v 20.000000 75.000000 -100.000000
v 20.000000 80.000000 -100.000000
v 20.000000 85.000000 -100.000000
v 20.000000 90.000000 -100.000000
v 20.000000 95.000000 -100.000000
v 20.000000 100.000000 -100.000000
v 15.000000 -100.000000 -100.000000
v 15.000000 -95.000000 -100.000000
v 15.000000 -90.000000 -100.000000
v 15.000000 -85.000000 -100.000000
v 15.000000 -80.000000 -100.000000
v 15.000000 -75.000000 -100.000000
v 15.000000 -70.000000 -100.000000
v 15.000000 -65.000000 -100.000000
v 15.000000 -60.000000 -100.000000
v 15.000000 -55.000000 -100.000000
v 15.000000 -50.000000 -100.000000
v 15.000000 -45.000000 -100.000000
v 15.000000 -40.000000 -100.000000
v 15.000000 -35.000000 -100.000000
v 15.000000 -30.000000 -100.000000
v 15.000000 -25.000000 -100.000000
v 15.000000 -20.000000 -100.000000
v 15.000000 -15.000000 -100.000000
v 15.000000 -10.000000 -100.000000
v 15.000000 -5.000000 -100.000000
v 15.000000 0.000000 -100.000000
v 15.000000 5.000000 -100.000000
v 15.000000 10.000000 -100.000000
v 15.000000 15.000000 -100.000000
v 15.000000 20.000000 -100.000000
v 15.000000 25.000000 -100.000000
v 15.000000 30.000000 -100.000000
v 15.000000 35.000000 -100.000000
v 15.000000 40.000000 -100.000000
v 15.000000 45.000000 -100.000000
v 15.000000 50.000000 -100.000000
v 15.000000 55.000000 -100.000000
v 15.000000 60.000000 -100.000000
v 15.000000 65.000000 -100.000000
v 15.000000 70.000000 -100.000000
v 15.000000 75.000000 -100.000000
v 15.000000 80.000000 -100.000000
v 15.000000 85.000000 -100.000000
v 15.000000 90.000000 -100.000000
v 15.000000 95.000000 -100.000000
v 15.000000 100.000000 -100.000000
v 10.000000 -100.000000 -100.000000
v 10.000000 -95.000000 -100.000000
v 10.000000 -90.000000 -100.000000
v 10.000000 -85.000000 -100.000000
v 10.000000 -80.000000 -100.000000
v 10.000000 -75.000000 -100.000000
v 10.000000 -70.000000 -100.000000
v 10.000000 -65.000000 -100.000000
v 10.000000 -60.000000 -100.000000
v 10.000000 -55.000000 -100.000000
v 10.000000 -50.000000 -100.000000
v 10.000000 -45.000000 -100.000000
v 10.000000 -40.000000 -100.000000
v 10.000000 -35.000000 -100.000000
v 10.000000 -30.000000 -100.000000
v 10.000000 -25.000000 -100.000000
v 10.000000 -20.000000 -100.000000
v 10.000000 -15.000000 -100.000000
v 10.000000 -10.000000 -100.000000
v 10.000000 -5.000000 -100.000000
v 10.000000 0.000000 -100.000000
v 10.000000 5.000000 -100.000000
v 10.000000 10.000000 -100.000000
v 10.000000 15.000000 -100.000000
v 10.000000 20.000000 -100.000000
v 10.000000 25.000000 -100.000000
v 10.000000 30.000000 -100.000000
v 10.000000 35.000000 -100.000000
v 10.000000 40.000000 -100.000000
v 10.000000 45.000000 -100.000000
v 10.000000 50.000000 -100.000000
v 10.000000 55.000000 -100.000000
v 10.000000 60.000000 -100.000000
v 10.000000 65.000000 -100.000000
v 10.000000 70.000000 -100.000000
v 10.000000 75.000000 -100.000000
v 10.000000 80.000000 -100.000000
v 10.000000 85.000000 -100.000000
v 10.000000 90.000000 -100.000000
v 10.000000 95.000000 -100.000000
v 10.000000 100.000000 -100.000000
v 5.000000 -100.000000 -100.000000
v 5.000000 -95.000000 -100.000000
v 5.000000 -90.000000 -100.000000
v 5.000000 -85.000000 -100.000000
v 5.000000 -80.000000 -100.000000
v 5.000000 -75.000000 -100.000000
v 5.000000 -70.000000 -100.000000
v 5.000000 -65.000000 -100.000000
v 5.000000 -60.000000 -100.000000
v 5.000000 -55.000000 -100.000000
v 5.000000 -50.000000 -100.000000
v 5.000000 -45.000000 -100.000000
v 5.000000 -40.000000 -100.000000
v 5.000000 -35.000000 -100.000000
v 5.000000 -30.000000 -100.000000
v 5.000000 -25.000000 -100.000000
v 5.000000 -20.000000 -100.000000
v 5.000000 -15.000000 -100.000000
v 5.000000 -10.000000 -100.000000
v 5.000000 -5.000000 -100.000000
v 5.000000 0.000000 -100.000000
v 5.000000 5.000000 -100.000000
v 5.000000 10.000000 -100.000000
v 5.000000 15.000000 -100.000000
v 5.000000 20.000000 -100.000000
v 5.000000 25.000000 -100.000000
v 5.000000 30.000000 -100.000000
v 5.000000 35.000000 -100.000000
v 5.000000 40.000000 -100.000000
v 5.000000 45.000000 -100.000000
v 5.000000 50.000000 -100.000000
v 5.000000 55.000000 -100.000000
v 5.000000 60.000000 -100.000000
v 5.000000 65.000000 -100.000000
v 5.000000 70.000000 -100.000000
v 5.000000 75.000000 -100.000000
v 5.000000 80.000000 -100.000000
v 5.000000 85.000000 -100.000000
v 5.000000 90.000000 -100.000000
v 5.000000 95.000000 -100.000000
v 5.000000 100.000000 -100.000000
v 0.000000 -100.000000 -100.000000
v 0.000000 -95.000000 -100.000000
v 0.000000 -90.000000 -100.000000
v 0.000000 -85.000000 -100.000000
v 0.000000 -80.000000 -100.000000
v 0.000000 -75.000000 -100.000000
v 0.000000 -70.000000 -100.000000
v 0.000000 -65.000000 -100.000000
v 0.000000 -60.000000 -100.000000
v 0.000000 -55.000000 -100.000000
v 0.000000 -50.000000 -100.000000
v 0.000000 -45.000000 -100.000000
v 0.000000 -40.000000 -100.000000
v 0.000000 -35.000000 -100.000000
v 0.000000 -30.000000 -100.000000
v 0.000000 -25.000000 -100.000000
v 0.000000 -20.000000 -100.000000
v 0.000000 -15.000000 -100.000000
v 0.000000 -10.000000 -100.000000
v 0.000000 -5.000000 -100.000000
v 0.000000 0.000000 -100.000000
v 0.000000 5.000000 -100.000000
v 0.000000 10.000000 -100.000000
v 0.000000 15.000000 -100.000000
v 0.000000 20.000000 -100.000000
v 0.000000 25.000000 -100.000000
v 0.000000 30.000000 -100.000000
v 0.000000 35.000000 -100.000000
v 0.000000 40.000000 -100.000000
v 0.000000 45.000000 -100.000000
v 0.000000 50.000000 -100.000000
v 0.000000 55.000000 -100.000000
v 0.000000 60.000000 -100.000000
v 0.000000 65.000000 -100.000000
v 0.000000 70.000000 -100.000000
v 0.000000 75.000000 -100.000000
v 0.000000 80.000000 -100.000000
v 0.000000 85.000000 -100.000000
v 0.000000 90.000000 -100.000000
v 0.000000 95.000000 -100.000000
v 0.000000 100.000000 -100.000000
v -5.000000 -100.000000 -100.000000
v -5.000000 -95.000000 -100.000000
v -5.000000 -90.000000 -100.000000
v -5.000000 -85.000000 -100.000000
v -5.000000 -80.000000 -100.000000
v -5.000000 -75.000000 -100.000000
v -5.000000 -70.000000 -100.000000
v -5.000000 -65.000000 -100.000000
v -5.000000 -60.000000 -100.000000
v -5.000000 -55.000000 -100.000000
v -5.000000 -50.000000 -100.000000
v -5.000000 -45.000000 -100.000000
v -5.000000 -40.000000 -100.000000
v -5.000000 -35.000000 -100.000000
v -5.000000 -30.000000 -100.000000
v -5.000000 -25.000000 -100.000000
v -5.000000 -20.000000 -100.000000
v -5.000000 -15.000000 -100.000000
v -5.000000 -10.000000 -100.000000
v -5.000000 -5.000000 -100.000000
v -5.000000 0.000000 -100.000000
v -5.000000 5.000000 -100.000000
v -5.000000 10.000000 -100.000000
v -5.000000 15.000000 -100.000000
v -5.000000 20.000000 -100.000000
v -5.000000 25.000000 -100.000000
v -5.000000 30.000000 -100.000000
v -5.000000 35.000000 -100.000000
v -5.000000 40.000000 -100.000000
v -5.000000 45.000000 -100.000000
v -5.000000 50.000000 -100.000000
v -5.000000 55.000000 -100.000000
v -5.000000 60.000000 -100.000000
v -5.000000 65.000000 -100.000000
v -5.000000 70.000000 -100.000000
v -5.000000 75.000000 -100.000000
v -5.000000 80.000000 -100.000000
v -5.000000 85.000000 -100.000000
v -5.000000 90.000000 -100.000000
v -5.000000 95.000000 -100.000000
v -5.000000 100.000000 -100.000000
v -10.000000 -100.000000 -100.000000
v -10.000000 -95.000000 -100.000000
v -10.000000 -90.000000 -100.000000
v -10.000000 -85.000000 -100.000000
v -10.000000 -80.000000 -100.000000
v -10.000000 -75.000000 -100.000000
v -10.000000 -70.000000 -100.000000
v -10.000000 -65.000000 -100.000000
v -10.000000 -60.000000 -100.000000
v -10.000000 -55.000000 -100.000000
v -10.000000 -50.000000 -100.000000
v -10.000000 -45.000000 -100.000000
v -10.000000 -40.000000 -100.000000
v -10.000000 -35.000000 -100.000000
v -10.000000 -30.000000 -100.000000
v -10.000000 -25.000000 -100.000000
v -10.000000 -20.000000 -100.000000
v -10.000000 -15.000000 -100.000000
v -10.000000 -10.000000 -100.000000
v -10.000000 -5.000000 -100.000000
v -10.000000 0.000000 -100.000000
v -10.000000 5.000000 -100.000000
v -10.000000 10.000000 -100.000000
v -10.000000 15.000000 -100.000000
v -10.000000 20.000000 -100.000000
v -10.000000 25.000000 -100.000000
v -10.000000 30.000000 -100.000000
v -10.000000 35.000000 -100.000000
v -10.000000 40.000000 -100.000000
v -10.000000 45.000000 -100.000000
v -10.000000 50.000000 -100.000000
v -10.000000 55.000000 -100.000000
v -10.000000 60.000000 -100.000000
v -10.000000 65.000000 -100.000000
v -10.000000 70.000000 -100.000000
v -10.000000 75.000000 -100.000000
v -10.000000 80.000000 -100.000000
v -10.000000 85.000000 -100.000000
v -10.000000 90.000000 -100.000000
v -10.000000 95.000000 -100.000000
v -10.000000 100.000000 -100.000000
v -15.000000 -100.000000 -100.000000
v -15.000000 -95.000000 -100.000000
v -15.000000 -90.000000 -100.000000
v -15.000000 -85.000000 -100.000000
v -15.000000 -80.000000 -100.000000
v -15.000000 -75.000000 -100.000000
v -15.000000 -70.000000 -100.000000
v -15.000000 -65.000000 -100.000000
v -15.000000 -60.000000 -100.000000
v -15.000000 -55.000000 -100.000000
v -15.000000 -50.000000 -100.000000
v -15.000000 -45.000000 -100.000000
v -15.000000 -40.000000 -100.000000
v -15.000000 -35.000000 -100.000000
v -15.000000 -30.000000 -100.000000
v -15.000000 -25.000000 -100.000000
v -15.000000 -20.000000 -100.000000
v -15.000000 -15.000000 -100.000000
v -15.000000 -10.000000 -100.000000
v -15.000000 -5.000000 -100.000000
v -15.000000 0.000000 -100.000000
v -15.000000 5.000000 -100.000000
v -15.000000 10.000000 -100.000000
v -15.000000 15.000000 -100.000000
v -15.000000 20.000000 -100.000000
v -15.000000 25.000000 -100.000000
v -15.000000 30.000000 -100.000000
v -15.000000 35.000000 -100.000000
v -15.000000 40.000000 -100.000000
v -15.000000 45.000000 -100.000000
v -15.000000 50.000000 -100.000000
v -15.000000 55.000000 -100.000000
v -15.000000 60.000000 -100.000000
v -15.000000 65.000000 -100.000000
v -15.000000 70.000000 -100.000000
v -15.000000 75.000000 -100.000000
v -15.000000 80.000000 -100.000000
v -15.000000 85.000000 -100.000000
v -15.000000 90.000000 -100.000000
v -15.000000 95.000000 -100.000000
v -15.000000 100.000000 -100.000000
v -20.000000 -100.000000 -100.000000
v -20.000000 -95.000000 -100.000000
v -20.000000 -90.000000 -100.000000
v -20.000000 -85.000000 -100.000000
v -20.000000 -80.000000 -100.000000
v -20.000000 -75.000000 -100.000000
v -20.000000 -70.000000 -100.000000
v -20.000000 -65.000000 -100.000000
v -20.000000 -60.000000 -100.000000
v -20.000000 -55.000000 -100.000000
v -20.000000 -50.000000 -100.000000
v -20.000000 -45.000000 -100.000000
v -20.000000 -40.000000 -100.000000
v -20.000000 -35.000000 -100.000000
v -20.000000 -30.000000 -100.000000
v -20.000000 -25.000000 -100.000000
v -20.000000 -20.000000 -100.000000
v -20.000000 -15.000000 -100.000000
v -20.000000 -10.000000 -100.000000
v -20.000000 -5.000000 -100.000000
v -20.000000 0.000000 -100.000000
v -20.000000 5.000000 -100.000000
v -20.000000 10.000000 -100.000000
v -20.000000 15.000000 -100.000000
v -20.000000 20.000000 -100.000000
v -20.000000 25.000000 -100.000000
v -20.000000 30.000000 -100.000000
v -20.000000 35.000000 -100.000000
v -20.000000 40.000000 -100.000000
v -20.000000 45.000000 -100.000000
v -20.000000 50.000000 -100.000000
v -20.000000 55.000000 -100.000000
v -20.000000 60.000000 -100.000000
v -20.000000 65.000000 -100.000000
v -20.000000 70.000000 -100.000000
v -20.000000 75.000000 -100.000000
v -20.000000 80.000000 -100.000000
v -20.000000 85.000000 -100.000000
v -20.000000 90.000000 -100.000000
v -20.000000 95.000000 -100.000000
v -20.000000 100.000000 -100.000000
v -25.000000 -100.000000 -100.000000
v -25.000000 -95.000000 -100.000000
v -25.000000 -90.000000 -100.000000
v -25.000000 -85.000000 -100.000000
v -25.000000 -80.000000 -100.000000
v -25.000000 -75.000000 -100.000000
v -25.000000 -70.000000 -100.000000
v -25.000000 -65.000000 -100.000000
v -25.000000 -60.000000 -100.000000
v -25.000000 -55.000000 -100.000000
v -25.000000 -50.000000 -100.000000
v -25.000000 -45.000000 -100.000000
v -25.000000 -40.000000 -100.000000
v -25.000000 -35.000000 -100.000000
v -25.000000 -30.000000 -100.000000
v -25.000000 -25.000000 -100.000000
v -25.000000 -20.000000 -100.000000
v -25.000000 -15.000000 -100.000000
v -25.000000 -10.000000 -100.000000
v -25.000000 -5.000000 -100.000000
v -25.000000 0.000000 -100.000000
v -25.000000 5.000000 -100.000000
v -25.000000 10.000000 -100.000000
v -25.000000 15.000000 -100.000000
v -25.000000 20.000000 -100.000000
v -25.000000 25.000000 -100.000000
v -25.000000 30.000000 -100.000000
v -25.000000 35.000000 -100.000000
v -25.000000 40.000000 -100.000000
v -25.000000 45.000000 -100.000000
v -25.000000 50.000000 -100.000000
v -25.000000 55.000000 -100.000000
v -25.000000 60.000000 -100.000000
v -25.000000 65.000000 -100.000000
v -25.000000 70.000000 -100.000000
v -25.000000 75.000000 -100.000000
v -25.000000 80.000000 -100.000000
v -25.000000 85.000000 -100.000000
v -25.000000 90.000000 -100.000000
v -25.000000 95.000000 -100.000000
v -25.000000 100.000000 -100.000000
v -30.000000 -100.000000 -100.000000
v -30.000000 -95.000000 -100.000000
v -30.000000 -90.000000 -100.000000
v -30.000000 -85.000000 -100.000000
v -30.000000 -80.000000 -100.000000
v -30.000000 -75.000000 -100.000000
v -30.000000 -70.000000 -100.000000
v -30.000000 -65.000000 -100.000000
v -30.000000 -60.000000 -100.000000
v -30.000000 -55.000000 -100.000000
v -30.000000 -50.000000 -100.000000
v -30.000000 -45.000000 -100.000000
v -30.000000 -40.000000 -100.000000
v -30.000000 -35.000000 -100.000000
v -30.000000 -30.000000 -100.000000
v -30.000000 -25.000000 -100.000000
v -30.000000 -20.000000 -100.000000
v -30.000000 -15.000000 -100.000000
v -30.000000 -10.000000 -100.000000
v -30.000000 -5.000000 -100.000000
v -30.000000 0.000000 -100.000000
v -30.000000 5.000000 -100.000000
v -30.000000 10.000000 -100.000000
v -30.000000 15.000000 -100.000000
v -30.000000 20.000000 -100.000000
v -30.000000 25.000000 -100.000000
v -30.000000 30.000000 -100.000000
v -30.000000 35.000000 -100.000000
v -30.000000 40.000000 -100.000000
v -30.000000 45.000000 -100.000000
v -30.000000 50.000000 -100.000000
v -30.000000 55.000000 -100.000000
v -30.000000 60.000000 -100.000000
v -30.000000 65.000000 -100.000000
v -30.000000 70.000000 -100.000000
v -30.000000 75.000000 -100.000000
v -30.000000 80.000000 -100.000000
v -30.000000 85.000000 -100.000000
v -30.000000 90.000000 -100.000000
v -30.000000 95.000000 -100.000000
v -30.000000 100.000000 -100.000000
v -35.000000 -100.000000 -100.000000
v -35.000000 -95.000000 -100.000000
v -35.000000 -90.000000 -100.000000
v -35.000000 -85.000000 -100.000000
v -35.000000 -80.000000 -100.000000
v -35.000000 -75.000000 -100.000000
v -35.000000 -70.000000 -100.000000
v -35.000000 -65.000000 -100.000000
v -35.000000 -60.000000 -100.000000
v -35.000000 -55.000000 -100.000000
v -35.000000 -50.000000 -100.000000
v -35.000000 -45.000000 -100.000000
v -35.000000 -40.000000 -100.000000
v -35.000000 -35.000000 -100.000000
v -35.000000 -30.000000 -100.000000
v -35.000000 -25.000000 -100.000000
v -35.000000 -20.000000 -100.000000
v -35.000000 -15.000000 -100.000000
v -35.000000 -10.000000 -100.000000
v -35.000000 -5.000000 -100.000000
v -35.000000 0.000000 -100.000000
v -35.000000 5.000000 -100.000000
v -35.000000 10.000000 -100.000000
v -35.000000 15.000000 -100.000000
v -35.000000 20.000000 -100.000000
v -35.000000 25.000000 -100.000000
v -35.000000 30.000000 -100.000000
v -35.000000 35.000000 -100.000000
v -35.000000 40.000000 -100.000000
v -35.000000 45.000000 -100.000000
v -35.000000 50.000000 -100.000000
v -35.000000 55.000000 -100.000000
v -35.000000 60.000000 -100.000000
v -35.000000 65.000000 -100.000000
v -35.000000 70.000000 -100.000000
v -35.000000 75.000000 -100.000000
v -35.000000 80.000000 -100.000000
v -35.000000 85.000000 -100.000000
v -35.000000 90.000000 -100.000000
v -35.000000 95.000000 -100.000000
v -35.000000 100.000000 -100.000000
v -40.000000 -100.000000 -100.000000
v -40.000000 -95.000000 -100.000000
v -40.000000 -90.000000 -100.000000
v -40.000000 -85.000000 -100.000000
v -40.000000 -80.000000 -100.000000
v -40.000000 -75.000000 -100.000000
v -40.000000 -70.000000 -100.000000
v -40.000000 -65.000000 -100.000000
v -40.000000 -60.000000 -100.000000
v -40.000000 -55.000000 -100.000000
v -40.000000 -50.000000 -100.000000
v -40.000000 -45.000000 -100.000000
v -40.000000 -40.000000 -100.000000
v -40.000000 -35.000000 -100.000000
v -40.000000 -30.000000 -100.000000
v -40.000000 -25.000000 -100.000000
v -40.000000 -20.000000 -100.000000
v -40.000000 -15.000000 -100.000000
v -40.000000 -10.000000 -100.000000
v -40.000000 -5.000000 -100.000000
v -40.000000 0.000000 -100.000000
v -40.000000 5.000000 -100.000000
v -40.000000 10.000000 -100.000000
v -40.000000 15.000000 -100.000000
v -40.000000 20.000000 -100.000000
v -40.000000 25.000000 -100.000000
v -40.000000 30.000000 -100.000000
v -40.000000 35.000000 -100.000000
v -40.000000 40.000000 -100.000000
v -40.000000 45.000000 -100.000000
v -40.000000 50.000000 -100.000000
v -40.000000 55.000000 -100.000000
v -40.000000 60.000000 -100.000000
v -40.000000 65.000000 -100.000000
v -40.000000 70.000000 -100.000000
v -40.000000 75.000000 -100.000000
v -40.000000 80.000000 -100.000000
v -40.000000 85.000000 -100.000000
v -40.000000 90.000000 -100.000000
v -40.000000 95.000000 -100.000000
v -40.000000 100.000000 -100.000000
v -45.000000 -100.000000 -100.000000
v -45.000000 -95.000000 -100.000000
v -45.000000 -90.000000 -100.000000
v -45.000000 -85.000000 -100.000000
v -45.000000 -80.000000 -100.000000
v -45.000000 -75.000000 -100.000000
v -45.000000 -70.000000 -100.000000
v -45.000000 -65.000000 -100.000000
v -45.000000 -60.000000 -100.000000
v -45.000000 -55.000000 -100.000000
v -45.000000 -50.000000 -100.000000
v -45.000000 -45.000000 -100.000000
v -45.000000 -40.000000 -100.000000
v -45.000000 -35.000000 -100.000000
v -45.000000 -30.000000 -100.000000
v -45.000000 -25.000000 -100.000000
v -45.000000 -20.000000 -100.000000
v -45.000000 -15.000000 -100.000000
v -45.000000 -10.000000 -100.000000
v -45.000000 -5.000000 -100.000000
v -45.000000 0.000000 -100.000000
v -45.000000 5.000000 -100.000000
v -45.000000 10.000000 -100.000000
v -45.000000 15.000000 -100.000000
v -45.000000 20.000000 -100.000000
v -45.000000 25.000000 -100.000000
v -45.000000 30.000000 -100.000000
v -45.000000 35.000000 -100.000000
v -45.000000 40.000000 -100.000000
v -45.000000 45.000000 -100.000000
v -45.000000 50.000000 -100.000000
v -45.000000 55.000000 -100.000000
v -45.000000 60.000000 -100.000000
v -45.000000 65.000000 -100.000000
v -45.000000 70.000000 -100.000000
v -45.000000 75.000000 -100.000000
v -45.000000 80.000000 -100.000000
v -45.000000 85.000000 -100.000000
v -45.000000 90.000000 -100.000000
v -45.000000 95.000000 -100.000000
v -45.000000 100.000000 -100.000000
v -50.000000 -100.000000 -100.000000
v -50.000000 -95.000000 -100.000000
v -50.000000 -90.000000 -100.000000
v -50.000000 -85.000000 -100.000000
v -50.000000 -80.000000 -100.000000
v -50.000000 -75.000000 -100.000000
v -50.000000 -70.000000 -100.000000
v -50.000000 -65.000000 -100.000000
v -50.000000 -60.000000 -100.000000
v -50.000000 -55.000000 -100.000000
v -50.000000 -50.000000 -100.000000
v -50.000000 -45.000000 -100.000000
v -50.000000 -40.000000 -100.000000
v -50.000000 -35.000000 -100.000000
v -50.000000 -30.000000 -100.000000
v -50.000000 -25.000000 -100.000000
v -50.000000 -20.000000 -100.000000
v -50.000000 -15.000000 -100.000000
v -50.000000 -10.000000 -100.000000
v -50.000000 -5.000000 -100.000000
v -50.000000 0.000000 -100.000000
v -50.000000 5.000000 -100.000000
v -50.000000 10.000000 -100.000000
v -50.000000 15.000000 -100.000000
v -50.000000 20.000000 -100.000000
v -50.000000 25.000000 -100.000000
v -50.000000 30.000000 -100.000000
v -50.000000 35.000000 -100.000000
v -50.000000 40.000000 -100.000000
v -50.000000 45.000000 -100.000000
v -50.000000 50.000000 -100.000000
v -50.000000 55.000000 -100.000000
v -50.000000 60.000000 -100.000000
v -50.000000 65.000000 -100.000000
v -50.000000 70.000000 -100.000000
v -50.000000 75.000000 -100.000000
v -50.000000 80.000000 -100.000000
v -50.000000 85.000000 -100.000000
v -50.000000 90.000000 -100.000000
v -50.000000 95.000000 -100.000000
v -50.000000 100.000000 -100.000000
v -55.000000 -100.000000 -100.000000
v -55.000000 -95.000000 -100.000000
v -55.000000 -90.000000 -100.000000
v -55.000000 -85.000000 -100.000000
v -55.000000 -80.000000 -100.000000
v -55.000000 -75.000000 -100.000000
v -55.000000 -70.000000 -100.000000
v -55.000000 -65.000000 -100.000000
v -55.000000 -60.000000 -100.000000
v -55.000000 -55.000000 -100.000000
v -55.000000 -50.000000 -100.000000
v -55.000000 -45.000000 -100.000000
v -55.000000 -40.000000 -100.000000
v -55.000000 -35.000000 -100.000000
v -55.000000 -30.000000 -100.000000
v -55.000000 -25.000000 -100.000000
v -55.000000 -20.000000 -100.000000
v -55.000000 -15.000000 -100.000000
v -55.000000 -10.000000 -100.000000
v -55.000000 -5.000000 -100.000000
v -55.000000 0.000000 -100.000000
v -55.000000 5.000000 -100.000000
v -55.000000 10.000000 -100.000000
v -55.000000 15.000000 -100.000000
v -55.000000 20.000000 -100.000000
v -55.000000 25.000000 -100.000000
v -55.000000 30.000000 -100.000000
v -55.000000 35.000000 -100.000000
v -55.000000 40.000000 -100.000000
v -55.000000 45.000000 -100.000000
v -55.000000 50.000000 -100.000000
v -55.000000 55.000000 -100.000000
v -55.000000 60.000000 -100.000000
v -55.000000 65.000000 -100.000000
v -55.000000 70.000000 -100.000000
v -55.000000 75.000000 -100.000000
v -55.000000 80.000000 -100.000000
v -55.000000 85.000000 -100.000000
v -55.000000 90.000000 -100.000000
v -55.000000 95.000000 -100.000000
v -55.000000 100.000000 -100.000000
v -60.000000 -100.000000 -100.000000
v -60.000000 -95.000000 -100.000000
v -60.000000 -90.000000 -100.000000
v -60.000000 -85.000000 -100.000000
v -60.000000 -80.000000 -100.000000
v -60.000000 -75.000000 -100.000000
v -60.000000 -70.000000 -100.000000
v -60.000000 -65.000000 -100.000000
v -60.000000 -60.000000 -100.000000
v -60.000000 -55.000000 -100.000000
v -60.000000 -50.000000 -100.000000
v -60.000000 -45.000000 -100.000000
v -60.000000 -40.000000 -100.000000
v -60.000000 -35.000000 -100.000000
v -60.000000 -30.000000 -100.000000
v -60.000000 -25.000000 -100.000000
v -60.000000 -20.000000 -100.000000
v -60.000000 -15.000000 -100.000000
v -60.000000 -10.000000 -100.000000
v -60.000000 -5.000000 -100.000000
v -60.000000 0.000000 -100.000000
v -60.000000 5.000000 -100.000000
v -60.000000 10.000000 -100.000000
v -60.000000 15.000000 -100.000000
v -60.000000 20.000000 -100.000000
v -60.000000 25.000000 -100.000000
v -60.000000 30.000000 -100.000000
v -60.000000 35.000000 -100.000000
v -60.000000 40.000000 -100.000000
v -60.000000 45.000000 -100.000000
v -60.000000 50.000000 -100.000000
v -60.000000 55.000000 -100.000000
v -60.000000 60.000000 -100.000000
v -60.000000 65.000000 -100.000000
v -60.000000 70.000000 -100.000000
v -60.000000 75.000000 -100.000000
v -60.000000 80.000000 -100.000000
v -60.000000 85.000000 -100.000000
v -60.000000 90.000000 -100.000000
v -60.000000 95.000000 -100.000000
v -60.000000 100.000000 -100.000000
v -65.000000 -100.000000 -100.000000
v -65.000000 -95.000000 -100.000000
v -65.000000 -90.000000 -100.000000
v -65.000000 -85.000000 -100.000000
v -65.000000 -80.000000 -100.000000
v -65.000000 -75.000000 -100.000000
v -65.000000 -70.000000 -100.000000
v -65.000000 -65.000000 -100.000000
v -65.000000 -60.000000 -100.000000
v -65.000000 -55.000000 -100.000000
v -65.000000 -50.000000 -100.000000
v -65.000000 -45.000000 -100.000000
v -65.000000 -40.000000 -100.000000
v -65.000000 -35.000000 -100.000000
v -65.000000 -30.000000 -100.000000
v -65.000000 -25.000000 -100.000000
v -65.000000 -20.000000 -100.000000
v -65.000000 -15.000000 -100.000000
v -65.000000 -10.000000 -100.000000
v -65.000000 -5.000000 -100.000000
v -65.000000 0.000000 -100.000000
v -65.000000 5.000000 -100.000000
v -65.000000 10.000000 -100.000000
v -65.000000 15.000000 -100.000000
v -65.000000 20.000000 -100.000000
v -65.000000 25.000000 -100.000000
v -65.000000 30.000000 -100.000000
v -65.000000 35.000000 -100.000000
v -65.000000 40.000000 -100.000000
v -65.000000 45.000000 -100.000000
v -65.000000 50.000000 -100.000000
v -65.000000 55.000000 -100.000000
v -65.000000 60.000000 -100.000000
v -65.000000 65.000000 -100.000000
v -65.000000 70.000000 -100.000000
v -65.000000 75.000000 -100.000000
v -65.000000 80.000000 -100.000000
v -65.000000 85.000000 -100.000000
v -65.000000 90.000000 -100.000000
v -65.000000 95.000000 -100.000000
v -65.000000 100.000000 -100.000000
v -70.000000 -100.000000 -100.000000
v -70.000000 -95.000000 -100.000000
v -70.000000 -90.000000 -100.000000
v -70.000000 -85.000000 -100.000000
v -70.000000 -80.000000 -100.000000
v -70.000000 -75.000000 -100.000000
v -70.000000 -70.000000 -100.000000
v -70.000000 -65.000000 -100.000000
v -70.000000 -60.000000 -100.000000
v -70.000000 -55.000000 -100.000000
v -70.000000 -50.000000 -100.000000
v -70.000000 -45.000000 -100.000000
v -70.000000 -40.000000 -100.000000
v -70.000000 -35.000000 -100.000000
v -70.000000 -30.000000 -100.000000
v -70.000000 -25.000000 -100.000000
v -70.000000 -20.000000 -100.000000
v -70.000000 -15.000000 -100.000000
v -70.000000 -10.000000 -100.000000
v -70.000000 -5.000000 -100.000000
v -70.000000 0.000000 -100.000000
v -70.000000 5.000000 -100.000000
v -70.000000 10.000000 -100.000000
v -70.000000 15.000000 -100.000000
v -70.000000 20.000000 -100.000000
v -70.000000 25.000000 -100.000000
v -70.000000 30.000000 -100.000000
v -70.000000 35.000000 -100.000000
v -70.000000 40.000000 -100.000000
v -70.000000 45.000000 -100.000000
v -70.000000 50.000000 -100.000000
v -70.000000 55.000000 -100.000000
v -70.000000 60.000000 -100.000000
v -70.000000 65.000000 -100.000000
v -70.000000 70.000000 -100.000000
v -70.000000 75.000000 -100.000000
v -70.000000 80.000000 -100.000000
v -70.000000 85.000000 -100.000000
v -70.000000 90.000000 -100.000000
v -70.000000 95.000000 -100.000000
v -70.000000 100.000000 -100.000000
v -75.000000 -100.000000 -100.000000
v -75.000000 -95.000000 -100.000000
v -75.000000 -90.000000 -100.000000
v -75.000000 -85.000000 -100.000000
v -75.000000 -80.000000 -100.000000
v -75.000000 -75.000000 -100.000000
v -75.000000 -70.000000 -100.000000
v -75.000000 -65.000000 -100.000000
v -75.000000 -60.000000 -100.000000
v -75.000000 -55.000000 -100.000000
v -75.000000 -50.000000 -100.000000
v -75.000000 -45.000000 -100.000000
v -75.000000 -40.000000 -100.000000
v -75.000000 -35.000000 -100.000000
v -75.000000 -30.000000 -100.000000
v -75.000000 -25.000000 -100.000000
v -75.000000 -20.000000 -100.000000
v -75.000000 -15.000000 -100.000000
v -75.000000 -10.000000 -100.000000
v -75.000000 -5.000000 -100.000000
v -75.000000 0.000000 -100.000000
v -75.000000 5.000000 -100.000000
v -75.000000 10.000000 -100.000000
v -75.000000 15.000000 -100.000000
v -75.000000 20.000000 -100.000000
v -75.000000 25.000000 -100.000000
v -75.000000 30.000000 -100.000000
v -75.000000 35.000000 -100.000000
v -75.000000 40.000000 -100.000000
v -75.000000 45.000000 -100.000000
v -75.000000 50.000000 -100.000000
v -75.000000 55.000000 -100.000000
v -75.000000 60.000000 -100.000000
v -75.000000 65.000000 -100.000000
v -75.000000 70.000000 -100.000000
v -75.000000 75.000000 -100.000000
v -75.000000 80.000000 -100.000000
v -75.000000 85.000000 -100.000000
v -75.000000 90.000000 -100.000000
v -75.000000 95.000000 -100.000000
v -75.000000 100.000000 -100.000000
v -80.000000 -100.000000 -100.000000
v -80.000000 -95.000000 -100.000000
v -80.000000 -90.000000 -100.000000
v -80.000000 -85.000000 -100.000000
v -80.000000 -80.000000 -100.000000
v -80.000000 -75.000000 -100.000000
v -80.000000 -70.000000 -100.000000
v -80.000000 -65.000000 -100.000000
v -80.000000 -60.000000 -100.000000
v -80.000000 -55.000000 -100.000000
v -80.000000 -50.000000 -100.000000
v -80.000000 -45.000000 -100.000000
v -80.000000 -40.000000 -100.000000
v -80.000000 -35.000000 -100.000000
v -80.000000 -30.000000 -100.000000
v -80.000000 -25.000000 -100.000000
v -80.000000 -20.000000 -100.000000
v -80.000000 -15.000000 -100.000000
v -80.000000 -10.000000 -100.000000
v -80.000000 -5.000000 -100.000000
v -80.000000 0.000000 -100.000000
v -80.000000 5.000000 -100.000000
v -80.000000 10.000000 -100.000000
v -80.000000 15.000000 -100.000000
v -80.000000 20.000000 -100.000000
v -80.000000 25.000000 -100.000000
v -80.000000 30.000000 -100.000000
v -80.000000 35.000000 -100.000000
v -80.000000 40.000000 -100.000000
v -80.000000 45.000000 -100.000000
v -80.000000 50.000000 -100.000000
v -80.000000 55.000000 -100.000000
v -80.000000 60.000000 -100.000000
v -80.000000 65.000000 -100.000000
v -80.000000 70.000000 -100.000000
v -80.000000 75.000000 -100.000000
v -80.000000 80.000000 -100.000000
v -80.000000 85.000000 -100.000000
v -80.000000 90.000000 -100.000000
v -80.000000 95.000000 -100.000000
v -80.000000 100.000000 -100.000000
v -85.000000 -100.000000 -100.000000
v -85.000000 -95.000000 -100.000000
v -85.000000 -90.000000 -100.000000
v -85.000000 -85.000000 -100.000000
v -85.000000 -80.000000 -100.000000
v -85.000000 -75.000000 -100.000000
v -85.000000 -70.000000 -100.000000
v -85.000000 -65.000000 -100.000000
v -85.000000 -60.000000 -100.000000
v -85.000000 -55.000000 -100.000000
v -85.000000 -50.000000 -100.000000
v -85.000000 -45.000000 -100.000000
v -85.000000 -40.000000 -100.000000
v -85.000000 -35.000000 -100.000000
v -85.000000 -30.000000 -100.000000
v -85.000000 -25.000000 -100.000000
v -85.000000 -20.000000 -100.000000
v -85.000000 -15.000000 -100.000000
v -85.000000 -10.000000 -100.000000
v -85.000000 -5.000000 -100.000000
v -85.000000 0.000000 -100.000000
v -85.000000 5.000000 -100.000000
v -85.000000 10.000000 -100.000000
v -85.000000 15.000000 -100.000000
v -85.000000 20.000000 -100.000000
v -85.000000 25.000000 -100.000000
v -85.000000 30.000000 -100.000000
v -85.000000 35.000000 -100.000000
v -85.000000 40.000000 -100.000000
v -85.000000 45.000000 -100.000000
v -85.000000 50.000000 -100.000000
v -85.000000 55.000000 -100.000000
v -85.000000 60.000000 -100.000000
v -85.000000 65.000000 -100.000000
v -85.000000 70.000000 -100.000000
v -85.000000 75.000000 -100.000000
v -85.000000 80.000000 -100.000000
v -85.000000 85.000000 -100.000000
v -85.000000 90.000000 -100.000000
v -85.000000 95.000000 -100.000000
v -85.000000 100.000000 -100.000000
v -90.000000 -100.000000 -100.000000
v -90.000000 -95.000000 -100.000000
v -90.000000 -90.000000 -100.000000
v -90.000000 -85.000000 -100.000000
v -90.000000 -80.000000 -100.000000
v -90.000000 -75.000000 -100.000000
v -90.000000 -70.000000 -100.000000
v -90.000000 -65.000000 -100.000000
v -90.000000 -60.000000 -100.000000
v -90.000000 -55.000000 -100.000000
v -90.000000 -50.000000 -100.000000
v -90.000000 -45.000000 -100.000000
v -90.000000 -40.000000 -100.000000
v -90.000000 -35.000000 -100.000000
v -90.000000 -30.000000 -100.000000
v -90.000000 -25.000000 -100.000000
v -90.000000 -20.000000 -100.000000
v -90.000000 -15.000000 -100.000000
v -90.000000 -10.000000 -100.000000
v -90.000000 -5.000000 -100.000000
v -90.000000 0.000000 -100.000000
v -90.000000 5.000000 -100.000000
v -90.000000 10.000000 -100.000000
v -90.000000 15.000000 -100.000000
v -90.000000 20.000000 -100.000000
v -90.000000 25.000000 -100.000000
v -90.000000 30.000000 -100.000000
v -90.000000 35.000000 -100.000000
v -90.000000 40.000000 -100.000000
v -90.000000 45.000000 -100.000000
v -90.000000 50.000000 -100.000000
v -90.000000 55.000000 -100.000000
v -90.000000 60.000000 -100.000000
v -90.000000 65.000000 -100.000000
v -90.000000 70.000000 -100.000000
v -90.000000 75.000000 -100.000000
v -90.000000 80.000000 -100.000000
v -90.000000 85.000000 -100.000000
v -90.000000 90.000000 -100.000000
v -90.000000 95.000000 -100.000000
v -90.000000 100.000000 -100.000000
v -95.000000 -100.000000 -100.000000
v -95.000000 -95.000000 -100.000000
v -95.000000 -90.000000 -100.000000
v -95.000000 -85.000000 -100.000000
v -95.000000 -80.000000 -100.000000
v -95.000000 -75.000000 -100.000000
v -95.000000 -70.000000 -100.000000
v -95.000000 -65.000000 -100.000000
v -95.000000 -60.000000 -100.000000
v -95.000000 -55.000000 -100.000000
v -95.000000 -50.000000 -100.000000
v -95.000000 -45.000000 -100.000000
v -95.000000 -40.000000 -100.000000
v -95.000000 -35.000000 -100.000000
v -95.000000 -30.000000 -100.000000
v -95.000000 -25.000000 -100.000000
v -95.000000 -20.000000 -100.000000
v -95.000000 -15.000000 -100.000000
v -95.000000 -10.000000 -100.000000
v -95.000000 -5.000000 -100.000000
v -95.000000 0.000000 -100.000000
v -95.000000 5.000000 -100.000000
v -95.000000 10.000000 -100.000000
v -95.000000 15.000000 -100.000000
v -95.000000 20.000000 -100.000000
v -95.000000 25.000000 -100.000000
v -95.000000 30.000000 -100.000000
v -95.000000 35.000000 -100.000000
v -95.000000 40.000000 -100.000000
v -95.000000 45.000000 -100.000000
v -95.000000 50.000000 -100.000000
v -95.000000 55.000000 -100.000000
v -95.000000 60.000000 -100.000000
v -95.000000 65.000000 -100.000000
v -95.000000 70.000000 -100.000000
v -95.000000 75.000000 -100.000000
v -95.000000 80.000000 -100.000000
v -95.000000 85.000000 -100.000000
v -95.000000 90.000000 -100.000000
v -95.000000 95.000000 -100.000000
v -95.000000 100.000000 -100.000000
v -100.000000 -100.000000 -100.000000
v -100.000000 -95.000000 -100.000000
v -100.000000 -90.000000 -100.000000
v -100.000000 -85.000000 -100.000000
v -100.000000 -80.000000 -100.000000
v -100.000000 -75.000000 -100.000000
v -100.000000 -70.000000 -100.000000
v -100.000000 -65.000000 -100.000000
v -100.000000 -60.000000 -100.000000
v -100.000000 -55.000000 -100.000000
v -100.000000 -50.000000 -100.000000
v -100.000000 -45.000000 -100.000000
v -100.000000 -40.000000 -100.000000
v -100.000000 -35.000000 -100.000000
v -100.000000 -30.000000 -100.000000
v -100.000000 -25.000000 -100.000000
v -100.000000 -20.000000 -100.000000
v -100.000000 -15.000000 -100.000000
v -100.000000 -10.000000 -100.000000
v -100.000000 -5.000000 -100.000000
v -100.000000 0.000000 -100.000000
v -100.000000 5.000000 -100.000000
v -100.000000 10.000000 -100.000000
v -100.000000 15.000000 -100.000000
v -100.000000 20.000000 -100.000000
v -100.000000 25.000000 -100.000000
v -100.000000 30.000000 -100.000000
v -100.000000 35.000000 -100.000000
v -100.000000 40.000000 -100.000000
v -100.000000 45.000000 -100.000000
v -100.000000 50.000000 -100.000000
v -100.000000 55.000000 -100.000000
v -100.000000 60.000000 -100.000000
v -100.000000 65.000000 -100.000000
v -100.000000 70.000000 -100.000000
v -100.000000 75.000000 -100.000000
v -100.000000 80.000000 -100.000000
v -100.000000 85.000000 -100.000000
v -100.000000 90.000000 -100.000000
v -100.000000 95.000000 -100.000000
v -100.000000 100.000000 -100.000000
v -100.000000 -100.000000 -95.000000
v -100.000000 -95.000000 -95.000000
v -100.000000 -90.000000 -95.000000
v -100.000000 -85.000000 -95.000000
v -100.000000 -80.000000 -95.000000
v -100.000000 -75.000000 -95.000000
v -100.000000 -70.000000 -95.000000
v -100.000000 -65.000000 -95.000000
v -100.000000 -60.000000 -95.000000
v -100.000000 -55.000000 -95.000000
v -100.000000 -50.000000 -95.000000
v -100.000000 -45.000000 -95.000000
v -100.000000 -40.000000 -95.000000
v -100.000000 -35.000000 -95.000000
v -100.000000 -30.000000 -95.000000
v -100.000000 -25.000000 -95.000000
v -100.000000 -20.000000 -95.000000
v -100.000000 -15.000000 -95.000000
v -100.000000 -10.000000 -95.000000
v -100.000000 -5.000000 -95.000000
v -100.000000 0.000000 -95.000000
v -100.000000 5.000000 -95.000000
v -100.000000 10.000000 -95.000000
v -100.000000 15.000000 -95.000000
v -100.000000 20.000000 -95.000000
v -100.000000 25.000000 -95.000000
v -100.000000 30.000000 -95.000000
v -100.000000 35.000000 -95.000000
v -100.000000 40.000000 -95.000000
v -100.000000 45.000000 -95.000000
v -100.000000 50.000000 -95.000000
v -100.000000 55.000000 -95.000000
v -100.000000 60.000000 -95.000000
v -100.000000 65.000000 -95.000000
v -100.000000 70.000000 -95.000000
v -100.000000 75.000000 -95.000000
v -100.000000 80.000000 -95.000000
v -100.000000 85.000000 -95.000000
v -100.000000 90.000000 -95.000000
v -100.000000 95.000000 -95.000000
v -100.000000 100.000000 -95.000000
v -100.000000 -100.000000 -90.000000
v -100.000000 -95.000000 -90.000000
v -100.000000 -90.000000 -90.000000
v -100.000000 -85.000000 -90.000000
v -100.000000 -80.000000 -90.000000
v -100.000000 -75.000000 -90.000000
v -100.000000 -70.000000 -90.000000
v -100.000000 -65.000000 -90.000000
v -100.000000 -60.000000 -90.000000
v -100.000000 -55.000000 -90.000000
v -100.000000 -50.000000 -90.000000
v -100.000000 -45.000000 -90.000000
v -100.000000 -40.000000 -90.000000
v -100.000000 -35.000000 -90.000000
v -100.000000 -30.000000 -90.000000
v -100.000000 -25.000000 -90.000000
v -100.000000 -20.000000 -90.000000
v -100.000000 -15.000000 -90.000000
v -100.000000 -10.000000 -90.000000
v -100.000000 -5.000000 -90.000000
v -100.000000 0.000000 -90.000000
v -100.000000 5.000000 -90.000000
v -100.000000 10.000000 -90.000000
v -100.000000 15.000000 -90.000000
v -100.000000 20.000000 -90.000000
v -100.000000 25.000000 -90.000000
v -100.000000 30.000000 -90.000000
v -100.000000 35.000000 -90.000000
v -100.000000 40.000000 -90.000000
v -100.000000 45.000000 -90.000000
v -100.000000 50.000000 -90.000000
v -100.000000 55.000000 -90.000000
v -100.000000 60.000000 -90.000000
v -100.000000 65.000000 -90.000000
v -100.000000 70.000000 -90.000000
v -100.000000 75.000000 -90.000000
v -100.000000 80.000000 -90.000000
v -100.000000 85.000000 -90.000000
v -100.000000 90.000000 -90.000000
v -100.000000 95.000000 -90.000000
v -100.000000 100.000000 -90.000000
v -100.000000 -100.000000 -85.000000
v -100.000000 -95.000000 -85.000000
v -100.000000 -90.000000 -85.000000
v -100.000000 -85.000000 -85.000000
v -100.000000 -80.000000 -85.000000
v -100.000000 -75.000000 -85.000000
v -100.000000 -70.000000 -85.000000
v -100.000000 -65.000000 -85.000000
v -100.000000 -60.000000 -85.000000
v -100.000000 -55.000000 -85.000000
v -100.000000 -50.000000 -85.000000
v -100.000000 -45.000000 -85.000000
v -100.000000 -40.000000 -85.000000
v -100.000000 -35.000000 -85.000000
v -100.000000 -30.000000 -85.000000
v -100.000000 -25.000000 -85.000000
v -100.000000 -20.000000 -85.000000
v -100.000000 -15.000000 -85.000000
v -100.000000 -10.000000 -85.000000
v -100.000000 -5.000000 -85.000000
v -100.000000 0.000000 -85.000000
v -100.000000 5.000000 -85.000000
v -100.000000 10.000000 -85.000000
v -100.000000 15.000000 -85.000000
v -100.000000 20.000000 -85.000000
v -100.000000 25.000000 -85.000000
v -100.000000 30.000000 -85.000000
v -100.000000 35.000000 -85.000000
v -100.000000 40.000000 -85.000000
v -100.000000 45.000000 -85.000000
v -100.000000 50.000000 -85.000000
v -100.000000 55.000000 -85.000000
v -100.000000 60.000000 -85.000000
v -100.000000 65.000000 -85.000000
v -100.000000 70.000000 -85.000000
v -100.000000 75.000000 -85.000000
v -100.000000 80.000000 -85.000000
v -100.000000 85.000000 -85.000000
v -100.000000 90.000000 -85.000000
v -100.000000 95.000000 -85.000000
v -100.000000 100.000000 -85.000000
v -100.000000 -100.000000 -80.000000
v -100.000000 -95.000000 -80.000000
v -100.000000 -90.000000 -80.000000
v -100.000000 -85.000000 -80.000000
v -100.000000 -80.000000 -80.000000
v -100.000000 -75.000000 -80.000000
v -100.000000 -70.000000 -80.000000
v -100.000000 -65.000000 -80.000000
v -100.000000 -60.000000 -80.000000
v -100.000000 -55.000000 -80.000000
v -100.000000 -50.000000 -80.000000
v -100.000000 -45.000000 -80.000000
v -100.000000 -40.000000 -80.000000
v -100.000000 -35.000000 -80.000000
v -100.000000 -30.000000 -80.000000
v -100.000000 -25.000000 -80.000000
v -100.000000 -20.000000 -80.000000
v -100.000000 -15.000000 -80.000000
v -100.000000 -10.000000 -80.000000
v -100.000000 -5.000000 -80.000000
v -100.000000 0.000000 -80.000000
v -100.000000 5.000000 -80.000000
v -100.000000 10.000000 -80.000000
v -100.000000 15.000000 -80.000000
v -100.000000 20.000000 -80.000000
v -100.000000 25.000000 -80.000000
v -100.000000 30.000000 -80.000000
v -100.000000 35.000000 -80.000000
v -100.000000 40.000000 -80.000000
v -100.000000 45.000000 -80.000000
v -100.000000 50.000000 -80.000000
v -100.000000 55.000000 -80.000000
v -100.000000 60.000000 -80.000000
v -100.000000 65.000000 -80.000000
v -100.000000 70.000000 -80.000000
v -100.000000 75.000000 -80.000000
v -100.000000 80.000000 -80.000000
v -100.000000 85.000000 -80.000000
v -100.000000 90.000000 -80.000000
v -100.000000 95.000000 -80.000000
v -100.000000 100.000000 -80.000000
v -100.000000 -100.000000 -75.000000
v -100.000000 -95.000000 -75.000000
v -100.000000 -90.000000 -75.000000
v -100.000000 -85.000000 -75.000000
v -100.000000 -80.000000 -75.000000
v -100.000000 -75.000000 -75.000000
v -100.000000 -70.000000 -75.000000
v -100.000000 -65.000000 -75.000000
v -100.000000 -60.000000 -75.000000
v -100.000000 -55.000000 -75.000000
v -100.000000 -50.000000 -75.000000
v -100.000000 -45.000000 -75.000000
v -100.000000 -40.000000 -75.000000
v -100.000000 -35.000000 -75.000000
v -100.000000 -30.000000 -75.000000
v -100.000000 -25.000000 -75.000000
v -100.000000 -20.000000 -75.000000
v -100.000000 -15.000000 -75.000000
v -100.000000 -10.000000 -75.000000
v -100.000000 -5.000000 -75.000000
v -100.000000 0.000000 -75.000000
v -100.000000 5.000000 -75.000000
v -100.000000 10.000000 -75.000000
v -100.000000 15.000000 -75.000000
v -100.000000 20.000000 -75.000000
v -100.000000 25.000000 -75.000000
v -100.000000 30.000000 -75.000000
v -100.000000 35.000000 -75.000000
v -100.000000 40.000000 -75.000000
v -100.000000 45.000000 -75.000000
v -100.000000 50.000000 -75.000000
v -100.000000 55.000000 -75.000000
v -100.000000 60.000000 -75.000000
v -100.000000 65.000000 -75.000000
v -100.000000 70.000000 -75.000000
v -100.000000 75.000000 -75.000000
v -100.000000 80.000000 -75.000000
v -100.000000 85.000000 -75.000000
v -100.000000 90.000000 -75.000000
v -100.000000 95.000000 -75.000000
v -100.000000 100.000000 -75.000000
v -100.000000 -100.000000 -70.000000
v -100.000000 -95.000000 -70.000000
v -100.000000 -90.000000 -70.000000
v -100.000000 -85.000000 -70.000000
v -100.000000 -80.000000 -70.000000
v -100.000000 -75.000000 -70.000000
v -100.000000 -70.000000 -70.000000
v -100.000000 -65.000000 -70.000000
v -100.000000 -60.000000 -70.000000
v -100.000000 -55.000000 -70.000000
v -100.000000 -50.000000 -70.000000
v -100.000000 -45.000000 -70.000000
v -100.000000 -40.000000 -70.000000
v -100.000000 -35.000000 -70.000000
v -100.000000 -30.000000 -70.000000
v -100.000000 -25.000000 -70.000000
v -100.000000 -20.000000 -70.000000
v -100.000000 -15.000000 -70.000000
v -100.000000 -10.000000 -70.000000
v -100.000000 -5.000000 -70.000000
v -100.000000 0.000000 -70.000000
v -100.000000 5.000000 -70.000000
v -100.000000 10.000000 -70.000000
v -100.000000 15.000000 -70.000000
v -100.000000 20.000000 -70.000000
v -100.000000 25.000000 -70.000000
v -100.000000 30.000000 -70.000000
v -100.000000 35.000000 -70.000000
v -100.000000 40.000000 -70.000000
v -100.000000 45.000000 -70.000000
v -100.000000 50.000000 -70.000000
v -100.000000 55.000000 -70.000000
v -100.000000 60.000000 -70.000000
v -100.000000 65.000000 -70.000000
v -100.000000 70.000000 -70.000000
v -100.000000 75.000000 -70.000000
v -100.000000 80.000000 -70.000000
v -100.000000 85.000000 -70.000000
v -100.000000 90.000000 -70.000000
v -100.000000 95.000000 -70.000000
v -100.000000 100.000000 -70.000000
v -100.000000 -100.000000 -65.000000
v -100.000000 -95.000000 -65.000000
v -100.000000 -90.000000 -65.000000
v -100.000000 -85.000000 -65.000000
v -100.000000 -80.000000 -65.000000
v -100.000000 -75.000000 -65.000000
v -100.000000 -70.000000 -65.000000
v -100.000000 -65.000000 -65.000000
v -100.000000 -60.000000 -65.000000
v -100.000000 -55.000000 -65.000000
v -100.000000 -50.000000 -65.000000
v -100.000000 -45.000000 -65.000000
v -100.000000 -40.000000 -65.000000
v -100.000000 -35.000000 -65.000000
v -100.000000 -30.000000 -65.000000
v -100.000000 -25.000000 -65.000000
v -100.000000 -20.000000 -65.000000
v -100.000000 -15.000000 -65.000000
v -100.000000 -10.000000 -65.000000
v -100.000000 -5.000000 -65.000000
v -100.000000 0.000000 -65.000000
v -100.000000 5.000000 -65.000000
v -100.000000 10.000000 -65.000000
v -100.000000 15.000000 -65.000000
v -100.000000 20.000000 -65.000000
v -100.000000 25.000000 -65.000000
v -100.000000 30.000000 -65.000000
v -100.000000 35.000000 -65.000000
v -100.000000 40.000000 -65.000000
v -100.000000 45.000000 -65.000000
v -100.000000 50.000000 -65.000000
v -100.000000 55.000000 -65.000000
v -100.000000 60.000000 -65.000000
v -100.000000 65.000000 -65.000000
v -100.000000 70.000000 -65.000000
v -100.000000 75.000000 -65.000000
v -100.000000 80.000000 -65.000000
v -100.000000 85.000000 -65.000000
v -100.000000 90.000000 -65.000000
v -100.000000 95.000000 -65.000000
v -100.000000 100.000000 -65.000000
v -100.000000 -100.000000 -60.000000
v -100.000000 -95.000000 -60.000000
v -100.000000 -90.000000 -60.000000
v -100.000000 -85.000000 -60.000000
v -100.000000 -80.000000 -60.000000
v -100.000000 -75.000000 -60.000000
v -100.000000 -70.000000 -60.000000
v -100.000000 -65.000000 -60.000000
v -100.000000 -60.000000 -60.000000
v -100.000000 -55.000000 -60.000000
v -100.000000 -50.000000 -60.000000
v -100.000000 -45.000000 -60.000000
v -100.000000 -40.000000 -60.000000
v -100.000000 -35.000000 -60.000000
v -100.000000 -30.000000 -60.000000
v -100.000000 -25.000000 -60.000000
v -100.000000 -20.000000 -60.000000
v -100.000000 -15.000000 -60.000000
v -100.000000 -10.000000 -60.000000
v -100.000000 -5.000000 -60.000000
v -100.000000 0.000000 -60.000000
v -100.000000 5.000000 -60.000000
v -100.000000 10.000000 -60.000000
v -100.000000 15.000000 -60.000000
v -100.000000 20.000000 -60.000000
v -100.000000 25.000000 -60.000000
v -100.000000 30.000000 -60.000000
v -100.000000 35.000000 -60.000000
v -100.000000 40.000000 -60.000000
v -100.000000 45.000000 -60.000000
v -100.000000 50.000000 -60.000000
v -100.000000 55.000000 -60.000000
v -100.000000 60.000000 -60.000000
v -100.000000 65.000000 -60.000000
v -100.000000 70.000000 -60.000000
v -100.000000 75.000000 -60.000000
v -100.000000 80.000000 -60.000000
v -100.000000 85.000000 -60.000000
v -100.000000 90.000000 -60.000000
v -100.000000 95.000000 -60.000000
v -100.000000 100.000000 -60.000000
v -100.000000 -100.000000 -55.000000
v -100.000000 -95.000000 -55.000000
v -100.000000 -90.000000 -55.000000
v -100.000000 -85.000000 -55.000000
v -100.000000 -80.000000 -55.000000
v -100.000000 -75.000000 -55.000000
v -100.000000 -70.000000 -55.000000
v -100.000000 -65.000000 -55.000000
v -100.000000 -60.000000 -55.000000
v -100.000000 -55.000000 -55.000000
v -100.000000 -50.000000 -55.000000
v -100.000000 -45.000000 -55.000000
v -100.000000 -40.000000 -55.000000
v -100.000000 -35.000000 -55.000000
v -100.000000 -30.000000 -55.000000
v -100.000000 -25.000000 -55.000000
v -100.000000 -20.000000 -55.000000
v -100.000000 -15.000000 -55.000000
v -100.000000 -10.000000 -55.000000
v -100.000000 -5.000000 -55.000000
v -100.000000 0.000000 -55.000000
v -100.000000 5.000000 -55.000000
v -100.000000 10.000000 -55.000000
v -100.000000 15.000000 -55.000000
v -100.000000 20.000000 -55.000000
v -100.000000 25.000000 -55.000000
v -100.000000 30.000000 -55.000000
v -100.000000 35.000000 -55.000000
v -100.000000 40.000000 -55.000000
v -100.000000 45.000000 -55.000000
v -100.000000 50.000000 -55.000000
v -100.000000 55.000000 -55.000000
v -100.000000 60.000000 -55.000000
v -100.000000 65.000000 -55.000000
v -100.000000 70.000000 -55.000000
v -100.000000 75.000000 -55.000000
v -100.000000 80.000000 -55.000000
v -100.000000 85.000000 -55.000000
v -100.000000 90.000000 -55.000000
v -100.000000 95.000000 -55.000000
v -100.000000 100.000000 -55.000000
v -100.000000 -100.000000 -50.000000
v -100.000000 -95.000000 -50.000000
v -100.000000 -90.000000 -50.000000
v -100.000000 -85.000000 -50.000000
v -100.000000 -80.000000 -50.000000
v -100.000000 -75.000000 -50.000000
v -100.000000 -70.000000 -50.000000
v -100.000000 -65.000000 -50.000000
v -100.000000 -60.000000 -50.000000
v -100.000000 -55.000000 -50.000000
v -100.000000 -50.000000 -50.000000
v -100.000000 -45.000000 -50.000000
v -100.000000 -40.000000 -50.000000
v -100.000000 -35.000000 -50.000000
v -100.000000 -30.000000 -50.000000
v -100.000000 -25.000000 -50.000000
v -100.000000 -20.000000 -50.000000
v -100.000000 -15.000000 -50.000000
v -100.000000 -10.000000 -50.000000
v -100.000000 -5.000000 -50.000000
v -100.000000 0.000000 -50.000000
v -100.000000 5.000000 -50.000000
v -100.000000 10.000000 -50.000000
v -100.000000 15.000000 -50.000000
v -100.000000 20.000000 -50.000000
v -100.000000 25.000000 -50.000000
v -100.000000 30.000000 -50.000000
v -100.000000 35.000000 -50.000000
v -100.000000 40.000000 -50.000000
v -100.000000 45.000000 -50.000000
v -100.000000 50.000000 -50.000000
v -100.000000 55.000000 -50.000000
v -100.000000 60.000000 -50.000000
v -100.000000 65.000000 -50.000000
v -100.000000 70.000000 -50.000000
v -100.000000 75.000000 -50.000000
v -100.000000 80.000000 -50.000000
v -100.000000 85.000000 -50.000000
v -100.000000 90.000000 -50.000000
v -100.000000 95.000000 -50.000000
v -100.000000 100.000000 -50.000000
v -100.000000 -100.000000 -45.000000
v -100.000000 -95.000000 -45.000000
v -100.000000 -90.000000 -45.000000
v -100.000000 -85.000000 -45.000000
v -100.000000 -80.000000 -45.000000
v -100.000000 -75.000000 -45.000000
v -100.000000 -70.000000 -45.000000
v -100.000000 -65.000000 -45.000000
v -100.000000 -60.000000 -45.000000
v -100.000000 -55.000000 -45.000000
v -100.000000 -50.000000 -45.000000
v -100.000000 -45.000000 -45.000000
v -100.000000 -40.000000 -45.000000
v -100.000000 -35.000000 -45.000000
v -100.000000 -30.000000 -45.000000
v -100.000000 -25.000000 -45.000000
v -100.000000 -20.000000 -45.000000
v -100.000000 -15.000000 -45.000000
v -100.000000 -10.000000 -45.000000
v -100.000000 -5.000000 -45.000000
v -100.000000 0.000000 -45.000000
v -100.000000 5.000000 -45.000000
v -100.000000 10.000000 -45.000000
v -100.000000 15.000000 -45.000000
v -100.000000 20.000000 -45.000000
v -100.000000 25.000000 -45.000000
v -100.000000 30.000000 -45.000000
v -100.000000 35.000000 -45.000000
v -100.000000 40.000000 -45.000000
v -100.000000 45.000000 -45.000000
v -100.000000 50.000000 -45.000000
v -100.000000 55.000000 -45.000000
v -100.000000 60.000000 -45.000000
v -100.000000 65.000000 -45.000000
v -100.000000 70.000000 -45.000000
v -100.000000 75.000000 -45.000000
v -100.000000 80.000000 -45.000000
v -100.000000 85.000000 -45.000000
v -100.000000 90.000000 -45.000000
v -100.000000 95.000000 -45.000000
v -100.000000 100.000000 -45.000000
v -100.000000 -100.000000 -40.000000
v -100.000000 -95.000000 -40.000000
v -100.000000 -90.000000 -40.000000
v -100.000000 -85.000000 -40.000000
v -100.000000 -80.000000 -40.000000
v -100.000000 -75.000000 -40.000000
v -100.000000 -70.000000 -40.000000
v -100.000000 -65.000000 -40.000000
v -100.000000 -60.000000 -40.000000
v -100.000000 -55.000000 -40.000000
v -100.000000 -50.000000 -40.000000
v -100.000000 -45.000000 -40.000000
v -100.000000 -40.000000 -40.000000
v -100.000000 -35.000000 -40.000000
v -100.000000 -30.000000 -40.000000
v -100.000000 -25.000000 -40.000000
v -100.000000 -20.000000 -40.000000
v -100.000000 -15.000000 -40.000000
v -100.000000 -10.000000 -40.000000
v -100.000000 -5.000000 -40.000000
v -100.000000 0.000000 -40.000000
v -100.000000 5.000000 -40.000000
v -100.000000 10.000000 -40.000000
v -100.000000 15.000000 -40.000000
v -100.000000 20.000000 -40.000000
v -100.000000 25.000000 -40.000000
v -100.000000 30.000000 -40.000000
v -100.000000 35.000000 -40.000000
v -100.000000 40.000000 -40.000000
v -100.000000 45.000000 -40.000000
v -100.000000 50.000000 -40.000000
v -100.000000 55.000000 -40.000000
v -100.000000 60.000000 -40.000000
v -100.000000 65.000000 -40.000000
v -100.000000 70.000000 -40.000000
v -100.000000 75.000000 -40.000000
v -100.000000 80.000000 -40.000000
v -100.000000 85.000000 -40.000000
v -100.000000 90.000000 -40.000000
v -100.000000 95.000000 -40.000000
v -100.000000 100.000000 -40.000000
v -100.000000 -100.000000 -35.000000
v -100.000000 -95.000000 -35.000000
v -100.000000 -90.000000 -35.000000
v -100.000000 -85.000000 -35.000000
v -100.000000 -80.000000 -35.000000
v -100.000000 -75.000000 -35.000000
v -100.000000 -70.000000 -35.000000
v -100.000000 -65.000000 -35.000000
v -100.000000 -60.000000 -35.000000
v -100.000000 -55.000000 -35.000000
v -100.000000 -50.000000 -35.000000
v -100.000000 -45.000000 -35.000000
v -100.000000 -40.000000 -35.000000
v -100.000000 -35.000000 -35.000000
v -100.000000 -30.000000 -35.000000
v -100.000000 -25.000000 -35.000000
v -100.000000 -20.000000 -35.000000
v -100.000000 -15.000000 -35.000000
v -100.000000 -10.000000 -35.000000
v -100.000000 -5.000000 -35.000000
v -100.000000 0.000000 -35.000000
v -100.000000 5.000000 -35.000000
v -100.000000 10.000000 -35.000000
v -100.000000 15.000000 -35.000000
v -100.000000 20.000000 -35.000000
v -100.000000 25.000000 -35.000000
v -100.000000 30.000000 -35.000000
v -100.000000 35.000000 -35.000000
v -100.000000 40.000000 -35.000000
v -100.000000 45.000000 -35.000000
v -100.000000 50.000000 -35.000000
v -100.000000 55.000000 -35.000000
v -100.000000 60.000000 -35.000000
v -100.000000 65.000000 -35.000000
v -100.000000 70.000000 -35.000000
v -100.000000 75.000000 -35.000000
v -100.000000 80.000000 -35.000000
v -100.000000 85.000000 -35.000000
v -100.000000 90.000000 -35.000000
v -100.000000 95.000000 -35.000000
v -100.000000 100.000000 -35.000000
v -100.000000 -100.000000 -30.000000
v -100.000000 -95.000000 -30.000000
v -100.000000 -90.000000 -30.000000
v -100.000000 -85.000000 -30.000000
v -100.000000 -80.000000 -30.000000
v -100.000000 -75.000000 -30.000000
v -100.000000 -70.000000 -30.000000
v -100.000000 -65.000000 -30.000000
v -100.000000 -60.000000 -30.000000
v -100.000000 -55.000000 -30.000000
v -100.000000 -50.000000 -30.000000
v -100.000000 -45.000000 -30.000000
v -100.000000 -40.000000 -30.000000
v -100.000000 -35.000000 -30.000000
v -100.000000 -30.000000 -30.000000
v -100.000000 -25.000000 -30.000000
v -100.000000 -20.000000 -30.000000
v -100.000000 -15.000000 -30.000000
v -100.000000 -10.000000 -30.000000
v -100.000000 -5.000000 -30.000000
v -100.000000 0.000000 -30.000000
v -100.000000 5.000000 -30.000000
v -100.000000 10.000000 -30.000000
v -100.000000 15.000000 -30.000000
v -100.000000 20.000000 -30.000000
v -100.000000 25.000000 -30.000000
v -100.000000 30.000000 -30.000000
v -100.000000 35.000000 -30.000000
v -100.000000 40.000000 -30.000000
v -100.000000 45.000000 -30.000000
v -100.000000 50.000000 -30.000000
v -100.000000 55.000000 -30.000000
v -100.000000 60.000000 -30.000000
v -100.000000 65.000000 -30.000000
v -100.000000 70.000000 -30.000000
v -100.000000 75.000000 -30.000000
v -100.000000 80.000000 -30.000000
v -100.000000 85.000000 -30.000000
v -100.000000 90.000000 -30.000000
v -100.000000 95.000000 -30.000000
v -100.000000 100.000000 -30.000000
v -100.000000 -100.000000 -25.000000
v -100.000000 -95.000000 -25.000000
v -100.000000 -90.000000 -25.000000
v -100.000000 -85.000000 -25.000000
v -100.000000 -80.000000 -25.000000
v -100.000000 -75.000000 -25.000000
v -100.000000 -70.000000 -25.000000
v -100.000000 -65.000000 -25.000000
v -100.000000 -60.000000 -25.000000
v -100.000000 -55.000000 -25.000000
v -100.000000 -50.000000 -25.000000
v -100.000000 -45.000000 -25.000000
v -100.000000 -40.000000 -25.000000
v -100.000000 -35.000000 -25.000000
v -100.000000 -30.000000 -25.000000
v -100.000000 -25.000000 -25.000000
v -100.000000 -20.000000 -25.000000
v -100.000000 -15.000000 -25.000000
v -100.000000 -10.000000 -25.000000
v -100.000000 -5.000000 -25.000000
v -100.000000 0.000000 -25.000000
v -100.000000 5.000000 -25.000000
v -100.000000 10.000000 -25.000000
v -100.000000 15.000000 -25.000000
v -100.000000 20.000000 -25.000000
v -100.000000 25.000000 -25.000000
v -100.000000 30.000000 -25.000000
v -100.000000 35.000000 -25.000000
v -100.000000 40.000000 -25.000000
v -100.000000 45.000000 -25.000000
v -100.000000 50.000000 -25.000000
v -100.000000 55.000000 -25.000000
v -100.000000 60.000000 -25.000000
v -100.000000 65.000000 -25.000000
v -100.000000 70.000000 -25.000000
v -100.000000 75.000000 -25.000000
v -100.000000 80.000000 -25.000000
v -100.000000 85.000000 -25.000000
v -100.000000 90.000000 -25.000000
v -100.000000 95.000000 -25.000000
v -100.000000 100.000000 -25.000000
v -100.000000 -100.000000 -20.000000
v -100.000000 -95.000000 -20.000000
v -100.000000 -90.000000 -20.000000
v -100.000000 -85.000000 -20.000000
v -100.000000 -80.000000 -20.000000
v -100.000000 -75.000000 -20.000000
v -100.000000 -70.000000 -20.000000
v -100.000000 -65.000000 -20.000000
v -100.000000 -60.000000 -20.000000
v -100.000000 -55.000000 -20.000000
v -100.000000 -50.000000 -20.000000
v -100.000000 -45.000000 -20.000000
v -100.000000 -40.000000 -20.000000
v -100.000000 -35.000000 -20.000000
v -100.000000 -30.000000 -20.000000
v -100.000000 -25.000000 -20.000000
v -100.000000 -20.000000 -20.000000
v -100.000000 -15.000000 -20.000000
v -100.000000 -10.000000 -20.000000
v -100.000000 -5.000000 -20.000000
v -100.000000 0.000000 -20.000000
v -100.000000 5.000000 -20.000000
v -100.000000 10.000000 -20.000000
v -100.000000 15.000000 -20.000000
v -100.000000 20.000000 -20.000000
v -100.000000 25.000000 -20.000000
v -100.000000 30.000000 -20.000000
v -100.000000 35.000000 -20.000000
v -100.000000 40.000000 -20.000000
v -100.000000 45.000000 -20.000000
v -100.000000 50.000000 -20.000000
v -100.000000 55.000000 -20.000000
v -100.000000 60.000000 -20.000000
v -100.000000 65.000000 -20.000000
v -100.000000 70.000000 -20.000000
v -100.000000 75.000000 -20.000000
v -100.000000 80.000000 -20.000000
v -100.000000 85.000000 -20.000000
v -100.000000 90.000000 -20.000000
v -100.000000 95.000000 -20.000000
v -100.000000 100.000000 -20.000000
v -100.000000 -100.000000 -15.000000
v -100.000000 -95.000000 -15.000000
v -100.000000 -90.000000 -15.000000
v -100.000000 -85.000000 -15.000000
v -100.000000 -80.000000 -15.000000
v -100.000000 -75.000000 -15.000000
v -100.000000 -70.000000 -15.000000
v -100.000000 -65.000000 -15.000000
v -100.000000 -60.000000 -15.000000
v -100.000000 -55.000000 -15.000000
v -100.000000 -50.000000 -15.000000
v -100.000000 -45.000000 -15.000000
v -100.000000 -40.000000 -15.000000
v -100.000000 -35.000000 -15.000000
v -100.000000 -30.000000 -15.000000
v -100.000000 -25.000000 -15.000000
v -100.000000 -20.000000 -15.000000
v -100.000000 -15.000000 -15.000000
v -100.000000 -10.000000 -15.000000
v -100.000000 -5.000000 -15.000000
v -100.000000 0.000000 -15.000000
v -100.000000 5.000000 -15.000000
v -100.000000 10.000000 -15.000000
v -100.000000 15.000000 -15.000000
v -100.000000 20.000000 -15.000000
v -100.000000 25.000000 -15.000000
v -100.000000 30.000000 -15.000000
v -100.000000 35.000000 -15.000000
v -100.000000 40.000000 -15.000000
v -100.000000 45.000000 -15.000000
v -100.000000 50.000000 -15.000000
v -100.000000 55.000000 -15.000000
v -100.000000 60.000000 -15.000000
v -100.000000 65.000000 -15.000000
v -100.000000 70.000000 -15.000000
v -100.000000 75.000000 -15.000000
v -100.000000 80.000000 -15.000000
v -100.000000 85.000000 -15.000000
v -100.000000 90.000000 -15.000000
v -100.000000 95.000000 -15.000000
v -100.000000 100.000000 -15.000000
v -100.000000 -100.000000 -10.000000
v -100.000000 -95.000000 -10.000000
v -100.000000 -90.000000 -10.000000
v -100.000000 -85.000000 -10.000000
v -100.000000 -80.000000 -10.000000
v -100.000000 -75.000000 -10.000000
v -100.000000 -70.000000 -10.000000
v -100.000000 -65.000000 -10.000000
v -100.000000 -60.000000 -10.000000
v -100.000000 -55.000000 -10.000000
v -100.000000 -50.000000 -10.000000
v -100.000000 -45.000000 -10.000000
v -100.000000 -40.000000 -10.000000
v -100.000000 -35.000000 -10.000000
v -100.000000 -30.000000 -10.000000
v -100.000000 -25.000000 -10.000000
v -100.000000 -20.000000 -10.000000
v -100.000000 -15.000000 -10.000000
v -100.000000 -10.000000 -10.000000
v -100.000000 -5.000000 -10.000000
v -100.000000 0.000000 -10.000000
v -100.000000 5.000000 -10.000000
v -100.000000 10.000000 -10.000000
v -100.000000 15.000000 -10.000000
v -100.000000 20.000000 -10.000000
v -100.000000 25.000000 -10.000000
v -100.000000 30.000000 -10.000000
v -100.000000 35.000000 -10.000000
v -100.000000 40.000000 -10.000000
v -100.000000 45.000000 -10.000000
v -100.000000 50.000000 -10.000000
v -100.000000 55.000000 -10.000000
v -100.000000 60.000000 -10.000000
v -100.000000 65.000000 -10.000000
v -100.000000 70.000000 -10.000000
v -100.000000 75.000000 -10.000000
v -100.000000 80.000000 -10.000000
v -100.000000 85.000000 -10.000000
v -100.000000 90.000000 -10.000000
v -100.000000 95.000000 -10.000000
v -100.000000 100.000000 -10.000000
v -100.000000 -100.000000 -5.000000
v -100.000000 -95.000000 -5.000000
v -100.000000 -90.000000 -5.000000
v -100.000000 -85.000000 -5.000000
v -100.000000 -80.000000 -5.000000
v -100.000000 -75.000000 -5.000000
v -100.000000 -70.000000 -5.000000
v -100.000000 -65.000000 -5.000000
v -100.000000 -60.000000 -5.000000
v -100.000000 -55.000000 -5.000000
v -100.000000 -50.000000 -5.000000
v -100.000000 -45.000000 -5.000000
v -100.000000 -40.000000 -5.000000
v -100.000000 -35.000000 -5.000000
v -100.000000 -30.000000 -5.000000
v -100.000000 -25.000000 -5.000000
v -100.000000 -20.000000 -5.000000
v -100.000000 -15.000000 -5.000000
v -100.000000 -10.000000 -5.000000
v -100.000000 -5.000000 -5.000000
v -100.000000 0.000000 -5.000000
v -100.000000 5.000000 -5.000000
v -100.000000 10.000000 -5.000000
v -100.000000 15.000000 -5.000000
v -100.000000 20.000000 -5.000000
v -100.000000 25.000000 -5.000000
v -100.000000 30.000000 -5.000000
v -100.000000 35.000000 -5.000000
v -100.000000 40.000000 -5.000000
v -100.000000 45.000000 -5.000000
v -100.000000 50.000000 -5.000000
v -100.000000 55.000000 -5.000000
v -100.000000 60.000000 -5.000000
v -100.000000 65.000000 -5.000000
v -100.000000 70.000000 -5.000000
v -100.000000 75.000000 -5.000000
v -100.000000 80.000000 -5.000000
v -100.000000 85.000000 -5.000000
v -100.000000 90.000000 -5.000000
v -100.000000 95.000000 -5.000000
v -100.000000 100.000000 -5.000000
v -100.000000 -100.000000 0.000000
v -100.000000 -95.000000 0.000000
v -100.000000 -90.000000 0.000000
v -100.000000 -85.000000 0.000000
v -100.000000 -80.000000 0.000000
v -100.000000 -75.000000 0.000000
v -100.000000 -70.000000 0.000000
v -100.000000 -65.000000 0.000000
v -100.000000 -60.000000 0.000000
v -100.000000 -55.000000 0.000000
v -100.000000 -50.000000 0.000000
v -100.000000 -45.000000 0.000000
v -100.000000 -40.000000 0.000000
v -100.000000 -35.000000 0.000000
v -100.000000 -30.000000 0.000000
v -100.000000 -25.000000 0.000000
v -100.000000 -20.000000 0.000000
v -100.000000 -15.000000 0.000000
v -100.000000 -10.000000 0.000000
v -100.000000 -5.000000 0.000000
v -100.000000 0.000000 0.000000
v -100.000000 5.000000 0.000000
v -100.000000 10.000000 0.000000
v -100.000000 15.000000 0.000000
v -100.000000 20.000000 0.000000
v -100.000000 25.000000 0.000000
v -100.000000 30.000000 0.000000
v -100.000000 35.000000 0.000000
v -100.000000 40.000000 0.000000
v -100.000000 45.000000 0.000000
v -100.000000 50.000000 0.000000
v -100.000000 55.000000 0.000000
v -100.000000 60.000000 0.000000
v -100.000000 65.000000 0.000000
v -100.000000 70.000000 0.000000
v -100.000000 75.000000 0.000000
v -100.000000 80.000000 0.000000
v -100.000000 85.000000 0.000000
v -100.000000 90.000000 0.000000
v -100.000000 95.000000 0.000000
v -100.000000 100.000000 0.000000
v -100.000000 -100.000000 5.000000
v -100.000000 -95.000000 5.000000
v -100.000000 -90.000000 5.000000
v -100.000000 -85.000000 5.000000
v -100.000000 -80.000000 5.000000
v -100.000000 -75.000000 5.000000
v -100.000000 -70.000000 5.000000
v -100.000000 -65.000000 5.000000
v -100.000000 -60.000000 5.000000
v -100.000000 -55.000000 5.000000
v -100.000000 -50.000000 5.000000
v -100.000000 -45.000000 5.000000
v -100.000000 -40.000000 5.000000
v -100.000000 -35.000000 5.000000
v -100.000000 -30.000000 5.000000
v -100.000000 -25.000000 5.000000
v -100.000000 -20.000000 5.000000
v -100.000000 -15.000000 5.000000
v -100.000000 -10.000000 5.000000
v -100.000000 -5.000000 5.000000
v -100.000000 0.000000 5.000000
v -100.000000 5.000000 5.000000
v -100.000000 10.000000 5.000000
v -100.000000 15.000000 5.000000
v -100.000000 20.000000 5.000000
v -100.000000 25.000000 5.000000
v -100.000000 30.000000 5.000000
v -100.000000 35.000000 5.000000
v -100.000000 40.000000 5.000000
v -100.000000 45.000000 5.000000
v -100.000000 50.000000 5.000000
v -100.000000 55.000000 5.000000
v -100.000000 60.000000 5.000000
v -100.000000 65.000000 5.000000
v -100.000000 70.000000 5.000000
v -100.000000 75.000000 5.000000
v -100.000000 80.000000 5.000000
v -100.000000 85.000000 5.000000
v -100.000000 90.000000 5.000000
v -100.000000 95.000000 5.000000
v -100.000000 100.000000 5.000000
v -100.000000 -100.000000 10.000000
v -100.000000 -95.000000 10.000000
v -100.000000 -90.000000 10.000000
v -100.000000 -85.000000 10.000000
v -100.000000 -80.000000 10.000000
v -100.000000 -75.000000 10.000000
v -100.000000 -70.000000 10.000000
v -100.000000 -65.000000 10.000000
v -100.000000 -60.000000 10.000000
v -100.000000 -55.000000 10.000000
v -100.000000 -50.000000 10.000000
v -100.000000 -45.000000 10.000000
v -100.000000 -40.000000 10.000000
v -100.000000 -35.000000 10.000000
v -100.000000 -30.000000 10.000000
v -100.000000 -25.000000 10.000000
v -100.000000 -20.000000 10.000000
v -100.000000 -15.000000 10.000000
v -100.000000 -10.000000 10.000000
v -100.000000 -5.000000 10.000000
v -100.000000 0.000000 10.000000
v -100.000000 5.000000 10.000000
v -100.000000 10.000000 10.000000
v -100.000000 15.000000 10.000000
v -100.000000 20.000000 10.000000
v -100.000000 25.000000 10.000000
v -100.000000 30.000000 10.000000
v -100.000000 35.000000 10.000000
v -100.000000 40.000000 10.000000
v -100.000000 45.000000 10.000000
v -100.000000 50.000000 10.000000
v -100.000000 55.000000 10.000000
v -100.000000 60.000000 10.000000
v -100.000000 65.000000 10.000000
v -100.000000 70.000000 10.000000
v -100.000000 75.000000 10.000000
v -100.000000 80.000000 10.000000
v -100.000000 85.000000 10.000000
v -100.000000 90.000000 10.000000
v -100.000000 95.000000 10.000000
v -100.000000 100.000000 10.000000
v -100.000000 -100.000000 15.000000
v -100.000000 -95.000000 15.000000
v -100.000000 -90.000000 15.000000
v -100.000000 -85.000000 15.000000
v -100.000000 -80.000000 15.000000
v -100.000000 -75.000000 15.000000
v -100.000000 -70.000000 15.000000
v -100.000000 -65.000000 15.000000
v -100.000000 -60.000000 15.000000
v -100.000000 -55.000000 15.000000
v -100.000000 -50.000000 15.000000
v -100.000000 -45.000000 15.000000
v -100.000000 -40.000000 15.000000
v -100.000000 -35.000000 15.000000
v -100.000000 -30.000000 15.000000
v -100.000000 -25.000000 15.000000
v -100.000000 -20.000000 15.000000
v -100.000000 -15.000000 15.000000
v -100.000000 -10.000000 15.000000
v -100.000000 -5.000000 15.000000
v -100.000000 0.000000 15.000000
v -100.000000 5.000000 15.000000
v -100.000000 10.000000 15.000000
v -100.000000 15.000000 15.000000
v -100.000000 20.000000 15.000000
v -100.000000 25.000000 15.000000
v -100.000000 30.000000 15.000000
v -100.000000 35.000000 15.000000
v -100.000000 40.000000 15.000000
v -100.000000 45.000000 15.000000
v -100.000000 50.000000 15.000000
v -100.000000 55.000000 15.000000
v -100.000000 60.000000 15.000000
v -100.000000 65.000000 15.000000
v -100.000000 70.000000 15.000000
v -100.000000 75.000000 15.000000
v -100.000000 80.000000 15.000000
v -100.000000 85.000000 15.000000
v -100.000000 90.000000 15.000000
v -100.000000 95.000000 15.000000
v -100.000000 100.000000 15.000000
v -100.000000 -100.000000 20.000000
v -100.000000 -95.000000 20.000000
v -100.000000 -90.000000 20.000000
v -100.000000 -85.000000 20.000000
v -100.000000 -80.000000 20.000000
v -100.000000 -75.000000 20.000000
v -100.000000 -70.000000 20.000000
v -100.000000 -65.000000 20.000000
v -100.000000 -60.000000 20.000000
v -100.000000 -55.000000 20.000000
v -100.000000 -50.000000 20.000000
v -100.000000 -45.000000 20.000000
v -100.000000 -40.000000 20.000000
v -100.000000 -35.000000 20.000000
v -100.000000 -30.000000 20.000000
v -100.000000 -25.000000 20.000000
v -100.000000 -20.000000 20.000000
v -100.000000 -15.000000 20.000000
v -100.000000 -10.000000 20.000000
v -100.000000 -5.000000 20.000000
v -100.000000 0.000000 20.000000
v -100.000000 5.000000 20.000000
v -100.000000 10.000000 20.000000
v -100.000000 15.000000 20.000000
v -100.000000 20.000000 20.000000
v -100.000000 25.000000 20.000000
v -100.000000 30.000000 20.000000
v -100.000000 35.000000 20.000000
v -100.000000 40.000000 20.000000
v -100.000000 45.000000 20.000000
v -100.000000 50.000000 20.000000
v -100.000000 55.000000 20.000000
v -100.000000 60.000000 20.000000
v -100.000000 65.000000 20.000000
v -100.000000 70.000000 20.000000
v -100.000000 75.000000 20.000000
v -100.000000 80.000000 20.000000
v -100.000000 85.000000 20.000000
v -100.000000 90.000000 20.000000
v -100.000000 95.000000 20.000000
v -100.000000 100.000000 20.000000
v -100.000000 -100.000000 25.000000
v -100.000000 -95.000000 25.000000
v -100.000000 -90.000000 25.000000
v -100.000000 -85.000000 25.000000
v -100.000000 -80.000000 25.000000
v -100.000000 -75.000000 25.000000
v -100.000000 -70.000000 25.000000
v -100.000000 -65.000000 25.000000
v -100.000000 -60.000000 25.000000
v -100.000000 -55.000000 25.000000
v -100.000000 -50.000000 25.000000
v -100.000000 -45.000000 25.000000
v -100.000000 -40.000000 25.000000
v -100.000000 -35.000000 25.000000
v -100.000000 -30.000000 25.000000
v -100.000000 -25.000000 25.000000
v -100.000000 -20.000000 25.000000
v -100.000000 -15.000000 25.000000
v -100.000000 -10.000000 25.000000
v -100.000000 -5.000000 25.000000
v -100.000000 0.000000 25.000000
v -100.000000 5.000000 25.000000
v -100.000000 10.000000 25.000000
v -100.000000 15.000000 25.000000
v -100.000000 20.000000 25.000000
v -100.000000 25.000000 25.000000
v -100.000000 30.000000 25.000000
v -100.000000 35.000000 25.000000
v -100.000000 40.000000 25.000000
v -100.000000 45.000000 25.000000
v -100.000000 50.000000 25.000000
v -100.000000 55.000000 25.000000
v -100.000000 60.000000 25.000000
v -100.000000 65.000000 25.000000
v -100.000000 70.000000 25.000000
v -100.000000 75.000000 25.000000
v -100.000000 80.000000 25.000000
v -100.000000 85.000000 25.000000
v -100.000000 90.000000 25.000000
v -100.000000 95.000000 25.000000
v -100.000000 100.000000 25.000000
v -100.000000 -100.000000 30.000000
v -100.000000 -95.000000 30.000000
v -100.000000 -90.000000 30.000000
v -100.000000 -85.000000 30.000000
v -100.000000 -80.000000 30.000000
v -100.000000 -75.000000 30.000000
v -100.000000 -70.000000 30.000000
v -100.000000 -65.000000 30.000000
v -100.000000 -60.000000 30.000000
v -100.000000 -55.000000 30.000000
v -100.000000 -50.000000 30.000000
v -100.000000 -45.000000 30.000000
v -100.000000 -40.000000 30.000000
v -100.000000 -35.000000 30.000000
v -100.000000 -30.000000 30.000000
v -100.000000 -25.000000 30.000000
v -100.000000 -20.000000 30.000000
v -100.000000 -15.000000 30.000000
v -100.000000 -10.000000 30.000000
v -100.000000 -5.000000 30.000000
v -100.000000 0.000000 30.000000
v -100.000000 5.000000 30.000000
v -100.000000 10.000000 30.000000
v -100.000000 15.000000 30.000000
v -100.000000 20.000000 30.000000
v -100.000000 25.000000 30.000000
v -100.000000 30.000000 30.000000
v -100.000000 35.000000 30.000000
v -100.000000 40.000000 30.000000
v -100.000000 45.000000 30.000000
v -100.000000 50.000000 30.000000
v -100.000000 55.000000 30.000000
v -100.000000 60.000000 30.000000
v -100.000000 65.000000 30.000000
v -100.000000 70.000000 30.000000
v -100.000000 75.000000 30.000000
v -100.000000 80.000000 30.000000
v -100.000000 85.000000 30.000000
v -100.000000 90.000000 30.000000
v -100.000000 95.000000 30.000000
v -100.000000 100.000000 30.000000
v -100.000000 -100.000000 35.000000
v -100.000000 -95.000000 35.000000
v -100.000000 -90.000000 35.000000
v -100.000000 -85.000000 35.000000
v -100.000000 -80.000000 35.000000
v -100.000000 -75.000000 35.000000
v -100.000000 -70.000000 35.000000
v -100.000000 -65.000000 35.000000
v -100.000000 -60.000000 35.000000
v -100.000000 -55.000000 35.000000
v -100.000000 -50.000000 35.000000
v -100.000000 -45.000000 35.000000
v -100.000000 -40.000000 35.000000
v -100.000000 -35.000000 35.000000
v -100.000000 -30.000000 35.000000
v -100.000000 -25.000000 35.000000
v -100.000000 -20.000000 35.000000
v -100.000000 -15.000000 35.000000
v -100.000000 -10.000000 35.000000
v -100.000000 -5.000000 35.000000
v -100.000000 0.000000 35.000000
v -100.000000 5.000000 35.000000
v -100.000000 10.000000 35.000000
v -100.000000 15.000000 35.000000
v -100.000000 20.000000 35.000000
v -100.000000 25.000000 35.000000
v -100.000000 30.000000 35.000000
v -100.000000 35.000000 35.000000
v -100.000000 40.000000 35.000000
v -100.000000 45.000000 35.000000
v -100.000000 50.000000 35.000000
v -100.000000 55.000000 35.000000
v -100.000000 60.000000 35.000000
v -100.000000 65.000000 35.000000
v -100.000000 70.000000 35.000000
v -100.000000 75.000000 35.000000
v -100.000000 80.000000 35.000000
v -100.000000 85.000000 35.000000
v -100.000000 90.000000 35.000000
v -100.000000 95.000000 35.000000
v -100.000000 100.000000 35.000000
v -100.000000 -100.000000 40.000000
v -100.000000 -95.000000 40.000000
v -100.000000 -90.000000 40.000000
v -100.000000 -85.000000 40.000000
v -100.000000 -80.000000 40.000000
v -100.000000 -75.000000 40.000000
v -100.000000 -70.000000 40.000000
v -100.000000 -65.000000 40.000000
v -100.000000 -60.000000 40.000000
v -100.000000 -55.000000 40.000000
v -100.000000 -50.000000 40.000000
v -100.000000 -45.000000 40.000000
v -100.000000 -40.000000 40.000000
v -100.000000 -35.000000 40.000000
v -100.000000 -30.000000 40.000000
v -100.000000 -25.000000 40.000000
v -100.000000 -20.000000 40.000000
v -100.000000 -15.000000 40.000000
v -100.000000 -10.000000 40.000000
v -100.000000 -5.000000 40.000000
v -100.000000 0.000000 40.000000
v -100.000000 5.000000 40.000000
v -100.000000 10.000000 40.000000
v -100.000000 15.000000 40.000000
v -100.000000 20.000000 40.000000
v -100.000000 25.000000 40.000000
v -100.000000 30.000000 40.000000
v -100.000000 35.000000 40.000000
v -100.000000 40.000000 40.000000
v -100.000000 45.000000 40.000000
v -100.000000 50.000000 40.000000
v -100.000000 55.000000 40.000000
v -100.000000 60.000000 40.000000
v -100.000000 65.000000 40.000000
v -100.000000 70.000000 40.000000
v -100.000000 75.000000 40.000000
v -100.000000 80.000000 40.000000
v -100.000000 85.000000 40.000000
v -100.000000 90.000000 40.000000
v -100.000000 95.000000 40.000000
v -100.000000 100.000000 40.000000
v -100.000000 -100.000000 45.000000
v -100.000000 -95.000000 45.000000
v -100.000000 -90.000000 45.000000
v -100.000000 -85.000000 45.000000
v -100.000000 -80.000000 45.000000
v -100.000000 -75.000000 45.000000
v -100.000000 -70.000000 45.000000
v -100.000000 -65.000000 45.000000
v -100.000000 -60.000000 45.000000
v -100.000000 -55.000000 45.000000
v -100.000000 -50.000000 45.000000
v -100.000000 -45.000000 45.000000
v -100.000000 -40.000000 45.000000
v -100.000000 -35.000000 45.000000
v -100.000000 -30.000000 45.000000
v -100.000000 -25.000000 45.000000
v -100.000000 -20.000000 45.000000
v -100.000000 -15.000000 45.000000
v -100.000000 -10.000000 45.000000
v -100.000000 -5.000000 45.000000
v -100.000000 0.000000 45.000000
v -100.000000 5.000000 45.000000
v -100.000000 10.000000 45.000000
v -100.000000 15.000000 45.000000
v -100.000000 20.000000 45.000000
v -100.000000 25.000000 45.000000
v -100.000000 30.000000 45.000000
v -100.000000 35.000000 45.000000
v -100.000000 40.000000 45.000000
v -100.000000 45.000000 45.000000
v -100.000000 50.000000 45.000000
v -100.000000 55.000000 45.000000
v -100.000000 60.000000 45.000000
v -100.000000 65.000000 45.000000
v -100.000000 70.000000 45.000000
v -100.000000 75.000000 45.000000
v -100.000000 80.000000 45.000000
v -100.000000 85.000000 45.000000
v -100.000000 90.000000 45.000000
v -100.000000 95.000000 45.000000
v -100.000000 100.000000 45.000000
v -100.000000 -100.000000 50.000000
v -100.000000 -95.000000 50.000000
v -100.000000 -90.000000 50.000000
v -100.000000 -85.000000 50.000000
v -100.000000 -80.000000 50.000000
v -100.000000 -75.000000 50.000000
v -100.000000 -70.000000 50.000000
v -100.000000 -65.000000 50.000000
v -100.000000 -60.000000 50.000000
v -100.000000 -55.000000 50.000000
v -100.000000 -50.000000 50.000000
v -100.000000 -45.000000 50.000000
v -100.000000 -40.000000 50.000000
v -100.000000 -35.000000 50.000000
v -100.000000 -30.000000 50.000000
v -100.000000 -25.000000 50.000000
v -100.000000 -20.000000 50.000000
v -100.000000 -15.000000 50.000000
v -100.000000 -10.000000 50.000000
v -100.000000 -5.000000 50.000000
v -100.000000 0.000000 50.000000
v -100.000000 5.000000 50.000000
v -100.000000 10.000000 50.000000
v -100.000000 15.000000 50.000000
v -100.000000 20.000000 50.000000
v -100.000000 25.000000 50.000000
v -100.000000 30.000000 50.000000
v -100.000000 35.000000 50.000000
v -100.000000 40.000000 50.000000
v -100.000000 45.000000 50.000000
v -100.000000 50.000000 50.000000
v -100.000000 55.000000 50.000000
v -100.000000 60.000000 50.000000
v -100.000000 65.000000 50.000000
v -100.000000 70.000000 50.000000
v -100.000000 75.000000 50.000000
v -100.000000 80.000000 50.000000
v -100.000000 85.000000 50.000000
v -100.000000 90.000000 50.000000
v -100.000000 95.000000 50.000000
v -100.000000 100.000000 50.000000
v -100.000000 -100.000000 55.000000
v -100.000000 -95.000000 55.000000
v -100.000000 -90.000000 55.000000
v -100.000000 -85.000000 55.000000
v -100.000000 -80.000000 55.000000
v -100.000000 -75.000000 55.000000
v -100.000000 -70.000000 55.000000
v -100.000000 -65.000000 55.000000
v -100.000000 -60.000000 55.000000
v -100.000000 -55.000000 55.000000
v -100.000000 -50.000000 55.000000
v -100.000000 -45.000000 55.000000
v -100.000000 -40.000000 55.000000
v -100.000000 -35.000000 55.000000
v -100.000000 -30.000000 55.000000
v -100.000000 -25.000000 55.000000
v -100.000000 -20.000000 55.000000
v -100.000000 -15.000000 55.000000
v -100.000000 -10.000000 55.000000
v -100.000000 -5.000000 55.000000
v -100.000000 0.000000 55.000000
v -100.000000 5.000000 55.000000
v -100.000000 10.000000 55.000000
v -100.000000 15.000000 55.000000
v -100.000000 20.000000 55.000000
v -100.000000 25.000000 55.000000
v -100.000000 30.000000 55.000000
v -100.000000 35.000000 55.000000
v -100.000000 40.000000 55.000000
v -100.000000 45.000000 55.000000
v -100.000000 50.000000 55.000000
v -100.000000 55.000000 55.000000
v -100.000000 60.000000 55.000000
v -100.000000 65.000000 55.000000
v -100.000000 70.000000 55.000000
v -100.000000 75.000000 55.000000
v -100.000000 80.000000 55.000000
v -100.000000 85.000000 55.000000
v -100.000000 90.000000 55.000000
v -100.000000 95.000000 55.000000
v -100.000000 100.000000 55.000000
v -100.000000 -100.000000 60.000000
v -100.000000 -95.000000 60.000000
v -100.000000 -90.000000 60.000000
v -100.000000 -85.000000 60.000000
v -100.000000 -80.000000 60.000000
v -100.000000 -75.000000 60.000000
v -100.000000 -70.000000 60.000000
v -100.000000 -65.000000 60.000000
v -100.000000 -60.000000 60.000000
v -100.000000 -55.000000 60.000000
v -100.000000 -50.000000 60.000000
v -100.000000 -45.000000 60.000000
v -100.000000 -40.000000 60.000000
v -100.000000 -35.000000 60.000000
v -100.000000 -30.000000 60.000000
v -100.000000 -25.000000 60.000000
v -100.000000 -20.000000 60.000000
v -100.000000 -15.000000 60.000000
v -100.000000 -10.000000 60.000000
v -100.000000 -5.000000 60.000000
v -100.000000 0.000000 60.000000
v -100.000000 5.000000 60.000000
v -100.000000 10.000000 60.000000
v -100.000000 15.000000 60.000000
v -100.000000 20.000000 60.000000
v -100.000000 25.000000 60.000000
v -100.000000 30.000000 60.000000
v -100.000000 35.000000 60.000000
v -100.000000 40.000000 60.000000
v -100.000000 45.000000 60.000000
v -100.000000 50.000000 60.000000
v -100.000000 55.000000 60.000000
v -100.000000 60.000000 60.000000
v -100.000000 65.000000 60.000000
v -100.000000 70.000000 60.000000
v -100.000000 75.000000 60.000000
v -100.000000 80.000000 60.000000
v -100.000000 85.000000 60.000000
v -100.000000 90.000000 60.000000
v -100.000000 95.000000 60.000000
v -100.000000 100.000000 60.000000
v -100.000000 -100.000000 65.000000
v -100.000000 -95.000000 65.000000
v -100.000000 -90.000000 65.000000
v -100.000000 -85.000000 65.000000
v -100.000000 -80.000000 65.000000
v -100.000000 -75.000000 65.000000
v -100.000000 -70.000000 65.000000
v -100.000000 -65.000000 65.000000
v -100.000000 -60.000000 65.000000
v -100.000000 -55.000000 65.000000
v -100.000000 -50.000000 65.000000
v -100.000000 -45.000000 65.000000
v -100.000000 -40.000000 65.000000
v -100.000000 -35.000000 65.000000
v -100.000000 -30.000000 65.000000
v -100.000000 -25.000000 65.000000
v -100.000000 -20.000000 65.000000
v -100.000000 -15.000000 65.000000
v -100.000000 -10.000000 65.000000
v -100.000000 -5.000000 65.000000
v -100.000000 0.000000 65.000000
v -100.000000 5.000000 65.000000
v -100.000000 10.000000 65.000000
v -100.000000 15.000000 65.000000
v -100.000000 20.000000 65.000000
v -100.000000 25.000000 65.000000
v -100.000000 30.000000 65.000000
v -100.000000 35.000000 65.000000
v -100.000000 40.000000 65.000000
v -100.000000 45.000000 65.000000
v -100.000000 50.000000 65.000000
v -100.000000 55.000000 65.000000
v -100.000000 60.000000 65.000000
v -100.000000 65.000000 65.000000
v -100.000000 70.000000 65.000000
v -100.000000 75.000000 65.000000
v -100.000000 80.000000 65.000000
v -100.000000 85.000000 65.000000
v -100.000000 90.000000 65.000000
v -100.000000 95.000000 65.000000
v -100.000000 100.000000 65.000000
v -100.000000 -100.000000 70.000000
v -100.000000 -95.000000 70.000000
v -100.000000 -90.000000 70.000000
v -100.000000 -85.000000 70.000000
v -100.000000 -80.000000 70.000000
v -100.000000 -75.000000 70.000000
v -100.000000 -70.000000 70.000000
v -100.000000 -65.000000 70.000000
v -100.000000 -60.000000 70.000000
v -100.000000 -55.000000 70.000000
v -100.000000 -50.000000 70.000000
v -100.000000 -45.000000 70.000000
v -100.000000 -40.000000 70.000000
v -100.000000 -35.000000 70.000000
v -100.000000 -30.000000 70.000000
v -100.000000 -25.000000 70.000000
v -100.000000 -20.000000 70.000000
v -100.000000 -15.000000 70.000000
v -100.000000 -10.000000 70.000000
v -100.000000 -5.000000 70.000000
v -100.000000 0.000000 70.000000
v -100.000000 5.000000 70.000000
v -100.000000 10.000000 70.000000
v -100.000000 15.000000 70.000000
v -100.000000 20.000000 70.000000
v -100.000000 25.000000 70.000000
v -100.000000 30.000000 70.000000
v -100.000000 35.000000 70.000000
v -100.000000 40.000000 70.000000
v -100.000000 45.000000 70.000000
v -100.000000 50.000000 70.000000
v -100.000000 55.000000 70.000000
v -100.000000 60.000000 70.000000
v -100.000000 65.000000 70.000000
v -100.000000 70.000000 70.000000
v -100.000000 75.000000 70.000000
v -100.000000 80.000000 70.000000
v -100.000000 85.000000 70.000000
v -100.000000 90.000000 70.000000
v -100.000000 95.000000 70.000000
v -100.000000 100.000000 70.000000
v -100.000000 -100.000000 75.000000
v -100.000000 -95.000000 75.000000
v -100.000000 -90.000000 75.000000
v -100.000000 -85.000000 75.000000
v -100.000000 -80.000000 75.000000
v -100.000000 -75.000000 75.000000
v -100.000000 -70.000000 75.000000
v -100.000000 -65.000000 75.000000
v -100.000000 -60.000000 75.000000
v -100.000000 -55.000000 75.000000
v -100.000000 -50.000000 75.000000
v -100.000000 -45.000000 75.000000
v -100.000000 -40.000000 75.000000
v -100.000000 -35.000000 75.000000
v -100.000000 -30.000000 75.000000
v -100.000000 -25.000000 75.000000
v -100.000000 -20.000000 75.000000
v -100.000000 -15.000000 75.000000
v -100.000000 -10.000000 75.000000
v -100.000000 -5.000000 75.000000
v -100.000000 0.000000 75.000000
v -100.000000 5.000000 75.000000
v -100.000000 10.000000 75.000000
v -100.000000 15.000000 75.000000
v -100.000000 20.000000 75.000000
v -100.000000 25.000000 75.000000
v -100.000000 30.000000 75.000000
v -100.000000 35.000000 75.000000
v -100.000000 40.000000 75.000000
v -100.000000 45.000000 75.000000
v -100.000000 50.000000 75.000000
v -100.000000 55.000000 75.000000
v -100.000000 60.000000 75.000000
v -100.000000 65.000000 75.000000
v -100.000000 70.000000 75.000000
v -100.000000 75.000000 75.000000
v -100.000000 80.000000 75.000000
v -100.000000 85.000000 75.000000
v -100.000000 90.000000 75.000000
v -100.000000 95.000000 75.000000
v -100.000000 100.000000 75.000000
v -100.000000 -100.000000 80.000000
v -100.000000 -95.000000 80.000000
v -100.000000 -90.000000 80.000000
v -100.000000 -85.000000 80.000000
v -100.000000 -80.000000 80.000000
v -100.000000 -75.000000 80.000000
v -100.000000 -70.000000 80.000000
v -100.000000 -65.000000 80.000000
v -100.000000 -60.000000 80.000000
v -100.000000 -55.000000 80.000000
v -100.000000 -50.000000 80.000000
v -100.000000 -45.000000 80.000000
v -100.000000 -40.000000 80.000000
v -100.000000 -35.000000 80.000000
v -100.000000 -30.000000 80.000000
v -100.000000 -25.000000 80.000000
v -100.000000 -20.000000 80.000000
v -100.000000 -15.000000 80.000000
v -100.000000 -10.000000 80.000000
v -100.000000 -5.000000 80.000000
v -100.000000 0.000000 80.000000
v -100.000000 5.000000 80.000000
v -100.000000 10.000000 80.000000
v -100.000000 15.000000 80.000000
v -100.000000 20.000000 80.000000
v -100.000000 25.000000 80.000000
v -100.000000 30.000000 80.000000
v -100.000000 35.000000 80.000000
v -100.000000 40.000000 80.000000
v -100.000000 45.000000 80.000000
v -100.000000 50.000000 80.000000
v -100.000000 55.000000 80.000000
v -100.000000 60.000000 80.000000
v -100.000000 65.000000 80.000000
v -100.000000 70.000000 80.000000
v -100.000000 75.000000 80.000000
v -100.000000 80.000000 80.000000
v -100.000000 85.000000 80.000000
v -100.000000 90.000000 80.000000
v -100.000000 95.000000 80.000000
v -100.000000 100.000000 80.000000
v -100.000000 -100.000000 85.000000
v -100.000000 -95.000000 85.000000
v -100.000000 -90.000000 85.000000
v -100.000000 -85.000000 85.000000
v -100.000000 -80.000000 85.000000
v -100.000000 -75.000000 85.000000
v -100.000000 -70.000000 85.000000
v -100.000000 -65.000000 85.000000
v -100.000000 -60.000000 85.000000
v -100.000000 -55.000000 85.000000
v -100.000000 -50.000000 85.000000
v -100.000000 -45.000000 85.000000
v -100.000000 -40.000000 85.000000
v -100.000000 -35.000000 85.000000
v -100.000000 -30.000000 85.000000
v -100.000000 -25.000000 85.000000
v -100.000000 -20.000000 85.000000
v -100.000000 -15.000000 85.000000
v -100.000000 -10.000000 85.000000
v -100.000000 -5.000000 85.000000
v -100.000000 0.000000 85.000000
v -100.000000 5.000000 85.000000
v -100.000000 10.000000 85.000000
v -100.000000 15.000000 85.000000
v -100.000000 20.000000 85.000000
v -100.000000 25.000000 85.000000
v -100.000000 30.000000 85.000000
v -100.000000 35.000000 85.000000
v -100.000000 40.000000 85.000000
v -100.000000 45.000000 85.000000
v -100.000000 50.000000 85.000000
v -100.000000 55.000000 85.000000
v -100.000000 60.000000 85.000000
v -100.000000 65.000000 85.000000
v -100.000000 70.000000 85.000000
v -100.000000 75.000000 85.000000
v -100.000000 80.000000 85.000000
v -100.000000 85.000000 85.000000
v -100.000000 90.000000 85.000000
v -100.000000 95.000000 85.000000
v -100.000000 100.000000 85.000000
v -100.000000 -100.000000 90.000000
v -100.000000 -95.000000 90.000000
v -100.000000 -90.000000 90.000000
v -100.000000 -85.000000 90.000000
v -100.000000 -80.000000 90.000000
v -100.000000 -75.000000 90.000000
v -100.000000 -70.000000 90.000000
v -100.000000 -65.000000 90.000000
v -100.000000 -60.000000 90.000000
v -100.000000 -55.000000 90.000000
v -100.000000 -50.000000 90.000000
v -100.000000 -45.000000 90.000000
v -100.000000 -40.000000 90.000000
v -100.000000 -35.000000 90.000000
v -100.000000 -30.000000 90.000000
v -100.000000 -25.000000 90.000000
v -100.000000 -20.000000 90.000000
v -100.000000 -15.000000 90.000000
v -100.000000 -10.000000 90.000000
v -100.000000 -5.000000 90.000000
v -100.000000 0.000000 90.000000
v -100.000000 5.000000 90.000000
v -100.000000 10.000000 90.000000
v -100.000000 15.000000 90.000000
v -100.000000 20.000000 90.000000
v -100.000000 25.000000 90.000000
v -100.000000 30.000000 90.000000
v -100.000000 35.000000 90.000000
v -100.000000 40.000000 90.000000
v -100.000000 45.000000 90.000000
v -100.000000 50.000000 90.000000
v -100.000000 55.000000 90.000000
v -100.000000 60.000000 90.000000
v -100.000000 65.000000 90.000000
v -100.000000 70.000000 90.000000
v -100.000000 75.000000 90.000000
v -100.000000 80.000000 90.000000
v -100.000000 85.000000 90.000000
v -100.000000 90.000000 90.000000
v -100.000000 95.000000 90.000000
v -100.000000 100.000000 90.000000
v -100.000000 -100.000000 95.000000
v -100.000000 -95.000000 95.000000
v -100.000000 -90.000000 95.000000
v -100.000000 -85.000000 95.000000
v -100.000000 -80.000000 95.000000
v -100.000000 -75.000000 95.000000
v -100.000000 -70.000000 95.000000
v -100.000000 -65.000000 95.000000
v -100.000000 -60.000000 95.000000
v -100.000000 -55.000000 95.000000
v -100.000000 -50.000000 95.000000
v -100.000000 -45.000000 95.000000
v -100.000000 -40.000000 95.000000
v -100.000000 -35.000000 95.000000
v -100.000000 -30.000000 95.000000
v -100.000000 -25.000000 95.000000
v -100.000000 -20.000000 95.000000
v -100.000000 -15.000000 95.000000
v -100.000000 -10.000000 95.000000
v -100.000000 -5.000000 95.000000
v -100.000000 0.000000 95.000000
v -100.000000 5.000000 95.000000
v -100.000000 10.000000 95.000000
v -100.000000 15.000000 95.000000
v -100.000000 20.000000 95.000000
v -100.000000 25.000000 95.000000
v -100.000000 30.000000 95.000000
v -100.000000 35.000000 95.000000
v -100.000000 40.000000 95.000000
v -100.000000 45.000000 95.000000
v -100.000000 50.000000 95.000000
v -100.000000 55.000000 95.000000
v -100.000000 60.000000 95.000000
v -100.000000 65.000000 95.000000
v -100.000000 70.000000 95.000000
v -100.000000 75.000000 95.000000
v -100.000000 80.000000 95.000000
v -100.000000 85.000000 95.000000
v -100.000000 90.000000 95.000000
v -100.000000 95.000000 95.000000
v -100.000000 100.000000 95.000000
v -95.000000 100.000000 95.000000
v -95.000000 100.000000 90.000000
v -95.000000 100.000000 85.000000
v -95.000000 100.000000 80.000000
v -95.000000 100.000000 75.000000
v -95.000000 100.000000 70.000000
v -95.000000 100.000000 65.000000
v -95.000000 100.000000 60.000000
v -95.000000 100.000000 55.000000
v -95.000000 100.000000 50.000000
v -95.000000 100.000000 45.000000
v -95.000000 100.000000 40.000000
v -95.000000 100.000000 35.000000
v -95.000000 100.000000 30.000000
v -95.000000 100.000000 25.000000
v -95.000000 100.000000 20.000000
v -95.000000 100.000000 15.000000
v -95.000000 100.000000 10.000000
v -95.000000 100.000000 5.000000
v -95.000000 100.000000 0.000000
v -95.000000 100.000000 -5.000000
v -95.000000 100.000000 -10.000000
v -95.000000 100.000000 -15.000000
v -95.000000 100.000000 -20.000000
v -95.000000 100.000000 -25.000000
v -95.000000 100.000000 -30.000000
v -95.000000 100.000000 -35.000000
v -95.000000 100.000000 -40.000000
v -95.000000 100.000000 -45.000000
v -95.000000 100.000000 -50.000000
v -95.000000 100.000000 -55.000000
v -95.000000 100.000000 -60.000000
v -95.000000 100.000000 -65.000000
v -95.000000 100.000000 -70.000000
v -95.000000 100.000000 -75.000000
v -95.000000 100.000000 -80.000000
v -95.000000 100.000000 -85.000000
v -95.000000 100.000000 -90.000000
v -95.000000 100.000000 -95.000000
v -90.000000 100.000000 95.000000
v -90.000000 100.000000 90.000000
v -90.000000 100.000000 85.000000
v -90.000000 100.000000 80.000000
v -90.000000 100.000000 75.000000
v -90.000000 100.000000 70.000000
v -90.000000 100.000000 65.000000
v -90.000000 100.000000 60.000000
v -90.000000 100.000000 55.000000
v -90.000000 100.000000 50.000000
v -90.000000 100.000000 45.000000
v -90.000000 100.000000 40.000000
v -90.000000 100.000000 35.000000
v -90.000000 100.000000 30.000000
v -90.000000 100.000000 25.000000
v -90.000000 100.000000 20.000000
v -90.000000 100.000000 15.000000
v -90.000000 100.000000 10.000000
v -90.000000 100.000000 5.000000
v -90.000000 100.000000 0.000000
v -90.000000 100.000000 -5.000000
v -90.000000 100.000000 -10.000000
v -90.000000 100.000000 -15.000000
v -90.000000 100.000000 -20.000000
v -90.000000 100.000000 -25.000000
v -90.000000 100.000000 -30.000000
v -90.000000 100.000000 -35.000000
v -90.000000 100.000000 -40.000000
v -90.000000 100.000000 -45.000000
v -90.000000 100.000000 -50.000000
v -90.000000 100.000000 -55.000000
v -90.000000 100.000000 -60.000000
v -90.000000 100.000000 -65.000000
v -90.000000 100.000000 -70.000000
v -90.000000 100.000000 -75.000000
v -90.000000 100.000000 -80.000000
v -90.000000 100.000000 -85.000000
v -90.000000 100.000000 -90.000000
v -90.000000 100.000000 -95.000000
v -85.000000 100.000000 95.000000
v -85.000000 100.000000 90.000000
v -85.000000 100.000000 85.000000
v -85.000000 100.000000 80.000000
v -85.000000 100.000000 75.000000
v -85.000000 100.000000 70.000000
v -85.000000 100.000000 65.000000
v -85.000000 100.000000 60.000000
v -85.000000 100.000000 55.000000
v -85.000000 100.000000 50.000000
v -85.000000 100.000000 45.000000
v -85.000000 100.000000 40.000000
v -85.000000 100.000000 35.000000
v -85.000000 100.000000 30.000000
v -85.000000 100.000000 25.000000
v -85.000000 100.000000 20.000000
v -85.000000 100.000000 15.000000
v -85.000000 100.000000 10.000000
v -85.000000 100.000000 5.000000
v -85.000000 100.000000 0.000000
v -85.000000 100.000000 -5.000000
v -85.000000 100.000000 -10.000000
v -85.000000 100.000000 -15.000000
v -85.000000 100.000000 -20.000000
v -85.000000 100.000000 -25.000000
v -85.000000 100.000000 -30.000000
v -85.000000 100.000000 -35.000000
v -85.000000 100.000000 -40.000000
v -85.000000 100.000000 -45.000000
v -85.000000 100.000000 -50.000000
v -85.000000 100.000000 -55.000000
v -85.000000 100.000000 -60.000000
v -85.000000 100.000000 -65.000000
v -85.000000 100.000000 -70.000000
v -85.000000 100.000000 -75.000000
v -85.000000 100.000000 -80.000000
v -85.000000 100.000000 -85.000000
v -85.000000 100.000000 -90.000000
v -85.000000 100.000000 -95.000000
v -80.000000 100.000000 95.000000
v -80.000000 100.000000 90.000000
v -80.000000 100.000000 85.000000
v -80.000000 100.000000 80.000000
v -80.000000 100.000000 75.000000
v -80.000000 100.000000 70.000000
v -80.000000 100.000000 65.000000
v -80.000000 100.000000 60.000000
v -80.000000 100.000000 55.000000
v -80.000000 100.000000 50.000000
v -80.000000 100.000000 45.000000
v -80.000000 100.000000 40.000000
v -80.000000 100.000000 35.000000
v -80.000000 100.000000 30.000000
v -80.000000 100.000000 25.000000
v -80.000000 100.000000 20.000000
v -80.000000 100.000000 15.000000
v -80.000000 100.000000 10.000000
v -80.000000 100.000000 5.000000
v -80.000000 100.000000 0.000000
v -80.000000 100.000000 -5.000000
v -80.000000 100.000000 -10.000000
v -80.000000 100.000000 -15.000000
v -80.000000 100.000000 -20.000000
v -80.000000 100.000000 -25.000000
v -80.000000 100.000000 -30.000000
v -80.000000 100.000000 -35.000000
v -80.000000 100.000000 -40.000000
v -80.000000 100.000000 -45.000000
v -80.000000 100.000000 -50.000000
v -80.000000 100.000000 -55.000000
v -80.000000 100.000000 -60.000000
v -80.000000 100.000000 -65.000000
v -80.000000 100.000000 -70.000000
v -80.000000 100.000000 -75.000000
v -80.000000 100.000000 -80.000000
v -80.000000 100.000000 -85.000000
v -80.000000 100.000000 -90.000000
v -80.000000 100.000000 -95.000000
v -75.000000 100.000000 95.000000
v -75.000000 100.000000 90.000000
v -75.000000 100.000000 85.000000
v -75.000000 100.000000 80.000000
v -75.000000 100.000000 75.000000
v -75.000000 100.000000 70.000000
v -75.000000 100.000000 65.000000
v -75.000000 100.000000 60.000000
v -75.000000 100.000000 55.000000
v -75.000000 100.000000 50.000000
v -75.000000 100.000000 45.000000
v -75.000000 100.000000 40.000000
v -75.000000 100.000000 35.000000
v -75.000000 100.000000 30.000000
v -75.000000 100.000000 25.000000
v -75.000000 100.000000 20.000000
v -75.000000 100.000000 15.000000
v -75.000000 100.000000 10.000000
v -75.000000 100.000000 5.000000
v -75.000000 100.000000 0.000000
v -75.000000 100.000000 -5.000000
v -75.000000 100.000000 -10.000000
v -75.000000 100.000000 -15.000000
v -75.000000 100.000000 -20.000000
v -75.000000 100.000000 -25.000000
v -75.000000 100.000000 -30.000000
v -75.000000 100.000000 -35.000000
v -75.000000 100.000000 -40.000000
v -75.000000 100.000000 -45.000000
v -75.000000 100.000000 -50.000000
v -75.000000 100.000000 -55.000000
v -75.000000 100.000000 -60.000000
v -75.000000 100.000000 -65.000000
v -75.000000 100.000000 -70.000000
v -75.000000 100.000000 -75.000000
v -75.000000 100.000000 -80.000000
v -75.000000 100.000000 -85.000000
v -75.000000 100.000000 -90.000000
v -75.000000 100.000000 -95.000000
v -70.000000 100.000000 95.000000
v -70.000000 100.000000 90.000000
v -70.000000 100.000000 85.000000
v -70.000000 100.000000 80.000000
v -70.000000 100.000000 75.000000
v -70.000000 100.000000 70.000000
v -70.000000 100.000000 65.000000
v -70.000000 100.000000 60.000000
v -70.000000 100.000000 55.000000
v -70.000000 100.000000 50.000000
v -70.000000 100.000000 45.000000
v -70.000000 100.000000 40.000000
v -70.000000 100.000000 35.000000
v -70.000000 100.000000 30.000000
v -70.000000 100.000000 25.000000
v -70.000000 100.000000 20.000000
v -70.000000 100.000000 15.000000
v -70.000000 100.000000 10.000000
v -70.000000 100.000000 5.000000
v -70.000000 100.000000 0.000000
v -70.000000 100.000000 -5.000000
v -70.000000 100.000000 -10.000000
v -70.000000 100.000000 -15.000000
v -70.000000 100.000000 -20.000000
v -70.000000 100.000000 -25.000000
v -70.000000 100.000000 -30.000000
v -70.000000 100.000000 -35.000000
v -70.000000 100.000000 -40.000000
v -70.000000 100.000000 -45.000000
v -70.000000 100.000000 -50.000000
v -70.000000 100.000000 -55.000000
v -70.000000 100.000000 -60.000000
v -70.000000 100.000000 -65.000000
v -70.000000 100.000000 -70.000000
v -70.000000 100.000000 -75.000000
v -70.000000 100.000000 -80.000000
v -70.000000 100.000000 -85.000000
v -70.000000 100.000000 -90.000000
v -70.000000 100.000000 -95.000000
v -65.000000 100.000000 95.000000
v -65.000000 100.000000 90.000000
v -65.000000 100.000000 85.000000
v -65.000000 100.000000 80.000000
v -65.000000 100.000000 75.000000
v -65.000000 100.000000 70.000000
v -65.000000 100.000000 65.000000
v -65.000000 100.000000 60.000000
v -65.000000 100.000000 55.000000
v -65.000000 100.000000 50.000000
v -65.000000 100.000000 45.000000
v -65.000000 100.000000 40.000000
v -65.000000 100.000000 35.000000
v -65.000000 100.000000 30.000000
v -65.000000 100.000000 25.000000
v -65.000000 100.000000 20.000000
v -65.000000 100.000000 15.000000
v -65.000000 100.000000 10.000000
v -65.000000 100.000000 5.000000
v -65.000000 100.000000 0.000000
v -65.000000 100.000000 -5.000000
v -65.000000 100.000000 -10.000000
v -65.000000 100.000000 -15.000000
v -65.000000 100.000000 -20.000000
v -65.000000 100.000000 -25.000000
v -65.000000 100.000000 -30.000000
v -65.000000 100.000000 -35.000000
v -65.000000 100.000000 -40.000000
v -65.000000 100.000000 -45.000000
v -65.000000 100.000000 -50.000000
v -65.000000 100.000000 -55.000000
v -65.000000 100.000000 -60.000000
v -65.000000 100.000000 -65.000000
v -65.000000 100.000000 -70.000000
v -65.000000 100.000000 -75.000000
v -65.000000 100.000000 -80.000000
v -65.000000 100.000000 -85.000000
v -65.000000 100.000000 -90.000000
v -65.000000 100.000000 -95.000000
v -60.000000 100.000000 95.000000
v -60.000000 100.000000 90.000000
v -60.000000 100.000000 85.000000
v -60.000000 100.000000 80.000000
v -60.000000 100.000000 75.000000
v -60.000000 100.000000 70.000000
v -60.000000 100.000000 65.000000
v -60.000000 100.000000 60.000000
v -60.000000 100.000000 55.000000
v -60.000000 100.000000 50.000000
v -60.000000 100.000000 45.000000
v -60.000000 100.000000 40.000000
v -60.000000 100.000000 35.000000
v -60.000000 100.000000 30.000000
v -60.000000 100.000000 25.000000
v -60.000000 100.000000 20.000000
v -60.000000 100.000000 15.000000
v -60.000000 100.000000 10.000000
v -60.000000 100.000000 5.000000
v -60.000000 100.000000 0.000000
v -60.000000 100.000000 -5.000000
v -60.000000 100.000000 -10.000000
v -60.000000 100.000000 -15.000000
v -60.000000 100.000000 -20.000000
v -60.000000 100.000000 -25.000000
v -60.000000 100.000000 -30.000000
v -60.000000 100.000000 -35.000000
v -60.000000 100.000000 -40.000000
v -60.000000 100.000000 -45.000000
v -60.000000 100.000000 -50.000000
v -60.000000 100.000000 -55.000000
v -60.000000 100.000000 -60.000000
v -60.000000 100.000000 -65.000000
v -60.000000 100.000000 -70.000000
v -60.000000 100.000000 -75.000000
v -60.000000 100.000000 -80.000000
v -60.000000 100.000000 -85.000000
v -60.000000 100.000000 -90.000000
v -60.000000 100.000000 -95.000000
v -55.000000 100.000000 95.000000
v -55.000000 100.000000 90.000000
v -55.000000 100.000000 85.000000
v -55.000000 100.000000 80.000000
v -55.000000 100.000000 75.000000
v -55.000000 100.000000 70.000000
v -55.000000 100.000000 65.000000
v -55.000000 100.000000 60.000000
v -55.000000 100.000000 55.000000
v -55.000000 100.000000 50.000000
v -55.000000 100.000000 45.000000
v -55.000000 100.000000 40.000000
v -55.000000 100.000000 35.000000
v -55.000000 100.000000 30.000000
v -55.000000 100.000000 25.000000
v -55.000000 100.000000 20.000000
v -55.000000 100.000000 15.000000
v -55.000000 100.000000 10.000000
v -55.000000 100.000000 5.000000
v -55.000000 100.000000 0.000000
v -55.000000 100.000000 -5.000000
v -55.000000 100.000000 -10.000000
v -55.000000 100.000000 -15.000000
v -55.000000 100.000000 -20.000000
v -55.000000 100.000000 -25.000000
v -55.000000 100.000000 -30.000000
v -55.000000 100.000000 -35.000000
v -55.000000 100.000000 -40.000000
v -55.000000 100.000000 -45.000000
v -55.000000 100.000000 -50.000000
v -55.000000 100.000000 -55.000000
v -55.000000 100.000000 -60.000000
v -55.000000 100.000000 -65.000000
v -55.000000 100.000000 -70.000000
v -55.000000 100.000000 -75.000000
v -55.000000 100.000000 -80.000000
v -55.000000 100.000000 -85.000000
v -55.000000 100.000000 -90.000000
v -55.000000 100.000000 -95.000000
v -50.000000 100.000000 95.000000
v -50.000000 100.000000 90.000000
v -50.000000 100.000000 85.000000
v -50.000000 100.000000 80.000000
v -50.000000 100.000000 75.000000
v -50.000000 100.000000 70.000000
v -50.000000 100.000000 65.000000
v -50.000000 100.000000 60.000000
v -50.000000 100.000000 55.000000
v -50.000000 100.000000 50.000000
v -50.000000 100.000000 45.000000
v -50.000000 100.000000 40.000000
v -50.000000 100.000000 35.000000
v -50.000000 100.000000 30.000000
v -50.000000 100.000000 25.000000
v -50.000000 100.000000 20.000000
v -50.000000 100.000000 15.000000
v -50.000000 100.000000 10.000000
v -50.000000 100.000000 5.000000
v -50.000000 100.000000 0.000000
v -50.000000 100.000000 -5.000000
v -50.000000 100.000000 -10.000000
v -50.000000 100.000000 -15.000000
v -50.000000 100.000000 -20.000000
v -50.000000 100.000000 -25.000000
v -50.000000 100.000000 -30.000000
v -50.000000 100.000000 -35.000000
v -50.000000 100.000000 -40.000000
v -50.000000 100.000000 -45.000000
v -50.000000 100.000000 -50.000000
v -50.000000 100.000000 -55.000000
v -50.000000 100.000000 -60.000000
v -50.000000 100.000000 -65.000000
v -50.000000 100.000000 -70.000000
v -50.000000 100.000000 -75.000000
v -50.000000 100.000000 -80.000000
v -50.000000 100.000000 -85.000000
v -50.000000 100.000000 -90.000000
v -50.000000 100.000000 -95.000000
v -45.000000 100.000000 95.000000
v -45.000000 100.000000 90.000000
v -45.000000 100.000000 85.000000
v -45.000000 100.000000 80.000000
v -45.000000 100.000000 75.000000
v -45.000000 100.000000 70.000000
v -45.000000 100.000000 65.000000
v -45.000000 100.000000 60.000000
v -45.000000 100.000000 55.000000
v -45.000000 100.000000 50.000000
v -45.000000 100.000000 45.000000
v -45.000000 100.000000 40.000000
v -45.000000 100.000000 35.000000
v -45.000000 100.000000 30.000000
v -45.000000 100.000000 25.000000
v -45.000000 100.000000 20.000000
v -45.000000 100.000000 15.000000
v -45.000000 100.000000 10.000000
v -45.000000 100.000000 5.000000
v -45.000000 100.000000 0.000000
v -45.000000 100.000000 -5.000000
v -45.000000 100.000000 -10.000000
v -45.000000 100.000000 -15.000000
v -45.000000 100.000000 -20.000000
v -45.000000 100.000000 -25.000000
v -45.000000 100.000000 -30.000000
v -45.000000 100.000000 -35.000000
v -45.000000 100.000000 -40.000000
v -45.000000 100.000000 -45.000000
v -45.000000 100.000000 -50.000000
v -45.000000 100.000000 -55.000000
v -45.000000 100.000000 -60.000000
v -45.000000 100.000000 -65.000000
v -45.000000 100.000000 -70.000000
v -45.000000 100.000000 -75.000000
v -45.000000 100.000000 -80.000000
v -45.000000 100.000000 -85.000000
v -45.000000 100.000000 -90.000000
v -45.000000 100.000000 -95.000000
v -40.000000 100.000000 95.000000
v -40.000000 100.000000 90.000000
v -40.000000 100.000000 85.000000
v -40.000000 100.000000 80.000000
v -40.000000 100.000000 75.000000
v -40.000000 100.000000 70.000000
v -40.000000 100.000000 65.000000
v -40.000000 100.000000 60.000000
v -40.000000 100.000000 55.000000
v -40.000000 100.000000 50.000000
v -40.000000 100.000000 45.000000
v -40.000000 100.000000 40.000000
v -40.000000 100.000000 35.000000
v -40.000000 100.000000 30.000000
v -40.000000 100.000000 25.000000
v -40.000000 100.000000 20.000000
v -40.000000 100.000000 15.000000
v -40.000000 100.000000 10.000000
v -40.000000 100.000000 5.000000
v -40.000000 100.000000 0.000000
v -40.000000 100.000000 -5.000000
v -40.000000 100.000000 -10.000000
v -40.000000 100.000000 -15.000000
v -40.000000 100.000000 -20.000000
v -40.000000 100.000000 -25.000000
v -40.000000 100.000000 -30.000000
v -40.000000 100.000000 -35.000000
v -40.000000 100.000000 -40.000000
v -40.000000 100.000000 -45.000000
v -40.000000 100.000000 -50.000000
v -40.000000 100.000000 -55.000000
v -40.000000 100.000000 -60.000000
v -40.000000 100.000000 -65.000000
v -40.000000 100.000000 -70.000000
v -40.000000 100.000000 -75.000000
v -40.000000 100.000000 -80.000000
v -40.000000 100.000000 -85.000000
v -40.000000 100.000000 -90.000000
v -40.000000 100.000000 -95.000000
v -35.000000 100.000000 95.000000
v -35.000000 100.000000 90.000000
v -35.000000 100.000000 85.000000
v -35.000000 100.000000 80.000000
v -35.000000 100.000000 75.000000
v -35.000000 100.000000 70.000000
v -35.000000 100.000000 65.000000
v -35.000000 100.000000 60.000000
v -35.000000 100.000000 55.000000
v -35.000000 100.000000 50.000000
v -35.000000 100.000000 45.000000
v -35.000000 100.000000 40.000000
v -35.000000 100.000000 35.000000
v -35.000000 100.000000 30.000000
v -35.000000 100.000000 25.000000
v -35.000000 100.000000 20.000000
v -35.000000 100.000000 15.000000
v -35.000000 100.000000 10.000000
v -35.000000 100.000000 5.000000
v -35.000000 100.000000 0.000000
v -35.000000 100.000000 -5.000000
v -35.000000 100.000000 -10.000000
v -35.000000 100.000000 -15.000000
v -35.000000 100.000000 -20.000000
v -35.000000 100.000000 -25.000000
v -35.000000 100.000000 -30.000000
v -35.000000 100.000000 -35.000000
v -35.000000 100.000000 -40.000000
v -35.000000 100.000000 -45.000000
v -35.000000 100.000000 -50.000000
v -35.000000 100.000000 -55.000000
v -35.000000 100.000000 -60.000000
v -35.000000 100.000000 -65.000000
v -35.000000 100.000000 -70.000000
v -35.000000 100.000000 -75.000000
v -35.000000 100.000000 -80.000000
v -35.000000 100.000000 -85.000000
v -35.000000 100.000000 -90.000000
v -35.000000 100.000000 -95.000000
v -30.000000 100.000000 95.000000
v -30.000000 100.000000 90.000000
v -30.000000 100.000000 85.000000
v -30.000000 100.000000 80.000000
v -30.000000 100.000000 75.000000
v -30.000000 100.000000 70.000000
v -30.000000 100.000000 65.000000
v -30.000000 100.000000 60.000000
v -30.000000 100.000000 55.000000
v -30.000000 100.000000 50.000000
v -30.000000 100.000000 45.000000
v -30.000000 100.000000 40.000000
v -30.000000 100.000000 35.000000
v -30.000000 100.000000 30.000000
v -30.000000 100.000000 25.000000
v -30.000000 100.000000 20.000000
v -30.000000 100.000000 15.000000
v -30.000000 100.000000 10.000000
v -30.000000 100.000000 5.000000
v -30.000000 100.000000 0.000000
v -30.000000 100.000000 -5.000000
v -30.000000 100.000000 -10.000000
v -30.000000 100.000000 -15.000000
v -30.000000 100.000000 -20.000000
v -30.000000 100.000000 -25.000000
v -30.000000 100.000000 -30.000000
v -30.000000 100.000000 -35.000000
v -30.000000 100.000000 -40.000000
v -30.000000 100.000000 -45.000000
v -30.000000 100.000000 -50.000000
v -30.000000 100.000000 -55.000000
v -30.000000 100.000000 -60.000000
v -30.000000 100.000000 -65.000000
v -30.000000 100.000000 -70.000000
v -30.000000 100.000000 -75.000000
v -30.000000 100.000000 -80.000000
v -30.000000 100.000000 -85.000000
v -30.000000 100.000000 -90.000000
v -30.000000 100.000000 -95.000000
v -25.000000 100.000000 95.000000
v -25.000000 100.000000 90.000000
v -25.000000 100.000000 85.000000
v -25.000000 100.000000 80.000000
v -25.000000 100.000000 75.000000
v -25.000000 100.000000 70.000000
v -25.000000 100.000000 65.000000
v -25.000000 100.000000 60.000000
v -25.000000 100.000000 55.000000
v -25.000000 100.000000 50.000000
v -25.000000 100.000000 45.000000
v -25.000000 100.000000 40.000000
v -25.000000 100.000000 35.000000
v -25.000000 100.000000 30.000000
v -25.000000 100.000000 25.000000
v -25.000000 100.000000 20.000000
v -25.000000 100.000000 15.000000
v -25.000000 100.000000 10.000000
v -25.000000 100.000000 5.000000
v -25.000000 100.000000 0.000000
v -25.000000 100.000000 -5.000000
v -25.000000 100.000000 -10.000000
v -25.000000 100.000000 -15.000000
v -25.000000 100.000000 -20.000000
v -25.000000 100.000000 -25.000000
v -25.000000 100.000000 -30.000000
v -25.000000 100.000000 -35.000000
v -25.000000 100.000000 -40.000000
v -25.000000 100.000000 -45.000000
v -25.000000 100.000000 -50.000000
v -25.000000 100.000000 -55.000000
v -25.000000 100.000000 -60.000000
v -25.000000 100.000000 -65.000000
v -25.000000 100.000000 -70.000000
v -25.000000 100.000000 -75.000000
v -25.000000 100.000000 -80.000000
v -25.000000 100.000000 -85.000000
v -25.000000 100.000000 -90.000000
v -25.000000 100.000000 -95.000000
v -20.000000 100.000000 95.000000
v -20.000000 100.000000 90.000000
v -20.000000 100.000000 85.000000
v -20.000000 100.000000 80.000000
v -20.000000 100.000000 75.000000
v -20.000000 100.000000 70.000000
v -20.000000 100.000000 65.000000
v -20.000000 100.000000 60.000000
v -20.000000 100.000000 55.000000
v -20.000000 100.000000 50.000000
v -20.000000 100.000000 45.000000
v -20.000000 100.000000 40.000000
v -20.000000 100.000000 35.000000
v -20.000000 100.000000 30.000000
v -20.000000 100.000000 25.000000
v -20.000000 100.000000 20.000000
v -20.000000 100.000000 15.000000
v -20.000000 100.000000 10.000000
v -20.000000 100.000000 5.000000
v -20.000000 100.000000 0.000000
v -20.000000 100.000000 -5.000000
v -20.000000 100.000000 -10.000000
v -20.000000 100.000000 -15.000000
v -20.000000 100.000000 -20.000000
v -20.000000 100.000000 -25.000000
v -20.000000 100.000000 -30.000000
v -20.000000 100.000000 -35.000000
v -20.000000 100.000000 -40.000000
v -20.000000 100.000000 -45.000000
v -20.000000 100.000000 -50.000000
v -20.000000 100.000000 -55.000000
v -20.000000 100.000000 -60.000000
v -20.000000 100.000000 -65.000000
v -20.000000 100.000000 -70.000000
v -20.000000 100.000000 -75.000000
v -20.000000 100.000000 -80.000000
v -20.000000 100.000000 -85.000000
v -20.000000 100.000000 -90.000000
v -20.000000 100.000000 -95.000000
v -15.000000 100.000000 95.000000
v -15.000000 100.000000 90.000000
v -15.000000 100.000000 85.000000
v -15.000000 100.000000 80.000000
v -15.000000 100.000000 75.000000
v -15.000000 100.000000 70.000000
v -15.000000 100.000000 65.000000
v -15.000000 100.000000 60.000000
v -15.000000 100.000000 55.000000
v -15.000000 100.000000 50.000000
v -15.000000 100.000000 45.000000
v -15.000000 100.000000 40.000000
v -15.000000 100.000000 35.000000
v -15.000000 100.000000 30.000000
v -15.000000 100.000000 25.000000
v -15.000000 100.000000 20.000000
v -15.000000 100.000000 15.000000
v -15.000000 100.000000 10.000000
v -15.000000 100.000000 5.000000
v -15.000000 100.000000 0.000000
v -15.000000 100.000000 -5.000000
v -15.000000 100.000000 -10.000000
v -15.000000 100.000000 -15.000000
v -15.000000 100.000000 -20.000000
v -15.000000 100.000000 -25.000000
v -15.000000 100.000000 -30.000000
v -15.000000 100.000000 -35.000000
v -15.000000 100.000000 -40.000000
v -15.000000 100.000000 -45.000000
v -15.000000 100.000000 -50.000000
v -15.000000 100.000000 -55.000000
v -15.000000 100.000000 -60.000000
v -15.000000 100.000000 -65.000000
v -15.000000 100.000000 -70.000000
v -15.000000 100.000000 -75.000000
v -15.000000 100.000000 -80.000000
v -15.000000 100.000000 -85.000000
v -15.000000 100.000000 -90.000000
v -15.000000 100.000000 -95.000000
v -10.000000 100.000000 95.000000
v -10.000000 100.000000 90.000000
v -10.000000 100.000000 85.000000
v -10.000000 100.000000 80.000000
v -10.000000 100.000000 75.000000
v -10.000000 100.000000 70.000000
v -10.000000 100.000000 65.000000
v -10.000000 100.000000 60.000000
v -10.000000 100.000000 55.000000
v -10.000000 100.000000 50.000000
v -10.000000 100.000000 45.000000
v -10.000000 100.000000 40.000000
v -10.000000 100.000000 35.000000
v -10.000000 100.000000 30.000000
v -10.000000 100.000000 25.000000
v -10.000000 100.000000 20.000000
v -10.000000 100.000000 15.000000
v -10.000000 100.000000 10.000000
v -10.000000 100.000000 5.000000
v -10.000000 100.000000 0.000000
v -10.000000 100.000000 -5.000000
v -10.000000 100.000000 -10.000000
v -10.000000 100.000000 -15.000000
v -10.000000 100.000000 -20.000000
v -10.000000 100.000000 -25.000000
v -10.000000 100.000000 -30.000000
v -10.000000 100.000000 -35.000000
v -10.000000 100.000000 -40.000000
v -10.000000 100.000000 -45.000000
v -10.000000 100.000000 -50.000000
v -10.000000 100.000000 -55.000000
v -10.000000 100.000000 -60.000000
v -10.000000 100.000000 -65.000000
v -10.000000 100.000000 -70.000000
v -10.000000 100.000000 -75.000000
v -10.000000 100.000000 -80.000000
v -10.000000 100.000000 -85.000000
v -10.000000 100.000000 -90.000000
v -10.000000 100.000000 -95.000000
v -5.000000 100.000000 95.000000
v -5.000000 100.000000 90.000000
v -5.000000 100.000000 85.000000
v -5.000000 100.000000 80.000000
v -5.000000 100.000000 75.000000
v -5.000000 100.000000 70.000000
v -5.000000 100.000000 65.000000
v -5.000000 100.000000 60.000000
v -5.000000 100.000000 55.000000
v -5.000000 100.000000 50.000000
v -5.000000 100.000000 45.000000
v -5.000000 100.000000 40.000000
v -5.000000 100.000000 35.000000
v -5.000000 100.000000 30.000000
v -5.000000 100.000000 25.000000
v -5.000000 100.000000 20.000000
v -5.000000 100.000000 15.000000
v -5.000000 100.000000 10.000000
v -5.000000 100.000000 5.000000
v -5.000000 100.000000 0.000000
v -5.000000 100.000000 -5.000000
v -5.000000 100.000000 -10.000000
v -5.000000 100.000000 -15.000000
v -5.000000 100.000000 -20.000000
v -5.000000 100.000000 -25.000000
v -5.000000 100.000000 -30.000000
v -5.000000 100.000000 -35.000000
v -5.000000 100.000000 -40.000000
v -5.000000 100.000000 -45.000000
v -5.000000 100.000000 -50.000000
v -5.000000 100.000000 -55.000000
v -5.000000 100.000000 -60.000000
v -5.000000 100.000000 -65.000000
v -5.000000 100.000000 -70.000000
v -5.000000 100.000000 -75.000000
v -5.000000 100.000000 -80.000000
v -5.000000 100.000000 -85.000000
v -5.000000 100.000000 -90.000000
v -5.000000 100.000000 -95.000000
v 0.000000 100.000000 95.000000
v 0.000000 100.000000 90.000000
v 0.000000 100.000000 85.000000
v 0.000000 100.000000 80.000000
v 0.000000 100.000000 75.000000
v 0.000000 100.000000 70.000000
v 0.000000 100.000000 65.000000
v 0.000000 100.000000 60.000000
v 0.000000 100.000000 55.000000
v 0.000000 100.000000 50.000000
v 0.000000 100.000000 45.000000
v 0.000000 100.000000 40.000000
v 0.000000 100.000000 35.000000
v 0.000000 100.000000 30.000000
v 0.000000 100.000000 25.000000
v 0.000000 100.000000 20.000000
v 0.000000 100.000000 15.000000
v 0.000000 100.000000 10.000000
v 0.000000 100.000000 5.000000
v 0.000000 100.000000 0.000000
v 0.000000 100.000000 -5.000000
v 0.000000 100.000000 -10.000000
v 0.000000 100.000000 -15.000000
v 0.000000 100.000000 -20.000000
v 0.000000 100.000000 -25.000000
v 0.000000 100.000000 -30.000000
v 0.000000 100.000000 -35.000000
v 0.000000 100.000000 -40.000000
v 0.000000 100.000000 -45.000000
v 0.000000 100.000000 -50.000000
v 0.000000 100.000000 -55.000000
v 0.000000 100.000000 -60.000000
v 0.000000 100.000000 -65.000000
v 0.000000 100.000000 -70.000000
v 0.000000 100.000000 -75.000000
v 0.000000 100.000000 -80.000000
v 0.000000 100.000000 -85.000000
v 0.000000 100.000000 -90.000000
v 0.000000 100.000000 -95.000000
v 5.000000 100.000000 95.000000
v 5.000000 100.000000 90.000000
v 5.000000 100.000000 85.000000
v 5.000000 100.000000 80.000000
v 5.000000 100.000000 75.000000
v 5.000000 100.000000 70.000000
v 5.000000 100.000000 65.000000
v 5.000000 100.000000 60.000000
v 5.000000 100.000000 55.000000
v 5.000000 100.000000 50.000000
v 5.000000 100.000000 45.000000
v 5.000000 100.000000 40.000000
v 5.000000 100.000000 35.000000
v 5.000000 100.000000 30.000000
v 5.000000 100.000000 25.000000
v 5.000000 100.000000 20.000000
v 5.000000 100.000000 15.000000
v 5.000000 100.000000 10.000000
v 5.000000 100.000000 5.000000
v 5.000000 100.000000 0.000000
v 5.000000 100.000000 -5.000000
v 5.000000 100.000000 -10.000000
v 5.000000 100.000000 -15.000000
v 5.000000 100.000000 -20.000000
v 5.000000 100.000000 -25.000000
v 5.000000 100.000000 -30.000000
v 5.000000 100.000000 -35.000000
v 5.000000 100.000000 -40.000000
v 5.000000 100.000000 -45.000000
v 5.000000 100.000000 -50.000000
v 5.000000 100.000000 -55.000000
v 5.000000 100.000000 -60.000000
v 5.000000 100.000000 -65.000000
v 5.000000 100.000000 -70.000000
v 5.000000 100.000000 -75.000000
v 5.000000 100.000000 -80.000000
v 5.000000 100.000000 -85.000000
v 5.000000 100.000000 -90.000000
v 5.000000 100.000000 -95.000000
v 10.000000 100.000000 95.000000
v 10.000000 100.000000 90.000000
v 10.000000 100.000000 85.000000
v 10.000000 100.000000 80.000000
v 10.000000 100.000000 75.000000
v 10.000000 100.000000 70.000000
v 10.000000 100.000000 65.000000
v 10.000000 100.000000 60.000000
v 10.000000 100.000000 55.000000
v 10.000000 100.000000 50.000000
v 10.000000 100.000000 45.000000
v 10.000000 100.000000 40.000000
v 10.000000 100.000000 35.000000
v 10.000000 100.000000 30.000000
v 10.000000 100.000000 25.000000
v 10.000000 100.000000 20.000000
v 10.000000 100.000000 15.000000
v 10.000000 100.000000 10.000000
v 10.000000 100.000000 5.000000
v 10.000000 100.000000 0.000000
v 10.000000 100.000000 -5.000000
v 10.000000 100.000000 -10.000000
v 10.000000 100.000000 -15.000000
v 10.000000 100.000000 -20.000000
v 10.000000 100.000000 -25.000000
v 10.000000 100.000000 -30.000000
v 10.000000 100.000000 -35.000000
v 10.000000 100.000000 -40.000000
v 10.000000 100.000000 -45.000000
v 10.000000 100.000000 -50.000000
v 10.000000 100.000000 -55.000000
v 10.000000 100.000000 -60.000000
v 10.000000 100.000000 -65.000000
v 10.000000 100.000000 -70.000000
v 10.000000 100.000000 -75.000000
v 10.000000 100.000000 -80.000000
v 10.000000 100.000000 -85.000000
v 10.000000 100.000000 -90.000000
v 10.000000 100.000000 -95.000000
v 15.000000 100.000000 95.000000
v 15.000000 100.000000 90.000000
v 15.000000 100.000000 85.000000
v 15.000000 100.000000 80.000000
v 15.000000 100.000000 75.000000
v 15.000000 100.000000 70.000000
v 15.000000 100.000000 65.000000
v 15.000000 100.000000 60.000000
v 15.000000 100.000000 55.000000
v 15.000000 100.000000 50.000000
v 15.000000 100.000000 45.000000
v 15.000000 100.000000 40.000000
v 15.000000 100.000000 35.000000
v 15.000000 100.000000 30.000000
v 15.000000 100.000000 25.000000
v 15.000000 100.000000 20.000000
v 15.000000 100.000000 15.000000
v 15.000000 100.000000 10.000000
v 15.000000 100.000000 5.000000
v 15.000000 100.000000 0.000000
v 15.000000 100.000000 -5.000000
v 15.000000 100.000000 -10.000000
v 15.000000 100.000000 -15.000000
v 15.000000 100.000000 -20.000000
v 15.000000 100.000000 -25.000000
v 15.000000 100.000000 -30.000000
v 15.000000 100.000000 -35.000000
v 15.000000 100.000000 -40.000000
v 15.000000 100.000000 -45.000000
v 15.000000 100.000000 -50.000000
v 15.000000 100.000000 -55.000000
v 15.000000 100.000000 -60.000000
v 15.000000 100.000000 -65.000000
v 15.000000 100.000000 -70.000000
v 15.000000 100.000000 -75.000000
v 15.000000 100.000000 -80.000000
v 15.000000 100.000000 -85.000000
v 15.000000 100.000000 -90.000000
v 15.000000 100.000000 -95.000000
v 20.000000 100.000000 95.000000
v 20.000000 100.000000 90.000000
v 20.000000 100.000000 85.000000
v 20.000000 100.000000 80.000000
v 20.000000 100.000000 75.000000
v 20.000000 100.000000 70.000000
v 20.000000 100.000000 65.000000
v 20.000000 100.000000 60.000000
v 20.000000 100.000000 55.000000
v 20.000000 100.000000 50.000000
v 20.000000 100.000000 45.000000
v 20.000000 100.000000 40.000000
v 20.000000 100.000000 35.000000
v 20.000000 100.000000 30.000000
v 20.000000 100.000000 25.000000
v 20.000000 100.000000 20.000000
v 20.000000 100.000000 15.000000
v 20.000000 100.000000 10.000000
v 20.000000 100.000000 5.000000
v 20.000000 100.000000 0.000000
v 20.000000 100.000000 -5.000000
v 20.000000 100.000000 -10.000000
v 20.000000 100.000000 -15.000000
v 20.000000 100.000000 -20.000000
v 20.000000 100.000000 -25.000000
v 20.000000 100.000000 -30.000000
v 20.000000 100.000000 -35.000000
v 20.000000 100.000000 -40.000000
v 20.000000 100.000000 -45.000000
v 20.000000 100.000000 -50.000000
v 20.000000 100.000000 -55.000000
v 20.000000 100.000000 -60.000000
v 20.000000 100.000000 -65.000000
v 20.000000 100.000000 -70.000000
v 20.000000 100.000000 -75.000000
v 20.000000 100.000000 -80.000000
v 20.000000 100.000000 -85.000000
v 20.000000 100.000000 -90.000000
v 20.000000 100.000000 -95.000000
v 25.000000 100.000000 95.000000
v 25.000000 100.000000 90.000000
v 25.000000 100.000000 85.000000
v 25.000000 100.000000 80.000000
v 25.000000 100.000000 75.000000
v 25.000000 100.000000 70.000000
v 25.000000 100.000000 65.000000
v 25.000000 100.000000 60.000000
v 25.000000 100.000000 55.000000
v 25.000000 100.000000 50.000000
v 25.000000 100.000000 45.000000
v 25.000000 100.000000 40.000000
v 25.000000 100.000000 35.000000
v 25.000000 100.000000 30.000000
v 25.000000 100.000000 25.000000
v 25.000000 100.000000 20.000000
v 25.000000 100.000000 15.000000
v 25.000000 100.000000 10.000000
v 25.000000 100.000000 5.000000
v 25.000000 100.000000 0.000000
v 25.000000 100.000000 -5.000000
v 25.000000 100.000000 -10.000000
v 25.000000 100.000000 -15.000000
v 25.000000 100.000000 -20.000000
v 25.000000 100.000000 -25.000000
v 25.000000 100.000000 -30.000000
v 25.000000 100.000000 -35.000000
v 25.000000 100.000000 -40.000000
v 25.000000 100.000000 -45.000000
v 25.000000 100.000000 -50.000000
v 25.000000 100.000000 -55.000000
v 25.000000 100.000000 -60.000000
v 25.000000 100.000000 -65.000000
v 25.000000 100.000000 -70.000000
v 25.000000 100.000000 -75.000000
v 25.000000 100.000000 -80.000000
v 25.000000 100.000000 -85.000000
v 25.000000 100.000000 -90.000000
v 25.000000 100.000000 -95.000000
v 30.000000 100.000000 95.000000
v 30.000000 100.000000 90.000000
v 30.000000 100.000000 85.000000
v 30.000000 100.000000 80.000000
v 30.000000 100.000000 75.000000
v 30.000000 100.000000 70.000000
v 30.000000 100.000000 65.000000
v 30.000000 100.000000 60.000000
v 30.000000 100.000000 55.000000
v 30.000000 100.000000 50.000000
v 30.000000 100.000000 45.000000
v 30.000000 100.000000 40.000000
v 30.000000 100.000000 35.000000
v 30.000000 100.000000 30.000000
v 30.000000 100.000000 25.000000
v 30.000000 100.000000 20.000000
v 30.000000 100.000000 15.000000
v 30.000000 100.000000 10.000000
v 30.000000 100.000000 5.000000
v 30.000000 100.000000 0.000000
v 30.000000 100.000000 -5.000000
v 30.000000 100.000000 -10.000000
v 30.000000 100.000000 -15.000000
v 30.000000 100.000000 -20.000000
v 30.000000 100.000000 -25.000000
v 30.000000 100.000000 -30.000000
v 30.000000 100.000000 -35.000000
v 30.000000 100.000000 -40.000000
v 30.000000 100.000000 -45.000000
v 30.000000 100.000000 -50.000000
v 30.000000 100.000000 -55.000000
v 30.000000 100.000000 -60.000000
v 30.000000 100.000000 -65.000000
v 30.000000 100.000000 -70.000000
v 30.000000 100.000000 -75.000000
v 30.000000 100.000000 -80.000000
v 30.000000 100.000000 -85.000000
v 30.000000 100.000000 -90.000000
v 30.000000 100.000000 -95.000000
v 35.000000 100.000000 95.000000
v 35.000000 100.000000 90.000000
v 35.000000 100.000000 85.000000
v 35.000000 100.000000 80.000000
v 35.000000 100.000000 75.000000
v 35.000000 100.000000 70.000000
v 35.000000 100.000000 65.000000
v 35.000000 100.000000 60.000000
v 35.000000 100.000000 55.000000
v 35.000000 100.000000 50.000000
v 35.000000 100.000000 45.000000
v 35.000000 100.000000 40.000000
v 35.000000 100.000000 35.000000
v 35.000000 100.000000 30.000000
v 35.000000 100.000000 25.000000
v 35.000000 100.000000 20.000000
v 35.000000 100.000000 15.000000
v 35.000000 100.000000 10.000000
v 35.000000 100.000000 5.000000
v 35.000000 100.000000 0.000000
v 35.000000 100.000000 -5.000000
v 35.000000 100.000000 -10.000000
v 35.000000 100.000000 -15.000000
v 35.000000 100.000000 -20.000000
v 35.000000 100.000000 -25.000000
v 35.000000 100.000000 -30.000000
v 35.000000 100.000000 -35.000000
v 35.000000 100.000000 -40.000000
v 35.000000 100.000000 -45.000000
v 35.000000 100.000000 -50.000000
v 35.000000 100.000000 -55.000000
v 35.000000 100.000000 -60.000000
v 35.000000 100.000000 -65.000000
v 35.000000 100.000000 -70.000000
v 35.000000 100.000000 -75.000000
v 35.000000 100.000000 -80.000000
v 35.000000 100.000000 -85.000000
v 35.000000 100.000000 -90.000000
v 35.000000 100.000000 -95.000000
v 40.000000 100.000000 95.000000
v 40.000000 100.000000 90.000000
v 40.000000 100.000000 85.000000
v 40.000000 100.000000 80.000000
v 40.000000 100.000000 75.000000
v 40.000000 100.000000 70.000000
v 40.000000 100.000000 65.000000
v 40.000000 100.000000 60.000000
v 40.000000 100.000000 55.000000
v 40.000000 100.000000 50.000000
v 40.000000 100.000000 45.000000
v 40.000000 100.000000 40.000000
v 40.000000 100.000000 35.000000
v 40.000000 100.000000 30.000000
v 40.000000 100.000000 25.000000
v 40.000000 100.000000 20.000000
v 40.000000 100.000000 15.000000
v 40.000000 100.000000 10.000000
v 40.000000 100.000000 5.000000
v 40.000000 100.000000 0.000000
v 40.000000 100.000000 -5.000000
v 40.000000 100.000000 -10.000000
v 40.000000 100.000000 -15.000000
v 40.000000 100.000000 -20.000000
v 40.000000 100.000000 -25.000000
v 40.000000 100.000000 -30.000000
v 40.000000 100.000000 -35.000000
v 40.000000 100.000000 -40.000000
v 40.000000 100.000000 -45.000000
v 40.000000 100.000000 -50.000000
v 40.000000 100.000000 -55.000000
v 40.000000 100.000000 -60.000000
v 40.000000 100.000000 -65.000000
v 40.000000 100.000000 -70.000000
v 40.000000 100.000000 -75.000000
v 40.000000 100.000000 -80.000000
v 40.000000 100.000000 -85.000000
v 40.000000 100.000000 -90.000000
v 40.000000 100.000000 -95.000000
v 45.000000 100.000000 95.000000
v 45.000000 100.000000 90.000000
v 45.000000 100.000000 85.000000
v 45.000000 100.000000 80.000000
v 45.000000 100.000000 75.000000
v 45.000000 100.000000 70.000000
v 45.000000 100.000000 65.000000
v 45.000000 100.000000 60.000000
v 45.000000 100.000000 55.000000
v 45.000000 100.000000 50.000000
v 45.000000 100.000000 45.000000
v 45.000000 100.000000 40.000000
v 45.000000 100.000000 35.000000
v 45.000000 100.000000 30.000000
v 45.000000 100.000000 25.000000
v 45.000000 100.000000 20.000000
v 45.000000 100.000000 15.000000
v 45.000000 100.000000 10.000000
v 45.000000 100.000000 5.000000
v 45.000000 100.000000 0.000000
v 45.000000 100.000000 -5.000000
v 45.000000 100.000000 -10.000000
v 45.000000 100.000000 -15.000000
v 45.000000 100.000000 -20.000000
v 45.000000 100.000000 -25.000000
v 45.000000 100.000000 -30.000000
v 45.000000 100.000000 -35.000000
v 45.000000 100.000000 -40.000000
v 45.000000 100.000000 -45.000000
v 45.000000 100.000000 -50.000000
v 45.000000 100.000000 -55.000000
v 45.000000 100.000000 -60.000000
v 45.000000 100.000000 -65.000000
v 45.000000 100.000000 -70.000000
v 45.000000 100.000000 -75.000000
v 45.000000 100.000000 -80.000000
v 45.000000 100.000000 -85.000000
v 45.000000 100.000000 -90.000000
v 45.000000 100.000000 -95.000000
v 50.000000 100.000000 95.000000
v 50.000000 100.000000 90.000000
v 50.000000 100.000000 85.000000
v 50.000000 100.000000 80.000000
v 50.000000 100.000000 75.000000
v 50.000000 100.000000 70.000000
v 50.000000 100.000000 65.000000
v 50.000000 100.000000 60.000000
v 50.000000 100.000000 55.000000
v 50.000000 100.000000 50.000000
v 50.000000 100.000000 45.000000
v 50.000000 100.000000 40.000000
v 50.000000 100.000000 35.000000
v 50.000000 100.000000 30.000000
v 50.000000 100.000000 25.000000
v 50.000000 100.000000 20.000000
v 50.000000 100.000000 15.000000
v 50.000000 100.000000 10.000000
v 50.000000 100.000000 5.000000
v 50.000000 100.000000 0.000000
v 50.000000 100.000000 -5.000000
v 50.000000 100.000000 -10.000000
v 50.000000 100.000000 -15.000000
v 50.000000 100.000000 -20.000000
v 50.000000 100.000000 -25.000000
v 50.000000 100.000000 -30.000000
v 50.000000 100.000000 -35.000000
v 50.000000 100.000000 -40.000000
v 50.000000 100.000000 -45.000000
v 50.000000 100.000000 -50.000000
v 50.000000 100.000000 -55.000000
v 50.000000 100.000000 -60.000000
v 50.000000 100.000000 -65.000000
v 50.000000 100.000000 -70.000000
v 50.000000 100.000000 -75.000000
v 50.000000 100.000000 -80.000000
v 50.000000 100.000000 -85.000000
v 50.000000 100.000000 -90.000000
v 50.000000 100.000000 -95.000000
v 55.000000 100.000000 95.000000
v 55.000000 100.000000 90.000000
v 55.000000 100.000000 85.000000
v 55.000000 100.000000 80.000000
v 55.000000 100.000000 75.000000
v 55.000000 100.000000 70.000000
v 55.000000 100.000000 65.000000
v 55.000000 100.000000 60.000000
v 55.000000 100.000000 55.000000
v 55.000000 100.000000 50.000000
v 55.000000 100.000000 45.000000
v 55.000000 100.000000 40.000000
v 55.000000 100.000000 35.000000
v 55.000000 100.000000 30.000000
v 55.000000 100.000000 25.000000
v 55.000000 100.000000 20.000000
v 55.000000 100.000000 15.000000
v 55.000000 100.000000 10.000000
v 55.000000 100.000000 5.000000
v 55.000000 100.000000 0.000000
v 55.000000 100.000000 -5.000000
v 55.000000 100.000000 -10.000000
v 55.000000 100.000000 -15.000000
v 55.000000 100.000000 -20.000000
v 55.000000 100.000000 -25.000000
v 55.000000 100.000000 -30.000000
v 55.000000 100.000000 -35.000000
v 55.000000 100.000000 -40.000000
v 55.000000 100.000000 -45.000000
v 55.000000 100.000000 -50.000000
v 55.000000 100.000000 -55.000000
v 55.000000 100.000000 -60.000000
v 55.000000 100.000000 -65.000000
v 55.000000 100.000000 -70.000000
v 55.000000 100.000000 -75.000000
v 55.000000 100.000000 -80.000000
v 55.000000 100.000000 -85.000000
v 55.000000 100.000000 -90.000000
v 55.000000 100.000000 -95.000000
v 60.000000 100.000000 95.000000
v 60.000000 100.000000 90.000000
v 60.000000 100.000000 85.000000
v 60.000000 100.000000 80.000000
v 60.000000 100.000000 75.000000
v 60.000000 100.000000 70.000000
v 60.000000 100.000000 65.000000
v 60.000000 100.000000 60.000000
v 60.000000 100.000000 55.000000
v 60.000000 100.000000 50.000000
v 60.000000 100.000000 45.000000
v 60.000000 100.000000 40.000000
v 60.000000 100.000000 35.000000
v 60.000000 100.000000 30.000000
v 60.000000 100.000000 25.000000
v 60.000000 100.000000 20.000000
v 60.000000 100.000000 15.000000
v 60.000000 100.000000 10.000000
v 60.000000 100.000000 5.000000
v 60.000000 100.000000 0.000000
v 60.000000 100.000000 -5.000000
v 60.000000 100.000000 -10.000000
v 60.000000 100.000000 -15.000000
v 60.000000 100.000000 -20.000000
v 60.000000 100.000000 -25.000000
v 60.000000 100.000000 -30.000000
v 60.000000 100.000000 -35.000000
v 60.000000 100.000000 -40.000000
v 60.000000 100.000000 -45.000000
v 60.000000 100.000000 -50.000000
v 60.000000 100.000000 -55.000000
v 60.000000 100.000000 -60.000000
v 60.000000 100.000000 -65.000000
v 60.000000 100.000000 -70.000000
v 60.000000 100.000000 -75.000000
v 60.000000 100.000000 -80.000000
v 60.000000 100.000000 -85.000000
v 60.000000 100.000000 -90.000000
v 60.000000 100.000000 -95.000000
v 65.000000 100.000000 95.000000
v 65.000000 100.000000 90.000000
v 65.000000 100.000000 85.000000
v 65.000000 100.000000 80.000000
v 65.000000 100.000000 75.000000
v 65.000000 100.000000 70.000000
v 65.000000 100.000000 65.000000
v 65.000000 100.000000 60.000000
v 65.000000 100.000000 55.000000
v 65.000000 100.000000 50.000000
v 65.000000 100.000000 45.000000
v 65.000000 100.000000 40.000000
v 65.000000 100.000000 35.000000
v 65.000000 100.000000 30.000000
v 65.000000 100.000000 25.000000
v 65.000000 100.000000 20.000000
v 65.000000 100.000000 15.000000
v 65.000000 100.000000 10.000000
v 65.000000 100.000000 5.000000
v 65.000000 100.000000 0.000000
v 65.000000 100.000000 -5.000000
v 65.000000 100.000000 -10.000000
v 65.000000 100.000000 -15.000000
v 65.000000 100.000000 -20.000000
v 65.000000 100.000000 -25.000000
v 65.000000 100.000000 -30.000000
v 65.000000 100.000000 -35.000000
v 65.000000 100.000000 -40.000000
v 65.000000 100.000000 -45.000000
v 65.000000 100.000000 -50.000000
v 65.000000 100.000000 -55.000000
v 65.000000 100.000000 -60.000000
v 65.000000 100.000000 -65.000000
v 65.000000 100.000000 -70.000000
v 65.000000 100.000000 -75.000000
v 65.000000 100.000000 -80.000000
v 65.000000 100.000000 -85.000000
v 65.000000 100.000000 -90.000000
v 65.000000 100.000000 -95.000000
v 70.000000 100.000000 95.000000
v 70.000000 100.000000 90.000000
v 70.000000 100.000000 85.000000
v 70.000000 100.000000 80.000000
v 70.000000 100.000000 75.000000
v 70.000000 100.000000 70.000000
v 70.000000 100.000000 65.000000
v 70.000000 100.000000 60.000000
v 70.000000 100.000000 55.000000
v 70.000000 100.000000 50.000000
v 70.000000 100.000000 45.000000
v 70.000000 100.000000 40.000000
v 70.000000 100.000000 35.000000
v 70.000000 100.000000 30.000000
v 70.000000 100.000000 25.000000
v 70.000000 100.000000 20.000000
v 70.000000 100.000000 15.000000
v 70.000000 100.000000 10.000000
v 70.000000 100.000000 5.000000
v 70.000000 100.000000 0.000000
v 70.000000 100.000000 -5.000000
v 70.000000 100.000000 -10.000000
v 70.000000 100.000000 -15.000000
v 70.000000 100.000000 -20.000000
v 70.000000 100.000000 -25.000000
v 70.000000 100.000000 -30.000000
v 70.000000 100.000000 -35.000000
v 70.000000 100.000000 -40.000000
v 70.000000 100.000000 -45.000000
v 70.000000 100.000000 -50.000000
v 70.000000 100.000000 -55.000000
v 70.000000 100.000000 -60.000000
v 70.000000 100.000000 -65.000000
v 70.000000 100.000000 -70.000000
v 70.000000 100.000000 -75.000000
v 70.000000 100.000000 -80.000000
v 70.000000 100.000000 -85.000000
v 70.000000 100.000000 -90.000000
v 70.000000 100.000000 -95.000000
v 75.000000 100.000000 95.000000
v 75.000000 100.000000 90.000000
v 75.000000 100.000000 85.000000
v 75.000000 100.000000 80.000000
v 75.000000 100.000000 75.000000
v 75.000000 100.000000 70.000000
v 75.000000 100.000000 65.000000
v 75.000000 100.000000 60.000000
v 75.000000 100.000000 55.000000
v 75.000000 100.000000 50.000000
v 75.000000 100.000000 45.000000
v 75.000000 100.000000 40.000000
v 75.000000 100.000000 35.000000
v 75.000000 100.000000 30.000000
v 75.000000 100.000000 25.000000
v 75.000000 100.000000 20.000000
v 75.000000 100.000000 15.000000
v 75.000000 100.000000 10.000000
v 75.000000 100.000000 5.000000
v 75.000000 100.000000 0.000000
v 75.000000 100.000000 -5.000000
v 75.000000 100.000000 -10.000000
v 75.000000 100.000000 -15.000000
v 75.000000 100.000000 -20.000000
v 75.000000 100.000000 -25.000000
v 75.000000 100.000000 -30.000000
v 75.000000 100.000000 -35.000000
v 75.000000 100.000000 -40.000000
v 75.000000 100.000000 -45.000000
v 75.000000 100.000000 -50.000000
v 75.000000 100.000000 -55.000000
v 75.000000 100.000000 -60.000000
v 75.000000 100.000000 -65.000000
v 75.000000 100.000000 -70.000000
v 75.000000 100.000000 -75.000000
v 75.000000 100.000000 -80.000000
v 75.000000 100.000000 -85.000000
v 75.000000 100.000000 -90.000000
v 75.000000 100.000000 -95.000000
v 80.000000 100.000000 95.000000
v 80.000000 100.000000 90.000000
v 80.000000 100.000000 85.000000
v 80.000000 100.000000 80.000000
v 80.000000 100.000000 75.000000
v 80.000000 100.000000 70.000000
v 80.000000 100.000000 65.000000
v 80.000000 100.000000 60.000000
v 80.000000 100.000000 55.000000
v 80.000000 100.000000 50.000000
v 80.000000 100.000000 45.000000
v 80.000000 100.000000 40.000000
v 80.000000 100.000000 35.000000
v 80.000000 100.000000 30.000000
v 80.000000 100.000000 25.000000
v 80.000000 100.000000 20.000000
v 80.000000 100.000000 15.000000
v 80.000000 100.000000 10.000000
v 80.000000 100.000000 5.000000
v 80.000000 100.000000 0.000000
v 80.000000 100.000000 -5.000000
v 80.000000 100.000000 -10.000000
v 80.000000 100.000000 -15.000000
v 80.000000 100.000000 -20.000000
v 80.000000 100.000000 -25.000000
v 80.000000 100.000000 -30.000000
v 80.000000 100.000000 -35.000000
v 80.000000 100.000000 -40.000000
v 80.000000 100.000000 -45.000000
v 80.000000 100.000000 -50.000000
v 80.000000 100.000000 -55.000000
v 80.000000 100.000000 -60.000000
v 80.000000 100.000000 -65.000000
v 80.000000 100.000000 -70.000000
v 80.000000 100.000000 -75.000000
v 80.000000 100.000000 -80.000000
v 80.000000 100.000000 -85.000000
v 80.000000 100.000000 -90.000000
v 80.000000 100.000000 -95.000000
v 85.000000 100.000000 95.000000
v 85.000000 100.000000 90.000000
v 85.000000 100.000000 85.000000
v 85.000000 100.000000 80.000000
v 85.000000 100.000000 75.000000
v 85.000000 100.000000 70.000000
v 85.000000 100.000000 65.000000
v 85.000000 100.000000 60.000000
v 85.000000 100.000000 55.000000
v 85.000000 100.000000 50.000000
v 85.000000 100.000000 45.000000
v 85.000000 100.000000 40.000000
v 85.000000 100.000000 35.000000
v 85.000000 100.000000 30.000000
v 85.000000 100.000000 25.000000
v 85.000000 100.000000 20.000000
v 85.000000 100.000000 15.000000
v 85.000000 100.000000 10.000000
v 85.000000 100.000000 5.000000
v 85.000000 100.000000 0.000000
v 85.000000 100.000000 -5.000000
v 85.000000 100.000000 -10.000000
v 85.000000 100.000000 -15.000000
v 85.000000 100.000000 -20.000000
v 85.000000 100.000000 -25.000000
v 85.000000 100.000000 -30.000000
v 85.000000 100.000000 -35.000000
v 85.000000 100.000000 -40.000000
v 85.000000 100.000000 -45.000000
v 85.000000 100.000000 -50.000000
v 85.000000 100.000000 -55.000000
v 85.000000 100.000000 -60.000000
v 85.000000 100.000000 -65.000000
v 85.000000 100.000000 -70.000000
v 85.000000 100.000000 -75.000000
v 85.000000 100.000000 -80.000000
v 85.000000 100.000000 -85.000000
v 85.000000 100.000000 -90.000000
v 85.000000 100.000000 -95.000000
v 90.000000 100.000000 95.000000
v 90.000000 100.000000 90.000000
v 90.000000 100.000000 85.000000
v 90.000000 100.000000 80.000000
v 90.000000 100.000000 75.000000
v 90.000000 100.000000 70.000000
v 90.000000 100.000000 65.000000
v 90.000000 100.000000 60.000000
v 90.000000 100.000000 55.000000
v 90.000000 100.000000 50.000000
v 90.000000 100.000000 45.000000
v 90.000000 100.000000 40.000000
v 90.000000 100.000000 35.000000
v 90.000000 100.000000 30.000000
v 90.000000 100.000000 25.000000
v 90.000000 100.000000 20.000000
v 90.000000 100.000000 15.000000
v 90.000000 100.000000 10.000000
v 90.000000 100.000000 5.000000
v 90.000000 100.000000 0.000000
v 90.000000 100.000000 -5.000000
v 90.000000 100.000000 -10.000000
v 90.000000 100.000000 -15.000000
v 90.000000 100.000000 -20.000000
v 90.000000 100.000000 -25.000000
v 90.000000 100.000000 -30.000000
v 90.000000 100.000000 -35.000000
v 90.000000 100.000000 -40.000000
v 90.000000 100.000000 -45.000000
v 90.000000 100.000000 -50.000000
v 90.000000 100.000000 -55.000000
v 90.000000 100.000000 -60.000000
v 90.000000 100.000000 -65.000000
v 90.000000 100.000000 -70.000000
v 90.000000 100.000000 -75.000000
v 90.000000 100.000000 -80.000000
v 90.000000 100.000000 -85.000000
v 90.000000 100.000000 -90.000000
v 90.000000 100.000000 -95.000000
v 95.000000 100.000000 95.000000
v 95.000000 100.000000 90.000000
v 95.000000 100.000000 85.000000
v 95.000000 100.000000 80.000000
v 95.000000 100.000000 75.000000
v 95.000000 100.000000 70.000000
v 95.000000 100.000000 65.000000
v 95.000000 100.000000 60.000000
v 95.000000 100.000000 55.000000
v 95.000000 100.000000 50.000000
v 95.000000 100.000000 45.000000
v 95.000000 100.000000 40.000000
v 95.000000 100.000000 35.000000
v 95.000000 100.000000 30.000000
v 95.000000 100.000000 25.000000
v 95.000000 100.000000 20.000000
v 95.000000 100.000000 15.000000
v 95.000000 100.000000 10.000000
v 95.000000 100.000000 5.000000
v 95.000000 100.000000 0.000000
v 95.000000 100.000000 -5.000000
v 95.000000 100.000000 -10.000000
v 95.000000 100.000000 -15.000000
v 95.000000 100.000000 -20.000000
v 95.000000 100.000000 -25.000000
v 95.000000 100.000000 -30.000000
v 95.000000 100.000000 -35.000000
v 95.000000 100.000000 -40.000000
v 95.000000 100.000000 -45.000000
v 95.000000 100.000000 -50.000000
v 95.000000 100.000000 -55.000000
v 95.000000 100.000000 -60.000000
v 95.000000 100.000000 -65.000000
v 95.000000 100.000000 -70.000000
v 95.000000 100.000000 -75.000000
v 95.000000 100.000000 -80.000000
v 95.000000 100.000000 -85.000000
v 95.000000 100.000000 -90.000000
v 95.000000 100.000000 -95.000000
v -95.000000 -100.000000 -95.000000
v -95.000000 -100.000000 -90.000000
v -95.000000 -100.000000 -85.000000
v -95.000000 -100.000000 -80.000000
v -95.000000 -100.000000 -75.000000
v -95.000000 -100.000000 -70.000000
v -95.000000 -100.000000 -65.000000
v -95.000000 -100.000000 -60.000000
v -95.000000 -100.000000 -55.000000
v -95.000000 -100.000000 -50.000000
v -95.000000 -100.000000 -45.000000
v -95.000000 -100.000000 -40.000000
v -95.000000 -100.000000 -35.000000
v -95.000000 -100.000000 -30.000000
v -95.000000 -100.000000 -25.000000
v -95.000000 -100.000000 -20.000000
v -95.000000 -100.000000 -15.000000
v -95.000000 -100.000000 -10.000000
v -95.000000 -100.000000 -5.000000
v -95.000000 -100.000000 0.000000
v -95.000000 -100.000000 5.000000
v -95.000000 -100.000000 10.000000
v -95.000000 -100.000000 15.000000
v -95.000000 -100.000000 20.000000
v -95.000000 -100.000000 25.000000
v -95.000000 -100.000000 30.000000
v -95.000000 -100.000000 35.000000
v -95.000000 -100.000000 40.000000
v -95.000000 -100.000000 45.000000
v -95.000000 -100.000000 50.000000
v -95.000000 -100.000000 55.000000
v -95.000000 -100.000000 60.000000
v -95.000000 -100.000000 65.000000
v -95.000000 -100.000000 70.000000
v -95.000000 -100.000000 75.000000
v -95.000000 -100.000000 80.000000
v -95.000000 -100.000000 85.000000
v -95.000000 -100.000000 90.000000
v -95.000000 -100.000000 95.000000
v -90.000000 -100.000000 -95.000000
v -90.000000 -100.000000 -90.000000
v -90.000000 -100.000000 -85.000000
v -90.000000 -100.000000 -80.000000
v -90.000000 -100.000000 -75.000000
v -90.000000 -100.000000 -70.000000
v -90.000000 -100.000000 -65.000000
v -90.000000 -100.000000 -60.000000
v -90.000000 -100.000000 -55.000000
v -90.000000 -100.000000 -50.000000
v -90.000000 -100.000000 -45.000000
v -90.000000 -100.000000 -40.000000
v -90.000000 -100.000000 -35.000000
v -90.000000 -100.000000 -30.000000
v -90.000000 -100.000000 -25.000000
v -90.000000 -100.000000 -20.000000
v -90.000000 -100.000000 -15.000000
v -90.000000 -100.000000 -10.000000
v -90.000000 -100.000000 -5.000000
v -90.000000 -100.000000 0.000000
v -90.000000 -100.000000 5.000000
v -90.000000 -100.000000 10.000000
v -90.000000 -100.000000 15.000000
v -90.000000 -100.000000 20.000000
v -90.000000 -100.000000 25.000000
v -90.000000 -100.000000 30.000000
v -90.000000 -100.000000 35.000000
v -90.000000 -100.000000 40.000000
v -90.000000 -100.000000 45.000000
v -90.000000 -100.000000 50.000000
v -90.000000 -100.000000 55.000000
v -90.000000 -100.000000 60.000000
v -90.000000 -100.000000 65.000000
v -90.000000 -100.000000 70.000000
v -90.000000 -100.000000 75.000000
v -90.000000 -100.000000 80.000000
v -90.000000 -100.000000 85.000000
v -90.000000 -100.000000 90.000000
v -90.000000 -100.000000 95.000000
v -85.000000 -100.000000 -95.000000
v -85.000000 -100.000000 -90.000000
v -85.000000 -100.000000 -85.000000
v -85.000000 -100.000000 -80.000000
v -85.000000 -100.000000 -75.000000
v -85.000000 -100.000000 -70.000000
v -85.000000 -100.000000 -65.000000
v -85.000000 -100.000000 -60.000000
v -85.000000 -100.000000 -55.000000
v -85.000000 -100.000000 -50.000000
v -85.000000 -100.000000 -45.000000
v -85.000000 -100.000000 -40.000000
v -85.000000 -100.000000 -35.000000
v -85.000000 -100.000000 -30.000000
v -85.000000 -100.000000 -25.000000
v -85.000000 -100.000000 -20.000000
v -85.000000 -100.000000 -15.000000
v -85.000000 -100.000000 -10.000000
v -85.000000 -100.000000 -5.000000
v -85.000000 -100.000000 0.000000
v -85.000000 -100.000000 5.000000
v -85.000000 -100.000000 10.000000
v -85.000000 -100.000000 15.000000
v -85.000000 -100.000000 20.000000
v -85.000000 -100.000000 25.000000
v -85.000000 -100.000000 30.000000
v -85.000000 -100.000000 35.000000
v -85.000000 -100.000000 40.000000
v -85.000000 -100.000000 45.000000
v -85.000000 -100.000000 50.000000
v -85.000000 -100.000000 55.000000
v -85.000000 -100.000000 60.000000
v -85.000000 -100.000000 65.000000
v -85.000000 -100.000000 70.000000
v -85.000000 -100.000000 75.000000
v -85.000000 -100.000000 80.000000
v -85.000000 -100.000000 85.000000
v -85.000000 -100.000000 90.000000
v -85.000000 -100.000000 95.000000
v -80.000000 -100.000000 -95.000000
v -80.000000 -100.000000 -90.000000
v -80.000000 -100.000000 -85.000000
v -80.000000 -100.000000 -80.000000
v -80.000000 -100.000000 -75.000000
v -80.000000 -100.000000 -70.000000
v -80.000000 -100.000000 -65.000000
v -80.000000 -100.000000 -60.000000
v -80.000000 -100.000000 -55.000000
v -80.000000 -100.000000 -50.000000
v -80.000000 -100.000000 -45.000000
v -80.000000 -100.000000 -40.000000
v -80.000000 -100.000000 -35.000000
v -80.000000 -100.000000 -30.000000
v -80.000000 -100.000000 -25.000000
v -80.000000 -100.000000 -20.000000
v -80.000000 -100.000000 -15.000000
v -80.000000 -100.000000 -10.000000
v -80.000000 -100.000000 -5.000000
v -80.000000 -100.000000 0.000000
v -80.000000 -100.000000 5.000000
v -80.000000 -100.000000 10.000000
v -80.000000 -100.000000 15.000000
v -80.000000 -100.000000 20.000000
v -80.000000 -100.000000 25.000000
v -80.000000 -100.000000 30.000000
v -80.000000 -100.000000 35.000000
v -80.000000 -100.000000 40.000000
v -80.000000 -100.000000 45.000000
v -80.000000 -100.000000 50.000000
v -80.000000 -100.000000 55.000000
v -80.000000 -100.000000 60.000000
v -80.000000 -100.000000 65.000000
v -80.000000 -100.000000 70.000000
v -80.000000 -100.000000 75.000000
v -80.000000 -100.000000 80.000000
v -80.000000 -100.000000 85.000000
v -80.000000 -100.000000 90.000000
v -80.000000 -100.000000 95.000000
v -75.000000 -100.000000 -95.000000
v -75.000000 -100.000000 -90.000000
v -75.000000 -100.000000 -85.000000
v -75.000000 -100.000000 -80.000000
v -75.000000 -100.000000 -75.000000
v -75.000000 -100.000000 -70.000000
v -75.000000 -100.000000 -65.000000
v -75.000000 -100.000000 -60.000000
v -75.000000 -100.000000 -55.000000
v -75.000000 -100.000000 -50.000000
v -75.000000 -100.000000 -45.000000
v -75.000000 -100.000000 -40.000000
v -75.000000 -100.000000 -35.000000
v -75.000000 -100.000000 -30.000000
v -75.000000 -100.000000 -25.000000
v -75.000000 -100.000000 -20.000000
v -75.000000 -100.000000 -15.000000
v -75.000000 -100.000000 -10.000000
v -75.000000 -100.000000 -5.000000
v -75.000000 -100.000000 0.000000
v -75.000000 -100.000000 5.000000
v -75.000000 -100.000000 10.000000
v -75.000000 -100.000000 15.000000
v -75.000000 -100.000000 20.000000
v -75.000000 -100.000000 25.000000
v -75.000000 -100.000000 30.000000
v -75.000000 -100.000000 35.000000
v -75.000000 -100.000000 40.000000
v -75.000000 -100.000000 45.000000
v -75.000000 -100.000000 50.000000
v -75.000000 -100.000000 55.000000
v -75.000000 -100.000000 60.000000
v -75.000000 -100.000000 65.000000
v -75.000000 -100.000000 70.000000
v -75.000000 -100.000000 75.000000
v -75.000000 -100.000000 80.000000
v -75.000000 -100.000000 85.000000
v -75.000000 -100.000000 90.000000
v -75.000000 -100.000000 95.000000
v -70.000000 -100.000000 -95.000000
v -70.000000 -100.000000 -90.000000
v -70.000000 -100.000000 -85.000000
v -70.000000 -100.000000 -80.000000
v -70.000000 -100.000000 -75.000000
v -70.000000 -100.000000 -70.000000
v -70.000000 -100.000000 -65.000000
v -70.000000 -100.000000 -60.000000
v -70.000000 -100.000000 -55.000000
v -70.000000 -100.000000 -50.000000
v -70.000000 -100.000000 -45.000000
v -70.000000 -100.000000 -40.000000
v -70.000000 -100.000000 -35.000000
v -70.000000 -100.000000 -30.000000
v -70.000000 -100.000000 -25.000000
v -70.000000 -100.000000 -20.000000
v -70.000000 -100.000000 -15.000000
v -70.000000 -100.000000 -10.000000
v -70.000000 -100.000000 -5.000000
v -70.000000 -100.000000 0.000000
v -70.000000 -100.000000 5.000000
v -70.000000 -100.000000 10.000000
v -70.000000 -100.000000 15.000000
v -70.000000 -100.000000 20.000000
v -70.000000 -100.000000 25.000000
v -70.000000 -100.000000 30.000000
v -70.000000 -100.000000 35.000000
v -70.000000 -100.000000 40.000000
v -70.000000 -100.000000 45.000000
v -70.000000 -100.000000 50.000000
v -70.000000 -100.000000 55.000000
v -70.000000 -100.000000 60.000000
v -70.000000 -100.000000 65.000000
v -70.000000 -100.000000 70.000000
v -70.000000 -100.000000 75.000000
v -70.000000 -100.000000 80.000000
v -70.000000 -100.000000 85.000000
v -70.000000 -100.000000 90.000000
v -70.000000 -100.000000 95.000000
v -65.000000 -100.000000 -95.000000
v -65.000000 -100.000000 -90.000000
v -65.000000 -100.000000 -85.000000
v -65.000000 -100.000000 -80.000000
v -65.000000 -100.000000 -75.000000
v -65.000000 -100.000000 -70.000000
v -65.000000 -100.000000 -65.000000
v -65.000000 -100.000000 -60.000000
v -65.000000 -100.000000 -55.000000
v -65.000000 -100.000000 -50.000000
v -65.000000 -100.000000 -45.000000
v -65.000000 -100.000000 -40.000000
v -65.000000 -100.000000 -35.000000
v -65.000000 -100.000000 -30.000000
v -65.000000 -100.000000 -25.000000
v -65.000000 -100.000000 -20.000000
v -65.000000 -100.000000 -15.000000
v -65.000000 -100.000000 -10.000000
v -65.000000 -100.000000 -5.000000
v -65.000000 -100.000000 0.000000
v -65.000000 -100.000000 5.000000
v -65.000000 -100.000000 10.000000
v -65.000000 -100.000000 15.000000
v -65.000000 -100.000000 20.000000
v -65.000000 -100.000000 25.000000
v -65.000000 -100.000000 30.000000
v -65.000000 -100.000000 35.000000
v -65.000000 -100.000000 40.000000
v -65.000000 -100.000000 45.000000
v -65.000000 -100.000000 50.000000
v -65.000000 -100.000000 55.000000
v -65.000000 -100.000000 60.000000
v -65.000000 -100.000000 65.000000
v -65.000000 -100.000000 70.000000
v -65.000000 -100.000000 75.000000
v -65.000000 -100.000000 80.000000
v -65.000000 -100.000000 85.000000
v -65.000000 -100.000000 90.000000
v -65.000000 -100.000000 95.000000
v -60.000000 -100.000000 -95.000000
v -60.000000 -100.000000 -90.000000
v -60.000000 -100.000000 -85.000000
v -60.000000 -100.000000 -80.000000
v -60.000000 -100.000000 -75.000000
v -60.000000 -100.000000 -70.000000
v -60.000000 -100.000000 -65.000000
v -60.000000 -100.000000 -60.000000
v -60.000000 -100.000000 -55.000000
v -60.000000 -100.000000 -50.000000
v -60.000000 -100.000000 -45.000000
v -60.000000 -100.000000 -40.000000
v -60.000000 -100.000000 -35.000000
v -60.000000 -100.000000 -30.000000
v -60.000000 -100.000000 -25.000000
v -60.000000 -100.000000 -20.000000
v -60.000000 -100.000000 -15.000000
v -60.000000 -100.000000 -10.000000
v -60.000000 -100.000000 -5.000000
v -60.000000 -100.000000 0.000000
v -60.000000 -100.000000 5.000000
v -60.000000 -100.000000 10.000000
v -60.000000 -100.000000 15.000000
v -60.000000 -100.000000 20.000000
v -60.000000 -100.000000 25.000000
v -60.000000 -100.000000 30.000000
v -60.000000 -100.000000 35.000000
v -60.000000 -100.000000 40.000000
v -60.000000 -100.000000 45.000000
v -60.000000 -100.000000 50.000000
v -60.000000 -100.000000 55.000000
v -60.000000 -100.000000 60.000000
v -60.000000 -100.000000 65.000000
v -60.000000 -100.000000 70.000000
v -60.000000 -100.000000 75.000000
v -60.000000 -100.000000 80.000000
v -60.000000 -100.000000 85.000000
v -60.000000 -100.000000 90.000000
v -60.000000 -100.000000 95.000000
v -55.000000 -100.000000 -95.000000
v -55.000000 -100.000000 -90.000000
v -55.000000 -100.000000 -85.000000
v -55.000000 -100.000000 -80.000000
v -55.000000 -100.000000 -75.000000
v -55.000000 -100.000000 -70.000000
v -55.000000 -100.000000 -65.000000
v -55.000000 -100.000000 -60.000000
v -55.000000 -100.000000 -55.000000
v -55.000000 -100.000000 -50.000000
v -55.000000 -100.000000 -45.000000
v -55.000000 -100.000000 -40.000000
v -55.000000 -100.000000 -35.000000
v -55.000000 -100.000000 -30.000000
v -55.000000 -100.000000 -25.000000
v -55.000000 -100.000000 -20.000000
v -55.000000 -100.000000 -15.000000
v -55.000000 -100.000000 -10.000000
v -55.000000 -100.000000 -5.000000
v -55.000000 -100.000000 0.000000
v -55.000000 -100.000000 5.000000
v -55.000000 -100.000000 10.000000
v -55.000000 -100.000000 15.000000
v -55.000000 -100.000000 20.000000
v -55.000000 -100.000000 25.000000
v -55.000000 -100.000000 30.000000
v -55.000000 -100.000000 35.000000
v -55.000000 -100.000000 40.000000
v -55.000000 -100.000000 45.000000
v -55.000000 -100.000000 50.000000
v -55.000000 -100.000000 55.000000
v -55.000000 -100.000000 60.000000
v -55.000000 -100.000000 65.000000
v -55.000000 -100.000000 70.000000
v -55.000000 -100.000000 75.000000
v -55.000000 -100.000000 80.000000
v -55.000000 -100.000000 85.000000
v -55.000000 -100.000000 90.000000
v -55.000000 -100.000000 95.000000
v -50.000000 -100.000000 -95.000000
v -50.000000 -100.000000 -90.000000
v -50.000000 -100.000000 -85.000000
v -50.000000 -100.000000 -80.000000
v -50.000000 -100.000000 -75.000000
v -50.000000 -100.000000 -70.000000
v -50.000000 -100.000000 -65.000000
v -50.000000 -100.000000 -60.000000
v -50.000000 -100.000000 -55.000000
v -50.000000 -100.000000 -50.000000
v -50.000000 -100.000000 -45.000000
v -50.000000 -100.000000 -40.000000
v -50.000000 -100.000000 -35.000000
v -50.000000 -100.000000 -30.000000
v -50.000000 -100.000000 -25.000000
v -50.000000 -100.000000 -20.000000
v -50.000000 -100.000000 -15.000000
v -50.000000 -100.000000 -10.000000
v -50.000000 -100.000000 -5.000000
v -50.000000 -100.000000 0.000000
v -50.000000 -100.000000 5.000000
v -50.000000 -100.000000 10.000000
v -50.000000 -100.000000 15.000000
v -50.000000 -100.000000 20.000000
v -50.000000 -100.000000 25.000000
v -50.000000 -100.000000 30.000000
v -50.000000 -100.000000 35.000000
v -50.000000 -100.000000 40.000000
v -50.000000 -100.000000 45.000000
v -50.000000 -100.000000 50.000000
v -50.000000 -100.000000 55.000000
v -50.000000 -100.000000 60.000000
v -50.000000 -100.000000 65.000000
v -50.000000 -100.000000 70.000000
v -50.000000 -100.000000 75.000000
v -50.000000 -100.000000 80.000000
v -50.000000 -100.000000 85.000000
v -50.000000 -100.000000 90.000000
v -50.000000 -100.000000 95.000000
v -45.000000 -100.000000 -95.000000
v -45.000000 -100.000000 -90.000000
v -45.000000 -100.000000 -85.000000
v -45.000000 -100.000000 -80.000000
v -45.000000 -100.000000 -75.000000
v -45.000000 -100.000000 -70.000000
v -45.000000 -100.000000 -65.000000
v -45.000000 -100.000000 -60.000000
v -45.000000 -100.000000 -55.000000
v -45.000000 -100.000000 -50.000000
v -45.000000 -100.000000 -45.000000
v -45.000000 -100.000000 -40.000000
v -45.000000 -100.000000 -35.000000
v -45.000000 -100.000000 -30.000000
v -45.000000 -100.000000 -25.000000
v -45.000000 -100.000000 -20.000000
v -45.000000 -100.000000 -15.000000
v -45.000000 -100.000000 -10.000000
v -45.000000 -100.000000 -5.000000
v -45.000000 -100.000000 0.000000
v -45.000000 -100.000000 5.000000
v -45.000000 -100.000000 10.000000
v -45.000000 -100.000000 15.000000
v -45.000000 -100.000000 20.000000
v -45.000000 -100.000000 25.000000
v -45.000000 -100.000000 30.000000
v -45.000000 -100.000000 35.000000
v -45.000000 -100.000000 40.000000
v -45.000000 -100.000000 45.000000
v -45.000000 -100.000000 50.000000
v -45.000000 -100.000000 55.000000
v -45.000000 -100.000000 60.000000
v -45.000000 -100.000000 65.000000
v -45.000000 -100.000000 70.000000
v -45.000000 -100.000000 75.000000
v -45.000000 -100.000000 80.000000
v -45.000000 -100.000000 85.000000
v -45.000000 -100.000000 90.000000
v -45.000000 -100.000000 95.000000
v -40.000000 -100.000000 -95.000000
v -40.000000 -100.000000 -90.000000
v -40.000000 -100.000000 -85.000000
v -40.000000 -100.000000 -80.000000
v -40.000000 -100.000000 -75.000000
v -40.000000 -100.000000 -70.000000
v -40.000000 -100.000000 -65.000000
v -40.000000 -100.000000 -60.000000
v -40.000000 -100.000000 -55.000000
v -40.000000 -100.000000 -50.000000
v -40.000000 -100.000000 -45.000000
v -40.000000 -100.000000 -40.000000
v -40.000000 -100.000000 -35.000000
v -40.000000 -100.000000 -30.000000
v -40.000000 -100.000000 -25.000000
v -40.000000 -100.000000 -20.000000
v -40.000000 -100.000000 -15.000000
v -40.000000 -100.000000 -10.000000
v -40.000000 -100.000000 -5.000000
v -40.000000 -100.000000 0.000000
v -40.000000 -100.000000 5.000000
v -40.000000 -100.000000 10.000000
v -40.000000 -100.000000 15.000000
v -40.000000 -100.000000 20.000000
v -40.000000 -100.000000 25.000000
v -40.000000 -100.000000 30.000000
v -40.000000 -100.000000 35.000000
v -40.000000 -100.000000 40.000000
v -40.000000 -100.000000 45.000000
v -40.000000 -100.000000 50.000000
v -40.000000 -100.000000 55.000000
v -40.000000 -100.000000 60.000000
v -40.000000 -100.000000 65.000000
v -40.000000 -100.000000 70.000000
v -40.000000 -100.000000 75.000000
v -40.000000 -100.000000 80.000000
v -40.000000 -100.000000 85.000000
v -40.000000 -100.000000 90.000000
v -40.000000 -100.000000 95.000000
v -35.000000 -100.000000 -95.000000
v -35.000000 -100.000000 -90.000000
v -35.000000 -100.000000 -85.000000
v -35.000000 -100.000000 -80.000000
v -35.000000 -100.000000 -75.000000
v -35.000000 -100.000000 -70.000000
v -35.000000 -100.000000 -65.000000
v -35.000000 -100.000000 -60.000000
v -35.000000 -100.000000 -55.000000
v -35.000000 -100.000000 -50.000000
v -35.000000 -100.000000 -45.000000
v -35.000000 -100.000000 -40.000000
v -35.000000 -100.000000 -35.000000
v -35.000000 -100.000000 -30.000000
v -35.000000 -100.000000 -25.000000
v -35.000000 -100.000000 -20.000000
v -35.000000 -100.000000 -15.000000
v -35.000000 -100.000000 -10.000000
v -35.000000 -100.000000 -5.000000
v -35.000000 -100.000000 0.000000
v -35.000000 -100.000000 5.000000
v -35.000000 -100.000000 10.000000
v -35.000000 -100.000000 15.000000
v -35.000000 -100.000000 20.000000
v -35.000000 -100.000000 25.000000
v -35.000000 -100.000000 30.000000
v -35.000000 -100.000000 35.000000
v -35.000000 -100.000000 40.000000
v -35.000000 -100.000000 45.000000
v -35.000000 -100.000000 50.000000
v -35.000000 -100.000000 55.000000
v -35.000000 -100.000000 60.000000
v -35.000000 -100.000000 65.000000
v -35.000000 -100.000000 70.000000
v -35.000000 -100.000000 75.000000
v -35.000000 -100.000000 80.000000
v -35.000000 -100.000000 85.000000
v -35.000000 -100.000000 90.000000
v -35.000000 -100.000000 95.000000
v -30.000000 -100.000000 -95.000000
v -30.000000 -100.000000 -90.000000
v -30.000000 -100.000000 -85.000000
v -30.000000 -100.000000 -80.000000
v -30.000000 -100.000000 -75.000000
v -30.000000 -100.000000 -70.000000
v -30.000000 -100.000000 -65.000000
v -30.000000 -100.000000 -60.000000
v -30.000000 -100.000000 -55.000000
v -30.000000 -100.000000 -50.000000
v -30.000000 -100.000000 -45.000000
v -30.000000 -100.000000 -40.000000
v -30.000000 -100.000000 -35.000000
v -30.000000 -100.000000 -30.000000
v -30.000000 -100.000000 -25.000000
v -30.000000 -100.000000 -20.000000
v -30.000000 -100.000000 -15.000000
v -30.000000 -100.000000 -10.000000
v -30.000000 -100.000000 -5.000000
v -30.000000 -100.000000 0.000000
v -30.000000 -100.000000 5.000000
v -30.000000 -100.000000 10.000000
v -30.000000 -100.000000 15.000000
v -30.000000 -100.000000 20.000000
v -30.000000 -100.000000 25.000000
v -30.000000 -100.000000 30.000000
v -30.000000 -100.000000 35.000000
v -30.000000 -100.000000 40.000000
v -30.000000 -100.000000 45.000000
v -30.000000 -100.000000 50.000000
v -30.000000 -100.000000 55.000000
v -30.000000 -100.000000 60.000000
v -30.000000 -100.000000 65.000000
v -30.000000 -100.000000 70.000000
v -30.000000 -100.000000 75.000000
v -30.000000 -100.000000 80.000000
v -30.000000 -100.000000 85.000000
v -30.000000 -100.000000 90.000000
v -30.000000 -100.000000 95.000000
v -25.000000 -100.000000 -95.000000
v -25.000000 -100.000000 -90.000000
v -25.000000 -100.000000 -85.000000
v -25.000000 -100.000000 -80.000000
v -25.000000 -100.000000 -75.000000
v -25.000000 -100.000000 -70.000000
v -25.000000 -100.000000 -65.000000
v -25.000000 -100.000000 -60.000000
v -25.000000 -100.000000 -55.000000
v -25.000000 -100.000000 -50.000000
v -25.000000 -100.000000 -45.000000
v -25.000000 -100.000000 -40.000000
v -25.000000 -100.000000 -35.000000
v -25.000000 -100.000000 -30.000000
v -25.000000 -100.000000 -25.000000
v -25.000000 -100.000000 -20.000000
v -25.000000 -100.000000 -15.000000
v -25.000000 -100.000000 -10.000000
v -25.000000 -100.000000 -5.000000
v -25.000000 -100.000000 0.000000
v -25.000000 -100.000000 5.000000
v -25.000000 -100.000000 10.000000
v -25.000000 -100.000000 15.000000
v -25.000000 -100.000000 20.000000
v -25.000000 -100.000000 25.000000
v -25.000000 -100.000000 30.000000
v -25.000000 -100.000000 35.000000
v -25.000000 -100.000000 40.000000
v -25.000000 -100.000000 45.000000
v -25.000000 -100.000000 50.000000
v -25.000000 -100.000000 55.000000
v -25.000000 -100.000000 60.000000
v -25.000000 -100.000000 65.000000
v -25.000000 -100.000000 70.000000
v -25.000000 -100.000000 75.000000
v -25.000000 -100.000000 80.000000
v -25.000000 -100.000000 85.000000
v -25.000000 -100.000000 90.000000
v -25.000000 -100.000000 95.000000
v -20.000000 -100.000000 -95.000000
v -20.000000 -100.000000 -90.000000
v -20.000000 -100.000000 -85.000000
v -20.000000 -100.000000 -80.000000
v -20.000000 -100.000000 -75.000000
v -20.000000 -100.000000 -70.000000
v -20.000000 -100.000000 -65.000000
v -20.000000 -100.000000 -60.000000
v -20.000000 -100.000000 -55.000000
v -20.000000 -100.000000 -50.000000
v -20.000000 -100.000000 -45.000000
v -20.000000 -100.000000 -40.000000
v -20.000000 -100.000000 -35.000000
v -20.000000 -100.000000 -30.000000
v -20.000000 -100.000000 -25.000000
v -20.000000 -100.000000 -20.000000
v -20.000000 -100.000000 -15.000000
v -20.000000 -100.000000 -10.000000
v -20.000000 -100.000000 -5.000000
v -20.000000 -100.000000 0.000000
v -20.000000 -100.000000 5.000000
v -20.000000 -100.000000 10.000000
v -20.000000 -100.000000 15.000000
v -20.000000 -100.000000 20.000000
v -20.000000 -100.000000 25.000000
v -20.000000 -100.000000 30.000000
v -20.000000 -100.000000 35.000000
v -20.000000 -100.000000 40.000000
v -20.000000 -100.000000 45.000000
v -20.000000 -100.000000 50.000000
v -20.000000 -100.000000 55.000000
v -20.000000 -100.000000 60.000000
v -20.000000 -100.000000 65.000000
v -20.000000 -100.000000 70.000000
v -20.000000 -100.000000 75.000000
v -20.000000 -100.000000 80.000000
v -20.000000 -100.000000 85.000000
v -20.000000 -100.000000 90.000000
v -20.000000 -100.000000 95.000000
v -15.000000 -100.000000 -95.000000
v -15.000000 -100.000000 -90.000000
v -15.000000 -100.000000 -85.000000
v -15.000000 -100.000000 -80.000000
v -15.000000 -100.000000 -75.000000
v -15.000000 -100.000000 -70.000000
v -15.000000 -100.000000 -65.000000
v -15.000000 -100.000000 -60.000000
v -15.000000 -100.000000 -55.000000
v -15.000000 -100.000000 -50.000000
v -15.000000 -100.000000 -45.000000
v -15.000000 -100.000000 -40.000000
v -15.000000 -100.000000 -35.000000
v -15.000000 -100.000000 -30.000000
v -15.000000 -100.000000 -25.000000
v -15.000000 -100.000000 -20.000000
v -15.000000 -100.000000 -15.000000
v -15.000000 -100.000000 -10.000000
v -15.000000 -100.000000 -5.000000
v -15.000000 -100.000000 0.000000
v -15.000000 -100.000000 5.000000
v -15.000000 -100.000000 10.000000
v -15.000000 -100.000000 15.000000
v -15.000000 -100.000000 20.000000
v -15.000000 -100.000000 25.000000
v -15.000000 -100.000000 30.000000
v -15.000000 -100.000000 35.000000
v -15.000000 -100.000000 40.000000
v -15.000000 -100.000000 45.000000
v -15.000000 -100.000000 50.000000
v -15.000000 -100.000000 55.000000
v -15.000000 -100.000000 60.000000
v -15.000000 -100.000000 65.000000
v -15.000000 -100.000000 70.000000
v -15.000000 -100.000000 75.000000
v -15.000000 -100.000000 80.000000
v -15.000000 -100.000000 85.000000
v -15.000000 -100.000000 90.000000
v -15.000000 -100.000000 95.000000
v -10.000000 -100.000000 -95.000000
v -10.000000 -100.000000 -90.000000
v -10.000000 -100.000000 -85.000000
v -10.000000 -100.000000 -80.000000
v -10.000000 -100.000000 -75.000000
v -10.000000 -100.000000 -70.000000
v -10.000000 -100.000000 -65.000000
v -10.000000 -100.000000 -60.000000
v -10.000000 -100.000000 -55.000000
v -10.000000 -100.000000 -50.000000
v -10.000000 -100.000000 -45.000000
v -10.000000 -100.000000 -40.000000
v -10.000000 -100.000000 -35.000000
v -10.000000 -100.000000 -30.000000
v -10.000000 -100.000000 -25.000000
v -10.000000 -100.000000 -20.000000
v -10.000000 -100.000000 -15.000000
v -10.000000 -100.000000 -10.000000
v -10.000000 -100.000000 -5.000000
v -10.000000 -100.000000 0.000000
v -10.000000 -100.000000 5.000000
v -10.000000 -100.000000 10.000000
v -10.000000 -100.000000 15.000000
v -10.000000 -100.000000 20.000000
v -10.000000 -100.000000 25.000000
v -10.000000 -100.000000 30.000000
v -10.000000 -100.000000 35.000000
v -10.000000 -100.000000 40.000000
v -10.000000 -100.000000 45.000000
v -10.000000 -100.000000 50.000000
v -10.000000 -100.000000 55.000000
v -10.000000 -100.000000 60.000000
v -10.000000 -100.000000 65.000000
v -10.000000 -100.000000 70.000000
v -10.000000 -100.000000 75.000000
v -10.000000 -100.000000 80.000000
v -10.000000 -100.000000 85.000000
v -10.000000 -100.000000 90.000000
v -10.000000 -100.000000 95.000000
v -5.000000 -100.000000 -95.000000
v -5.000000 -100.000000 -90.000000
v -5.000000 -100.000000 -85.000000
v -5.000000 -100.000000 -80.000000
v -5.000000 -100.000000 -75.000000
v -5.000000 -100.000000 -70.000000
v -5.000000 -100.000000 -65.000000
v -5.000000 -100.000000 -60.000000
v -5.000000 -100.000000 -55.000000
v -5.000000 -100.000000 -50.000000
v -5.000000 -100.000000 -45.000000
v -5.000000 -100.000000 -40.000000
v -5.000000 -100.000000 -35.000000
v -5.000000 -100.000000 -30.000000
v -5.000000 -100.000000 -25.000000
v -5.000000 -100.000000 -20.000000
v -5.000000 -100.000000 -15.000000
v -5.000000 -100.000000 -10.000000
v -5.000000 -100.000000 -5.000000
v -5.000000 -100.000000 0.000000
v -5.000000 -100.000000 5.000000
v -5.000000 -100.000000 10.000000
v -5.000000 -100.000000 15.000000
v -5.000000 -100.000000 20.000000
v -5.000000 -100.000000 25.000000
v -5.000000 -100.000000 30.000000
v -5.000000 -100.000000 35.000000
v -5.000000 -100.000000 40.000000
v -5.000000 -100.000000 45.000000
v -5.000000 -100.000000 50.000000
v -5.000000 -100.000000 55.000000
v -5.000000 -100.000000 60.000000
v -5.000000 -100.000000 65.000000
v -5.000000 -100.000000 70.000000
v -5.000000 -100.000000 75.000000
v -5.000000 -100.000000 80.000000
v -5.000000 -100.000000 85.000000
v -5.000000 -100.000000 90.000000
v -5.000000 -100.000000 95.000000
v 0.000000 -100.000000 -95.000000
v 0.000000 -100.000000 -90.000000
v 0.000000 -100.000000 -85.000000
v 0.000000 -100.000000 -80.000000
v 0.000000 -100.000000 -75.000000
v 0.000000 -100.000000 -70.000000
v 0.000000 -100.000000 -65.000000
v 0.000000 -100.000000 -60.000000
v 0.000000 -100.000000 -55.000000
v 0.000000 -100.000000 -50.000000
v 0.000000 -100.000000 -45.000000
v 0.000000 -100.000000 -40.000000
v 0.000000 -100.000000 -35.000000
v 0.000000 -100.000000 -30.000000
v 0.000000 -100.000000 -25.000000
v 0.000000 -100.000000 -20.000000
v 0.000000 -100.000000 -15.000000
v 0.000000 -100.000000 -10.000000
v 0.000000 -100.000000 -5.000000
v 0.000000 -100.000000 0.000000
v 0.000000 -100.000000 5.000000
v 0.000000 -100.000000 10.000000
v 0.000000 -100.000000 15.000000
v 0.000000 -100.000000 20.000000
v 0.000000 -100.000000 25.000000
v 0.000000 -100.000000 30.000000
v 0.000000 -100.000000 35.000000
v 0.000000 -100.000000 40.000000
v 0.000000 -100.000000 45.000000
v 0.000000 -100.000000 50.000000
v 0.000000 -100.000000 55.000000
v 0.000000 -100.000000 60.000000
v 0.000000 -100.000000 65.000000
v 0.000000 -100.000000 70.000000
v 0.000000 -100.000000 75.000000
v 0.000000 -100.000000 80.000000
v 0.000000 -100.000000 85.000000
v 0.000000 -100.000000 90.000000
v 0.000000 -100.000000 95.000000
v 5.000000 -100.000000 -95.000000
v 5.000000 -100.000000 -90.000000
v 5.000000 -100.000000 -85.000000
v 5.000000 -100.000000 -80.000000
v 5.000000 -100.000000 -75.000000
v 5.000000 -100.000000 -70.000000
v 5.000000 -100.000000 -65.000000
v 5.000000 -100.000000 -60.000000
v 5.000000 -100.000000 -55.000000
v 5.000000 -100.000000 -50.000000
v 5.000000 -100.000000 -45.000000
v 5.000000 -100.000000 -40.000000
v 5.000000 -100.000000 -35.000000
v 5.000000 -100.000000 -30.000000
v 5.000000 -100.000000 -25.000000
v 5.000000 -100.000000 -20.000000
v 5.000000 -100.000000 -15.000000
v 5.000000 -100.000000 -10.000000
v 5.000000 -100.000000 -5.000000
v 5.000000 -100.000000 0.000000
v 5.000000 -100.000000 5.000000
v 5.000000 -100.000000 10.000000
v 5.000000 -100.000000 15.000000
v 5.000000 -100.000000 20.000000
v 5.000000 -100.000000 25.000000
v 5.000000 -100.000000 30.000000
v 5.000000 -100.000000 35.000000
v 5.000000 -100.000000 40.000000
v 5.000000 -100.000000 45.000000
v 5.000000 -100.000000 50.000000
v 5.000000 -100.000000 55.000000
v 5.000000 -100.000000 60.000000
v 5.000000 -100.000000 65.000000
v 5.000000 -100.000000 70.000000
v 5.000000 -100.000000 75.000000
v 5.000000 -100.000000 80.000000
v 5.000000 -100.000000 85.000000
v 5.000000 -100.000000 90.000000
v 5.000000 -100.000000 95.000000
v 10.000000 -100.000000 -95.000000
v 10.000000 -100.000000 -90.000000
v 10.000000 -100.000000 -85.000000
v 10.000000 -100.000000 -80.000000
v 10.000000 -100.000000 -75.000000
v 10.000000 -100.000000 -70.000000
v 10.000000 -100.000000 -65.000000
v 10.000000 -100.000000 -60.000000
v 10.000000 -100.000000 -55.000000
v 10.000000 -100.000000 -50.000000
v 10.000000 -100.000000 -45.000000
v 10.000000 -100.000000 -40.000000
v 10.000000 -100.000000 -35.000000
v 10.000000 -100.000000 -30.000000
v 10.000000 -100.000000 -25.000000
v 10.000000 -100.000000 -20.000000
v 10.000000 -100.000000 -15.000000
v 10.000000 -100.000000 -10.000000
v 10.000000 -100.000000 -5.000000
v 10.000000 -100.000000 0.000000
v 10.000000 -100.000000 5.000000
v 10.000000 -100.000000 10.000000
v 10.000000 -100.000000 15.000000
v 10.000000 -100.000000 20.000000
v 10.000000 -100.000000 25.000000
v 10.000000 -100.000000 30.000000
v 10.000000 -100.000000 35.000000
v 10.000000 -100.000000 40.000000
v 10.000000 -100.000000 45.000000
v 10.000000 -100.000000 50.000000
v 10.000000 -100.000000 55.000000
v 10.000000 -100.000000 60.000000
v 10.000000 -100.000000 65.000000
v 10.000000 -100.000000 70.000000
v 10.000000 -100.000000 75.000000
v 10.000000 -100.000000 80.000000
v 10.000000 -100.000000 85.000000
v 10.000000 -100.000000 90.000000
v 10.000000 -100.000000 95.000000
v 15.000000 -100.000000 -95.000000
v 15.000000 -100.000000 -90.000000
v 15.000000 -100.000000 -85.000000
v 15.000000 -100.000000 -80.000000
v 15.000000 -100.000000 -75.000000
v 15.000000 -100.000000 -70.000000
v 15.000000 -100.000000 -65.000000
v 15.000000 -100.000000 -60.000000
v 15.000000 -100.000000 -55.000000
v 15.000000 -100.000000 -50.000000
v 15.000000 -100.000000 -45.000000
v 15.000000 -100.000000 -40.000000
v 15.000000 -100.000000 -35.000000
v 15.000000 -100.000000 -30.000000
v 15.000000 -100.000000 -25.000000
v 15.000000 -100.000000 -20.000000
v 15.000000 -100.000000 -15.000000
v 15.000000 -100.000000 -10.000000
v 15.000000 -100.000000 -5.000000
v 15.000000 -100.000000 0.000000
v 15.000000 -100.000000 5.000000
v 15.000000 -100.000000 10.000000
v 15.000000 -100.000000 15.000000
v 15.000000 -100.000000 20.000000
v 15.000000 -100.000000 25.000000
v 15.000000 -100.000000 30.000000
v 15.000000 -100.000000 35.000000
v 15.000000 -100.000000 40.000000
v 15.000000 -100.000000 45.000000
v 15.000000 -100.000000 50.000000
v 15.000000 -100.000000 55.000000
v 15.000000 -100.000000 60.000000
v 15.000000 -100.000000 65.000000
v 15.000000 -100.000000 70.000000
v 15.000000 -100.000000 75.000000
v 15.000000 -100.000000 80.000000
v 15.000000 -100.000000 85.000000
v 15.000000 -100.000000 90.000000
v 15.000000 -100.000000 95.000000
v 20.000000 -100.000000 -95.000000
v 20.000000 -100.000000 -90.000000
v 20.000000 -100.000000 -85.000000
v 20.000000 -100.000000 -80.000000
v 20.000000 -100.000000 -75.000000
v 20.000000 -100.000000 -70.000000
v 20.000000 -100.000000 -65.000000
v 20.000000 -100.000000 -60.000000
v 20.000000 -100.000000 -55.000000
v 20.000000 -100.000000 -50.000000
v 20.000000 -100.000000 -45.000000
v 20.000000 -100.000000 -40.000000
v 20.000000 -100.000000 -35.000000
v 20.000000 -100.000000 -30.000000
v 20.000000 -100.000000 -25.000000
v 20.000000 -100.000000 -20.000000
v 20.000000 -100.000000 -15.000000
v 20.000000 -100.000000 -10.000000
v 20.000000 -100.000000 -5.000000
v 20.000000 -100.000000 0.000000
v 20.000000 -100.000000 5.000000
v 20.000000 -100.000000 10.000000
v 20.000000 -100.000000 15.000000
v 20.000000 -100.000000 20.000000
v 20.000000 -100.000000 25.000000
v 20.000000 -100.000000 30.000000
v 20.000000 -100.000000 35.000000
v 20.000000 -100.000000 40.000000
v 20.000000 -100.000000 45.000000
v 20.000000 -100.000000 50.000000
v 20.000000 -100.000000 55.000000
v 20.000000 -100.000000 60.000000
v 20.000000 -100.000000 65.000000
v 20.000000 -100.000000 70.000000
v 20.000000 -100.000000 75.000000
v 20.000000 -100.000000 80.000000
v 20.000000 -100.000000 85.000000
v 20.000000 -100.000000 90.000000
v 20.000000 -100.000000 95.000000
v 25.000000 -100.000000 -95.000000
v 25.000000 -100.000000 -90.000000
v 25.000000 -100.000000 -85.000000
v 25.000000 -100.000000 -80.000000
v 25.000000 -100.000000 -75.000000
v 25.000000 -100.000000 -70.000000
v 25.000000 -100.000000 -65.000000
v 25.000000 -100.000000 -60.000000
v 25.000000 -100.000000 -55.000000
v 25.000000 -100.000000 -50.000000
v 25.000000 -100.000000 -45.000000
v 25.000000 -100.000000 -40.000000
v 25.000000 -100.000000 -35.000000
v 25.000000 -100.000000 -30.000000
v 25.000000 -100.000000 -25.000000
v 25.000000 -100.000000 -20.000000
v 25.000000 -100.000000 -15.000000
v 25.000000 -100.000000 -10.000000
v 25.000000 -100.000000 -5.000000
v 25.000000 -100.000000 0.000000
v 25.000000 -100.000000 5.000000
v 25.000000 -100.000000 10.000000
v 25.000000 -100.000000 15.000000
v 25.000000 -100.000000 20.000000
v 25.000000 -100.000000 25.000000
v 25.000000 -100.000000 30.000000
v 25.000000 -100.000000 35.000000
v 25.000000 -100.000000 40.000000
v 25.000000 -100.000000 45.000000
v 25.000000 -100.000000 50.000000
v 25.000000 -100.000000 55.000000
v 25.000000 -100.000000 60.000000
v 25.000000 -100.000000 65.000000
v 25.000000 -100.000000 70.000000
v 25.000000 -100.000000 75.000000
v 25.000000 -100.000000 80.000000
v 25.000000 -100.000000 85.000000
v 25.000000 -100.000000 90.000000
v 25.000000 -100.000000 95.000000
v 30.000000 -100.000000 -95.000000
v 30.000000 -100.000000 -90.000000
v 30.000000 -100.000000 -85.000000
v 30.000000 -100.000000 -80.000000
v 30.000000 -100.000000 -75.000000
v 30.000000 -100.000000 -70.000000
v 30.000000 -100.000000 -65.000000
v 30.000000 -100.000000 -60.000000
v 30.000000 -100.000000 -55.000000
v 30.000000 -100.000000 -50.000000
v 30.000000 -100.000000 -45.000000
v 30.000000 -100.000000 -40.000000
v 30.000000 -100.000000 -35.000000
v 30.000000 -100.000000 -30.000000
v 30.000000 -100.000000 -25.000000
v 30.000000 -100.000000 -20.000000
v 30.000000 -100.000000 -15.000000
v 30.000000 -100.000000 -10.000000
v 30.000000 -100.000000 -5.000000
v 30.000000 -100.000000 0.000000
v 30.000000 -100.000000 5.000000
v 30.000000 -100.000000 10.000000
v 30.000000 -100.000000 15.000000
v 30.000000 -100.000000 20.000000
v 30.000000 -100.000000 25.000000
v 30.000000 -100.000000 30.000000
v 30.000000 -100.000000 35.000000
v 30.000000 -100.000000 40.000000
v 30.000000 -100.000000 45.000000
v 30.000000 -100.000000 50.000000
v 30.000000 -100.000000 55.000000
v 30.000000 -100.000000 60.000000
v 30.000000 -100.000000 65.000000
v 30.000000 -100.000000 70.000000
v 30.000000 -100.000000 75.000000
v 30.000000 -100.000000 80.000000
v 30.000000 -100.000000 85.000000
v 30.000000 -100.000000 90.000000
v 30.000000 -100.000000 95.000000
v 35.000000 -100.000000 -95.000000
v 35.000000 -100.000000 -90.000000
v 35.000000 -100.000000 -85.000000
v 35.000000 -100.000000 -80.000000
v 35.000000 -100.000000 -75.000000
v 35.000000 -100.000000 -70.000000
v 35.000000 -100.000000 -65.000000
v 35.000000 -100.000000 -60.000000
v 35.000000 -100.000000 -55.000000
v 35.000000 -100.000000 -50.000000
v 35.000000 -100.000000 -45.000000
v 35.000000 -100.000000 -40.000000
v 35.000000 -100.000000 -35.000000
v 35.000000 -100.000000 -30.000000
v 35.000000 -100.000000 -25.000000
v 35.000000 -100.000000 -20.000000
v 35.000000 -100.000000 -15.000000
v 35.000000 -100.000000 -10.000000
v 35.000000 -100.000000 -5.000000
v 35.000000 -100.000000 0.000000
v 35.000000 -100.000000 5.000000
v 35.000000 -100.000000 10.000000
v 35.000000 -100.000000 15.000000
v 35.000000 -100.000000 20.000000
v 35.000000 -100.000000 25.000000
v 35.000000 -100.000000 30.000000
v 35.000000 -100.000000 35.000000
v 35.000000 -100.000000 40.000000
v 35.000000 -100.000000 45.000000
v 35.000000 -100.000000 50.000000
v 35.000000 -100.000000 55.000000
v 35.000000 -100.000000 60.000000
v 35.000000 -100.000000 65.000000
v 35.000000 -100.000000 70.000000
v 35.000000 -100.000000 75.000000
v 35.000000 -100.000000 80.000000
v 35.000000 -100.000000 85.000000
v 35.000000 -100.000000 90.000000
v 35.000000 -100.000000 95.000000
v 40.000000 -100.000000 -95.000000
v 40.000000 -100.000000 -90.000000
v 40.000000 -100.000000 -85.000000
v 40.000000 -100.000000 -80.000000
v 40.000000 -100.000000 -75.000000
v 40.000000 -100.000000 -70.000000
v 40.000000 -100.000000 -65.000000
v 40.000000 -100.000000 -60.000000
v 40.000000 -100.000000 -55.000000
v 40.000000 -100.000000 -50.000000
v 40.000000 -100.000000 -45.000000
v 40.000000 -100.000000 -40.000000
v 40.000000 -100.000000 -35.000000
v 40.000000 -100.000000 -30.000000
v 40.000000 -100.000000 -25.000000
v 40.000000 -100.000000 -20.000000
v 40.000000 -100.000000 -15.000000
v 40.000000 -100.000000 -10.000000
v 40.000000 -100.000000 -5.000000
v 40.000000 -100.000000 0.000000
v 40.000000 -100.000000 5.000000
v 40.000000 -100.000000 10.000000
v 40.000000 -100.000000 15.000000
v 40.000000 -100.000000 20.000000
v 40.000000 -100.000000 25.000000
v 40.000000 -100.000000 30.000000
v 40.000000 -100.000000 35.000000
v 40.000000 -100.000000 40.000000
v 40.000000 -100.000000 45.000000
v 40.000000 -100.000000 50.000000
v 40.000000 -100.000000 55.000000
v 40.000000 -100.000000 60.000000
v 40.000000 -100.000000 65.000000
v 40.000000 -100.000000 70.000000
v 40.000000 -100.000000 75.000000
v 40.000000 -100.000000 80.000000
v 40.000000 -100.000000 85.000000
v 40.000000 -100.000000 90.000000
v 40.000000 -100.000000 95.000000
v 45.000000 -100.000000 -95.000000
v 45.000000 -100.000000 -90.000000
v 45.000000 -100.000000 -85.000000
v 45.000000 -100.000000 -80.000000
v 45.000000 -100.000000 -75.000000
v 45.000000 -100.000000 -70.000000
v 45.000000 -100.000000 -65.000000
v 45.000000 -100.000000 -60.000000
v 45.000000 -100.000000 -55.000000
v 45.000000 -100.000000 -50.000000
v 45.000000 -100.000000 -45.000000
v 45.000000 -100.000000 -40.000000
v 45.000000 -100.000000 -35.000000
v 45.000000 -100.000000 -30.000000
v 45.000000 -100.000000 -25.000000
v 45.000000 -100.000000 -20.000000
v 45.000000 -100.000000 -15.000000
v 45.000000 -100.000000 -10.000000
v 45.000000 -100.000000 -5.000000
v 45.000000 -100.000000 0.000000
v 45.000000 -100.000000 5.000000
v 45.000000 -100.000000 10.000000
v 45.000000 -100.000000 15.000000
v 45.000000 -100.000000 20.000000
v 45.000000 -100.000000 25.000000
v 45.000000 -100.000000 30.000000
v 45.000000 -100.000000 35.000000
v 45.000000 -100.000000 40.000000
v 45.000000 -100.000000 45.000000
v 45.000000 -100.000000 50.000000
v 45.000000 -100.000000 55.000000
v 45.000000 -100.000000 60.000000
v 45.000000 -100.000000 65.000000
v 45.000000 -100.000000 70.000000
v 45.000000 -100.000000 75.000000
v 45.000000 -100.000000 80.000000
v 45.000000 -100.000000 85.000000
v 45.000000 -100.000000 90.000000
v 45.000000 -100.000000 95.000000
v 50.000000 -100.000000 -95.000000
v 50.000000 -100.000000 -90.000000
v 50.000000 -100.000000 -85.000000
v 50.000000 -100.000000 -80.000000
v 50.000000 -100.000000 -75.000000
v 50.000000 -100.000000 -70.000000
v 50.000000 -100.000000 -65.000000
v 50.000000 -100.000000 -60.000000
v 50.000000 -100.000000 -55.000000
v 50.000000 -100.000000 -50.000000
v 50.000000 -100.000000 -45.000000
v 50.000000 -100.000000 -40.000000
v 50.000000 -100.000000 -35.000000
v 50.000000 -100.000000 -30.000000
v 50.000000 -100.000000 -25.000000
v 50.000000 -100.000000 -20.000000
v 50.000000 -100.000000 -15.000000
v 50.000000 -100.000000 -10.000000
v 50.000000 -100.000000 -5.000000
v 50.000000 -100.000000 0.000000
v 50.000000 -100.000000 5.000000
v 50.000000 -100.000000 10.000000
v 50.000000 -100.000000 15.000000
v 50.000000 -100.000000 20.000000
v 50.000000 -100.000000 25.000000
v 50.000000 -100.000000 30.000000
v 50.000000 -100.000000 35.000000
v 50.000000 -100.000000 40.000000
v 50.000000 -100.000000 45.000000
v 50.000000 -100.000000 50.000000
v 50.000000 -100.000000 55.000000
v 50.000000 -100.000000 60.000000
v 50.000000 -100.000000 65.000000
v 50.000000 -100.000000 70.000000
v 50.000000 -100.000000 75.000000
v 50.000000 -100.000000 80.000000
v 50.000000 -100.000000 85.000000
v 50.000000 -100.000000 90.000000
v 50.000000 -100.000000 95.000000
v 55.000000 -100.000000 -95.000000
v 55.000000 -100.000000 -90.000000
v 55.000000 -100.000000 -85.000000
v 55.000000 -100.000000 -80.000000
v 55.000000 -100.000000 -75.000000
v 55.000000 -100.000000 -70.000000
v 55.000000 -100.000000 -65.000000
v 55.000000 -100.000000 -60.000000
v 55.000000 -100.000000 -55.000000
v 55.000000 -100.000000 -50.000000
v 55.000000 -100.000000 -45.000000
v 55.000000 -100.000000 -40.000000
v 55.000000 -100.000000 -35.000000
v 55.000000 -100.000000 -30.000000
v 55.000000 -100.000000 -25.000000
v 55.000000 -100.000000 -20.000000
v 55.000000 -100.000000 -15.000000
v 55.000000 -100.000000 -10.000000
v 55.000000 -100.000000 -5.000000
v 55.000000 -100.000000 0.000000
v 55.000000 -100.000000 5.000000
v 55.000000 -100.000000 10.000000
v 55.000000 -100.000000 15.000000
v 55.000000 -100.000000 20.000000
v 55.000000 -100.000000 25.000000
v 55.000000 -100.000000 30.000000
v 55.000000 -100.000000 35.000000
v 55.000000 -100.000000 40.000000
v 55.000000 -100.000000 45.000000
v 55.000000 -100.000000 50.000000
v 55.000000 -100.000000 55.000000
v 55.000000 -100.000000 60.000000
v 55.000000 -100.000000 65.000000
v 55.000000 -100.000000 70.000000
v 55.000000 -100.000000 75.000000
v 55.000000 -100.000000 80.000000
v 55.000000 -100.000000 85.000000
v 55.000000 -100.000000 90.000000
v 55.000000 -100.000000 95.000000
v 60.000000 -100.000000 -95.000000
v 60.000000 -100.000000 -90.000000
v 60.000000 -100.000000 -85.000000
v 60.000000 -100.000000 -80.000000
v 60.000000 -100.000000 -75.000000
v 60.000000 -100.000000 -70.000000
v 60.000000 -100.000000 -65.000000
v 60.000000 -100.000000 -60.000000
v 60.000000 -100.000000 -55.000000
v 60.000000 -100.000000 -50.000000
v 60.000000 -100.000000 -45.000000
v 60.000000 -100.000000 -40.000000
v 60.000000 -100.000000 -35.000000
v 60.000000 -100.000000 -30.000000
v 60.000000 -100.000000 -25.000000
v 60.000000 -100.000000 -20.000000
v 60.000000 -100.000000 -15.000000
v 60.000000 -100.000000 -10.000000
v 60.000000 -100.000000 -5.000000
v 60.000000 -100.000000 0.000000
v 60.000000 -100.000000 5.000000
v 60.000000 -100.000000 10.000000
v 60.000000 -100.000000 15.000000
v 60.000000 -100.000000 20.000000
v 60.000000 -100.000000 25.000000
v 60.000000 -100.000000 30.000000
v 60.000000 -100.000000 35.000000
v 60.000000 -100.000000 40.000000
v 60.000000 -100.000000 45.000000
v 60.000000 -100.000000 50.000000
v 60.000000 -100.000000 55.000000
v 60.000000 -100.000000 60.000000
v 60.000000 -100.000000 65.000000
v 60.000000 -100.000000 70.000000
v 60.000000 -100.000000 75.000000
v 60.000000 -100.000000 80.000000
v 60.000000 -100.000000 85.000000
v 60.000000 -100.000000 90.000000
v 60.000000 -100.000000 95.000000
v 65.000000 -100.000000 -95.000000
v 65.000000 -100.000000 -90.000000
v 65.000000 -100.000000 -85.000000
v 65.000000 -100.000000 -80.000000
v 65.000000 -100.000000 -75.000000
v 65.000000 -100.000000 -70.000000
v 65.000000 -100.000000 -65.000000
v 65.000000 -100.000000 -60.000000
v 65.000000 -100.000000 -55.000000
v 65.000000 -100.000000 -50.000000
v 65.000000 -100.000000 -45.000000
v 65.000000 -100.000000 -40.000000
v 65.000000 -100.000000 -35.000000
v 65.000000 -100.000000 -30.000000
v 65.000000 -100.000000 -25.000000
v 65.000000 -100.000000 -20.000000
v 65.000000 -100.000000 -15.000000
v 65.000000 -100.000000 -10.000000
v 65.000000 -100.000000 -5.000000
v 65.000000 -100.000000 0.000000
v 65.000000 -100.000000 5.000000
v 65.000000 -100.000000 10.000000
v 65.000000 -100.000000 15.000000
v 65.000000 -100.000000 20.000000
v 65.000000 -100.000000 25.000000
v 65.000000 -100.000000 30.000000
v 65.000000 -100.000000 35.000000
v 65.000000 -100.000000 40.000000
v 65.000000 -100.000000 45.000000
v 65.000000 -100.000000 50.000000
v 65.000000 -100.000000 55.000000
v 65.000000 -100.000000 60.000000
v 65.000000 -100.000000 65.000000
v 65.000000 -100.000000 70.000000
v 65.000000 -100.000000 75.000000
v 65.000000 -100.000000 80.000000
v 65.000000 -100.000000 85.000000
v 65.000000 -100.000000 90.000000
v 65.000000 -100.000000 95.000000
v 70.000000 -100.000000 -95.000000
v 70.000000 -100.000000 -90.000000
v 70.000000 -100.000000 -85.000000
v 70.000000 -100.000000 -80.000000
v 70.000000 -100.000000 -75.000000
v 70.000000 -100.000000 -70.000000
v 70.000000 -100.000000 -65.000000
v 70.000000 -100.000000 -60.000000
v 70.000000 -100.000000 -55.000000
v 70.000000 -100.000000 -50.000000
v 70.000000 -100.000000 -45.000000
v 70.000000 -100.000000 -40.000000
v 70.000000 -100.000000 -35.000000
v 70.000000 -100.000000 -30.000000
v 70.000000 -100.000000 -25.000000
v 70.000000 -100.000000 -20.000000
v 70.000000 -100.000000 -15.000000
v 70.000000 -100.000000 -10.000000
v 70.000000 -100.000000 -5.000000
v 70.000000 -100.000000 0.000000
v 70.000000 -100.000000 5.000000
v 70.000000 -100.000000 10.000000
v 70.000000 -100.000000 15.000000
v 70.000000 -100.000000 20.000000
v 70.000000 -100.000000 25.000000
v 70.000000 -100.000000 30.000000
v 70.000000 -100.000000 35.000000
v 70.000000 -100.000000 40.000000
v 70.000000 -100.000000 45.000000
v 70.000000 -100.000000 50.000000
v 70.000000 -100.000000 55.000000
v 70.000000 -100.000000 60.000000
v 70.000000 -100.000000 65.000000
v 70.000000 -100.000000 70.000000
v 70.000000 -100.000000 75.000000
v 70.000000 -100.000000 80.000000
v 70.000000 -100.000000 85.000000
v 70.000000 -100.000000 90.000000
v 70.000000 -100.000000 95.000000
v 75.000000 -100.000000 -95.000000
v 75.000000 -100.000000 -90.000000
v 75.000000 -100.000000 -85.000000
v 75.000000 -100.000000 -80.000000
v 75.000000 -100.000000 -75.000000
v 75.000000 -100.000000 -70.000000
v 75.000000 -100.000000 -65.000000
v 75.000000 -100.000000 -60.000000
v 75.000000 -100.000000 -55.000000
v 75.000000 -100.000000 -50.000000
v 75.000000 -100.000000 -45.000000
v 75.000000 -100.000000 -40.000000
v 75.000000 -100.000000 -35.000000
v 75.000000 -100.000000 -30.000000
v 75.000000 -100.000000 -25.000000
v 75.000000 -100.000000 -20.000000
v 75.000000 -100.000000 -15.000000
v 75.000000 -100.000000 -10.000000
v 75.000000 -100.000000 -5.000000
v 75.000000 -100.000000 0.000000
v 75.000000 -100.000000 5.000000
v 75.000000 -100.000000 10.000000
v 75.000000 -100.000000 15.000000
v 75.000000 -100.000000 20.000000
v 75.000000 -100.000000 25.000000
v 75.000000 -100.000000 30.000000
v 75.000000 -100.000000 35.000000
v 75.000000 -100.000000 40.000000
v 75.000000 -100.000000 45.000000
v 75.000000 -100.000000 50.000000
v 75.000000 -100.000000 55.000000
v 75.000000 -100.000000 60.000000
v 75.000000 -100.000000 65.000000
v 75.000000 -100.000000 70.000000
v 75.000000 -100.000000 75.000000
v 75.000000 -100.000000 80.000000
v 75.000000 -100.000000 85.000000
v 75.000000 -100.000000 90.000000
v 75.000000 -100.000000 95.000000
v 80.000000 -100.000000 -95.000000
v 80.000000 -100.000000 -90.000000
v 80.000000 -100.000000 -85.000000
v 80.000000 -100.000000 -80.000000
v 80.000000 -100.000000 -75.000000
v 80.000000 -100.000000 -70.000000
v 80.000000 -100.000000 -65.000000
v 80.000000 -100.000000 -60.000000
v 80.000000 -100.000000 -55.000000
v 80.000000 -100.000000 -50.000000
v 80.000000 -100.000000 -45.000000
v 80.000000 -100.000000 -40.000000
v 80.000000 -100.000000 -35.000000
v 80.000000 -100.000000 -30.000000
v 80.000000 -100.000000 -25.000000
v 80.000000 -100.000000 -20.000000
v 80.000000 -100.000000 -15.000000
v 80.000000 -100.000000 -10.000000
v 80.000000 -100.000000 -5.000000
v 80.000000 -100.000000 0.000000
v 80.000000 -100.000000 5.000000
v 80.000000 -100.000000 10.000000
v 80.000000 -100.000000 15.000000
v 80.000000 -100.000000 20.000000
v 80.000000 -100.000000 25.000000
v 80.000000 -100.000000 30.000000
v 80.000000 -100.000000 35.000000
v 80.000000 -100.000000 40.000000
v 80.000000 -100.000000 45.000000
v 80.000000 -100.000000 50.000000
v 80.000000 -100.000000 55.000000
v 80.000000 -100.000000 60.000000
v 80.000000 -100.000000 65.000000
v 80.000000 -100.000000 70.000000
v 80.000000 -100.000000 75.000000
v 80.000000 -100.000000 80.000000
v 80.000000 -100.000000 85.000000
v 80.000000 -100.000000 90.000000
v 80.000000 -100.000000 95.000000
v 85.000000 -100.000000 -95.000000
v 85.000000 -100.000000 -90.000000
v 85.000000 -100.000000 -85.000000
v 85.000000 -100.000000 -80.000000
v 85.000000 -100.000000 -75.000000
v 85.000000 -100.000000 -70.000000
v 85.000000 -100.000000 -65.000000
v 85.000000 -100.000000 -60.000000
v 85.000000 -100.000000 -55.000000
v 85.000000 -100.000000 -50.000000
v 85.000000 -100.000000 -45.000000
v 85.000000 -100.000000 -40.000000
v 85.000000 -100.000000 -35.000000
v 85.000000 -100.000000 -30.000000
v 85.000000 -100.000000 -25.000000
v 85.000000 -100.000000 -20.000000
v 85.000000 -100.000000 -15.000000
v 85.000000 -100.000000 -10.000000
v 85.000000 -100.000000 -5.000000
v 85.000000 -100.000000 0.000000
v 85.000000 -100.000000 5.000000
v 85.000000 -100.000000 10.000000
v 85.000000 -100.000000 15.000000
v 85.000000 -100.000000 20.000000
v 85.000000 -100.000000 25.000000
v 85.000000 -100.000000 30.000000
v 85.000000 -100.000000 35.000000
v 85.000000 -100.000000 40.000000
v 85.000000 -100.000000 45.000000
v 85.000000 -100.000000 50.000000
v 85.000000 -100.000000 55.000000
v 85.000000 -100.000000 60.000000
v 85.000000 -100.000000 65.000000
v 85.000000 -100.000000 70.000000
v 85.000000 -100.000000 75.000000
v 85.000000 -100.000000 80.000000
v 85.000000 -100.000000 85.000000
v 85.000000 -100.000000 90.000000
v 85.000000 -100.000000 95.000000
v 90.000000 -100.000000 -95.000000
v 90.000000 -100.000000 -90.000000
v 90.000000 -100.000000 -85.000000
v 90.000000 -100.000000 -80.000000
v 90.000000 -100.000000 -75.000000
v 90.000000 -100.000000 -70.000000
v 90.000000 -100.000000 -65.000000
v 90.000000 -100.000000 -60.000000
v 90.000000 -100.000000 -55.000000
v 90.000000 -100.000000 -50.000000
v 90.000000 -100.000000 -45.000000
v 90.000000 -100.000000 -40.000000
v 90.000000 -100.000000 -35.000000
v 90.000000 -100.000000 -30.000000
v 90.000000 -100.000000 -25.000000
v 90.000000 -100.000000 -20.000000
v 90.000000 -100.000000 -15.000000
v 90.000000 -100.000000 -10.000000
v 90.000000 -100.000000 -5.000000
v 90.000000 -100.000000 0.000000
v 90.000000 -100.000000 5.000000
v 90.000000 -100.000000 10.000000
v 90.000000 -100.000000 15.000000
v 90.000000 -100.000000 20.000000
v 90.000000 -100.000000 25.000000
v 90.000000 -100.000000 30.000000
v 90.000000 -100.000000 35.000000
v 90.000000 -100.000000 40.000000
v 90.000000 -100.000000 45.000000
v 90.000000 -100.000000 50.000000
v 90.000000 -100.000000 55.000000
v 90.000000 -100.000000 60.000000
v 90.000000 -100.000000 65.000000
v 90.000000 -100.000000 70.000000
v 90.000000 -100.000000 75.000000
v 90.000000 -100.000000 80.000000
v 90.000000 -100.000000 85.000000
v 90.000000 -100.000000 90.000000
v 90.000000 -100.000000 95.000000
v 95.000000 -100.000000 -95.000000
v 95.000000 -100.000000 -90.000000
v 95.000000 -100.000000 -85.000000
v 95.000000 -100.000000 -80.000000
v 95.000000 -100.000000 -75.000000
v 95.000000 -100.000000 -70.000000
v 95.000000 -100.000000 -65.000000
v 95.000000 -100.000000 -60.000000
v 95.000000 -100.000000 -55.000000
v 95.000000 -100.000000 -50.000000
v 95.000000 -100.000000 -45.000000
v 95.000000 -100.000000 -40.000000
v 95.000000 -100.000000 -35.000000
v 95.000000 -100.000000 -30.000000
v 95.000000 -100.000000 -25.000000
v 95.000000 -100.000000 -20.000000
v 95.000000 -100.000000 -15.000000
v 95.000000 -100.000000 -10.000000
v 95.000000 -100.000000 -5.000000
v 95.000000 -100.000000 0.000000
v 95.000000 -100.000000 5.000000
v 95.000000 -100.000000 10.000000
v 95.000000 -100.000000 15.000000
v 95.000000 -100.000000 20.000000
v 95.000000 -100.000000 25.000000
v 95.000000 -100.000000 30.000000
v 95.000000 -100.000000 35.000000
v 95.000000 -100.000000 40.000000
v 95.000000 -100.000000 45.000000
v 95.000000 -100.000000 50.000000
v 95.000000 -100.000000 55.000000
v 95.000000 -100.000000 60.000000
v 95.000000 -100.000000 65.000000
v 95.000000 -100.000000 70.000000
v 95.000000 -100.000000 75.000000
v 95.000000 -100.000000 80.000000
v 95.000000 -100.000000 85.000000
v 95.000000 -100.000000 90.000000
v 95.000000 -100.000000 95.000000
# 9602 vertices

vn 0.000000 0.000000 1.000000
vn 1.000000 0.000000 0.000000
vn 0.000000 0.000000 -1.000000
vn -1.000000 0.000000 0.000000
vn 0.000000 1.000000 0.000000
vn 0.000000 -1.000000 0.000000
# 6 normals

vt 0.000000 0.000000 0.000000
vt 0.000000 0.025000 0.000000
vt 0.025000 0.025000 0.000000
vt 0.025000 0.000000 0.000000
vt 0.050000 0.025000 0.000000
vt 0.050000 0.000000 0.000000
vt 0.075000 0.025000 0.000000
vt 0.075000 0.000000 0.000000
vt 0.100000 0.025000 0.000000
vt 0.100000 0.000000 0.000000
vt 0.125000 0.025000 0.000000
vt 0.125000 0.000000 0.000000
vt 0.150000 0.025000 0.000000
vt 0.150000 0.000000 0.000000
vt 0.175000 0.025000 0.000000
vt 0.175000 0.000000 0.000000
vt 0.200000 0.025000 0.000000
vt 0.200000 0.000000 0.000000
vt 0.225000 0.025000 0.000000
vt 0.225000 0.000000 0.000000
vt 0.250000 0.025000 0.000000
vt 0.250000 0.000000 0.000000
vt 0.275000 0.025000 0.000000
vt 0.275000 0.000000 0.000000
vt 0.300000 0.025000 0.000000
vt 0.300000 0.000000 0.000000
vt 0.325000 0.025000 0.000000
vt 0.325000 0.000000 0.000000
vt 0.350000 0.025000 0.000000
vt 0.350000 0.000000 0.000000
vt 0.375000 0.025000 0.000000
vt 0.375000 0.000000 0.000000
vt 0.400000 0.025000 0.000000
vt 0.400000 0.000000 0.000000
vt 0.425000 0.025000 0.000000
vt 0.425000 0.000000 0.000000
vt 0.450000 0.025000 0.000000
vt 0.450000 0.000000 0.000000
vt 0.475000 0.025000 0.000000
vt 0.475000 0.000000 0.000000
vt 0.500000 0.025000 0.000000
vt 0.500000 0.000000 0.000000
vt 0.525000 0.025000 0.000000
vt 0.525000 0.000000 0.000000
vt 0.550000 0.025000 0.000000
vt 0.550000 0.000000 0.000000
vt 0.575000 0.025000 0.000000
vt 0.575000 0.000000 0.000000
vt 0.600000 0.025000 0.000000
vt 0.600000 0.000000 0.000000
vt 0.625000 0.025000 0.000000
vt 0.625000 0.000000 0.000000
vt 0.650000 0.025000 0.000000
vt 0.650000 0.000000 0.000000
vt 0.675000 0.025000 0.000000
vt 0.675000 0.000000 0.000000
vt 0.700000 0.025000 0.000000
vt 0.700000 0.000000 0.000000
vt 0.725000 0.025000 0.000000
vt 0.725000 0.000000 0.000000
vt 0.750000 0.025000 0.000000
vt 0.750000 0.000000 0.000000
vt 0.775000 0.025000 0.000000
vt 0.775000 0.000000 0.000000
vt 0.800000 0.025000 0.000000
vt 0.800000 0.000000 0.000000
vt 0.825000 0.025000 0.000000
vt 0.825000 0.000000 0.000000
vt 0.850000 0.025000 0.000000
vt 0.850000 0.000000 0.000000
vt 0.875000 0.025000 0.000000
vt 0.875000 0.000000 0.000000
vt 0.900000 0.025000 0.000000
vt 0.900000 0.000000 0.000000
vt 0.925000 0.025000 0.000000
vt 0.925000 0.000000 0.000000
vt 0.950000 0.025000 0.000000
vt 0.950000 0.000000 0.000000
vt 0.975000 0.025000 0.000000
vt 0.975000 0.000000 0.000000
vt 1.000000 0.025000 0.000000
vt 1.000000 0.000000 0.000000
vt 0.000000 0.050000 0.000000
vt 0.025000 0.050000 0.000000
vt 0.050000 0.050000 0.000000
vt 0.075000 0.050000 0.000000
vt 0.100000 0.050000 0.000000
vt 0.125000 0.050000 0.000000
vt 0.150000 0.050000 0.000000
vt 0.175000 0.050000 0.000000
vt 0.200000 0.050000 0.000000
vt 0.225000 0.050000 0.000000
vt 0.250000 0.050000 0.000000
vt 0.275000 0.050000 0.000000
vt 0.300000 0.050000 0.000000
vt 0.325000 0.050000 0.000000
vt 0.350000 0.050000 0.000000
vt 0.375000 0.050000 0.000000
vt 0.400000 0.050000 0.000000
vt 0.425000 0.050000 0.000000
vt 0.450000 0.050000 0.000000
vt 0.475000 0.050000 0.000000
vt 0.500000 0.050000 0.000000
vt 0.525000 0.050000 0.000000
vt 0.550000 0.050000 0.000000
vt 0.575000 0.050000 0.000000
vt 0.600000 0.050000 0.000000
vt 0.625000 0.050000 0.000000
vt 0.650000 0.050000 0.000000
vt 0.675000 0.050000 0.000000
vt 0.700000 0.050000 0.000000
vt 0.725000 0.050000 0.000000
vt 0.750000 0.050000 0.000000
vt 0.775000 0.050000 0.000000
vt 0.800000 0.050000 0.000000
vt 0.825000 0.050000 0.000000
vt 0.850000 0.050000 0.000000
vt 0.875000 0.050000 0.000000
vt 0.900000 0.050000 0.000000
vt 0.925000 0.050000 0.000000
vt 0.950000 0.050000 0.000000
vt 0.975000 0.050000 0.000000
vt 1.000000 0.050000 0.000000
vt 0.000000 0.075000 0.000000
vt 0.025000 0.075000 0.000000
vt 0.050000 0.075000 0.000000
vt 0.075000 0.075000 0.000000
vt 0.100000 0.075000 0.000000
vt 0.125000 0.075000 0.000000
vt 0.150000 0.075000 0.000000
vt 0.175000 0.075000 0.000000
vt 0.200000 0.075000 0.000000
vt 0.225000 0.075000 0.000000
vt 0.250000 0.075000 0.000000
vt 0.275000 0.075000 0.000000
vt 0.300000 0.075000 0.000000
vt 0.325000 0.075000 0.000000
vt 0.350000 0.075000 0.000000
vt 0.375000 0.075000 0.000000
vt 0.400000 0.075000 0.000000
vt 0.425000 0.075000 0.000000
vt 0.450000 0.075000 0.000000
vt 0.475000 0.075000 0.000000
vt 0.500000 0.075000 0.000000
vt 0.525000 0.075000 0.000000
vt 0.550000 0.075000 0.000000
vt 0.575000 0.075000 0.000000
vt 0.600000 0.075000 0.000000
vt 0.625000 0.075000 0.000000
vt 0.650000 0.075000 0.000000
vt 0.675000 0.075000 0.000000
vt 0.700000 0.075000 0.000000
vt 0.725000 0.075000 0.000000
vt 0.750000 0.075000 0.000000
vt 0.775000 0.075000 0.000000
vt 0.800000 0.075000 0.000000
vt 0.825000 0.075000 0.000000
vt 0.850000 0.075000 0.000000
vt 0.875000 0.075000 0.000000
vt 0.900000 0.075000 0.000000
vt 0.925000 0.075000 0.000000
vt 0.950000 0.075000 0.000000
vt 0.975000 0.075000 0.000000
vt 1.000000 0.075000 0.000000
vt 0.000000 0.100000 0.000000
vt 0.025000 0.100000 0.000000
vt 0.050000 0.100000 0.000000
vt 0.075000 0.100000 0.000000
vt 0.100000 0.100000 0.000000
vt 0.125000 0.100000 0.000000
vt 0.150000 0.100000 0.000000
vt 0.175000 0.100000 0.000000
vt 0.200000 0.100000 0.000000
vt 0.225000 0.100000 0.000000
vt 0.250000 0.100000 0.000000
vt 0.275000 0.100000 0.000000
vt 0.300000 0.100000 0.000000
vt 0.325000 0.100000 0.000000
vt 0.350000 0.100000 0.000000
vt 0.375000 0.100000 0.000000
vt 0.400000 0.100000 0.000000
vt 0.425000 0.100000 0.000000
vt 0.450000 0.100000 0.000000
vt 0.475000 0.100000 0.000000
vt 0.500000 0.100000 0.000000
vt 0.525000 0.100000 0.000000
vt 0.550000 0.100000 0.000000
vt 0.575000 0.100000 0.000000
vt 0.600000 0.100000 0.000000
vt 0.625000 0.100000 0.000000
vt 0.650000 0.100000 0.000000
vt 0.675000 0.100000 0.000000
vt 0.700000 0.100000 0.000000
vt 0.725000 0.100000 0.000000
vt 0.750000 0.100000 0.000000
vt 0.775000 0.100000 0.000000
vt 0.800000 0.100000 0.000000
vt 0.825000 0.100000 0.000000
vt 0.850000 0.100000 0.000000
vt 0.875000 0.100000 0.000000
vt 0.900000 0.100000 0.000000
vt 0.925000 0.100000 0.000000
vt 0.950000 0.100000 0.000000
vt 0.975000 0.100000 0.000000
vt 1.000000 0.100000 0.000000
vt 0.000000 0.125000 0.000000
vt 0.025000 0.125000 0.000000
vt 0.050000 0.125000 0.000000
vt 0.075000 0.125000 0.000000
vt 0.100000 0.125000 0.000000
vt 0.125000 0.125000 0.000000
vt 0.150000 0.125000 0.000000
vt 0.175000 0.125000 0.000000
vt 0.200000 0.125000 0.000000
vt 0.225000 0.125000 0.000000
vt 0.250000 0.125000 0.000000
vt 0.275000 0.125000 0.000000
vt 0.300000 0.125000 0.000000
vt 0.325000 0.125000 0.000000
vt 0.350000 0.125000 0.000000
vt 0.375000 0.125000 0.000000
vt 0.400000 0.125000 0.000000
vt 0.425000 0.125000 0.000000
vt 0.450000 0.125000 0.000000
vt 0.475000 0.125000 0.000000
vt 0.500000 0.125000 0.000000
vt 0.525000 0.125000 0.000000
vt 0.550000 0.125000 0.000000
vt 0.575000 0.125000 0.000000
vt 0.600000 0.125000 0.000000
vt 0.625000 0.125000 0.000000
vt 0.650000 0.125000 0.000000
vt 0.675000 0.125000 0.000000
vt 0.700000 0.125000 0.000000
vt 0.725000 0.125000 0.000000
vt 0.750000 0.125000 0.000000
vt 0.775000 0.125000 0.000000
vt 0.800000 0.125000 0.000000
vt 0.825000 0.125000 0.000000
vt 0.850000 0.125000 0.000000
vt 0.875000 0.125000 0.000000
vt 0.900000 0.125000 0.000000
vt 0.925000 0.125000 0.000000
vt 0.950000 0.125000 0.000000
vt 0.975000 0.125000 0.000000
vt 1.000000 0.125000 0.000000
vt 0.000000 0.150000 0.000000
vt 0.025000 0.150000 0.000000
vt 0.050000 0.150000 0.000000
vt 0.075000 0.150000 0.000000
vt 0.100000 0.150000 0.000000
vt 0.125000 0.150000 0.000000
vt 0.150000 0.150000 0.000000
vt 0.175000 0.150000 0.000000
vt 0.200000 0.150000 0.000000
vt 0.225000 0.150000 0.000000
vt 0.250000 0.150000 0.000000
vt 0.275000 0.150000 0.000000
vt 0.300000 0.150000 0.000000
vt 0.325000 0.150000 0.000000
vt 0.350000 0.150000 0.000000
vt 0.375000 0.150000 0.000000
vt 0.400000 0.150000 0.000000
vt 0.425000 0.150000 0.000000
vt 0.450000 0.150000 0.000000
vt 0.475000 0.150000 0.000000
vt 0.500000 0.150000 0.000000
vt 0.525000 0.150000 0.000000
vt 0.550000 0.150000 0.000000
vt 0.575000 0.150000 0.000000
vt 0.600000 0.150000 0.000000
vt 0.625000 0.150000 0.000000
vt 0.650000 0.150000 0.000000
vt 0.675000 0.150000 0.000000
vt 0.700000 0.150000 0.000000
vt 0.725000 0.150000 0.000000
vt 0.750000 0.150000 0.000000
vt 0.775000 0.150000 0.000000
vt 0.800000 0.150000 0.000000
vt 0.825000 0.150000 0.000000
vt 0.850000 0.150000 0.000000
vt 0.875000 0.150000 0.000000
vt 0.900000 0.150000 0.000000
vt 0.925000 0.150000 0.000000
vt 0.950000 0.150000 0.000000
vt 0.975000 0.150000 0.000000
vt 1.000000 0.150000 0.000000
vt 0.000000 0.175000 0.000000
vt 0.025000 0.175000 0.000000
vt 0.050000 0.175000 0.000000
vt 0.075000 0.175000 0.000000
vt 0.100000 0.175000 0.000000
vt 0.125000 0.175000 0.000000
vt 0.150000 0.175000 0.000000
vt 0.175000 0.175000 0.000000
vt 0.200000 0.175000 0.000000
vt 0.225000 0.175000 0.000000
vt 0.250000 0.175000 0.000000
vt 0.275000 0.175000 0.000000
vt 0.300000 0.175000 0.000000
vt 0.325000 0.175000 0.000000
vt 0.350000 0.175000 0.000000
vt 0.375000 0.175000 0.000000
vt 0.400000 0.175000 0.000000
vt 0.425000 0.175000 0.000000
vt 0.450000 0.175000 0.000000
vt 0.475000 0.175000 0.000000
vt 0.500000 0.175000 0.000000
vt 0.525000 0.175000 0.000000
vt 0.550000 0.175000 0.000000
vt 0.575000 0.175000 0.000000
vt 0.600000 0.175000 0.000000
vt 0.625000 0.175000 0.000000
vt 0.650000 0.175000 0.000000
vt 0.675000 0.175000 0.000000
vt 0.700000 0.175000 0.000000
vt 0.725000 0.175000 0.000000
vt 0.750000 0.175000 0.000000
vt 0.775000 0.175000 0.000000
vt 0.800000 0.175000 0.000000
vt 0.825000 0.175000 0.000000
vt 0.850000 0.175000 0.000000
vt 0.875000 0.175000 0.000000
vt 0.900000 0.175000 0.000000
vt 0.925000 0.175000 0.000000
vt 0.950000 0.175000 0.000000
vt 0.975000 0.175000 0.000000
vt 1.000000 0.175000 0.000000
vt 0.000000 0.200000 0.000000
vt 0.025000 0.200000 0.000000
vt 0.050000 0.200000 0.000000
vt 0.075000 0.200000 0.000000
vt 0.100000 0.200000 0.000000
vt 0.125000 0.200000 0.000000
vt 0.150000 0.200000 0.000000
vt 0.175000 0.200000 0.000000
vt 0.200000 0.200000 0.000000
vt 0.225000 0.200000 0.000000
vt 0.250000 0.200000 0.000000
vt 0.275000 0.200000 0.000000
vt 0.300000 0.200000 0.000000
vt 0.325000 0.200000 0.000000
vt 0.350000 0.200000 0.000000
vt 0.375000 0.200000 0.000000
vt 0.400000 0.200000 0.000000
vt 0.425000 0.200000 0.000000
vt 0.450000 0.200000 0.000000
vt 0.475000 0.200000 0.000000
vt 0.500000 0.200000 0.000000
vt 0.525000 0.200000 0.000000
vt 0.550000 0.200000 0.000000
vt 0.575000 0.200000 0.000000
vt 0.600000 0.200000 0.000000
vt 0.625000 0.200000 0.000000
vt 0.650000 0.200000 0.000000
vt 0.675000 0.200000 0.000000
vt 0.700000 0.200000 0.000000
vt 0.725000 0.200000 0.000000
vt 0.750000 0.200000 0.000000
vt 0.775000 0.200000 0.000000
vt 0.800000 0.200000 0.000000
vt 0.825000 0.200000 0.000000
vt 0.850000 0.200000 0.000000
vt 0.875000 0.200000 0.000000
vt 0.900000 0.200000 0.000000
vt 0.925000 0.200000 0.000000
vt 0.950000 0.200000 0.000000
vt 0.975000 0.200000 0.000000
vt 1.000000 0.200000 0.000000
vt 0.000000 0.225000 0.000000
vt 0.025000 0.225000 0.000000
vt 0.050000 0.225000 0.000000
vt 0.075000 0.225000 0.000000
vt 0.100000 0.225000 0.000000
vt 0.125000 0.225000 0.000000
vt 0.150000 0.225000 0.000000
vt 0.175000 0.225000 0.000000
vt 0.200000 0.225000 0.000000
vt 0.225000 0.225000 0.000000
vt 0.250000 0.225000 0.000000
vt 0.275000 0.225000 0.000000
vt 0.300000 0.225000 0.000000
vt 0.325000 0.225000 0.000000
vt 0.350000 0.225000 0.000000
vt 0.375000 0.225000 0.000000
vt 0.400000 0.225000 0.000000
vt 0.425000 0.225000 0.000000
vt 0.450000 0.225000 0.000000
vt 0.475000 0.225000 0.000000
vt 0.500000 0.225000 0.000000
vt 0.525000 0.225000 0.000000
vt 0.550000 0.225000 0.000000
vt 0.575000 0.225000 0.000000
vt 0.600000 0.225000 0.000000
vt 0.625000 0.225000 0.000000
vt 0.650000 0.225000 0.000000
vt 0.675000 0.225000 0.000000
vt 0.700000 0.225000 0.000000
vt 0.725000 0.225000 0.000000
vt 0.750000 0.225000 0.000000
vt 0.775000 0.225000 0.000000
vt 0.800000 0.225000 0.000000
vt 0.825000 0.225000 0.000000
vt 0.850000 0.225000 0.000000
vt 0.875000 0.225000 0.000000
vt 0.900000 0.225000 0.000000
vt 0.925000 0.225000 0.000000
vt 0.950000 0.225000 0.000000
vt 0.975000 0.225000 0.000000
vt 1.000000 0.225000 0.000000
vt 0.000000 0.250000 0.000000
vt 0.025000 0.250000 0.000000
vt 0.050000 0.250000 0.000000
vt 0.075000 0.250000 0.000000
vt 0.100000 0.250000 0.000000
vt 0.125000 0.250000 0.000000
vt 0.150000 0.250000 0.000000
vt 0.175000 0.250000 0.000000
vt 0.200000 0.250000 0.000000
vt 0.225000 0.250000 0.000000
vt 0.250000 0.250000 0.000000
vt 0.275000 0.250000 0.000000
vt 0.300000 0.250000 0.000000
vt 0.325000 0.250000 0.000000
vt 0.350000 0.250000 0.000000
vt 0.375000 0.250000 0.000000
vt 0.400000 0.250000 0.000000
vt 0.425000 0.250000 0.000000
vt 0.450000 0.250000 0.000000
vt 0.475000 0.250000 0.000000
vt 0.500000 0.250000 0.000000
vt 0.525000 0.250000 0.000000
vt 0.550000 0.250000 0.000000
vt 0.575000 0.250000 0.000000
vt 0.600000 0.250000 0.000000
vt 0.625000 0.250000 0.000000
vt 0.650000 0.250000 0.000000
vt 0.675000 0.250000 0.000000
vt 0.700000 0.250000 0.000000
vt 0.725000 0.250000 0.000000
vt 0.750000 0.250000 0.000000
vt 0.775000 0.250000 0.000000
vt 0.800000 0.250000 0.000000
vt 0.825000 0.250000 0.000000
vt 0.850000 0.250000 0.000000
vt 0.875000 0.250000 0.000000
vt 0.900000 0.250000 0.000000
vt 0.925000 0.250000 0.000000
vt 0.950000 0.250000 0.000000
vt 0.975000 0.250000 0.000000
vt 1.000000 0.250000 0.000000
vt 0.000000 0.275000 0.000000
vt 0.025000 0.275000 0.000000
vt 0.050000 0.275000 0.000000
vt 0.075000 0.275000 0.000000
vt 0.100000 0.275000 0.000000
vt 0.125000 0.275000 0.000000
vt 0.150000 0.275000 0.000000
vt 0.175000 0.275000 0.000000
vt 0.200000 0.275000 0.000000
vt 0.225000 0.275000 0.000000
vt 0.250000 0.275000 0.000000
vt 0.275000 0.275000 0.000000
vt 0.300000 0.275000 0.000000
vt 0.325000 0.275000 0.000000
vt 0.350000 0.275000 0.000000
vt 0.375000 0.275000 0.000000
vt 0.400000 0.275000 0.000000
vt 0.425000 0.275000 0.000000
vt 0.450000 0.275000 0.000000
vt 0.475000 0.275000 0.000000
vt 0.500000 0.275000 0.000000
vt 0.525000 0.275000 0.000000
vt 0.550000 0.275000 0.000000
vt 0.575000 0.275000 0.000000
vt 0.600000 0.275000 0.000000
vt 0.625000 0.275000 0.000000
vt 0.650000 0.275000 0.000000
vt 0.675000 0.275000 0.000000
vt 0.700000 0.275000 0.000000
vt 0.725000 0.275000 0.000000
vt 0.750000 0.275000 0.000000
vt 0.775000 0.275000 0.000000
vt 0.800000 0.275000 0.000000
vt 0.825000 0.275000 0.000000
vt 0.850000 0.275000 0.000000
vt 0.875000 0.275000 0.000000
vt 0.900000 0.275000 0.000000
vt 0.925000 0.275000 0.000000
vt 0.950000 0.275000 0.000000
vt 0.975000 0.275000 0.000000
vt 1.000000 0.275000 0.000000
vt 0.000000 0.300000 0.000000
vt 0.025000 0.300000 0.000000
vt 0.050000 0.300000 0.000000
vt 0.075000 0.300000 0.000000
vt 0.100000 0.300000 0.000000
vt 0.125000 0.300000 0.000000
vt 0.150000 0.300000 0.000000
vt 0.175000 0.300000 0.000000
vt 0.200000 0.300000 0.000000
vt 0.225000 0.300000 0.000000
vt 0.250000 0.300000 0.000000
vt 0.275000 0.300000 0.000000
vt 0.300000 0.300000 0.000000
vt 0.325000 0.300000 0.000000
vt 0.350000 0.300000 0.000000
vt 0.375000 0.300000 0.000000
vt 0.400000 0.300000 0.000000
vt 0.425000 0.300000 0.000000
vt 0.450000 0.300000 0.000000
vt 0.475000 0.300000 0.000000
vt 0.500000 0.300000 0.000000
vt 0.525000 0.300000 0.000000
vt 0.550000 0.300000 0.000000
vt 0.575000 0.300000 0.000000
vt 0.600000 0.300000 0.000000
vt 0.625000 0.300000 0.000000
vt 0.650000 0.300000 0.000000
vt 0.675000 0.300000 0.000000
vt 0.700000 0.300000 0.000000
vt 0.725000 0.300000 0.000000
vt 0.750000 0.300000 0.000000
vt 0.775000 0.300000 0.000000
vt 0.800000 0.300000 0.000000
vt 0.825000 0.300000 0.000000
vt 0.850000 0.300000 0.000000
vt 0.875000 0.300000 0.000000
vt 0.900000 0.300000 0.000000
vt 0.925000 0.300000 0.000000
vt 0.950000 0.300000 0.000000
vt 0.975000 0.300000 0.000000
vt 1.000000 0.300000 0.000000
vt 0.000000 0.325000 0.000000
vt 0.025000 0.325000 0.000000
vt 0.050000 0.325000 0.000000
vt 0.075000 0.325000 0.000000
vt 0.100000 0.325000 0.000000
vt 0.125000 0.325000 0.000000
vt 0.150000 0.325000 0.000000
vt 0.175000 0.325000 0.000000
vt 0.200000 0.325000 0.000000
vt 0.225000 0.325000 0.000000
vt 0.250000 0.325000 0.000000
vt 0.275000 0.325000 0.000000
vt 0.300000 0.325000 0.000000
vt 0.325000 0.325000 0.000000
vt 0.350000 0.325000 0.000000
vt 0.375000 0.325000 0.000000
vt 0.400000 0.325000 0.000000
vt 0.425000 0.325000 0.000000
vt 0.450000 0.325000 0.000000
vt 0.475000 0.325000 0.000000
vt 0.500000 0.325000 0.000000
vt 0.525000 0.325000 0.000000
vt 0.550000 0.325000 0.000000
vt 0.575000 0.325000 0.000000
vt 0.600000 0.325000 0.000000
vt 0.625000 0.325000 0.000000
vt 0.650000 0.325000 0.000000
vt 0.675000 0.325000 0.000000
vt 0.700000 0.325000 0.000000
vt 0.725000 0.325000 0.000000
vt 0.750000 0.325000 0.000000
vt 0.775000 0.325000 0.000000
vt 0.800000 0.325000 0.000000
vt 0.825000 0.325000 0.000000
vt 0.850000 0.325000 0.000000
vt 0.875000 0.325000 0.000000
vt 0.900000 0.325000 0.000000
vt 0.925000 0.325000 0.000000
vt 0.950000 0.325000 0.000000
vt 0.975000 0.325000 0.000000
vt 1.000000 0.325000 0.000000
vt 0.000000 0.350000 0.000000
vt 0.025000 0.350000 0.000000
vt 0.050000 0.350000 0.000000
vt 0.075000 0.350000 0.000000
vt 0.100000 0.350000 0.000000
vt 0.125000 0.350000 0.000000
vt 0.150000 0.350000 0.000000
vt 0.175000 0.350000 0.000000
vt 0.200000 0.350000 0.000000
vt 0.225000 0.350000 0.000000
vt 0.250000 0.350000 0.000000
vt 0.275000 0.350000 0.000000
vt 0.300000 0.350000 0.000000
vt 0.325000 0.350000 0.000000
vt 0.350000 0.350000 0.000000
vt 0.375000 0.350000 0.000000
vt 0.400000 0.350000 0.000000
vt 0.425000 0.350000 0.000000
vt 0.450000 0.350000 0.000000
vt 0.475000 0.350000 0.000000
vt 0.500000 0.350000 0.000000
vt 0.525000 0.350000 0.000000
vt 0.550000 0.350000 0.000000
vt 0.575000 0.350000 0.000000
vt 0.600000 0.350000 0.000000
vt 0.625000 0.350000 0.000000
vt 0.650000 0.350000 0.000000
vt 0.675000 0.350000 0.000000
vt 0.700000 0.350000 0.000000
vt 0.725000 0.350000 0.000000
vt 0.750000 0.350000 0.000000
vt 0.775000 0.350000 0.000000
vt 0.800000 0.350000 0.000000
vt 0.825000 0.350000 0.000000
vt 0.850000 0.350000 0.000000
vt 0.875000 0.350000 0.000000
vt 0.900000 0.350000 0.000000
vt 0.925000 0.350000 0.000000
vt 0.950000 0.350000 0.000000
vt 0.975000 0.350000 0.000000
vt 1.000000 0.350000 0.000000
vt 0.000000 0.375000 0.000000
vt 0.025000 0.375000 0.000000
vt 0.050000 0.375000 0.000000
vt 0.075000 0.375000 0.000000
vt 0.100000 0.375000 0.000000
vt 0.125000 0.375000 0.000000
vt 0.150000 0.375000 0.000000
vt 0.175000 0.375000 0.000000
vt 0.200000 0.375000 0.000000
vt 0.225000 0.375000 0.000000
vt 0.250000 0.375000 0.000000
vt 0.275000 0.375000 0.000000
vt 0.300000 0.375000 0.000000
vt 0.325000 0.375000 0.000000
vt 0.350000 0.375000 0.000000
vt 0.375000 0.375000 0.000000
vt 0.400000 0.375000 0.000000
vt 0.425000 0.375000 0.000000
vt 0.450000 0.375000 0.000000
vt 0.475000 0.375000 0.000000
vt 0.500000 0.375000 0.000000
vt 0.525000 0.375000 0.000000
vt 0.550000 0.375000 0.000000
vt 0.575000 0.375000 0.000000
vt 0.600000 0.375000 0.000000
vt 0.625000 0.375000 0.000000
vt 0.650000 0.375000 0.000000
vt 0.675000 0.375000 0.000000
vt 0.700000 0.375000 0.000000
vt 0.725000 0.375000 0.000000
vt 0.750000 0.375000 0.000000
vt 0.775000 0.375000 0.000000
vt 0.800000 0.375000 0.000000
vt 0.825000 0.375000 0.000000
vt 0.850000 0.375000 0.000000
vt 0.875000 0.375000 0.000000
vt 0.900000 0.375000 0.000000
vt 0.925000 0.375000 0.000000
vt 0.950000 0.375000 0.000000
vt 0.975000 0.375000 0.000000
vt 1.000000 0.375000 0.000000
vt 0.000000 0.400000 0.000000
vt 0.025000 0.400000 0.000000
vt 0.050000 0.400000 0.000000
vt 0.075000 0.400000 0.000000
vt 0.100000 0.400000 0.000000
vt 0.125000 0.400000 0.000000
vt 0.150000 0.400000 0.000000
vt 0.175000 0.400000 0.000000
vt 0.200000 0.400000 0.000000
vt 0.225000 0.400000 0.000000
vt 0.250000 0.400000 0.000000
vt 0.275000 0.400000 0.000000
vt 0.300000 0.400000 0.000000
vt 0.325000 0.400000 0.000000
vt 0.350000 0.400000 0.000000
vt 0.375000 0.400000 0.000000
vt 0.400000 0.400000 0.000000
vt 0.425000 0.400000 0.000000
vt 0.450000 0.400000 0.000000
vt 0.475000 0.400000 0.000000
vt 0.500000 0.400000 0.000000
vt 0.525000 0.400000 0.000000
vt 0.550000 0.400000 0.000000
vt 0.575000 0.400000 0.000000
vt 0.600000 0.400000 0.000000
vt 0.625000 0.400000 0.000000
vt 0.650000 0.400000 0.000000
vt 0.675000 0.400000 0.000000
vt 0.700000 0.400000 0.000000
vt 0.725000 0.400000 0.000000
vt 0.750000 0.400000 0.000000
vt 0.775000 0.400000 0.000000
vt 0.800000 0.400000 0.000000
vt 0.825000 0.400000 0.000000
vt 0.850000 0.400000 0.000000
vt 0.875000 0.400000 0.000000
vt 0.900000 0.400000 0.000000
vt 0.925000 0.400000 0.000000
vt 0.950000 0.400000 0.000000
vt 0.975000 0.400000 0.000000
vt 1.000000 0.400000 0.000000
vt 0.000000 0.425000 0.000000
vt 0.025000 0.425000 0.000000
vt 0.050000 0.425000 0.000000
vt 0.075000 0.425000 0.000000
vt 0.100000 0.425000 0.000000
vt 0.125000 0.425000 0.000000
vt 0.150000 0.425000 0.000000
vt 0.175000 0.425000 0.000000
vt 0.200000 0.425000 0.000000
vt 0.225000 0.425000 0.000000
vt 0.250000 0.425000 0.000000
vt 0.275000 0.425000 0.000000
vt 0.300000 0.425000 0.000000
vt 0.325000 0.425000 0.000000
vt 0.350000 0.425000 0.000000
vt 0.375000 0.425000 0.000000
vt 0.400000 0.425000 0.000000
vt 0.425000 0.425000 0.000000
vt 0.450000 0.425000 0.000000
vt 0.475000 0.425000 0.000000
vt 0.500000 0.425000 0.000000
vt 0.525000 0.425000 0.000000
vt 0.550000 0.425000 0.000000
vt 0.575000 0.425000 0.000000
vt 0.600000 0.425000 0.000000
vt 0.625000 0.425000 0.000000
vt 0.650000 0.425000 0.000000
vt 0.675000 0.425000 0.000000
vt 0.700000 0.425000 0.000000
vt 0.725000 0.425000 0.000000
vt 0.750000 0.425000 0.000000
vt 0.775000 0.425000 0.000000
vt 0.800000 0.425000 0.000000
vt 0.825000 0.425000 0.000000
vt 0.850000 0.425000 0.000000
vt 0.875000 0.425000 0.000000
vt 0.900000 0.425000 0.000000
vt 0.925000 0.425000 0.000000
vt 0.950000 0.425000 0.000000
vt 0.975000 0.425000 0.000000
vt 1.000000 0.425000 0.000000
vt 0.000000 0.450000 0.000000
vt 0.025000 0.450000 0.000000
vt 0.050000 0.450000 0.000000
vt 0.075000 0.450000 0.000000
vt 0.100000 0.450000 0.000000
vt 0.125000 0.450000 0.000000
vt 0.150000 0.450000 0.000000
vt 0.175000 0.450000 0.000000
vt 0.200000 0.450000 0.000000
vt 0.225000 0.450000 0.000000
vt 0.250000 0.450000 0.000000
vt 0.275000 0.450000 0.000000
vt 0.300000 0.450000 0.000000
vt 0.325000 0.450000 0.000000
vt 0.350000 0.450000 0.000000
vt 0.375000 0.450000 0.000000
vt 0.400000 0.450000 0.000000
vt 0.425000 0.450000 0.000000
vt 0.450000 0.450000 0.000000
vt 0.475000 0.450000 0.000000
vt 0.500000 0.450000 0.000000
vt 0.525000 0.450000 0.000000
vt 0.550000 0.450000 0.000000
vt 0.575000 0.450000 0.000000
vt 0.600000 0.450000 0.000000
vt 0.625000 0.450000 0.000000
vt 0.650000 0.450000 0.000000
vt 0.675000 0.450000 0.000000
vt 0.700000 0.450000 0.000000
vt 0.725000 0.450000 0.000000
vt 0.750000 0.450000 0.000000
vt 0.775000 0.450000 0.000000
vt 0.800000 0.450000 0.000000
vt 0.825000 0.450000 0.000000
vt 0.850000 0.450000 0.000000
vt 0.875000 0.450000 0.000000
vt 0.900000 0.450000 0.000000
vt 0.925000 0.450000 0.000000
vt 0.950000 0.450000 0.000000
vt 0.975000 0.450000 0.000000
vt 1.000000 0.450000 0.000000
vt 0.000000 0.475000 0.000000
vt 0.025000 0.475000 0.000000
vt 0.050000 0.475000 0.000000
vt 0.075000 0.475000 0.000000
vt 0.100000 0.475000 0.000000
vt 0.125000 0.475000 0.000000
vt 0.150000 0.475000 0.000000
vt 0.175000 0.475000 0.000000
vt 0.200000 0.475000 0.000000
vt 0.225000 0.475000 0.000000
vt 0.250000 0.475000 0.000000
vt 0.275000 0.475000 0.000000
vt 0.300000 0.475000 0.000000
vt 0.325000 0.475000 0.000000
vt 0.350000 0.475000 0.000000
vt 0.375000 0.475000 0.000000
vt 0.400000 0.475000 0.000000
vt 0.425000 0.475000 0.000000
vt 0.450000 0.475000 0.000000
vt 0.475000 0.475000 0.000000
vt 0.500000 0.475000 0.000000
vt 0.525000 0.475000 0.000000
vt 0.550000 0.475000 0.000000
vt 0.575000 0.475000 0.000000
vt 0.600000 0.475000 0.000000
vt 0.625000 0.475000 0.000000
vt 0.650000 0.475000 0.000000
vt 0.675000 0.475000 0.000000
vt 0.700000 0.475000 0.000000
vt 0.725000 0.475000 0.000000
vt 0.750000 0.475000 0.000000
vt 0.775000 0.475000 0.000000
vt 0.800000 0.475000 0.000000
vt 0.825000 0.475000 0.000000
vt 0.850000 0.475000 0.000000
vt 0.875000 0.475000 0.000000
vt 0.900000 0.475000 0.000000
vt 0.925000 0.475000 0.000000
vt 0.950000 0.475000 0.000000
vt 0.975000 0.475000 0.000000
vt 1.000000 0.475000 0.000000
vt 0.000000 0.500000 0.000000
vt 0.025000 0.500000 0.000000
vt 0.050000 0.500000 0.000000
vt 0.075000 0.500000 0.000000
vt 0.100000 0.500000 0.000000
vt 0.125000 0.500000 0.000000
vt 0.150000 0.500000 0.000000
vt 0.175000 0.500000 0.000000
vt 0.200000 0.500000 0.000000
vt 0.225000 0.500000 0.000000
vt 0.250000 0.500000 0.000000
vt 0.275000 0.500000 0.000000
vt 0.300000 0.500000 0.000000
vt 0.325000 0.500000 0.000000
vt 0.350000 0.500000 0.000000
vt 0.375000 0.500000 0.000000
vt 0.400000 0.500000 0.000000
vt 0.425000 0.500000 0.000000
vt 0.450000 0.500000 0.000000
vt 0.475000 0.500000 0.000000
vt 0.500000 0.500000 0.000000
vt 0.525000 0.500000 0.000000
vt 0.550000 0.500000 0.000000
vt 0.575000 0.500000 0.000000
vt 0.600000 0.500000 0.000000
vt 0.625000 0.500000 0.000000
vt 0.650000 0.500000 0.000000
vt 0.675000 0.500000 0.000000
vt 0.700000 0.500000 0.000000
vt 0.725000 0.500000 0.000000
vt 0.750000 0.500000 0.000000
vt 0.775000 0.500000 0.000000
vt 0.800000 0.500000 0.000000
vt 0.825000 0.500000 0.000000
vt 0.850000 0.500000 0.000000
vt 0.875000 0.500000 0.000000
vt 0.900000 0.500000 0.000000
vt 0.925000 0.500000 0.000000
vt 0.950000 0.500000 0.000000
vt 0.975000 0.500000 0.000000
vt 1.000000 0.500000 0.000000
vt 0.000000 0.525000 0.000000
vt 0.025000 0.525000 0.000000
vt 0.050000 0.525000 0.000000
vt 0.075000 0.525000 0.000000
vt 0.100000 0.525000 0.000000
vt 0.125000 0.525000 0.000000
vt 0.150000 0.525000 0.000000
vt 0.175000 0.525000 0.000000
vt 0.200000 0.525000 0.000000
vt 0.225000 0.525000 0.000000
vt 0.250000 0.525000 0.000000
vt 0.275000 0.525000 0.000000
vt 0.300000 0.525000 0.000000
vt 0.325000 0.525000 0.000000
vt 0.350000 0.525000 0.000000
vt 0.375000 0.525000 0.000000
vt 0.400000 0.525000 0.000000
vt 0.425000 0.525000 0.000000
vt 0.450000 0.525000 0.000000
vt 0.475000 0.525000 0.000000
vt 0.500000 0.525000 0.000000
vt 0.525000 0.525000 0.000000
vt 0.550000 0.525000 0.000000
vt 0.575000 0.525000 0.000000
vt 0.600000 0.525000 0.000000
vt 0.625000 0.525000 0.000000
vt 0.650000 0.525000 0.000000
vt 0.675000 0.525000 0.000000
vt 0.700000 0.525000 0.000000
vt 0.725000 0.525000 0.000000
vt 0.750000 0.525000 0.000000
vt 0.775000 0.525000 0.000000
vt 0.800000 0.525000 0.000000
vt 0.825000 0.525000 0.000000
vt 0.850000 0.525000 0.000000
vt 0.875000 0.525000 0.000000
vt 0.900000 0.525000 0.000000
vt 0.925000 0.525000 0.000000
vt 0.950000 0.525000 0.000000
vt 0.975000 0.525000 0.000000
vt 1.000000 0.525000 0.000000
vt 0.000000 0.550000 0.000000
vt 0.025000 0.550000 0.000000
vt 0.050000 0.550000 0.000000
vt 0.075000 0.550000 0.000000
vt 0.100000 0.550000 0.000000
vt 0.125000 0.550000 0.000000
vt 0.150000 0.550000 0.000000
vt 0.175000 0.550000 0.000000
vt 0.200000 0.550000 0.000000
vt 0.225000 0.550000 0.000000
vt 0.250000 0.550000 0.000000
vt 0.275000 0.550000 0.000000
vt 0.300000 0.550000 0.000000
vt 0.325000 0.550000 0.000000
vt 0.350000 0.550000 0.000000
vt 0.375000 0.550000 0.000000
vt 0.400000 0.550000 0.000000
vt 0.425000 0.550000 0.000000
vt 0.450000 0.550000 0.000000
vt 0.475000 0.550000 0.000000
vt 0.500000 0.550000 0.000000
vt 0.525000 0.550000 0.000000
vt 0.550000 0.550000 0.000000
vt 0.575000 0.550000 0.000000
vt 0.600000 0.550000 0.000000
vt 0.625000 0.550000 0.000000
vt 0.650000 0.550000 0.000000
vt 0.675000 0.550000 0.000000
vt 0.700000 0.550000 0.000000
vt 0.725000 0.550000 0.000000
vt 0.750000 0.550000 0.000000
vt 0.775000 0.550000 0.000000
vt 0.800000 0.550000 0.000000
vt 0.825000 0.550000 0.000000
vt 0.850000 0.550000 0.000000
vt 0.875000 0.550000 0.000000
vt 0.900000 0.550000 0.000000
vt 0.925000 0.550000 0.000000
vt 0.950000 0.550000 0.000000
vt 0.975000 0.550000 0.000000
vt 1.000000 0.550000 0.000000
vt 0.000000 0.575000 0.000000
vt 0.025000 0.575000 0.000000
vt 0.050000 0.575000 0.000000
vt 0.075000 0.575000 0.000000
vt 0.100000 0.575000 0.000000
vt 0.125000 0.575000 0.000000
vt 0.150000 0.575000 0.000000
vt 0.175000 0.575000 0.000000
vt 0.200000 0.575000 0.000000
vt 0.225000 0.575000 0.000000
vt 0.250000 0.575000 0.000000
vt 0.275000 0.575000 0.000000
vt 0.300000 0.575000 0.000000
vt 0.325000 0.575000 0.000000
vt 0.350000 0.575000 0.000000
vt 0.375000 0.575000 0.000000
vt 0.400000 0.575000 0.000000
vt 0.425000 0.575000 0.000000
vt 0.450000 0.575000 0.000000
vt 0.475000 0.575000 0.000000
vt 0.500000 0.575000 0.000000
vt 0.525000 0.575000 0.000000
vt 0.550000 0.575000 0.000000
vt 0.575000 0.575000 0.000000
vt 0.600000 0.575000 0.000000
vt 0.625000 0.575000 0.000000
vt 0.650000 0.575000 0.000000
vt 0.675000 0.575000 0.000000
vt 0.700000 0.575000 0.000000
vt 0.725000 0.575000 0.000000
vt 0.750000 0.575000 0.000000
vt 0.775000 0.575000 0.000000
vt 0.800000 0.575000 0.000000
vt 0.825000 0.575000 0.000000
vt 0.850000 0.575000 0.000000
vt 0.875000 0.575000 0.000000
vt 0.900000 0.575000 0.000000
vt 0.925000 0.575000 0.000000
vt 0.950000 0.575000 0.000000
vt 0.975000 0.575000 0.000000
vt 1.000000 0.575000 0.000000
vt 0.000000 0.600000 0.000000
vt 0.025000 0.600000 0.000000
vt 0.050000 0.600000 0.000000
vt 0.075000 0.600000 0.000000
vt 0.100000 0.600000 0.000000
vt 0.125000 0.600000 0.000000
vt 0.150000 0.600000 0.000000
vt 0.175000 0.600000 0.000000
vt 0.200000 0.600000 0.000000
vt 0.225000 0.600000 0.000000
vt 0.250000 0.600000 0.000000
vt 0.275000 0.600000 0.000000
vt 0.300000 0.600000 0.000000
vt 0.325000 0.600000 0.000000
vt 0.350000 0.600000 0.000000
vt 0.375000 0.600000 0.000000
vt 0.400000 0.600000 0.000000
vt 0.425000 0.600000 0.000000
vt 0.450000 0.600000 0.000000
vt 0.475000 0.600000 0.000000
vt 0.500000 0.600000 0.000000
vt 0.525000 0.600000 0.000000
vt 0.550000 0.600000 0.000000
vt 0.575000 0.600000 0.000000
vt 0.600000 0.600000 0.000000
vt 0.625000 0.600000 0.000000
vt 0.650000 0.600000 0.000000
vt 0.675000 0.600000 0.000000
vt 0.700000 0.600000 0.000000
vt 0.725000 0.600000 0.000000
vt 0.750000 0.600000 0.000000
vt 0.775000 0.600000 0.000000
vt 0.800000 0.600000 0.000000
vt 0.825000 0.600000 0.000000
vt 0.850000 0.600000 0.000000
vt 0.875000 0.600000 0.000000
vt 0.900000 0.600000 0.000000
vt 0.925000 0.600000 0.000000
vt 0.950000 0.600000 0.000000
vt 0.975000 0.600000 0.000000
vt 1.000000 0.600000 0.000000
vt 0.000000 0.625000 0.000000
vt 0.025000 0.625000 0.000000
vt 0.050000 0.625000 0.000000
vt 0.075000 0.625000 0.000000
vt 0.100000 0.625000 0.000000
vt 0.125000 0.625000 0.000000
vt 0.150000 0.625000 0.000000
vt 0.175000 0.625000 0.000000
vt 0.200000 0.625000 0.000000
vt 0.225000 0.625000 0.000000
vt 0.250000 0.625000 0.000000
vt 0.275000 0.625000 0.000000
vt 0.300000 0.625000 0.000000
vt 0.325000 0.625000 0.000000
vt 0.350000 0.625000 0.000000
vt 0.375000 0.625000 0.000000
vt 0.400000 0.625000 0.000000
vt 0.425000 0.625000 0.000000
vt 0.450000 0.625000 0.000000
vt 0.475000 0.625000 0.000000
vt 0.500000 0.625000 0.000000
vt 0.525000 0.625000 0.000000
vt 0.550000 0.625000 0.000000
vt 0.575000 0.625000 0.000000
vt 0.600000 0.625000 0.000000
vt 0.625000 0.625000 0.000000
vt 0.650000 0.625000 0.000000
vt 0.675000 0.625000 0.000000
vt 0.700000 0.625000 0.000000
vt 0.725000 0.625000 0.000000
vt 0.750000 0.625000 0.000000
vt 0.775000 0.625000 0.000000
vt 0.800000 0.625000 0.000000
vt 0.825000 0.625000 0.000000
vt 0.850000 0.625000 0.000000
vt 0.875000 0.625000 0.000000
vt 0.900000 0.625000 0.000000
vt 0.925000 0.625000 0.000000
vt 0.950000 0.625000 0.000000
vt 0.975000 0.625000 0.000000
vt 1.000000 0.625000 0.000000
vt 0.000000 0.650000 0.000000
vt 0.025000 0.650000 0.000000
vt 0.050000 0.650000 0.000000
vt 0.075000 0.650000 0.000000
vt 0.100000 0.650000 0.000000
vt 0.125000 0.650000 0.000000
vt 0.150000 0.650000 0.000000
vt 0.175000 0.650000 0.000000
vt 0.200000 0.650000 0.000000
vt 0.225000 0.650000 0.000000
vt 0.250000 0.650000 0.000000
vt 0.275000 0.650000 0.000000
vt 0.300000 0.650000 0.000000
vt 0.325000 0.650000 0.000000
vt 0.350000 0.650000 0.000000
vt 0.375000 0.650000 0.000000
vt 0.400000 0.650000 0.000000
vt 0.425000 0.650000 0.000000
vt 0.450000 0.650000 0.000000
vt 0.475000 0.650000 0.000000
vt 0.500000 0.650000 0.000000
vt 0.525000 0.650000 0.000000
vt 0.550000 0.650000 0.000000
vt 0.575000 0.650000 0.000000
vt 0.600000 0.650000 0.000000
vt 0.625000 0.650000 0.000000
vt 0.650000 0.650000 0.000000
vt 0.675000 0.650000 0.000000
vt 0.700000 0.650000 0.000000
vt 0.725000 0.650000 0.000000
vt 0.750000 0.650000 0.000000
vt 0.775000 0.650000 0.000000
vt 0.800000 0.650000 0.000000
vt 0.825000 0.650000 0.000000
vt 0.850000 0.650000 0.000000
vt 0.875000 0.650000 0.000000
vt 0.900000 0.650000 0.000000
vt 0.925000 0.650000 0.000000
vt 0.950000 0.650000 0.000000
vt 0.975000 0.650000 0.000000
vt 1.000000 0.650000 0.000000
vt 0.000000 0.675000 0.000000
vt 0.025000 0.675000 0.000000
vt 0.050000 0.675000 0.000000
vt 0.075000 0.675000 0.000000
vt 0.100000 0.675000 0.000000
vt 0.125000 0.675000 0.000000
vt 0.150000 0.675000 0.000000
vt 0.175000 0.675000 0.000000
vt 0.200000 0.675000 0.000000
vt 0.225000 0.675000 0.000000
vt 0.250000 0.675000 0.000000
vt 0.275000 0.675000 0.000000
vt 0.300000 0.675000 0.000000
vt 0.325000 0.675000 0.000000
vt 0.350000 0.675000 0.000000
vt 0.375000 0.675000 0.000000
vt 0.400000 0.675000 0.000000
vt 0.425000 0.675000 0.000000
vt 0.450000 0.675000 0.000000
vt 0.475000 0.675000 0.000000
vt 0.500000 0.675000 0.000000
vt 0.525000 0.675000 0.000000
vt 0.550000 0.675000 0.000000
vt 0.575000 0.675000 0.000000
vt 0.600000 0.675000 0.000000
vt 0.625000 0.675000 0.000000
vt 0.650000 0.675000 0.000000
vt 0.675000 0.675000 0.000000
vt 0.700000 0.675000 0.000000
vt 0.725000 0.675000 0.000000
vt 0.750000 0.675000 0.000000
vt 0.775000 0.675000 0.000000
vt 0.800000 0.675000 0.000000
vt 0.825000 0.675000 0.000000
vt 0.850000 0.675000 0.000000
vt 0.875000 0.675000 0.000000
vt 0.900000 0.675000 0.000000
vt 0.925000 0.675000 0.000000
vt 0.950000 0.675000 0.000000
vt 0.975000 0.675000 0.000000
vt 1.000000 0.675000 0.000000
vt 0.000000 0.700000 0.000000
vt 0.025000 0.700000 0.000000
vt 0.050000 0.700000 0.000000
vt 0.075000 0.700000 0.000000
vt 0.100000 0.700000 0.000000
vt 0.125000 0.700000 0.000000
vt 0.150000 0.700000 0.000000
vt 0.175000 0.700000 0.000000
vt 0.200000 0.700000 0.000000
vt 0.225000 0.700000 0.000000
vt 0.250000 0.700000 0.000000
vt 0.275000 0.700000 0.000000
vt 0.300000 0.700000 0.000000
vt 0.325000 0.700000 0.000000
vt 0.350000 0.700000 0.000000
vt 0.375000 0.700000 0.000000
vt 0.400000 0.700000 0.000000
vt 0.425000 0.700000 0.000000
vt 0.450000 0.700000 0.000000
vt 0.475000 0.700000 0.000000
vt 0.500000 0.700000 0.000000
vt 0.525000 0.700000 0.000000
vt 0.550000 0.700000 0.000000
vt 0.575000 0.700000 0.000000
vt 0.600000 0.700000 0.000000
vt 0.625000 0.700000 0.000000
vt 0.650000 0.700000 0.000000
vt 0.675000 0.700000 0.000000
vt 0.700000 0.700000 0.000000
vt 0.725000 0.700000 0.000000
vt 0.750000 0.700000 0.000000
vt 0.775000 0.700000 0.000000
vt 0.800000 0.700000 0.000000
vt 0.825000 0.700000 0.000000
vt 0.850000 0.700000 0.000000
vt 0.875000 0.700000 0.000000
vt 0.900000 0.700000 0.000000
vt 0.925000 0.700000 0.000000
vt 0.950000 0.700000 0.000000
vt 0.975000 0.700000 0.000000
vt 1.000000 0.700000 0.000000
vt 0.000000 0.725000 0.000000
vt 0.025000 0.725000 0.000000
vt 0.050000 0.725000 0.000000
vt 0.075000 0.725000 0.000000
vt 0.100000 0.725000 0.000000
vt 0.125000 0.725000 0.000000
vt 0.150000 0.725000 0.000000
vt 0.175000 0.725000 0.000000
vt 0.200000 0.725000 0.000000
vt 0.225000 0.725000 0.000000
vt 0.250000 0.725000 0.000000
vt 0.275000 0.725000 0.000000
vt 0.300000 0.725000 0.000000
vt 0.325000 0.725000 0.000000
vt 0.350000 0.725000 0.000000
vt 0.375000 0.725000 0.000000
vt 0.400000 0.725000 0.000000
vt 0.425000 0.725000 0.000000
vt 0.450000 0.725000 0.000000
vt 0.475000 0.725000 0.000000
vt 0.500000 0.725000 0.000000
vt 0.525000 0.725000 0.000000
vt 0.550000 0.725000 0.000000
vt 0.575000 0.725000 0.000000
vt 0.600000 0.725000 0.000000
vt 0.625000 0.725000 0.000000
vt 0.650000 0.725000 0.000000
vt 0.675000 0.725000 0.000000
vt 0.700000 0.725000 0.000000
vt 0.725000 0.725000 0.000000
vt 0.750000 0.725000 0.000000
vt 0.775000 0.725000 0.000000
vt 0.800000 0.725000 0.000000
vt 0.825000 0.725000 0.000000
vt 0.850000 0.725000 0.000000
vt 0.875000 0.725000 0.000000
vt 0.900000 0.725000 0.000000
vt 0.925000 0.725000 0.000000
vt 0.950000 0.725000 0.000000
vt 0.975000 0.725000 0.000000
vt 1.000000 0.725000 0.000000
vt 0.000000 0.750000 0.000000
vt 0.025000 0.750000 0.000000
vt 0.050000 0.750000 0.000000
vt 0.075000 0.750000 0.000000
vt 0.100000 0.750000 0.000000
vt 0.125000 0.750000 0.000000
vt 0.150000 0.750000 0.000000
vt 0.175000 0.750000 0.000000
vt 0.200000 0.750000 0.000000
vt 0.225000 0.750000 0.000000
vt 0.250000 0.750000 0.000000
vt 0.275000 0.750000 0.000000
vt 0.300000 0.750000 0.000000
vt 0.325000 0.750000 0.000000
vt 0.350000 0.750000 0.000000
vt 0.375000 0.750000 0.000000
vt 0.400000 0.750000 0.000000
vt 0.425000 0.750000 0.000000
vt 0.450000 0.750000 0.000000
vt 0.475000 0.750000 0.000000
vt 0.500000 0.750000 0.000000
vt 0.525000 0.750000 0.000000
vt 0.550000 0.750000 0.000000
vt 0.575000 0.750000 0.000000
vt 0.600000 0.750000 0.000000
vt 0.625000 0.750000 0.000000
vt 0.650000 0.750000 0.000000
vt 0.675000 0.750000 0.000000
vt 0.700000 0.750000 0.000000
vt 0.725000 0.750000 0.000000
vt 0.750000 0.750000 0.000000
vt 0.775000 0.750000 0.000000
vt 0.800000 0.750000 0.000000
vt 0.825000 0.750000 0.000000
vt 0.850000 0.750000 0.000000
vt 0.875000 0.750000 0.000000
vt 0.900000 0.750000 0.000000
vt 0.925000 0.750000 0.000000
vt 0.950000 0.750000 0.000000
vt 0.975000 0.750000 0.000000
vt 1.000000 0.750000 0.000000
vt 0.000000 0.775000 0.000000
vt 0.025000 0.775000 0.000000
vt 0.050000 0.775000 0.000000
vt 0.075000 0.775000 0.000000
vt 0.100000 0.775000 0.000000
vt 0.125000 0.775000 0.000000
vt 0.150000 0.775000 0.000000
vt 0.175000 0.775000 0.000000
vt 0.200000 0.775000 0.000000
vt 0.225000 0.775000 0.000000
vt 0.250000 0.775000 0.000000
vt 0.275000 0.775000 0.000000
vt 0.300000 0.775000 0.000000
vt 0.325000 0.775000 0.000000
vt 0.350000 0.775000 0.000000
vt 0.375000 0.775000 0.000000
vt 0.400000 0.775000 0.000000
vt 0.425000 0.775000 0.000000
vt 0.450000 0.775000 0.000000
vt 0.475000 0.775000 0.000000
vt 0.500000 0.775000 0.000000
vt 0.525000 0.775000 0.000000
vt 0.550000 0.775000 0.000000
vt 0.575000 0.775000 0.000000
vt 0.600000 0.775000 0.000000
vt 0.625000 0.775000 0.000000
vt 0.650000 0.775000 0.000000
vt 0.675000 0.775000 0.000000
vt 0.700000 0.775000 0.000000
vt 0.725000 0.775000 0.000000
vt 0.750000 0.775000 0.000000
vt 0.775000 0.775000 0.000000
vt 0.800000 0.775000 0.000000
vt 0.825000 0.775000 0.000000
vt 0.850000 0.775000 0.000000
vt 0.875000 0.775000 0.000000
vt 0.900000 0.775000 0.000000
vt 0.925000 0.775000 0.000000
vt 0.950000 0.775000 0.000000
vt 0.975000 0.775000 0.000000
vt 1.000000 0.775000 0.000000
vt 0.000000 0.800000 0.000000
vt 0.025000 0.800000 0.000000
vt 0.050000 0.800000 0.000000
vt 0.075000 0.800000 0.000000
vt 0.100000 0.800000 0.000000
vt 0.125000 0.800000 0.000000
vt 0.150000 0.800000 0.000000
vt 0.175000 0.800000 0.000000
vt 0.200000 0.800000 0.000000
vt 0.225000 0.800000 0.000000
vt 0.250000 0.800000 0.000000
vt 0.275000 0.800000 0.000000
vt 0.300000 0.800000 0.000000
vt 0.325000 0.800000 0.000000
vt 0.350000 0.800000 0.000000
vt 0.375000 0.800000 0.000000
vt 0.400000 0.800000 0.000000
vt 0.425000 0.800000 0.000000
vt 0.450000 0.800000 0.000000
vt 0.475000 0.800000 0.000000
vt 0.500000 0.800000 0.000000
vt 0.525000 0.800000 0.000000
vt 0.550000 0.800000 0.000000
vt 0.575000 0.800000 0.000000
vt 0.600000 0.800000 0.000000
vt 0.625000 0.800000 0.000000
vt 0.650000 0.800000 0.000000
vt 0.675000 0.800000 0.000000
vt 0.700000 0.800000 0.000000
vt 0.725000 0.800000 0.000000
vt 0.750000 0.800000 0.000000
vt 0.775000 0.800000 0.000000
vt 0.800000 0.800000 0.000000
vt 0.825000 0.800000 0.000000
vt 0.850000 0.800000 0.000000
vt 0.875000 0.800000 0.000000
vt 0.900000 0.800000 0.000000
vt 0.925000 0.800000 0.000000
vt 0.950000 0.800000 0.000000
vt 0.975000 0.800000 0.000000
vt 1.000000 0.800000 0.000000
vt 0.000000 0.825000 0.000000
vt 0.025000 0.825000 0.000000
vt 0.050000 0.825000 0.000000
vt 0.075000 0.825000 0.000000
vt 0.100000 0.825000 0.000000
vt 0.125000 0.825000 0.000000
vt 0.150000 0.825000 0.000000
vt 0.175000 0.825000 0.000000
vt 0.200000 0.825000 0.000000
vt 0.225000 0.825000 0.000000
vt 0.250000 0.825000 0.000000
vt 0.275000 0.825000 0.000000
vt 0.300000 0.825000 0.000000
vt 0.325000 0.825000 0.000000
vt 0.350000 0.825000 0.000000
vt 0.375000 0.825000 0.000000
vt 0.400000 0.825000 0.000000
vt 0.425000 0.825000 0.000000
vt 0.450000 0.825000 0.000000
vt 0.475000 0.825000 0.000000
vt 0.500000 0.825000 0.000000
vt 0.525000 0.825000 0.000000
vt 0.550000 0.825000 0.000000
vt 0.575000 0.825000 0.000000
vt 0.600000 0.825000 0.000000
vt 0.625000 0.825000 0.000000
vt 0.650000 0.825000 0.000000
vt 0.675000 0.825000 0.000000
vt 0.700000 0.825000 0.000000
vt 0.725000 0.825000 0.000000
vt 0.750000 0.825000 0.000000
vt 0.775000 0.825000 0.000000
vt 0.800000 0.825000 0.000000
vt 0.825000 0.825000 0.000000
vt 0.850000 0.825000 0.000000
vt 0.875000 0.825000 0.000000
vt 0.900000 0.825000 0.000000
vt 0.925000 0.825000 0.000000
vt 0.950000 0.825000 0.000000
vt 0.975000 0.825000 0.000000
vt 1.000000 0.825000 0.000000
vt 0.000000 0.850000 0.000000
vt 0.025000 0.850000 0.000000
vt 0.050000 0.850000 0.000000
vt 0.075000 0.850000 0.000000
vt 0.100000 0.850000 0.000000
vt 0.125000 0.850000 0.000000
vt 0.150000 0.850000 0.000000
vt 0.175000 0.850000 0.000000
vt 0.200000 0.850000 0.000000
vt 0.225000 0.850000 0.000000
vt 0.250000 0.850000 0.000000
vt 0.275000 0.850000 0.000000
vt 0.300000 0.850000 0.000000
vt 0.325000 0.850000 0.000000
vt 0.350000 0.850000 0.000000
vt 0.375000 0.850000 0.000000
vt 0.400000 0.850000 0.000000
vt 0.425000 0.850000 0.000000
vt 0.450000 0.850000 0.000000
vt 0.475000 0.850000 0.000000
vt 0.500000 0.850000 0.000000
vt 0.525000 0.850000 0.000000
vt 0.550000 0.850000 0.000000
vt 0.575000 0.850000 0.000000
vt 0.600000 0.850000 0.000000
vt 0.625000 0.850000 0.000000
vt 0.650000 0.850000 0.000000
vt 0.675000 0.850000 0.000000
vt 0.700000 0.850000 0.000000
vt 0.725000 0.850000 0.000000
vt 0.750000 0.850000 0.000000
vt 0.775000 0.850000 0.000000
vt 0.800000 0.850000 0.000000
vt 0.825000 0.850000 0.000000
vt 0.850000 0.850000 0.000000
vt 0.875000 0.850000 0.000000
vt 0.900000 0.850000 0.000000
vt 0.925000 0.850000 0.000000
vt 0.950000 0.850000 0.000000
vt 0.975000 0.850000 0.000000
vt 1.000000 0.850000 0.000000
vt 0.000000 0.875000 0.000000
vt 0.025000 0.875000 0.000000
vt 0.050000 0.875000 0.000000
vt 0.075000 0.875000 0.000000
vt 0.100000 0.875000 0.000000
vt 0.125000 0.875000 0.000000
vt 0.150000 0.875000 0.000000
vt 0.175000 0.875000 0.000000
vt 0.200000 0.875000 0.000000
vt 0.225000 0.875000 0.000000
vt 0.250000 0.875000 0.000000
vt 0.275000 0.875000 0.000000
vt 0.300000 0.875000 0.000000
vt 0.325000 0.875000 0.000000
vt 0.350000 0.875000 0.000000
vt 0.375000 0.875000 0.000000
vt 0.400000 0.875000 0.000000
vt 0.425000 0.875000 0.000000
vt 0.450000 0.875000 0.000000
vt 0.475000 0.875000 0.000000
vt 0.500000 0.875000 0.000000
vt 0.525000 0.875000 0.000000
vt 0.550000 0.875000 0.000000
vt 0.575000 0.875000 0.000000
vt 0.600000 0.875000 0.000000
vt 0.625000 0.875000 0.000000
vt 0.650000 0.875000 0.000000
vt 0.675000 0.875000 0.000000
vt 0.700000 0.875000 0.000000
vt 0.725000 0.875000 0.000000
vt 0.750000 0.875000 0.000000
vt 0.775000 0.875000 0.000000
vt 0.800000 0.875000 0.000000
vt 0.825000 0.875000 0.000000
vt 0.850000 0.875000 0.000000
vt 0.875000 0.875000 0.000000
vt 0.900000 0.875000 0.000000
vt 0.925000 0.875000 0.000000
vt 0.950000 0.875000 0.000000
vt 0.975000 0.875000 0.000000
vt 1.000000 0.875000 0.000000
vt 0.000000 0.900000 0.000000
vt 0.025000 0.900000 0.000000
vt 0.050000 0.900000 0.000000
vt 0.075000 0.900000 0.000000
vt 0.100000 0.900000 0.000000
vt 0.125000 0.900000 0.000000
vt 0.150000 0.900000 0.000000
vt 0.175000 0.900000 0.000000
vt 0.200000 0.900000 0.000000
vt 0.225000 0.900000 0.000000
vt 0.250000 0.900000 0.000000
vt 0.275000 0.900000 0.000000
vt 0.300000 0.900000 0.000000
vt 0.325000 0.900000 0.000000
vt 0.350000 0.900000 0.000000
vt 0.375000 0.900000 0.000000
vt 0.400000 0.900000 0.000000
vt 0.425000 0.900000 0.000000
vt 0.450000 0.900000 0.000000
vt 0.475000 0.900000 0.000000
vt 0.500000 0.900000 0.000000
vt 0.525000 0.900000 0.000000
vt 0.550000 0.900000 0.000000
vt 0.575000 0.900000 0.000000
vt 0.600000 0.900000 0.000000
vt 0.625000 0.900000 0.000000
vt 0.650000 0.900000 0.000000
vt 0.675000 0.900000 0.000000
vt 0.700000 0.900000 0.000000
vt 0.725000 0.900000 0.000000
vt 0.750000 0.900000 0.000000
vt 0.775000 0.900000 0.000000
vt 0.800000 0.900000 0.000000
vt 0.825000 0.900000 0.000000
vt 0.850000 0.900000 0.000000
vt 0.875000 0.900000 0.000000
vt 0.900000 0.900000 0.000000
vt 0.925000 0.900000 0.000000
vt 0.950000 0.900000 0.000000
vt 0.975000 0.900000 0.000000
vt 1.000000 0.900000 0.000000
vt 0.000000 0.925000 0.000000
vt 0.025000 0.925000 0.000000
vt 0.050000 0.925000 0.000000
vt 0.075000 0.925000 0.000000
vt 0.100000 0.925000 0.000000
vt 0.125000 0.925000 0.000000
vt 0.150000 0.925000 0.000000
vt 0.175000 0.925000 0.000000
vt 0.200000 0.925000 0.000000
vt 0.225000 0.925000 0.000000
vt 0.250000 0.925000 0.000000
vt 0.275000 0.925000 0.000000
vt 0.300000 0.925000 0.000000
vt 0.325000 0.925000 0.000000
vt 0.350000 0.925000 0.000000
vt 0.375000 0.925000 0.000000
vt 0.400000 0.925000 0.000000
vt 0.425000 0.925000 0.000000
vt 0.450000 0.925000 0.000000
vt 0.475000 0.925000 0.000000
vt 0.500000 0.925000 0.000000
vt 0.525000 0.925000 0.000000
vt 0.550000 0.925000 0.000000
vt 0.575000 0.925000 0.000000
vt 0.600000 0.925000 0.000000
vt 0.625000 0.925000 0.000000
vt 0.650000 0.925000 0.000000
vt 0.675000 0.925000 0.000000
vt 0.700000 0.925000 0.000000
vt 0.725000 0.925000 0.000000
vt 0.750000 0.925000 0.000000
vt 0.775000 0.925000 0.000000
vt 0.800000 0.925000 0.000000
vt 0.825000 0.925000 0.000000
vt 0.850000 0.925000 0.000000
vt 0.875000 0.925000 0.000000
vt 0.900000 0.925000 0.000000
vt 0.925000 0.925000 0.000000
vt 0.950000 0.925000 0.000000
vt 0.975000 0.925000 0.000000
vt 1.000000 0.925000 0.000000
vt 0.000000 0.950000 0.000000
vt 0.025000 0.950000 0.000000
vt 0.050000 0.950000 0.000000
vt 0.075000 0.950000 0.000000
vt 0.100000 0.950000 0.000000
vt 0.125000 0.950000 0.000000
vt 0.150000 0.950000 0.000000
vt 0.175000 0.950000 0.000000
vt 0.200000 0.950000 0.000000
vt 0.225000 0.950000 0.000000
vt 0.250000 0.950000 0.000000
vt 0.275000 0.950000 0.000000
vt 0.300000 0.950000 0.000000
vt 0.325000 0.950000 0.000000
vt 0.350000 0.950000 0.000000
vt 0.375000 0.950000 0.000000
vt 0.400000 0.950000 0.000000
vt 0.425000 0.950000 0.000000
vt 0.450000 0.950000 0.000000
vt 0.475000 0.950000 0.000000
vt 0.500000 0.950000 0.000000
vt 0.525000 0.950000 0.000000
vt 0.550000 0.950000 0.000000
vt 0.575000 0.950000 0.000000
vt 0.600000 0.950000 0.000000
vt 0.625000 0.950000 0.000000
vt 0.650000 0.950000 0.000000
vt 0.675000 0.950000 0.000000
vt 0.700000 0.950000 0.000000
vt 0.725000 0.950000 0.000000
vt 0.750000 0.950000 0.000000
vt 0.775000 0.950000 0.000000
vt 0.800000 0.950000 0.000000
vt 0.825000 0.950000 0.000000
vt 0.850000 0.950000 0.000000
vt 0.875000 0.950000 0.000000
vt 0.900000 0.950000 0.000000
vt 0.925000 0.950000 0.000000
vt 0.950000 0.950000 0.000000
vt 0.975000 0.950000 0.000000
vt 1.000000 0.950000 0.000000
vt 0.000000 0.975000 0.000000
vt 0.025000 0.975000 0.000000
vt 0.050000 0.975000 0.000000
vt 0.075000 0.975000 0.000000
vt 0.100000 0.975000 0.000000
vt 0.125000 0.975000 0.000000
vt 0.150000 0.975000 0.000000
vt 0.175000 0.975000 0.000000
vt 0.200000 0.975000 0.000000
vt 0.225000 0.975000 0.000000
vt 0.250000 0.975000 0.000000
vt 0.275000 0.975000 0.000000
vt 0.300000 0.975000 0.000000
vt 0.325000 0.975000 0.000000
vt 0.350000 0.975000 0.000000
vt 0.375000 0.975000 0.000000
vt 0.400000 0.975000 0.000000
vt 0.425000 0.975000 0.000000
vt 0.450000 0.975000 0.000000
vt 0.475000 0.975000 0.000000
vt 0.500000 0.975000 0.000000
vt 0.525000 0.975000 0.000000
vt 0.550000 0.975000 0.000000
vt 0.575000 0.975000 0.000000
vt 0.600000 0.975000 0.000000
vt 0.625000 0.975000 0.000000
vt 0.650000 0.975000 0.000000
vt 0.675000 0.975000 0.000000
vt 0.700000 0.975000 0.000000
vt 0.725000 0.975000 0.000000
vt 0.750000 0.975000 0.000000
vt 0.775000 0.975000 0.000000
vt 0.800000 0.975000 0.000000
vt 0.825000 0.975000 0.000000
vt 0.850000 0.975000 0.000000
vt 0.875000 0.975000 0.000000
vt 0.900000 0.975000 0.000000
vt 0.925000 0.975000 0.000000
vt 0.950000 0.975000 0.000000
vt 0.975000 0.975000 0.000000
vt 1.000000 0.975000 0.000000
vt 0.000000 1.000000 0.000000
vt 0.025000 1.000000 0.000000
vt 0.050000 1.000000 0.000000
vt 0.075000 1.000000 0.000000
vt 0.100000 1.000000 0.000000
vt 0.125000 1.000000 0.000000
vt 0.150000 1.000000 0.000000
vt 0.175000 1.000000 0.000000
vt 0.200000 1.000000 0.000000
vt 0.225000 1.000000 0.000000
vt 0.250000 1.000000 0.000000
vt 0.275000 1.000000 0.000000
vt 0.300000 1.000000 0.000000
vt 0.325000 1.000000 0.000000
vt 0.350000 1.000000 0.000000
vt 0.375000 1.000000 0.000000
vt 0.400000 1.000000 0.000000
vt 0.425000 1.000000 0.000000
vt 0.450000 1.000000 0.000000
vt 0.475000 1.000000 0.000000
vt 0.500000 1.000000 0.000000
vt 0.525000 1.000000 0.000000
vt 0.550000 1.000000 0.000000
vt 0.575000 1.000000 0.000000
vt 0.600000 1.000000 0.000000
vt 0.625000 1.000000 0.000000
vt 0.650000 1.000000 0.000000
vt 0.675000 1.000000 0.000000
vt 0.700000 1.000000 0.000000
vt 0.725000 1.000000 0.000000
vt 0.750000 1.000000 0.000000
vt 0.775000 1.000000 0.000000
vt 0.800000 1.000000 0.000000
vt 0.825000 1.000000 0.000000
vt 0.850000 1.000000 0.000000
vt 0.875000 1.000000 0.000000
vt 0.900000 1.000000 0.000000
vt 0.925000 1.000000 0.000000
vt 0.950000 1.000000 0.000000
vt 0.975000 1.000000 0.000000
vt 1.000000 1.000000 0.000000
# 1681 texture coordinates

o Cube
usemtl default
f 42/4/1 43/3/1 2/2/1 1/1/1
f 83/6/1 84/5/1 43/3/1 42/4/1
f 124/8/1 125/7/1 84/5/1 83/6/1
f 165/10/1 166/9/1 125/7/1 124/8/1
f 206/12/1 207/11/1 166/9/1 165/10/1
f 247/14/1 248/13/1 207/11/1 206/12/1
f 288/16/1 289/15/1 248/13/1 247/14/1
f 329/18/1 330/17/1 289/15/1 288/16/1
f 370/20/1 371/19/1 330/17/1 329/18/1
f 411/22/1 412/21/1 371/19/1 370/20/1
f 452/24/1 453/23/1 412/21/1 411/22/1
f 493/26/1 494/25/1 453/23/1 452/24/1
f 534/28/1 535/27/1 494/25/1 493/26/1
f 575/30/1 576/29/1 535/27/1 534/28/1
f 616/32/1 617/31/1 576/29/1 575/30/1
f 657/34/1 658/33/1 617/31/1 616/32/1
f 698/36/1 699/35/1 658/33/1 657/34/1
f 739/38/1 740/37/1 699/35/1 698/36/1
f 780/40/1 781/39/1 740/37/1 739/38/1
f 821/42/1 822/41/1 781/39/1 780/40/1
f 862/44/1 863/43/1 822/41/1 821/42/1
f 903/46/1 904/45/1 863/43/1 862/44/1
f 944/48/1 945/47/1 904/45/1 903/46/1
f 985/50/1 986/49/1 945/47/1 944/48/1
f 1026/52/1 1027/51/1 986/49/1 985/50/1
f 1067/54/1 1068/53/1 1027/51/1 1026/52/1
f 1108/56/1 1109/55/1 1068/53/1 1067/54/1
f 1149/58/1 1150/57/1 1109/55/1 1108/56/1
f 1190/60/1 1191/59/1 1150/57/1 1149/58/1
f 1231/62/1 1232/61/1 1191/59/1 1190/60/1
f 1272/64/1 1273/63/1 1232/61/1 1231/62/1
f 1313/66/1 1314/65/1 1273/63/1 1272/64/1
f 1354/68/1 1355/67/1 1314/65/1 1313/66/1
f 1395/70/1 1396/69/1 1355/67/1 1354/68/1
f 1436/72/1 1437/71/1 1396/69/1 1395/70/1
f 1477/74/1 1478/73/1 1437/71/1 1436/72/1
f 1518/76/1 1519/75/1 1478/73/1 1477/74/1
f 1559/78/1 1560/77/1 1519/75/1 1518/76/1
f 1600/80/1 1601/79/1 1560/77/1 1559/78/1
f 1641/82/1 1642/81/1 1601/79/1 1600/80/1
f 43/3/1 44/84/1 3/83/1 2/2/1
f 84/5/1 85/85/1 44/84/1 43/3/1
f 125/7/1 126/86/1 85/85/1 84/5/1
f 166/9/1 167/87/1 126/86/1 125/7/1
f 207/11/1 208/88/1 167/87/1 166/9/1
f 248/13/1 249/89/1 208/88/1 207/11/1
f 289/15/1 290/90/1 249/89/1 248/13/1
f 330/17/1 331/91/1 290/90/1 289/15/1
f 371/19/1 372/92/1 331/91/1 330/17/1
f 412/21/1 413/93/1 372/92/1 371/19/1
f 453/23/1 454/94/1 413/93/1 412/21/1
f 494/25/1 495/95/1 454/94/1 453/23/1
f 535/27/1 536/96/1 495/95/1 494/25/1
f 576/29/1 577/97/1 536/96/1 535/27/1
f 617/31/1 618/98/1 577/97/1 576/29/1
f 658/33/1 659/99/1 618/98/1 617/31/1
f 699/35/1 700/100/1 659/99/1 658/33/1
f 740/37/1 741/101/1 700/100/1 699/35/1
f 781/39/1 782/102/1 741/101/1 740/37/1
f 822/41/1 823/103/1 782/102/1 781/39/1
f 863/43/1 864/104/1 823/103/1 822/41/1
f 904/45/1 905/105/1 864/104/1 863/43/1
f 945/47/1 946/106/1 905/105/1 904/45/1
f 986/49/1 987/107/1 946/106/1 945/47/1
f 1027/51/1 1028/108/1 987/107/1 986/49/1
f 1068/53/1 1069/109/1 1028/108/1 1027/51/1
f 1109/55/1 1110/110/1 1069/109/1 1068/53/1
f 1150/57/1 1151/111/1 1110/110/1 1109/55/1
f 1191/59/1 1192/112/1 1151/111/1 1150/57/1
f 1232/61/1 1233/113/1 1192/112/1 1191/59/1
f 1273/63/1 1274/114/1 1233/113/1 1232/61/1
f 1314/65/1 1315/115/1 1274/114/1 1273/63/1
f 1355/67/1 1356/116/1 1315/115/1 1314/65/1
f 1396/69/1 1397/117/1 1356/116/1 1355/67/1
f 1437/71/1 1438/118/1 1397/117/1 1396/69/1
f 1478/73/1 1479/119/1 1438/118/1 1437/71/1
f 1519/75/1 1520/120/1 1479/119/1 1478/73/1
f 1560/77/1 1561/121/1 1520/120/1 1519/75/1
f 1601/79/1 1602/122/1 1561/121/1 1560/77/1
f 1642/81/1 1643/123/1 1602/122/1 1601/79/1
f 44/84/1 45/125/1 4/124/1 3/83/1
f 85/85/1 86/126/1 45/125/1 44/84/1
f 126/86/1 127/127/1 86/126/1 85/85/1
f 167/87/1 168/128/1 127/127/1 126/86/1
f 208/88/1 209/129/1 168/128/1 167/87/1
f 249/89/1 250/130/1 209/129/1 208/88/1
f 290/90/1 291/131/1 250/130/1 249/89/1
f 331/91/1 332/132/1 291/131/1 290/90/1
f 372/92/1 373/133/1 332/132/1 331/91/1
f 413/93/1 414/134/1 373/133/1 372/92/1
f 454/94/1 455/135/1 414/134/1 413/93/1
f 495/95/1 496/136/1 455/135/1 454/94/1
f 536/96/1 537/137/1 496/136/1 495/95/1
f 577/97/1 578/138/1 537/137/1 536/96/1
f 618/98/1 619/139/1 578/138/1 577/97/1
f 659/99/1 660/140/1 619/139/1 618/98/1
f 700/100/1 701/141/1 660/140/1 659/99/1
f 741/101/1 742/142/1 701/141/1 700/100/1
f 782/102/1 783/143/1 742/142/1 741/101/1
f 823/103/1 824/144/1 783/143/1 782/102/1
f 864/104/1 865/145/1 824/144/1 823/103/1
f 905/105/1 906/146/1 865/145/1 864/104/1
f 946/106/1 947/147/1 906/146/1 905/105/1
f 987/107/1 988/148/1 947/147/1 946/106/1
f 1028/108/1 1029/149/1 988/148/1 987/107/1
f 1069/109/1 1070/150/1 1029/149/1 1028/108/1
f 1110/110/1 1111/151/1 1070/150/1 1069/109/1
f 1151/111/1 1152/152/1 1111/151/1 1110/110/1
f 1192/112/1 1193/153/1 1152/152/1 1151/111/1
f 1233/113/1 1234/154/1 1193/153/1 1192/112/1
f 1274/114/1 1275/155/1 1234/154/1 1233/113/1
f 1315/115/1 1316/156/1 1275/155/1 1274/114/1
f 1356/116/1 1357/157/1 1316/156/1 1315/115/1
f 1397/117/1 1398/158/1 1357/157/1 1356/116/1
f 1438/118/1 1439/159/1 1398/158/1 1397/117/1
f 1479/119/1 1480/160/1 1439/159/1 1438/118/1
f 1520/120/1 1521/161/1 1480/160/1 1479/119/1
f 1561/121/1 1562/162/1 1521/161/1 1520/120/1
f 1602/122/1 1603/163/1 1562/162/1 1561/121/1
f 1643/123/1 1644/164/1 1603/163/1 1602/122/1
f 45/125/1 46/166/1 5/165/1 4/124/1
f 86/126/1 87/167/1 46/166/1 45/125/1
f 127/127/1 128/168/1 87/167/1 86/126/1
f 168/128/1 169/169/1 128/168/1 127/127/1
f 209/129/1 210/170/1 169/169/1 168/128/1
f 250/130/1 251/171/1 210/170/1 209/129/1
f 291/131/1 292/172/1 251/171/1 250/130/1
f 332/132/1 333/173/1 292/172/1 291/131/1
f 373/133/1 374/174/1 333/173/1 332/132/1
f 414/134/1 415/175/1 374/174/1 373/133/1
f 455/135/1 456/176/1 415/175/1 414/134/1
f 496/136/1 497/177/1 456/176/1 455/135/1
f 537/137/1 538/178/1 497/177/1 496/136/1
f 578/138/1 579/179/1 538/178/1 537/137/1
f 619/139/1 620/180/1 579/179/1 578/138/1
f 660/140/1 661/181/1 620/180/1 619/139/1
f 701/141/1 702/182/1 661/181/1 660/140/1
f 742/142/1 743/183/1 702/182/1 701/141/1
f 783/143/1 784/184/1 743/183/1 742/142/1
f 824/144/1 825/185/1 784/184/1 783/143/1
f 865/145/1 866/186/1 825/185/1 824/144/1
f 906/146/1 907/187/1 866/186/1 865/145/1
f 947/147/1 948/188/1 907/187/1 906/146/1
f 988/148/1 989/189/1 948/188/1 947/147/1
f 1029/149/1 1030/190/1 989/189/1 988/148/1
f 1070/150/1 1071/191/1 1030/190/1 1029/149/1
f 1111/151/1 1112/192/1 1071/191/1 1070/150/1
f 1152/152/1 1153/193/1 1112/192/1 1111/151/1
f 1193/153/1 1194/194/1 1153/193/1 1152/152/1
f 1234/154/1 1235/195/1 1194/194/1 1193/153/1
f 1275/155/1 1276/196/1 1235/195/1 1234/154/1
f 1316/156/1 1317/197/1 1276/196/1 1275/155/1
f 1357/157/1 1358/198/1 1317/197/1 1316/156/1
f 1398/158/1 1399/199/1 1358/198/1 1357/157/1
f 1439/159/1 1440/200/1 1399/199/1 1398/158/1
f 1480/160/1 1481/201/1 1440/200/1 1439/159/1
f 1521/161/1 1522/202/1 1481/201/1 1480/160/1
f 1562/162/1 1563/203/1 1522/202/1 1521/161/1
f 1603/163/1 1604/204/1 1563/203/1 1562/162/1
f 1644/164/1 1645/205/1 1604/204/1 1603/163/1
f 46/166/1 47/207/1 6/206/1 5/165/1
f 87/167/1 88/208/1 47/207/1 46/166/1
f 128/168/1 129/209/1 88/208/1 87/167/1
f 169/169/1 170/210/1 129/209/1 128/168/1
f 210/170/1 211/211/1 170/210/1 169/169/1
f 251/171/1 252/212/1 211/211/1 210/170/1
f 292/172/1 293/213/1 252/212/1 251/171/1
f 333/173/1 334/214/1 293/213/1 292/172/1
f 374/174/1 375/215/1 334/214/1 333/173/1
f 415/175/1 416/216/1 375/215/1 374/174/1
f 456/176/1 457/217/1 416/216/1 415/175/1
f 497/177/1 498/218/1 457/217/1 456/176/1
f 538/178/1 539/219/1 498/218/1 497/177/1
f 579/179/1 580/220/1 539/219/1 538/178/1
f 620/180/1 621/221/1 580/220/1 579/179/1
f 661/181/1 662/222/1 621/221/1 620/180/1
f 702/182/1 703/223/1 662/222/1 661/181/1
f 743/183/1 744/224/1 703/223/1 702/182/1
f 784/184/1 785/225/1 744/224/1 743/183/1
f 825/185/1 826/226/1 785/225/1 784/184/1
f 866/186/1 867/227/1 826/226/1 825/185/1
f 907/187/1 908/228/1 867/227/1 866/186/1
f 948/188/1 949/229/1 908/228/1 907/187/1
f 989/189/1 990/230/1 949/229/1 948/188/1
f 1030/190/1 1031/231/1 990/230/1 989/189/1
f 1071/191/1 1072/232/1 1031/231/1 1030/190/1
f 1112/192/1 1113/233/1 1072/232/1 1071/191/1
f 1153/193/1 1154/234/1 1113/233/1 1112/192/1
f 1194/194/1 1195/235/1 1154/234/1 1153/193/1
f 1235/195/1 1236/236/1 1195/235/1 1194/194/1
f 1276/196/1 1277/237/1 1236/236/1 1235/195/1
f 1317/197/1 1318/238/1 1277/237/1 1276/196/1
f 1358/198/1 1359/239/1 1318/238/1 1317/197/1
f 1399/199/1 1400/240/1 1359/239/1 1358/198/1
f 1440/200/1 1441/241/1 1400/240/1 1399/199/1
f 1481/201/1 1482/242/1 1441/241/1 1440/200/1
f 1522/202/1 1523/243/1 1482/242/1 1481/201/1
f 1563/203/1 1564/244/1 1523/243/1 1522/202/1
f 1604/204/1 1605/245/1 1564/244/1 1563/203/1
f 1645/205/1 1646/246/1 1605/245/1 1604/204/1
f 47/207/1 48/248/1 7/247/1 6/206/1
f 88/208/1 89/249/1 48/248/1 47/207/1
f 129/209/1 130/250/1 89/249/1 88/208/1
f 170/210/1 171/251/1 130/250/1 129/209/1
f 211/211/1 212/252/1 171/251/1 170/210/1
f 252/212/1 253/253/1 212/252/1 211/211/1
f 293/213/1 294/254/1 253/253/1 252/212/1
f 334/214/1 335/255/1 294/254/1 293/213/1
f 375/215/1 376/256/1 335/255/1 334/214/1
f 416/216/1 417/257/1 376/256/1 375/215/1
f 457/217/1 458/258/1 417/257/1 416/216/1
f 498/218/1 499/259/1 458/258/1 457/217/1
f 539/219/1 540/260/1 499/259/1 498/218/1
f 580/220/1 581/261/1 540/260/1 539/219/1
f 621/221/1 622/262/1 581/261/1 580/220/1
f 662/222/1 663/263/1 622/262/1 621/221/1
f 703/223/1 704/264/1 663/263/1 662/222/1
f 744/224/1 745/265/1 704/264/1 703/223/1
f 785/225/1 786/266/1 745/265/1 744/224/1
f 826/226/1 827/267/1 786/266/1 785/225/1
f 867/227/1 868/268/1 827/267/1 826/226/1
f 908/228/1 909/269/1 868/268/1 867/227/1
f 949/229/1 950/270/1 909/269/1 908/228/1
f 990/230/1 991/271/1 950/270/1 949/229/1
f 1031/231/1 1032/272/1 991/271/1 990/230/1
f 1072/232/1 1073/273/1 1032/272/1 1031/231/1
f 1113/233/1 1114/274/1 1073/273/1 1072/232/1
f 1154/234/1 1155/275/1 1114/274/1 1113/233/1
f 1195/235/1 1196/276/1 1155/275/1 1154/234/1
f 1236/236/1 1237/277/1 1196/276/1 1195/235/1
f 1277/237/1 1278/278/1 1237/277/1 1236/236/1
f 1318/238/1 1319/279/1 1278/278/1 1277/237/1
f 1359/239/1 1360/280/1 1319/279/1 1318/238/1
f 1400/240/1 1401/281/1 1360/280/1 1359/239/1
f 1441/241/1 1442/282/1 1401/281/1 1400/240/1
f 1482/242/1 1483/283/1 1442/282/1 1441/241/1
f 1523/243/1 1524/284/1 1483/283/1 1482/242/1
f 1564/244/1 1565/285/1 1524/284/1 1523/243/1
f 1605/245/1 1606/286/1 1565/285/1 1564/244/1
f 1646/246/1 1647/287/1 1606/286/1 1605/245/1
f 48/248/1 49/289/1 8/288/1 7/247/1
f 89/249/1 90/290/1 49/289/1 48/248/1
f 130/250/1 131/291/1 90/290/1 89/249/1
f 171/251/1 172/292/1 131/291/1 130/250/1
f 212/252/1 213/293/1 172/292/1 171/251/1
f 253/253/1 254/294/1 213/293/1 212/252/1
f 294/254/1 295/295/1 254/294/1 253/253/1
f 335/255/1 336/296/1 295/295/1 294/254/1
f 376/256/1 377/297/1 336/296/1 335/255/1
f 417/257/1 418/298/1 377/297/1 376/256/1
f 458/258/1 459/299/1 418/298/1 417/257/1
f 499/259/1 500/300/1 459/299/1 458/258/1
f 540/260/1 541/301/1 500/300/1 499/259/1
f 581/261/1 582/302/1 541/301/1 540/260/1
f 622/262/1 623/303/1 582/302/1 581/261/1
f 663/263/1 664/304/1 623/303/1 622/262/1
f 704/264/1 705/305/1 664/304/1 663/263/1
f 745/265/1 746/306/1 705/305/1 704/264/1
f 786/266/1 787/307/1 746/306/1 745/265/1
f 827/267/1 828/308/1 787/307/1 786/266/1
f 868/268/1 869/309/1 828/308/1 827/267/1
f 909/269/1 910/310/1 869/309/1 868/268/1
f 950/270/1 951/311/1 910/310/1 909/269/1
f 991/271/1 992/312/1 951/311/1 950/270/1
f 1032/272/1 1033/313/1 992/312/1 991/271/1
f 1073/273/1 1074/314/1 1033/313/1 1032/272/1
f 1114/274/1 1115/315/1 1074/314/1 1073/273/1
f 1155/275/1 1156/316/1 1115/315/1 1114/274/1
f 1196/276/1 1197/317/1 1156/316/1 1155/275/1
f 1237/277/1 1238/318/1 1197/317/1 1196/276/1
f 1278/278/1 1279/319/1 1238/318/1 1237/277/1
f 1319/279/1 1320/320/1 1279/319/1 1278/278/1
f 1360/280/1 1361/321/1 1320/320/1 1319/279/1
f 1401/281/1 1402/322/1 1361/321/1 1360/280/1
f 1442/282/1 1443/323/1 1402/322/1 1401/281/1
f 1483/283/1 1484/324/1 1443/323/1 1442/282/1
f 1524/284/1 1525/325/1 1484/324/1 1483/283/1
f 1565/285/1 1566/326/1 1525/325/1 1524/284/1
f 1606/286/1 1607/327/1 1566/326/1 1565/285/1
f 1647/287/1 1648/328/1 1607/327/1 1606/286/1
f 49/289/1 50/330/1 9/329/1 8/288/1
f 90/290/1 91/331/1 50/330/1 49/289/1
f 131/291/1 132/332/1 91/331/1 90/290/1
f 172/292/1 173/333/1 132/332/1 131/291/1
f 213/293/1 214/334/1 173/333/1 172/292/1
f 254/294/1 255/335/1 214/334/1 213/293/1
f 295/295/1 296/336/1 255/335/1 254/294/1
f 336/296/1 337/337/1 296/336/1 295/295/1
f 377/297/1 378/338/1 337/337/1 336/296/1
f 418/298/1 419/339/1 378/338/1 377/297/1
f 459/299/1 460/340/1 419/339/1 418/298/1
f 500/300/1 501/341/1 460/340/1 459/299/1
f 541/301/1 542/342/1 501/341/1 500/300/1
f 582/302/1 583/343/1 542/342/1 541/301/1
f 623/303/1 624/344/1 583/343/1 582/302/1
f 664/304/1 665/345/1 624/344/1 623/303/1
f 705/305/1 706/346/1 665/345/1 664/304/1
f 746/306/1 747/347/1 706/346/1 705/305/1
f 787/307/1 788/348/1 747/347/1 746/306/1
f 828/308/1 829/349/1 788/348/1 787/307/1
f 869/309/1 870/350/1 829/349/1 828/308/1
f 910/310/1 911/351/1 870/350/1 869/309/1
f 951/311/1 952/352/1 911/351/1 910/310/1
f 992/312/1 993/353/1 952/352/1 951/311/1
f 1033/313/1 1034/354/1 993/353/1 992/312/1
f 1074/314/1 1075/355/1 1034/354/1 1033/313/1
f 1115/315/1 1116/356/1 1075/355/1 1074/314/1
f 1156/316/1 1157/357/1 1116/356/1 1115/315/1
f 1197/317/1 1198/358/1 1157/357/1 1156/316/1
f 1238/318/1 1239/359/1 1198/358/1 1197/317/1
f 1279/319/1 1280/360/1 1239/359/1 1238/318/1
f 1320/320/1 1321/361/1 1280/360/1 1279/319/1
f 1361/321/1 1362/362/1 1321/361/1 1320/320/1
f 1402/322/1 1403/363/1 1362/362/1 1361/321/1
f 1443/323/1 1444/364/1 1403/363/1 1402/322/1
f 1484/324/1 1485/365/1 1444/364/1 1443/323/1
f 1525/325/1 1526/366/1 1485/365/1 1484/324/1
f 1566/326/1 1567/367/1 1526/366/1 1525/325/1
f 1607/327/1 1608/368/1 1567/367/1 1566/326/1
f 1648/328/1 1649/369/1 1608/368/1 1607/327/1
f 50/330/1 51/371/1 10/370/1 9/329/1
f 91/331/1 92/372/1 51/371/1 50/330/1
f 132/332/1 133/373/1 92/372/1 91/331/1
f 173/333/1 174/374/1 133/373/1 132/332/1
f 214/334/1 215/375/1 174/374/1 173/333/1
f 255/335/1 256/376/1 215/375/1 214/334/1
f 296/336/1 297/377/1 256/376/1 255/335/1
f 337/337/1 338/378/1 297/377/1 296/336/1
f 378/338/1 379/379/1 338/378/1 337/337/1
f 419/339/1 420/380/1 379/379/1 378/338/1
f 460/340/1 461/381/1 420/380/1 419/339/1
f 501/341/1 502/382/1 461/381/1 460/340/1
f 542/342/1 543/383/1 502/382/1 501/341/1
f 583/343/1 584/384/1 543/383/1 542/342/1
f 624/344/1 625/385/1 584/384/1 583/343/1
f 665/345/1 666/386/1 625/385/1 624/344/1
f 706/346/1 707/387/1 666/386/1 665/345/1
f 747/347/1 748/388/1 707/387/1 706/346/1
f 788/348/1 789/389/1 748/388/1 747/347/1
f 829/349/1 830/390/1 789/389/1 788/348/1
f 870/350/1 871/391/1 830/390/1 829/349/1
f 911/351/1 912/392/1 871/391/1 870/350/1
f 952/352/1 953/393/1 912/392/1 911/351/1
f 993/353/1 994/394/1 953/393/1 952/352/1
f 1034/354/1 1035/395/1 994/394/1 993/353/1
f 1075/355/1 1076/396/1 1035/395/1 1034/354/1
f 1116/356/1 1117/397/1 1076/396/1 1075/355/1
f 1157/357/1 1158/398/1 1117/397/1 1116/356/1
f 1198/358/1 1199/399/1 1158/398/1 1157/357/1
f 1239/359/1 1240/400/1 1199/399/1 1198/358/1
f 1280/360/1 1281/401/1 1240/400/1 1239/359/1
f 1321/361/1 1322/402/1 1281/401/1 1280/360/1
f 1362/362/1 1363/403/1 1322/402/1 1321/361/1
f 1403/363/1 1404/404/1 1363/403/1 1362/362/1
f 1444/364/1 1445/405/1 1404/404/1 1403/363/1
f 1485/365/1 1486/406/1 1445/405/1 1444/364/1
f 1526/366/1 1527/407/1 1486/406/1 1485/365/1
f 1567/367/1 1568/408/1 1527/407/1 1526/366/1
f 1608/368/1 1609/409/1 1568/408/1 1567/367/1
f 1649/369/1 1650/410/1 1609/409/1 1608/368/1
f 51/371/1 52/412/1 11/411/1 10/370/1
f 92/372/1 93/413/1 52/412/1 51/371/1
f 133/373/1 134/414/1 93/413/1 92/372/1
f 174/374/1 175/415/1 134/414/1 133/373/1
f 215/375/1 216/416/1 175/415/1 174/374/1
f 256/376/1 257/417/1 216/416/1 215/375/1
f 297/377/1 298/418/1 257/417/1 256/376/1
f 338/378/1 339/419/1 298/418/1 297/377/1
f 379/379/1 380/420/1 339/419/1 338/378/1
f 420/380/1 421/421/1 380/420/1 379/379/1
f 461/381/1 462/422/1 421/421/1 420/380/1
f 502/382/1 503/423/1 462/422/1 461/381/1
f 543/383/1 544/424/1 503/423/1 502/382/1
f 584/384/1 585/425/1 544/424/1 543/383/1
f 625/385/1 626/426/1 585/425/1 584/384/1
f 666/386/1 667/427/1 626/426/1 625/385/1
f 707/387/1 708/428/1 667/427/1 666/386/1
f 748/388/1 749/429/1 708/428/1 707/387/1
f 789/389/1 790/430/1 749/429/1 748/388/1
f 830/390/1 831/431/1 790/430/1 789/389/1
f 871/391/1 872/432/1 831/431/1 830/390/1
f 912/392/1 913/433/1 872/432/1 871/391/1
f 953/393/1 954/434/1 913/433/1 912/392/1
f 994/394/1 995/435/1 954/434/1 953/393/1
f 1035/395/1 1036/436/1 995/435/1 994/394/1
f 1076/396/1 1077/437/1 1036/436/1 1035/395/1
f 1117/397/1 1118/438/1 1077/437/1 1076/396/1
f 1158/398/1 1159/439/1 1118/438/1 1117/397/1
f 1199/399/1 1200/440/1 1159/439/1 1158/398/1
f 1240/400/1 1241/441/1 1200/440/1 1199/399/1
f 1281/401/1 1282/442/1 1241/441/1 1240/400/1
f 1322/402/1 1323/443/1 1282/442/1 1281/401/1
f 1363/403/1 1364/444/1 1323/443/1 1322/402/1
f 1404/404/1 1405/445/1 1364/444/1 1363/403/1
f 1445/405/1 1446/446/1 1405/445/1 1404/404/1
f 1486/406/1 1487/447/1 1446/446/1 1445/405/1
f 1527/407/1 1528/448/1 1487/447/1 1486/406/1
f 1568/408/1 1569/449/1 1528/448/1 1527/407/1
f 1609/409/1 1610/450/1 1569/449/1 1568/408/1
f 1650/410/1 1651/451/1 1610/450/1 1609/409/1
f 52/412/1 53/453/1 12/452/1 11/411/1
f 93/413/1 94/454/1 53/453/1 52/412/1
f 134/414/1 135/455/1 94/454/1 93/413/1
f 175/415/1 176/456/1 135/455/1 134/414/1
f 216/416/1 217/457/1 176/456/1 175/415/1
f 257/417/1 258/458/1 217/457/1 216/416/1
f 298/418/1 299/459/1 258/458/1 257/417/1
f 339/419/1 340/460/1 299/459/1 298/418/1
f 380/420/1 381/461/1 340/460/1 339/419/1
f 421/421/1 422/462/1 381/461/1 380/420/1
f 462/422/1 463/463/1 422/462/1 421/421/1
f 503/423/1 504/464/1 463/463/1 462/422/1
f 544/424/1 545/465/1 504/464/1 503/423/1
f 585/425/1 586/466/1 545/465/1 544/424/1
f 626/426/1 627/467/1 586/466/1 585/425/1
f 667/427/1 668/468/1 627/467/1 626/426/1
f 708/428/1 709/469/1 668/468/1 667/427/1
f 749/429/1 750/470/1 709/469/1 708/428/1
f 790/430/1 791/471/1 750/470/1 749/429/1
f 831/431/1 832/472/1 791/471/1 790/430/1
f 872/432/1 873/473/1 832/472/1 831/431/1
f 913/433/1 914/474/1 873/473/1 872/432/1
f 954/434/1 955/475/1 914/474/1 913/433/1
f 995/435/1 996/476/1 955/475/1 954/434/1
f 1036/436/1 1037/477/1 996/476/1 995/435/1
f 1077/437/1 1078/478/1 1037/477/1 1036/436/1
f 1118/438/1 1119/479/1 1078/478/1 1077/437/1
f 1159/439/1 1160/480/1 1119/479/1 1118/438/1
f 1200/440/1 1201/481/1 1160/480/1 1159/439/1
f 1241/441/1 1242/482/1 1201/481/1 1200/440/1
f 1282/442/1 1283/483/1 1242/482/1 1241/441/1
f 1323/443/1 1324/484/1 1283/483/1 1282/442/1
f 1364/444/1 1365/485/1 1324/484/1 1323/443/1
f 1405/445/1 1406/486/1 1365/485/1 1364/444/1
f 1446/446/1 1447/487/1 1406/486/1 1405/445/1
f 1487/447/1 1488/488/1 1447/487/1 1446/446/1
f 1528/448/1 1529/489/1 1488/488/1 1487/447/1
f 1569/449/1 1570/490/1 1529/489/1 1528/448/1
f 1610/450/1 1611/491/1 1570/490/1 1569/449/1
f 1651/451/1 1652/492/1 1611/491/1 1610/450/1
f 53/453/1 54/494/1 13/493/1 12/452/1
f 94/454/1 95/495/1 54/494/1 53/453/1
f 135/455/1 136/496/1 95/495/1 94/454/1
f 176/456/1 177/497/1 136/496/1 135/455/1
f 217/457/1 218/498/1 177/497/1 176/456/1
f 258/458/1 259/499/1 218/498/1 217/457/1
f 299/459/1 300/500/1 259/499/1 258/458/1
f 340/460/1 341/501/1 300/500/1 299/459/1
f 381/461/1 382/502/1 341/501/1 340/460/1
f 422/462/1 423/503/1 382/502/1 381/461/1
f 463/463/1 464/504/1 423/503/1 422/462/1
f 504/464/1 505/505/1 464/504/1 463/463/1
f 545/465/1 546/506/1 505/505/1 504/464/1
f 586/466/1 587/507/1 546/506/1 545/465/1
f 627/467/1 628/508/1 587/507/1 586/466/1
f 668/468/1 669/509/1 628/508/1 627/467/1
f 709/469/1 710/510/1 669/509/1 668/468/1
f 750/470/1 751/511/1 710/510/1 709/469/1
f 791/471/1 792/512/1 751/511/1 750/470/1
f 832/472/1 833/513/1 792/512/1 791/471/1
f 873/473/1 874/514/1 833/513/1 832/472/1
f 914/474/1 915/515/1 874/514/1 873/473/1
f 955/475/1 956/516/1 915/515/1 914/474/1
f 996/476/1 997/517/1 956/516/1 955/475/1
f 1037/477/1 1038/518/1 997/517/1 996/476/1
f 1078/478/1 1079/519/1 1038/518/1 1037/477/1
f 1119/479/1 1120/520/1 1079/519/1 1078/478/1
f 1160/480/1 1161/521/1 1120/520/1 1119/479/1
f 1201/481/1 1202/522/1 1161/521/1 1160/480/1
f 1242/482/1 1243/523/1 1202/522/1 1201/481/1
f 1283/483/1 1284/524/1 1243/523/1 1242/482/1
f 1324/484/1 1325/525/1 1284/524/1 1283/483/1
f 1365/485/1 1366/526/1 1325/525/1 1324/484/1
f 1406/486/1 1407/527/1 1366/526/1 1365/485/1
f 1447/487/1 1448/528/1 1407/527/1 1406/486/1
f 1488/488/1 1489/529/1 1448/528/1 1447/487/1
f 1529/489/1 1530/530/1 1489/529/1 1488/488/1
f 1570/490/1 1571/531/1 1530/530/1 1529/489/1
f 1611/491/1 1612/532/1 1571/531/1 1570/490/1
f 1652/492/1 1653/533/1 1612/532/1 1611/491/1
f 54/494/1 55/535/1 14/534/1 13/493/1
f 95/495/1 96/536/1 55/535/1 54/494/1
f 136/496/1 137/537/1 96/536/1 95/495/1
f 177/497/1 178/538/1 137/537/1 136/496/1
f 218/498/1 219/539/1 178/538/1 177/497/1
f 259/499/1 260/540/1 219/539/1 218/498/1
f 300/500/1 301/541/1 260/540/1 259/499/1
f 341/501/1 342/542/1 301/541/1 300/500/1
f 382/502/1 383/543/1 342/542/1 341/501/1
f 423/503/1 424/544/1 383/543/1 382/502/1
f 464/504/1 465/545/1 424/544/1 423/503/1
f 505/505/1 506/546/1 465/545/1 464/504/1
f 546/506/1 547/547/1 506/546/1 505/505/1
f 587/507/1 588/548/1 547/547/1 546/506/1
f 628/508/1 629/549/1 588/548/1 587/507/1
f 669/509/1 670/550/1 629/549/1 628/508/1
f 710/510/1 711/551/1 670/550/1 669/509/1
f 751/511/1 752/552/1 711/551/1 710/510/1
f 792/512/1 793/553/1 752/552/1 751/511/1
f 833/513/1 834/554/1 793/553/1 792/512/1
f 874/514/1 875/555/1 834/554/1 833/513/1
f 915/515/1 916/556/1 875/555/1 874/514/1
f 956/516/1 957/557/1 916/556/1 915/515/1
f 997/517/1 998/558/1 957/557/1 956/516/1
f 1038/518/1 1039/559/1 998/558/1 997/517/1
f 1079/519/1 1080/560/1 1039/559/1 1038/518/1
f 1120/520/1 1121/561/1 1080/560/1 1079/519/1
f 1161/521/1 1162/562/1 1121/561/1 1120/520/1
f 1202/522/1 1203/563/1 1162/562/1 1161/521/1
f 1243/523/1 1244/564/1 1203/563/1 1202/522/1
f 1284/524/1 1285/565/1 1244/564/1 1243/523/1
f 1325/525/1 1326/566/1 1285/565/1 1284/524/1
f 1366/526/1 1367/567/1 1326/566/1 1325/525/1
f 1407/527/1 1408/568/1 1367/567/1 1366/526/1
f 1448/528/1 1449/569/1 1408/568/1 1407/527/1
f 1489/529/1 1490/570/1 1449/569/1 1448/528/1
f 1530/530/1 1531/571/1 1490/570/1 1489/529/1
f 1571/531/1 1572/572/1 1531/571/1 1530/530/1
f 1612/532/1 1613/573/1 1572/572/1 1571/531/1
f 1653/533/1 1654/574/1 1613/573/1 1612/532/1
f 55/535/1 56/576/1 15/575/1 14/534/1
f 96/536/1 97/577/1 56/576/1 55/535/1
f 137/537/1 138/578/1 97/577/1 96/536/1
f 178/538/1 179/579/1 138/578/1 137/537/1
f 219/539/1 220/580/1 179/579/1 178/538/1
f 260/540/1 261/581/1 220/580/1 219/539/1
f 301/541/1 302/582/1 261/581/1 260/540/1
f 342/542/1 343/583/1 302/582/1 301/541/1
f 383/543/1 384/584/1 343/583/1 342/542/1
f 424/544/1 425/585/1 384/584/1 383/543/1
f 465/545/1 466/586/1 425/585/1 424/544/1
f 506/546/1 507/587/1 466/586/1 465/545/1
f 547/547/1 548/588/1 507/587/1 506/546/1
f 588/548/1 589/589/1 548/588/1 547/547/1
f 629/549/1 630/590/1 589/589/1 588/548/1
f 670/550/1 671/591/1 630/590/1 629/549/1
f 711/551/1 712/592/1 671/591/1 670/550/1
f 752/552/1 753/593/1 712/592/1 711/551/1
f 793/553/1 794/594/1 753/593/1 752/552/1
f 834/554/1 835/595/1 794/594/1 793/553/1
f 875/555/1 876/596/1 835/595/1 834/554/1
f 916/556/1 917/597/1 876/596/1 875/555/1
f 957/557/1 958/598/1 917/597/1 916/556/1
f 998/558/1 999/599/1 958/598/1 957/557/1
f 1039/559/1 1040/600/1 999/599/1 998/558/1
f 1080/560/1 1081/601/1 1040/600/1 1039/559/1
f 1121/561/1 1122/602/1 1081/601/1 1080/560/1
f 1162/562/1 1163/603/1 1122/602/1 1121/561/1
f 1203/563/1 1204/604/1 1163/603/1 1162/562/1
f 1244/564/1 1245/605/1 1204/604/1 1203/563/1
f 1285/565/1 1286/606/1 1245/605/1 1244/564/1
f 1326/566/1 1327/607/1 1286/606/1 1285/565/1
f 1367/567/1 1368/608/1 1327/607/1 1326/566/1
f 1408/568/1 1409/609/1 1368/608/1 1367/567/1
f 1449/569/1 1450/610/1 1409/609/1 1408/568/1
f 1490/570/1 1491/611/1 1450/610/1 1449/569/1
f 1531/571/1 1532/612/1 1491/611/1 1490/570/1
f 1572/572/1 1573/613/1 1532/612/1 1531/571/1
f 1613/573/1 1614/614/1 1573/613/1 1572/572/1
f 1654/574/1 1655/615/1 1614/614/1 1613/573/1
f 56/576/1 57/617/1 16/616/1 15/575/1
f 97/577/1 98/618/1 57/617/1 56/576/1
f 138/578/1 139/619/1 98/618/1 97/577/1
f 179/579/1 180/620/1 139/619/1 138/578/1
f 220/580/1 221/621/1 180/620/1 179/579/1
f 261/581/1 262/622/1 221/621/1 220/580/1
f 302/582/1 303/623/1 262/622/1 261/581/1
f 343/583/1 344/624/1 303/623/1 302/582/1
f 384/584/1 385/625/1 344/624/1 343/583/1
f 425/585/1 426/626/1 385/625/1 384/584/1
f 466/586/1 467/627/1 426/626/1 425/585/1
f 507/587/1 508/628/1 467/627/1 466/586/1
f 548/588/1 549/629/1 508/628/1 507/587/1
f 589/589/1 590/630/1 549/629/1 548/588/1
f 630/590/1 631/631/1 590/630/1 589/589/1
f 671/591/1 672/632/1 631/631/1 630/590/1
f 712/592/1 713/633/1 672/632/1 671/591/1
f 753/593/1 754/634/1 713/633/1 712/592/1
f 794/594/1 795/635/1 754/634/1 753/593/1
f 835/595/1 836/636/1 795/635/1 794/594/1
f 876/596/1 877/637/1 836/636/1 835/595/1
f 917/597/1 918/638/1 877/637/1 876/596/1
f 958/598/1 959/639/1 918/638/1 917/597/1
f 999/599/1 1000/640/1 959/639/1 958/598/1
f 1040/600/1 1041/641/1 1000/640/1 999/599/1
f 1081/601/1 1082/642/1 1041/641/1 1040/600/1
f 1122/602/1 1123/643/1 1082/642/1 1081/601/1
f 1163/603/1 1164/644/1 1123/643/1 1122/602/1
f 1204/604/1 1205/645/1 1164/644/1 1163/603/1
f 1245/605/1 1246/646/1 1205/645/1 1204/604/1
f 1286/606/1 1287/647/1 1246/646/1 1245/605/1
f 1327/607/1 1328/648/1 1287/647/1 1286/606/1
f 1368/608/1 1369/649/1 1328/648/1 1327/607/1
f 1409/609/1 1410/650/1 1369/649/1 1368/608/1
f 1450/610/1 1451/651/1 1410/650/1 1409/609/1
f 1491/611/1 1492/652/1 1451/651/1 1450/610/1
f 1532/612/1 1533/653/1 1492/652/1 1491/611/1
f 1573/613/1 1574/654/1 1533/653/1 1532/612/1
f 1614/614/1 1615/655/1 1574/654/1 1573/613/1
f 1655/615/1 1656/656/1 1615/655/1 1614/614/1
f 57/617/1 58/658/1 17/657/1 16/616/1
f 98/618/1 99/659/1 58/658/1 57/617/1
f 139/619/1 140/660/1 99/659/1 98/618/1
f 180/620/1 181/661/1 140/660/1 139/619/1
f 221/621/1 222/662/1 181/661/1 180/620/1
f 262/622/1 263/663/1 222/662/1 221/621/1
f 303/623/1 304/664/1 263/663/1 262/622/1
f 344/624/1 345/665/1 304/664/1 303/623/1
f 385/625/1 386/666/1 345/665/1 344/624/1
f 426/626/1 427/667/1 386/666/1 385/625/1
f 467/627/1 468/668/1 427/667/1 426/626/1
f 508/628/1 509/669/1 468/668/1 467/627/1
f 549/629/1 550/670/1 509/669/1 508/628/1
f 590/630/1 591/671/1 550/670/1 549/629/1
f 631/631/1 632/672/1 591/671/1 590/630/1
f 672/632/1 673/673/1 632/672/1 631/631/1
f 713/633/1 714/674/1 673/673/1 672/632/1
f 754/634/1 755/675/1 714/674/1 713/633/1
f 795/635/1 796/676/1 755/675/1 754/634/1
f 836/636/1 837/677/1 796/676/1 795/635/1
f 877/637/1 878/678/1 837/677/1 836/636/1
f 918/638/1 919/679/1 878/678/1 877/637/1
f 959/639/1 960/680/1 919/679/1 918/638/1
f 1000/640/1 1001/681/1 960/680/1 959/639/1
f 1041/641/1 1042/682/1 1001/681/1 1000/640/1
f 1082/642/1 1083/683/1 1042/682/1 1041/641/1
f 1123/643/1 1124/684/1 1083/683/1 1082/642/1
f 1164/644/1 1165/685/1 1124/684/1 1123/643/1
f 1205/645/1 1206/686/1 1165/685/1 1164/644/1
f 1246/646/1 1247/687/1 1206/686/1 1205/645/1
f 1287/647/1 1288/688/1 1247/687/1 1246/646/1
f 1328/648/1 1329/689/1 1288/688/1 1287/647/1
f 1369/649/1 1370/690/1 1329/689/1 1328/648/1
f 1410/650/1 1411/691/1 1370/690/1 1369/649/1
f 1451/651/1 1452/692/1 1411/691/1 1410/650/1
f 1492/652/1 1493/693/1 1452/692/1 1451/651/1
f 1533/653/1 1534/694/1 1493/693/1 1492/652/1
f 1574/654/1 1575/695/1 1534/694/1 1533/653/1
f 1615/655/1 1616/696/1 1575/695/1 1574/654/1
f 1656/656/1 1657/697/1 1616/696/1 1615/655/1
f 58/658/1 59/699/1 18/698/1 17/657/1
f 99/659/1 100/700/1 59/699/1 58/658/1
f 140/660/1 141/701/1 100/700/1 99/659/1
f 181/661/1 182/702/1 141/701/1 140/660/1
f 222/662/1 223/703/1 182/702/1 181/661/1
f 263/663/1 264/704/1 223/703/1 222/662/1
f 304/664/1 305/705/1 264/704/1 263/663/1
f 345/665/1 346/706/1 305/705/1 304/664/1
f 386/666/1 387/707/1 346/706/1 345/665/1
f 427/667/1 428/708/1 387/707/1 386/666/1
f 468/668/1 469/709/1 428/708/1 427/667/1
f 509/669/1 510/710/1 469/709/1 468/668/1
f 550/670/1 551/711/1 510/710/1 509/669/1
f 591/671/1 592/712/1 551/711/1 550/670/1
f 632/672/1 633/713/1 592/712/1 591/671/1
f 673/673/1 674/714/1 633/713/1 632/672/1
f 714/674/1 715/715/1 674/714/1 673/673/1
f 755/675/1 756/716/1 715/715/1 714/674/1
f 796/676/1 797/717/1 756/716/1 755/675/1
f 837/677/1 838/718/1 797/717/1 796/676/1
f 878/678/1 879/719/1 838/718/1 837/677/1
f 919/679/1 920/720/1 879/719/1 878/678/1
f 960/680/1 961/721/1 920/720/1 919/679/1
f 1001/681/1 1002/722/1 961/721/1 960/680/1
f 1042/682/1 1043/723/1 1002/722/1 1001/681/1
f 1083/683/1 1084/724/1 1043/723/1 1042/682/1
f 1124/684/1 1125/725/1 1084/724/1 1083/683/1
f 1165/685/1 1166/726/1 1125/725/1 1124/684/1
f 1206/686/1 1207/727/1 1166/726/1 1165/685/1
f 1247/687/1 1248/728/1 1207/727/1 1206/686/1
f 1288/688/1 1289/729/1 1248/728/1 1247/687/1
f 1329/689/1 1330/730/1 1289/729/1 1288/688/1
f 1370/690/1 1371/731/1 1330/730/1 1329/689/1
f 1411/691/1 1412/732/1 1371/731/1 1370/690/1
f 1452/692/1 1453/733/1 1412/732/1 1411/691/1
f 1493/693/1 1494/734/1 1453/733/1 1452/692/1
f 1534/694/1 1535/735/1 1494/734/1 1493/693/1
f 1575/695/1 1576/736/1 1535/735/1 1534/694/1
f 1616/696/1 1617/737/1 1576/736/1 1575/695/1
f 1657/697/1 1658/738/1 1617/737/1 1616/696/1
f 59/699/1 60/740/1 19/739/1 18/698/1
f 100/700/1 101/741/1 60/740/1 59/699/1
f 141/701/1 142/742/1 101/741/1 100/700/1
f 182/702/1 183/743/1 142/742/1 141/701/1
f 223/703/1 224/744/1 183/743/1 182/702/1
f 264/704/1 265/745/1 224/744/1 223/703/1
f 305/705/1 306/746/1 265/745/1 264/704/1
f 346/706/1 347/747/1 306/746/1 305/705/1
f 387/707/1 388/748/1 347/747/1 346/706/1
f 428/708/1 429/749/1 388/748/1 387/707/1
f 469/709/1 470/750/1 429/749/1 428/708/1
f 510/710/1 511/751/1 470/750/1 469/709/1
f 551/711/1 552/752/1 511/751/1 510/710/1
f 592/712/1 593/753/1 552/752/1 551/711/1
f 633/713/1 634/754/1 593/753/1 592/712/1
f 674/714/1 675/755/1 634/754/1 633/713/1
f 715/715/1 716/756/1 675/755/1 674/714/1
f 756/716/1 757/757/1 716/756/1 715/715/1
f 797/717/1 798/758/1 757/757/1 756/716/1
f 838/718/1 839/759/1 798/758/1 797/717/1
f 879/719/1 880/760/1 839/759/1 838/718/1
f 920/720/1 921/761/1 880/760/1 879/719/1
f 961/721/1 962/762/1 921/761/1 920/720/1
f 1002/722/1 1003/763/1 962/762/1 961/721/1
f 1043/723/1 1044/764/1 1003/763/1 1002/722/1
f 1084/724/1 1085/765/1 1044/764/1 1043/723/1
f 1125/725/1 1126/766/1 1085/765/1 1084/724/1
f 1166/726/1 1167/767/1 1126/766/1 1125/725/1
f 1207/727/1 1208/768/1 1167/767/1 1166/726/1
f 1248/728/1 1249/769/1 1208/768/1 1207/727/1
f 1289/729/1 1290/770/1 1249/769/1 1248/728/1
f 1330/730/1 1331/771/1 1290/770/1 1289/729/1
f 1371/731/1 1372/772/1 1331/771/1 1330/730/1
f 1412/732/1 1413/773/1 1372/772/1 1371/731/1
f 1453/733/1 1454/774/1 1413/773/1 1412/732/1
f 1494/734/1 1495/775/1 1454/774/1 1453/733/1
f 1535/735/1 1536/776/1 1495/775/1 1494/734/1
f 1576/736/1 1577/777/1 1536/776/1 1535/735/1
f 1617/737/1 1618/778/1 1577/777/1 1576/736/1
f 1658/738/1 1659/779/1 1618/778/1 1617/737/1
f 60/740/1 61/781/1 20/780/1 19/739/1
f 101/741/1 102/782/1 61/781/1 60/740/1
f 142/742/1 143/783/1 102/782/1 101/741/1
f 183/743/1 184/784/1 143/783/1 142/742/1
f 224/744/1 225/785/1 184/784/1 183/743/1
f 265/745/1 266/786/1 225/785/1 224/744/1
f 306/746/1 307/787/1 266/786/1 265/745/1
f 347/747/1 348/788/1 307/787/1 306/746/1
f 388/748/1 389/789/1 348/788/1 347/747/1
f 429/749/1 430/790/1 389/789/1 388/748/1
f 470/750/1 471/791/1 430/790/1 429/749/1
f 511/751/1 512/792/1 471/791/1 470/750/1
f 552/752/1 553/793/1 512/792/1 511/751/1
f 593/753/1 594/794/1 553/793/1 552/752/1
f 634/754/1 635/795/1 594/794/1 593/753/1
f 675/755/1 676/796/1 635/795/1 634/754/1
f 716/756/1 717/797/1 676/796/1 675/755/1
f 757/757/1 758/798/1 717/797/1 716/756/1
f 798/758/1 799/799/1 758/798/1 757/757/1
f 839/759/1 840/800/1 799/799/1 798/758/1
f 880/760/1 881/801/1 840/800/1 839/759/1
f 921/761/1 922/802/1 881/801/1 880/760/1
f 962/762/1 963/803/1 922/802/1 921/761/1
f 1003/763/1 1004/804/1 963/803/1 962/762/1
f 1044/764/1 1045/805/1 1004/804/1 1003/763/1
f 1085/765/1 1086/806/1 1045/805/1 1044/764/1
f 1126/766/1 1127/807/1 1086/806/1 1085/765/1
f 1167/767/1 1168/808/1 1127/807/1 1126/766/1
f 1208/768/1 1209/809/1 1168/808/1 1167/767/1
f 1249/769/1 1250/810/1 1209/809/1 1208/768/1
f 1290/770/1 1291/811/1 1250/810/1 1249/769/1
f 1331/771/1 1332/812/1 1291/811/1 1290/770/1
f 1372/772/1 1373/813/1 1332/812/1 1331/771/1
f 1413/773/1 1414/814/1 1373/813/1 1372/772/1
f 1454/774/1 1455/815/1 1414/814/1 1413/773/1
f 1495/775/1 1496/816/1 1455/815/1 1454/774/1
f 1536/776/1 1537/817/1 1496/816/1 1495/775/1
f 1577/777/1 1578/818/1 1537/817/1 1536/776/1
f 1618/778/1 1619/819/1 1578/818/1 1577/777/1
f 1659/779/1 1660/820/1 1619/819/1 1618/778/1
f 61/781/1 62/822/1 21/821/1 20/780/1
f 102/782/1 103/823/1 62/822/1 61/781/1
f 143/783/1 144/824/1 103/823/1 102/782/1
f 184/784/1 185/825/1 144/824/1 143/783/1
f 225/785/1 226/826/1 185/825/1 184/784/1
f 266/786/1 267/827/1 226/826/1 225/785/1
f 307/787/1 308/828/1 267/827/1 266/786/1
f 348/788/1 349/829/1 308/828/1 307/787/1
f 389/789/1 390/830/1 349/829/1 348/788/1
f 430/790/1 431/831/1 390/830/1 389/789/1
f 471/791/1 472/832/1 431/831/1 430/790/1
f 512/792/1 513/833/1 472/832/1 471/791/1
f 553/793/1 554/834/1 513/833/1 512/792/1
f 594/794/1 595/835/1 554/834/1 553/793/1
f 635/795/1 636/836/1 595/835/1 594/794/1
f 676/796/1 677/837/1 636/836/1 635/795/1
f 717/797/1 718/838/1 677/837/1 676/796/1
f 758/798/1 759/839/1 718/838/1 717/797/1
f 799/799/1 800/840/1 759/839/1 758/798/1
f 840/800/1 841/841/1 800/840/1 799/799/1
f 881/801/1 882/842/1 841/841/1 840/800/1
f 922/802/1 923/843/1 882/842/1 881/801/1
f 963/803/1 964/844/1 923/843/1 922/802/1
f 1004/804/1 1005/845/1 964/844/1 963/803/1
f 1045/805/1 1046/846/1 1005/845/1 1004/804/1
f 1086/806/1 1087/847/1 1046/846/1 1045/805/1
f 1127/807/1 1128/848/1 1087/847/1 1086/806/1
f 1168/808/1 1169/849/1 1128/848/1 1127/807/1
f 1209/809/1 1210/850/1 1169/849/1 1168/808/1
f 1250/810/1 1251/851/1 1210/850/1 1209/809/1
f 1291/811/1 1292/852/1 1251/851/1 1250/810/1
f 1332/812/1 1333/853/1 1292/852/1 1291/811/1
f 1373/813/1 1374/854/1 1333/853/1 1332/812/1
f 1414/814/1 1415/855/1 1374/854/1 1373/813/1
f 1455/815/1 1456/856/1 1415/855/1 1414/814/1
f 1496/816/1 1497/857/1 1456/856/1 1455/815/1
f 1537/817/1 1538/858/1 1497/857/1 1496/816/1
f 1578/818/1 1579/859/1 1538/858/1 1537/817/1
f 1619/819/1 1620/860/1 1579/859/1 1578/818/1
f 1660/820/1 1661/861/1 1620/860/1 1619/819/1
f 62/822/1 63/863/1 22/862/1 21/821/1
f 103/823/1 104/864/1 63/863/1 62/822/1
f 144/824/1 145/865/1 104/864/1 103/823/1
f 185/825/1 186/866/1 145/865/1 144/824/1
f 226/826/1 227/867/1 186/866/1 185/825/1
f 267/827/1 268/868/1 227/867/1 226/826/1
f 308/828/1 309/869/1 268/868/1 267/827/1
f 349/829/1 350/870/1 309/869/1 308/828/1
f 390/830/1 391/871/1 350/870/1 349/829/1
f 431/831/1 432/872/1 391/871/1 390/830/1
f 472/832/1 473/873/1 432/872/1 431/831/1
f 513/833/1 514/874/1 473/873/1 472/832/1
f 554/834/1 555/875/1 514/874/1 513/833/1
f 595/835/1 596/876/1 555/875/1 554/834/1
f 636/836/1 637/877/1 596/876/1 595/835/1
f 677/837/1 678/878/1 637/877/1 636/836/1
f 718/838/1 719/879/1 678/878/1 677/837/1
f 759/839/1 760/880/1 719/879/1 718/838/1
f 800/840/1 801/881/1 760/880/1 759/839/1
f 841/841/1 842/882/1 801/881/1 800/840/1
f 882/842/1 883/883/1 842/882/1 841/841/1
f 923/843/1 924/884/1 883/883/1 882/842/1
f 964/844/1 965/885/1 924/884/1 923/843/1
f 1005/845/1 1006/886/1 965/885/1 964/844/1
f 1046/846/1 1047/887/1 1006/886/1 1005/845/1
f 1087/847/1 1088/888/1 1047/887/1 1046/846/1
f 1128/848/1 1129/889/1 1088/888/1 1087/847/1
f 1169/849/1 1170/890/1 1129/889/1 1128/848/1
f 1210/850/1 1211/891/1 1170/890/1 1169/849/1
f 1251/851/1 1252/892/1 1211/891/1 1210/850/1
f 1292/852/1 1293/893/1 1252/892/1 1251/851/1
f 1333/853/1 1334/894/1 1293/893/1 1292/852/1
f 1374/854/1 1375/895/1 1334/894/1 1333/853/1
f 1415/855/1 1416/896/1 1375/895/1 1374/854/1
f 1456/856/1 1457/897/1 1416/896/1 1415/855/1
f 1497/857/1 1498/898/1 1457/897/1 1456/856/1
f 1538/858/1 1539/899/1 1498/898/1 1497/857/1
f 1579/859/1 1580/900/1 1539/899/1 1538/858/1
f 1620/860/1 1621/901/1 1580/900/1 1579/859/1
f 1661/861/1 1662/902/1 1621/901/1 1620/860/1
f 63/863/1 64/904/1 23/903/1 22/862/1
f 104/864/1 105/905/1 64/904/1 63/863/1
f 145/865/1 146/906/1 105/905/1 104/864/1
f 186/866/1 187/907/1 146/906/1 145/865/1
f 227/867/1 228/908/1 187/907/1 186/866/1
f 268/868/1 269/909/1 228/908/1 227/867/1
f 309/869/1 310/910/1 269/909/1 268/868/1
f 350/870/1 351/911/1 310/910/1 309/869/1
f 391/871/1 392/912/1 351/911/1 350/870/1
f 432/872/1 433/913/1 392/912/1 391/871/1
f 473/873/1 474/914/1 433/913/1 432/872/1
f 514/874/1 515/915/1 474/914/1 473/873/1
f 555/875/1 556/916/1 515/915/1 514/874/1
f 596/876/1 597/917/1 556/916/1 555/875/1
f 637/877/1 638/918/1 597/917/1 596/876/1
f 678/878/1 679/919/1 638/918/1 637/877/1
f 719/879/1 720/920/1 679/919/1 678/878/1
f 760/880/1 761/921/1 720/920/1 719/879/1
f 801/881/1 802/922/1 761/921/1 760/880/1
f 842/882/1 843/923/1 802/922/1 801/881/1
f 883/883/1 884/924/1 843/923/1 842/882/1
f 924/884/1 925/925/1 884/924/1 883/883/1
f 965/885/1 966/926/1 925/925/1 924/884/1
f 1006/886/1 1007/927/1 966/926/1 965/885/1
f 1047/887/1 1048/928/1 1007/927/1 1006/886/1
f 1088/888/1 1089/929/1 1048/928/1 1047/887/1
f 1129/889/1 1130/930/1 1089/929/1 1088/888/1
f 1170/890/1 1171/931/1 1130/930/1 1129/889/1
f 1211/891/1 1212/932/1 1171/931/1 1170/890/1
f 1252/892/1 1253/933/1 1212/932/1 1211/891/1
f 1293/893/1 1294/934/1 1253/933/1 1252/892/1
f 1334/894/1 1335/935/1 1294/934/1 1293/893/1
f 1375/895/1 1376/936/1 1335/935/1 1334/894/1
f 1416/896/1 1417/937/1 1376/936/1 1375/895/1
f 1457/897/1 1458/938/1 1417/937/1 1416/896/1
f 1498/898/1 1499/939/1 1458/938/1 1457/897/1
f 1539/899/1 1540/940/1 1499/939/1 1498/898/1
f 1580/900/1 1581/941/1 1540/940/1 1539/899/1
f 1621/901/1 1622/942/1 1581/941/1 1580/900/1
f 1662/902/1 1663/943/1 1622/942/1 1621/901/1
f 64/904/1 65/945/1 24/944/1 23/903/1
f 105/905/1 106/946/1 65/945/1 64/904/1
f 146/906/1 147/947/1 106/946/1 105/905/1
f 187/907/1 188/948/1 147/947/1 146/906/1
f 228/908/1 229/949/1 188/948/1 187/907/1
f 269/909/1 270/950/1 229/949/1 228/908/1
f 310/910/1 311/951/1 270/950/1 269/909/1
f 351/911/1 352/952/1 311/951/1 310/910/1
f 392/912/1 393/953/1 352/952/1 351/911/1
f 433/913/1 434/954/1 393/953/1 392/912/1
f 474/914/1 475/955/1 434/954/1 433/913/1
f 515/915/1 516/956/1 475/955/1 474/914/1
f 556/916/1 557/957/1 516/956/1 515/915/1
f 597/917/1 598/958/1 557/957/1 556/916/1
f 638/918/1 639/959/1 598/958/1 597/917/1
f 679/919/1 680/960/1 639/959/1 638/918/1
f 720/920/1 721/961/1 680/960/1 679/919/1
f 761/921/1 762/962/1 721/961/1 720/920/1
f 802/922/1 803/963/1 762/962/1 761/921/1
f 843/923/1 844/964/1 803/963/1 802/922/1
f 884/924/1 885/965/1 844/964/1 843/923/1
f 925/925/1 926/966/1 885/965/1 884/924/1
f 966/926/1 967/967/1 926/966/1 925/925/1
f 1007/927/1 1008/968/1 967/967/1 966/926/1
f 1048/928/1 1049/969/1 1008/968/1 1007/927/1
f 1089/929/1 1090/970/1 1049/969/1 1048/928/1
f 1130/930/1 1131/971/1 1090/970/1 1089/929/1
f 1171/931/1 1172/972/1 1131/971/1 1130/930/1
f 1212/932/1 1213/973/1 1172/972/1 1171/931/1
f 1253/933/1 1254/974/1 1213/973/1 1212/932/1
f 1294/934/1 1295/975/1 1254/974/1 1253/933/1
f 1335/935/1 1336/976/1 1295/975/1 1294/934/1
f 1376/936/1 1377/977/1 1336/976/1 1335/935/1
f 1417/937/1 1418/978/1 1377/977/1 1376/936/1
f 1458/938/1 1459/979/1 1418/978/1 1417/937/1
f 1499/939/1 1500/980/1 1459/979/1 1458/938/1
f 1540/940/1 1541/981/1 1500/980/1 1499/939/1
f 1581/941/1 1582/982/1 1541/981/1 1540/940/1
f 1622/942/1 1623/983/1 1582/982/1 1581/941/1
f 1663/943/1 1664/984/1 1623/983/1 1622/942/1
f 65/945/1 66/986/1 25/985/1 24/944/1
f 106/946/1 107/987/1 66/986/1 65/945/1
f 147/947/1 148/988/1 107/987/1 106/946/1
f 188/948/1 189/989/1 148/988/1 147/947/1
f 229/949/1 230/990/1 189/989/1 188/948/1
f 270/950/1 271/991/1 230/990/1 229/949/1
f 311/951/1 312/992/1 271/991/1 270/950/1
f 352/952/1 353/993/1 312/992/1 311/951/1
f 393/953/1 394/994/1 353/993/1 352/952/1
f 434/954/1 435/995/1 394/994/1 393/953/1
f 475/955/1 476/996/1 435/995/1 434/954/1
f 516/956/1 517/997/1 476/996/1 475/955/1
f 557/957/1 558/998/1 517/997/1 516/956/1
f 598/958/1 599/999/1 558/998/1 557/957/1
f 639/959/1 640/1000/1 599/999/1 598/958/1
f 680/960/1 681/1001/1 640/1000/1 639/959/1
f 721/961/1 722/1002/1 681/1001/1 680/960/1
f 762/962/1 763/1003/1 722/1002/1 721/961/1
f 803/963/1 804/1004/1 763/1003/1 762/962/1
f 844/964/1 845/1005/1 804/1004/1 803/963/1
f 885/965/1 886/1006/1 845/1005/1 844/964/1
f 926/966/1 927/1007/1 886/1006/1 885/965/1
f 967/967/1 968/1008/1 927/1007/1 926/966/1
f 1008/968/1 1009/1009/1 968/1008/1 967/967/1
f 1049/969/1 1050/1010/1 1009/1009/1 1008/968/1
f 1090/970/1 1091/1011/1 1050/1010/1 1049/969/1
f 1131/971/1 1132/1012/1 1091/1011/1 1090/970/1
f 1172/972/1 1173/1013/1 1132/1012/1 1131/971/1
f 1213/973/1 1214/1014/1 1173/1013/1 1172/972/1
f 1254/974/1 1255/1015/1 1214/1014/1 1213/973/1
f 1295/975/1 1296/1016/1 1255/1015/1 1254/974/1
f 1336/976/1 1337/1017/1 1296/1016/1 1295/975/1
f 1377/977/1 1378/1018/1 1337/1017/1 1336/976/1
f 1418/978/1 1419/1019/1 1378/1018/1 1377/977/1
f 1459/979/1 1460/1020/1 1419/1019/1 1418/978/1
f 1500/980/1 1501/1021/1 1460/1020/1 1459/979/1
f 1541/981/1 1542/1022/1 1501/1021/1 1500/980/1
f 1582/982/1 1583/1023/1 1542/1022/1 1541/981/1
f 1623/983/1 1624/1024/1 1583/1023/1 1582/982/1
f 1664/984/1 1665/1025/1 1624/1024/1 1623/983/1
f 66/986/1 67/1027/1 26/1026/1 25/985/1
f 107/987/1 108/1028/1 67/1027/1 66/986/1
f 148/988/1 149/1029/1 108/1028/1 107/987/1
f 189/989/1 190/1030/1 149/1029/1 148/988/1
f 230/990/1 231/1031/1 190/1030/1 189/989/1
f 271/991/1 272/1032/1 231/1031/1 230/990/1
f 312/992/1 313/1033/1 272/1032/1 271/991/1
f 353/993/1 354/1034/1 313/1033/1 312/992/1
f 394/994/1 395/1035/1 354/1034/1 353/993/1
f 435/995/1 436/1036/1 395/1035/1 394/994/1
f 476/996/1 477/1037/1 436/1036/1 435/995/1
f 517/997/1 518/1038/1 477/1037/1 476/996/1
f 558/998/1 559/1039/1 518/1038/1 517/997/1
f 599/999/1 600/1040/1 559/1039/1 558/998/1
f 640/1000/1 641/1041/1 600/1040/1 599/999/1
f 681/1001/1 682/1042/1 641/1041/1 640/1000/1
f 722/1002/1 723/1043/1 682/1042/1 681/1001/1
f 763/1003/1 764/1044/1 723/1043/1 722/1002/1
f 804/1004/1 805/1045/1 764/1044/1 763/1003/1
f 845/1005/1 846/1046/1 805/1045/1 804/1004/1
f 886/1006/1 887/1047/1 846/1046/1 845/1005/1
f 927/1007/1 928/1048/1 887/1047/1 886/1006/1
f 968/1008/1 969/1049/1 928/1048/1 927/1007/1
f 1009/1009/1 1010/1050/1 969/1049/1 968/1008/1
f 1050/1010/1 1051/1051/1 1010/1050/1 1009/1009/1
f 1091/1011/1 1092/1052/1 1051/1051/1 1050/1010/1
f 1132/1012/1 1133/1053/1 1092/1052/1 1091/1011/1
f 1173/1013/1 1174/1054/1 1133/1053/1 1132/1012/1
f 1214/1014/1 1215/1055/1 1174/1054/1 1173/1013/1
f 1255/1015/1 1256/1056/1 1215/1055/1 1214/1014/1
f 1296/1016/1 1297/1057/1 1256/1056/1 1255/1015/1
f 1337/1017/1 1338/1058/1 1297/1057/1 1296/1016/1
f 1378/1018/1 1379/1059/1 1338/1058/1 1337/1017/1
f 1419/1019/1 1420/1060/1 1379/1059/1 1378/1018/1
f 1460/1020/1 1461/1061/1 1420/1060/1 1419/1019/1
f 1501/1021/1 1502/1062/1 1461/1061/1 1460/1020/1
f 1542/1022/1 1543/1063/1 1502/1062/1 1501/1021/1
f 1583/1023/1 1584/1064/1 1543/1063/1 1542/1022/1
f 1624/1024/1 1625/1065/1 1584/1064/1 1583/1023/1
f 1665/1025/1 1666/1066/1 1625/1065/1 1624/1024/1
f 67/1027/1 68/1068/1 27/1067/1 26/1026/1
f 108/1028/1 109/1069/1 68/1068/1 67/1027/1
f 149/1029/1 150/1070/1 109/1069/1 108/1028/1
f 190/1030/1 191/1071/1 150/1070/1 149/1029/1
f 231/1031/1 232/1072/1 191/1071/1 190/1030/1
f 272/1032/1 273/1073/1 232/1072/1 231/1031/1
f 313/1033/1 314/1074/1 273/1073/1 272/1032/1
f 354/1034/1 355/1075/1 314/1074/1 313/1033/1
f 395/1035/1 396/1076/1 355/1075/1 354/1034/1
f 436/1036/1 437/1077/1 396/1076/1 395/1035/1
f 477/1037/1 478/1078/1 437/1077/1 436/1036/1
f 518/1038/1 519/1079/1 478/1078/1 477/1037/1
f 559/1039/1 560/1080/1 519/1079/1 518/1038/1
f 600/1040/1 601/1081/1 560/1080/1 559/1039/1
f 641/1041/1 642/1082/1 601/1081/1 600/1040/1
f 682/1042/1 683/1083/1 642/1082/1 641/1041/1
f 723/1043/1 724/1084/1 683/1083/1 682/1042/1
f 764/1044/1 765/1085/1 724/1084/1 723/1043/1
f 805/1045/1 806/1086/1 765/1085/1 764/1044/1
f 846/1046/1 847/1087/1 806/1086/1 805/1045/1
f 887/1047/1 888/1088/1 847/1087/1 846/1046/1
f 928/1048/1 929/1089/1 888/1088/1 887/1047/1
f 969/1049/1 970/1090/1 929/1089/1 928/1048/1
f 1010/1050/1 1011/1091/1 970/1090/1 969/1049/1
f 1051/1051/1 1052/1092/1 1011/1091/1 1010/1050/1
f 1092/1052/1 1093/1093/1 1052/1092/1 1051/1051/1
f 1133/1053/1 1134/1094/1 1093/1093/1 1092/1052/1
f 1174/1054/1 1175/1095/1 1134/1094/1 1133/1053/1
f 1215/1055/1 1216/1096/1 1175/1095/1 1174/1054/1
f 1256/1056/1 1257/1097/1 1216/1096/1 1215/1055/1
f 1297/1057/1 1298/1098/1 1257/1097/1 1256/1056/1
f 1338/1058/1 1339/1099/1 1298/1098/1 1297/1057/1
f 1379/1059/1 1380/1100/1 1339/1099/1 1338/1058/1
f 1420/1060/1 1421/1101/1 1380/1100/1 1379/1059/1
f 1461/1061/1 1462/1102/1 1421/1101/1 1420/1060/1
f 1502/1062/1 1503/1103/1 1462/1102/1 1461/1061/1
f 1543/1063/1 1544/1104/1 1503/1103/1 1502/1062/1
f 1584/1064/1 1585/1105/1 1544/1104/1 1543/1063/1
f 1625/1065/1 1626/1106/1 1585/1105/1 1584/1064/1
f 1666/1066/1 1667/1107/1 1626/1106/1 1625/1065/1
f 68/1068/1 69/1109/1 28/1108/1 27/1067/1
f 109/1069/1 110/1110/1 69/1109/1 68/1068/1
f 150/1070/1 151/1111/1 110/1110/1 109/1069/1
f 191/1071/1 192/1112/1 151/1111/1 150/1070/1
f 232/1072/1 233/1113/1 192/1112/1 191/1071/1
f 273/1073/1 274/1114/1 233/1113/1 232/1072/1
f 314/1074/1 315/1115/1 274/1114/1 273/1073/1
f 355/1075/1 356/1116/1 315/1115/1 314/1074/1
f 396/1076/1 397/1117/1 356/1116/1 355/1075/1
f 437/1077/1 438/1118/1 397/1117/1 396/1076/1
f 478/1078/1 479/1119/1 438/1118/1 437/1077/1
f 519/1079/1 520/1120/1 479/1119/1 478/1078/1
f 560/1080/1 561/1121/1 520/1120/1 519/1079/1
f 601/1081/1 602/1122/1 561/1121/1 560/1080/1
f 642/1082/1 643/1123/1 602/1122/1 601/1081/1
f 683/1083/1 684/1124/1 643/1123/1 642/1082/1
f 724/1084/1 725/1125/1 684/1124/1 683/1083/1
f 765/1085/1 766/1126/1 725/1125/1 724/1084/1
f 806/1086/1 807/1127/1 766/1126/1 765/1085/1
f 847/1087/1 848/1128/1 807/1127/1 806/1086/1
f 888/1088/1 889/1129/1 848/1128/1 847/1087/1
f 929/1089/1 930/1130/1 889/1129/1 888/1088/1
f 970/1090/1 971/1131/1 930/1130/1 929/1089/1
f 1011/1091/1 1012/1132/1 971/1131/1 970/1090/1
f 1052/1092/1 1053/1133/1 1012/1132/1 1011/1091/1
f 1093/1093/1 1094/1134/1 1053/1133/1 1052/1092/1
f 1134/1094/1 1135/1135/1 1094/1134/1 1093/1093/1
f 1175/1095/1 1176/1136/1 1135/1135/1 1134/1094/1
f 1216/1096/1 1217/1137/1 1176/1136/1 1175/1095/1
f 1257/1097/1 1258/1138/1 1217/1137/1 1216/1096/1
f 1298/1098/1 1299/1139/1 1258/1138/1 1257/1097/1
f 1339/1099/1 1340/1140/1 1299/1139/1 1298/1098/1
f 1380/1100/1 1381/1141/1 1340/1140/1 1339/1099/1
f 1421/1101/1 1422/1142/1 1381/1141/1 1380/1100/1
f 1462/1102/1 1463/1143/1 1422/1142/1 1421/1101/1
f 1503/1103/1 1504/1144/1 1463/1143/1 1462/1102/1
f 1544/1104/1 1545/1145/1 1504/1144/1 1503/1103/1
f 1585/1105/1 1586/1146/1 1545/1145/1 1544/1104/1
f 1626/1106/1 1627/1147/1 1586/1146/1 1585/1105/1
f 1667/1107/1 1668/1148/1 1627/1147/1 1626/1106/1
f 69/1109/1 70/1150/1 29/1149/1 28/1108/1
f 110/1110/1 111/1151/1 70/1150/1 69/1109/1
f 151/1111/1 152/1152/1 111/1151/1 110/1110/1
f 192/1112/1 193/1153/1 152/1152/1 151/1111/1
f 233/1113/1 234/1154/1 193/1153/1 192/1112/1
f 274/1114/1 275/1155/1 234/1154/1 233/1113/1
f 315/1115/1 316/1156/1 275/1155/1 274/1114/1
f 356/1116/1 357/1157/1 316/1156/1 315/1115/1
f 397/1117/1 398/1158/1 357/1157/1 356/1116/1
f 438/1118/1 439/1159/1 398/1158/1 397/1117/1
f 479/1119/1 480/1160/1 439/1159/1 438/1118/1
f 520/1120/1 521/1161/1 480/1160/1 479/1119/1
f 561/1121/1 562/1162/1 521/1161/1 520/1120/1
f 602/1122/1 603/1163/1 562/1162/1 561/1121/1
f 643/1123/1 644/1164/1 603/1163/1 602/1122/1
f 684/1124/1 685/1165/1 644/1164/1 643/1123/1
f 725/1125/1 726/1166/1 685/1165/1 684/1124/1
f 766/1126/1 767/1167/1 726/1166/1 725/1125/1
f 807/1127/1 808/1168/1 767/1167/1 766/1126/1
f 848/1128/1 849/1169/1 808/1168/1 807/1127/1
f 889/1129/1 890/1170/1 849/1169/1 848/1128/1
f 930/1130/1 931/1171/1 890/1170/1 889/1129/1
f 971/1131/1 972/1172/1 931/1171/1 930/1130/1
f 1012/1132/1 1013/1173/1 972/1172/1 971/1131/1
f 1053/1133/1 1054/1174/1 1013/1173/1 1012/1132/1
f 1094/1134/1 1095/1175/1 1054/1174/1 1053/1133/1
f 1135/1135/1 1136/1176/1 1095/1175/1 1094/1134/1
f 1176/1136/1 1177/1177/1 1136/1176/1 1135/1135/1
f 1217/1137/1 1218/1178/1 1177/1177/1 1176/1136/1
f 1258/1138/1 1259/1179/1 1218/1178/1 1217/1137/1
f 1299/1139/1 1300/1180/1 1259/1179/1 1258/1138/1
f 1340/1140/1 1341/1181/1 1300/1180/1 1299/1139/1
f 1381/1141/1 1382/1182/1 1341/1181/1 1340/1140/1
f 1422/1142/1 1423/1183/1 1382/1182/1 1381/1141/1
f 1463/1143/1 1464/1184/1 1423/1183/1 1422/1142/1
f 1504/1144/1 1505/1185/1 1464/1184/1 1463/1143/1
f 1545/1145/1 1546/1186/1 1505/1185/1 1504/1144/1
f 1586/1146/1 1587/1187/1 1546/1186/1 1545/1145/1
f 1627/1147/1 1628/1188/1 1587/1187/1 1586/1146/1
f 1668/1148/1 1669/1189/1 1628/1188/1 1627/1147/1
f 70/1150/1 71/1191/1 30/1190/1 29/1149/1
f 111/1151/1 112/1192/1 71/1191/1 70/1150/1
f 152/1152/1 153/1193/1 112/1192/1 111/1151/1
f 193/1153/1 194/1194/1 153/1193/1 152/1152/1
f 234/1154/1 235/1195/1 194/1194/1 193/1153/1
f 275/1155/1 276/1196/1 235/1195/1 234/1154/1
f 316/1156/1 317/1197/1 276/1196/1 275/1155/1
f 357/1157/1 358/1198/1 317/1197/1 316/1156/1
f 398/1158/1 399/1199/1 358/1198/1 357/1157/1
f 439/1159/1 440/1200/1 399/1199/1 398/1158/1
f 480/1160/1 481/1201/1 440/1200/1 439/1159/1
f 521/1161/1 522/1202/1 481/1201/1 480/1160/1
f 562/1162/1 563/1203/1 522/1202/1 521/1161/1
f 603/1163/1 604/1204/1 563/1203/1 562/1162/1
f 644/1164/1 645/1205/1 604/1204/1 603/1163/1
f 685/1165/1 686/1206/1 645/1205/1 644/1164/1
f 726/1166/1 727/1207/1 686/1206/1 685/1165/1
f 767/1167/1 768/1208/1 727/1207/1 726/1166/1
f 808/1168/1 809/1209/1 768/1208/1 767/1167/1
f 849/1169/1 850/1210/1 809/1209/1 808/1168/1
f 890/1170/1 891/1211/1 850/1210/1 849/1169/1
f 931/1171/1 932/1212/1 891/1211/1 890/1170/1
f 972/1172/1 973/1213/1 932/1212/1 931/1171/1
f 1013/1173/1 1014/1214/1 973/1213/1 972/1172/1
f 1054/1174/1 1055/1215/1 1014/1214/1 1013/1173/1
f 1095/1175/1 1096/1216/1 1055/1215/1 1054/1174/1
f 1136/1176/1 1137/1217/1 1096/1216/1 1095/1175/1
f 1177/1177/1 1178/1218/1 1137/1217/1 1136/1176/1
f 1218/1178/1 1219/1219/1 1178/1218/1 1177/1177/1
f 1259/1179/1 1260/1220/1 1219/1219/1 1218/1178/1
f 1300/1180/1 1301/1221/1 1260/1220/1 1259/1179/1
f 1341/1181/1 1342/1222/1 1301/1221/1 1300/1180/1
f 1382/1182/1 1383/1223/1 1342/1222/1 1341/1181/1
f 1423/1183/1 1424/1224/1 1383/1223/1 1382/1182/1
f 1464/1184/1 1465/1225/1 1424/1224/1 1423/1183/1
f 1505/1185/1 1506/1226/1 1465/1225/1 1464/1184/1
f 1546/1186/1 1547/1227/1 1506/1226/1 1505/1185/1
f 1587/1187/1 1588/1228/1 1547/1227/1 1546/1186/1
f 1628/1188/1 1629/1229/1 1588/1228/1 1587/1187/1
f 1669/1189/1 1670/1230/1 1629/1229/1 1628/1188/1
f 71/1191/1 72/1232/1 31/1231/1 30/1190/1
f 112/1192/1 113/1233/1 72/1232/1 71/1191/1
f 153/1193/1 154/1234/1 113/1233/1 112/1192/1
f 194/1194/1 195/1235/1 154/1234/1 153/1193/1
f 235/1195/1 236/1236/1 195/1235/1 194/1194/1
f 276/1196/1 277/1237/1 236/1236/1 235/1195/1
f 317/1197/1 318/1238/1 277/1237/1 276/1196/1
f 358/1198/1 359/1239/1 318/1238/1 317/1197/1
f 399/1199/1 400/1240/1 359/1239/1 358/1198/1
f 440/1200/1 441/1241/1 400/1240/1 399/1199/1
f 481/1201/1 482/1242/1 441/1241/1 440/1200/1
f 522/1202/1 523/1243/1 482/1242/1 481/1201/1
f 563/1203/1 564/1244/1 523/1243/1 522/1202/1
f 604/1204/1 605/1245/1 564/1244/1 563/1203/1
f 645/1205/1 646/1246/1 605/1245/1 604/1204/1
f 686/1206/1 687/1247/1 646/1246/1 645/1205/1
f 727/1207/1 728/1248/1 687/1247/1 686/1206/1
f 768/1208/1 769/1249/1 728/1248/1 727/1207/1
f 809/1209/1 810/1250/1 769/1249/1 768/1208/1
f 850/1210/1 851/1251/1 810/1250/1 809/1209/1
f 891/1211/1 892/1252/1 851/1251/1 850/1210/1
f 932/1212/1 933/1253/1 892/1252/1 891/1211/1
f 973/1213/1 974/1254/1 933/1253/1 932/1212/1
f 1014/1214/1 1015/1255/1 974/1254/1 973/1213/1
f 1055/1215/1 1056/1256/1 1015/1255/1 1014/1214/1
f 1096/1216/1 1097/1257/1 1056/1256/1 1055/1215/1
f 1137/1217/1 1138/1258/1 1097/1257/1 1096/1216/1
f 1178/1218/1 1179/1259/1 1138/1258/1 1137/1217/1
f 1219/1219/1 1220/1260/1 1179/1259/1 1178/1218/1
f 1260/1220/1 1261/1261/1 1220/1260/1 1219/1219/1
f 1301/1221/1 1302/1262/1 1261/1261/1 1260/1220/1
f 1342/1222/1 1343/1263/1 1302/1262/1 1301/1221/1
f 1383/1223/1 1384/1264/1 1343/1263/1 1342/1222/1
f 1424/1224/1 1425/1265/1 1384/1264/1 1383/1223/1
f 1465/1225/1 1466/1266/1 1425/1265/1 1424/1224/1
f 1506/1226/1 1507/1267/1 1466/1266/1 1465/1225/1
f 1547/1227/1 1548/1268/1 1507/1267/1 1506/1226/1
f 1588/1228/1 1589/1269/1 1548/1268/1 1547/1227/1
f 1629/1229/1 1630/1270/1 1589/1269/1 1588/1228/1
f 1670/1230/1 1671/1271/1 1630/1270/1 1629/1229/1
f 72/1232/1 73/1273/1 32/1272/1 31/1231/1
f 113/1233/1 114/1274/1 73/1273/1 72/1232/1
f 154/1234/1 155/1275/1 114/1274/1 113/1233/1
f 195/1235/1 196/1276/1 155/1275/1 154/1234/1
f 236/1236/1 237/1277/1 196/1276/1 195/1235/1
f 277/1237/1 278/1278/1 237/1277/1 236/1236/1
f 318/1238/1 319/1279/1 278/1278/1 277/1237/1
f 359/1239/1 360/1280/1 319/1279/1 318/1238/1
f 400/1240/1 401/1281/1 360/1280/1 359/1239/1
f 441/1241/1 442/1282/1 401/1281/1 400/1240/1
f 482/1242/1 483/1283/1 442/1282/1 441/1241/1
f 523/1243/1 524/1284/1 483/1283/1 482/1242/1
f 564/1244/1 565/1285/1 524/1284/1 523/1243/1
f 605/1245/1 606/1286/1 565/1285/1 564/1244/1
f 646/1246/1 647/1287/1 606/1286/1 605/1245/1
f 687/1247/1 688/1288/1 647/1287/1 646/1246/1
f 728/1248/1 729/1289/1 688/1288/1 687/1247/1
f 769/1249/1 770/1290/1 729/1289/1 728/1248/1
f 810/1250/1 811/1291/1 770/1290/1 769/1249/1
f 851/1251/1 852/1292/1 811/1291/1 810/1250/1
f 892/1252/1 893/1293/1 852/1292/1 851/1251/1
f 933/1253/1 934/1294/1 893/1293/1 892/1252/1
f 974/1254/1 975/1295/1 934/1294/1 933/1253/1
f 1015/1255/1 1016/1296/1 975/1295/1 974/1254/1
f 1056/1256/1 1057/1297/1 1016/1296/1 1015/1255/1
f 1097/1257/1 1098/1298/1 1057/1297/1 1056/1256/1
f 1138/1258/1 1139/1299/1 1098/1298/1 1097/1257/1
f 1179/1259/1 1180/1300/1 1139/1299/1 1138/1258/1
f 1220/1260/1 1221/1301/1 1180/1300/1 1179/1259/1
f 1261/1261/1 1262/1302/1 1221/1301/1 1220/1260/1
f 1302/1262/1 1303/1303/1 1262/1302/1 1261/1261/1
f 1343/1263/1 1344/1304/1 1303/1303/1 1302/1262/1
f 1384/1264/1 1385/1305/1 1344/1304/1 1343/1263/1
f 1425/1265/1 1426/1306/1 1385/1305/1 1384/1264/1
f 1466/1266/1 1467/1307/1 1426/1306/1 1425/1265/1
f 1507/1267/1 1508/1308/1 1467/1307/1 1466/1266/1
f 1548/1268/1 1549/1309/1 1508/1308/1 1507/1267/1
f 1589/1269/1 1590/1310/1 1549/1309/1 1548/1268/1
f 1630/1270/1 1631/1311/1 1590/1310/1 1589/1269/1
f 1671/1271/1 1672/1312/1 1631/1311/1 1630/1270/1
f 73/1273/1 74/1314/1 33/1313/1 32/1272/1
f 114/1274/1 115/1315/1 74/1314/1 73/1273/1
f 155/1275/1 156/1316/1 115/1315/1 114/1274/1
f 196/1276/1 197/1317/1 156/1316/1 155/1275/1
f 237/1277/1 238/1318/1 197/1317/1 196/1276/1
f 278/1278/1 279/1319/1 238/1318/1 237/1277/1
f 319/1279/1 320/1320/1 279/1319/1 278/1278/1
f 360/1280/1 361/1321/1 320/1320/1 319/1279/1
f 401/1281/1 402/1322/1 361/1321/1 360/1280/1
f 442/1282/1 443/1323/1 402/1322/1 401/1281/1
f 483/1283/1 484/1324/1 443/1323/1 442/1282/1
f 524/1284/1 525/1325/1 484/1324/1 483/1283/1
f 565/1285/1 566/1326/1 525/1325/1 524/1284/1
f 606/1286/1 607/1327/1 566/1326/1 565/1285/1
f 647/1287/1 648/1328/1 607/1327/1 606/1286/1
f 688/1288/1 689/1329/1 648/1328/1 647/1287/1
f 729/1289/1 730/1330/1 689/1329/1 688/1288/1
f 770/1290/1 771/1331/1 730/1330/1 729/1289/1
f 811/1291/1 812/1332/1 771/1331/1 770/1290/1
f 852/1292/1 853/1333/1 812/1332/1 811/1291/1
f 893/1293/1 894/1334/1 853/1333/1 852/1292/1
f 934/1294/1 935/1335/1 894/1334/1 893/1293/1
f 975/1295/1 976/1336/1 935/1335/1 934/1294/1
f 1016/1296/1 1017/1337/1 976/1336/1 975/1295/1
f 1057/1297/1 1058/1338/1 1017/1337/1 1016/1296/1
f 1098/1298/1 1099/1339/1 1058/1338/1 1057/1297/1
f 1139/1299/1 1140/1340/1 1099/1339/1 1098/1298/1
f 1180/1300/1 1181/1341/1 1140/1340/1 1139/1299/1
f 1221/1301/1 1222/1342/1 1181/1341/1 1180/1300/1
f 1262/1302/1 1263/1343/1 1222/1342/1 1221/1301/1
f 1303/1303/1 1304/1344/1 1263/1343/1 1262/1302/1
f 1344/1304/1 1345/1345/1 1304/1344/1 1303/1303/1
f 1385/1305/1 1386/1346/1 1345/1345/1 1344/1304/1
f 1426/1306/1 1427/1347/1 1386/1346/1 1385/1305/1
f 1467/1307/1 1468/1348/1 1427/1347/1 1426/1306/1
f 1508/1308/1 1509/1349/1 1468/1348/1 1467/1307/1
f 1549/1309/1 1550/1350/1 1509/1349/1 1508/1308/1
f 1590/1310/1 1591/1351/1 1550/1350/1 1549/1309/1
f 1631/1311/1 1632/1352/1 1591/1351/1 1590/1310/1
f 1672/1312/1 1673/1353/1 1632/1352/1 1631/1311/1
f 74/1314/1 75/1355/1 34/1354/1 33/1313/1
f 115/1315/1 116/1356/1 75/1355/1 74/1314/1
f 156/1316/1 157/1357/1 116/1356/1 115/1315/1
f 197/1317/1 198/1358/1 157/1357/1 156/1316/1
f 238/1318/1 239/1359/1 198/1358/1 197/1317/1
f 279/1319/1 280/1360/1 239/1359/1 238/1318/1
f 320/1320/1 321/1361/1 280/1360/1 279/1319/1
f 361/1321/1 362/1362/1 321/1361/1 320/1320/1
f 402/1322/1 403/1363/1 362/1362/1 361/1321/1
f 443/1323/1 444/1364/1 403/1363/1 402/1322/1
f 484/1324/1 485/1365/1 444/1364/1 443/1323/1
f 525/1325/1 526/1366/1 485/1365/1 484/1324/1
f 566/1326/1 567/1367/1 526/1366/1 525/1325/1
f 607/1327/1 608/1368/1 567/1367/1 566/1326/1
f 648/1328/1 649/1369/1 608/1368/1 607/1327/1
f 689/1329/1 690/1370/1 649/1369/1 648/1328/1
f 730/1330/1 731/1371/1 690/1370/1 689/1329/1
f 771/1331/1 772/1372/1 731/1371/1 730/1330/1
f 812/1332/1 813/1373/1 772/1372/1 771/1331/1
f 853/1333/1 854/1374/1 813/1373/1 812/1332/1
f 894/1334/1 895/1375/1 854/1374/1 853/1333/1
f 935/1335/1 936/1376/1 895/1375/1 894/1334/1
f 976/1336/1 977/1377/1 936/1376/1 935/1335/1
f 1017/1337/1 1018/1378/1 977/1377/1 976/1336/1
f 1058/1338/1 1059/1379/1 1018/1378/1 1017/1337/1
f 1099/1339/1 1100/1380/1 1059/1379/1 1058/1338/1
f 1140/1340/1 1141/1381/1 1100/1380/1 1099/1339/1
f 1181/1341/1 1182/1382/1 1141/1381/1 1140/1340/1
f 1222/1342/1 1223/1383/1 1182/1382/1 1181/1341/1
f 1263/1343/1 1264/1384/1 1223/1383/1 1222/1342/1
f 1304/1344/1 1305/1385/1 1264/1384/1 1263/1343/1
f 1345/1345/1 1346/1386/1 1305/1385/1 1304/1344/1
f 1386/1346/1 1387/1387/1 1346/1386/1 1345/1345/1
f 1427/1347/1 1428/1388/1 1387/1387/1 1386/1346/1
f 1468/1348/1 1469/1389/1 1428/1388/1 1427/1347/1
f 1509/1349/1 1510/1390/1 1469/1389/1 1468/1348/1
f 1550/1350/1 1551/1391/1 1510/1390/1 1509/1349/1
f 1591/1351/1 1592/1392/1 1551/1391/1 1550/1350/1
f 1632/1352/1 1633/1393/1 1592/1392/1 1591/1351/1
f 1673/1353/1 1674/1394/1 1633/1393/1 1632/1352/1
f 75/1355/1 76/1396/1 35/1395/1 34/1354/1
f 116/1356/1 117/1397/1 76/1396/1 75/1355/1
f 157/1357/1 158/1398/1 117/1397/1 116/1356/1
f 198/1358/1 199/1399/1 158/1398/1 157/1357/1
f 239/1359/1 240/1400/1 199/1399/1 198/1358/1
f 280/1360/1 281/1401/1 240/1400/1 239/1359/1
f 321/1361/1 322/1402/1 281/1401/1 280/1360/1
f 362/1362/1 363/1403/1 322/1402/1 321/1361/1
f 403/1363/1 404/1404/1 363/1403/1 362/1362/1
f 444/1364/1 445/1405/1 404/1404/1 403/1363/1
f 485/1365/1 486/1406/1 445/1405/1 444/1364/1
f 526/1366/1 527/1407/1 486/1406/1 485/1365/1
f 567/1367/1 568/1408/1 527/1407/1 526/1366/1
f 608/1368/1 609/1409/1 568/1408/1 567/1367/1
f 649/1369/1 650/1410/1 609/1409/1 608/1368/1
f 690/1370/1 691/1411/1 650/1410/1 649/1369/1
f 731/1371/1 732/1412/1 691/1411/1 690/1370/1
f 772/1372/1 773/1413/1 732/1412/1 731/1371/1
f 813/1373/1 814/1414/1 773/1413/1 772/1372/1
f 854/1374/1 855/1415/1 814/1414/1 813/1373/1
f 895/1375/1 896/1416/1 855/1415/1 854/1374/1
f 936/1376/1 937/1417/1 896/1416/1 895/1375/1
f 977/1377/1 978/1418/1 937/1417/1 936/1376/1
f 1018/1378/1 1019/1419/1 978/1418/1 977/1377/1
f 1059/1379/1 1060/1420/1 1019/1419/1 1018/1378/1
f 1100/1380/1 1101/1421/1 1060/1420/1 1059/1379/1
f 1141/1381/1 1142/1422/1 1101/1421/1 1100/1380/1
f 1182/1382/1 1183/1423/1 1142/1422/1 1141/1381/1
f 1223/1383/1 1224/1424/1 1183/1423/1 1182/1382/1
f 1264/1384/1 1265/1425/1 1224/1424/1 1223/1383/1
f 1305/1385/1 1306/1426/1 1265/1425/1 1264/1384/1
f 1346/1386/1 1347/1427/1 1306/1426/1 1305/1385/1
f 1387/1387/1 1388/1428/1 1347/1427/1 1346/1386/1
f 1428/1388/1 1429/1429/1 1388/1428/1 1387/1387/1
f 1469/1389/1 1470/1430/1 1429/1429/1 1428/1388/1
f 1510/1390/1 1511/1431/1 1470/1430/1 1469/1389/1
f 1551/1391/1 1552/1432/1 1511/1431/1 1510/1390/1
f 1592/1392/1 1593/1433/1 1552/1432/1 1551/1391/1
f 1633/1393/1 1634/1434/1 1593/1433/1 1592/1392/1
f 1674/1394/1 1675/1435/1 1634/1434/1 1633/1393/1
f 76/1396/1 77/1437/1 36/1436/1 35/1395/1
f 117/1397/1 118/1438/1 77/1437/1 76/1396/1
f 158/1398/1 159/1439/1 118/1438/1 117/1397/1
f 199/1399/1 200/1440/1 159/1439/1 158/1398/1
f 240/1400/1 241/1441/1 200/1440/1 199/1399/1
f 281/1401/1 282/1442/1 241/1441/1 240/1400/1
f 322/1402/1 323/1443/1 282/1442/1 281/1401/1
f 363/1403/1 364/1444/1 323/1443/1 322/1402/1
f 404/1404/1 405/1445/1 364/1444/1 363/1403/1
f 445/1405/1 446/1446/1 405/1445/1 404/1404/1
f 486/1406/1 487/1447/1 446/1446/1 445/1405/1
f 527/1407/1 528/1448/1 487/1447/1 486/1406/1
f 568/1408/1 569/1449/1 528/1448/1 527/1407/1
f 609/1409/1 610/1450/1 569/1449/1 568/1408/1
f 650/1410/1 651/1451/1 610/1450/1 609/1409/1
f 691/1411/1 692/1452/1 651/1451/1 650/1410/1
f 732/1412/1 733/1453/1 692/1452/1 691/1411/1
f 773/1413/1 774/1454/1 733/1453/1 732/1412/1
f 814/1414/1 815/1455/1 774/1454/1 773/1413/1
f 855/1415/1 856/1456/1 815/1455/1 814/1414/1
f 896/1416/1 897/1457/1 856/1456/1 855/1415/1
f 937/1417/1 938/1458/1 897/1457/1 896/1416/1
f 978/1418/1 979/1459/1 938/1458/1 937/1417/1
f 1019/1419/1 1020/1460/1 979/1459/1 978/1418/1
f 1060/1420/1 1061/1461/1 1020/1460/1 1019/1419/1
f 1101/1421/1 1102/1462/1 1061/1461/1 1060/1420/1
f 1142/1422/1 1143/1463/1 1102/1462/1 1101/1421/1
f 1183/1423/1 1184/1464/1 1143/1463/1 1142/1422/1
f 1224/1424/1 1225/1465/1 1184/1464/1 1183/1423/1
f 1265/1425/1 1266/1466/1 1225/1465/1 1224/1424/1
f 1306/1426/1 1307/1467/1 1266/1466/1 1265/1425/1
f 1347/1427/1 1348/1468/1 1307/1467/1 1306/1426/1
f 1388/1428/1 1389/1469/1 1348/1468/1 1347/1427/1
f 1429/1429/1 1430/1470/1 1389/1469/1 1388/1428/1
f 1470/1430/1 1471/1471/1 1430/1470/1 1429/1429/1
f 1511/1431/1 1512/1472/1 1471/1471/1 1470/1430/1
f 1552/1432/1 1553/1473/1 1512/1472/1 1511/1431/1
f 1593/1433/1 1594/1474/1 1553/1473/1 1552/1432/1
f 1634/1434/1 1635/1475/1 1594/1474/1 1593/1433/1
f 1675/1435/1 1676/1476/1 1635/1475/1 1634/1434/1
f 77/1437/1 78/1478/1 37/1477/1 36/1436/1
f 118/1438/1 119/1479/1 78/1478/1 77/1437/1
f 159/1439/1 160/1480/1 119/1479/1 118/1438/1
f 200/1440/1 201/1481/1 160/1480/1 159/1439/1
f 241/1441/1 242/1482/1 201/1481/1 200/1440/1
f 282/1442/1 283/1483/1 242/1482/1 241/1441/1
f 323/1443/1 324/1484/1 283/1483/1 282/1442/1
f 364/1444/1 365/1485/1 324/1484/1 323/1443/1
f 405/1445/1 406/1486/1 365/1485/1 364/1444/1
f 446/1446/1 447/1487/1 406/1486/1 405/1445/1
f 487/1447/1 488/1488/1 447/1487/1 446/1446/1
f 528/1448/1 529/1489/1 488/1488/1 487/1447/1
f 569/1449/1 570/1490/1 529/1489/1 528/1448/1
f 610/1450/1 611/1491/1 570/1490/1 569/1449/1
f 651/1451/1 652/1492/1 611/1491/1 610/1450/1
f 692/1452/1 693/1493/1 652/1492/1 651/1451/1
f 733/1453/1 734/1494/1 693/1493/1 692/1452/1
f 774/1454/1 775/1495/1 734/1494/1 733/1453/1
f 815/1455/1 816/1496/1 775/1495/1 774/1454/1
f 856/1456/1 857/1497/1 816/1496/1 815/1455/1
f 897/1457/1 898/1498/1 857/1497/1 856/1456/1
f 938/1458/1 939/1499/1 898/1498/1 897/1457/1
f 979/1459/1 980/1500/1 939/1499/1 938/1458/1
f 1020/1460/1 1021/1501/1 980/1500/1 979/1459/1
f 1061/1461/1 1062/1502/1 1021/1501/1 1020/1460/1
f 1102/1462/1 1103/1503/1 1062/1502/1 1061/1461/1
f 1143/1463/1 1144/1504/1 1103/1503/1 1102/1462/1
f 1184/1464/1 1185/1505/1 1144/1504/1 1143/1463/1
f 1225/1465/1 1226/1506/1 1185/1505/1 1184/1464/1
f 1266/1466/1 1267/1507/1 1226/1506/1 1225/1465/1
f 1307/1467/1 1308/1508/1 1267/1507/1 1266/1466/1
f 1348/1468/1 1349/1509/1 1308/1508/1 1307/1467/1
f 1389/1469/1 1390/1510/1 1349/1509/1 1348/1468/1
f 1430/1470/1 1431/1511/1 1390/1510/1 1389/1469/1
f 1471/1471/1 1472/1512/1 1431/1511/1 1430/1470/1
f 1512/1472/1 1513/1513/1 1472/1512/1 1471/1471/1
f 1553/1473/1 1554/1514/1 1513/1513/1 1512/1472/1
f 1594/1474/1 1595/1515/1 1554/1514/1 1553/1473/1
f 1635/1475/1 1636/1516/1 1595/1515/1 1594/1474/1
f 1676/1476/1 1677/1517/1 1636/1516/1 1635/1475/1
f 78/1478/1 79/1519/1 38/1518/1 37/1477/1
f 119/1479/1 120/1520/1 79/1519/1 78/1478/1
f 160/1480/1 161/1521/1 120/1520/1 119/1479/1
f 201/1481/1 202/1522/1 161/1521/1 160/1480/1
f 242/1482/1 243/1523/1 202/1522/1 201/1481/1
f 283/1483/1 284/1524/1 243/1523/1 242/1482/1
f 324/1484/1 325/1525/1 284/1524/1 283/1483/1
f 365/1485/1 366/1526/1 325/1525/1 324/1484/1
f 406/1486/1 407/1527/1 366/1526/1 365/1485/1
f 447/1487/1 448/1528/1 407/1527/1 406/1486/1
f 488/1488/1 489/1529/1 448/1528/1 447/1487/1
f 529/1489/1 530/1530/1 489/1529/1 488/1488/1
f 570/1490/1 571/1531/1 530/1530/1 529/1489/1
f 611/1491/1 612/1532/1 571/1531/1 570/1490/1
f 652/1492/1 653/1533/1 612/1532/1 611/1491/1
f 693/1493/1 694/1534/1 653/1533/1 652/1492/1
f 734/1494/1 735/1535/1 694/1534/1 693/1493/1
f 775/1495/1 776/1536/1 735/1535/1 734/1494/1
f 816/1496/1 817/1537/1 776/1536/1 775/1495/1
f 857/1497/1 858/1538/1 817/1537/1 816/1496/1
f 898/1498/1 899/1539/1 858/1538/1 857/1497/1
f 939/1499/1 940/1540/1 899/1539/1 898/1498/1
f 980/1500/1 981/1541/1 940/1540/1 939/1499/1
f 1021/1501/1 1022/1542/1 981/1541/1 980/1500/1
f 1062/1502/1 1063/1543/1 1022/1542/1 1021/1501/1
f 1103/1503/1 1104/1544/1 1063/1543/1 1062/1502/1
f 1144/1504/1 1145/1545/1 1104/1544/1 1103/1503/1
f 1185/1505/1 1186/1546/1 1145/1545/1 1144/1504/1
f 1226/1506/1 1227/1547/1 1186/1546/1 1185/1505/1
f 1267/1507/1 1268/1548/1 1227/1547/1 1226/1506/1
f 1308/1508/1 1309/1549/1 1268/1548/1 1267/1507/1
f 1349/1509/1 1350/1550/1 1309/1549/1 1308/1508/1
f 1390/1510/1 1391/1551/1 1350/1550/1 1349/1509/1
f 1431/1511/1 1432/1552/1 1391/1551/1 1390/1510/1
f 1472/1512/1 1473/1553/1 1432/1552/1 1431/1511/1
f 1513/1513/1 1514/1554/1 1473/1553/1 1472/1512/1
f 1554/1514/1 1555/1555/1 1514/1554/1 1513/1513/1
f 1595/1515/1 1596/1556/1 1555/1555/1 1554/1514/1
f 1636/1516/1 1637/1557/1 1596/1556/1 1595/1515/1
f 1677/1517/1 1678/1558/1 1637/1557/1 1636/1516/1
f 79/1519/1 80/1560/1 39/1559/1 38/1518/1
f 120/1520/1 121/1561/1 80/1560/1 79/1519/1
f 161/1521/1 162/1562/1 121/1561/1 120/1520/1
f 202/1522/1 203/1563/1 162/1562/1 161/1521/1
f 243/1523/1 244/1564/1 203/1563/1 202/1522/1
f 284/1524/1 285/1565/1 244/1564/1 243/1523/1
f 325/1525/1 326/1566/1 285/1565/1 284/1524/1
f 366/1526/1 367/1567/1 326/1566/1 325/1525/1
f 407/1527/1 408/1568/1 367/1567/1 366/1526/1
f 448/1528/1 449/1569/1 408/1568/1 407/1527/1
f 489/1529/1 490/1570/1 449/1569/1 448/1528/1
f 530/1530/1 531/1571/1 490/1570/1 489/1529/1
f 571/1531/1 572/1572/1 531/1571/1 530/1530/1
f 612/1532/1 613/1573/1 572/1572/1 571/1531/1
f 653/1533/1 654/1574/1 613/1573/1 612/1532/1
f 694/1534/1 695/1575/1 654/1574/1 653/1533/1
f 735/1535/1 736/1576/1 695/1575/1 694/1534/1
f 776/1536/1 777/1577/1 736/1576/1 735/1535/1
f 817/1537/1 818/1578/1 777/1577/1 776/1536/1
f 858/1538/1 859/1579/1 818/1578/1 817/1537/1
f 899/1539/1 900/1580/1 859/1579/1 858/1538/1
f 940/1540/1 941/1581/1 900/1580/1 899/1539/1
f 981/1541/1 982/1582/1 941/1581/1 940/1540/1
f 1022/1542/1 1023/1583/1 982/1582/1 981/1541/1
f 1063/1543/1 1064/1584/1 1023/1583/1 1022/1542/1
f 1104/1544/1 1105/1585/1 1064/1584/1 1063/1543/1
f 1145/1545/1 1146/1586/1 1105/1585/1 1104/1544/1
f 1186/1546/1 1187/1587/1 1146/1586/1 1145/1545/1
f 1227/1547/1 1228/1588/1 1187/1587/1 1186/1546/1
f 1268/1548/1 1269/1589/1 1228/1588/1 1227/1547/1
f 1309/1549/1 1310/1590/1 1269/1589/1 1268/1548/1
f 1350/1550/1 1351/1591/1 1310/1590/1 1309/1549/1
f 1391/1551/1 1392/1592/1 1351/1591/1 1350/1550/1
f 1432/1552/1 1433/1593/1 1392/1592/1 1391/1551/1
f 1473/1553/1 1474/1594/1 1433/1593/1 1432/1552/1
f 1514/1554/1 1515/1595/1 1474/1594/1 1473/1553/1
f 1555/1555/1 1556/1596/1 1515/1595/1 1514/1554/1
f 1596/1556/1 1597/1597/1 1556/1596/1 1555/1555/1
f 1637/1557/1 1638/1598/1 1597/1597/1 1596/1556/1
f 1678/1558/1 1679/1599/1 1638/1598/1 1637/1557/1
f 80/1560/1 81/1601/1 40/1600/1 39/1559/1
f 121/1561/1 122/1602/1 81/1601/1 80/1560/1
f 162/1562/1 163/1603/1 122/1602/1 121/1561/1
f 203/1563/1 204/1604/1 163/1603/1 162/1562/1
f 244/1564/1 245/1605/1 204/1604/1 203/1563/1
f 285/1565/1 286/1606/1 245/1605/1 244/1564/1
f 326/1566/1 327/1607/1 286/1606/1 285/1565/1
f 367/1567/1 368/1608/1 327/1607/1 326/1566/1
f 408/1568/1 409/1609/1 368/1608/1 367/1567/1
f 449/1569/1 450/1610/1 409/1609/1 408/1568/1
f 490/1570/1 491/1611/1 450/1610/1 449/1569/1
f 531/1571/1 532/1612/1 491/1611/1 490/1570/1
f 572/1572/1 573/1613/1 532/1612/1 531/1571/1
f 613/1573/1 614/1614/1 573/1613/1 572/1572/1
f 654/1574/1 655/1615/1 614/1614/1 613/1573/1
f 695/1575/1 696/1616/1 655/1615/1 654/1574/1
f 736/1576/1 737/1617/1 696/1616/1 695/1575/1
f 777/1577/1 778/1618/1 737/1617/1 736/1576/1
f 818/1578/1 819/1619/1 778/1618/1 777/1577/1
f 859/1579/1 860/1620/1 819/1619/1 818/1578/1
f 900/1580/1 901/1621/1 860/1620/1 859/1579/1
f 941/1581/1 942/1622/1 901/1621/1 900/1580/1
f 982/1582/1 983/1623/1 942/1622/1 941/1581/1
f 1023/1583/1 1024/1624/1 983/1623/1 982/1582/1
f 1064/1584/1 1065/1625/1 1024/1624/1 1023/1583/1
f 1105/1585/1 1106/1626/1 1065/1625/1 1064/1584/1
f 1146/1586/1 1147/1627/1 1106/1626/1 1105/1585/1
f 1187/1587/1 1188/1628/1 1147/1627/1 1146/1586/1
f 1228/1588/1 1229/1629/1 1188/1628/1 1187/1587/1
f 1269/1589/1 1270/1630/1 1229/1629/1 1228/1588/1
f 1310/1590/1 1311/1631/1 1270/1630/1 1269/1589/1
f 1351/1591/1 1352/1632/1 1311/1631/1 1310/1590/1
f 1392/1592/1 1393/1633/1 1352/1632/1 1351/1591/1
f 1433/1593/1 1434/1634/1 1393/1633/1 1392/1592/1
f 1474/1594/1 1475/1635/1 1434/1634/1 1433/1593/1
f 1515/1595/1 1516/1636/1 1475/1635/1 1474/1594/1
f 1556/1596/1 1557/1637/1 1516/1636/1 1515/1595/1
f 1597/1597/1 1598/1638/1 1557/1637/1 1556/1596/1
f 1638/1598/1 1639/1639/1 1598/1638/1 1597/1597/1
f 1679/1599/1 1680/1640/1 1639/1639/1 1638/1598/1
f 81/1601/1 82/1642/1 41/1641/1 40/1600/1
f 122/1602/1 123/1643/1 82/1642/1 81/1601/1
f 163/1603/1 164/1644/1 123/1643/1 122/1602/1
f 204/1604/1 205/1645/1 164/1644/1 163/1603/1
f 245/1605/1 246/1646/1 205/1645/1 204/1604/1
f 286/1606/1 287/1647/1 246/1646/1 245/1605/1
f 327/1607/1 328/1648/1 287/1647/1 286/1606/1
f 368/1608/1 369/1649/1 328/1648/1 327/1607/1
f 409/1609/1 410/1650/1 369/1649/1 368/1608/1
f 450/1610/1 451/1651/1 410/1650/1 409/1609/1
f 491/1611/1 492/1652/1 451/1651/1 450/1610/1
f 532/1612/1 533/1653/1 492/1652/1 491/1611/1
f 573/1613/1 574/1654/1 533/1653/1 532/1612/1
f 614/1614/1 615/1655/1 574/1654/1 573/1613/1
f 655/1615/1 656/1656/1 615/1655/1 614/1614/1
f 696/1616/1 697/1657/1 656/1656/1 655/1615/1
f 737/1617/1 738/1658/1 697/1657/1 696/1616/1
f 778/1618/1 779/1659/1 738/1658/1 737/1617/1
f 819/1619/1 820/1660/1 779/1659/1 778/1618/1
f 860/1620/1 861/1661/1 820/1660/1 819/1619/1
f 901/1621/1 902/1662/1 861/1661/1 860/1620/1
f 942/1622/1 943/1663/1 902/1662/1 901/1621/1
f 983/1623/1 984/1664/1 943/1663/1 942/1622/1
f 1024/1624/1 1025/1665/1 984/1664/1 983/1623/1
f 1065/1625/1 1066/1666/1 1025/1665/1 1024/1624/1
f 1106/1626/1 1107/1667/1 1066/1666/1 1065/1625/1
f 1147/1627/1 1148/1668/1 1107/1667/1 1106/1626/1
f 1188/1628/1 1189/1669/1 1148/1668/1 1147/1627/1
f 1229/1629/1 1230/1670/1 1189/1669/1 1188/1628/1
f 1270/1630/1 1271/1671/1 1230/1670/1 1229/1629/1
f 1311/1631/1 1312/1672/1 1271/1671/1 1270/1630/1
f 1352/1632/1 1353/1673/1 1312/1672/1 1311/1631/1
f 1393/1633/1 1394/1674/1 1353/1673/1 1352/1632/1
f 1434/1634/1 1435/1675/1 1394/1674/1 1393/1633/1
f 1475/1635/1 1476/1676/1 1435/1675/1 1434/1634/1
f 1516/1636/1 1517/1677/1 1476/1676/1 1475/1635/1
f 1557/1637/1 1558/1678/1 1517/1677/1 1516/1636/1
f 1598/1638/1 1599/1679/1 1558/1678/1 1557/1637/1
f 1639/1639/1 1640/1680/1 1599/1679/1 1598/1638/1
f 1680/1640/1 1681/1681/1 1640/1680/1 1639/1639/1
f 1682/4/2 1683/3/2 1642/2/2 1641/1/2
f 1723/6/2 1724/5/2 1683/3/2 1682/4/2
f 1764/8/2 1765/7/2 1724/5/2 1723/6/2
f 1805/10/2 1806/9/2 1765/7/2 1764/8/2
f 1846/12/2 1847/11/2 1806/9/2 1805/10/2
f 1887/14/2 1888/13/2 1847/11/2 1846/12/2
f 1928/16/2 1929/15/2 1888/13/2 1887/14/2
f 1969/18/2 1970/17/2 1929/15/2 1928/16/2
f 2010/20/2 2011/19/2 1970/17/2 1969/18/2
f 2051/22/2 2052/21/2 2011/19/2 2010/20/2
f 2092/24/2 2093/23/2 2052/21/2 2051/22/2
f 2133/26/2 2134/25/2 2093/23/2 2092/24/2
f 2174/28/2 2175/27/2 2134/25/2 2133/26/2
f 2215/30/2 2216/29/2 2175/27/2 2174/28/2
f 2256/32/2 2257/31/2 2216/29/2 2215/30/2
f 2297/34/2 2298/33/2 2257/31/2 2256/32/2
f 2338/36/2 2339/35/2 2298/33/2 2297/34/2
f 2379/38/2 2380/37/2 2339/35/2 2338/36/2
f 2420/40/2 2421/39/2 2380/37/2 2379/38/2
f 2461/42/2 2462/41/2 2421/39/2 2420/40/2
f 2502/44/2 2503/43/2 2462/41/2 2461/42/2
f 2543/46/2 2544/45/2 2503/43/2 2502/44/2
f 2584/48/2 2585/47/2 2544/45/2 2543/46/2
f 2625/50/2 2626/49/2 2585/47/2 2584/48/2
f 2666/52/2 2667/51/2 2626/49/2 2625/50/2
f 2707/54/2 2708/53/2 2667/51/2 2666/52/2
f 2748/56/2 2749/55/2 2708/53/2 2707/54/2
f 2789/58/2 2790/57/2 2749/55/2 2748/56/2
f 2830/60/2 2831/59/2 2790/57/2 2789/58/2
f 2871/62/2 2872/61/2 2831/59/2 2830/60/2
f 2912/64/2 2913/63/2 2872/61/2 2871/62/2
f 2953/66/2 2954/65/2 2913/63/2 2912/64/2
f 2994/68/2 2995/67/2 2954/65/2 2953/66/2
f 3035/70/2 3036/69/2 2995/67/2 2994/68/2
f 3076/72/2 3077/71/2 3036/69/2 3035/70/2
f 3117/74/2 3118/73/2 3077/71/2 3076/72/2
f 3158/76/2 3159/75/2 3118/73/2 3117/74/2
f 3199/78/2 3200/77/2 3159/75/2 3158/76/2
f 3240/80/2 3241/79/2 3200/77/2 3199/78/2
f 3281/82/2 3282/81/2 3241/79/2 3240/80/2
f 1683/3/2 1684/84/2 1643/83/2 1642/2/2
f 1724/5/2 1725/85/2 1684/84/2 1683/3/2
f 1765/7/2 1766/86/2 1725/85/2 1724/5/2
f 1806/9/2 1807/87/2 1766/86/2 1765/7/2
f 1847/11/2 1848/88/2 1807/87/2 1806/9/2
f 1888/13/2 1889/89/2 1848/88/2 1847/11/2
f 1929/15/2 1930/90/2 1889/89/2 1888/13/2
f 1970/17/2 1971/91/2 1930/90/2 1929/15/2
f 2011/19/2 2012/92/2 1971/91/2 1970/17/2
f 2052/21/2 2053/93/2 2012/92/2 2011/19/2
f 2093/23/2 2094/94/2 2053/93/2 2052/21/2
f 2134/25/2 2135/95/2 2094/94/2 2093/23/2
f 2175/27/2 2176/96/2 2135/95/2 2134/25/2
f 2216/29/2 2217/97/2 2176/96/2 2175/27/2
f 2257/31/2 2258/98/2 2217/97/2 2216/29/2
f 2298/33/2 2299/99/2 2258/98/2 2257/31/2
f 2339/35/2 2340/100/2 2299/99/2 2298/33/2
f 2380/37/2 2381/101/2 2340/100/2 2339/35/2
f 2421/39/2 2422/102/2 2381/101/2 2380/37/2
f 2462/41/2 2463/103/2 2422/102/2 2421/39/2
f 2503/43/2 2504/104/2 2463/103/2 2462/41/2
f 2544/45/2 2545/105/2 2504/104/2 2503/43/2
f 2585/47/2 2586/106/2 2545/105/2 2544/45/2
f 2626/49/2 2627/107/2 2586/106/2 2585/47/2
f 2667/51/2 2668/108/2 2627/107/2 2626/49/2
f 2708/53/2 2709/109/2 2668/108/2 2667/51/2
f 2749/55/2 2750/110/2 2709/109/2 2708/53/2
f 2790/57/2 2791/111/2 2750/110/2 2749/55/2
f 2831/59/2 2832/112/2 2791/111/2 2790/57/2
f 2872/61/2 2873/113/2 2832/112/2 2831/59/2
f 2913/63/2 2914/114/2 2873/113/2 2872/61/2
f 2954/65/2 2955/115/2 2914/114/2 2913/63/2
f 2995/67/2 2996/116/2 2955/115/2 2954/65/2
f 3036/69/2 3037/117/2 2996/116/2 2995/67/2
f 3077/71/2 3078/118/2 3037/117/2 3036/69/2
f 3118/73/2 3119/119/2 3078/118/2 3077/71/2
f 3159/75/2 3160/120/2 3119/119/2 3118/73/2
f 3200/77/2 3201/121/2 3160/120/2 3159/75/2
f 3241/79/2 3242/122/2 3201/121/2 3200/77/2
f 3282/81/2 3283/123/2 3242/122/2 3241/79/2
f 1684/84/2 1685/125/2 1644/124/2 1643/83/2
f 1725/85/2 1726/126/2 1685/125/2 1684/84/2
f 1766/86/2 1767/127/2 1726/126/2 1725/85/2
f 1807/87/2 1808/128/2 1767/127/2 1766/86/2
f 1848/88/2 1849/129/2 1808/128/2 1807/87/2
f 1889/89/2 1890/130/2 1849/129/2 1848/88/2
f 1930/90/2 1931/131/2 1890/130/2 1889/89/2
f 1971/91/2 1972/132/2 1931/131/2 1930/90/2
f 2012/92/2 2013/133/2 1972/132/2 1971/91/2
f 2053/93/2 2054/134/2 2013/133/2 2012/92/2
f 2094/94/2 2095/135/2 2054/134/2 2053/93/2
f 2135/95/2 2136/136/2 2095/135/2 2094/94/2
f 2176/96/2 2177/137/2 2136/136/2 2135/95/2
f 2217/97/2 2218/138/2 2177/137/2 2176/96/2
f 2258/98/2 2259/139/2 2218/138/2 2217/97/2
f 2299/99/2 2300/140/2 2259/139/2 2258/98/2
f 2340/100/2 2341/141/2 2300/140/2 2299/99/2
f 2381/101/2 2382/142/2 2341/141/2 2340/100/2
f 2422/102/2 2423/143/2 2382/142/2 2381/101/2
f 2463/103/2 2464/144/2 2423/143/2 2422/102/2
f 2504/104/2 2505/145/2 2464/144/2 2463/103/2
f 2545/105/2 2546/146/2 2505/145/2 2504/104/2
f 2586/106/2 2587/147/2 2546/146/2 2545/105/2
f 2627/107/2 2628/148/2 2587/147/2 2586/106/2
f 2668/108/2 2669/149/2 2628/148/2 2627/107/2
f 2709/109/2 2710/150/2 2669/149/2 2668/108/2
f 2750/110/2 2751/151/2 2710/150/2 2709/109/2
f 2791/111/2 2792/152/2 2751/151/2 2750/110/2
f 2832/112/2 2833/153/2 2792/152/2 2791/111/2
f 2873/113/2 2874/154/2 2833/153/2 2832/112/2
f 2914/114/2 2915/155/2 2874/154/2 2873/113/2
f 2955/115/2 2956/156/2 2915/155/2 2914/114/2
f 2996/116/2 2997/157/2 2956/156/2 2955/115/2
f 3037/117/2 3038/158/2 2997/157/2 2996/116/2
f 3078/118/2 3079/159/2 3038/158/2 3037/117/2
f 3119/119/2 3120/160/2 3079/159/2 3078/118/2
f 3160/120/2 3161/161/2 3120/160/2 3119/119/2
f 3201/121/2 3202/162/2 3161/161/2 3160/120/2
f 3242/122/2 3243/163/2 3202/162/2 3201/121/2
f 3283/123/2 3284/164/2 3243/163/2 3242/122/2
f 1685/125/2 1686/166/2 1645/165/2 1644/124/2
f 1726/126/2 1727/167/2 1686/166/2 1685/125/2
f 1767/127/2 1768/168/2 1727/167/2 1726/126/2
f 1808/128/2 1809/169/2 1768/168/2 1767/127/2
f 1849/129/2 1850/170/2 1809/169/2 1808/128/2
f 1890/130/2 1891/171/2 1850/170/2 1849/129/2
f 1931/131/2 1932/172/2 1891/171/2 1890/130/2
f 1972/132/2 1973/173/2 1932/172/2 1931/131/2
f 2013/133/2 2014/174/2 1973/173/2 1972/132/2
f 2054/134/2 2055/175/2 2014/174/2 2013/133/2
f 2095/135/2 2096/176/2 2055/175/2 2054/134/2
f 2136/136/2 2137/177/2 2096/176/2 2095/135/2
f 2177/137/2 2178/178/2 2137/177/2 2136/136/2
f 2218/138/2 2219/179/2 2178/178/2 2177/137/2
f 2259/139/2 2260/180/2 2219/179/2 2218/138/2
f 2300/140/2 2301/181/2 2260/180/2 2259/139/2
f 2341/141/2 2342/182/2 2301/181/2 2300/140/2
f 2382/142/2 2383/183/2 2342/182/2 2341/141/2
f 2423/143/2 2424/184/2 2383/183/2 2382/142/2
f 2464/144/2 2465/185/2 2424/184/2 2423/143/2
f 2505/145/2 2506/186/2 2465/185/2 2464/144/2
f 2546/146/2 2547/187/2 2506/186/2 2505/145/2
f 2587/147/2 2588/188/2 2547/187/2 2546/146/2
f 2628/148/2 2629/189/2 2588/188/2 2587/147/2
f 2669/149/2 2670/190/2 2629/189/2 2628/148/2
f 2710/150/2 2711/191/2 2670/190/2 2669/149/2
f 2751/151/2 2752/192/2 2711/191/2 2710/150/2
f 2792/152/2 2793/193/2 2752/192/2 2751/151/2
f 2833/153/2 2834/194/2 2793/193/2 2792/152/2
f 2874/154/2 2875/195/2 2834/194/2 2833/153/2
f 2915/155/2 2916/196/2 2875/195/2 2874/154/2
f 2956/156/2 2957/197/2 2916/196/2 2915/155/2
f 2997/157/2 2998/198/2 2957/197/2 2956/156/2
f 3038/158/2 3039/199/2 2998/198/2 2997/157/2
f 3079/159/2 3080/200/2 3039/199/2 3038/158/2
f 3120/160/2 3121/201/2 3080/200/2 3079/159/2
f 3161/161/2 3162/202/2 3121/201/2 3120/160/2
f 3202/162/2 3203/203/2 3162/202/2 3161/161/2
f 3243/163/2 3244/204/2 3203/203/2 3202/162/2
f 3284/164/2 3285/205/2 3244/204/2 3243/163/2
f 1686/166/2 1687/207/2 1646/206/2 1645/165/2
f 1727/167/2 1728/208/2 1687/207/2 1686/166/2
f 1768/168/2 1769/209/2 1728/208/2 1727/167/2
f 1809/169/2 1810/210/2 1769/209/2 1768/168/2
f 1850/170/2 1851/211/2 1810/210/2 1809/169/2
f 1891/171/2 1892/212/2 1851/211/2 1850/170/2
f 1932/172/2 1933/213/2 1892/212/2 1891/171/2
f 1973/173/2 1974/214/2 1933/213/2 1932/172/2
f 2014/174/2 2015/215/2 1974/214/2 1973/173/2
f 2055/175/2 2056/216/2 2015/215/2 2014/174/2
f 2096/176/2 2097/217/2 2056/216/2 2055/175/2
f 2137/177/2 2138/218/2 2097/217/2 2096/176/2
f 2178/178/2 2179/219/2 2138/218/2 2137/177/2
f 2219/179/2 2220/220/2 2179/219/2 2178/178/2
f 2260/180/2 2261/221/2 2220/220/2 2219/179/2
f 2301/181/2 2302/222/2 2261/221/2 2260/180/2
f 2342/182/2 2343/223/2 2302/222/2 2301/181/2
f 2383/183/2 2384/224/2 2343/223/2 2342/182/2
f 2424/184/2 2425/225/2 2384/224/2 2383/183/2
f 2465/185/2 2466/226/2 2425/225/2 2424/184/2
f 2506/186/2 2507/227/2 2466/226/2 2465/185/2
f 2547/187/2 2548/228/2 2507/227/2 2506/186/2
f 2588/188/2 2589/229/2 2548/228/2 2547/187/2
f 2629/189/2 2630/230/2 2589/229/2 2588/188/2
f 2670/190/2 2671/231/2 2630/230/2 2629/189/2
f 2711/191/2 2712/232/2 2671/231/2 2670/190/2
f 2752/192/2 2753/233/2 2712/232/2 2711/191/2
f 2793/193/2 2794/234/2 2753/233/2 2752/192/2
f 2834/194/2 2835/235/2 2794/234/2 2793/193/2
f 2875/195/2 2876/236/2 2835/235/2 2834/194/2
f 2916/196/2 2917/237/2 2876/236/2 2875/195/2
f 2957/197/2 2958/238/2 2917/237/2 2916/196/2
f 2998/198/2 2999/239/2 2958/238/2 2957/197/2
f 3039/199/2 3040/240/2 2999/239/2 2998/198/2
f 3080/200/2 3081/241/2 3040/240/2 3039/199/2
f 3121/201/2 3122/242/2 3081/241/2 3080/200/2
f 3162/202/2 3163/243/2 3122/242/2 3121/201/2
f 3203/203/2 3204/244/2 3163/243/2 3162/202/2
f 3244/204/2 3245/245/2 3204/244/2 3203/203/2
f 3285/205/2 3286/246/2 3245/245/2 3244/204/2
f 1687/207/2 1688/248/2 1647/247/2 1646/206/2
f 1728/208/2 1729/249/2 1688/248/2 1687/207/2
f 1769/209/2 1770/250/2 1729/249/2 1728/208/2
f 1810/210/2 1811/251/2 1770/250/2 1769/209/2
f 1851/211/2 1852/252/2 1811/251/2 1810/210/2
f 1892/212/2 1893/253/2 1852/252/2 1851/211/2
f 1933/213/2 1934/254/2 1893/253/2 1892/212/2
f 1974/214/2 1975/255/2 1934/254/2 1933/213/2
f 2015/215/2 2016/256/2 1975/255/2 1974/214/2
f 2056/216/2 2057/257/2 2016/256/2 2015/215/2
f 2097/217/2 2098/258/2 2057/257/2 2056/216/2
f 2138/218/2 2139/259/2 2098/258/2 2097/217/2
f 2179/219/2 2180/260/2 2139/259/2 2138/218/2
f 2220/220/2 2221/261/2 2180/260/2 2179/219/2
f 2261/221/2 2262/262/2 2221/261/2 2220/220/2
f 2302/222/2 2303/263/2 2262/262/2 2261/221/2
f 2343/223/2 2344/264/2 2303/263/2 2302/222/2
f 2384/224/2 2385/265/2 2344/264/2 2343/223/2
f 2425/225/2 2426/266/2 2385/265/2 2384/224/2
f 2466/226/2 2467/267/2 2426/266/2 2425/225/2
f 2507/227/2 2508/268/2 2467/267/2 2466/226/2
f 2548/228/2 2549/269/2 2508/268/2 2507/227/2
f 2589/229/2 2590/270/2 2549/269/2 2548/228/2
f 2630/230/2 2631/271/2 2590/270/2 2589/229/2
f 2671/231/2 2672/272/2 2631/271/2 2630/230/2
f 2712/232/2 2713/273/2 2672/272/2 2671/231/2
f 2753/233/2 2754/274/2 2713/273/2 2712/232/2
f 2794/234/2 2795/275/2 2754/274/2 2753/233/2
f 2835/235/2 2836/276/2 2795/275/2 2794/234/2
f 2876/236/2 2877/277/2 2836/276/2 2835/235/2
f 2917/237/2 2918/278/2 2877/277/2 2876/236/2
f 2958/238/2 2959/279/2 2918/278/2 2917/237/2
f 2999/239/2 3000/280/2 2959/279/2 2958/238/2
f 3040/240/2 3041/281/2 3000/280/2 2999/239/2
f 3081/241/2 3082/282/2 3041/281/2 3040/240/2
f 3122/242/2 3123/283/2 3082/282/2 3081/241/2
f 3163/243/2 3164/284/2 3123/283/2 3122/242/2
f 3204/244/2 3205/285/2 3164/284/2 3163/243/2
f 3245/245/2 3246/286/2 3205/285/2 3204/244/2
f 3286/246/2 3287/287/2 3246/286/2 3245/245/2
f 1688/248/2 1689/289/2 1648/288/2 1647/247/2
f 1729/249/2 1730/290/2 1689/289/2 1688/248/2
f 1770/250/2 1771/291/2 1730/290/2 1729/249/2
f 1811/251/2 1812/292/2 1771/291/2 1770/250/2
f 1852/252/2 1853/293/2 1812/292/2 1811/251/2
f 1893/253/2 1894/294/2 1853/293/2 1852/252/2
f 1934/254/2 1935/295/2 1894/294/2 1893/253/2
f 1975/255/2 1976/296/2 1935/295/2 1934/254/2
f 2016/256/2 2017/297/2 1976/296/2 1975/255/2
f 2057/257/2 2058/298/2 2017/297/2 2016/256/2
f 2098/258/2 2099/299/2 2058/298/2 2057/257/2
f 2139/259/2 2140/300/2 2099/299/2 2098/258/2
f 2180/260/2 2181/301/2 2140/300/2 2139/259/2
f 2221/261/2 2222/302/2 2181/301/2 2180/260/2
f 2262/262/2 2263/303/2 2222/302/2 2221/261/2
f 2303/263/2 2304/304/2 2263/303/2 2262/262/2
f 2344/264/2 2345/305/2 2304/304/2 2303/263/2
f 2385/265/2 2386/306/2 2345/305/2 2344/264/2
f 2426/266/2 2427/307/2 2386/306/2 2385/265/2
f 2467/267/2 2468/308/2 2427/307/2 2426/266/2
f 2508/268/2 2509/309/2 2468/308/2 2467/267/2
f 2549/269/2 2550/310/2 2509/309/2 2508/268/2
f 2590/270/2 2591/311/2 2550/310/2 2549/269/2
f 2631/271/2 2632/312/2 2591/311/2 2590/270/2
f 2672/272/2 2673/313/2 2632/312/2 2631/271/2
f 2713/273/2 2714/314/2 2673/313/2 2672/272/2
f 2754/274/2 2755/315/2 2714/314/2 2713/273/2
f 2795/275/2 2796/316/2 2755/315/2 2754/274/2
f 2836/276/2 2837/317/2 2796/316/2 2795/275/2
f 2877/277/2 2878/318/2 2837/317/2 2836/276/2
f 2918/278/2 2919/319/2 2878/318/2 2877/277/2
f 2959/279/2 2960/320/2 2919/319/2 2918/278/2
f 3000/280/2 3001/321/2 2960/320/2 2959/279/2
f 3041/281/2 3042/322/2 3001/321/2 3000/280/2
f 3082/282/2 3083/323/2 3042/322/2 3041/281/2
f 3123/283/2 3124/324/2 3083/323/2 3082/282/2
f 3164/284/2 3165/325/2 3124/324/2 3123/283/2
f 3205/285/2 3206/326/2 3165/325/2 3164/284/2
f 3246/286/2 3247/327/2 3206/326/2 3205/285/2
f 3287/287/2 3288/328/2 3247/327/2 3246/286/2
f 1689/289/2 1690/330/2 1649/329/2 1648/288/2
f 1730/290/2 1731/331/2 1690/330/2 1689/289/2
f 1771/291/2 1772/332/2 1731/331/2 1730/290/2
f 1812/292/2 1813/333/2 1772/332/2 1771/291/2
f 1853/293/2 1854/334/2 1813/333/2 1812/292/2
f 1894/294/2 1895/335/2 1854/334/2 1853/293/2
f 1935/295/2 1936/336/2 1895/335/2 1894/294/2
f 1976/296/2 1977/337/2 1936/336/2 1935/295/2
f 2017/297/2 2018/338/2 1977/337/2 1976/296/2
f 2058/298/2 2059/339/2 2018/338/2 2017/297/2
f 2099/299/2 2100/340/2 2059/339/2 2058/298/2
f 2140/300/2 2141/341/2 2100/340/2 2099/299/2
f 2181/301/2 2182/342/2 2141/341/2 2140/300/2
f 2222/302/2 2223/343/2 2182/342/2 2181/301/2
f 2263/303/2 2264/344/2 2223/343/2 2222/302/2
f 2304/304/2 2305/345/2 2264/344/2 2263/303/2
f 2345/305/2 2346/346/2 2305/345/2 2304/304/2
f 2386/306/2 2387/347/2 2346/346/2 2345/305/2
f 2427/307/2 2428/348/2 2387/347/2 2386/306/2
f 2468/308/2 2469/349/2 2428/348/2 2427/307/2
f 2509/309/2 2510/350/2 2469/349/2 2468/308/2
f 2550/310/2 2551/351/2 2510/350/2 2509/309/2
f 2591/311/2 2592/352/2 2551/351/2 2550/310/2
f 2632/312/2 2633/353/2 2592/352/2 2591/311/2
f 2673/313/2 2674/354/2 2633/353/2 2632/312/2
f 2714/314/2 2715/355/2 2674/354/2 2673/313/2
f 2755/315/2 2756/356/2 2715/355/2 2714/314/2
f 2796/316/2 2797/357/2 2756/356/2 2755/315/2
f 2837/317/2 2838/358/2 2797/357/2 2796/316/2
f 2878/318/2 2879/359/2 2838/358/2 2837/317/2
f 2919/319/2 2920/360/2 2879/359/2 2878/318/2
f 2960/320/2 2961/361/2 2920/360/2 2919/319/2
f 3001/321/2 3002/362/2 2961/361/2 2960/320/2
f 3042/322/2 3043/363/2 3002/362/2 3001/321/2
f 3083/323/2 3084/364/2 3043/363/2 3042/322/2
f 3124/324/2 3125/365/2 3084/364/2 3083/323/2
f 3165/325/2 3166/366/2 3125/365/2 3124/324/2
f 3206/326/2 3207/367/2 3166/366/2 3165/325/2
f 3247/327/2 3248/368/2 3207/367/2 3206/326/2
f 3288/328/2 3289/369/2 3248/368/2 3247/327/2
f 1690/330/2 1691/371/2 1650/370/2 1649/329/2
f 1731/331/2 1732/372/2 1691/371/2 1690/330/2
f 1772/332/2 1773/373/2 1732/372/2 1731/331/2
f 1813/333/2 1814/374/2 1773/373/2 1772/332/2
f 1854/334/2 1855/375/2 1814/374/2 1813/333/2
f 1895/335/2 1896/376/2 1855/375/2 1854/334/2
f 1936/336/2 1937/377/2 1896/376/2 1895/335/2
f 1977/337/2 1978/378/2 1937/377/2 1936/336/2
f 2018/338/2 2019/379/2 1978/378/2 1977/337/2
f 2059/339/2 2060/380/2 2019/379/2 2018/338/2
f 2100/340/2 2101/381/2 2060/380/2 2059/339/2
f 2141/341/2 2142/382/2 2101/381/2 2100/340/2
f 2182/342/2 2183/383/2 2142/382/2 2141/341/2
f 2223/343/2 2224/384/2 2183/383/2 2182/342/2
f 2264/344/2 2265/385/2 2224/384/2 2223/343/2
f 2305/345/2 2306/386/2 2265/385/2 2264/344/2
f 2346/346/2 2347/387/2 2306/386/2 2305/345/2
f 2387/347/2 2388/388/2 2347/387/2 2346/346/2
f 2428/348/2 2429/389/2 2388/388/2 2387/347/2
f 2469/349/2 2470/390/2 2429/389/2 2428/348/2
f 2510/350/2 2511/391/2 2470/390/2 2469/349/2
f 2551/351/2 2552/392/2 2511/391/2 2510/350/2
f 2592/352/2 2593/393/2 2552/392/2 2551/351/2
f 2633/353/2 2634/394/2 2593/393/2 2592/352/2
f 2674/354/2 2675/395/2 2634/394/2 2633/353/2
f 2715/355/2 2716/396/2 2675/395/2 2674/354/2
f 2756/356/2 2757/397/2 2716/396/2 2715/355/2
f 2797/357/2 2798/398/2 2757/397/2 2756/356/2
f 2838/358/2 2839/399/2 2798/398/2 2797/357/2
f 2879/359/2 2880/400/2 2839/399/2 2838/358/2
f 2920/360/2 2921/401/2 2880/400/2 2879/359/2
f 2961/361/2 2962/402/2 2921/401/2 2920/360/2
f 3002/362/2 3003/403/2 2962/402/2 2961/361/2
f 3043/363/2 3044/404/2 3003/403/2 3002/362/2
f 3084/364/2 3085/405/2 3044/404/2 3043/363/2
f 3125/365/2 3126/406/2 3085/405/2 3084/364/2
f 3166/366/2 3167/407/2 3126/406/2 3125/365/2
f 3207/367/2 3208/408/2 3167/407/2 3166/366/2
f 3248/368/2 3249/409/2 3208/408/2 3207/367/2
f 3289/369/2 3290/410/2 3249/409/2 3248/368/2
f 1691/371/2 1692/412/2 1651/411/2 1650/370/2
f 1732/372/2 1733/413/2 1692/412/2 1691/371/2
f 1773/373/2 1774/414/2 1733/413/2 1732/372/2
f 1814/374/2 1815/415/2 1774/414/2 1773/373/2
f 1855/375/2 1856/416/2 1815/415/2 1814/374/2
f 1896/376/2 1897/417/2 1856/416/2 1855/375/2
f 1937/377/2 1938/418/2 1897/417/2 1896/376/2
f 1978/378/2 1979/419/2 1938/418/2 1937/377/2
f 2019/379/2 2020/420/2 1979/419/2 1978/378/2
f 2060/380/2 2061/421/2 2020/420/2 2019/379/2
f 2101/381/2 2102/422/2 2061/421/2 2060/380/2
f 2142/382/2 2143/423/2 2102/422/2 2101/381/2
f 2183/383/2 2184/424/2 2143/423/2 2142/382/2
f 2224/384/2 2225/425/2 2184/424/2 2183/383/2
f 2265/385/2 2266/426/2 2225/425/2 2224/384/2
f 2306/386/2 2307/427/2 2266/426/2 2265/385/2
f 2347/387/2 2348/428/2 2307/427/2 2306/386/2
f 2388/388/2 2389/429/2 2348/428/2 2347/387/2
f 2429/389/2 2430/430/2 2389/429/2 2388/388/2
f 2470/390/2 2471/431/2 2430/430/2 2429/389/2
f 2511/391/2 2512/432/2 2471/431/2 2470/390/2
f 2552/392/2 2553/433/2 2512/432/2 2511/391/2
f 2593/393/2 2594/434/2 2553/433/2 2552/392/2
f 2634/394/2 2635/435/2 2594/434/2 2593/393/2
f 2675/395/2 2676/436/2 2635/435/2 2634/394/2
f 2716/396/2 2717/437/2 2676/436/2 2675/395/2
f 2757/397/2 2758/438/2 2717/437/2 2716/396/2
f 2798/398/2 2799/439/2 2758/438/2 2757/397/2
f 2839/399/2 2840/440/2 2799/439/2 2798/398/2
f 2880/400/2 2881/441/2 2840/440/2 2839/399/2
f 2921/401/2 2922/442/2 2881/441/2 2880/400/2
f 2962/402/2 2963/443/2 2922/442/2 2921/401/2
f 3003/403/2 3004/444/2 2963/443/2 2962/402/2
f 3044/404/2 3045/445/2 3004/444/2 3003/403/2
f 3085/405/2 3086/446/2 3045/445/2 3044/404/2
f 3126/406/2 3127/447/2 3086/446/2 3085/405/2
f 3167/407/2 3168/448/2 3127/447/2 3126/406/2
f 3208/408/2 3209/449/2 3168/448/2 3167/407/2
f 3249/409/2 3250/450/2 3209/449/2 3208/408/2
f 3290/410/2 3291/451/2 3250/450/2 3249/409/2
f 1692/412/2 1693/453/2 1652/452/2 1651/411/2
f 1733/413/2 1734/454/2 1693/453/2 1692/412/2
f 1774/414/2 1775/455/2 1734/454/2 1733/413/2
f 1815/415/2 1816/456/2 1775/455/2 1774/414/2
f 1856/416/2 1857/457/2 1816/456/2 1815/415/2
f 1897/417/2 1898/458/2 1857/457/2 1856/416/2
f 1938/418/2 1939/459/2 1898/458/2 1897/417/2
f 1979/419/2 1980/460/2 1939/459/2 1938/418/2
f 2020/420/2 2021/461/2 1980/460/2 1979/419/2
f 2061/421/2 2062/462/2 2021/461/2 2020/420/2
f 2102/422/2 2103/463/2 2062/462/2 2061/421/2
f 2143/423/2 2144/464/2 2103/463/2 2102/422/2
f 2184/424/2 2185/465/2 2144/464/2 2143/423/2
f 2225/425/2 2226/466/2 2185/465/2 2184/424/2
f 2266/426/2 2267/467/2 2226/466/2 2225/425/2
f 2307/427/2 2308/468/2 2267/467/2 2266/426/2
f 2348/428/2 2349/469/2 2308/468/2 2307/427/2
f 2389/429/2 2390/470/2 2349/469/2 2348/428/2
f 2430/430/2 2431/471/2 2390/470/2 2389/429/2
f 2471/431/2 2472/472/2 2431/471/2 2430/430/2
f 2512/432/2 2513/473/2 2472/472/2 2471/431/2
f 2553/433/2 2554/474/2 2513/473/2 2512/432/2
f 2594/434/2 2595/475/2 2554/474/2 2553/433/2
f 2635/435/2 2636/476/2 2595/475/2 2594/434/2
f 2676/436/2 2677/477/2 2636/476/2 2635/435/2
f 2717/437/2 2718/478/2 2677/477/2 2676/436/2
f 2758/438/2 2759/479/2 2718/478/2 2717/437/2
f 2799/439/2 2800/480/2 2759/479/2 2758/438/2
f 2840/440/2 2841/481/2 2800/480/2 2799/439/2
f 2881/441/2 2882/482/2 2841/481/2 2840/440/2
f 2922/442/2 2923/483/2 2882/482/2 2881/441/2
f 2963/443/2 2964/484/2 2923/483/2 2922/442/2
f 3004/444/2 3005/485/2 2964/484/2 2963/443/2
f 3045/445/2 3046/486/2 3005/485/2 3004/444/2
f 3086/446/2 3087/487/2 3046/486/2 3045/445/2
f 3127/447/2 3128/488/2 3087/487/2 3086/446/2
f 3168/448/2 3169/489/2 3128/488/2 3127/447/2
f 3209/449/2 3210/490/2 3169/489/2 3168/448/2
f 3250/450/2 3251/491/2 3210/490/2 3209/449/2
f 3291/451/2 3292/492/2 3251/491/2 3250/450/2
f 1693/453/2 1694/494/2 1653/493/2 1652/452/2
f 1734/454/2 1735/495/2 1694/494/2 1693/453/2
f 1775/455/2 1776/496/2 1735/495/2 1734/454/2
f 1816/456/2 1817/497/2 1776/496/2 1775/455/2
f 1857/457/2 1858/498/2 1817/497/2 1816/456/2
f 1898/458/2 1899/499/2 1858/498/2 1857/457/2
f 1939/459/2 1940/500/2 1899/499/2 1898/458/2
f 1980/460/2 1981/501/2 1940/500/2 1939/459/2
f 2021/461/2 2022/502/2 1981/501/2 1980/460/2
f 2062/462/2 2063/503/2 2022/502/2 2021/461/2
f 2103/463/2 2104/504/2 2063/503/2 2062/462/2
f 2144/464/2 2145/505/2 2104/504/2 2103/463/2
f 2185/465/2 2186/506/2 2145/505/2 2144/464/2
f 2226/466/2 2227/507/2 2186/506/2 2185/465/2
f 2267/467/2 2268/508/2 2227/507/2 2226/466/2
f 2308/468/2 2309/509/2 2268/508/2 2267/467/2
f 2349/469/2 2350/510/2 2309/509/2 2308/468/2
f 2390/470/2 2391/511/2 2350/510/2 2349/469/2
f 2431/471/2 2432/512/2 2391/511/2 2390/470/2
f 2472/472/2 2473/513/2 2432/512/2 2431/471/2
f 2513/473/2 2514/514/2 2473/513/2 2472/472/2
f 2554/474/2 2555/515/2 2514/514/2 2513/473/2
f 2595/475/2 2596/516/2 2555/515/2 2554/474/2
f 2636/476/2 2637/517/2 2596/516/2 2595/475/2
f 2677/477/2 2678/518/2 2637/517/2 2636/476/2
f 2718/478/2 2719/519/2 2678/518/2 2677/477/2
f 2759/479/2 2760/520/2 2719/519/2 2718/478/2
f 2800/480/2 2801/521/2 2760/520/2 2759/479/2
f 2841/481/2 2842/522/2 2801/521/2 2800/480/2
f 2882/482/2 2883/523/2 2842/522/2 2841/481/2
f 2923/483/2 2924/524/2 2883/523/2 2882/482/2
f 2964/484/2 2965/525/2 2924/524/2 2923/483/2
f 3005/485/2 3006/526/2 2965/525/2 2964/484/2
f 3046/486/2 3047/527/2 3006/526/2 3005/485/2
f 3087/487/2 3088/528/2 3047/527/2 3046/486/2
f 3128/488/2 3129/529/2 3088/528/2 3087/487/2
f 3169/489/2 3170/530/2 3129/529/2 3128/488/2
f 3210/490/2 3211/531/2 3170/530/2 3169/489/2
f 3251/491/2 3252/532/2 3211/531/2 3210/490/2
f 3292/492/2 3293/533/2 3252/532/2 3251/491/2
f 1694/494/2 1695/535/2 1654/534/2 1653/493/2
f 1735/495/2 1736/536/2 1695/535/2 1694/494/2
f 1776/496/2 1777/537/2 1736/536/2 1735/495/2
f 1817/497/2 1818/538/2 1777/537/2 1776/496/2
f 1858/498/2 1859/539/2 1818/538/2 1817/497/2
f 1899/499/2 1900/540/2 1859/539/2 1858/498/2
f 1940/500/2 1941/541/2 1900/540/2 1899/499/2
f 1981/501/2 1982/542/2 1941/541/2 1940/500/2
f 2022/502/2 2023/543/2 1982/542/2 1981/501/2
f 2063/503/2 2064/544/2 2023/543/2 2022/502/2
f 2104/504/2 2105/545/2 2064/544/2 2063/503/2
f 2145/505/2 2146/546/2 2105/545/2 2104/504/2
f 2186/506/2 2187/547/2 2146/546/2 2145/505/2
f 2227/507/2 2228/548/2 2187/547/2 2186/506/2
f 2268/508/2 2269/549/2 2228/548/2 2227/507/2
f 2309/509/2 2310/550/2 2269/549/2 2268/508/2
f 2350/510/2 2351/551/2 2310/550/2 2309/509/2
f 2391/511/2 2392/552/2 2351/551/2 2350/510/2
f 2432/512/2 2433/553/2 2392/552/2 2391/511/2
f 2473/513/2 2474/554/2 2433/553/2 2432/512/2
f 2514/514/2 2515/555/2 2474/554/2 2473/513/2
f 2555/515/2 2556/556/2 2515/555/2 2514/514/2
f 2596/516/2 2597/557/2 2556/556/2 2555/515/2
f 2637/517/2 2638/558/2 2597/557/2 2596/516/2
f 2678/518/2 2679/559/2 2638/558/2 2637/517/2
f 2719/519/2 2720/560/2 2679/559/2 2678/518/2
f 2760/520/2 2761/561/2 2720/560/2 2719/519/2
f 2801/521/2 2802/562/2 2761/561/2 2760/520/2
f 2842/522/2 2843/563/2 2802/562/2 2801/521/2
f 2883/523/2 2884/564/2 2843/563/2 2842/522/2
f 2924/524/2 2925/565/2 2884/564/2 2883/523/2
f 2965/525/2 2966/566/2 2925/565/2 2924/524/2
f 3006/526/2 3007/567/2 2966/566/2 2965/525/2
f 3047/527/2 3048/568/2 3007/567/2 3006/526/2
f 3088/528/2 3089/569/2 3048/568/2 3047/527/2
f 3129/529/2 3130/570/2 3089/569/2 3088/528/2
f 3170/530/2 3171/571/2 3130/570/2 3129/529/2
f 3211/531/2 3212/572/2 3171/571/2 3170/530/2
f 3252/532/2 3253/573/2 3212/572/2 3211/531/2
f 3293/533/2 3294/574/2 3253/573/2 3252/532/2
f 1695/535/2 1696/576/2 1655/575/2 1654/534/2
f 1736/536/2 1737/577/2 1696/576/2 1695/535/2
f 1777/537/2 1778/578/2 1737/577/2 1736/536/2
f 1818/538/2 1819/579/2 1778/578/2 1777/537/2
f 1859/539/2 1860/580/2 1819/579/2 1818/538/2
f 1900/540/2 1901/581/2 1860/580/2 1859/539/2
f 1941/541/2 1942/582/2 1901/581/2 1900/540/2
f 1982/542/2 1983/583/2 1942/582/2 1941/541/2
f 2023/543/2 2024/584/2 1983/583/2 1982/542/2
f 2064/544/2 2065/585/2 2024/584/2 2023/543/2
f 2105/545/2 2106/586/2 2065/585/2 2064/544/2
f 2146/546/2 2147/587/2 2106/586/2 2105/545/2
f 2187/547/2 2188/588/2 2147/587/2 2146/546/2
f 2228/548/2 2229/589/2 2188/588/2 2187/547/2
f 2269/549/2 2270/590/2 2229/589/2 2228/548/2
f 2310/550/2 2311/591/2 2270/590/2 2269/549/2
f 2351/551/2 2352/592/2 2311/591/2 2310/550/2
f 2392/552/2 2393/593/2 2352/592/2 2351/551/2
f 2433/553/2 2434/594/2 2393/593/2 2392/552/2
f 2474/554/2 2475/595/2 2434/594/2 2433/553/2
f 2515/555/2 2516/596/2 2475/595/2 2474/554/2
f 2556/556/2 2557/597/2 2516/596/2 2515/555/2
f 2597/557/2 2598/598/2 2557/597/2 2556/556/2
f 2638/558/2 2639/599/2 2598/598/2 2597/557/2
f 2679/559/2 2680/600/2 2639/599/2 2638/558/2
f 2720/560/2 2721/601/2 2680/600/2 2679/559/2
f 2761/561/2 2762/602/2 2721/601/2 2720/560/2
f 2802/562/2 2803/603/2 2762/602/2 2761/561/2
f 2843/563/2 2844/604/2 2803/603/2 2802/562/2
f 2884/564/2 2885/605/2 2844/604/2 2843/563/2
f 2925/565/2 2926/606/2 2885/605/2 2884/564/2
f 2966/566/2 2967/607/2 2926/606/2 2925/565/2
f 3007/567/2 3008/608/2 2967/607/2 2966/566/2
f 3048/568/2 3049/609/2 3008/608/2 3007/567/2
f 3089/569/2 3090/610/2 3049/609/2 3048/568/2
f 3130/570/2 3131/611/2 3090/610/2 3089/569/2
f 3171/571/2 3172/612/2 3131/611/2 3130/570/2
f 3212/572/2 3213/613/2 3172/612/2 3171/571/2
f 3253/573/2 3254/614/2 3213/613/2 3212/572/2
f 3294/574/2 3295/615/2 3254/614/2 3253/573/2
f 1696/576/2 1697/617/2 1656/616/2 1655/575/2
f 1737/577/2 1738/618/2 1697/617/2 1696/576/2
f 1778/578/2 1779/619/2 1738/618/2 1737/577/2
f 1819/579/2 1820/620/2 1779/619/2 1778/578/2
f 1860/580/2 1861/621/2 1820/620/2 1819/579/2
f 1901/581/2 1902/622/2 1861/621/2 1860/580/2
f 1942/582/2 1943/623/2 1902/622/2 1901/581/2
f 1983/583/2 1984/624/2 1943/623/2 1942/582/2
f 2024/584/2 2025/625/2 1984/624/2 1983/583/2
f 2065/585/2 2066/626/2 2025/625/2 2024/584/2
f 2106/586/2 2107/627/2 2066/626/2 2065/585/2
f 2147/587/2 2148/628/2 2107/627/2 2106/586/2
f 2188/588/2 2189/629/2 2148/628/2 2147/587/2
f 2229/589/2 2230/630/2 2189/629/2 2188/588/2
f 2270/590/2 2271/631/2 2230/630/2 2229/589/2
f 2311/591/2 2312/632/2 2271/631/2 2270/590/2
f 2352/592/2 2353/633/2 2312/632/2 2311/591/2
f 2393/593/2 2394/634/2 2353/633/2 2352/592/2
f 2434/594/2 2435/635/2 2394/634/2 2393/593/2
f 2475/595/2 2476/636/2 2435/635/2 2434/594/2
f 2516/596/2 2517/637/2 2476/636/2 2475/595/2
f 2557/597/2 2558/638/2 2517/637/2 2516/596/2
f 2598/598/2 2599/639/2 2558/638/2 2557/597/2
f 2639/599/2 2640/640/2 2599/639/2 2598/598/2
f 2680/600/2 2681/641/2 2640/640/2 2639/599/2
f 2721/601/2 2722/642/2 2681/641/2 2680/600/2
f 2762/602/2 2763/643/2 2722/642/2 2721/601/2
f 2803/603/2 2804/644/2 2763/643/2 2762/602/2
f 2844/604/2 2845/645/2 2804/644/2 2803/603/2
f 2885/605/2 2886/646/2 2845/645/2 2844/604/2
f 2926/606/2 2927/647/2 2886/646/2 2885/605/2
f 2967/607/2 2968/648/2 2927/647/2 2926/606/2
f 3008/608/2 3009/649/2 2968/648/2 2967/607/2
f 3049/609/2 3050/650/2 3009/649/2 3008/608/2
f 3090/610/2 3091/651/2 3050/650/2 3049/609/2
f 3131/611/2 3132/652/2 3091/651/2 3090/610/2
f 3172/612/2 3173/653/2 3132/652/2 3131/611/2
f 3213/613/2 3214/654/2 3173/653/2 3172/612/2
f 3254/614/2 3255/655/2 3214/654/2 3213/613/2
f 3295/615/2 3296/656/2 3255/655/2 3254/614/2
f 1697/617/2 1698/658/2 1657/657/2 1656/616/2
f 1738/618/2 1739/659/2 1698/658/2 1697/617/2
f 1779/619/2 1780/660/2 1739/659/2 1738/618/2
f 1820/620/2 1821/661/2 1780/660/2 1779/619/2
f 1861/621/2 1862/662/2 1821/661/2 1820/620/2
f 1902/622/2 1903/663/2 1862/662/2 1861/621/2
f 1943/623/2 1944/664/2 1903/663/2 1902/622/2
f 1984/624/2 1985/665/2 1944/664/2 1943/623/2
f 2025/625/2 2026/666/2 1985/665/2 1984/624/2
f 2066/626/2 2067/667/2 2026/666/2 2025/625/2
f 2107/627/2 2108/668/2 2067/667/2 2066/626/2
f 2148/628/2 2149/669/2 2108/668/2 2107/627/2
f 2189/629/2 2190/670/2 2149/669/2 2148/628/2
f 2230/630/2 2231/671/2 2190/670/2 2189/629/2
f 2271/631/2 2272/672/2 2231/671/2 2230/630/2
f 2312/632/2 2313/673/2 2272/672/2 2271/631/2
f 2353/633/2 2354/674/2 2313/673/2 2312/632/2
f 2394/634/2 2395/675/2 2354/674/2 2353/633/2
f 2435/635/2 2436/676/2 2395/675/2 2394/634/2
f 2476/636/2 2477/677/2 2436/676/2 2435/635/2
f 2517/637/2 2518/678/2 2477/677/2 2476/636/2
f 2558/638/2 2559/679/2 2518/678/2 2517/637/2
f 2599/639/2 2600/680/2 2559/679/2 2558/638/2
f 2640/640/2 2641/681/2 2600/680/2 2599/639/2
f 2681/641/2 2682/682/2 2641/681/2 2640/640/2
f 2722/642/2 2723/683/2 2682/682/2 2681/641/2
f 2763/643/2 2764/684/2 2723/683/2 2722/642/2
f 2804/644/2 2805/685/2 2764/684/2 2763/643/2
f 2845/645/2 2846/686/2 2805/685/2 2804/644/2
f 2886/646/2 2887/687/2 2846/686/2 2845/645/2
f 2927/647/2 2928/688/2 2887/687/2 2886/646/2
f 2968/648/2 2969/689/2 2928/688/2 2927/647/2
f 3009/649/2 3010/690/2 2969/689/2 2968/648/2
f 3050/650/2 3051/691/2 3010/690/2 3009/649/2
f 3091/651/2 3092/692/2 3051/691/2 3050/650/2
f 3132/652/2 3133/693/2 3092/692/2 3091/651/2
f 3173/653/2 3174/694/2 3133/693/2 3132/652/2
f 3214/654/2 3215/695/2 3174/694/2 3173/653/2
f 3255/655/2 3256/696/2 3215/695/2 3214/654/2
f 3296/656/2 3297/697/2 3256/696/2 3255/655/2
f 1698/658/2 1699/699/2 1658/698/2 1657/657/2
f 1739/659/2 1740/700/2 1699/699/2 1698/658/2
f 1780/660/2 1781/701/2 1740/700/2 1739/659/2
f 1821/661/2 1822/702/2 1781/701/2 1780/660/2
f 1862/662/2 1863/703/2 1822/702/2 1821/661/2
f 1903/663/2 1904/704/2 1863/703/2 1862/662/2
f 1944/664/2 1945/705/2 1904/704/2 1903/663/2
f 1985/665/2 1986/706/2 1945/705/2 1944/664/2
f 2026/666/2 2027/707/2 1986/706/2 1985/665/2
f 2067/667/2 2068/708/2 2027/707/2 2026/666/2
f 2108/668/2 2109/709/2 2068/708/2 2067/667/2
f 2149/669/2 2150/710/2 2109/709/2 2108/668/2
f 2190/670/2 2191/711/2 2150/710/2 2149/669/2
f 2231/671/2 2232/712/2 2191/711/2 2190/670/2
f 2272/672/2 2273/713/2 2232/712/2 2231/671/2
f 2313/673/2 2314/714/2 2273/713/2 2272/672/2
f 2354/674/2 2355/715/2 2314/714/2 2313/673/2
f 2395/675/2 2396/716/2 2355/715/2 2354/674/2
f 2436/676/2 2437/717/2 2396/716/2 2395/675/2
f 2477/677/2 2478/718/2 2437/717/2 2436/676/2
f 2518/678/2 2519/719/2 2478/718/2 2477/677/2
f 2559/679/2 2560/720/2 2519/719/2 2518/678/2
f 2600/680/2 2601/721/2 2560/720/2 2559/679/2
f 2641/681/2 2642/722/2 2601/721/2 2600/680/2
f 2682/682/2 2683/723/2 2642/722/2 2641/681/2
f 2723/683/2 2724/724/2 2683/723/2 2682/682/2
f 2764/684/2 2765/725/2 2724/724/2 2723/683/2
f 2805/685/2 2806/726/2 2765/725/2 2764/684/2
f 2846/686/2 2847/727/2 2806/726/2 2805/685/2
f 2887/687/2 2888/728/2 2847/727/2 2846/686/2
f 2928/688/2 2929/729/2 2888/728/2 2887/687/2
f 2969/689/2 2970/730/2 2929/729/2 2928/688/2
f 3010/690/2 3011/731/2 2970/730/2 2969/689/2
f 3051/691/2 3052/732/2 3011/731/2 3010/690/2
f 3092/692/2 3093/733/2 3052/732/2 3051/691/2
f 3133/693/2 3134/734/2 3093/733/2 3092/692/2
f 3174/694/2 3175/735/2 3134/734/2 3133/693/2
f 3215/695/2 3216/736/2 3175/735/2 3174/694/2
f 3256/696/2 3257/737/2 3216/736/2 3215/695/2
f 3297/697/2 3298/738/2 3257/737/2 3256/696/2
f 1699/699/2 1700/740/2 1659/739/2 1658/698/2
f 1740/700/2 1741/741/2 1700/740/2 1699/699/2
f 1781/701/2 1782/742/2 1741/741/2 1740/700/2
f 1822/702/2 1823/743/2 1782/742/2 1781/701/2
f 1863/703/2 1864/744/2 1823/743/2 1822/702/2
f 1904/704/2 1905/745/2 1864/744/2 1863/703/2
f 1945/705/2 1946/746/2 1905/745/2 1904/704/2
f 1986/706/2 1987/747/2 1946/746/2 1945/705/2
f 2027/707/2 2028/748/2 1987/747/2 1986/706/2
f 2068/708/2 2069/749/2 2028/748/2 2027/707/2
f 2109/709/2 2110/750/2 2069/749/2 2068/708/2
f 2150/710/2 2151/751/2 2110/750/2 2109/709/2
f 2191/711/2 2192/752/2 2151/751/2 2150/710/2
f 2232/712/2 2233/753/2 2192/752/2 2191/711/2
f 2273/713/2 2274/754/2 2233/753/2 2232/712/2
f 2314/714/2 2315/755/2 2274/754/2 2273/713/2
f 2355/715/2 2356/756/2 2315/755/2 2314/714/2
f 2396/716/2 2397/757/2 2356/756/2 2355/715/2
f 2437/717/2 2438/758/2 2397/757/2 2396/716/2
f 2478/718/2 2479/759/2 2438/758/2 2437/717/2
f 2519/719/2 2520/760/2 2479/759/2 2478/718/2
f 2560/720/2 2561/761/2 2520/760/2 2519/719/2
f 2601/721/2 2602/762/2 2561/761/2 2560/720/2
f 2642/722/2 2643/763/2 2602/762/2 2601/721/2
f 2683/723/2 2684/764/2 2643/763/2 2642/722/2
f 2724/724/2 2725/765/2 2684/764/2 2683/723/2
f 2765/725/2 2766/766/2 2725/765/2 2724/724/2
f 2806/726/2 2807/767/2 2766/766/2 2765/725/2
f 2847/727/2 2848/768/2 2807/767/2 2806/726/2
f 2888/728/2 2889/769/2 2848/768/2 2847/727/2
f 2929/729/2 2930/770/2 2889/769/2 2888/728/2
f 2970/730/2 2971/771/2 2930/770/2 2929/729/2
f 3011/731/2 3012/772/2 2971/771/2 2970/730/2
f 3052/732/2 3053/773/2 3012/772/2 3011/731/2
f 3093/733/2 3094/774/2 3053/773/2 3052/732/2
f 3134/734/2 3135/775/2 3094/774/2 3093/733/2
f 3175/735/2 3176/776/2 3135/775/2 3134/734/2
f 3216/736/2 3217/777/2 3176/776/2 3175/735/2
f 3257/737/2 3258/778/2 3217/777/2 3216/736/2
f 3298/738/2 3299/779/2 3258/778/2 3257/737/2
f 1700/740/2 1701/781/2 1660/780/2 1659/739/2
f 1741/741/2 1742/782/2 1701/781/2 1700/740/2
f 1782/742/2 1783/783/2 1742/782/2 1741/741/2
f 1823/743/2 1824/784/2 1783/783/2 1782/742/2
f 1864/744/2 1865/785/2 1824/784/2 1823/743/2
f 1905/745/2 1906/786/2 1865/785/2 1864/744/2
f 1946/746/2 1947/787/2 1906/786/2 1905/745/2
f 1987/747/2 1988/788/2 1947/787/2 1946/746/2
f 2028/748/2 2029/789/2 1988/788/2 1987/747/2
f 2069/749/2 2070/790/2 2029/789/2 2028/748/2
f 2110/750/2 2111/791/2 2070/790/2 2069/749/2
f 2151/751/2 2152/792/2 2111/791/2 2110/750/2
f 2192/752/2 2193/793/2 2152/792/2 2151/751/2
f 2233/753/2 2234/794/2 2193/793/2 2192/752/2
f 2274/754/2 2275/795/2 2234/794/2 2233/753/2
f 2315/755/2 2316/796/2 2275/795/2 2274/754/2
f 2356/756/2 2357/797/2 2316/796/2 2315/755/2
f 2397/757/2 2398/798/2 2357/797/2 2356/756/2
f 2438/758/2 2439/799/2 2398/798/2 2397/757/2
f 2479/759/2 2480/800/2 2439/799/2 2438/758/2
f 2520/760/2 2521/801/2 2480/800/2 2479/759/2
f 2561/761/2 2562/802/2 2521/801/2 2520/760/2
f 2602/762/2 2603/803/2 2562/802/2 2561/761/2
f 2643/763/2 2644/804/2 2603/803/2 2602/762/2
f 2684/764/2 2685/805/2 2644/804/2 2643/763/2
f 2725/765/2 2726/806/2 2685/805/2 2684/764/2
f 2766/766/2 2767/807/2 2726/806/2 2725/765/2
f 2807/767/2 2808/808/2 2767/807/2 2766/766/2
f 2848/768/2 2849/809/2 2808/808/2 2807/767/2
f 2889/769/2 2890/810/2 2849/809/2 2848/768/2
f 2930/770/2 2931/811/2 2890/810/2 2889/769/2
f 2971/771/2 2972/812/2 2931/811/2 2930/770/2
f 3012/772/2 3013/813/2 2972/812/2 2971/771/2
f 3053/773/2 3054/814/2 3013/813/2 3012/772/2
f 3094/774/2 3095/815/2 3054/814/2 3053/773/2
f 3135/775/2 3136/816/2 3095/815/2 3094/774/2
f 3176/776/2 3177/817/2 3136/816/2 3135/775/2
f 3217/777/2 3218/818/2 3177/817/2 3176/776/2
f 3258/778/2 3259/819/2 3218/818/2 3217/777/2
f 3299/779/2 3300/820/2 3259/819/2 3258/778/2
f 1701/781/2 1702/822/2 1661/821/2 1660/780/2
f 1742/782/2 1743/823/2 1702/822/2 1701/781/2
f 1783/783/2 1784/824/2 1743/823/2 1742/782/2
f 1824/784/2 1825/825/2 1784/824/2 1783/783/2
f 1865/785/2 1866/826/2 1825/825/2 1824/784/2
f 1906/786/2 1907/827/2 1866/826/2 1865/785/2
f 1947/787/2 1948/828/2 1907/827/2 1906/786/2
f 1988/788/2 1989/829/2 1948/828/2 1947/787/2
f 2029/789/2 2030/830/2 1989/829/2 1988/788/2
f 2070/790/2 2071/831/2 2030/830/2 2029/789/2
f 2111/791/2 2112/832/2 2071/831/2 2070/790/2
f 2152/792/2 2153/833/2 2112/832/2 2111/791/2
f 2193/793/2 2194/834/2 2153/833/2 2152/792/2
f 2234/794/2 2235/835/2 2194/834/2 2193/793/2
f 2275/795/2 2276/836/2 2235/835/2 2234/794/2
f 2316/796/2 2317/837/2 2276/836/2 2275/795/2
f 2357/797/2 2358/838/2 2317/837/2 2316/796/2
f 2398/798/2 2399/839/2 2358/838/2 2357/797/2
f 2439/799/2 2440/840/2 2399/839/2 2398/798/2
f 2480/800/2 2481/841/2 2440/840/2 2439/799/2
f 2521/801/2 2522/842/2 2481/841/2 2480/800/2
f 2562/802/2 2563/843/2 2522/842/2 2521/801/2
f 2603/803/2 2604/844/2 2563/843/2 2562/802/2
f 2644/804/2 2645/845/2 2604/844/2 2603/803/2
f 2685/805/2 2686/846/2 2645/845/2 2644/804/2
f 2726/806/2 2727/847/2 2686/846/2 2685/805/2
f 2767/807/2 2768/848/2 2727/847/2 2726/806/2
f 2808/808/2 2809/849/2 2768/848/2 2767/807/2
f 2849/809/2 2850/850/2 2809/849/2 2808/808/2
f 2890/810/2 2891/851/2 2850/850/2 2849/809/2
f 2931/811/2 2932/852/2 2891/851/2 2890/810/2
f 2972/812/2 2973/853/2 2932/852/2 2931/811/2
f 3013/813/2 3014/854/2 2973/853/2 2972/812/2
f 3054/814/2 3055/855/2 3014/854/2 3013/813/2
f 3095/815/2 3096/856/2 3055/855/2 3054/814/2
f 3136/816/2 3137/857/2 3096/856/2 3095/815/2
f 3177/817/2 3178/858/2 3137/857/2 3136/816/2
f 3218/818/2 3219/859/2 3178/858/2 3177/817/2
f 3259/819/2 3260/860/2 3219/859/2 3218/818/2
f 3300/820/2 3301/861/2 3260/860/2 3259/819/2
f 1702/822/2 1703/863/2 1662/862/2 1661/821/2
f 1743/823/2 1744/864/2 1703/863/2 1702/822/2
f 1784/824/2 1785/865/2 1744/864/2 1743/823/2
f 1825/825/2 1826/866/2 1785/865/2 1784/824/2
f 1866/826/2 1867/867/2 1826/866/2 1825/825/2
f 1907/827/2 1908/868/2 1867/867/2 1866/826/2
f 1948/828/2 1949/869/2 1908/868/2 1907/827/2
f 1989/829/2 1990/870/2 1949/869/2 1948/828/2
f 2030/830/2 2031/871/2 1990/870/2 1989/829/2
f 2071/831/2 2072/872/2 2031/871/2 2030/830/2
f 2112/832/2 2113/873/2 2072/872/2 2071/831/2
f 2153/833/2 2154/874/2 2113/873/2 2112/832/2
f 2194/834/2 2195/875/2 2154/874/2 2153/833/2
f 2235/835/2 2236/876/2 2195/875/2 2194/834/2
f 2276/836/2 2277/877/2 2236/876/2 2235/835/2
f 2317/837/2 2318/878/2 2277/877/2 2276/836/2
f 2358/838/2 2359/879/2 2318/878/2 2317/837/2
f 2399/839/2 2400/880/2 2359/879/2 2358/838/2
f 2440/840/2 2441/881/2 2400/880/2 2399/839/2
f 2481/841/2 2482/882/2 2441/881/2 2440/840/2
f 2522/842/2 2523/883/2 2482/882/2 2481/841/2
f 2563/843/2 2564/884/2 2523/883/2 2522/842/2
f 2604/844/2 2605/885/2 2564/884/2 2563/843/2
f 2645/845/2 2646/886/2 2605/885/2 2604/844/2
f 2686/846/2 2687/887/2 2646/886/2 2645/845/2
f 2727/847/2 2728/888/2 2687/887/2 2686/846/2
f 2768/848/2 2769/889/2 2728/888/2 2727/847/2
f 2809/849/2 2810/890/2 2769/889/2 2768/848/2
f 2850/850/2 2851/891/2 2810/890/2 2809/849/2
f 2891/851/2 2892/892/2 2851/891/2 2850/850/2
f 2932/852/2 2933/893/2 2892/892/2 2891/851/2
f 2973/853/2 2974/894/2 2933/893/2 2932/852/2
f 3014/854/2 3015/895/2 2974/894/2 2973/853/2
f 3055/855/2 3056/896/2 3015/895/2 3014/854/2
f 3096/856/2 3097/897/2 3056/896/2 3055/855/2
f 3137/857/2 3138/898/2 3097/897/2 3096/856/2
f 3178/858/2 3179/899/2 3138/898/2 3137/857/2
f 3219/859/2 3220/900/2 3179/899/2 3178/858/2
f 3260/860/2 3261/901/2 3220/900/2 3219/859/2
f 3301/861/2 3302/902/2 3261/901/2 3260/860/2
f 1703/863/2 1704/904/2 1663/903/2 1662/862/2
f 1744/864/2 1745/905/2 1704/904/2 1703/863/2
f 1785/865/2 1786/906/2 1745/905/2 1744/864/2
f 1826/866/2 1827/907/2 1786/906/2 1785/865/2
f 1867/867/2 1868/908/2 1827/907/2 1826/866/2
f 1908/868/2 1909/909/2 1868/908/2 1867/867/2
f 1949/869/2 1950/910/2 1909/909/2 1908/868/2
f 1990/870/2 1991/911/2 1950/910/2 1949/869/2
f 2031/871/2 2032/912/2 1991/911/2 1990/870/2
f 2072/872/2 2073/913/2 2032/912/2 2031/871/2
f 2113/873/2 2114/914/2 2073/913/2 2072/872/2
f 2154/874/2 2155/915/2 2114/914/2 2113/873/2
f 2195/875/2 2196/916/2 2155/915/2 2154/874/2
f 2236/876/2 2237/917/2 2196/916/2 2195/875/2
f 2277/877/2 2278/918/2 2237/917/2 2236/876/2
f 2318/878/2 2319/919/2 2278/918/2 2277/877/2
f 2359/879/2 2360/920/2 2319/919/2 2318/878/2
f 2400/880/2 2401/921/2 2360/920/2 2359/879/2
f 2441/881/2 2442/922/2 2401/921/2 2400/880/2
f 2482/882/2 2483/923/2 2442/922/2 2441/881/2
f 2523/883/2 2524/924/2 2483/923/2 2482/882/2
f 2564/884/2 2565/925/2 2524/924/2 2523/883/2
f 2605/885/2 2606/926/2 2565/925/2 2564/884/2
f 2646/886/2 2647/927/2 2606/926/2 2605/885/2
f 2687/887/2 2688/928/2 2647/927/2 2646/886/2
f 2728/888/2 2729/929/2 2688/928/2 2687/887/2
f 2769/889/2 2770/930/2 2729/929/2 2728/888/2
f 2810/890/2 2811/931/2 2770/930/2 2769/889/2
f 2851/891/2 2852/932/2 2811/931/2 2810/890/2
f 2892/892/2 2893/933/2 2852/932/2 2851/891/2
f 2933/893/2 2934/934/2 2893/933/2 2892/892/2
f 2974/894/2 2975/935/2 2934/934/2 2933/893/2
f 3015/895/2 3016/936/2 2975/935/2 2974/894/2
f 3056/896/2 3057/937/2 3016/936/2 3015/895/2
f 3097/897/2 3098/938/2 3057/937/2 3056/896/2
f 3138/898/2 3139/939/2 3098/938/2 3097/897/2
f 3179/899/2 3180/940/2 3139/939/2 3138/898/2
f 3220/900/2 3221/941/2 3180/940/2 3179/899/2
f 3261/901/2 3262/942/2 3221/941/2 3220/900/2
f 3302/902/2 3303/943/2 3262/942/2 3261/901/2
f 1704/904/2 1705/945/2 1664/944/2 1663/903/2
f 1745/905/2 1746/946/2 1705/945/2 1704/904/2
f 1786/906/2 1787/947/2 1746/946/2 1745/905/2
f 1827/907/2 1828/948/2 1787/947/2 1786/906/2
f 1868/908/2 1869/949/2 1828/948/2 1827/907/2
f 1909/909/2 1910/950/2 1869/949/2 1868/908/2
f 1950/910/2 1951/951/2 1910/950/2 1909/909/2
f 1991/911/2 1992/952/2 1951/951/2 1950/910/2
f 2032/912/2 2033/953/2 1992/952/2 1991/911/2
f 2073/913/2 2074/954/2 2033/953/2 2032/912/2
f 2114/914/2 2115/955/2 2074/954/2 2073/913/2
f 2155/915/2 2156/956/2 2115/955/2 2114/914/2
f 2196/916/2 2197/957/2 2156/956/2 2155/915/2
f 2237/917/2 2238/958/2 2197/957/2 2196/916/2
f 2278/918/2 2279/959/2 2238/958/2 2237/917/2
f 2319/919/2 2320/960/2 2279/959/2 2278/918/2
f 2360/920/2 2361/961/2 2320/960/2 2319/919/2
f 2401/921/2 2402/962/2 2361/961/2 2360/920/2
f 2442/922/2 2443/963/2 2402/962/2 2401/921/2
f 2483/923/2 2484/964/2 2443/963/2 2442/922/2
f 2524/924/2 2525/965/2 2484/964/2 2483/923/2
f 2565/925/2 2566/966/2 2525/965/2 2524/924/2
f 2606/926/2 2607/967/2 2566/966/2 2565/925/2
f 2647/927/2 2648/968/2 2607/967/2 2606/926/2
f 2688/928/2 2689/969/2 2648/968/2 2647/927/2
f 2729/929/2 2730/970/2 2689/969/2 2688/928/2
f 2770/930/2 2771/971/2 2730/970/2 2729/929/2
f 2811/931/2 2812/972/2 2771/971/2 2770/930/2
f 2852/932/2 2853/973/2 2812/972/2 2811/931/2
f 2893/933/2 2894/974/2 2853/973/2 2852/932/2
f 2934/934/2 2935/975/2 2894/974/2 2893/933/2
f 2975/935/2 2976/976/2 2935/975/2 2934/934/2
f 3016/936/2 3017/977/2 2976/976/2 2975/935/2
f 3057/937/2 3058/978/2 3017/977/2 3016/936/2
f 3098/938/2 3099/979/2 3058/978/2 3057/937/2
f 3139/939/2 3140/980/2 3099/979/2 3098/938/2
f 3180/940/2 3181/981/2 3140/980/2 3139/939/2
f 3221/941/2 3222/982/2 3181/981/2 3180/940/2
f 3262/942/2 3263/983/2 3222/982/2 3221/941/2
f 3303/943/2 3304/984/2 3263/983/2 3262/942/2
f 1705/945/2 1706/986/2 1665/985/2 1664/944/2
f 1746/946/2 1747/987/2 1706/986/2 1705/945/2
f 1787/947/2 1788/988/2 1747/987/2 1746/946/2
f 1828/948/2 1829/989/2 1788/988/2 1787/947/2
f 1869/949/2 1870/990/2 1829/989/2 1828/948/2
f 1910/950/2 1911/991/2 1870/990/2 1869/949/2
f 1951/951/2 1952/992/2 1911/991/2 1910/950/2
f 1992/952/2 1993/993/2 1952/992/2 1951/951/2
f 2033/953/2 2034/994/2 1993/993/2 1992/952/2
f 2074/954/2 2075/995/2 2034/994/2 2033/953/2
f 2115/955/2 2116/996/2 2075/995/2 2074/954/2
f 2156/956/2 2157/997/2 2116/996/2 2115/955/2
f 2197/957/2 2198/998/2 2157/997/2 2156/956/2
f 2238/958/2 2239/999/2 2198/998/2 2197/957/2
f 2279/959/2 2280/1000/2 2239/999/2 2238/958/2
f 2320/960/2 2321/1001/2 2280/1000/2 2279/959/2
f 2361/961/2 2362/1002/2 2321/1001/2 2320/960/2
f 2402/962/2 2403/1003/2 2362/1002/2 2361/961/2
f 2443/963/2 2444/1004/2 2403/1003/2 2402/962/2
f 2484/964/2 2485/1005/2 2444/1004/2 2443/963/2
f 2525/965/2 2526/1006/2 2485/1005/2 2484/964/2
f 2566/966/2 2567/1007/2 2526/1006/2 2525/965/2
f 2607/967/2 2608/1008/2 2567/1007/2 2566/966/2
f 2648/968/2 2649/1009/2 2608/1008/2 2607/967/2
f 2689/969/2 2690/1010/2 2649/1009/2 2648/968/2
f 2730/970/2 2731/1011/2 2690/1010/2 2689/969/2
f 2771/971/2 2772/1012/2 2731/1011/2 2730/970/2
f 2812/972/2 2813/1013/2 2772/1012/2 2771/971/2
f 2853/973/2 2854/1014/2 2813/1013/2 2812/972/2
f 2894/974/2 2895/1015/2 2854/1014/2 2853/973/2
f 2935/975/2 2936/1016/2 2895/1015/2 2894/974/2
f 2976/976/2 2977/1017/2 2936/1016/2 2935/975/2
f 3017/977/2 3018/1018/2 2977/1017/2 2976/976/2
f 3058/978/2 3059/1019/2 3018/1018/2 3017/977/2
f 3099/979/2 3100/1020/2 3059/1019/2 3058/978/2
f 3140/980/2 3141/1021/2 3100/1020/2 3099/979/2
f 3181/981/2 3182/1022/2 3141/1021/2 3140/980/2
f 3222/982/2 3223/1023/2 3182/1022/2 3181/981/2
f 3263/983/2 3264/1024/2 3223/1023/2 3222/982/2
f 3304/984/2 3305/1025/2 3264/1024/2 3263/983/2
f 1706/986/2 1707/1027/2 1666/1026/2 1665/985/2
f 1747/987/2 1748/1028/2 1707/1027/2 1706/986/2
f 1788/988/2 1789/1029/2 1748/1028/2 1747/987/2
f 1829/989/2 1830/1030/2 1789/1029/2 1788/988/2
f 1870/990/2 1871/1031/2 1830/1030/2 1829/989/2
f 1911/991/2 1912/1032/2 1871/1031/2 1870/990/2
f 1952/992/2 1953/1033/2 1912/1032/2 1911/991/2
f 1993/993/2 1994/1034/2 1953/1033/2 1952/992/2
f 2034/994/2 2035/1035/2 1994/1034/2 1993/993/2
f 2075/995/2 2076/1036/2 2035/1035/2 2034/994/2
f 2116/996/2 2117/1037/2 2076/1036/2 2075/995/2
f 2157/997/2 2158/1038/2 2117/1037/2 2116/996/2
f 2198/998/2 2199/1039/2 2158/1038/2 2157/997/2
f 2239/999/2 2240/1040/2 2199/1039/2 2198/998/2
f 2280/1000/2 2281/1041/2 2240/1040/2 2239/999/2
f 2321/1001/2 2322/1042/2 2281/1041/2 2280/1000/2
f 2362/1002/2 2363/1043/2 2322/1042/2 2321/1001/2
f 2403/1003/2 2404/1044/2 2363/1043/2 2362/1002/2
f 2444/1004/2 2445/1045/2 2404/1044/2 2403/1003/2
f 2485/1005/2 2486/1046/2 2445/1045/2 2444/1004/2
f 2526/1006/2 2527/1047/2 2486/1046/2 2485/1005/2
f 2567/1007/2 2568/1048/2 2527/1047/2 2526/1006/2
f 2608/1008/2 2609/1049/2 2568/1048/2 2567/1007/2
f 2649/1009/2 2650/1050/2 2609/1049/2 2608/1008/2
f 2690/1010/2 2691/1051/2 2650/1050/2 2649/1009/2
f 2731/1011/2 2732/1052/2 2691/1051/2 2690/1010/2
f 2772/1012/2 2773/1053/2 2732/1052/2 2731/1011/2
f 2813/1013/2 2814/1054/2 2773/1053/2 2772/1012/2
f 2854/1014/2 2855/1055/2 2814/1054/2 2813/1013/2
f 2895/1015/2 2896/1056/2 2855/1055/2 2854/1014/2
f 2936/1016/2 2937/1057/2 2896/1056/2 2895/1015/2
f 2977/1017/2 2978/1058/2 2937/1057/2 2936/1016/2
f 3018/1018/2 3019/1059/2 2978/1058/2 2977/1017/2
f 3059/1019/2 3060/1060/2 3019/1059/2 3018/1018/2
f 3100/1020/2 3101/1061/2 3060/1060/2 3059/1019/2
f 3141/1021/2 3142/1062/2 3101/1061/2 3100/1020/2
f 3182/1022/2 3183/1063/2 3142/1062/2 3141/1021/2
f 3223/1023/2 3224/1064/2 3183/1063/2 3182/1022/2
f 3264/1024/2 3265/1065/2 3224/1064/2 3223/1023/2
f 3305/1025/2 3306/1066/2 3265/1065/2 3264/1024/2
f 1707/1027/2 1708/1068/2 1667/1067/2 1666/1026/2
f 1748/1028/2 1749/1069/2 1708/1068/2 1707/1027/2
f 1789/1029/2 1790/1070/2 1749/1069/2 1748/1028/2
f 1830/1030/2 1831/1071/2 1790/1070/2 1789/1029/2
f 1871/1031/2 1872/1072/2 1831/1071/2 1830/1030/2
f 1912/1032/2 1913/1073/2 1872/1072/2 1871/1031/2
f 1953/1033/2 1954/1074/2 1913/1073/2 1912/1032/2
f 1994/1034/2 1995/1075/2 1954/1074/2 1953/1033/2
f 2035/1035/2 2036/1076/2 1995/1075/2 1994/1034/2
f 2076/1036/2 2077/1077/2 2036/1076/2 2035/1035/2
f 2117/1037/2 2118/1078/2 2077/1077/2 2076/1036/2
f 2158/1038/2 2159/1079/2 2118/1078/2 2117/1037/2
f 2199/1039/2 2200/1080/2 2159/1079/2 2158/1038/2
f 2240/1040/2 2241/1081/2 2200/1080/2 2199/1039/2
f 2281/1041/2 2282/1082/2 2241/1081/2 2240/1040/2
f 2322/1042/2 2323/1083/2 2282/1082/2 2281/1041/2
f 2363/1043/2 2364/1084/2 2323/1083/2 2322/1042/2
f 2404/1044/2 2405/1085/2 2364/1084/2 2363/1043/2
f 2445/1045/2 2446/1086/2 2405/1085/2 2404/1044/2
f 2486/1046/2 2487/1087/2 2446/1086/2 2445/1045/2
f 2527/1047/2 2528/1088/2 2487/1087/2 2486/1046/2
f 2568/1048/2 2569/1089/2 2528/1088/2 2527/1047/2
f 2609/1049/2 2610/1090/2 2569/1089/2 2568/1048/2
f 2650/1050/2 2651/1091/2 2610/1090/2 2609/1049/2
f 2691/1051/2 2692/1092/2 2651/1091/2 2650/1050/2
f 2732/1052/2 2733/1093/2 2692/1092/2 2691/1051/2
f 2773/1053/2 2774/1094/2 2733/1093/2 2732/1052/2
f 2814/1054/2 2815/1095/2 2774/1094/2 2773/1053/2
f 2855/1055/2 2856/1096/2 2815/1095/2 2814/1054/2
f 2896/1056/2 2897/1097/2 2856/1096/2 2855/1055/2
f 2937/1057/2 2938/1098/2 2897/1097/2 2896/1056/2
f 2978/1058/2 2979/1099/2 2938/1098/2 2937/1057/2
f 3019/1059/2 3020/1100/2 2979/1099/2 2978/1058/2
f 3060/1060/2 3061/1101/2 3020/1100/2 3019/1059/2
f 3101/1061/2 3102/1102/2 3061/1101/2 3060/1060/2
f 3142/1062/2 3143/1103/2 3102/1102/2 3101/1061/2
f 3183/1063/2 3184/1104/2 3143/1103/2 3142/1062/2
f 3224/1064/2 3225/1105/2 3184/1104/2 3183/1063/2
f 3265/1065/2 3266/1106/2 3225/1105/2 3224/1064/2
f 3306/1066/2 3307/1107/2 3266/1106/2 3265/1065/2
f 1708/1068/2 1709/1109/2 1668/1108/2 1667/1067/2
f 1749/1069/2 1750/1110/2 1709/1109/2 1708/1068/2
f 1790/1070/2 1791/1111/2 1750/1110/2 1749/1069/2
f 1831/1071/2 1832/1112/2 1791/1111/2 1790/1070/2
f 1872/1072/2 1873/1113/2 1832/1112/2 1831/1071/2
f 1913/1073/2 1914/1114/2 1873/1113/2 1872/1072/2
f 1954/1074/2 1955/1115/2 1914/1114/2 1913/1073/2
f 1995/1075/2 1996/1116/2 1955/1115/2 1954/1074/2
f 2036/1076/2 2037/1117/2 1996/1116/2 1995/1075/2
f 2077/1077/2 2078/1118/2 2037/1117/2 2036/1076/2
f 2118/1078/2 2119/1119/2 2078/1118/2 2077/1077/2
f 2159/1079/2 2160/1120/2 2119/1119/2 2118/1078/2
f 2200/1080/2 2201/1121/2 2160/1120/2 2159/1079/2
f 2241/1081/2 2242/1122/2 2201/1121/2 2200/1080/2
f 2282/1082/2 2283/1123/2 2242/1122/2 2241/1081/2
f 2323/1083/2 2324/1124/2 2283/1123/2 2282/1082/2
f 2364/1084/2 2365/1125/2 2324/1124/2 2323/1083/2
f 2405/1085/2 2406/1126/2 2365/1125/2 2364/1084/2
f 2446/1086/2 2447/1127/2 2406/1126/2 2405/1085/2
f 2487/1087/2 2488/1128/2 2447/1127/2 2446/1086/2
f 2528/1088/2 2529/1129/2 2488/1128/2 2487/1087/2
f 2569/1089/2 2570/1130/2 2529/1129/2 2528/1088/2
f 2610/1090/2 2611/1131/2 2570/1130/2 2569/1089/2
f 2651/1091/2 2652/1132/2 2611/1131/2 2610/1090/2
f 2692/1092/2 2693/1133/2 2652/1132/2 2651/1091/2
f 2733/1093/2 2734/1134/2 2693/1133/2 2692/1092/2
f 2774/1094/2 2775/1135/2 2734/1134/2 2733/1093/2
f 2815/1095/2 2816/1136/2 2775/1135/2 2774/1094/2
f 2856/1096/2 2857/1137/2 2816/1136/2 2815/1095/2
f 2897/1097/2 2898/1138/2 2857/1137/2 2856/1096/2
f 2938/1098/2 2939/1139/2 2898/1138/2 2897/1097/2
f 2979/1099/2 2980/1140/2 2939/1139/2 2938/1098/2
f 3020/1100/2 3021/1141/2 2980/1140/2 2979/1099/2
f 3061/1101/2 3062/1142/2 3021/1141/2 3020/1100/2
f 3102/1102/2 3103/1143/2 3062/1142/2 3061/1101/2
f 3143/1103/2 3144/1144/2 3103/1143/2 3102/1102/2
f 3184/1104/2 3185/1145/2 3144/1144/2 3143/1103/2
f 3225/1105/2 3226/1146/2 3185/1145/2 3184/1104/2
f 3266/1106/2 3267/1147/2 3226/1146/2 3225/1105/2
f 3307/1107/2 3308/1148/2 3267/1147/2 3266/1106/2
f 1709/1109/2 1710/1150/2 1669/1149/2 1668/1108/2
f 1750/1110/2 1751/1151/2 1710/1150/2 1709/1109/2
f 1791/1111/2 1792/1152/2 1751/1151/2 1750/1110/2
f 1832/1112/2 1833/1153/2 1792/1152/2 1791/1111/2
f 1873/1113/2 1874/1154/2 1833/1153/2 1832/1112/2
f 1914/1114/2 1915/1155/2 1874/1154/2 1873/1113/2
f 1955/1115/2 1956/1156/2 1915/1155/2 1914/1114/2
f 1996/1116/2 1997/1157/2 1956/1156/2 1955/1115/2
f 2037/1117/2 2038/1158/2 1997/1157/2 1996/1116/2
f 2078/1118/2 2079/1159/2 2038/1158/2 2037/1117/2
f 2119/1119/2 2120/1160/2 2079/1159/2 2078/1118/2
f 2160/1120/2 2161/1161/2 2120/1160/2 2119/1119/2
f 2201/1121/2 2202/1162/2 2161/1161/2 2160/1120/2
f 2242/1122/2 2243/1163/2 2202/1162/2 2201/1121/2
f 2283/1123/2 2284/1164/2 2243/1163/2 2242/1122/2
f 2324/1124/2 2325/1165/2 2284/1164/2 2283/1123/2
f 2365/1125/2 2366/1166/2 2325/1165/2 2324/1124/2
f 2406/1126/2 2407/1167/2 2366/1166/2 2365/1125/2
f 2447/1127/2 2448/1168/2 2407/1167/2 2406/1126/2
f 2488/1128/2 2489/1169/2 2448/1168/2 2447/1127/2
f 2529/1129/2 2530/1170/2 2489/1169/2 2488/1128/2
f 2570/1130/2 2571/1171/2 2530/1170/2 2529/1129/2
f 2611/1131/2 2612/1172/2 2571/1171/2 2570/1130/2
f 2652/1132/2 2653/1173/2 2612/1172/2 2611/1131/2
f 2693/1133/2 2694/1174/2 2653/1173/2 2652/1132/2
f 2734/1134/2 2735/1175/2 2694/1174/2 2693/1133/2
f 2775/1135/2 2776/1176/2 2735/1175/2 2734/1134/2
f 2816/1136/2 2817/1177/2 2776/1176/2 2775/1135/2
f 2857/1137/2 2858/1178/2 2817/1177/2 2816/1136/2
f 2898/1138/2 2899/1179/2 2858/1178/2 2857/1137/2
f 2939/1139/2 2940/1180/2 2899/1179/2 2898/1138/2
f 2980/1140/2 2981/1181/2 2940/1180/2 2939/1139/2
f 3021/1141/2 3022/1182/2 2981/1181/2 2980/1140/2
f 3062/1142/2 3063/1183/2 3022/1182/2 3021/1141/2
f 3103/1143/2 3104/1184/2 3063/1183/2 3062/1142/2
f 3144/1144/2 3145/1185/2 3104/1184/2 3103/1143/2
f 3185/1145/2 3186/1186/2 3145/1185/2 3144/1144/2
f 3226/1146/2 3227/1187/2 3186/1186/2 3185/1145/2
f 3267/1147/2 3268/1188/2 3227/1187/2 3226/1146/2
f 3308/1148/2 3309/1189/2 3268/1188/2 3267/1147/2
f 1710/1150/2 1711/1191/2 1670/1190/2 1669/1149/2
f 1751/1151/2 1752/1192/2 1711/1191/2 1710/1150/2
f 1792/1152/2 1793/1193/2 1752/1192/2 1751/1151/2
f 1833/1153/2 1834/1194/2 1793/1193/2 1792/1152/2
f 1874/1154/2 1875/1195/2 1834/1194/2 1833/1153/2
f 1915/1155/2 1916/1196/2 1875/1195/2 1874/1154/2
f 1956/1156/2 1957/1197/2 1916/1196/2 1915/1155/2
f 1997/1157/2 1998/1198/2 1957/1197/2 1956/1156/2
f 2038/1158/2 2039/1199/2 1998/1198/2 1997/1157/2
f 2079/1159/2 2080/1200/2 2039/1199/2 2038/1158/2
f 2120/1160/2 2121/1201/2 2080/1200/2 2079/1159/2
f 2161/1161/2 2162/1202/2 2121/1201/2 2120/1160/2
f 2202/1162/2 2203/1203/2 2162/1202/2 2161/1161/2
f 2243/1163/2 2244/1204/2 2203/1203/2 2202/1162/2
f 2284/1164/2 2285/1205/2 2244/1204/2 2243/1163/2
f 2325/1165/2 2326/1206/2 2285/1205/2 2284/1164/2
f 2366/1166/2 2367/1207/2 2326/1206/2 2325/1165/2
f 2407/1167/2 2408/1208/2 2367/1207/2 2366/1166/2
f 2448/1168/2 2449/1209/2 2408/1208/2 2407/1167/2
f 2489/1169/2 2490/1210/2 2449/1209/2 2448/1168/2
f 2530/1170/2 2531/1211/2 2490/1210/2 2489/1169/2
f 2571/1171/2 2572/1212/2 2531/1211/2 2530/1170/2
f 2612/1172/2 2613/1213/2 2572/1212/2 2571/1171/2
f 2653/1173/2 2654/1214/2 2613/1213/2 2612/1172/2
f 2694/1174/2 2695/1215/2 2654/1214/2 2653/1173/2
f 2735/1175/2 2736/1216/2 2695/1215/2 2694/1174/2
f 2776/1176/2 2777/1217/2 2736/1216/2 2735/1175/2
f 2817/1177/2 2818/1218/2 2777/1217/2 2776/1176/2
f 2858/1178/2 2859/1219/2 2818/1218/2 2817/1177/2
f 2899/1179/2 2900/1220/2 2859/1219/2 2858/1178/2
f 2940/1180/2 2941/1221/2 2900/1220/2 2899/1179/2
f 2981/1181/2 2982/1222/2 2941/1221/2 2940/1180/2
f 3022/1182/2 3023/1223/2 2982/1222/2 2981/1181/2
f 3063/1183/2 3064/1224/2 3023/1223/2 3022/1182/2
f 3104/1184/2 3105/1225/2 3064/1224/2 3063/1183/2
f 3145/1185/2 3146/1226/2 3105/1225/2 3104/1184/2
f 3186/1186/2 3187/1227/2 3146/1226/2 3145/1185/2
f 3227/1187/2 3228/1228/2 3187/1227/2 3186/1186/2
f 3268/1188/2 3269/1229/2 3228/1228/2 3227/1187/2
f 3309/1189/2 3310/1230/2 3269/1229/2 3268/1188/2
f 1711/1191/2 1712/1232/2 1671/1231/2 1670/1190/2
f 1752/1192/2 1753/1233/2 1712/1232/2 1711/1191/2
f 1793/1193/2 1794/1234/2 1753/1233/2 1752/1192/2
f 1834/1194/2 1835/1235/2 1794/1234/2 1793/1193/2
f 1875/1195/2 1876/1236/2 1835/1235/2 1834/1194/2
f 1916/1196/2 1917/1237/2 1876/1236/2 1875/1195/2
f 1957/1197/2 1958/1238/2 1917/1237/2 1916/1196/2
f 1998/1198/2 1999/1239/2 1958/1238/2 1957/1197/2
f 2039/1199/2 2040/1240/2 1999/1239/2 1998/1198/2
f 2080/1200/2 2081/1241/2 2040/1240/2 2039/1199/2
f 2121/1201/2 2122/1242/2 2081/1241/2 2080/1200/2
f 2162/1202/2 2163/1243/2 2122/1242/2 2121/1201/2
f 2203/1203/2 2204/1244/2 2163/1243/2 2162/1202/2
f 2244/1204/2 2245/1245/2 2204/1244/2 2203/1203/2
f 2285/1205/2 2286/1246/2 2245/1245/2 2244/1204/2
f 2326/1206/2 2327/1247/2 2286/1246/2 2285/1205/2
f 2367/1207/2 2368/1248/2 2327/1247/2 2326/1206/2
f 2408/1208/2 2409/1249/2 2368/1248/2 2367/1207/2
f 2449/1209/2 2450/1250/2 2409/1249/2 2408/1208/2
f 2490/1210/2 2491/1251/2 2450/1250/2 2449/1209/2
f 2531/1211/2 2532/1252/2 2491/1251/2 2490/1210/2
f 2572/1212/2 2573/1253/2 2532/1252/2 2531/1211/2
f 2613/1213/2 2614/1254/2 2573/1253/2 2572/1212/2
f 2654/1214/2 2655/1255/2 2614/1254/2 2613/1213/2
f 2695/1215/2 2696/1256/2 2655/1255/2 2654/1214/2
f 2736/1216/2 2737/1257/2 2696/1256/2 2695/1215/2
f 2777/1217/2 2778/1258/2 2737/1257/2 2736/1216/2
f 2818/1218/2 2819/1259/2 2778/1258/2 2777/1217/2
f 2859/1219/2 2860/1260/2 2819/1259/2 2818/1218/2
f 2900/1220/2 2901/1261/2 2860/1260/2 2859/1219/2
f 2941/1221/2 2942/1262/2 2901/1261/2 2900/1220/2
f 2982/1222/2 2983/1263/2 2942/1262/2 2941/1221/2
f 3023/1223/2 3024/1264/2 2983/1263/2 2982/1222/2
f 3064/1224/2 3065/1265/2 3024/1264/2 3023/1223/2
f 3105/1225/2 3106/1266/2 3065/1265/2 3064/1224/2
f 3146/1226/2 3147/1267/2 3106/1266/2 3105/1225/2
f 3187/1227/2 3188/1268/2 3147/1267/2 3146/1226/2
f 3228/1228/2 3229/1269/2 3188/1268/2 3187/1227/2
f 3269/1229/2 3270/1270/2 3229/1269/2 3228/1228/2
f 3310/1230/2 3311/1271/2 3270/1270/2 3269/1229/2
f 1712/1232/2 1713/1273/2 1672/1272/2 1671/1231/2
f 1753/1233/2 1754/1274/2 1713/1273/2 1712/1232/2
f 1794/1234/2 1795/1275/2 1754/1274/2 1753/1233/2
f 1835/1235/2 1836/1276/2 1795/1275/2 1794/1234/2
f 1876/1236/2 1877/1277/2 1836/1276/2 1835/1235/2
f 1917/1237/2 1918/1278/2 1877/1277/2 1876/1236/2
f 1958/1238/2 1959/1279/2 1918/1278/2 1917/1237/2
f 1999/1239/2 2000/1280/2 1959/1279/2 1958/1238/2
f 2040/1240/2 2041/1281/2 2000/1280/2 1999/1239/2
f 2081/1241/2 2082/1282/2 2041/1281/2 2040/1240/2
f 2122/1242/2 2123/1283/2 2082/1282/2 2081/1241/2
f 2163/1243/2 2164/1284/2 2123/1283/2 2122/1242/2
f 2204/1244/2 2205/1285/2 2164/1284/2 2163/1243/2
f 2245/1245/2 2246/1286/2 2205/1285/2 2204/1244/2
f 2286/1246/2 2287/1287/2 2246/1286/2 2245/1245/2
f 2327/1247/2 2328/1288/2 2287/1287/2 2286/1246/2
f 2368/1248/2 2369/1289/2 2328/1288/2 2327/1247/2
f 2409/1249/2 2410/1290/2 2369/1289/2 2368/1248/2
f 2450/1250/2 2451/1291/2 2410/1290/2 2409/1249/2
f 2491/1251/2 2492/1292/2 2451/1291/2 2450/1250/2
f 2532/1252/2 2533/1293/2 2492/1292/2 2491/1251/2
f 2573/1253/2 2574/1294/2 2533/1293/2 2532/1252/2
f 2614/1254/2 2615/1295/2 2574/1294/2 2573/1253/2
f 2655/1255/2 2656/1296/2 2615/1295/2 2614/1254/2
f 2696/1256/2 2697/1297/2 2656/1296/2 2655/1255/2
f 2737/1257/2 2738/1298/2 2697/1297/2 2696/1256/2
f 2778/1258/2 2779/1299/2 2738/1298/2 2737/1257/2
f 2819/1259/2 2820/1300/2 2779/1299/2 2778/1258/2
f 2860/1260/2 2861/1301/2 2820/1300/2 2819/1259/2
f 2901/1261/2 2902/1302/2 2861/1301/2 2860/1260/2
f 2942/1262/2 2943/1303/2 2902/1302/2 2901/1261/2
f 2983/1263/2 2984/1304/2 2943/1303/2 2942/1262/2
f 3024/1264/2 3025/1305/2 2984/1304/2 2983/1263/2
f 3065/1265/2 3066/1306/2 3025/1305/2 3024/1264/2
f 3106/1266/2 3107/1307/2 3066/1306/2 3065/1265/2
f 3147/1267/2 3148/1308/2 3107/1307/2 3106/1266/2
f 3188/1268/2 3189/1309/2 3148/1308/2 3147/1267/2
f 3229/1269/2 3230/1310/2 3189/1309/2 3188/1268/2
f 3270/1270/2 3271/1311/2 3230/1310/2 3229/1269/2
f 3311/1271/2 3312/1312/2 3271/1311/2 3270/1270/2
f 1713/1273/2 1714/1314/2 1673/1313/2 1672/1272/2
f 1754/1274/2 1755/1315/2 1714/1314/2 1713/1273/2
f 1795/1275/2 1796/1316/2 1755/1315/2 1754/1274/2
f 1836/1276/2 1837/1317/2 1796/1316/2 1795/1275/2
f 1877/1277/2 1878/1318/2 1837/1317/2 1836/1276/2
f 1918/1278/2 1919/1319/2 1878/1318/2 1877/1277/2
f 1959/1279/2 1960/1320/2 1919/1319/2 1918/1278/2
f 2000/1280/2 2001/1321/2 1960/1320/2 1959/1279/2
f 2041/1281/2 2042/1322/2 2001/1321/2 2000/1280/2
f 2082/1282/2 2083/1323/2 2042/1322/2 2041/1281/2
f 2123/1283/2 2124/1324/2 2083/1323/2 2082/1282/2
f 2164/1284/2 2165/1325/2 2124/1324/2 2123/1283/2
f 2205/1285/2 2206/1326/2 2165/1325/2 2164/1284/2
f 2246/1286/2 2247/1327/2 2206/1326/2 2205/1285/2
f 2287/1287/2 2288/1328/2 2247/1327/2 2246/1286/2
f 2328/1288/2 2329/1329/2 2288/1328/2 2287/1287/2
f 2369/1289/2 2370/1330/2 2329/1329/2 2328/1288/2
f 2410/1290/2 2411/1331/2 2370/1330/2 2369/1289/2
f 2451/1291/2 2452/1332/2 2411/1331/2 2410/1290/2
f 2492/1292/2 2493/1333/2 2452/1332/2 2451/1291/2
f 2533/1293/2 2534/1334/2 2493/1333/2 2492/1292/2
f 2574/1294/2 2575/1335/2 2534/1334/2 2533/1293/2
f 2615/1295/2 2616/1336/2 2575/1335/2 2574/1294/2
f 2656/1296/2 2657/1337/2 2616/1336/2 2615/1295/2
f 2697/1297/2 2698/1338/2 2657/1337/2 2656/1296/2
f 2738/1298/2 2739/1339/2 2698/1338/2 2697/1297/2
f 2779/1299/2 2780/1340/2 2739/1339/2 2738/1298/2
f 2820/1300/2 2821/1341/2 2780/1340/2 2779/1299/2
f 2861/1301/2 2862/1342/2 2821/1341/2 2820/1300/2
f 2902/1302/2 2903/1343/2 2862/1342/2 2861/1301/2
f 2943/1303/2 2944/1344/2 2903/1343/2 2902/1302/2
f 2984/1304/2 2985/1345/2 2944/1344/2 2943/1303/2
f 3025/1305/2 3026/1346/2 2985/1345/2 2984/1304/2
f 3066/1306/2 3067/1347/2 3026/1346/2 3025/1305/2
f 3107/1307/2 3108/1348/2 3067/1347/2 3066/1306/2
f 3148/1308/2 3149/1349/2 3108/1348/2 3107/1307/2
f 3189/1309/2 3190/1350/2 3149/1349/2 3148/1308/2
f 3230/1310/2 3231/1351/2 3190/1350/2 3189/1309/2
f 3271/1311/2 3272/1352/2 3231/1351/2 3230/1310/2
f 3312/1312/2 3313/1353/2 3272/1352/2 3271/1311/2
f 1714/1314/2 1715/1355/2 1674/1354/2 1673/1313/2
f 1755/1315/2 1756/1356/2 1715/1355/2 1714/1314/2
f 1796/1316/2 1797/1357/2 1756/1356/2 1755/1315/2
f 1837/1317/2 1838/1358/2 1797/1357/2 1796/1316/2
f 1878/1318/2 1879/1359/2 1838/1358/2 1837/1317/2
f 1919/1319/2 1920/1360/2 1879/1359/2 1878/1318/2
f 1960/1320/2 1961/1361/2 1920/1360/2 1919/1319/2
f 2001/1321/2 2002/1362/2 1961/1361/2 1960/1320/2
f 2042/1322/2 2043/1363/2 2002/1362/2 2001/1321/2
f 2083/1323/2 2084/1364/2 2043/1363/2 2042/1322/2
f 2124/1324/2 2125/1365/2 2084/1364/2 2083/1323/2
f 2165/1325/2 2166/1366/2 2125/1365/2 2124/1324/2
f 2206/1326/2 2207/1367/2 2166/1366/2 2165/1325/2
f 2247/1327/2 2248/1368/2 2207/1367/2 2206/1326/2
f 2288/1328/2 2289/1369/2 2248/1368/2 2247/1327/2
f 2329/1329/2 2330/1370/2 2289/1369/2 2288/1328/2
f 2370/1330/2 2371/1371/2 2330/1370/2 2329/1329/2
f 2411/1331/2 2412/1372/2 2371/1371/2 2370/1330/2
f 2452/1332/2 2453/1373/2 2412/1372/2 2411/1331/2
f 2493/1333/2 2494/1374/2 2453/1373/2 2452/1332/2
f 2534/1334/2 2535/1375/2 2494/1374/2 2493/1333/2
f 2575/1335/2 2576/1376/2 2535/1375/2 2534/1334/2
f 2616/1336/2 2617/1377/2 2576/1376/2 2575/1335/2
f 2657/1337/2 2658/1378/2 2617/1377/2 2616/1336/2
f 2698/1338/2 2699/1379/2 2658/1378/2 2657/1337/2
f 2739/1339/2 2740/1380/2 2699/1379/2 2698/1338/2
f 2780/1340/2 2781/1381/2 2740/1380/2 2739/1339/2
f 2821/1341/2 2822/1382/2 2781/1381/2 2780/1340/2
f 2862/1342/2 2863/1383/2 2822/1382/2 2821/1341/2
f 2903/1343/2 2904/1384/2 2863/1383/2 2862/1342/2
f 2944/1344/2 2945/1385/2 2904/1384/2 2903/1343/2
f 2985/1345/2 2986/1386/2 2945/1385/2 2944/1344/2
f 3026/1346/2 3027/1387/2 2986/1386/2 2985/1345/2
f 3067/1347/2 3068/1388/2 3027/1387/2 3026/1346/2
f 3108/1348/2 3109/1389/2 3068/1388/2 3067/1347/2
f 3149/1349/2 3150/1390/2 3109/1389/2 3108/1348/2
f 3190/1350/2 3191/1391/2 3150/1390/2 3149/1349/2
f 3231/1351/2 3232/1392/2 3191/1391/2 3190/1350/2
f 3272/1352/2 3273/1393/2 3232/1392/2 3231/1351/2
f 3313/1353/2 3314/1394/2 3273/1393/2 3272/1352/2
f 1715/1355/2 1716/1396/2 1675/1395/2 1674/1354/2
f 1756/1356/2 1757/1397/2 1716/1396/2 1715/1355/2
f 1797/1357/2 1798/1398/2 1757/1397/2 1756/1356/2
f 1838/1358/2 1839/1399/2 1798/1398/2 1797/1357/2
f 1879/1359/2 1880/1400/2 1839/1399/2 1838/1358/2
f 1920/1360/2 1921/1401/2 1880/1400/2 1879/1359/2
f 1961/1361/2 1962/1402/2 1921/1401/2 1920/1360/2
f 2002/1362/2 2003/1403/2 1962/1402/2 1961/1361/2
f 2043/1363/2 2044/1404/2 2003/1403/2 2002/1362/2
f 2084/1364/2 2085/1405/2 2044/1404/2 2043/1363/2
f 2125/1365/2 2126/1406/2 2085/1405/2 2084/1364/2
f 2166/1366/2 2167/1407/2 2126/1406/2 2125/1365/2
f 2207/1367/2 2208/1408/2 2167/1407/2 2166/1366/2
f 2248/1368/2 2249/1409/2 2208/1408/2 2207/1367/2
f 2289/1369/2 2290/1410/2 2249/1409/2 2248/1368/2
f 2330/1370/2 2331/1411/2 2290/1410/2 2289/1369/2
f 2371/1371/2 2372/1412/2 2331/1411/2 2330/1370/2
f 2412/1372/2 2413/1413/2 2372/1412/2 2371/1371/2
f 2453/1373/2 2454/1414/2 2413/1413/2 2412/1372/2
f 2494/1374/2 2495/1415/2 2454/1414/2 2453/1373/2
f 2535/1375/2 2536/1416/2 2495/1415/2 2494/1374/2
f 2576/1376/2 2577/1417/2 2536/1416/2 2535/1375/2
f 2617/1377/2 2618/1418/2 2577/1417/2 2576/1376/2
f 2658/1378/2 2659/1419/2 2618/1418/2 2617/1377/2
f 2699/1379/2 2700/1420/2 2659/1419/2 2658/1378/2
f 2740/1380/2 2741/1421/2 2700/1420/2 2699/1379/2
f 2781/1381/2 2782/1422/2 2741/1421/2 2740/1380/2
f 2822/1382/2 2823/1423/2 2782/1422/2 2781/1381/2
f 2863/1383/2 2864/1424/2 2823/1423/2 2822/1382/2
f 2904/1384/2 2905/1425/2 2864/1424/2 2863/1383/2
f 2945/1385/2 2946/1426/2 2905/1425/2 2904/1384/2
f 2986/1386/2 2987/1427/2 2946/1426/2 2945/1385/2
f 3027/1387/2 3028/1428/2 2987/1427/2 2986/1386/2
f 3068/1388/2 3069/1429/2 3028/1428/2 3027/1387/2
f 3109/1389/2 3110/1430/2 3069/1429/2 3068/1388/2
f 3150/1390/2 3151/1431/2 3110/1430/2 3109/1389/2
f 3191/1391/2 3192/1432/2 3151/1431/2 3150/1390/2
f 3232/1392/2 3233/1433/2 3192/1432/2 3191/1391/2
f 3273/1393/2 3274/1434/2 3233/1433/2 3232/1392/2
f 3314/1394/2 3315/1435/2 3274/1434/2 3273/1393/2
f 1716/1396/2 1717/1437/2 1676/1436/2 1675/1395/2
f 1757/1397/2 1758/1438/2 1717/1437/2 1716/1396/2
f 1798/1398/2 1799/1439/2 1758/1438/2 1757/1397/2
f 1839/1399/2 1840/1440/2 1799/1439/2 1798/1398/2
f 1880/1400/2 1881/1441/2 1840/1440/2 1839/1399/2
f 1921/1401/2 1922/1442/2 1881/1441/2 1880/1400/2
f 1962/1402/2 1963/1443/2 1922/1442/2 1921/1401/2
f 2003/1403/2 2004/1444/2 1963/1443/2 1962/1402/2
f 2044/1404/2 2045/1445/2 2004/1444/2 2003/1403/2
f 2085/1405/2 2086/1446/2 2045/1445/2 2044/1404/2
f 2126/1406/2 2127/1447/2 2086/1446/2 2085/1405/2
f 2167/1407/2 2168/1448/2 2127/1447/2 2126/1406/2
f 2208/1408/2 2209/1449/2 2168/1448/2 2167/1407/2
f 2249/1409/2 2250/1450/2 2209/1449/2 2208/1408/2
f 2290/1410/2 2291/1451/2 2250/1450/2 2249/1409/2
f 2331/1411/2 2332/1452/2 2291/1451/2 2290/1410/2
f 2372/1412/2 2373/1453/2 2332/1452/2 2331/1411/2
f 2413/1413/2 2414/1454/2 2373/1453/2 2372/1412/2
f 2454/1414/2 2455/1455/2 2414/1454/2 2413/1413/2
f 2495/1415/2 2496/1456/2 2455/1455/2 2454/1414/2
f 2536/1416/2 2537/1457/2 2496/1456/2 2495/1415/2
f 2577/1417/2 2578/1458/2 2537/1457/2 2536/1416/2
f 2618/1418/2 2619/1459/2 2578/1458/2 2577/1417/2
f 2659/1419/2 2660/1460/2 2619/1459/2 2618/1418/2
f 2700/1420/2 2701/1461/2 2660/1460/2 2659/1419/2
f 2741/1421/2 2742/1462/2 2701/1461/2 2700/1420/2
f 2782/1422/2 2783/1463/2 2742/1462/2 2741/1421/2
f 2823/1423/2 2824/1464/2 2783/1463/2 2782/1422/2
f 2864/1424/2 2865/1465/2 2824/1464/2 2823/1423/2
f 2905/1425/2 2906/1466/2 2865/1465/2 2864/1424/2
f 2946/1426/2 2947/1467/2 2906/1466/2 2905/1425/2
f 2987/1427/2 2988/1468/2 2947/1467/2 2946/1426/2
f 3028/1428/2 3029/1469/2 2988/1468/2 2987/1427/2
f 3069/1429/2 3070/1470/2 3029/1469/2 3028/1428/2
f 3110/1430/2 3111/1471/2 3070/1470/2 3069/1429/2
f 3151/1431/2 3152/1472/2 3111/1471/2 3110/1430/2
f 3192/1432/2 3193/1473/2 3152/1472/2 3151/1431/2
f 3233/1433/2 3234/1474/2 3193/1473/2 3192/1432/2
f 3274/1434/2 3275/1475/2 3234/1474/2 3233/1433/2
f 3315/1435/2 3316/1476/2 3275/1475/2 3274/1434/2
f 1717/1437/2 1718/1478/2 1677/1477/2 1676/1436/2
f 1758/1438/2 1759/1479/2 1718/1478/2 1717/1437/2
f 1799/1439/2 1800/1480/2 1759/1479/2 1758/1438/2
f 1840/1440/2 1841/1481/2 1800/1480/2 1799/1439/2
f 1881/1441/2 1882/1482/2 1841/1481/2 1840/1440/2
f 1922/1442/2 1923/1483/2 1882/1482/2 1881/1441/2
f 1963/1443/2 1964/1484/2 1923/1483/2 1922/1442/2
f 2004/1444/2 2005/1485/2 1964/1484/2 1963/1443/2
f 2045/1445/2 2046/1486/2 2005/1485/2 2004/1444/2
f 2086/1446/2 2087/1487/2 2046/1486/2 2045/1445/2
f 2127/1447/2 2128/1488/2 2087/1487/2 2086/1446/2
f 2168/1448/2 2169/1489/2 2128/1488/2 2127/1447/2
f 2209/1449/2 2210/1490/2 2169/1489/2 2168/1448/2
f 2250/1450/2 2251/1491/2 2210/1490/2 2209/1449/2
f 2291/1451/2 2292/1492/2 2251/1491/2 2250/1450/2
f 2332/1452/2 2333/1493/2 2292/1492/2 2291/1451/2
f 2373/1453/2 2374/1494/2 2333/1493/2 2332/1452/2
f 2414/1454/2 2415/1495/2 2374/1494/2 2373/1453/2
f 2455/1455/2 2456/1496/2 2415/1495/2 2414/1454/2
f 2496/1456/2 2497/1497/2 2456/1496/2 2455/1455/2
f 2537/1457/2 2538/1498/2 2497/1497/2 2496/1456/2
f 2578/1458/2 2579/1499/2 2538/1498/2 2537/1457/2
f 2619/1459/2 2620/1500/2 2579/1499/2 2578/1458/2
f 2660/1460/2 2661/1501/2 2620/1500/2 2619/1459/2
f 2701/1461/2 2702/1502/2 2661/1501/2 2660/1460/2
f 2742/1462/2 2743/1503/2 2702/1502/2 2701/1461/2
f 2783/1463/2 2784/1504/2 2743/1503/2 2742/1462/2
f 2824/1464/2 2825/1505/2 2784/1504/2 2783/1463/2
f 2865/1465/2 2866/1506/2 2825/1505/2 2824/1464/2
f 2906/1466/2 2907/1507/2 2866/1506/2 2865/1465/2
f 2947/1467/2 2948/1508/2 2907/1507/2 2906/1466/2
f 2988/1468/2 2989/1509/2 2948/1508/2 2947/1467/2
f 3029/1469/2 3030/1510/2 2989/1509/2 2988/1468/2
f 3070/1470/2 3071/1511/2 3030/1510/2 3029/1469/2
f 3111/1471/2 3112/1512/2 3071/1511/2 3070/1470/2
f 3152/1472/2 3153/1513/2 3112/1512/2 3111/1471/2
f 3193/1473/2 3194/1514/2 3153/1513/2 3152/1472/2
f 3234/1474/2 3235/1515/2 3194/1514/2 3193/1473/2
f 3275/1475/2 3276/1516/2 3235/1515/2 3234/1474/2
f 3316/1476/2 3317/1517/2 3276/1516/2 3275/1475/2
f 1718/1478/2 1719/1519/2 1678/1518/2 1677/1477/2
f 1759/1479/2 1760/1520/2 1719/1519/2 1718/1478/2
f 1800/1480/2 1801/1521/2 1760/1520/2 1759/1479/2
f 1841/1481/2 1842/1522/2 1801/1521/2 1800/1480/2
f 1882/1482/2 1883/1523/2 1842/1522/2 1841/1481/2
f 1923/1483/2 1924/1524/2 1883/1523/2 1882/1482/2
f 1964/1484/2 1965/1525/2 1924/1524/2 1923/1483/2
f 2005/1485/2 2006/1526/2 1965/1525/2 1964/1484/2
f 2046/1486/2 2047/1527/2 2006/1526/2 2005/1485/2
f 2087/1487/2 2088/1528/2 2047/1527/2 2046/1486/2
f 2128/1488/2 2129/1529/2 2088/1528/2 2087/1487/2
f 2169/1489/2 2170/1530/2 2129/1529/2 2128/1488/2
f 2210/1490/2 2211/1531/2 2170/1530/2 2169/1489/2
f 2251/1491/2 2252/1532/2 2211/1531/2 2210/1490/2
f 2292/1492/2 2293/1533/2 2252/1532/2 2251/1491/2
f 2333/1493/2 2334/1534/2 2293/1533/2 2292/1492/2
f 2374/1494/2 2375/1535/2 2334/1534/2 2333/1493/2
f 2415/1495/2 2416/1536/2 2375/1535/2 2374/1494/2
f 2456/1496/2 2457/1537/2 2416/1536/2 2415/1495/2
f 2497/1497/2 2498/1538/2 2457/1537/2 2456/1496/2
f 2538/1498/2 2539/1539/2 2498/1538/2 2497/1497/2
f 2579/1499/2 2580/1540/2 2539/1539/2 2538/1498/2
f 2620/1500/2 2621/1541/2 2580/1540/2 2579/1499/2
f 2661/1501/2 2662/1542/2 2621/1541/2 2620/1500/2
f 2702/1502/2 2703/1543/2 2662/1542/2 2661/1501/2
f 2743/1503/2 2744/1544/2 2703/1543/2 2702/1502/2
f 2784/1504/2 2785/1545/2 2744/1544/2 2743/1503/2
f 2825/1505/2 2826/1546/2 2785/1545/2 2784/1504/2
f 2866/1506/2 2867/1547/2 2826/1546/2 2825/1505/2
f 2907/1507/2 2908/1548/2 2867/1547/2 2866/1506/2
f 2948/1508/2 2949/1549/2 2908/1548/2 2907/1507/2
f 2989/1509/2 2990/1550/2 2949/1549/2 2948/1508/2
f 3030/1510/2 3031/1551/2 2990/1550/2 2989/1509/2
f 3071/1511/2 3072/1552/2 3031/1551/2 3030/1510/2
f 3112/1512/2 3113/1553/2 3072/1552/2 3071/1511/2
f 3153/1513/2 3154/1554/2 3113/1553/2 3112/1512/2
f 3194/1514/2 3195/1555/2 3154/1554/2 3153/1513/2
f 3235/1515/2 3236/1556/2 3195/1555/2 3194/1514/2
f 3276/1516/2 3277/1557/2 3236/1556/2 3235/1515/2
f 3317/1517/2 3318/1558/2 3277/1557/2 3276/1516/2
f 1719/1519/2 1720/1560/2 1679/1559/2 1678/1518/2
f 1760/1520/2 1761/1561/2 1720/1560/2 1719/1519/2
f 1801/1521/2 1802/1562/2 1761/1561/2 1760/1520/2
f 1842/1522/2 1843/1563/2 1802/1562/2 1801/1521/2
f 1883/1523/2 1884/1564/2 1843/1563/2 1842/1522/2
f 1924/1524/2 1925/1565/2 1884/1564/2 1883/1523/2
f 1965/1525/2 1966/1566/2 1925/1565/2 1924/1524/2
f 2006/1526/2 2007/1567/2 1966/1566/2 1965/1525/2
f 2047/1527/2 2048/1568/2 2007/1567/2 2006/1526/2
f 2088/1528/2 2089/1569/2 2048/1568/2 2047/1527/2
f 2129/1529/2 2130/1570/2 2089/1569/2 2088/1528/2
f 2170/1530/2 2171/1571/2 2130/1570/2 2129/1529/2
f 2211/1531/2 2212/1572/2 2171/1571/2 2170/1530/2
f 2252/1532/2 2253/1573/2 2212/1572/2 2211/1531/2
f 2293/1533/2 2294/1574/2 2253/1573/2 2252/1532/2
f 2334/1534/2 2335/1575/2 2294/1574/2 2293/1533/2
f 2375/1535/2 2376/1576/2 2335/1575/2 2334/1534/2
f 2416/1536/2 2417/1577/2 2376/1576/2 2375/1535/2
f 2457/1537/2 2458/1578/2 2417/1577/2 2416/1536/2
f 2498/1538/2 2499/1579/2 2458/1578/2 2457/1537/2
f 2539/1539/2 2540/1580/2 2499/1579/2 2498/1538/2
f 2580/1540/2 2581/1581/2 2540/1580/2 2539/1539/2
f 2621/1541/2 2622/1582/2 2581/1581/2 2580/1540/2
f 2662/1542/2 2663/1583/2 2622/1582/2 2621/1541/2
f 2703/1543/2 2704/1584/2 2663/1583/2 2662/1542/2
f 2744/1544/2 2745/1585/2 2704/1584/2 2703/1543/2
f 2785/1545/2 2786/1586/2 2745/1585/2 2744/1544/2
f 2826/1546/2 2827/1587/2 2786/1586/2 2785/1545/2
f 2867/1547/2 2868/1588/2 2827/1587/2 2826/1546/2
f 2908/1548/2 2909/1589/2 2868/1588/2 2867/1547/2
f 2949/1549/2 2950/1590/2 2909/1589/2 2908/1548/2
f 2990/1550/2 2991/1591/2 2950/1590/2 2949/1549/2
f 3031/1551/2 3032/1592/2 2991/1591/2 2990/1550/2
f 3072/1552/2 3073/1593/2 3032/1592/2 3031/1551/2
f 3113/1553/2 3114/1594/2 3073/1593/2 3072/1552/2
f 3154/1554/2 3155/1595/2 3114/1594/2 3113/1553/2
f 3195/1555/2 3196/1596/2 3155/1595/2 3154/1554/2
f 3236/1556/2 3237/1597/2 3196/1596/2 3195/1555/2
f 3277/1557/2 3278/1598/2 3237/1597/2 3236/1556/2
f 3318/1558/2 3319/1599/2 3278/1598/2 3277/1557/2
f 1720/1560/2 1721/1601/2 1680/1600/2 1679/1559/2
f 1761/1561/2 1762/1602/2 1721/1601/2 1720/1560/2
f 1802/1562/2 1803/1603/2 1762/1602/2 1761/1561/2
f 1843/1563/2 1844/1604/2 1803/1603/2 1802/1562/2
f 1884/1564/2 1885/1605/2 1844/1604/2 1843/1563/2
f 1925/1565/2 1926/1606/2 1885/1605/2 1884/1564/2
f 1966/1566/2 1967/1607/2 1926/1606/2 1925/1565/2
f 2007/1567/2 2008/1608/2 1967/1607/2 1966/1566/2
f 2048/1568/2 2049/1609/2 2008/1608/2 2007/1567/2
f 2089/1569/2 2090/1610/2 2049/1609/2 2048/1568/2
f 2130/1570/2 2131/1611/2 2090/1610/2 2089/1569/2
f 2171/1571/2 2172/1612/2 2131/1611/2 2130/1570/2
f 2212/1572/2 2213/1613/2 2172/1612/2 2171/1571/2
f 2253/1573/2 2254/1614/2 2213/1613/2 2212/1572/2
f 2294/1574/2 2295/1615/2 2254/1614/2 2253/1573/2
f 2335/1575/2 2336/1616/2 2295/1615/2 2294/1574/2
f 2376/1576/2 2377/1617/2 2336/1616/2 2335/1575/2
f 2417/1577/2 2418/1618/2 2377/1617/2 2376/1576/2
f 2458/1578/2 2459/1619/2 2418/1618/2 2417/1577/2
f 2499/1579/2 2500/1620/2 2459/1619/2 2458/1578/2
f 2540/1580/2 2541/1621/2 2500/1620/2 2499/1579/2
f 2581/1581/2 2582/1622/2 2541/1621/2 2540/1580/2
f 2622/1582/2 2623/1623/2 2582/1622/2 2581/1581/2
f 2663/1583/2 2664/1624/2 2623/1623/2 2622/1582/2
f 2704/1584/2 2705/1625/2 2664/1624/2 2663/1583/2
f 2745/1585/2 2746/1626/2 2705/1625/2 2704/1584/2
f 2786/1586/2 2787/1627/2 2746/1626/2 2745/1585/2
f 2827/1587/2 2828/1628/2 2787/1627/2 2786/1586/2
f 2868/1588/2 2869/1629/2 2828/1628/2 2827/1587/2
f 2909/1589/2 2910/1630/2 2869/1629/2 2868/1588/2
f 2950/1590/2 2951/1631/2 2910/1630/2 2909/1589/2
f 2991/1591/2 2992/1632/2 2951/1631/2 2950/1590/2
f 3032/1592/2 3033/1633/2 2992/1632/2 2991/1591/2
f 3073/1593/2 3074/1634/2 3033/1633/2 3032/1592/2
f 3114/1594/2 3115/1635/2 3074/1634/2 3073/1593/2
f 3155/1595/2 3156/1636/2 3115/1635/2 3114/1594/2
f 3196/1596/2 3197/1637/2 3156/1636/2 3155/1595/2
f 3237/1597/2 3238/1638/2 3197/1637/2 3196/1596/2
f 3278/1598/2 3279/1639/2 3238/1638/2 3237/1597/2
f 3319/1599/2 3320/1640/2 3279/1639/2 3278/1598/2
f 1721/1601/2 1722/1642/2 1681/1641/2 1680/1600/2
f 1762/1602/2 1763/1643/2 1722/1642/2 1721/1601/2
f 1803/1603/2 1804/1644/2 1763/1643/2 1762/1602/2
f 1844/1604/2 1845/1645/2 1804/1644/2 1803/1603/2
f 1885/1605/2 1886/1646/2 1845/1645/2 1844/1604/2
f 1926/1606/2 1927/1647/2 1886/1646/2 1885/1605/2
f 1967/1607/2 1968/1648/2 1927/1647/2 1926/1606/2
f 2008/1608/2 2009/1649/2 1968/1648/2 1967/1607/2
f 2049/1609/2 2050/1650/2 2009/1649/2 2008/1608/2
f 2090/1610/2 2091/1651/2 2050/1650/2 2049/1609/2
f 2131/1611/2 2132/1652/2 2091/1651/2 2090/1610/2
f 2172/1612/2 2173/1653/2 2132/1652/2 2131/1611/2
f 2213/1613/2 2214/1654/2 2173/1653/2 2172/1612/2
f 2254/1614/2 2255/1655/2 2214/1654/2 2213/1613/2
f 2295/1615/2 2296/1656/2 2255/1655/2 2254/1614/2
f 2336/1616/2 2337/1657/2 2296/1656/2 2295/1615/2
f 2377/1617/2 2378/1658/2 2337/1657/2 2336/1616/2
f 2418/1618/2 2419/1659/2 2378/1658/2 2377/1617/2
f 2459/1619/2 2460/1660/2 2419/1659/2 2418/1618/2
f 2500/1620/2 2501/1661/2 2460/1660/2 2459/1619/2
f 2541/1621/2 2542/1662/2 2501/1661/2 2500/1620/2
f 2582/1622/2 2583/1663/2 2542/1662/2 2541/1621/2
f 2623/1623/2 2624/1664/2 2583/1663/2 2582/1622/2
f 2664/1624/2 2665/1665/2 2624/1664/2 2623/1623/2
f 2705/1625/2 2706/1666/2 2665/1665/2 2664/1624/2
f 2746/1626/2 2747/1667/2 2706/1666/2 2705/1625/2
f 2787/1627/2 2788/1668/2 2747/1667/2 2746/1626/2
f 2828/1628/2 2829/1669/2 2788/1668/2 2787/1627/2
f 2869/1629/2 2870/1670/2 2829/1669/2 2828/1628/2
f 2910/1630/2 2911/1671/2 2870/1670/2 2869/1629/2
f 2951/1631/2 2952/1672/2 2911/1671/2 2910/1630/2
f 2992/1632/2 2993/1673/2 2952/1672/2 2951/1631/2
f 3033/1633/2 3034/1674/2 2993/1673/2 2992/1632/2
f 3074/1634/2 3075/1675/2 3034/1674/2 3033/1633/2
f 3115/1635/2 3116/1676/2 3075/1675/2 3074/1634/2
f 3156/1636/2 3157/1677/2 3116/1676/2 3115/1635/2
f 3197/1637/2 3198/1678/2 3157/1677/2 3156/1636/2
f 3238/1638/2 3239/1679/2 3198/1678/2 3197/1637/2
f 3279/1639/2 3280/1680/2 3239/1679/2 3238/1638/2
f 3320/1640/2 3321/1681/2 3280/1680/2 3279/1639/2
f 3322/4/3 3323/3/3 3282/2/3 3281/1/3
f 3363/6/3 3364/5/3 3323/3/3 3322/4/3
f 3404/8/3 3405/7/3 3364/5/3 3363/6/3
f 3445/10/3 3446/9/3 3405/7/3 3404/8/3
f 3486/12/3 3487/11/3 3446/9/3 3445/10/3
f 3527/14/3 3528/13/3 3487/11/3 3486/12/3
f 3568/16/3 3569/15/3 3528/13/3 3527/14/3
f 3609/18/3 3610/17/3 3569/15/3 3568/16/3
f 3650/20/3 3651/19/3 3610/17/3 3609/18/3
f 3691/22/3 3692/21/3 3651/19/3 3650/20/3
f 3732/24/3 3733/23/3 3692/21/3 3691/22/3
f 3773/26/3 3774/25/3 3733/23/3 3732/24/3
f 3814/28/3 3815/27/3 3774/25/3 3773/26/3
f 3855/30/3 3856/29/3 3815/27/3 3814/28/3
f 3896/32/3 3897/31/3 3856/29/3 3855/30/3
f 3937/34/3 3938/33/3 3897/31/3 3896/32/3
f 3978/36/3 3979/35/3 3938/33/3 3937/34/3
f 4019/38/3 4020/37/3 3979/35/3 3978/36/3
f 4060/40/3 4061/39/3 4020/37/3 4019/38/3
f 4101/42/3 4102/41/3 4061/39/3 4060/40/3
f 4142/44/3 4143/43/3 4102/41/3 4101/42/3
f 4183/46/3 4184/45/3 4143/43/3 4142/44/3
f 4224/48/3 4225/47/3 4184/45/3 4183/46/3
f 4265/50/3 4266/49/3 4225/47/3 4224/48/3
f 4306/52/3 4307/51/3 4266/49/3 4265/50/3
f 4347/54/3 4348/53/3 4307/51/3 4306/52/3
f 4388/56/3 4389/55/3 4348/53/3 4347/54/3
f 4429/58/3 4430/57/3 4389/55/3 4388/56/3
f 4470/60/3 4471/59/3 4430/57/3 4429/58/3
f 4511/62/3 4512/61/3 4471/59/3 4470/60/3
f 4552/64/3 4553/63/3 4512/61/3 4511/62/3
f 4593/66/3 4594/65/3 4553/63/3 4552/64/3
f 4634/68/3 4635/67/3 4594/65/3 4593/66/3
f 4675/70/3 4676/69/3 4635/67/3 4634/68/3
f 4716/72/3 4717/71/3 4676/69/3 4675/70/3
f 4757/74/3 4758/73/3 4717/71/3 4716/72/3
f 4798/76/3 4799/75/3 4758/73/3 4757/74/3
f 4839/78/3 4840/77/3 4799/75/3 4798/76/3
f 4880/80/3 4881/79/3 4840/77/3 4839/78/3
f 4921/82/3 4922/81/3 4881/79/3 4880/80/3
f 3323/3/3 3324/84/3 3283/83/3 3282/2/3
f 3364/5/3 3365/85/3 3324/84/3 3323/3/3
f 3405/7/3 3406/86/3 3365/85/3 3364/5/3
f 3446/9/3 3447/87/3 3406/86/3 3405/7/3
f 3487/11/3 3488/88/3 3447/87/3 3446/9/3
f 3528/13/3 3529/89/3 3488/88/3 3487/11/3
f 3569/15/3 3570/90/3 3529/89/3 3528/13/3
f 3610/17/3 3611/91/3 3570/90/3 3569/15/3
f 3651/19/3 3652/92/3 3611/91/3 3610/17/3
f 3692/21/3 3693/93/3 3652/92/3 3651/19/3
f 3733/23/3 3734/94/3 3693/93/3 3692/21/3
f 3774/25/3 3775/95/3 3734/94/3 3733/23/3
f 3815/27/3 3816/96/3 3775/95/3 3774/25/3
f 3856/29/3 3857/97/3 3816/96/3 3815/27/3
f 3897/31/3 3898/98/3 3857/97/3 3856/29/3
f 3938/33/3 3939/99/3 3898/98/3 3897/31/3
f 3979/35/3 3980/100/3 3939/99/3 3938/33/3
f 4020/37/3 4021/101/3 3980/100/3 3979/35/3
f 4061/39/3 4062/102/3 4021/101/3 4020/37/3
f 4102/41/3 4103/103/3 4062/102/3 4061/39/3
f 4143/43/3 4144/104/3 4103/103/3 4102/41/3
f 4184/45/3 4185/105/3 4144/104/3 4143/43/3
f 4225/47/3 4226/106/3 4185/105/3 4184/45/3
f 4266/49/3 4267/107/3 4226/106/3 4225/47/3
f 4307/51/3 4308/108/3 4267/107/3 4266/49/3
f 4348/53/3 4349/109/3 4308/108/3 4307/51/3
f 4389/55/3 4390/110/3 4349/109/3 4348/53/3
f 4430/57/3 4431/111/3 4390/110/3 4389/55/3
f 4471/59/3 4472/112/3 4431/111/3 4430/57/3
f 4512/61/3 4513/113/3 4472/112/3 4471/59/3
f 4553/63/3 4554/114/3 4513/113/3 4512/61/3
f 4594/65/3 4595/115/3 4554/114/3 4553/63/3
f 4635/67/3 4636/116/3 4595/115/3 4594/65/3
f 4676/69/3 4677/117/3 4636/116/3 4635/67/3
f 4717/71/3 4718/118/3 4677/117/3 4676/69/3
f 4758/73/3 4759/119/3 4718/118/3 4717/71/3
f 4799/75/3 4800/120/3 4759/119/3 4758/73/3
f 4840/77/3 4841/121/3 4800/120/3 4799/75/3
f 4881/79/3 4882/122/3 4841/121/3 4840/77/3
f 4922/81/3 4923/123/3 4882/122/3 4881/79/3
f 3324/84/3 3325/125/3 3284/124/3 3283/83/3
f 3365/85/3 3366/126/3 3325/125/3 3324/84/3
f 3406/86/3 3407/127/3 3366/126/3 3365/85/3
f 3447/87/3 3448/128/3 3407/127/3 3406/86/3
f 3488/88/3 3489/129/3 3448/128/3 3447/87/3
f 3529/89/3 3530/130/3 3489/129/3 3488/88/3
f 3570/90/3 3571/131/3 3530/130/3 3529/89/3
f 3611/91/3 3612/132/3 3571/131/3 3570/90/3
f 3652/92/3 3653/133/3 3612/132/3 3611/91/3
f 3693/93/3 3694/134/3 3653/133/3 3652/92/3
f 3734/94/3 3735/135/3 3694/134/3 3693/93/3
f 3775/95/3 3776/136/3 3735/135/3 3734/94/3
f 3816/96/3 3817/137/3 3776/136/3 3775/95/3
f 3857/97/3 3858/138/3 3817/137/3 3816/96/3
f 3898/98/3 3899/139/3 3858/138/3 3857/97/3
f 3939/99/3 3940/140/3 3899/139/3 3898/98/3
f 3980/100/3 3981/141/3 3940/140/3 3939/99/3
f 4021/101/3 4022/142/3 3981/141/3 3980/100/3
f 4062/102/3 4063/143/3 4022/142/3 4021/101/3
f 4103/103/3 4104/144/3 4063/143/3 4062/102/3
f 4144/104/3 4145/145/3 4104/144/3 4103/103/3
f 4185/105/3 4186/146/3 4145/145/3 4144/104/3
f 4226/106/3 4227/147/3 4186/146/3 4185/105/3
f 4267/107/3 4268/148/3 4227/147/3 4226/106/3
f 4308/108/3 4309/149/3 4268/148/3 4267/107/3
f 4349/109/3 4350/150/3 4309/149/3 4308/108/3
f 4390/110/3 4391/151/3 4350/150/3 4349/109/3
f 4431/111/3 4432/152/3 4391/151/3 4390/110/3
f 4472/112/3 4473/153/3 4432/152/3 4431/111/3
f 4513/113/3 4514/154/3 4473/153/3 4472/112/3
f 4554/114/3 4555/155/3 4514/154/3 4513/113/3
f 4595/115/3 4596/156/3 4555/155/3 4554/114/3
f 4636/116/3 4637/157/3 4596/156/3 4595/115/3
f 4677/117/3 4678/158/3 4637/157/3 4636/116/3
f 4718/118/3 4719/159/3 4678/158/3 4677/117/3
f 4759/119/3 4760/160/3 4719/159/3 4718/118/3
f 4800/120/3 4801/161/3 4760/160/3 4759/119/3
f 4841/121/3 4842/162/3 4801/161/3 4800/120/3
f 4882/122/3 4883/163/3 4842/162/3 4841/121/3
f 4923/123/3 4924/164/3 4883/163/3 4882/122/3
f 3325/125/3 3326/166/3 3285/165/3 3284/124/3
f 3366/126/3 3367/167/3 3326/166/3 3325/125/3
f 3407/127/3 3408/168/3 3367/167/3 3366/126/3
f 3448/128/3 3449/169/3 3408/168/3 3407/127/3
f 3489/129/3 3490/170/3 3449/169/3 3448/128/3
f 3530/130/3 3531/171/3 3490/170/3 3489/129/3
f 3571/131/3 3572/172/3 3531/171/3 3530/130/3
f 3612/132/3 3613/173/3 3572/172/3 3571/131/3
f 3653/133/3 3654/174/3 3613/173/3 3612/132/3
f 3694/134/3 3695/175/3 3654/174/3 3653/133/3
f 3735/135/3 3736/176/3 3695/175/3 3694/134/3
f 3776/136/3 3777/177/3 3736/176/3 3735/135/3
f 3817/137/3 3818/178/3 3777/177/3 3776/136/3
f 3858/138/3 3859/179/3 3818/178/3 3817/137/3
f 3899/139/3 3900/180/3 3859/179/3 3858/138/3
f 3940/140/3 3941/181/3 3900/180/3 3899/139/3
f 3981/141/3 3982/182/3 3941/181/3 3940/140/3
f 4022/142/3 4023/183/3 3982/182/3 3981/141/3
f 4063/143/3 4064/184/3 4023/183/3 4022/142/3
f 4104/144/3 4105/185/3 4064/184/3 4063/143/3
f 4145/145/3 4146/186/3 4105/185/3 4104/144/3
f 4186/146/3 4187/187/3 4146/186/3 4145/145/3
f 4227/147/3 4228/188/3 4187/187/3 4186/146/3
f 4268/148/3 4269/189/3 4228/188/3 4227/147/3
f 4309/149/3 4310/190/3 4269/189/3 4268/148/3
f 4350/150/3 4351/191/3 4310/190/3 4309/149/3
f 4391/151/3 4392/192/3 4351/191/3 4350/150/3
f 4432/152/3 4433/193/3 4392/192/3 4391/151/3
f 4473/153/3 4474/194/3 4433/193/3 4432/152/3
f 4514/154/3 4515/195/3 4474/194/3 4473/153/3
f 4555/155/3 4556/196/3 4515/195/3 4514/154/3
f 4596/156/3 4597/197/3 4556/196/3 4555/155/3
f 4637/157/3 4638/198/3 4597/197/3 4596/156/3
f 4678/158/3 4679/199/3 4638/198/3 4637/157/3
f 4719/159/3 4720/200/3 4679/199/3 4678/158/3
f 4760/160/3 4761/201/3 4720/200/3 4719/159/3
f 4801/161/3 4802/202/3 4761/201/3 4760/160/3
f 4842/162/3 4843/203/3 4802/202/3 4801/161/3
f 4883/163/3 4884/204/3 4843/203/3 4842/162/3
f 4924/164/3 4925/205/3 4884/204/3 4883/163/3
f 3326/166/3 3327/207/3 3286/206/3 3285/165/3
f 3367/167/3 3368/208/3 3327/207/3 3326/166/3
f 3408/168/3 3409/209/3 3368/208/3 3367/167/3
f 3449/169/3 3450/210/3 3409/209/3 3408/168/3
f 3490/170/3 3491/211/3 3450/210/3 3449/169/3
f 3531/171/3 3532/212/3 3491/211/3 3490/170/3
f 3572/172/3 3573/213/3 3532/212/3 3531/171/3
f 3613/173/3 3614/214/3 3573/213/3 3572/172/3
f 3654/174/3 3655/215/3 3614/214/3 3613/173/3
f 3695/175/3 3696/216/3 3655/215/3 3654/174/3
f 3736/176/3 3737/217/3 3696/216/3 3695/175/3
f 3777/177/3 3778/218/3 3737/217/3 3736/176/3
f 3818/178/3 3819/219/3 3778/218/3 3777/177/3
f 3859/179/3 3860/220/3 3819/219/3 3818/178/3
f 3900/180/3 3901/221/3 3860/220/3 3859/179/3
f 3941/181/3 3942/222/3 3901/221/3 3900/180/3
f 3982/182/3 3983/223/3 3942/222/3 3941/181/3
f 4023/183/3 4024/224/3 3983/223/3 3982/182/3
f 4064/184/3 4065/225/3 4024/224/3 4023/183/3
f 4105/185/3 4106/226/3 4065/225/3 4064/184/3
f 4146/186/3 4147/227/3 4106/226/3 4105/185/3
f 4187/187/3 4188/228/3 4147/227/3 4146/186/3
f 4228/188/3 4229/229/3 4188/228/3 4187/187/3
f 4269/189/3 4270/230/3 4229/229/3 4228/188/3
f 4310/190/3 4311/231/3 4270/230/3 4269/189/3
f 4351/191/3 4352/232/3 4311/231/3 4310/190/3
f 4392/192/3 4393/233/3 4352/232/3 4351/191/3
f 4433/193/3 4434/234/3 4393/233/3 4392/192/3
f 4474/194/3 4475/235/3 4434/234/3 4433/193/3
f 4515/195/3 4516/236/3 4475/235/3 4474/194/3
f 4556/196/3 4557/237/3 4516/236/3 4515/195/3
f 4597/197/3 4598/238/3 4557/237/3 4556/196/3
f 4638/198/3 4639/239/3 4598/238/3 4597/197/3
f 4679/199/3 4680/240/3 4639/239/3 4638/198/3
f 4720/200/3 4721/241/3 4680/240/3 4679/199/3
f 4761/201/3 4762/242/3 4721/241/3 4720/200/3
f 4802/202/3 4803/243/3 4762/242/3 4761/201/3
f 4843/203/3 4844/244/3 4803/243/3 4802/202/3
f 4884/204/3 4885/245/3 4844/244/3 4843/203/3
f 4925/205/3 4926/246/3 4885/245/3 4884/204/3
f 3327/207/3 3328/248/3 3287/247/3 3286/206/3
f 3368/208/3 3369/249/3 3328/248/3 3327/207/3
f 3409/209/3 3410/250/3 3369/249/3 3368/208/3
f 3450/210/3 3451/251/3 3410/250/3 3409/209/3
f 3491/211/3 3492/252/3 3451/251/3 3450/210/3
f 3532/212/3 3533/253/3 3492/252/3 3491/211/3
f 3573/213/3 3574/254/3 3533/253/3 3532/212/3
f 3614/214/3 3615/255/3 3574/254/3 3573/213/3
f 3655/215/3 3656/256/3 3615/255/3 3614/214/3
f 3696/216/3 3697/257/3 3656/256/3 3655/215/3
f 3737/217/3 3738/258/3 3697/257/3 3696/216/3
f 3778/218/3 3779/259/3 3738/258/3 3737/217/3
f 3819/219/3 3820/260/3 3779/259/3 3778/218/3
f 3860/220/3 3861/261/3 3820/260/3 3819/219/3
f 3901/221/3 3902/262/3 3861/261/3 3860/220/3
f 3942/222/3 3943/263/3 3902/262/3 3901/221/3
f 3983/223/3 3984/264/3 3943/263/3 3942/222/3
f 4024/224/3 4025/265/3 3984/264/3 3983/223/3
f 4065/225/3 4066/266/3 4025/265/3 4024/224/3
f 4106/226/3 4107/267/3 4066/266/3 4065/225/3
f 4147/227/3 4148/268/3 4107/267/3 4106/226/3
f 4188/228/3 4189/269/3 4148/268/3 4147/227/3
f 4229/229/3 4230/270/3 4189/269/3 4188/228/3
f 4270/230/3 4271/271/3 4230/270/3 4229/229/3
f 4311/231/3 4312/272/3 4271/271/3 4270/230/3
f 4352/232/3 4353/273/3 4312/272/3 4311/231/3
f 4393/233/3 4394/274/3 4353/273/3 4352/232/3
f 4434/234/3 4435/275/3 4394/274/3 4393/233/3
f 4475/235/3 4476/276/3 4435/275/3 4434/234/3
f 4516/236/3 4517/277/3 4476/276/3 4475/235/3
f 4557/237/3 4558/278/3 4517/277/3 4516/236/3
f 4598/238/3 4599/279/3 4558/278/3 4557/237/3
f 4639/239/3 4640/280/3 4599/279/3 4598/238/3
f 4680/240/3 4681/281/3 4640/280/3 4639/239/3
f 4721/241/3 4722/282/3 4681/281/3 4680/240/3
f 4762/242/3 4763/283/3 4722/282/3 4721/241/3
f 4803/243/3 4804/284/3 4763/283/3 4762/242/3
f 4844/244/3 4845/285/3 4804/284/3 4803/243/3
f 4885/245/3 4886/286/3 4845/285/3 4844/244/3
f 4926/246/3 4927/287/3 4886/286/3 4885/245/3
f 3328/248/3 3329/289/3 3288/288/3 3287/247/3
f 3369/249/3 3370/290/3 3329/289/3 3328/248/3
f 3410/250/3 3411/291/3 3370/290/3 3369/249/3
f 3451/251/3 3452/292/3 3411/291/3 3410/250/3
f 3492/252/3 3493/293/3 3452/292/3 3451/251/3
f 3533/253/3 3534/294/3 3493/293/3 3492/252/3
f 3574/254/3 3575/295/3 3534/294/3 3533/253/3
f 3615/255/3 3616/296/3 3575/295/3 3574/254/3
f 3656/256/3 3657/297/3 3616/296/3 3615/255/3
f 3697/257/3 3698/298/3 3657/297/3 3656/256/3
f 3738/258/3 3739/299/3 3698/298/3 3697/257/3
f 3779/259/3 3780/300/3 3739/299/3 3738/258/3
f 3820/260/3 3821/301/3 3780/300/3 3779/259/3
f 3861/261/3 3862/302/3 3821/301/3 3820/260/3
f 3902/262/3 3903/303/3 3862/302/3 3861/261/3
f 3943/263/3 3944/304/3 3903/303/3 3902/262/3
f 3984/264/3 3985/305/3 3944/304/3 3943/263/3
f 4025/265/3 4026/306/3 3985/305/3 3984/264/3
f 4066/266/3 4067/307/3 4026/306/3 4025/265/3
f 4107/267/3 4108/308/3 4067/307/3 4066/266/3
f 4148/268/3 4149/309/3 4108/308/3 4107/267/3
f 4189/269/3 4190/310/3 4149/309/3 4148/268/3
f 4230/270/3 4231/311/3 4190/310/3 4189/269/3
f 4271/271/3 4272/312/3 4231/311/3 4230/270/3
f 4312/272/3 4313/313/3 4272/312/3 4271/271/3
f 4353/273/3 4354/314/3 4313/313/3 4312/272/3
f 4394/274/3 4395/315/3 4354/314/3 4353/273/3
f 4435/275/3 4436/316/3 4395/315/3 4394/274/3
f 4476/276/3 4477/317/3 4436/316/3 4435/275/3
f 4517/277/3 4518/318/3 4477/317/3 4476/276/3
f 4558/278/3 4559/319/3 4518/318/3 4517/277/3
f 4599/279/3 4600/320/3 4559/319/3 4558/278/3
f 4640/280/3 4641/321/3 4600/320/3 4599/279/3
f 4681/281/3 4682/322/3 4641/321/3 4640/280/3
f 4722/282/3 4723/323/3 4682/322/3 4681/281/3
f 4763/283/3 4764/324/3 4723/323/3 4722/282/3
f 4804/284/3 4805/325/3 4764/324/3 4763/283/3
f 4845/285/3 4846/326/3 4805/325/3 4804/284/3
f 4886/286/3 4887/327/3 4846/326/3 4845/285/3
f 4927/287/3 4928/328/3 4887/327/3 4886/286/3
f 3329/289/3 3330/330/3 3289/329/3 3288/288/3
f 3370/290/3 3371/331/3 3330/330/3 3329/289/3
f 3411/291/3 3412/332/3 3371/331/3 3370/290/3
f 3452/292/3 3453/333/3 3412/332/3 3411/291/3
f 3493/293/3 3494/334/3 3453/333/3 3452/292/3
f 3534/294/3 3535/335/3 3494/334/3 3493/293/3
f 3575/295/3 3576/336/3 3535/335/3 3534/294/3
f 3616/296/3 3617/337/3 3576/336/3 3575/295/3
f 3657/297/3 3658/338/3 3617/337/3 3616/296/3
f 3698/298/3 3699/339/3 3658/338/3 3657/297/3
f 3739/299/3 3740/340/3 3699/339/3 3698/298/3
f 3780/300/3 3781/341/3 3740/340/3 3739/299/3
f 3821/301/3 3822/342/3 3781/341/3 3780/300/3
f 3862/302/3 3863/343/3 3822/342/3 3821/301/3
f 3903/303/3 3904/344/3 3863/343/3 3862/302/3
f 3944/304/3 3945/345/3 3904/344/3 3903/303/3
f 3985/305/3 3986/346/3 3945/345/3 3944/304/3
f 4026/306/3 4027/347/3 3986/346/3 3985/305/3
f 4067/307/3 4068/348/3 4027/347/3 4026/306/3
f 4108/308/3 4109/349/3 4068/348/3 4067/307/3
f 4149/309/3 4150/350/3 4109/349/3 4108/308/3
f 4190/310/3 4191/351/3 4150/350/3 4149/309/3
f 4231/311/3 4232/352/3 4191/351/3 4190/310/3
f 4272/312/3 4273/353/3 4232/352/3 4231/311/3
f 4313/313/3 4314/354/3 4273/353/3 4272/312/3
f 4354/314/3 4355/355/3 4314/354/3 4313/313/3
f 4395/315/3 4396/356/3 4355/355/3 4354/314/3
f 4436/316/3 4437/357/3 4396/356/3 4395/315/3
f 4477/317/3 4478/358/3 4437/357/3 4436/316/3
f 4518/318/3 4519/359/3 4478/358/3 4477/317/3
f 4559/319/3 4560/360/3 4519/359/3 4518/318/3
f 4600/320/3 4601/361/3 4560/360/3 4559/319/3
f 4641/321/3 4642/362/3 4601/361/3 4600/320/3
f 4682/322/3 4683/363/3 4642/362/3 4641/321/3
f 4723/323/3 4724/364/3 4683/363/3 4682/322/3
f 4764/324/3 4765/365/3 4724/364/3 4723/323/3
f 4805/325/3 4806/366/3 4765/365/3 4764/324/3
f 4846/326/3 4847/367/3 4806/366/3 4805/325/3
f 4887/327/3 4888/368/3 4847/367/3 4846/326/3
f 4928/328/3 4929/369/3 4888/368/3 4887/327/3
f 3330/330/3 3331/371/3 3290/370/3 3289/329/3
f 3371/331/3 3372/372/3 3331/371/3 3330/330/3
f 3412/332/3 3413/373/3 3372/372/3 3371/331/3
f 3453/333/3 3454/374/3 3413/373/3 3412/332/3
f 3494/334/3 3495/375/3 3454/374/3 3453/333/3
f 3535/335/3 3536/376/3 3495/375/3 3494/334/3
f 3576/336/3 3577/377/3 3536/376/3 3535/335/3
f 3617/337/3 3618/378/3 3577/377/3 3576/336/3
f 3658/338/3 3659/379/3 3618/378/3 3617/337/3
f 3699/339/3 3700/380/3 3659/379/3 3658/338/3
f 3740/340/3 3741/381/3 3700/380/3 3699/339/3
f 3781/341/3 3782/382/3 3741/381/3 3740/340/3
f 3822/342/3 3823/383/3 3782/382/3 3781/341/3
f 3863/343/3 3864/384/3 3823/383/3 3822/342/3
f 3904/344/3 3905/385/3 3864/384/3 3863/343/3
f 3945/345/3 3946/386/3 3905/385/3 3904/344/3
f 3986/346/3 3987/387/3 3946/386/3 3945/345/3
f 4027/347/3 4028/388/3 3987/387/3 3986/346/3
f 4068/348/3 4069/389/3 4028/388/3 4027/347/3
f 4109/349/3 4110/390/3 4069/389/3 4068/348/3
f 4150/350/3 4151/391/3 4110/390/3 4109/349/3
f 4191/351/3 4192/392/3 4151/391/3 4150/350/3
f 4232/352/3 4233/393/3 4192/392/3 4191/351/3
f 4273/353/3 4274/394/3 4233/393/3 4232/352/3
f 4314/354/3 4315/395/3 4274/394/3 4273/353/3
f 4355/355/3 4356/396/3 4315/395/3 4314/354/3
f 4396/356/3 4397/397/3 4356/396/3 4355/355/3
f 4437/357/3 4438/398/3 4397/397/3 4396/356/3
f 4478/358/3 4479/399/3 4438/398/3 4437/357/3
f 4519/359/3 4520/400/3 4479/399/3 4478/358/3
f 4560/360/3 4561/401/3 4520/400/3 4519/359/3
f 4601/361/3 4602/402/3 4561/401/3 4560/360/3
f 4642/362/3 4643/403/3 4602/402/3 4601/361/3
f 4683/363/3 4684/404/3 4643/403/3 4642/362/3
f 4724/364/3 4725/405/3 4684/404/3 4683/363/3
f 4765/365/3 4766/406/3 4725/405/3 4724/364/3
f 4806/366/3 4807/407/3 4766/406/3 4765/365/3
f 4847/367/3 4848/408/3 4807/407/3 4806/366/3
f 4888/368/3 4889/409/3 4848/408/3 4847/367/3
f 4929/369/3 4930/410/3 4889/409/3 4888/368/3
f 3331/371/3 3332/412/3 3291/411/3 3290/370/3
f 3372/372/3 3373/413/3 3332/412/3 3331/371/3
f 3413/373/3 3414/414/3 3373/413/3 3372/372/3
f 3454/374/3 3455/415/3 3414/414/3 3413/373/3
f 3495/375/3 3496/416/3 3455/415/3 3454/374/3
f 3536/376/3 3537/417/3 3496/416/3 3495/375/3
f 3577/377/3 3578/418/3 3537/417/3 3536/376/3
f 3618/378/3 3619/419/3 3578/418/3 3577/377/3
f 3659/379/3 3660/420/3 3619/419/3 3618/378/3
f 3700/380/3 3701/421/3 3660/420/3 3659/379/3
f 3741/381/3 3742/422/3 3701/421/3 3700/380/3
f 3782/382/3 3783/423/3 3742/422/3 3741/381/3
f 3823/383/3 3824/424/3 3783/423/3 3782/382/3
f 3864/384/3 3865/425/3 3824/424/3 3823/383/3
f 3905/385/3 3906/426/3 3865/425/3 3864/384/3
f 3946/386/3 3947/427/3 3906/426/3 3905/385/3
f 3987/387/3 3988/428/3 3947/427/3 3946/386/3
f 4028/388/3 4029/429/3 3988/428/3 3987/387/3
f 4069/389/3 4070/430/3 4029/429/3 4028/388/3
f 4110/390/3 4111/431/3 4070/430/3 4069/389/3
f 4151/391/3 4152/432/3 4111/431/3 4110/390/3
f 4192/392/3 4193/433/3 4152/432/3 4151/391/3
f 4233/393/3 4234/434/3 4193/433/3 4192/392/3
f 4274/394/3 4275/435/3 4234/434/3 4233/393/3
f 4315/395/3 4316/436/3 4275/435/3 4274/394/3
f 4356/396/3 4357/437/3 4316/436/3 4315/395/3
f 4397/397/3 4398/438/3 4357/437/3 4356/396/3
f 4438/398/3 4439/439/3 4398/438/3 4397/397/3
f 4479/399/3 4480/440/3 4439/439/3 4438/398/3
f 4520/400/3 4521/441/3 4480/440/3 4479/399/3
f 4561/401/3 4562/442/3 4521/441/3 4520/400/3
f 4602/402/3 4603/443/3 4562/442/3 4561/401/3
f 4643/403/3 4644/444/3 4603/443/3 4602/402/3
f 4684/404/3 4685/445/3 4644/444/3 4643/403/3
f 4725/405/3 4726/446/3 4685/445/3 4684/404/3
f 4766/406/3 4767/447/3 4726/446/3 4725/405/3
f 4807/407/3 4808/448/3 4767/447/3 4766/406/3
f 4848/408/3 4849/449/3 4808/448/3 4807/407/3
f 4889/409/3 4890/450/3 4849/449/3 4848/408/3
f 4930/410/3 4931/451/3 4890/450/3 4889/409/3
f 3332/412/3 3333/453/3 3292/452/3 3291/411/3
f 3373/413/3 3374/454/3 3333/453/3 3332/412/3
f 3414/414/3 3415/455/3 3374/454/3 3373/413/3
f 3455/415/3 3456/456/3 3415/455/3 3414/414/3
f 3496/416/3 3497/457/3 3456/456/3 3455/415/3
f 3537/417/3 3538/458/3 3497/457/3 3496/416/3
f 3578/418/3 3579/459/3 3538/458/3 3537/417/3
f 3619/419/3 3620/460/3 3579/459/3 3578/418/3
f 3660/420/3 3661/461/3 3620/460/3 3619/419/3
f 3701/421/3 3702/462/3 3661/461/3 3660/420/3
f 3742/422/3 3743/463/3 3702/462/3 3701/421/3
f 3783/423/3 3784/464/3 3743/463/3 3742/422/3
f 3824/424/3 3825/465/3 3784/464/3 3783/423/3
f 3865/425/3 3866/466/3 3825/465/3 3824/424/3
f 3906/426/3 3907/467/3 3866/466/3 3865/425/3
f 3947/427/3 3948/468/3 3907/467/3 3906/426/3
f 3988/428/3 3989/469/3 3948/468/3 3947/427/3
f 4029/429/3 4030/470/3 3989/469/3 3988/428/3
f 4070/430/3 4071/471/3 4030/470/3 4029/429/3
f 4111/431/3 4112/472/3 4071/471/3 4070/430/3
f 4152/432/3 4153/473/3 4112/472/3 4111/431/3
f 4193/433/3 4194/474/3 4153/473/3 4152/432/3
f 4234/434/3 4235/475/3 4194/474/3 4193/433/3
f 4275/435/3 4276/476/3 4235/475/3 4234/434/3
f 4316/436/3 4317/477/3 4276/476/3 4275/435/3
f 4357/437/3 4358/478/3 4317/477/3 4316/436/3
f 4398/438/3 4399/479/3 4358/478/3 4357/437/3
f 4439/439/3 4440/480/3 4399/479/3 4398/438/3
f 4480/440/3 4481/481/3 4440/480/3 4439/439/3
f 4521/441/3 4522/482/3 4481/481/3 4480/440/3
f 4562/442/3 4563/483/3 4522/482/3 4521/441/3
f 4603/443/3 4604/484/3 4563/483/3 4562/442/3
f 4644/444/3 4645/485/3 4604/484/3 4603/443/3
f 4685/445/3 4686/486/3 4645/485/3 4644/444/3
f 4726/446/3 4727/487/3 4686/486/3 4685/445/3
f 4767/447/3 4768/488/3 4727/487/3 4726/446/3
f 4808/448/3 4809/489/3 4768/488/3 4767/447/3
f 4849/449/3 4850/490/3 4809/489/3 4808/448/3
f 4890/450/3 4891/491/3 4850/490/3 4849/449/3
f 4931/451/3 4932/492/3 4891/491/3 4890/450/3
f 3333/453/3 3334/494/3 3293/493/3 3292/452/3
f 3374/454/3 3375/495/3 3334/494/3 3333/453/3
f 3415/455/3 3416/496/3 3375/495/3 3374/454/3
f 3456/456/3 3457/497/3 3416/496/3 3415/455/3
f 3497/457/3 3498/498/3 3457/497/3 3456/456/3
f 3538/458/3 3539/499/3 3498/498/3 3497/457/3
f 3579/459/3 3580/500/3 3539/499/3 3538/458/3
f 3620/460/3 3621/501/3 3580/500/3 3579/459/3
f 3661/461/3 3662/502/3 3621/501/3 3620/460/3
f 3702/462/3 3703/503/3 3662/502/3 3661/461/3
f 3743/463/3 3744/504/3 3703/503/3 3702/462/3
f 3784/464/3 3785/505/3 3744/504/3 3743/463/3
f 3825/465/3 3826/506/3 3785/505/3 3784/464/3
f 3866/466/3 3867/507/3 3826/506/3 3825/465/3
f 3907/467/3 3908/508/3 3867/507/3 3866/466/3
f 3948/468/3 3949/509/3 3908/508/3 3907/467/3
f 3989/469/3 3990/510/3 3949/509/3 3948/468/3
f 4030/470/3 4031/511/3 3990/510/3 3989/469/3
f 4071/471/3 4072/512/3 4031/511/3 4030/470/3
f 4112/472/3 4113/513/3 4072/512/3 4071/471/3
f 4153/473/3 4154/514/3 4113/513/3 4112/472/3
f 4194/474/3 4195/515/3 4154/514/3 4153/473/3
f 4235/475/3 4236/516/3 4195/515/3 4194/474/3
f 4276/476/3 4277/517/3 4236/516/3 4235/475/3
f 4317/477/3 4318/518/3 4277/517/3 4276/476/3
f 4358/478/3 4359/519/3 4318/518/3 4317/477/3
f 4399/479/3 4400/520/3 4359/519/3 4358/478/3
f 4440/480/3 4441/521/3 4400/520/3 4399/479/3
f 4481/481/3 4482/522/3 4441/521/3 4440/480/3
f 4522/482/3 4523/523/3 4482/522/3 4481/481/3
f 4563/483/3 4564/524/3 4523/523/3 4522/482/3
f 4604/484/3 4605/525/3 4564/524/3 4563/483/3
f 4645/485/3 4646/526/3 4605/525/3 4604/484/3
f 4686/486/3 4687/527/3 4646/526/3 4645/485/3
f 4727/487/3 4728/528/3 4687/527/3 4686/486/3
f 4768/488/3 4769/529/3 4728/528/3 4727/487/3
f 4809/489/3 4810/530/3 4769/529/3 4768/488/3
f 4850/490/3 4851/531/3 4810/530/3 4809/489/3
f 4891/491/3 4892/532/3 4851/531/3 4850/490/3
f 4932/492/3 4933/533/3 4892/532/3 4891/491/3
f 3334/494/3 3335/535/3 3294/534/3 3293/493/3
f 3375/495/3 3376/536/3 3335/535/3 3334/494/3
f 3416/496/3 3417/537/3 3376/536/3 3375/495/3
f 3457/497/3 3458/538/3 3417/537/3 3416/496/3
f 3498/498/3 3499/539/3 3458/538/3 3457/497/3
f 3539/499/3 3540/540/3 3499/539/3 3498/498/3
f 3580/500/3 3581/541/3 3540/540/3 3539/499/3
f 3621/501/3 3622/542/3 3581/541/3 3580/500/3
f 3662/502/3 3663/543/3 3622/542/3 3621/501/3
f 3703/503/3 3704/544/3 3663/543/3 3662/502/3
f 3744/504/3 3745/545/3 3704/544/3 3703/503/3
f 3785/505/3 3786/546/3 3745/545/3 3744/504/3
f 3826/506/3 3827/547/3 3786/546/3 3785/505/3
f 3867/507/3 3868/548/3 3827/547/3 3826/506/3
f 3908/508/3 3909/549/3 3868/548/3 3867/507/3
f 3949/509/3 3950/550/3 3909/549/3 3908/508/3
f 3990/510/3 3991/551/3 3950/550/3 3949/509/3
f 4031/511/3 4032/552/3 3991/551/3 3990/510/3
f 4072/512/3 4073/553/3 4032/552/3 4031/511/3
f 4113/513/3 4114/554/3 4073/553/3 4072/512/3
f 4154/514/3 4155/555/3 4114/554/3 4113/513/3
f 4195/515/3 4196/556/3 4155/555/3 4154/514/3
f 4236/516/3 4237/557/3 4196/556/3 4195/515/3
f 4277/517/3 4278/558/3 4237/557/3 4236/516/3
f 4318/518/3 4319/559/3 4278/558/3 4277/517/3
f 4359/519/3 4360/560/3 4319/559/3 4318/518/3
f 4400/520/3 4401/561/3 4360/560/3 4359/519/3
f 4441/521/3 4442/562/3 4401/561/3 4400/520/3
f 4482/522/3 4483/563/3 4442/562/3 4441/521/3
f 4523/523/3 4524/564/3 4483/563/3 4482/522/3
f 4564/524/3 4565/565/3 4524/564/3 4523/523/3
f 4605/525/3 4606/566/3 4565/565/3 4564/524/3
f 4646/526/3 4647/567/3 4606/566/3 4605/525/3
f 4687/527/3 4688/568/3 4647/567/3 4646/526/3
f 4728/528/3 4729/569/3 4688/568/3 4687/527/3
f 4769/529/3 4770/570/3 4729/569/3 4728/528/3
f 4810/530/3 4811/571/3 4770/570/3 4769/529/3
f 4851/531/3 4852/572/3 4811/571/3 4810/530/3
f 4892/532/3 4893/573/3 4852/572/3 4851/531/3
f 4933/533/3 4934/574/3 4893/573/3 4892/532/3
f 3335/535/3 3336/576/3 3295/575/3 3294/534/3
f 3376/536/3 3377/577/3 3336/576/3 3335/535/3
f 3417/537/3 3418/578/3 3377/577/3 3376/536/3
f 3458/538/3 3459/579/3 3418/578/3 3417/537/3
f 3499/539/3 3500/580/3 3459/579/3 3458/538/3
f 3540/540/3 3541/581/3 3500/580/3 3499/539/3
f 3581/541/3 3582/582/3 3541/581/3 3540/540/3
f 3622/542/3 3623/583/3 3582/582/3 3581/541/3
f 3663/543/3 3664/584/3 3623/583/3 3622/542/3
f 3704/544/3 3705/585/3 3664/584/3 3663/543/3
f 3745/545/3 3746/586/3 3705/585/3 3704/544/3
f 3786/546/3 3787/587/3 3746/586/3 3745/545/3
f 3827/547/3 3828/588/3 3787/587/3 3786/546/3
f 3868/548/3 3869/589/3 3828/588/3 3827/547/3
f 3909/549/3 3910/590/3 3869/589/3 3868/548/3
f 3950/550/3 3951/591/3 3910/590/3 3909/549/3
f 3991/551/3 3992/592/3 3951/591/3 3950/550/3
f 4032/552/3 4033/593/3 3992/592/3 3991/551/3
f 4073/553/3 4074/594/3 4033/593/3 4032/552/3
f 4114/554/3 4115/595/3 4074/594/3 4073/553/3
f 4155/555/3 4156/596/3 4115/595/3 4114/554/3
f 4196/556/3 4197/597/3 4156/596/3 4155/555/3
f 4237/557/3 4238/598/3 4197/597/3 4196/556/3
f 4278/558/3 4279/599/3 4238/598/3 4237/557/3
f 4319/559/3 4320/600/3 4279/599/3 4278/558/3
f 4360/560/3 4361/601/3 4320/600/3 4319/559/3
f 4401/561/3 4402/602/3 4361/601/3 4360/560/3
f 4442/562/3 4443/603/3 4402/602/3 4401/561/3
f 4483/563/3 4484/604/3 4443/603/3 4442/562/3
f 4524/564/3 4525/605/3 4484/604/3 4483/563/3
f 4565/565/3 4566/606/3 4525/605/3 4524/564/3
f 4606/566/3 4607/607/3 4566/606/3 4565/565/3
f 4647/567/3 4648/608/3 4607/607/3 4606/566/3
f 4688/568/3 4689/609/3 4648/608/3 4647/567/3
f 4729/569/3 4730/610/3 4689/609/3 4688/568/3
f 4770/570/3 4771/611/3 4730/610/3 4729/569/3
f 4811/571/3 4812/612/3 4771/611/3 4770/570/3
f 4852/572/3 4853/613/3 4812/612/3 4811/571/3
f 4893/573/3 4894/614/3 4853/613/3 4852/572/3
f 4934/574/3 4935/615/3 4894/614/3 4893/573/3
f 3336/576/3 3337/617/3 3296/616/3 3295/575/3
f 3377/577/3 3378/618/3 3337/617/3 3336/576/3
f 3418/578/3 3419/619/3 3378/618/3 3377/577/3
f 3459/579/3 3460/620/3 3419/619/3 3418/578/3
f 3500/580/3 3501/621/3 3460/620/3 3459/579/3
f 3541/581/3 3542/622/3 3501/621/3 3500/580/3
f 3582/582/3 3583/623/3 3542/622/3 3541/581/3
f 3623/583/3 3624/624/3 3583/623/3 3582/582/3
f 3664/584/3 3665/625/3 3624/624/3 3623/583/3
f 3705/585/3 3706/626/3 3665/625/3 3664/584/3
f 3746/586/3 3747/627/3 3706/626/3 3705/585/3
f 3787/587/3 3788/628/3 3747/627/3 3746/586/3
f 3828/588/3 3829/629/3 3788/628/3 3787/587/3
f 3869/589/3 3870/630/3 3829/629/3 3828/588/3
f 3910/590/3 3911/631/3 3870/630/3 3869/589/3
f 3951/591/3 3952/632/3 3911/631/3 3910/590/3
f 3992/592/3 3993/633/3 3952/632/3 3951/591/3
f 4033/593/3 4034/634/3 3993/633/3 3992/592/3
f 4074/594/3 4075/635/3 4034/634/3 4033/593/3
f 4115/595/3 4116/636/3 4075/635/3 4074/594/3
f 4156/596/3 4157/637/3 4116/636/3 4115/595/3
f 4197/597/3 4198/638/3 4157/637/3 4156/596/3
f 4238/598/3 4239/639/3 4198/638/3 4197/597/3
f 4279/599/3 4280/640/3 4239/639/3 4238/598/3
f 4320/600/3 4321/641/3 4280/640/3 4279/599/3
f 4361/601/3 4362/642/3 4321/641/3 4320/600/3
f 4402/602/3 4403/643/3 4362/642/3 4361/601/3
f 4443/603/3 4444/644/3 4403/643/3 4402/602/3
f 4484/604/3 4485/645/3 4444/644/3 4443/603/3
f 4525/605/3 4526/646/3 4485/645/3 4484/604/3
f 4566/606/3 4567/647/3 4526/646/3 4525/605/3
f 4607/607/3 4608/648/3 4567/647/3 4566/606/3
f 4648/608/3 4649/649/3 4608/648/3 4607/607/3
f 4689/609/3 4690/650/3 4649/649/3 4648/608/3
f 4730/610/3 4731/651/3 4690/650/3 4689/609/3
f 4771/611/3 4772/652/3 4731/651/3 4730/610/3
f 4812/612/3 4813/653/3 4772/652/3 4771/611/3
f 4853/613/3 4854/654/3 4813/653/3 4812/612/3
f 4894/614/3 4895/655/3 4854/654/3 4853/613/3
f 4935/615/3 4936/656/3 4895/655/3 4894/614/3
f 3337/617/3 3338/658/3 3297/657/3 3296/616/3
f 3378/618/3 3379/659/3 3338/658/3 3337/617/3
f 3419/619/3 3420/660/3 3379/659/3 3378/618/3
f 3460/620/3 3461/661/3 3420/660/3 3419/619/3
f 3501/621/3 3502/662/3 3461/661/3 3460/620/3
f 3542/622/3 3543/663/3 3502/662/3 3501/621/3
f 3583/623/3 3584/664/3 3543/663/3 3542/622/3
f 3624/624/3 3625/665/3 3584/664/3 3583/623/3
f 3665/625/3 3666/666/3 3625/665/3 3624/624/3
f 3706/626/3 3707/667/3 3666/666/3 3665/625/3
f 3747/627/3 3748/668/3 3707/667/3 3706/626/3
f 3788/628/3 3789/669/3 3748/668/3 3747/627/3
f 3829/629/3 3830/670/3 3789/669/3 3788/628/3
f 3870/630/3 3871/671/3 3830/670/3 3829/629/3
f 3911/631/3 3912/672/3 3871/671/3 3870/630/3
f 3952/632/3 3953/673/3 3912/672/3 3911/631/3
f 3993/633/3 3994/674/3 3953/673/3 3952/632/3
f 4034/634/3 4035/675/3 3994/674/3 3993/633/3
f 4075/635/3 4076/676/3 4035/675/3 4034/634/3
f 4116/636/3 4117/677/3 4076/676/3 4075/635/3
f 4157/637/3 4158/678/3 4117/677/3 4116/636/3
f 4198/638/3 4199/679/3 4158/678/3 4157/637/3
f 4239/639/3 4240/680/3 4199/679/3 4198/638/3
f 4280/640/3 4281/681/3 4240/680/3 4239/639/3
f 4321/641/3 4322/682/3 4281/681/3 4280/640/3
f 4362/642/3 4363/683/3 4322/682/3 4321/641/3
f 4403/643/3 4404/684/3 4363/683/3 4362/642/3
f 4444/644/3 4445/685/3 4404/684/3 4403/643/3
f 4485/645/3 4486/686/3 4445/685/3 4444/644/3
f 4526/646/3 4527/687/3 4486/686/3 4485/645/3
f 4567/647/3 4568/688/3 4527/687/3 4526/646/3
f 4608/648/3 4609/689/3 4568/688/3 4567/647/3
f 4649/649/3 4650/690/3 4609/689/3 4608/648/3
f 4690/650/3 4691/691/3 4650/690/3 4649/649/3
f 4731/651/3 4732/692/3 4691/691/3 4690/650/3
f 4772/652/3 4773/693/3 4732/692/3 4731/651/3
f 4813/653/3 4814/694/3 4773/693/3 4772/652/3
f 4854/654/3 4855/695/3 4814/694/3 4813/653/3
f 4895/655/3 4896/696/3 4855/695/3 4854/654/3
f 4936/656/3 4937/697/3 4896/696/3 4895/655/3
f 3338/658/3 3339/699/3 3298/698/3 3297/657/3
f 3379/659/3 3380/700/3 3339/699/3 3338/658/3
f 3420/660/3 3421/701/3 3380/700/3 3379/659/3
f 3461/661/3 3462/702/3 3421/701/3 3420/660/3
f 3502/662/3 3503/703/3 3462/702/3 3461/661/3
f 3543/663/3 3544/704/3 3503/703/3 3502/662/3
f 3584/664/3 3585/705/3 3544/704/3 3543/663/3
f 3625/665/3 3626/706/3 3585/705/3 3584/664/3
f 3666/666/3 3667/707/3 3626/706/3 3625/665/3
f 3707/667/3 3708/708/3 3667/707/3 3666/666/3
f 3748/668/3 3749/709/3 3708/708/3 3707/667/3
f 3789/669/3 3790/710/3 3749/709/3 3748/668/3
f 3830/670/3 3831/711/3 3790/710/3 3789/669/3
f 3871/671/3 3872/712/3 3831/711/3 3830/670/3
f 3912/672/3 3913/713/3 3872/712/3 3871/671/3
f 3953/673/3 3954/714/3 3913/713/3 3912/672/3
f 3994/674/3 3995/715/3 3954/714/3 3953/673/3
f 4035/675/3 4036/716/3 3995/715/3 3994/674/3
f 4076/676/3 4077/717/3 4036/716/3 4035/675/3
f 4117/677/3 4118/718/3 4077/717/3 4076/676/3
f 4158/678/3 4159/719/3 4118/718/3 4117/677/3
f 4199/679/3 4200/720/3 4159/719/3 4158/678/3
f 4240/680/3 4241/721/3 4200/720/3 4199/679/3
f 4281/681/3 4282/722/3 4241/721/3 4240/680/3
f 4322/682/3 4323/723/3 4282/722/3 4281/681/3
f 4363/683/3 4364/724/3 4323/723/3 4322/682/3
f 4404/684/3 4405/725/3 4364/724/3 4363/683/3
f 4445/685/3 4446/726/3 4405/725/3 4404/684/3
f 4486/686/3 4487/727/3 4446/726/3 4445/685/3
f 4527/687/3 4528/728/3 4487/727/3 4486/686/3
f 4568/688/3 4569/729/3 4528/728/3 4527/687/3
f 4609/689/3 4610/730/3 4569/729/3 4568/688/3
f 4650/690/3 4651/731/3 4610/730/3 4609/689/3
f 4691/691/3 4692/732/3 4651/731/3 4650/690/3
f 4732/692/3 4733/733/3 4692/732/3 4691/691/3
f 4773/693/3 4774/734/3 4733/733/3 4732/692/3
f 4814/694/3 4815/735/3 4774/734/3 4773/693/3
f 4855/695/3 4856/736/3 4815/735/3 4814/694/3
f 4896/696/3 4897/737/3 4856/736/3 4855/695/3
f 4937/697/3 4938/738/3 4897/737/3 4896/696/3
f 3339/699/3 3340/740/3 3299/739/3 3298/698/3
f 3380/700/3 3381/741/3 3340/740/3 3339/699/3
f 3421/701/3 3422/742/3 3381/741/3 3380/700/3
f 3462/702/3 3463/743/3 3422/742/3 3421/701/3
f 3503/703/3 3504/744/3 3463/743/3 3462/702/3
f 3544/704/3 3545/745/3 3504/744/3 3503/703/3
f 3585/705/3 3586/746/3 3545/745/3 3544/704/3
f 3626/706/3 3627/747/3 3586/746/3 3585/705/3
f 3667/707/3 3668/748/3 3627/747/3 3626/706/3
f 3708/708/3 3709/749/3 3668/748/3 3667/707/3
f 3749/709/3 3750/750/3 3709/749/3 3708/708/3
f 3790/710/3 3791/751/3 3750/750/3 3749/709/3
f 3831/711/3 3832/752/3 3791/751/3 3790/710/3
f 3872/712/3 3873/753/3 3832/752/3 3831/711/3
f 3913/713/3 3914/754/3 3873/753/3 3872/712/3
f 3954/714/3 3955/755/3 3914/754/3 3913/713/3
f 3995/715/3 3996/756/3 3955/755/3 3954/714/3
f 4036/716/3 4037/757/3 3996/756/3 3995/715/3
f 4077/717/3 4078/758/3 4037/757/3 4036/716/3
f 4118/718/3 4119/759/3 4078/758/3 4077/717/3
f 4159/719/3 4160/760/3 4119/759/3 4118/718/3
f 4200/720/3 4201/761/3 4160/760/3 4159/719/3
f 4241/721/3 4242/762/3 4201/761/3 4200/720/3
f 4282/722/3 4283/763/3 4242/762/3 4241/721/3
f 4323/723/3 4324/764/3 4283/763/3 4282/722/3
f 4364/724/3 4365/765/3 4324/764/3 4323/723/3
f 4405/725/3 4406/766/3 4365/765/3 4364/724/3
f 4446/726/3 4447/767/3 4406/766/3 4405/725/3
f 4487/727/3 4488/768/3 4447/767/3 4446/726/3
f 4528/728/3 4529/769/3 4488/768/3 4487/727/3
f 4569/729/3 4570/770/3 4529/769/3 4528/728/3
f 4610/730/3 4611/771/3 4570/770/3 4569/729/3
f 4651/731/3 4652/772/3 4611/771/3 4610/730/3
f 4692/732/3 4693/773/3 4652/772/3 4651/731/3
f 4733/733/3 4734/774/3 4693/773/3 4692/732/3
f 4774/734/3 4775/775/3 4734/774/3 4733/733/3
f 4815/735/3 4816/776/3 4775/775/3 4774/734/3
f 4856/736/3 4857/777/3 4816/776/3 4815/735/3
f 4897/737/3 4898/778/3 4857/777/3 4856/736/3
f 4938/738/3 4939/779/3 4898/778/3 4897/737/3
f 3340/740/3 3341/781/3 3300/780/3 3299/739/3
f 3381/741/3 3382/782/3 3341/781/3 3340/740/3
f 3422/742/3 3423/783/3 3382/782/3 3381/741/3
f 3463/743/3 3464/784/3 3423/783/3 3422/742/3
f 3504/744/3 3505/785/3 3464/784/3 3463/743/3
f 3545/745/3 3546/786/3 3505/785/3 3504/744/3
f 3586/746/3 3587/787/3 3546/786/3 3545/745/3
f 3627/747/3 3628/788/3 3587/787/3 3586/746/3
f 3668/748/3 3669/789/3 3628/788/3 3627/747/3
f 3709/749/3 3710/790/3 3669/789/3 3668/748/3
f 3750/750/3 3751/791/3 3710/790/3 3709/749/3
f 3791/751/3 3792/792/3 3751/791/3 3750/750/3
f 3832/752/3 3833/793/3 3792/792/3 3791/751/3
f 3873/753/3 3874/794/3 3833/793/3 3832/752/3
f 3914/754/3 3915/795/3 3874/794/3 3873/753/3
f 3955/755/3 3956/796/3 3915/795/3 3914/754/3
f 3996/756/3 3997/797/3 3956/796/3 3955/755/3
f 4037/757/3 4038/798/3 3997/797/3 3996/756/3
f 4078/758/3 4079/799/3 4038/798/3 4037/757/3
f 4119/759/3 4120/800/3 4079/799/3 4078/758/3
f 4160/760/3 4161/801/3 4120/800/3 4119/759/3
f 4201/761/3 4202/802/3 4161/801/3 4160/760/3
f 4242/762/3 4243/803/3 4202/802/3 4201/761/3
f 4283/763/3 4284/804/3 4243/803/3 4242/762/3
f 4324/764/3 4325/805/3 4284/804/3 4283/763/3
f 4365/765/3 4366/806/3 4325/805/3 4324/764/3
f 4406/766/3 4407/807/3 4366/806/3 4365/765/3
f 4447/767/3 4448/808/3 4407/807/3 4406/766/3
f 4488/768/3 4489/809/3 4448/808/3 4447/767/3
f 4529/769/3 4530/810/3 4489/809/3 4488/768/3
f 4570/770/3 4571/811/3 4530/810/3 4529/769/3
f 4611/771/3 4612/812/3 4571/811/3 4570/770/3
f 4652/772/3 4653/813/3 4612/812/3 4611/771/3
f 4693/773/3 4694/814/3 4653/813/3 4652/772/3
f 4734/774/3 4735/815/3 4694/814/3 4693/773/3
f 4775/775/3 4776/816/3 4735/815/3 4734/774/3
f 4816/776/3 4817/817/3 4776/816/3 4775/775/3
f 4857/777/3 4858/818/3 4817/817/3 4816/776/3
f 4898/778/3 4899/819/3 4858/818/3 4857/777/3
f 4939/779/3 4940/820/3 4899/819/3 4898/778/3
f 3341/781/3 3342/822/3 3301/821/3 3300/780/3
f 3382/782/3 3383/823/3 3342/822/3 3341/781/3
f 3423/783/3 3424/824/3 3383/823/3 3382/782/3
f 3464/784/3 3465/825/3 3424/824/3 3423/783/3
f 3505/785/3 3506/826/3 3465/825/3 3464/784/3
f 3546/786/3 3547/827/3 3506/826/3 3505/785/3
f 3587/787/3 3588/828/3 3547/827/3 3546/786/3
f 3628/788/3 3629/829/3 3588/828/3 3587/787/3
f 3669/789/3 3670/830/3 3629/829/3 3628/788/3
f 3710/790/3 3711/831/3 3670/830/3 3669/789/3
f 3751/791/3 3752/832/3 3711/831/3 3710/790/3
f 3792/792/3 3793/833/3 3752/832/3 3751/791/3
f 3833/793/3 3834/834/3 3793/833/3 3792/792/3
f 3874/794/3 3875/835/3 3834/834/3 3833/793/3
f 3915/795/3 3916/836/3 3875/835/3 3874/794/3
f 3956/796/3 3957/837/3 3916/836/3 3915/795/3
f 3997/797/3 3998/838/3 3957/837/3 3956/796/3
f 4038/798/3 4039/839/3 3998/838/3 3997/797/3
f 4079/799/3 4080/840/3 4039/839/3 4038/798/3
f 4120/800/3 4121/841/3 4080/840/3 4079/799/3
f 4161/801/3 4162/842/3 4121/841/3 4120/800/3
f 4202/802/3 4203/843/3 4162/842/3 4161/801/3
f 4243/803/3 4244/844/3 4203/843/3 4202/802/3
f 4284/804/3 4285/845/3 4244/844/3 4243/803/3
f 4325/805/3 4326/846/3 4285/845/3 4284/804/3
f 4366/806/3 4367/847/3 4326/846/3 4325/805/3
f 4407/807/3 4408/848/3 4367/847/3 4366/806/3
f 4448/808/3 4449/849/3 4408/848/3 4407/807/3
f 4489/809/3 4490/850/3 4449/849/3 4448/808/3
f 4530/810/3 4531/851/3 4490/850/3 4489/809/3
f 4571/811/3 4572/852/3 4531/851/3 4530/810/3
f 4612/812/3 4613/853/3 4572/852/3 4571/811/3
f 4653/813/3 4654/854/3 4613/853/3 4612/812/3
f 4694/814/3 4695/855/3 4654/854/3 4653/813/3
f 4735/815/3 4736/856/3 4695/855/3 4694/814/3
f 4776/816/3 4777/857/3 4736/856/3 4735/815/3
f 4817/817/3 4818/858/3 4777/857/3 4776/816/3
f 4858/818/3 4859/859/3 4818/858/3 4817/817/3
f 4899/819/3 4900/860/3 4859/859/3 4858/818/3
f 4940/820/3 4941/861/3 4900/860/3 4899/819/3
f 3342/822/3 3343/863/3 3302/862/3 3301/821/3
f 3383/823/3 3384/864/3 3343/863/3 3342/822/3
f 3424/824/3 3425/865/3 3384/864/3 3383/823/3
f 3465/825/3 3466/866/3 3425/865/3 3424/824/3
f 3506/826/3 3507/867/3 3466/866/3 3465/825/3
f 3547/827/3 3548/868/3 3507/867/3 3506/826/3
f 3588/828/3 3589/869/3 3548/868/3 3547/827/3
f 3629/829/3 3630/870/3 3589/869/3 3588/828/3
f 3670/830/3 3671/871/3 3630/870/3 3629/829/3
f 3711/831/3 3712/872/3 3671/871/3 3670/830/3
f 3752/832/3 3753/873/3 3712/872/3 3711/831/3
f 3793/833/3 3794/874/3 3753/873/3 3752/832/3
f 3834/834/3 3835/875/3 3794/874/3 3793/833/3
f 3875/835/3 3876/876/3 3835/875/3 3834/834/3
f 3916/836/3 3917/877/3 3876/876/3 3875/835/3
f 3957/837/3 3958/878/3 3917/877/3 3916/836/3
f 3998/838/3 3999/879/3 3958/878/3 3957/837/3
f 4039/839/3 4040/880/3 3999/879/3 3998/838/3
f 4080/840/3 4081/881/3 4040/880/3 4039/839/3
f 4121/841/3 4122/882/3 4081/881/3 4080/840/3
f 4162/842/3 4163/883/3 4122/882/3 4121/841/3
f 4203/843/3 4204/884/3 4163/883/3 4162/842/3
f 4244/844/3 4245/885/3 4204/884/3 4203/843/3
f 4285/845/3 4286/886/3 4245/885/3 4244/844/3
f 4326/846/3 4327/887/3 4286/886/3 4285/845/3
f 4367/847/3 4368/888/3 4327/887/3 4326/846/3
f 4408/848/3 4409/889/3 4368/888/3 4367/847/3
f 4449/849/3 4450/890/3 4409/889/3 4408/848/3
f 4490/850/3 4491/891/3 4450/890/3 4449/849/3
f 4531/851/3 4532/892/3 4491/891/3 4490/850/3
f 4572/852/3 4573/893/3 4532/892/3 4531/851/3
f 4613/853/3 4614/894/3 4573/893/3 4572/852/3
f 4654/854/3 4655/895/3 4614/894/3 4613/853/3
f 4695/855/3 4696/896/3 4655/895/3 4654/854/3
f 4736/856/3 4737/897/3 4696/896/3 4695/855/3
f 4777/857/3 4778/898/3 4737/897/3 4736/856/3
f 4818/858/3 4819/899/3 4778/898/3 4777/857/3
f 4859/859/3 4860/900/3 4819/899/3 4818/858/3
f 4900/860/3 4901/901/3 4860/900/3 4859/859/3
f 4941/861/3 4942/902/3 4901/901/3 4900/860/3
f 3343/863/3 3344/904/3 3303/903/3 3302/862/3
f 3384/864/3 3385/905/3 3344/904/3 3343/863/3
f 3425/865/3 3426/906/3 3385/905/3 3384/864/3
f 3466/866/3 3467/907/3 3426/906/3 3425/865/3
f 3507/867/3 3508/908/3 3467/907/3 3466/866/3
f 3548/868/3 3549/909/3 3508/908/3 3507/867/3
f 3589/869/3 3590/910/3 3549/909/3 3548/868/3
f 3630/870/3 3631/911/3 3590/910/3 3589/869/3
f 3671/871/3 3672/912/3 3631/911/3 3630/870/3
f 3712/872/3 3713/913/3 3672/912/3 3671/871/3
f 3753/873/3 3754/914/3 3713/913/3 3712/872/3
f 3794/874/3 3795/915/3 3754/914/3 3753/873/3
f 3835/875/3 3836/916/3 3795/915/3 3794/874/3
f 3876/876/3 3877/917/3 3836/916/3 3835/875/3
f 3917/877/3 3918/918/3 3877/917/3 3876/876/3
f 3958/878/3 3959/919/3 3918/918/3 3917/877/3
f 3999/879/3 4000/920/3 3959/919/3 3958/878/3
f 4040/880/3 4041/921/3 4000/920/3 3999/879/3
f 4081/881/3 4082/922/3 4041/921/3 4040/880/3
f 4122/882/3 4123/923/3 4082/922/3 4081/881/3
f 4163/883/3 4164/924/3 4123/923/3 4122/882/3
f 4204/884/3 4205/925/3 4164/924/3 4163/883/3
f 4245/885/3 4246/926/3 4205/925/3 4204/884/3
f 4286/886/3 4287/927/3 4246/926/3 4245/885/3
f 4327/887/3 4328/928/3 4287/927/3 4286/886/3
f 4368/888/3 4369/929/3 4328/928/3 4327/887/3
f 4409/889/3 4410/930/3 4369/929/3 4368/888/3
f 4450/890/3 4451/931/3 4410/930/3 4409/889/3
f 4491/891/3 4492/932/3 4451/931/3 4450/890/3
f 4532/892/3 4533/933/3 4492/932/3 4491/891/3
f 4573/893/3 4574/934/3 4533/933/3 4532/892/3
f 4614/894/3 4615/935/3 4574/934/3 4573/893/3
f 4655/895/3 4656/936/3 4615/935/3 4614/894/3
f 4696/896/3 4697/937/3 4656/936/3 4655/895/3
f 4737/897/3 4738/938/3 4697/937/3 4696/896/3
f 4778/898/3 4779/939/3 4738/938/3 4737/897/3
f 4819/899/3 4820/940/3 4779/939/3 4778/898/3
f 4860/900/3 4861/941/3 4820/940/3 4819/899/3
f 4901/901/3 4902/942/3 4861/941/3 4860/900/3
f 4942/902/3 4943/943/3 4902/942/3 4901/901/3
f 3344/904/3 3345/945/3 3304/944/3 3303/903/3
f 3385/905/3 3386/946/3 3345/945/3 3344/904/3
f 3426/906/3 3427/947/3 3386/946/3 3385/905/3
f 3467/907/3 3468/948/3 3427/947/3 3426/906/3
f 3508/908/3 3509/949/3 3468/948/3 3467/907/3
f 3549/909/3 3550/950/3 3509/949/3 3508/908/3
f 3590/910/3 3591/951/3 3550/950/3 3549/909/3
f 3631/911/3 3632/952/3 3591/951/3 3590/910/3
f 3672/912/3 3673/953/3 3632/952/3 3631/911/3
f 3713/913/3 3714/954/3 3673/953/3 3672/912/3
f 3754/914/3 3755/955/3 3714/954/3 3713/913/3
f 3795/915/3 3796/956/3 3755/955/3 3754/914/3
f 3836/916/3 3837/957/3 3796/956/3 3795/915/3
f 3877/917/3 3878/958/3 3837/957/3 3836/916/3
f 3918/918/3 3919/959/3 3878/958/3 3877/917/3
f 3959/919/3 3960/960/3 3919/959/3 3918/918/3
f 4000/920/3 4001/961/3 3960/960/3 3959/919/3
f 4041/921/3 4042/962/3 4001/961/3 4000/920/3
f 4082/922/3 4083/963/3 4042/962/3 4041/921/3
f 4123/923/3 4124/964/3 4083/963/3 4082/922/3
f 4164/924/3 4165/965/3 4124/964/3 4123/923/3
f 4205/925/3 4206/966/3 4165/965/3 4164/924/3
f 4246/926/3 4247/967/3 4206/966/3 4205/925/3
f 4287/927/3 4288/968/3 4247/967/3 4246/926/3
f 4328/928/3 4329/969/3 4288/968/3 4287/927/3
f 4369/929/3 4370/970/3 4329/969/3 4328/928/3
f 4410/930/3 4411/971/3 4370/970/3 4369/929/3
f 4451/931/3 4452/972/3 4411/971/3 4410/930/3
f 4492/932/3 4493/973/3 4452/972/3 4451/931/3
f 4533/933/3 4534/974/3 4493/973/3 4492/932/3
f 4574/934/3 4575/975/3 4534/974/3 4533/933/3
f 4615/935/3 4616/976/3 4575/975/3 4574/934/3
f 4656/936/3 4657/977/3 4616/976/3 4615/935/3
f 4697/937/3 4698/978/3 4657/977/3 4656/936/3
f 4738/938/3 4739/979/3 4698/978/3 4697/937/3
f 4779/939/3 4780/980/3 4739/979/3 4738/938/3
f 4820/940/3 4821/981/3 4780/980/3 4779/939/3
f 4861/941/3 4862/982/3 4821/981/3 4820/940/3
f 4902/942/3 4903/983/3 4862/982/3 4861/941/3
f 4943/943/3 4944/984/3 4903/983/3 4902/942/3
f 3345/945/3 3346/986/3 3305/985/3 3304/944/3
f 3386/946/3 3387/987/3 3346/986/3 3345/945/3
f 3427/947/3 3428/988/3 3387/987/3 3386/946/3
f 3468/948/3 3469/989/3 3428/988/3 3427/947/3
f 3509/949/3 3510/990/3 3469/989/3 3468/948/3
f 3550/950/3 3551/991/3 3510/990/3 3509/949/3
f 3591/951/3 3592/992/3 3551/991/3 3550/950/3
f 3632/952/3 3633/993/3 3592/992/3 3591/951/3
f 3673/953/3 3674/994/3 3633/993/3 3632/952/3
f 3714/954/3 3715/995/3 3674/994/3 3673/953/3
f 3755/955/3 3756/996/3 3715/995/3 3714/954/3
f 3796/956/3 3797/997/3 3756/996/3 3755/955/3
f 3837/957/3 3838/998/3 3797/997/3 3796/956/3
f 3878/958/3 3879/999/3 3838/998/3 3837/957/3
f 3919/959/3 3920/1000/3 3879/999/3 3878/958/3
f 3960/960/3 3961/1001/3 3920/1000/3 3919/959/3
f 4001/961/3 4002/1002/3 3961/1001/3 3960/960/3
f 4042/962/3 4043/1003/3 4002/1002/3 4001/961/3
f 4083/963/3 4084/1004/3 4043/1003/3 4042/962/3
f 4124/964/3 4125/1005/3 4084/1004/3 4083/963/3
f 4165/965/3 4166/1006/3 4125/1005/3 4124/964/3
f 4206/966/3 4207/1007/3 4166/1006/3 4165/965/3
f 4247/967/3 4248/1008/3 4207/1007/3 4206/966/3
f 4288/968/3 4289/1009/3 4248/1008/3 4247/967/3
f 4329/969/3 4330/1010/3 4289/1009/3 4288/968/3
f 4370/970/3 4371/1011/3 4330/1010/3 4329/969/3
f 4411/971/3 4412/1012/3 4371/1011/3 4370/970/3
f 4452/972/3 4453/1013/3 4412/1012/3 4411/971/3
f 4493/973/3 4494/1014/3 4453/1013/3 4452/972/3
f 4534/974/3 4535/1015/3 4494/1014/3 4493/973/3
f 4575/975/3 4576/1016/3 4535/1015/3 4534/974/3
f 4616/976/3 4617/1017/3 4576/1016/3 4575/975/3
f 4657/977/3 4658/1018/3 4617/1017/3 4616/976/3
f 4698/978/3 4699/1019/3 4658/1018/3 4657/977/3
f 4739/979/3 4740/1020/3 4699/1019/3 4698/978/3
f 4780/980/3 4781/1021/3 4740/1020/3 4739/979/3
f 4821/981/3 4822/1022/3 4781/1021/3 4780/980/3
f 4862/982/3 4863/1023/3 4822/1022/3 4821/981/3
f 4903/983/3 4904/1024/3 4863/1023/3 4862/982/3
f 4944/984/3 4945/1025/3 4904/1024/3 4903/983/3
f 3346/986/3 3347/1027/3 3306/1026/3 3305/985/3
f 3387/987/3 3388/1028/3 3347/1027/3 3346/986/3
f 3428/988/3 3429/1029/3 3388/1028/3 3387/987/3
f 3469/989/3 3470/1030/3 3429/1029/3 3428/988/3
f 3510/990/3 3511/1031/3 3470/1030/3 3469/989/3
f 3551/991/3 3552/1032/3 3511/1031/3 3510/990/3
f 3592/992/3 3593/1033/3 3552/1032/3 3551/991/3
f 3633/993/3 3634/1034/3 3593/1033/3 3592/992/3
f 3674/994/3 3675/1035/3 3634/1034/3 3633/993/3
f 3715/995/3 3716/1036/3 3675/1035/3 3674/994/3
f 3756/996/3 3757/1037/3 3716/1036/3 3715/995/3
f 3797/997/3 3798/1038/3 3757/1037/3 3756/996/3
f 3838/998/3 3839/1039/3 3798/1038/3 3797/997/3
f 3879/999/3 3880/1040/3 3839/1039/3 3838/998/3
f 3920/1000/3 3921/1041/3 3880/1040/3 3879/999/3
f 3961/1001/3 3962/1042/3 3921/1041/3 3920/1000/3
f 4002/1002/3 4003/1043/3 3962/1042/3 3961/1001/3
f 4043/1003/3 4044/1044/3 4003/1043/3 4002/1002/3
f 4084/1004/3 4085/1045/3 4044/1044/3 4043/1003/3
f 4125/1005/3 4126/1046/3 4085/1045/3 4084/1004/3
f 4166/1006/3 4167/1047/3 4126/1046/3 4125/1005/3
f 4207/1007/3 4208/1048/3 4167/1047/3 4166/1006/3
f 4248/1008/3 4249/1049/3 4208/1048/3 4207/1007/3
f 4289/1009/3 4290/1050/3 4249/1049/3 4248/1008/3
f 4330/1010/3 4331/1051/3 4290/1050/3 4289/1009/3
f 4371/1011/3 4372/1052/3 4331/1051/3 4330/1010/3
f 4412/1012/3 4413/1053/3 4372/1052/3 4371/1011/3
f 4453/1013/3 4454/1054/3 4413/1053/3 4412/1012/3
f 4494/1014/3 4495/1055/3 4454/1054/3 4453/1013/3
f 4535/1015/3 4536/1056/3 4495/1055/3 4494/1014/3
f 4576/1016/3 4577/1057/3 4536/1056/3 4535/1015/3
f 4617/1017/3 4618/1058/3 4577/1057/3 4576/1016/3
f 4658/1018/3 4659/1059/3 4618/1058/3 4617/1017/3
f 4699/1019/3 4700/1060/3 4659/1059/3 4658/1018/3
f 4740/1020/3 4741/1061/3 4700/1060/3 4699/1019/3
f 4781/1021/3 4782/1062/3 4741/1061/3 4740/1020/3
f 4822/1022/3 4823/1063/3 4782/1062/3 4781/1021/3
f 4863/1023/3 4864/1064/3 4823/1063/3 4822/1022/3
f 4904/1024/3 4905/1065/3 4864/1064/3 4863/1023/3
f 4945/1025/3 4946/1066/3 4905/1065/3 4904/1024/3
f 3347/1027/3 3348/1068/3 3307/1067/3 3306/1026/3
f 3388/1028/3 3389/1069/3 3348/1068/3 3347/1027/3
f 3429/1029/3 3430/1070/3 3389/1069/3 3388/1028/3
f 3470/1030/3 3471/1071/3 3430/1070/3 3429/1029/3
f 3511/1031/3 3512/1072/3 3471/1071/3 3470/1030/3
f 3552/1032/3 3553/1073/3 3512/1072/3 3511/1031/3
f 3593/1033/3 3594/1074/3 3553/1073/3 3552/1032/3
f 3634/1034/3 3635/1075/3 3594/1074/3 3593/1033/3
f 3675/1035/3 3676/1076/3 3635/1075/3 3634/1034/3
f 3716/1036/3 3717/1077/3 3676/1076/3 3675/1035/3
f 3757/1037/3 3758/1078/3 3717/1077/3 3716/1036/3
f 3798/1038/3 3799/1079/3 3758/1078/3 3757/1037/3
f 3839/1039/3 3840/1080/3 3799/1079/3 3798/1038/3
f 3880/1040/3 3881/1081/3 3840/1080/3 3839/1039/3
f 3921/1041/3 3922/1082/3 3881/1081/3 3880/1040/3
f 3962/1042/3 3963/1083/3 3922/1082/3 3921/1041/3
f 4003/1043/3 4004/1084/3 3963/1083/3 3962/1042/3
f 4044/1044/3 4045/1085/3 4004/1084/3 4003/1043/3
f 4085/1045/3 4086/1086/3 4045/1085/3 4044/1044/3
f 4126/1046/3 4127/1087/3 4086/1086/3 4085/1045/3
f 4167/1047/3 4168/1088/3 4127/1087/3 4126/1046/3
f 4208/1048/3 4209/1089/3 4168/1088/3 4167/1047/3
f 4249/1049/3 4250/1090/3 4209/1089/3 4208/1048/3
f 4290/1050/3 4291/1091/3 4250/1090/3 4249/1049/3
f 4331/1051/3 4332/1092/3 4291/1091/3 4290/1050/3
f 4372/1052/3 4373/1093/3 4332/1092/3 4331/1051/3
f 4413/1053/3 4414/1094/3 4373/1093/3 4372/1052/3
f 4454/1054/3 4455/1095/3 4414/1094/3 4413/1053/3
f 4495/1055/3 4496/1096/3 4455/1095/3 4454/1054/3
f 4536/1056/3 4537/1097/3 4496/1096/3 4495/1055/3
f 4577/1057/3 4578/1098/3 4537/1097/3 4536/1056/3
f 4618/1058/3 4619/1099/3 4578/1098/3 4577/1057/3
f 4659/1059/3 4660/1100/3 4619/1099/3 4618/1058/3
f 4700/1060/3 4701/1101/3 4660/1100/3 4659/1059/3
f 4741/1061/3 4742/1102/3 4701/1101/3 4700/1060/3
f 4782/1062/3 4783/1103/3 4742/1102/3 4741/1061/3
f 4823/1063/3 4824/1104/3 4783/1103/3 4782/1062/3
f 4864/1064/3 4865/1105/3 4824/1104/3 4823/1063/3
f 4905/1065/3 4906/1106/3 4865/1105/3 4864/1064/3
f 4946/1066/3 4947/1107/3 4906/1106/3 4905/1065/3
f 3348/1068/3 3349/1109/3 3308/1108/3 3307/1067/3
f 3389/1069/3 3390/1110/3 3349/1109/3 3348/1068/3
f 3430/1070/3 3431/1111/3 3390/1110/3 3389/1069/3
f 3471/1071/3 3472/1112/3 3431/1111/3 3430/1070/3
f 3512/1072/3 3513/1113/3 3472/1112/3 3471/1071/3
f 3553/1073/3 3554/1114/3 3513/1113/3 3512/1072/3
f 3594/1074/3 3595/1115/3 3554/1114/3 3553/1073/3
f 3635/1075/3 3636/1116/3 3595/1115/3 3594/1074/3
f 3676/1076/3 3677/1117/3 3636/1116/3 3635/1075/3
f 3717/1077/3 3718/1118/3 3677/1117/3 3676/1076/3
f 3758/1078/3 3759/1119/3 3718/1118/3 3717/1077/3
f 3799/1079/3 3800/1120/3 3759/1119/3 3758/1078/3
f 3840/1080/3 3841/1121/3 3800/1120/3 3799/1079/3
f 3881/1081/3 3882/1122/3 3841/1121/3 3840/1080/3
f 3922/1082/3 3923/1123/3 3882/1122/3 3881/1081/3
f 3963/1083/3 3964/1124/3 3923/1123/3 3922/1082/3
f 4004/1084/3 4005/1125/3 3964/1124/3 3963/1083/3
f 4045/1085/3 4046/1126/3 4005/1125/3 4004/1084/3
f 4086/1086/3 4087/1127/3 4046/1126/3 4045/1085/3
f 4127/1087/3 4128/1128/3 4087/1127/3 4086/1086/3
f 4168/1088/3 4169/1129/3 4128/1128/3 4127/1087/3
f 4209/1089/3 4210/1130/3 4169/1129/3 4168/1088/3
f 4250/1090/3 4251/1131/3 4210/1130/3 4209/1089/3
f 4291/1091/3 4292/1132/3 4251/1131/3 4250/1090/3
f 4332/1092/3 4333/1133/3 4292/1132/3 4291/1091/3
f 4373/1093/3 4374/1134/3 4333/1133/3 4332/1092/3
f 4414/1094/3 4415/1135/3 4374/1134/3 4373/1093/3
f 4455/1095/3 4456/1136/3 4415/1135/3 4414/1094/3
f 4496/1096/3 4497/1137/3 4456/1136/3 4455/1095/3
f 4537/1097/3 4538/1138/3 4497/1137/3 4496/1096/3
f 4578/1098/3 4579/1139/3 4538/1138/3 4537/1097/3
f 4619/1099/3 4620/1140/3 4579/1139/3 4578/1098/3
f 4660/1100/3 4661/1141/3 4620/1140/3 4619/1099/3
f 4701/1101/3 4702/1142/3 4661/1141/3 4660/1100/3
f 4742/1102/3 4743/1143/3 4702/1142/3 4701/1101/3
f 4783/1103/3 4784/1144/3 4743/1143/3 4742/1102/3
f 4824/1104/3 4825/1145/3 4784/1144/3 4783/1103/3
f 4865/1105/3 4866/1146/3 4825/1145/3 4824/1104/3
f 4906/1106/3 4907/1147/3 4866/1146/3 4865/1105/3
f 4947/1107/3 4948/1148/3 4907/1147/3 4906/1106/3
f 3349/1109/3 3350/1150/3 3309/1149/3 3308/1108/3
f 3390/1110/3 3391/1151/3 3350/1150/3 3349/1109/3
f 3431/1111/3 3432/1152/3 3391/1151/3 3390/1110/3
f 3472/1112/3 3473/1153/3 3432/1152/3 3431/1111/3
f 3513/1113/3 3514/1154/3 3473/1153/3 3472/1112/3
f 3554/1114/3 3555/1155/3 3514/1154/3 3513/1113/3
f 3595/1115/3 3596/1156/3 3555/1155/3 3554/1114/3
f 3636/1116/3 3637/1157/3 3596/1156/3 3595/1115/3
f 3677/1117/3 3678/1158/3 3637/1157/3 3636/1116/3
f 3718/1118/3 3719/1159/3 3678/1158/3 3677/1117/3
f 3759/1119/3 3760/1160/3 3719/1159/3 3718/1118/3
f 3800/1120/3 3801/1161/3 3760/1160/3 3759/1119/3
f 3841/1121/3 3842/1162/3 3801/1161/3 3800/1120/3
f 3882/1122/3 3883/1163/3 3842/1162/3 3841/1121/3
f 3923/1123/3 3924/1164/3 3883/1163/3 3882/1122/3
f 3964/1124/3 3965/1165/3 3924/1164/3 3923/1123/3
f 4005/1125/3 4006/1166/3 3965/1165/3 3964/1124/3
f 4046/1126/3 4047/1167/3 4006/1166/3 4005/1125/3
f 4087/1127/3 4088/1168/3 4047/1167/3 4046/1126/3
f 4128/1128/3 4129/1169/3 4088/1168/3 4087/1127/3
f 4169/1129/3 4170/1170/3 4129/1169/3 4128/1128/3
f 4210/1130/3 4211/1171/3 4170/1170/3 4169/1129/3
f 4251/1131/3 4252/1172/3 4211/1171/3 4210/1130/3
f 4292/1132/3 4293/1173/3 4252/1172/3 4251/1131/3
f 4333/1133/3 4334/1174/3 4293/1173/3 4292/1132/3
f 4374/1134/3 4375/1175/3 4334/1174/3 4333/1133/3
f 4415/1135/3 4416/1176/3 4375/1175/3 4374/1134/3
f 4456/1136/3 4457/1177/3 4416/1176/3 4415/1135/3
f 4497/1137/3 4498/1178/3 4457/1177/3 4456/1136/3
f 4538/1138/3 4539/1179/3 4498/1178/3 4497/1137/3
f 4579/1139/3 4580/1180/3 4539/1179/3 4538/1138/3
f 4620/1140/3 4621/1181/3 4580/1180/3 4579/1139/3
f 4661/1141/3 4662/1182/3 4621/1181/3 4620/1140/3
f 4702/1142/3 4703/1183/3 4662/1182/3 4661/1141/3
f 4743/1143/3 4744/1184/3 4703/1183/3 4702/1142/3
f 4784/1144/3 4785/1185/3 4744/1184/3 4743/1143/3
f 4825/1145/3 4826/1186/3 4785/1185/3 4784/1144/3
f 4866/1146/3 4867/1187/3 4826/1186/3 4825/1145/3
f 4907/1147/3 4908/1188/3 4867/1187/3 4866/1146/3
f 4948/1148/3 4949/1189/3 4908/1188/3 4907/1147/3
f 3350/1150/3 3351/1191/3 3310/1190/3 3309/1149/3
f 3391/1151/3 3392/1192/3 3351/1191/3 3350/1150/3
f 3432/1152/3 3433/1193/3 3392/1192/3 3391/1151/3
f 3473/1153/3 3474/1194/3 3433/1193/3 3432/1152/3
f 3514/1154/3 3515/1195/3 3474/1194/3 3473/1153/3
f 3555/1155/3 3556/1196/3 3515/1195/3 3514/1154/3
f 3596/1156/3 3597/1197/3 3556/1196/3 3555/1155/3
f 3637/1157/3 3638/1198/3 3597/1197/3 3596/1156/3
f 3678/1158/3 3679/1199/3 3638/1198/3 3637/1157/3
f 3719/1159/3 3720/1200/3 3679/1199/3 3678/1158/3
f 3760/1160/3 3761/1201/3 3720/1200/3 3719/1159/3
f 3801/1161/3 3802/1202/3 3761/1201/3 3760/1160/3
f 3842/1162/3 3843/1203/3 3802/1202/3 3801/1161/3
f 3883/1163/3 3884/1204/3 3843/1203/3 3842/1162/3
f 3924/1164/3 3925/1205/3 3884/1204/3 3883/1163/3
f 3965/1165/3 3966/1206/3 3925/1205/3 3924/1164/3
f 4006/1166/3 4007/1207/3 3966/1206/3 3965/1165/3
f 4047/1167/3 4048/1208/3 4007/1207/3 4006/1166/3
f 4088/1168/3 4089/1209/3 4048/1208/3 4047/1167/3
f 4129/1169/3 4130/1210/3 4089/1209/3 4088/1168/3
f 4170/1170/3 4171/1211/3 4130/1210/3 4129/1169/3
f 4211/1171/3 4212/1212/3 4171/1211/3 4170/1170/3
f 4252/1172/3 4253/1213/3 4212/1212/3 4211/1171/3
f 4293/1173/3 4294/1214/3 4253/1213/3 4252/1172/3
f 4334/1174/3 4335/1215/3 4294/1214/3 4293/1173/3
f 4375/1175/3 4376/1216/3 4335/1215/3 4334/1174/3
f 4416/1176/3 4417/1217/3 4376/1216/3 4375/1175/3
f 4457/1177/3 4458/1218/3 4417/1217/3 4416/1176/3
f 4498/1178/3 4499/1219/3 4458/1218/3 4457/1177/3
f 4539/1179/3 4540/1220/3 4499/1219/3 4498/1178/3
f 4580/1180/3 4581/1221/3 4540/1220/3 4539/1179/3
f 4621/1181/3 4622/1222/3 4581/1221/3 4580/1180/3
f 4662/1182/3 4663/1223/3 4622/1222/3 4621/1181/3
f 4703/1183/3 4704/1224/3 4663/1223/3 4662/1182/3
f 4744/1184/3 4745/1225/3 4704/1224/3 4703/1183/3
f 4785/1185/3 4786/1226/3 4745/1225/3 4744/1184/3
f 4826/1186/3 4827/1227/3 4786/1226/3 4785/1185/3
f 4867/1187/3 4868/1228/3 4827/1227/3 4826/1186/3
f 4908/1188/3 4909/1229/3 4868/1228/3 4867/1187/3
f 4949/1189/3 4950/1230/3 4909/1229/3 4908/1188/3
f 3351/1191/3 3352/1232/3 3311/1231/3 3310/1190/3
f 3392/1192/3 3393/1233/3 3352/1232/3 3351/1191/3
f 3433/1193/3 3434/1234/3 3393/1233/3 3392/1192/3
f 3474/1194/3 3475/1235/3 3434/1234/3 3433/1193/3
f 3515/1195/3 3516/1236/3 3475/1235/3 3474/1194/3
f 3556/1196/3 3557/1237/3 3516/1236/3 3515/1195/3
f 3597/1197/3 3598/1238/3 3557/1237/3 3556/1196/3
f 3638/1198/3 3639/1239/3 3598/1238/3 3597/1197/3
f 3679/1199/3 3680/1240/3 3639/1239/3 3638/1198/3
f 3720/1200/3 3721/1241/3 3680/1240/3 3679/1199/3
f 3761/1201/3 3762/1242/3 3721/1241/3 3720/1200/3
f 3802/1202/3 3803/1243/3 3762/1242/3 3761/1201/3
f 3843/1203/3 3844/1244/3 3803/1243/3 3802/1202/3
f 3884/1204/3 3885/1245/3 3844/1244/3 3843/1203/3
f 3925/1205/3 3926/1246/3 3885/1245/3 3884/1204/3
f 3966/1206/3 3967/1247/3 3926/1246/3 3925/1205/3
f 4007/1207/3 4008/1248/3 3967/1247/3 3966/1206/3
f 4048/1208/3 4049/1249/3 4008/1248/3 4007/1207/3
f 4089/1209/3 4090/1250/3 4049/1249/3 4048/1208/3
f 4130/1210/3 4131/1251/3 4090/1250/3 4089/1209/3
f 4171/1211/3 4172/1252/3 4131/1251/3 4130/1210/3
f 4212/1212/3 4213/1253/3 4172/1252/3 4171/1211/3
f 4253/1213/3 4254/1254/3 4213/1253/3 4212/1212/3
f 4294/1214/3 4295/1255/3 4254/1254/3 4253/1213/3
f 4335/1215/3 4336/1256/3 4295/1255/3 4294/1214/3
f 4376/1216/3 4377/1257/3 4336/1256/3 4335/1215/3
f 4417/1217/3 4418/1258/3 4377/1257/3 4376/1216/3
f 4458/1218/3 4459/1259/3 4418/1258/3 4417/1217/3
f 4499/1219/3 4500/1260/3 4459/1259/3 4458/1218/3
f 4540/1220/3 4541/1261/3 4500/1260/3 4499/1219/3
f 4581/1221/3 4582/1262/3 4541/1261/3 4540/1220/3
f 4622/1222/3 4623/1263/3 4582/1262/3 4581/1221/3
f 4663/1223/3 4664/1264/3 4623/1263/3 4622/1222/3
f 4704/1224/3 4705/1265/3 4664/1264/3 4663/1223/3
f 4745/1225/3 4746/1266/3 4705/1265/3 4704/1224/3
f 4786/1226/3 4787/1267/3 4746/1266/3 4745/1225/3
f 4827/1227/3 4828/1268/3 4787/1267/3 4786/1226/3
f 4868/1228/3 4869/1269/3 4828/1268/3 4827/1227/3
f 4909/1229/3 4910/1270/3 4869/1269/3 4868/1228/3
f 4950/1230/3 4951/1271/3 4910/1270/3 4909/1229/3
f 3352/1232/3 3353/1273/3 3312/1272/3 3311/1231/3
f 3393/1233/3 3394/1274/3 3353/1273/3 3352/1232/3
f 3434/1234/3 3435/1275/3 3394/1274/3 3393/1233/3
f 3475/1235/3 3476/1276/3 3435/1275/3 3434/1234/3
f 3516/1236/3 3517/1277/3 3476/1276/3 3475/1235/3
f 3557/1237/3 3558/1278/3 3517/1277/3 3516/1236/3
f 3598/1238/3 3599/1279/3 3558/1278/3 3557/1237/3
f 3639/1239/3 3640/1280/3 3599/1279/3 3598/1238/3
f 3680/1240/3 3681/1281/3 3640/1280/3 3639/1239/3
f 3721/1241/3 3722/1282/3 3681/1281/3 3680/1240/3
f 3762/1242/3 3763/1283/3 3722/1282/3 3721/1241/3
f 3803/1243/3 3804/1284/3 3763/1283/3 3762/1242/3
f 3844/1244/3 3845/1285/3 3804/1284/3 3803/1243/3
f 3885/1245/3 3886/1286/3 3845/1285/3 3844/1244/3
f 3926/1246/3 3927/1287/3 3886/1286/3 3885/1245/3
f 3967/1247/3 3968/1288/3 3927/1287/3 3926/1246/3
f 4008/1248/3 4009/1289/3 3968/1288/3 3967/1247/3
f 4049/1249/3 4050/1290/3 4009/1289/3 4008/1248/3
f 4090/1250/3 4091/1291/3 4050/1290/3 4049/1249/3
f 4131/1251/3 4132/1292/3 4091/1291/3 4090/1250/3
f 4172/1252/3 4173/1293/3 4132/1292/3 4131/1251/3
f 4213/1253/3 4214/1294/3 4173/1293/3 4172/1252/3
f 4254/1254/3 4255/1295/3 4214/1294/3 4213/1253/3
f 4295/1255/3 4296/1296/3 4255/1295/3 4254/1254/3
f 4336/1256/3 4337/1297/3 4296/1296/3 4295/1255/3
f 4377/1257/3 4378/1298/3 4337/1297/3 4336/1256/3
f 4418/1258/3 4419/1299/3 4378/1298/3 4377/1257/3
f 4459/1259/3 4460/1300/3 4419/1299/3 4418/1258/3
f 4500/1260/3 4501/1301/3 4460/1300/3 4459/1259/3
f 4541/1261/3 4542/1302/3 4501/1301/3 4500/1260/3
f 4582/1262/3 4583/1303/3 4542/1302/3 4541/1261/3
f 4623/1263/3 4624/1304/3 4583/1303/3 4582/1262/3
f 4664/1264/3 4665/1305/3 4624/1304/3 4623/1263/3
f 4705/1265/3 4706/1306/3 4665/1305/3 4664/1264/3
f 4746/1266/3 4747/1307/3 4706/1306/3 4705/1265/3
f 4787/1267/3 4788/1308/3 4747/1307/3 4746/1266/3
f 4828/1268/3 4829/1309/3 4788/1308/3 4787/1267/3
f 4869/1269/3 4870/1310/3 4829/1309/3 4828/1268/3
f 4910/1270/3 4911/1311/3 4870/1310/3 4869/1269/3
f 4951/1271/3 4952/1312/3 4911/1311/3 4910/1270/3
f 3353/1273/3 3354/1314/3 3313/1313/3 3312/1272/3
f 3394/1274/3 3395/1315/3 3354/1314/3 3353/1273/3
f 3435/1275/3 3436/1316/3 3395/1315/3 3394/1274/3
f 3476/1276/3 3477/1317/3 3436/1316/3 3435/1275/3
f 3517/1277/3 3518/1318/3 3477/1317/3 3476/1276/3
f 3558/1278/3 3559/1319/3 3518/1318/3 3517/1277/3
f 3599/1279/3 3600/1320/3 3559/1319/3 3558/1278/3
f 3640/1280/3 3641/1321/3 3600/1320/3 3599/1279/3
f 3681/1281/3 3682/1322/3 3641/1321/3 3640/1280/3
f 3722/1282/3 3723/1323/3 3682/1322/3 3681/1281/3
f 3763/1283/3 3764/1324/3 3723/1323/3 3722/1282/3
f 3804/1284/3 3805/1325/3 3764/1324/3 3763/1283/3
f 3845/1285/3 3846/1326/3 3805/1325/3 3804/1284/3
f 3886/1286/3 3887/1327/3 3846/1326/3 3845/1285/3
f 3927/1287/3 3928/1328/3 3887/1327/3 3886/1286/3
f 3968/1288/3 3969/1329/3 3928/1328/3 3927/1287/3
f 4009/1289/3 4010/1330/3 3969/1329/3 3968/1288/3
f 4050/1290/3 4051/1331/3 4010/1330/3 4009/1289/3
f 4091/1291/3 4092/1332/3 4051/1331/3 4050/1290/3
f 4132/1292/3 4133/1333/3 4092/1332/3 4091/1291/3
f 4173/1293/3 4174/1334/3 4133/1333/3 4132/1292/3
f 4214/1294/3 4215/1335/3 4174/1334/3 4173/1293/3
f 4255/1295/3 4256/1336/3 4215/1335/3 4214/1294/3
f 4296/1296/3 4297/1337/3 4256/1336/3 4255/1295/3
f 4337/1297/3 4338/1338/3 4297/1337/3 4296/1296/3
f 4378/1298/3 4379/1339/3 4338/1338/3 4337/1297/3
f 4419/1299/3 4420/1340/3 4379/1339/3 4378/1298/3
f 4460/1300/3 4461/1341/3 4420/1340/3 4419/1299/3
f 4501/1301/3 4502/1342/3 4461/1341/3 4460/1300/3
f 4542/1302/3 4543/1343/3 4502/1342/3 4501/1301/3
f 4583/1303/3 4584/1344/3 4543/1343/3 4542/1302/3
f 4624/1304/3 4625/1345/3 4584/1344/3 4583/1303/3
f 4665/1305/3 4666/1346/3 4625/1345/3 4624/1304/3
f 4706/1306/3 4707/1347/3 4666/1346/3 4665/1305/3
f 4747/1307/3 4748/1348/3 4707/1347/3 4706/1306/3
f 4788/1308/3 4789/1349/3 4748/1348/3 4747/1307/3
f 4829/1309/3 4830/1350/3 4789/1349/3 4788/1308/3
f 4870/1310/3 4871/1351/3 4830/1350/3 4829/1309/3
f 4911/1311/3 4912/1352/3 4871/1351/3 4870/1310/3
f 4952/1312/3 4953/1353/3 4912/1352/3 4911/1311/3
f 3354/1314/3 3355/1355/3 3314/1354/3 3313/1313/3
f 3395/1315/3 3396/1356/3 3355/1355/3 3354/1314/3
f 3436/1316/3 3437/1357/3 3396/1356/3 3395/1315/3
f 3477/1317/3 3478/1358/3 3437/1357/3 3436/1316/3
f 3518/1318/3 3519/1359/3 3478/1358/3 3477/1317/3
f 3559/1319/3 3560/1360/3 3519/1359/3 3518/1318/3
f 3600/1320/3 3601/1361/3 3560/1360/3 3559/1319/3
f 3641/1321/3 3642/1362/3 3601/1361/3 3600/1320/3
f 3682/1322/3 3683/1363/3 3642/1362/3 3641/1321/3
f 3723/1323/3 3724/1364/3 3683/1363/3 3682/1322/3
f 3764/1324/3 3765/1365/3 3724/1364/3 3723/1323/3
f 3805/1325/3 3806/1366/3 3765/1365/3 3764/1324/3
f 3846/1326/3 3847/1367/3 3806/1366/3 3805/1325/3
f 3887/1327/3 3888/1368/3 3847/1367/3 3846/1326/3
f 3928/1328/3 3929/1369/3 3888/1368/3 3887/1327/3
f 3969/1329/3 3970/1370/3 3929/1369/3 3928/1328/3
f 4010/1330/3 4011/1371/3 3970/1370/3 3969/1329/3
f 4051/1331/3 4052/1372/3 4011/1371/3 4010/1330/3
f 4092/1332/3 4093/1373/3 4052/1372/3 4051/1331/3
f 4133/1333/3 4134/1374/3 4093/1373/3 4092/1332/3
f 4174/1334/3 4175/1375/3 4134/1374/3 4133/1333/3
f 4215/1335/3 4216/1376/3 4175/1375/3 4174/1334/3
f 4256/1336/3 4257/1377/3 4216/1376/3 4215/1335/3
f 4297/1337/3 4298/1378/3 4257/1377/3 4256/1336/3
f 4338/1338/3 4339/1379/3 4298/1378/3 4297/1337/3
f 4379/1339/3 4380/1380/3 4339/1379/3 4338/1338/3
f 4420/1340/3 4421/1381/3 4380/1380/3 4379/1339/3
f 4461/1341/3 4462/1382/3 4421/1381/3 4420/1340/3
f 4502/1342/3 4503/1383/3 4462/1382/3 4461/1341/3
f 4543/1343/3 4544/1384/3 4503/1383/3 4502/1342/3
f 4584/1344/3 4585/1385/3 4544/1384/3 4543/1343/3
f 4625/1345/3 4626/1386/3 4585/1385/3 4584/1344/3
f 4666/1346/3 4667/1387/3 4626/1386/3 4625/1345/3
f 4707/1347/3 4708/1388/3 4667/1387/3 4666/1346/3
f 4748/1348/3 4749/1389/3 4708/1388/3 4707/1347/3
f 4789/1349/3 4790/1390/3 4749/1389/3 4748/1348/3
f 4830/1350/3 4831/1391/3 4790/1390/3 4789/1349/3
f 4871/1351/3 4872/1392/3 4831/1391/3 4830/1350/3
f 4912/1352/3 4913/1393/3 4872/1392/3 4871/1351/3
f 4953/1353/3 4954/1394/3 4913/1393/3 4912/1352/3
f 3355/1355/3 3356/1396/3 3315/1395/3 3314/1354/3
f 3396/1356/3 3397/1397/3 3356/1396/3 3355/1355/3
f 3437/1357/3 3438/1398/3 3397/1397/3 3396/1356/3
f 3478/1358/3 3479/1399/3 3438/1398/3 3437/1357/3
f 3519/1359/3 3520/1400/3 3479/1399/3 3478/1358/3
f 3560/1360/3 3561/1401/3 3520/1400/3 3519/1359/3
f 3601/1361/3 3602/1402/3 3561/1401/3 3560/1360/3
f 3642/1362/3 3643/1403/3 3602/1402/3 3601/1361/3
f 3683/1363/3 3684/1404/3 3643/1403/3 3642/1362/3
f 3724/1364/3 3725/1405/3 3684/1404/3 3683/1363/3
f 3765/1365/3 3766/1406/3 3725/1405/3 3724/1364/3
f 3806/1366/3 3807/1407/3 3766/1406/3 3765/1365/3
f 3847/1367/3 3848/1408/3 3807/1407/3 3806/1366/3
f 3888/1368/3 3889/1409/3 3848/1408/3 3847/1367/3
f 3929/1369/3 3930/1410/3 3889/1409/3 3888/1368/3
f 3970/1370/3 3971/1411/3 3930/1410/3 3929/1369/3
f 4011/1371/3 4012/1412/3 3971/1411/3 3970/1370/3
f 4052/1372/3 4053/1413/3 4012/1412/3 4011/1371/3
f 4093/1373/3 4094/1414/3 4053/1413/3 4052/1372/3
f 4134/1374/3 4135/1415/3 4094/1414/3 4093/1373/3
f 4175/1375/3 4176/1416/3 4135/1415/3 4134/1374/3
f 4216/1376/3 4217/1417/3 4176/1416/3 4175/1375/3
f 4257/1377/3 4258/1418/3 4217/1417/3 4216/1376/3
f 4298/1378/3 4299/1419/3 4258/1418/3 4257/1377/3
f 4339/1379/3 4340/1420/3 4299/1419/3 4298/1378/3
f 4380/1380/3 4381/1421/3 4340/1420/3 4339/1379/3
f 4421/1381/3 4422/1422/3 4381/1421/3 4380/1380/3
f 4462/1382/3 4463/1423/3 4422/1422/3 4421/1381/3
f 4503/1383/3 4504/1424/3 4463/1423/3 4462/1382/3
f 4544/1384/3 4545/1425/3 4504/1424/3 4503/1383/3
f 4585/1385/3 4586/1426/3 4545/1425/3 4544/1384/3
f 4626/1386/3 4627/1427/3 4586/1426/3 4585/1385/3
f 4667/1387/3 4668/1428/3 4627/1427/3 4626/1386/3
f 4708/1388/3 4709/1429/3 4668/1428/3 4667/1387/3
f 4749/1389/3 4750/1430/3 4709/1429/3 4708/1388/3
f 4790/1390/3 4791/1431/3 4750/1430/3 4749/1389/3
f 4831/1391/3 4832/1432/3 4791/1431/3 4790/1390/3
f 4872/1392/3 4873/1433/3 4832/1432/3 4831/1391/3
f 4913/1393/3 4914/1434/3 4873/1433/3 4872/1392/3
f 4954/1394/3 4955/1435/3 4914/1434/3 4913/1393/3
f 3356/1396/3 3357/1437/3 3316/1436/3 3315/1395/3
f 3397/1397/3 3398/1438/3 3357/1437/3 3356/1396/3
f 3438/1398/3 3439/1439/3 3398/1438/3 3397/1397/3
f 3479/1399/3 3480/1440/3 3439/1439/3 3438/1398/3
f 3520/1400/3 3521/1441/3 3480/1440/3 3479/1399/3
f 3561/1401/3 3562/1442/3 3521/1441/3 3520/1400/3
f 3602/1402/3 3603/1443/3 3562/1442/3 3561/1401/3
f 3643/1403/3 3644/1444/3 3603/1443/3 3602/1402/3
f 3684/1404/3 3685/1445/3 3644/1444/3 3643/1403/3
f 3725/1405/3 3726/1446/3 3685/1445/3 3684/1404/3
f 3766/1406/3 3767/1447/3 3726/1446/3 3725/1405/3
f 3807/1407/3 3808/1448/3 3767/1447/3 3766/1406/3
f 3848/1408/3 3849/1449/3 3808/1448/3 3807/1407/3
f 3889/1409/3 3890/1450/3 3849/1449/3 3848/1408/3
f 3930/1410/3 3931/1451/3 3890/1450/3 3889/1409/3
f 3971/1411/3 3972/1452/3 3931/1451/3 3930/1410/3
f 4012/1412/3 4013/1453/3 3972/1452/3 3971/1411/3
f 4053/1413/3 4054/1454/3 4013/1453/3 4012/1412/3
f 4094/1414/3 4095/1455/3 4054/1454/3 4053/1413/3
f 4135/1415/3 4136/1456/3 4095/1455/3 4094/1414/3
f 4176/1416/3 4177/1457/3 4136/1456/3 4135/1415/3
f 4217/1417/3 4218/1458/3 4177/1457/3 4176/1416/3
f 4258/1418/3 4259/1459/3 4218/1458/3 4217/1417/3
f 4299/1419/3 4300/1460/3 4259/1459/3 4258/1418/3
f 4340/1420/3 4341/1461/3 4300/1460/3 4299/1419/3
f 4381/1421/3 4382/1462/3 4341/1461/3 4340/1420/3
f 4422/1422/3 4423/1463/3 4382/1462/3 4381/1421/3
f 4463/1423/3 4464/1464/3 4423/1463/3 4422/1422/3
f 4504/1424/3 4505/1465/3 4464/1464/3 4463/1423/3
f 4545/1425/3 4546/1466/3 4505/1465/3 4504/1424/3
f 4586/1426/3 4587/1467/3 4546/1466/3 4545/1425/3
f 4627/1427/3 4628/1468/3 4587/1467/3 4586/1426/3
f 4668/1428/3 4669/1469/3 4628/1468/3 4627/1427/3
f 4709/1429/3 4710/1470/3 4669/1469/3 4668/1428/3
f 4750/1430/3 4751/1471/3 4710/1470/3 4709/1429/3
f 4791/1431/3 4792/1472/3 4751/1471/3 4750/1430/3
f 4832/1432/3 4833/1473/3 4792/1472/3 4791/1431/3
f 4873/1433/3 4874/1474/3 4833/1473/3 4832/1432/3
f 4914/1434/3 4915/1475/3 4874/1474/3 4873/1433/3
f 4955/1435/3 4956/1476/3 4915/1475/3 4914/1434/3
f 3357/1437/3 3358/1478/3 3317/1477/3 3316/1436/3
f 3398/1438/3 3399/1479/3 3358/1478/3 3357/1437/3
f 3439/1439/3 3440/1480/3 3399/1479/3 3398/1438/3
f 3480/1440/3 3481/1481/3 3440/1480/3 3439/1439/3
f 3521/1441/3 3522/1482/3 3481/1481/3 3480/1440/3
f 3562/1442/3 3563/1483/3 3522/1482/3 3521/1441/3
f 3603/1443/3 3604/1484/3 3563/1483/3 3562/1442/3
f 3644/1444/3 3645/1485/3 3604/1484/3 3603/1443/3
f 3685/1445/3 3686/1486/3 3645/1485/3 3644/1444/3
f 3726/1446/3 3727/1487/3 3686/1486/3 3685/1445/3
f 3767/1447/3 3768/1488/3 3727/1487/3 3726/1446/3
f 3808/1448/3 3809/1489/3 3768/1488/3 3767/1447/3
f 3849/1449/3 3850/1490/3 3809/1489/3 3808/1448/3
f 3890/1450/3 3891/1491/3 3850/1490/3 3849/1449/3
f 3931/1451/3 3932/1492/3 3891/1491/3 3890/1450/3
f 3972/1452/3 3973/1493/3 3932/1492/3 3931/1451/3
f 4013/1453/3 4014/1494/3 3973/1493/3 3972/1452/3
f 4054/1454/3 4055/1495/3 4014/1494/3 4013/1453/3
f 4095/1455/3 4096/1496/3 4055/1495/3 4054/1454/3
f 4136/1456/3 4137/1497/3 4096/1496/3 4095/1455/3
f 4177/1457/3 4178/1498/3 4137/1497/3 4136/1456/3
f 4218/1458/3 4219/1499/3 4178/1498/3 4177/1457/3
f 4259/1459/3 4260/1500/3 4219/1499/3 4218/1458/3
f 4300/1460/3 4301/1501/3 4260/1500/3 4259/1459/3
f 4341/1461/3 4342/1502/3 4301/1501/3 4300/1460/3
f 4382/1462/3 4383/1503/3 4342/1502/3 4341/1461/3
f 4423/1463/3 4424/1504/3 4383/1503/3 4382/1462/3
f 4464/1464/3 4465/1505/3 4424/1504/3 4423/1463/3
f 4505/1465/3 4506/1506/3 4465/1505/3 4464/1464/3
f 4546/1466/3 4547/1507/3 4506/1506/3 4505/1465/3
f 4587/1467/3 4588/1508/3 4547/1507/3 4546/1466/3
f 4628/1468/3 4629/1509/3 4588/1508/3 4587/1467/3
f 4669/1469/3 4670/1510/3 4629/1509/3 4628/1468/3
f 4710/1470/3 4711/1511/3 4670/1510/3 4669/1469/3
f 4751/1471/3 4752/1512/3 4711/1511/3 4710/1470/3
f 4792/1472/3 4793/1513/3 4752/1512/3 4751/1471/3
f 4833/1473/3 4834/1514/3 4793/1513/3 4792/1472/3
f 4874/1474/3 4875/1515/3 4834/1514/3 4833/1473/3
f 4915/1475/3 4916/1516/3 4875/1515/3 4874/1474/3
f 4956/1476/3 4957/1517/3 4916/1516/3 4915/1475/3
f 3358/1478/3 3359/1519/3 3318/1518/3 3317/1477/3
f 3399/1479/3 3400/1520/3 3359/1519/3 3358/1478/3
f 3440/1480/3 3441/1521/3 3400/1520/3 3399/1479/3
f 3481/1481/3 3482/1522/3 3441/1521/3 3440/1480/3
f 3522/1482/3 3523/1523/3 3482/1522/3 3481/1481/3
f 3563/1483/3 3564/1524/3 3523/1523/3 3522/1482/3
f 3604/1484/3 3605/1525/3 3564/1524/3 3563/1483/3
f 3645/1485/3 3646/1526/3 3605/1525/3 3604/1484/3
f 3686/1486/3 3687/1527/3 3646/1526/3 3645/1485/3
f 3727/1487/3 3728/1528/3 3687/1527/3 3686/1486/3
f 3768/1488/3 3769/1529/3 3728/1528/3 3727/1487/3
f 3809/1489/3 3810/1530/3 3769/1529/3 3768/1488/3
f 3850/1490/3 3851/1531/3 3810/1530/3 3809/1489/3
f 3891/1491/3 3892/1532/3 3851/1531/3 3850/1490/3
f 3932/1492/3 3933/1533/3 3892/1532/3 3891/1491/3
f 3973/1493/3 3974/1534/3 3933/1533/3 3932/1492/3
f 4014/1494/3 4015/1535/3 3974/1534/3 3973/1493/3
f 4055/1495/3 4056/1536/3 4015/1535/3 4014/1494/3
f 4096/1496/3 4097/1537/3 4056/1536/3 4055/1495/3
f 4137/1497/3 4138/1538/3 4097/1537/3 4096/1496/3
f 4178/1498/3 4179/1539/3 4138/1538/3 4137/1497/3
f 4219/1499/3 4220/1540/3 4179/1539/3 4178/1498/3
f 4260/1500/3 4261/1541/3 4220/1540/3 4219/1499/3
f 4301/1501/3 4302/1542/3 4261/1541/3 4260/1500/3
f 4342/1502/3 4343/1543/3 4302/1542/3 4301/1501/3
f 4383/1503/3 4384/1544/3 4343/1543/3 4342/1502/3
f 4424/1504/3 4425/1545/3 4384/1544/3 4383/1503/3
f 4465/1505/3 4466/1546/3 4425/1545/3 4424/1504/3
f 4506/1506/3 4507/1547/3 4466/1546/3 4465/1505/3
f 4547/1507/3 4548/1548/3 4507/1547/3 4506/1506/3
f 4588/1508/3 4589/1549/3 4548/1548/3 4547/1507/3
f 4629/1509/3 4630/1550/3 4589/1549/3 4588/1508/3
f 4670/1510/3 4671/1551/3 4630/1550/3 4629/1509/3
f 4711/1511/3 4712/1552/3 4671/1551/3 4670/1510/3
f 4752/1512/3 4753/1553/3 4712/1552/3 4711/1511/3
f 4793/1513/3 4794/1554/3 4753/1553/3 4752/1512/3
f 4834/1514/3 4835/1555/3 4794/1554/3 4793/1513/3
f 4875/1515/3 4876/1556/3 4835/1555/3 4834/1514/3
f 4916/1516/3 4917/1557/3 4876/1556/3 4875/1515/3
f 4957/1517/3 4958/1558/3 4917/1557/3 4916/1516/3
f 3359/1519/3 3360/1560/3 3319/1559/3 3318/1518/3
f 3400/1520/3 3401/1561/3 3360/1560/3 3359/1519/3
f 3441/1521/3 3442/1562/3 3401/1561/3 3400/1520/3
f 3482/1522/3 3483/1563/3 3442/1562/3 3441/1521/3
f 3523/1523/3 3524/1564/3 3483/1563/3 3482/1522/3
f 3564/1524/3 3565/1565/3 3524/1564/3 3523/1523/3
f 3605/1525/3 3606/1566/3 3565/1565/3 3564/1524/3
f 3646/1526/3 3647/1567/3 3606/1566/3 3605/1525/3
f 3687/1527/3 3688/1568/3 3647/1567/3 3646/1526/3
f 3728/1528/3 3729/1569/3 3688/1568/3 3687/1527/3
f 3769/1529/3 3770/1570/3 3729/1569/3 3728/1528/3
f 3810/1530/3 3811/1571/3 3770/1570/3 3769/1529/3
f 3851/1531/3 3852/1572/3 3811/1571/3 3810/1530/3
f 3892/1532/3 3893/1573/3 3852/1572/3 3851/1531/3
f 3933/1533/3 3934/1574/3 3893/1573/3 3892/1532/3
f 3974/1534/3 3975/1575/3 3934/1574/3 3933/1533/3
f 4015/1535/3 4016/1576/3 3975/1575/3 3974/1534/3
f 4056/1536/3 4057/1577/3 4016/1576/3 4015/1535/3
f 4097/1537/3 4098/1578/3 4057/1577/3 4056/1536/3
f 4138/1538/3 4139/1579/3 4098/1578/3 4097/1537/3
f 4179/1539/3 4180/1580/3 4139/1579/3 4138/1538/3
f 4220/1540/3 4221/1581/3 4180/1580/3 4179/1539/3
f 4261/1541/3 4262/1582/3 4221/1581/3 4220/1540/3
f 4302/1542/3 4303/1583/3 4262/1582/3 4261/1541/3
f 4343/1543/3 4344/1584/3 4303/1583/3 4302/1542/3
f 4384/1544/3 4385/1585/3 4344/1584/3 4343/1543/3
f 4425/1545/3 4426/1586/3 4385/1585/3 4384/1544/3
f 4466/1546/3 4467/1587/3 4426/1586/3 4425/1545/3
f 4507/1547/3 4508/1588/3 4467/1587/3 4466/1546/3
f 4548/1548/3 4549/1589/3 4508/1588/3 4507/1547/3
f 4589/1549/3 4590/1590/3 4549/1589/3 4548/1548/3
f 4630/1550/3 4631/1591/3 4590/1590/3 4589/1549/3
f 4671/1551/3 4672/1592/3 4631/1591/3 4630/1550/3
f 4712/1552/3 4713/1593/3 4672/1592/3 4671/1551/3
f 4753/1553/3 4754/1594/3 4713/1593/3 4712/1552/3
f 4794/1554/3 4795/1595/3 4754/1594/3 4753/1553/3
f 4835/1555/3 4836/1596/3 4795/1595/3 4794/1554/3
f 4876/1556/3 4877/1597/3 4836/1596/3 4835/1555/3
f 4917/1557/3 4918/1598/3 4877/1597/3 4876/1556/3
f 4958/1558/3 4959/1599/3 4918/1598/3 4917/1557/3
f 3360/1560/3 3361/1601/3 3320/1600/3 3319/1559/3
f 3401/1561/3 3402/1602/3 3361/1601/3 3360/1560/3
f 3442/1562/3 3443/1603/3 3402/1602/3 3401/1561/3
f 3483/1563/3 3484/1604/3 3443/1603/3 3442/1562/3
f 3524/1564/3 3525/1605/3 3484/1604/3 3483/1563/3
f 3565/1565/3 3566/1606/3 3525/1605/3 3524/1564/3
f 3606/1566/3 3607/1607/3 3566/1606/3 3565/1565/3
f 3647/1567/3 3648/1608/3 3607/1607/3 3606/1566/3
f 3688/1568/3 3689/1609/3 3648/1608/3 3647/1567/3
f 3729/1569/3 3730/1610/3 3689/1609/3 3688/1568/3
f 3770/1570/3 3771/1611/3 3730/1610/3 3729/1569/3
f 3811/1571/3 3812/1612/3 3771/1611/3 3770/1570/3
f 3852/1572/3 3853/1613/3 3812/1612/3 3811/1571/3
f 3893/1573/3 3894/1614/3 3853/1613/3 3852/1572/3
f 3934/1574/3 3935/1615/3 3894/1614/3 3893/1573/3
f 3975/1575/3 3976/1616/3 3935/1615/3 3934/1574/3
f 4016/1576/3 4017/1617/3 3976/1616/3 3975/1575/3
f 4057/1577/3 4058/1618/3 4017/1617/3 4016/1576/3
f 4098/1578/3 4099/1619/3 4058/1618/3 4057/1577/3
f 4139/1579/3 4140/1620/3 4099/1619/3 4098/1578/3
f 4180/1580/3 4181/1621/3 4140/1620/3 4139/1579/3
f 4221/1581/3 4222/1622/3 4181/1621/3 4180/1580/3
f 4262/1582/3 4263/1623/3 4222/1622/3 4221/1581/3
f 4303/1583/3 4304/1624/3 4263/1623/3 4262/1582/3
f 4344/1584/3 4345/1625/3 4304/1624/3 4303/1583/3
f 4385/1585/3 4386/1626/3 4345/1625/3 4344/1584/3
f 4426/1586/3 4427/1627/3 4386/1626/3 4385/1585/3
f 4467/1587/3 4468/1628/3 4427/1627/3 4426/1586/3
f 4508/1588/3 4509/1629/3 4468/1628/3 4467/1587/3
f 4549/1589/3 4550/1630/3 4509/1629/3 4508/1588/3
f 4590/1590/3 4591/1631/3 4550/1630/3 4549/1589/3
f 4631/1591/3 4632/1632/3 4591/1631/3 4590/1590/3
f 4672/1592/3 4673/1633/3 4632/1632/3 4631/1591/3
f 4713/1593/3 4714/1634/3 4673/1633/3 4672/1592/3
f 4754/1594/3 4755/1635/3 4714/1634/3 4713/1593/3
f 4795/1595/3 4796/1636/3 4755/1635/3 4754/1594/3
f 4836/1596/3 4837/1637/3 4796/1636/3 4795/1595/3
f 4877/1597/3 4878/1638/3 4837/1637/3 4836/1596/3
f 4918/1598/3 4919/1639/3 4878/1638/3 4877/1597/3
f 4959/1599/3 4960/1640/3 4919/1639/3 4918/1598/3
f 3361/1601/3 3362/1642/3 3321/1641/3 3320/1600/3
f 3402/1602/3 3403/1643/3 3362/1642/3 3361/1601/3
f 3443/1603/3 3444/1644/3 3403/1643/3 3402/1602/3
f 3484/1604/3 3485/1645/3 3444/1644/3 3443/1603/3
f 3525/1605/3 3526/1646/3 3485/1645/3 3484/1604/3
f 3566/1606/3 3567/1647/3 3526/1646/3 3525/1605/3
f 3607/1607/3 3608/1648/3 3567/1647/3 3566/1606/3
f 3648/1608/3 3649/1649/3 3608/1648/3 3607/1607/3
f 3689/1609/3 3690/1650/3 3649/1649/3 3648/1608/3
f 3730/1610/3 3731/1651/3 3690/1650/3 3689/1609/3
f 3771/1611/3 3772/1652/3 3731/1651/3 3730/1610/3
f 3812/1612/3 3813/1653/3 3772/1652/3 3771/1611/3
f 3853/1613/3 3854/1654/3 3813/1653/3 3812/1612/3
f 3894/1614/3 3895/1655/3 3854/1654/3 3853/1613/3
f 3935/1615/3 3936/1656/3 3895/1655/3 3894/1614/3
f 3976/1616/3 3977/1657/3 3936/1656/3 3935/1615/3
f 4017/1617/3 4018/1658/3 3977/1657/3 3976/1616/3
f 4058/1618/3 4059/1659/3 4018/1658/3 4017/1617/3
f 4099/1619/3 4100/1660/3 4059/1659/3 4058/1618/3
f 4140/1620/3 4141/1661/3 4100/1660/3 4099/1619/3
f 4181/1621/3 4182/1662/3 4141/1661/3 4140/1620/3
f 4222/1622/3 4223/1663/3 4182/1662/3 4181/1621/3
f 4263/1623/3 4264/1664/3 4223/1663/3 4222/1622/3
f 4304/1624/3 4305/1665/3 4264/1664/3 4263/1623/3
f 4345/1625/3 4346/1666/3 4305/1665/3 4304/1624/3
f 4386/1626/3 4387/1667/3 4346/1666/3 4345/1625/3
f 4427/1627/3 4428/1668/3 4387/1667/3 4386/1626/3
f 4468/1628/3 4469/1669/3 4428/1668/3 4427/1627/3
f 4509/1629/3 4510/1670/3 4469/1669/3 4468/1628/3
f 4550/1630/3 4551/1671/3 4510/1670/3 4509/1629/3
f 4591/1631/3 4592/1672/3 4551/1671/3 4550/1630/3
f 4632/1632/3 4633/1673/3 4592/1672/3 4591/1631/3
f 4673/1633/3 4674/1674/3 4633/1673/3 4632/1632/3
f 4714/1634/3 4715/1675/3 4674/1674/3 4673/1633/3
f 4755/1635/3 4756/1676/3 4715/1675/3 4714/1634/3
f 4796/1636/3 4797/1677/3 4756/1676/3 4755/1635/3
f 4837/1637/3 4838/1678/3 4797/1677/3 4796/1636/3
f 4878/1638/3 4879/1679/3 4838/1678/3 4837/1637/3
f 4919/1639/3 4920/1680/3 4879/1679/3 4878/1638/3
f 4960/1640/3 4961/1681/3 4920/1680/3 4919/1639/3
f 4962/4/4 4963/3/4 4922/2/4 4921/1/4
f 5003/6/4 5004/5/4 4963/3/4 4962/4/4
f 5044/8/4 5045/7/4 5004/5/4 5003/6/4
f 5085/10/4 5086/9/4 5045/7/4 5044/8/4
f 5126/12/4 5127/11/4 5086/9/4 5085/10/4
f 5167/14/4 5168/13/4 5127/11/4 5126/12/4
f 5208/16/4 5209/15/4 5168/13/4 5167/14/4
f 5249/18/4 5250/17/4 5209/15/4 5208/16/4
f 5290/20/4 5291/19/4 5250/17/4 5249/18/4
f 5331/22/4 5332/21/4 5291/19/4 5290/20/4
f 5372/24/4 5373/23/4 5332/21/4 5331/22/4
f 5413/26/4 5414/25/4 5373/23/4 5372/24/4
f 5454/28/4 5455/27/4 5414/25/4 5413/26/4
f 5495/30/4 5496/29/4 5455/27/4 5454/28/4
f 5536/32/4 5537/31/4 5496/29/4 5495/30/4
f 5577/34/4 5578/33/4 5537/31/4 5536/32/4
f 5618/36/4 5619/35/4 5578/33/4 5577/34/4
f 5659/38/4 5660/37/4 5619/35/4 5618/36/4
f 5700/40/4 5701/39/4 5660/37/4 5659/38/4
f 5741/42/4 5742/41/4 5701/39/4 5700/40/4
f 5782/44/4 5783/43/4 5742/41/4 5741/42/4
f 5823/46/4 5824/45/4 5783/43/4 5782/44/4
f 5864/48/4 5865/47/4 5824/45/4 5823/46/4
f 5905/50/4 5906/49/4 5865/47/4 5864/48/4
f 5946/52/4 5947/51/4 5906/49/4 5905/50/4
f 5987/54/4 5988/53/4 5947/51/4 5946/52/4
f 6028/56/4 6029/55/4 5988/53/4 5987/54/4
f 6069/58/4 6070/57/4 6029/55/4 6028/56/4
f 6110/60/4 6111/59/4 6070/57/4 6069/58/4
f 6151/62/4 6152/61/4 6111/59/4 6110/60/4
f 6192/64/4 6193/63/4 6152/61/4 6151/62/4
f 6233/66/4 6234/65/4 6193/63/4 6192/64/4
f 6274/68/4 6275/67/4 6234/65/4 6233/66/4
f 6315/70/4 6316/69/4 6275/67/4 6274/68/4
f 6356/72/4 6357/71/4 6316/69/4 6315/70/4
f 6397/74/4 6398/73/4 6357/71/4 6356/72/4
f 6438/76/4 6439/75/4 6398/73/4 6397/74/4
f 6479/78/4 6480/77/4 6439/75/4 6438/76/4
f 6520/80/4 6521/79/4 6480/77/4 6479/78/4
f 1/82/4 2/81/4 6521/79/4 6520/80/4
f 4963/3/4 4964/84/4 4923/83/4 4922/2/4
f 5004/5/4 5005/85/4 4964/84/4 4963/3/4
f 5045/7/4 5046/86/4 5005/85/4 5004/5/4
f 5086/9/4 5087/87/4 5046/86/4 5045/7/4
f 5127/11/4 5128/88/4 5087/87/4 5086/9/4
f 5168/13/4 5169/89/4 5128/88/4 5127/11/4
f 5209/15/4 5210/90/4 5169/89/4 5168/13/4
f 5250/17/4 5251/91/4 5210/90/4 5209/15/4
f 5291/19/4 5292/92/4 5251/91/4 5250/17/4
f 5332/21/4 5333/93/4 5292/92/4 5291/19/4
f 5373/23/4 5374/94/4 5333/93/4 5332/21/4
f 5414/25/4 5415/95/4 5374/94/4 5373/23/4
f 5455/27/4 5456/96/4 5415/95/4 5414/25/4
f 5496/29/4 5497/97/4 5456/96/4 5455/27/4
f 5537/31/4 5538/98/4 5497/97/4 5496/29/4
f 5578/33/4 5579/99/4 5538/98/4 5537/31/4
f 5619/35/4 5620/100/4 5579/99/4 5578/33/4
f 5660/37/4 5661/101/4 5620/100/4 5619/35/4
f 5701/39/4 5702/102/4 5661/101/4 5660/37/4
f 5742/41/4 5743/103/4 5702/102/4 5701/39/4
f 5783/43/4 5784/104/4 5743/103/4 5742/41/4
f 5824/45/4 5825/105/4 5784/104/4 5783/43/4
f 5865/47/4 5866/106/4 5825/105/4 5824/45/4
f 5906/49/4 5907/107/4 5866/106/4 5865/47/4
f 5947/51/4 5948/108/4 5907/107/4 5906/49/4
f 5988/53/4 5989/109/4 5948/108/4 5947/51/4
f 6029/55/4 6030/110/4 5989/109/4 5988/53/4
f 6070/57/4 6071/111/4 6030/110/4 6029/55/4
f 6111/59/4 6112/112/4 6071/111/4 6070/57/4
f 6152/61/4 6153/113/4 6112/112/4 6111/59/4
f 6193/63/4 6194/114/4 6153/113/4 6152/61/4
f 6234/65/4 6235/115/4 6194/114/4 6193/63/4
f 6275/67/4 6276/116/4 6235/115/4 6234/65/4
f 6316/69/4 6317/117/4 6276/116/4 6275/67/4
f 6357/71/4 6358/118/4 6317/117/4 6316/69/4
f 6398/73/4 6399/119/4 6358/118/4 6357/71/4
f 6439/75/4 6440/120/4 6399/119/4 6398/73/4
f 6480/77/4 6481/121/4 6440/120/4 6439/75/4
f 6521/79/4 6522/122/4 6481/121/4 6480/77/4
f 2/81/4 3/123/4 6522/122/4 6521/79/4
f 4964/84/4 4965/125/4 4924/124/4 4923/83/4
f 5005/85/4 5006/126/4 4965/125/4 4964/84/4
f 5046/86/4 5047/127/4 5006/126/4 5005/85/4
f 5087/87/4 5088/128/4 5047/127/4 5046/86/4
f 5128/88/4 5129/129/4 5088/128/4 5087/87/4
f 5169/89/4 5170/130/4 5129/129/4 5128/88/4
f 5210/90/4 5211/131/4 5170/130/4 5169/89/4
f 5251/91/4 5252/132/4 5211/131/4 5210/90/4
f 5292/92/4 5293/133/4 5252/132/4 5251/91/4
f 5333/93/4 5334/134/4 5293/133/4 5292/92/4
f 5374/94/4 5375/135/4 5334/134/4 5333/93/4
f 5415/95/4 5416/136/4 5375/135/4 5374/94/4
f 5456/96/4 5457/137/4 5416/136/4 5415/95/4
f 5497/97/4 5498/138/4 5457/137/4 5456/96/4
f 5538/98/4 5539/139/4 5498/138/4 5497/97/4
f 5579/99/4 5580/140/4 5539/139/4 5538/98/4
f 5620/100/4 5621/141/4 5580/140/4 5579/99/4
f 5661/101/4 5662/142/4 5621/141/4 5620/100/4
f 5702/102/4 5703/143/4 5662/142/4 5661/101/4
f 5743/103/4 5744/144/4 5703/143/4 5702/102/4
f 5784/104/4 5785/145/4 5744/144/4 5743/103/4
f 5825/105/4 5826/146/4 5785/145/4 5784/104/4
f 5866/106/4 5867/147/4 5826/146/4 5825/105/4
f 5907/107/4 5908/148/4 5867/147/4 5866/106/4
f 5948/108/4 5949/149/4 5908/148/4 5907/107/4
f 5989/109/4 5990/150/4 5949/149/4 5948/108/4
f 6030/110/4 6031/151/4 5990/150/4 5989/109/4
f 6071/111/4 6072/152/4 6031/151/4 6030/110/4
f 6112/112/4 6113/153/4 6072/152/4 6071/111/4
f 6153/113/4 6154/154/4 6113/153/4 6112/112/4
f 6194/114/4 6195/155/4 6154/154/4 6153/113/4
f 6235/115/4 6236/156/4 6195/155/4 6194/114/4
f 6276/116/4 6277/157/4 6236/156/4 6235/115/4
f 6317/117/4 6318/158/4 6277/157/4 6276/116/4
f 6358/118/4 6359/159/4 6318/158/4 6317/117/4
f 6399/119/4 6400/160/4 6359/159/4 6358/118/4
f 6440/120/4 6441/161/4 6400/160/4 6399/119/4
f 6481/121/4 6482/162/4 6441/161/4 6440/120/4
f 6522/122/4 6523/163/4 6482/162/4 6481/121/4
f 3/123/4 4/164/4 6523/163/4 6522/122/4
f 4965/125/4 4966/166/4 4925/165/4 4924/124/4
f 5006/126/4 5007/167/4 4966/166/4 4965/125/4
f 5047/127/4 5048/168/4 5007/167/4 5006/126/4
f 5088/128/4 5089/169/4 5048/168/4 5047/127/4
f 5129/129/4 5130/170/4 5089/169/4 5088/128/4
f 5170/130/4 5171/171/4 5130/170/4 5129/129/4
f 5211/131/4 5212/172/4 5171/171/4 5170/130/4
f 5252/132/4 5253/173/4 5212/172/4 5211/131/4
f 5293/133/4 5294/174/4 5253/173/4 5252/132/4
f 5334/134/4 5335/175/4 5294/174/4 5293/133/4
f 5375/135/4 5376/176/4 5335/175/4 5334/134/4
f 5416/136/4 5417/177/4 5376/176/4 5375/135/4
f 5457/137/4 5458/178/4 5417/177/4 5416/136/4
f 5498/138/4 5499/179/4 5458/178/4 5457/137/4
f 5539/139/4 5540/180/4 5499/179/4 5498/138/4
f 5580/140/4 5581/181/4 5540/180/4 5539/139/4
f 5621/141/4 5622/182/4 5581/181/4 5580/140/4
f 5662/142/4 5663/183/4 5622/182/4 5621/141/4
f 5703/143/4 5704/184/4 5663/183/4 5662/142/4
f 5744/144/4 5745/185/4 5704/184/4 5703/143/4
f 5785/145/4 5786/186/4 5745/185/4 5744/144/4
f 5826/146/4 5827/187/4 5786/186/4 5785/145/4
f 5867/147/4 5868/188/4 5827/187/4 5826/146/4
f 5908/148/4 5909/189/4 5868/188/4 5867/147/4
f 5949/149/4 5950/190/4 5909/189/4 5908/148/4
f 5990/150/4 5991/191/4 5950/190/4 5949/149/4
f 6031/151/4 6032/192/4 5991/191/4 5990/150/4
f 6072/152/4 6073/193/4 6032/192/4 6031/151/4
f 6113/153/4 6114/194/4 6073/193/4 6072/152/4
f 6154/154/4 6155/195/4 6114/194/4 6113/153/4
f 6195/155/4 6196/196/4 6155/195/4 6154/154/4
f 6236/156/4 6237/197/4 6196/196/4 6195/155/4
f 6277/157/4 6278/198/4 6237/197/4 6236/156/4
f 6318/158/4 6319/199/4 6278/198/4 6277/157/4
f 6359/159/4 6360/200/4 6319/199/4 6318/158/4
f 6400/160/4 6401/201/4 6360/200/4 6359/159/4
f 6441/161/4 6442/202/4 6401/201/4 6400/160/4
f 6482/162/4 6483/203/4 6442/202/4 6441/161/4
f 6523/163/4 6524/204/4 6483/203/4 6482/162/4
f 4/164/4 5/205/4 6524/204/4 6523/163/4
f 4966/166/4 4967/207/4 4926/206/4 4925/165/4
f 5007/167/4 5008/208/4 4967/207/4 4966/166/4
f 5048/168/4 5049/209/4 5008/208/4 5007/167/4
f 5089/169/4 5090/210/4 5049/209/4 5048/168/4
f 5130/170/4 5131/211/4 5090/210/4 5089/169/4
f 5171/171/4 5172/212/4 5131/211/4 5130/170/4
f 5212/172/4 5213/213/4 5172/212/4 5171/171/4
f 5253/173/4 5254/214/4 5213/213/4 5212/172/4
f 5294/174/4 5295/215/4 5254/214/4 5253/173/4
f 5335/175/4 5336/216/4 5295/215/4 5294/174/4
f 5376/176/4 5377/217/4 5336/216/4 5335/175/4
f 5417/177/4 5418/218/4 5377/217/4 5376/176/4
f 5458/178/4 5459/219/4 5418/218/4 5417/177/4
f 5499/179/4 5500/220/4 5459/219/4 5458/178/4
f 5540/180/4 5541/221/4 5500/220/4 5499/179/4
f 5581/181/4 5582/222/4 5541/221/4 5540/180/4
f 5622/182/4 5623/223/4 5582/222/4 5581/181/4
f 5663/183/4 5664/224/4 5623/223/4 5622/182/4
f 5704/184/4 5705/225/4 5664/224/4 5663/183/4
f 5745/185/4 5746/226/4 5705/225/4 5704/184/4
f 5786/186/4 5787/227/4 5746/226/4 5745/185/4
f 5827/187/4 5828/228/4 5787/227/4 5786/186/4
f 5868/188/4 5869/229/4 5828/228/4 5827/187/4
f 5909/189/4 5910/230/4 5869/229/4 5868/188/4
f 5950/190/4 5951/231/4 5910/230/4 5909/189/4
f 5991/191/4 5992/232/4 5951/231/4 5950/190/4
f 6032/192/4 6033/233/4 5992/232/4 5991/191/4
f 6073/193/4 6074/234/4 6033/233/4 6032/192/4
f 6114/194/4 6115/235/4 6074/234/4 6073/193/4
f 6155/195/4 6156/236/4 6115/235/4 6114/194/4
f 6196/196/4 6197/237/4 6156/236/4 6155/195/4
f 6237/197/4 6238/238/4 6197/237/4 6196/196/4
f 6278/198/4 6279/239/4 6238/238/4 6237/197/4
f 6319/199/4 6320/240/4 6279/239/4 6278/198/4
f 6360/200/4 6361/241/4 6320/240/4 6319/199/4
f 6401/201/4 6402/242/4 6361/241/4 6360/200/4
f 6442/202/4 6443/243/4 6402/242/4 6401/201/4
f 6483/203/4 6484/244/4 6443/243/4 6442/202/4
f 6524/204/4 6525/245/4 6484/244/4 6483/203/4
f 5/205/4 6/246/4 6525/245/4 6524/204/4
f 4967/207/4 4968/248/4 4927/247/4 4926/206/4
f 5008/208/4 5009/249/4 4968/248/4 4967/207/4
f 5049/209/4 5050/250/4 5009/249/4 5008/208/4
f 5090/210/4 5091/251/4 5050/250/4 5049/209/4
f 5131/211/4 5132/252/4 5091/251/4 5090/210/4
f 5172/212/4 5173/253/4 5132/252/4 5131/211/4
f 5213/213/4 5214/254/4 5173/253/4 5172/212/4
f 5254/214/4 5255/255/4 5214/254/4 5213/213/4
f 5295/215/4 5296/256/4 5255/255/4 5254/214/4
f 5336/216/4 5337/257/4 5296/256/4 5295/215/4
f 5377/217/4 5378/258/4 5337/257/4 5336/216/4
f 5418/218/4 5419/259/4 5378/258/4 5377/217/4
f 5459/219/4 5460/260/4 5419/259/4 5418/218/4
f 5500/220/4 5501/261/4 5460/260/4 5459/219/4
f 5541/221/4 5542/262/4 5501/261/4 5500/220/4
f 5582/222/4 5583/263/4 5542/262/4 5541/221/4
f 5623/223/4 5624/264/4 5583/263/4 5582/222/4
f 5664/224/4 5665/265/4 5624/264/4 5623/223/4
f 5705/225/4 5706/266/4 5665/265/4 5664/224/4
f 5746/226/4 5747/267/4 5706/266/4 5705/225/4
f 5787/227/4 5788/268/4 5747/267/4 5746/226/4
f 5828/228/4 5829/269/4 5788/268/4 5787/227/4
f 5869/229/4 5870/270/4 5829/269/4 5828/228/4
f 5910/230/4 5911/271/4 5870/270/4 5869/229/4
f 5951/231/4 5952/272/4 5911/271/4 5910/230/4
f 5992/232/4 5993/273/4 5952/272/4 5951/231/4
f 6033/233/4 6034/274/4 5993/273/4 5992/232/4
f 6074/234/4 6075/275/4 6034/274/4 6033/233/4
f 6115/235/4 6116/276/4 6075/275/4 6074/234/4
f 6156/236/4 6157/277/4 6116/276/4 6115/235/4
f 6197/237/4 6198/278/4 6157/277/4 6156/236/4
f 6238/238/4 6239/279/4 6198/278/4 6197/237/4
f 6279/239/4 6280/280/4 6239/279/4 6238/238/4
f 6320/240/4 6321/281/4 6280/280/4 6279/239/4
f 6361/241/4 6362/282/4 6321/281/4 6320/240/4
f 6402/242/4 6403/283/4 6362/282/4 6361/241/4
f 6443/243/4 6444/284/4 6403/283/4 6402/242/4
f 6484/244/4 6485/285/4 6444/284/4 6443/243/4
f 6525/245/4 6526/286/4 6485/285/4 6484/244/4
f 6/246/4 7/287/4 6526/286/4 6525/245/4
f 4968/248/4 4969/289/4 4928/288/4 4927/247/4
f 5009/249/4 5010/290/4 4969/289/4 4968/248/4
f 5050/250/4 5051/291/4 5010/290/4 5009/249/4
f 5091/251/4 5092/292/4 5051/291/4 5050/250/4
f 5132/252/4 5133/293/4 5092/292/4 5091/251/4
f 5173/253/4 5174/294/4 5133/293/4 5132/252/4
f 5214/254/4 5215/295/4 5174/294/4 5173/253/4
f 5255/255/4 5256/296/4 5215/295/4 5214/254/4
f 5296/256/4 5297/297/4 5256/296/4 5255/255/4
f 5337/257/4 5338/298/4 5297/297/4 5296/256/4
f 5378/258/4 5379/299/4 5338/298/4 5337/257/4
f 5419/259/4 5420/300/4 5379/299/4 5378/258/4
f 5460/260/4 5461/301/4 5420/300/4 5419/259/4
f 5501/261/4 5502/302/4 5461/301/4 5460/260/4
f 5542/262/4 5543/303/4 5502/302/4 5501/261/4
f 5583/263/4 5584/304/4 5543/303/4 5542/262/4
f 5624/264/4 5625/305/4 5584/304/4 5583/263/4
f 5665/265/4 5666/306/4 5625/305/4 5624/264/4
f 5706/266/4 5707/307/4 5666/306/4 5665/265/4
f 5747/267/4 5748/308/4 5707/307/4 5706/266/4
f 5788/268/4 5789/309/4 5748/308/4 5747/267/4
f 5829/269/4 5830/310/4 5789/309/4 5788/268/4
f 5870/270/4 5871/311/4 5830/310/4 5829/269/4
f 5911/271/4 5912/312/4 5871/311/4 5870/270/4
f 5952/272/4 5953/313/4 5912/312/4 5911/271/4
f 5993/273/4 5994/314/4 5953/313/4 5952/272/4
f 6034/274/4 6035/315/4 5994/314/4 5993/273/4
f 6075/275/4 6076/316/4 6035/315/4 6034/274/4
f 6116/276/4 6117/317/4 6076/316/4 6075/275/4
f 6157/277/4 6158/318/4 6117/317/4 6116/276/4
f 6198/278/4 6199/319/4 6158/318/4 6157/277/4
f 6239/279/4 6240/320/4 6199/319/4 6198/278/4
f 6280/280/4 6281/321/4 6240/320/4 6239/279/4
f 6321/281/4 6322/322/4 6281/321/4 6280/280/4
f 6362/282/4 6363/323/4 6322/322/4 6321/281/4
f 6403/283/4 6404/324/4 6363/323/4 6362/282/4
f 6444/284/4 6445/325/4 6404/324/4 6403/283/4
f 6485/285/4 6486/326/4 6445/325/4 6444/284/4
f 6526/286/4 6527/327/4 6486/326/4 6485/285/4
f 7/287/4 8/328/4 6527/327/4 6526/286/4
f 4969/289/4 4970/330/4 4929/329/4 4928/288/4
f 5010/290/4 5011/331/4 4970/330/4 4969/289/4
f 5051/291/4 5052/332/4 5011/331/4 5010/290/4
f 5092/292/4 5093/333/4 5052/332/4 5051/291/4
f 5133/293/4 5134/334/4 5093/333/4 5092/292/4
f 5174/294/4 5175/335/4 5134/334/4 5133/293/4
f 5215/295/4 5216/336/4 5175/335/4 5174/294/4
f 5256/296/4 5257/337/4 5216/336/4 5215/295/4
f 5297/297/4 5298/338/4 5257/337/4 5256/296/4
f 5338/298/4 5339/339/4 5298/338/4 5297/297/4
f 5379/299/4 5380/340/4 5339/339/4 5338/298/4
f 5420/300/4 5421/341/4 5380/340/4 5379/299/4
f 5461/301/4 5462/342/4 5421/341/4 5420/300/4
f 5502/302/4 5503/343/4 5462/342/4 5461/301/4
f 5543/303/4 5544/344/4 5503/343/4 5502/302/4
f 5584/304/4 5585/345/4 5544/344/4 5543/303/4
f 5625/305/4 5626/346/4 5585/345/4 5584/304/4
f 5666/306/4 5667/347/4 5626/346/4 5625/305/4
f 5707/307/4 5708/348/4 5667/347/4 5666/306/4
f 5748/308/4 5749/349/4 5708/348/4 5707/307/4
f 5789/309/4 5790/350/4 5749/349/4 5748/308/4
f 5830/310/4 5831/351/4 5790/350/4 5789/309/4
f 5871/311/4 5872/352/4 5831/351/4 5830/310/4
f 5912/312/4 5913/353/4 5872/352/4 5871/311/4
f 5953/313/4 5954/354/4 5913/353/4 5912/312/4
f 5994/314/4 5995/355/4 5954/354/4 5953/313/4
f 6035/315/4 6036/356/4 5995/355/4 5994/314/4
f 6076/316/4 6077/357/4 6036/356/4 6035/315/4
f 6117/317/4 6118/358/4 6077/357/4 6076/316/4
f 6158/318/4 6159/359/4 6118/358/4 6117/317/4
f 6199/319/4 6200/360/4 6159/359/4 6158/318/4
f 6240/320/4 6241/361/4 6200/360/4 6199/319/4
f 6281/321/4 6282/362/4 6241/361/4 6240/320/4
f 6322/322/4 6323/363/4 6282/362/4 6281/321/4
f 6363/323/4 6364/364/4 6323/363/4 6322/322/4
f 6404/324/4 6405/365/4 6364/364/4 6363/323/4
f 6445/325/4 6446/366/4 6405/365/4 6404/324/4
f 6486/326/4 6487/367/4 6446/366/4 6445/325/4
f 6527/327/4 6528/368/4 6487/367/4 6486/326/4
f 8/328/4 9/369/4 6528/368/4 6527/327/4
f 4970/330/4 4971/371/4 4930/370/4 4929/329/4
f 5011/331/4 5012/372/4 4971/371/4 4970/330/4
f 5052/332/4 5053/373/4 5012/372/4 5011/331/4
f 5093/333/4 5094/374/4 5053/373/4 5052/332/4
f 5134/334/4 5135/375/4 5094/374/4 5093/333/4
f 5175/335/4 5176/376/4 5135/375/4 5134/334/4
f 5216/336/4 5217/377/4 5176/376/4 5175/335/4
f 5257/337/4 5258/378/4 5217/377/4 5216/336/4
f 5298/338/4 5299/379/4 5258/378/4 5257/337/4
f 5339/339/4 5340/380/4 5299/379/4 5298/338/4
f 5380/340/4 5381/381/4 5340/380/4 5339/339/4
f 5421/341/4 5422/382/4 5381/381/4 5380/340/4
f 5462/342/4 5463/383/4 5422/382/4 5421/341/4
f 5503/343/4 5504/384/4 5463/383/4 5462/342/4
f 5544/344/4 5545/385/4 5504/384/4 5503/343/4
f 5585/345/4 5586/386/4 5545/385/4 5544/344/4
f 5626/346/4 5627/387/4 5586/386/4 5585/345/4
f 5667/347/4 5668/388/4 5627/387/4 5626/346/4
f 5708/348/4 5709/389/4 5668/388/4 5667/347/4
f 5749/349/4 5750/390/4 5709/389/4 5708/348/4
f 5790/350/4 5791/391/4 5750/390/4 5749/349/4
f 5831/351/4 5832/392/4 5791/391/4 5790/350/4
f 5872/352/4 5873/393/4 5832/392/4 5831/351/4
f 5913/353/4 5914/394/4 5873/393/4 5872/352/4
f 5954/354/4 5955/395/4 5914/394/4 5913/353/4
f 5995/355/4 5996/396/4 5955/395/4 5954/354/4
f 6036/356/4 6037/397/4 5996/396/4 5995/355/4
f 6077/357/4 6078/398/4 6037/397/4 6036/356/4
f 6118/358/4 6119/399/4 6078/398/4 6077/357/4
f 6159/359/4 6160/400/4 6119/399/4 6118/358/4
f 6200/360/4 6201/401/4 6160/400/4 6159/359/4
f 6241/361/4 6242/402/4 6201/401/4 6200/360/4
f 6282/362/4 6283/403/4 6242/402/4 6241/361/4
f 6323/363/4 6324/404/4 6283/403/4 6282/362/4
f 6364/364/4 6365/405/4 6324/404/4 6323/363/4
f 6405/365/4 6406/406/4 6365/405/4 6364/364/4
f 6446/366/4 6447/407/4 6406/406/4 6405/365/4
f 6487/367/4 6488/408/4 6447/407/4 6446/366/4
f 6528/368/4 6529/409/4 6488/408/4 6487/367/4
f 9/369/4 10/410/4 6529/409/4 6528/368/4
f 4971/371/4 4972/412/4 4931/411/4 4930/370/4
f 5012/372/4 5013/413/4 4972/412/4 4971/371/4
f 5053/373/4 5054/414/4 5013/413/4 5012/372/4
f 5094/374/4 5095/415/4 5054/414/4 5053/373/4
f 5135/375/4 5136/416/4 5095/415/4 5094/374/4
f 5176/376/4 5177/417/4 5136/416/4 5135/375/4
f 5217/377/4 5218/418/4 5177/417/4 5176/376/4
f 5258/378/4 5259/419/4 5218/418/4 5217/377/4
f 5299/379/4 5300/420/4 5259/419/4 5258/378/4
f 5340/380/4 5341/421/4 5300/420/4 5299/379/4
f 5381/381/4 5382/422/4 5341/421/4 5340/380/4
f 5422/382/4 5423/423/4 5382/422/4 5381/381/4
f 5463/383/4 5464/424/4 5423/423/4 5422/382/4
f 5504/384/4 5505/425/4 5464/424/4 5463/383/4
f 5545/385/4 5546/426/4 5505/425/4 5504/384/4
f 5586/386/4 5587/427/4 5546/426/4 5545/385/4
f 5627/387/4 5628/428/4 5587/427/4 5586/386/4
f 5668/388/4 5669/429/4 5628/428/4 5627/387/4
f 5709/389/4 5710/430/4 5669/429/4 5668/388/4
f 5750/390/4 5751/431/4 5710/430/4 5709/389/4
f 5791/391/4 5792/432/4 5751/431/4 5750/390/4
f 5832/392/4 5833/433/4 5792/432/4 5791/391/4
f 5873/393/4 5874/434/4 5833/433/4 5832/392/4
f 5914/394/4 5915/435/4 5874/434/4 5873/393/4
f 5955/395/4 5956/436/4 5915/435/4 5914/394/4
f 5996/396/4 5997/437/4 5956/436/4 5955/395/4
f 6037/397/4 6038/438/4 5997/437/4 5996/396/4
f 6078/398/4 6079/439/4 6038/438/4 6037/397/4
f 6119/399/4 6120/440/4 6079/439/4 6078/398/4
f 6160/400/4 6161/441/4 6120/440/4 6119/399/4
f 6201/401/4 6202/442/4 6161/441/4 6160/400/4
f 6242/402/4 6243/443/4 6202/442/4 6201/401/4
f 6283/403/4 6284/444/4 6243/443/4 6242/402/4
f 6324/404/4 6325/445/4 6284/444/4 6283/403/4
f 6365/405/4 6366/446/4 6325/445/4 6324/404/4
f 6406/406/4 6407/447/4 6366/446/4 6365/405/4
f 6447/407/4 6448/448/4 6407/447/4 6406/406/4
f 6488/408/4 6489/449/4 6448/448/4 6447/407/4
f 6529/409/4 6530/450/4 6489/449/4 6488/408/4
f 10/410/4 11/451/4 6530/450/4 6529/409/4
f 4972/412/4 4973/453/4 4932/452/4 4931/411/4
f 5013/413/4 5014/454/4 4973/453/4 4972/412/4
f 5054/414/4 5055/455/4 5014/454/4 5013/413/4
f 5095/415/4 5096/456/4 5055/455/4 5054/414/4
f 5136/416/4 5137/457/4 5096/456/4 5095/415/4
f 5177/417/4 5178/458/4 5137/457/4 5136/416/4
f 5218/418/4 5219/459/4 5178/458/4 5177/417/4
f 5259/419/4 5260/460/4 5219/459/4 5218/418/4
f 5300/420/4 5301/461/4 5260/460/4 5259/419/4
f 5341/421/4 5342/462/4 5301/461/4 5300/420/4
f 5382/422/4 5383/463/4 5342/462/4 5341/421/4
f 5423/423/4 5424/464/4 5383/463/4 5382/422/4
f 5464/424/4 5465/465/4 5424/464/4 5423/423/4
f 5505/425/4 5506/466/4 5465/465/4 5464/424/4
f 5546/426/4 5547/467/4 5506/466/4 5505/425/4
f 5587/427/4 5588/468/4 5547/467/4 5546/426/4
f 5628/428/4 5629/469/4 5588/468/4 5587/427/4
f 5669/429/4 5670/470/4 5629/469/4 5628/428/4
f 5710/430/4 5711/471/4 5670/470/4 5669/429/4
f 5751/431/4 5752/472/4 5711/471/4 5710/430/4
f 5792/432/4 5793/473/4 5752/472/4 5751/431/4
f 5833/433/4 5834/474/4 5793/473/4 5792/432/4
f 5874/434/4 5875/475/4 5834/474/4 5833/433/4
f 5915/435/4 5916/476/4 5875/475/4 5874/434/4
f 5956/436/4 5957/477/4 5916/476/4 5915/435/4
f 5997/437/4 5998/478/4 5957/477/4 5956/436/4
f 6038/438/4 6039/479/4 5998/478/4 5997/437/4
f 6079/439/4 6080/480/4 6039/479/4 6038/438/4
f 6120/440/4 6121/481/4 6080/480/4 6079/439/4
f 6161/441/4 6162/482/4 6121/481/4 6120/440/4
f 6202/442/4 6203/483/4 6162/482/4 6161/441/4
f 6243/443/4 6244/484/4 6203/483/4 6202/442/4
f 6284/444/4 6285/485/4 6244/484/4 6243/443/4
f 6325/445/4 6326/486/4 6285/485/4 6284/444/4
f 6366/446/4 6367/487/4 6326/486/4 6325/445/4
f 6407/447/4 6408/488/4 6367/487/4 6366/446/4
f 6448/448/4 6449/489/4 6408/488/4 6407/447/4
f 6489/449/4 6490/490/4 6449/489/4 6448/448/4
f 6530/450/4 6531/491/4 6490/490/4 6489/449/4
f 11/451/4 12/492/4 6531/491/4 6530/450/4
f 4973/453/4 4974/494/4 4933/493/4 4932/452/4
f 5014/454/4 5015/495/4 4974/494/4 4973/453/4
f 5055/455/4 5056/496/4 5015/495/4 5014/454/4
f 5096/456/4 5097/497/4 5056/496/4 5055/455/4
f 5137/457/4 5138/498/4 5097/497/4 5096/456/4
f 5178/458/4 5179/499/4 5138/498/4 5137/457/4
f 5219/459/4 5220/500/4 5179/499/4 5178/458/4
f 5260/460/4 5261/501/4 5220/500/4 5219/459/4
f 5301/461/4 5302/502/4 5261/501/4 5260/460/4
f 5342/462/4 5343/503/4 5302/502/4 5301/461/4
f 5383/463/4 5384/504/4 5343/503/4 5342/462/4
f 5424/464/4 5425/505/4 5384/504/4 5383/463/4
f 5465/465/4 5466/506/4 5425/505/4 5424/464/4
f 5506/466/4 5507/507/4 5466/506/4 5465/465/4
f 5547/467/4 5548/508/4 5507/507/4 5506/466/4
f 5588/468/4 5589/509/4 5548/508/4 5547/467/4
f 5629/469/4 5630/510/4 5589/509/4 5588/468/4
f 5670/470/4 5671/511/4 5630/510/4 5629/469/4
f 5711/471/4 5712/512/4 5671/511/4 5670/470/4
f 5752/472/4 5753/513/4 5712/512/4 5711/471/4
f 5793/473/4 5794/514/4 5753/513/4 5752/472/4
f 5834/474/4 5835/515/4 5794/514/4 5793/473/4
f 5875/475/4 5876/516/4 5835/515/4 5834/474/4
f 5916/476/4 5917/517/4 5876/516/4 5875/475/4
f 5957/477/4 5958/518/4 5917/517/4 5916/476/4
f 5998/478/4 5999/519/4 5958/518/4 5957/477/4
f 6039/479/4 6040/520/4 5999/519/4 5998/478/4
f 6080/480/4 6081/521/4 6040/520/4 6039/479/4
f 6121/481/4 6122/522/4 6081/521/4 6080/480/4
f 6162/482/4 6163/523/4 6122/522/4 6121/481/4
f 6203/483/4 6204/524/4 6163/523/4 6162/482/4
f 6244/484/4 6245/525/4 6204/524/4 6203/483/4
f 6285/485/4 6286/526/4 6245/525/4 6244/484/4
f 6326/486/4 6327/527/4 6286/526/4 6285/485/4
f 6367/487/4 6368/528/4 6327/527/4 6326/486/4
f 6408/488/4 6409/529/4 6368/528/4 6367/487/4
f 6449/489/4 6450/530/4 6409/529/4 6408/488/4
f 6490/490/4 6491/531/4 6450/530/4 6449/489/4
f 6531/491/4 6532/532/4 6491/531/4 6490/490/4
f 12/492/4 13/533/4 6532/532/4 6531/491/4
f 4974/494/4 4975/535/4 4934/534/4 4933/493/4
f 5015/495/4 5016/536/4 4975/535/4 4974/494/4
f 5056/496/4 5057/537/4 5016/536/4 5015/495/4
f 5097/497/4 5098/538/4 5057/537/4 5056/496/4
f 5138/498/4 5139/539/4 5098/538/4 5097/497/4
f 5179/499/4 5180/540/4 5139/539/4 5138/498/4
f 5220/500/4 5221/541/4 5180/540/4 5179/499/4
f 5261/501/4 5262/542/4 5221/541/4 5220/500/4
f 5302/502/4 5303/543/4 5262/542/4 5261/501/4
f 5343/503/4 5344/544/4 5303/543/4 5302/502/4
f 5384/504/4 5385/545/4 5344/544/4 5343/503/4
f 5425/505/4 5426/546/4 5385/545/4 5384/504/4
f 5466/506/4 5467/547/4 5426/546/4 5425/505/4
f 5507/507/4 5508/548/4 5467/547/4 5466/506/4
f 5548/508/4 5549/549/4 5508/548/4 5507/507/4
f 5589/509/4 5590/550/4 5549/549/4 5548/508/4
f 5630/510/4 5631/551/4 5590/550/4 5589/509/4
f 5671/511/4 5672/552/4 5631/551/4 5630/510/4
f 5712/512/4 5713/553/4 5672/552/4 5671/511/4
f 5753/513/4 5754/554/4 5713/553/4 5712/512/4
f 5794/514/4 5795/555/4 5754/554/4 5753/513/4
f 5835/515/4 5836/556/4 5795/555/4 5794/514/4
f 5876/516/4 5877/557/4 5836/556/4 5835/515/4
f 5917/517/4 5918/558/4 5877/557/4 5876/516/4
f 5958/518/4 5959/559/4 5918/558/4 5917/517/4
f 5999/519/4 6000/560/4 5959/559/4 5958/518/4
f 6040/520/4 6041/561/4 6000/560/4 5999/519/4
f 6081/521/4 6082/562/4 6041/561/4 6040/520/4
f 6122/522/4 6123/563/4 6082/562/4 6081/521/4
f 6163/523/4 6164/564/4 6123/563/4 6122/522/4
f 6204/524/4 6205/565/4 6164/564/4 6163/523/4
f 6245/525/4 6246/566/4 6205/565/4 6204/524/4
f 6286/526/4 6287/567/4 6246/566/4 6245/525/4
f 6327/527/4 6328/568/4 6287/567/4 6286/526/4
f 6368/528/4 6369/569/4 6328/568/4 6327/527/4
f 6409/529/4 6410/570/4 6369/569/4 6368/528/4
f 6450/530/4 6451/571/4 6410/570/4 6409/529/4
f 6491/531/4 6492/572/4 6451/571/4 6450/530/4
f 6532/532/4 6533/573/4 6492/572/4 6491/531/4
f 13/533/4 14/574/4 6533/573/4 6532/532/4
f 4975/535/4 4976/576/4 4935/575/4 4934/534/4
f 5016/536/4 5017/577/4 4976/576/4 4975/535/4
f 5057/537/4 5058/578/4 5017/577/4 5016/536/4
f 5098/538/4 5099/579/4 5058/578/4 5057/537/4
f 5139/539/4 5140/580/4 5099/579/4 5098/538/4
f 5180/540/4 5181/581/4 5140/580/4 5139/539/4
f 5221/541/4 5222/582/4 5181/581/4 5180/540/4
f 5262/542/4 5263/583/4 5222/582/4 5221/541/4
f 5303/543/4 5304/584/4 5263/583/4 5262/542/4
f 5344/544/4 5345/585/4 5304/584/4 5303/543/4
f 5385/545/4 5386/586/4 5345/585/4 5344/544/4
f 5426/546/4 5427/587/4 5386/586/4 5385/545/4
f 5467/547/4 5468/588/4 5427/587/4 5426/546/4
f 5508/548/4 5509/589/4 5468/588/4 5467/547/4
f 5549/549/4 5550/590/4 5509/589/4 5508/548/4
f 5590/550/4 5591/591/4 5550/590/4 5549/549/4
f 5631/551/4 5632/592/4 5591/591/4 5590/550/4
f 5672/552/4 5673/593/4 5632/592/4 5631/551/4
f 5713/553/4 5714/594/4 5673/593/4 5672/552/4
f 5754/554/4 5755/595/4 5714/594/4 5713/553/4
f 5795/555/4 5796/596/4 5755/595/4 5754/554/4
f 5836/556/4 5837/597/4 5796/596/4 5795/555/4
f 5877/557/4 5878/598/4 5837/597/4 5836/556/4
f 5918/558/4 5919/599/4 5878/598/4 5877/557/4
f 5959/559/4 5960/600/4 5919/599/4 5918/558/4
f 6000/560/4 6001/601/4 5960/600/4 5959/559/4
f 6041/561/4 6042/602/4 6001/601/4 6000/560/4
f 6082/562/4 6083/603/4 6042/602/4 6041/561/4
f 6123/563/4 6124/604/4 6083/603/4 6082/562/4
f 6164/564/4 6165/605/4 6124/604/4 6123/563/4
f 6205/565/4 6206/606/4 6165/605/4 6164/564/4
f 6246/566/4 6247/607/4 6206/606/4 6205/565/4
f 6287/567/4 6288/608/4 6247/607/4 6246/566/4
f 6328/568/4 6329/609/4 6288/608/4 6287/567/4
f 6369/569/4 6370/610/4 6329/609/4 6328/568/4
f 6410/570/4 6411/611/4 6370/610/4 6369/569/4
f 6451/571/4 6452/612/4 6411/611/4 6410/570/4
f 6492/572/4 6493/613/4 6452/612/4 6451/571/4
f 6533/573/4 6534/614/4 6493/613/4 6492/572/4
f 14/574/4 15/615/4 6534/614/4 6533/573/4
f 4976/576/4 4977/617/4 4936/616/4 4935/575/4
f 5017/577/4 5018/618/4 4977/617/4 4976/576/4
f 5058/578/4 5059/619/4 5018/618/4 5017/577/4
f 5099/579/4 5100/620/4 5059/619/4 5058/578/4
f 5140/580/4 5141/621/4 5100/620/4 5099/579/4
f 5181/581/4 5182/622/4 5141/621/4 5140/580/4
f 5222/582/4 5223/623/4 5182/622/4 5181/581/4
f 5263/583/4 5264/624/4 5223/623/4 5222/582/4
f 5304/584/4 5305/625/4 5264/624/4 5263/583/4
f 5345/585/4 5346/626/4 5305/625/4 5304/584/4
f 5386/586/4 5387/627/4 5346/626/4 5345/585/4
f 5427/587/4 5428/628/4 5387/627/4 5386/586/4
f 5468/588/4 5469/629/4 5428/628/4 5427/587/4
f 5509/589/4 5510/630/4 5469/629/4 5468/588/4
f 5550/590/4 5551/631/4 5510/630/4 5509/589/4
f 5591/591/4 5592/632/4 5551/631/4 5550/590/4
f 5632/592/4 5633/633/4 5592/632/4 5591/591/4
f 5673/593/4 5674/634/4 5633/633/4 5632/592/4
f 5714/594/4 5715/635/4 5674/634/4 5673/593/4
f 5755/595/4 5756/636/4 5715/635/4 5714/594/4
f 5796/596/4 5797/637/4 5756/636/4 5755/595/4
f 5837/597/4 5838/638/4 5797/637/4 5796/596/4
f 5878/598/4 5879/639/4 5838/638/4 5837/597/4
f 5919/599/4 5920/640/4 5879/639/4 5878/598/4
f 5960/600/4 5961/641/4 5920/640/4 5919/599/4
f 6001/601/4 6002/642/4 5961/641/4 5960/600/4
f 6042/602/4 6043/643/4 6002/642/4 6001/601/4
f 6083/603/4 6084/644/4 6043/643/4 6042/602/4
f 6124/604/4 6125/645/4 6084/644/4 6083/603/4
f 6165/605/4 6166/646/4 6125/645/4 6124/604/4
f 6206/606/4 6207/647/4 6166/646/4 6165/605/4
f 6247/607/4 6248/648/4 6207/647/4 6206/606/4
f 6288/608/4 6289/649/4 6248/648/4 6247/607/4
f 6329/609/4 6330/650/4 6289/649/4 6288/608/4
f 6370/610/4 6371/651/4 6330/650/4 6329/609/4
f 6411/611/4 6412/652/4 6371/651/4 6370/610/4
f 6452/612/4 6453/653/4 6412/652/4 6411/611/4
f 6493/613/4 6494/654/4 6453/653/4 6452/612/4
f 6534/614/4 6535/655/4 6494/654/4 6493/613/4
f 15/615/4 16/656/4 6535/655/4 6534/614/4
f 4977/617/4 4978/658/4 4937/657/4 4936/616/4
f 5018/618/4 5019/659/4 4978/658/4 4977/617/4
f 5059/619/4 5060/660/4 5019/659/4 5018/618/4
f 5100/620/4 5101/661/4 5060/660/4 5059/619/4
f 5141/621/4 5142/662/4 5101/661/4 5100/620/4
f 5182/622/4 5183/663/4 5142/662/4 5141/621/4
f 5223/623/4 5224/664/4 5183/663/4 5182/622/4
f 5264/624/4 5265/665/4 5224/664/4 5223/623/4
f 5305/625/4 5306/666/4 5265/665/4 5264/624/4
f 5346/626/4 5347/667/4 5306/666/4 5305/625/4
f 5387/627/4 5388/668/4 5347/667/4 5346/626/4
f 5428/628/4 5429/669/4 5388/668/4 5387/627/4
f 5469/629/4 5470/670/4 5429/669/4 5428/628/4
f 5510/630/4 5511/671/4 5470/670/4 5469/629/4
f 5551/631/4 5552/672/4 5511/671/4 5510/630/4
f 5592/632/4 5593/673/4 5552/672/4 5551/631/4
f 5633/633/4 5634/674/4 5593/673/4 5592/632/4
f 5674/634/4 5675/675/4 5634/674/4 5633/633/4
f 5715/635/4 5716/676/4 5675/675/4 5674/634/4
f 5756/636/4 5757/677/4 5716/676/4 5715/635/4
f 5797/637/4 5798/678/4 5757/677/4 5756/636/4
f 5838/638/4 5839/679/4 5798/678/4 5797/637/4
f 5879/639/4 5880/680/4 5839/679/4 5838/638/4
f 5920/640/4 5921/681/4 5880/680/4 5879/639/4
f 5961/641/4 5962/682/4 5921/681/4 5920/640/4
f 6002/642/4 6003/683/4 5962/682/4 5961/641/4
f 6043/643/4 6044/684/4 6003/683/4 6002/642/4
f 6084/644/4 6085/685/4 6044/684/4 6043/643/4
f 6125/645/4 6126/686/4 6085/685/4 6084/644/4
f 6166/646/4 6167/687/4 6126/686/4 6125/645/4
f 6207/647/4 6208/688/4 6167/687/4 6166/646/4
f 6248/648/4 6249/689/4 6208/688/4 6207/647/4
f 6289/649/4 6290/690/4 6249/689/4 6248/648/4
f 6330/650/4 6331/691/4 6290/690/4 6289/649/4
f 6371/651/4 6372/692/4 6331/691/4 6330/650/4
f 6412/652/4 6413/693/4 6372/692/4 6371/651/4
f 6453/653/4 6454/694/4 6413/693/4 6412/652/4
f 6494/654/4 6495/695/4 6454/694/4 6453/653/4
f 6535/655/4 6536/696/4 6495/695/4 6494/654/4
f 16/656/4 17/697/4 6536/696/4 6535/655/4
f 4978/658/4 4979/699/4 4938/698/4 4937/657/4
f 5019/659/4 5020/700/4 4979/699/4 4978/658/4
f 5060/660/4 5061/701/4 5020/700/4 5019/659/4
f 5101/661/4 5102/702/4 5061/701/4 5060/660/4
f 5142/662/4 5143/703/4 5102/702/4 5101/661/4
f 5183/663/4 5184/704/4 5143/703/4 5142/662/4
f 5224/664/4 5225/705/4 5184/704/4 5183/663/4
f 5265/665/4 5266/706/4 5225/705/4 5224/664/4
f 5306/666/4 5307/707/4 5266/706/4 5265/665/4
f 5347/667/4 5348/708/4 5307/707/4 5306/666/4
f 5388/668/4 5389/709/4 5348/708/4 5347/667/4
f 5429/669/4 5430/710/4 5389/709/4 5388/668/4
f 5470/670/4 5471/711/4 5430/710/4 5429/669/4
f 5511/671/4 5512/712/4 5471/711/4 5470/670/4
f 5552/672/4 5553/713/4 5512/712/4 5511/671/4
f 5593/673/4 5594/714/4 5553/713/4 5552/672/4
f 5634/674/4 5635/715/4 5594/714/4 5593/673/4
f 5675/675/4 5676/716/4 5635/715/4 5634/674/4
f 5716/676/4 5717/717/4 5676/716/4 5675/675/4
f 5757/677/4 5758/718/4 5717/717/4 5716/676/4
f 5798/678/4 5799/719/4 5758/718/4 5757/677/4
f 5839/679/4 5840/720/4 5799/719/4 5798/678/4
f 5880/680/4 5881/721/4 5840/720/4 5839/679/4
f 5921/681/4 5922/722/4 5881/721/4 5880/680/4
f 5962/682/4 5963/723/4 5922/722/4 5921/681/4
f 6003/683/4 6004/724/4 5963/723/4 5962/682/4
f 6044/684/4 6045/725/4 6004/724/4 6003/683/4
f 6085/685/4 6086/726/4 6045/725/4 6044/684/4
f 6126/686/4 6127/727/4 6086/726/4 6085/685/4
f 6167/687/4 6168/728/4 6127/727/4 6126/686/4
f 6208/688/4 6209/729/4 6168/728/4 6167/687/4
f 6249/689/4 6250/730/4 6209/729/4 6208/688/4
f 6290/690/4 6291/731/4 6250/730/4 6249/689/4
f 6331/691/4 6332/732/4 6291/731/4 6290/690/4
f 6372/692/4 6373/733/4 6332/732/4 6331/691/4
f 6413/693/4 6414/734/4 6373/733/4 6372/692/4
f 6454/694/4 6455/735/4 6414/734/4 6413/693/4
f 6495/695/4 6496/736/4 6455/735/4 6454/694/4
f 6536/696/4 6537/737/4 6496/736/4 6495/695/4
f 17/697/4 18/738/4 6537/737/4 6536/696/4
f 4979/699/4 4980/740/4 4939/739/4 4938/698/4
f 5020/700/4 5021/741/4 4980/740/4 4979/699/4
f 5061/701/4 5062/742/4 5021/741/4 5020/700/4
f 5102/702/4 5103/743/4 5062/742/4 5061/701/4
f 5143/703/4 5144/744/4 5103/743/4 5102/702/4
f 5184/704/4 5185/745/4 5144/744/4 5143/703/4
f 5225/705/4 5226/746/4 5185/745/4 5184/704/4
f 5266/706/4 5267/747/4 5226/746/4 5225/705/4
f 5307/707/4 5308/748/4 5267/747/4 5266/706/4
f 5348/708/4 5349/749/4 5308/748/4 5307/707/4
f 5389/709/4 5390/750/4 5349/749/4 5348/708/4
f 5430/710/4 5431/751/4 5390/750/4 5389/709/4
f 5471/711/4 5472/752/4 5431/751/4 5430/710/4
f 5512/712/4 5513/753/4 5472/752/4 5471/711/4
f 5553/713/4 5554/754/4 5513/753/4 5512/712/4
f 5594/714/4 5595/755/4 5554/754/4 5553/713/4
f 5635/715/4 5636/756/4 5595/755/4 5594/714/4
f 5676/716/4 5677/757/4 5636/756/4 5635/715/4
f 5717/717/4 5718/758/4 5677/757/4 5676/716/4
f 5758/718/4 5759/759/4 5718/758/4 5717/717/4
f 5799/719/4 5800/760/4 5759/759/4 5758/718/4
f 5840/720/4 5841/761/4 5800/760/4 5799/719/4
f 5881/721/4 5882/762/4 5841/761/4 5840/720/4
f 5922/722/4 5923/763/4 5882/762/4 5881/721/4
f 5963/723/4 5964/764/4 5923/763/4 5922/722/4
f 6004/724/4 6005/765/4 5964/764/4 5963/723/4
f 6045/725/4 6046/766/4 6005/765/4 6004/724/4
f 6086/726/4 6087/767/4 6046/766/4 6045/725/4
f 6127/727/4 6128/768/4 6087/767/4 6086/726/4
f 6168/728/4 6169/769/4 6128/768/4 6127/727/4
f 6209/729/4 6210/770/4 6169/769/4 6168/728/4
f 6250/730/4 6251/771/4 6210/770/4 6209/729/4
f 6291/731/4 6292/772/4 6251/771/4 6250/730/4
f 6332/732/4 6333/773/4 6292/772/4 6291/731/4
f 6373/733/4 6374/774/4 6333/773/4 6332/732/4
f 6414/734/4 6415/775/4 6374/774/4 6373/733/4
f 6455/735/4 6456/776/4 6415/775/4 6414/734/4
f 6496/736/4 6497/777/4 6456/776/4 6455/735/4
f 6537/737/4 6538/778/4 6497/777/4 6496/736/4
f 18/738/4 19/779/4 6538/778/4 6537/737/4
f 4980/740/4 4981/781/4 4940/780/4 4939/739/4
f 5021/741/4 5022/782/4 4981/781/4 4980/740/4
f 5062/742/4 5063/783/4 5022/782/4 5021/741/4
f 5103/743/4 5104/784/4 5063/783/4 5062/742/4
f 5144/744/4 5145/785/4 5104/784/4 5103/743/4
f 5185/745/4 5186/786/4 5145/785/4 5144/744/4
f 5226/746/4 5227/787/4 5186/786/4 5185/745/4
f 5267/747/4 5268/788/4 5227/787/4 5226/746/4
f 5308/748/4 5309/789/4 5268/788/4 5267/747/4
f 5349/749/4 5350/790/4 5309/789/4 5308/748/4
f 5390/750/4 5391/791/4 5350/790/4 5349/749/4
f 5431/751/4 5432/792/4 5391/791/4 5390/750/4
f 5472/752/4 5473/793/4 5432/792/4 5431/751/4
f 5513/753/4 5514/794/4 5473/793/4 5472/752/4
f 5554/754/4 5555/795/4 5514/794/4 5513/753/4
f 5595/755/4 5596/796/4 5555/795/4 5554/754/4
f 5636/756/4 5637/797/4 5596/796/4 5595/755/4
f 5677/757/4 5678/798/4 5637/797/4 5636/756/4
f 5718/758/4 5719/799/4 5678/798/4 5677/757/4
f 5759/759/4 5760/800/4 5719/799/4 5718/758/4
f 5800/760/4 5801/801/4 5760/800/4 5759/759/4
f 5841/761/4 5842/802/4 5801/801/4 5800/760/4
f 5882/762/4 5883/803/4 5842/802/4 5841/761/4
f 5923/763/4 5924/804/4 5883/803/4 5882/762/4
f 5964/764/4 5965/805/4 5924/804/4 5923/763/4
f 6005/765/4 6006/806/4 5965/805/4 5964/764/4
f 6046/766/4 6047/807/4 6006/806/4 6005/765/4
f 6087/767/4 6088/808/4 6047/807/4 6046/766/4
f 6128/768/4 6129/809/4 6088/808/4 6087/767/4
f 6169/769/4 6170/810/4 6129/809/4 6128/768/4
f 6210/770/4 6211/811/4 6170/810/4 6169/769/4
f 6251/771/4 6252/812/4 6211/811/4 6210/770/4
f 6292/772/4 6293/813/4 6252/812/4 6251/771/4
f 6333/773/4 6334/814/4 6293/813/4 6292/772/4
f 6374/774/4 6375/815/4 6334/814/4 6333/773/4
f 6415/775/4 6416/816/4 6375/815/4 6374/774/4
f 6456/776/4 6457/817/4 6416/816/4 6415/775/4
f 6497/777/4 6498/818/4 6457/817/4 6456/776/4
f 6538/778/4 6539/819/4 6498/818/4 6497/777/4
f 19/779/4 20/820/4 6539/819/4 6538/778/4
f 4981/781/4 4982/822/4 4941/821/4 4940/780/4
f 5022/782/4 5023/823/4 4982/822/4 4981/781/4
f 5063/783/4 5064/824/4 5023/823/4 5022/782/4
f 5104/784/4 5105/825/4 5064/824/4 5063/783/4
f 5145/785/4 5146/826/4 5105/825/4 5104/784/4
f 5186/786/4 5187/827/4 5146/826/4 5145/785/4
f 5227/787/4 5228/828/4 5187/827/4 5186/786/4
f 5268/788/4 5269/829/4 5228/828/4 5227/787/4
f 5309/789/4 5310/830/4 5269/829/4 5268/788/4
f 5350/790/4 5351/831/4 5310/830/4 5309/789/4
f 5391/791/4 5392/832/4 5351/831/4 5350/790/4
f 5432/792/4 5433/833/4 5392/832/4 5391/791/4
f 5473/793/4 5474/834/4 5433/833/4 5432/792/4
f 5514/794/4 5515/835/4 5474/834/4 5473/793/4
f 5555/795/4 5556/836/4 5515/835/4 5514/794/4
f 5596/796/4 5597/837/4 5556/836/4 5555/795/4
f 5637/797/4 5638/838/4 5597/837/4 5596/796/4
f 5678/798/4 5679/839/4 5638/838/4 5637/797/4
f 5719/799/4 5720/840/4 5679/839/4 5678/798/4
f 5760/800/4 5761/841/4 5720/840/4 5719/799/4
f 5801/801/4 5802/842/4 5761/841/4 5760/800/4
f 5842/802/4 5843/843/4 5802/842/4 5801/801/4
f 5883/803/4 5884/844/4 5843/843/4 5842/802/4
f 5924/804/4 5925/845/4 5884/844/4 5883/803/4
f 5965/805/4 5966/846/4 5925/845/4 5924/804/4
f 6006/806/4 6007/847/4 5966/846/4 5965/805/4
f 6047/807/4 6048/848/4 6007/847/4 6006/806/4
f 6088/808/4 6089/849/4 6048/848/4 6047/807/4
f 6129/809/4 6130/850/4 6089/849/4 6088/808/4
f 6170/810/4 6171/851/4 6130/850/4 6129/809/4
f 6211/811/4 6212/852/4 6171/851/4 6170/810/4
f 6252/812/4 6253/853/4 6212/852/4 6211/811/4
f 6293/813/4 6294/854/4 6253/853/4 6252/812/4
f 6334/814/4 6335/855/4 6294/854/4 6293/813/4
f 6375/815/4 6376/856/4 6335/855/4 6334/814/4
f 6416/816/4 6417/857/4 6376/856/4 6375/815/4
f 6457/817/4 6458/858/4 6417/857/4 6416/816/4
f 6498/818/4 6499/859/4 6458/858/4 6457/817/4
f 6539/819/4 6540/860/4 6499/859/4 6498/818/4
f 20/820/4 21/861/4 6540/860/4 6539/819/4
f 4982/822/4 4983/863/4 4942/862/4 4941/821/4
f 5023/823/4 5024/864/4 4983/863/4 4982/822/4
f 5064/824/4 5065/865/4 5024/864/4 5023/823/4
f 5105/825/4 5106/866/4 5065/865/4 5064/824/4
f 5146/826/4 5147/867/4 5106/866/4 5105/825/4
f 5187/827/4 5188/868/4 5147/867/4 5146/826/4
f 5228/828/4 5229/869/4 5188/868/4 5187/827/4
f 5269/829/4 5270/870/4 5229/869/4 5228/828/4
f 5310/830/4 5311/871/4 5270/870/4 5269/829/4
f 5351/831/4 5352/872/4 5311/871/4 5310/830/4
f 5392/832/4 5393/873/4 5352/872/4 5351/831/4
f 5433/833/4 5434/874/4 5393/873/4 5392/832/4
f 5474/834/4 5475/875/4 5434/874/4 5433/833/4
f 5515/835/4 5516/876/4 5475/875/4 5474/834/4
f 5556/836/4 5557/877/4 5516/876/4 5515/835/4
f 5597/837/4 5598/878/4 5557/877/4 5556/836/4
f 5638/838/4 5639/879/4 5598/878/4 5597/837/4
f 5679/839/4 5680/880/4 5639/879/4 5638/838/4
f 5720/840/4 5721/881/4 5680/880/4 5679/839/4
f 5761/841/4 5762/882/4 5721/881/4 5720/840/4
f 5802/842/4 5803/883/4 5762/882/4 5761/841/4
f 5843/843/4 5844/884/4 5803/883/4 5802/842/4
f 5884/844/4 5885/885/4 5844/884/4 5843/843/4
f 5925/845/4 5926/886/4 5885/885/4 5884/844/4
f 5966/846/4 5967/887/4 5926/886/4 5925/845/4
f 6007/847/4 6008/888/4 5967/887/4 5966/846/4
f 6048/848/4 6049/889/4 6008/888/4 6007/847/4
f 6089/849/4 6090/890/4 6049/889/4 6048/848/4
f 6130/850/4 6131/891/4 6090/890/4 6089/849/4
f 6171/851/4 6172/892/4 6131/891/4 6130/850/4
f 6212/852/4 6213/893/4 6172/892/4 6171/851/4
f 6253/853/4 6254/894/4 6213/893/4 6212/852/4
f 6294/854/4 6295/895/4 6254/894/4 6253/853/4
f 6335/855/4 6336/896/4 6295/895/4 6294/854/4
f 6376/856/4 6377/897/4 6336/896/4 6335/855/4
f 6417/857/4 6418/898/4 6377/897/4 6376/856/4
f 6458/858/4 6459/899/4 6418/898/4 6417/857/4
f 6499/859/4 6500/900/4 6459/899/4 6458/858/4
f 6540/860/4 6541/901/4 6500/900/4 6499/859/4
f 21/861/4 22/902/4 6541/901/4 6540/860/4
f 4983/863/4 4984/904/4 4943/903/4 4942/862/4
f 5024/864/4 5025/905/4 4984/904/4 4983/863/4
f 5065/865/4 5066/906/4 5025/905/4 5024/864/4
f 5106/866/4 5107/907/4 5066/906/4 5065/865/4
f 5147/867/4 5148/908/4 5107/907/4 5106/866/4
f 5188/868/4 5189/909/4 5148/908/4 5147/867/4
f 5229/869/4 5230/910/4 5189/909/4 5188/868/4
f 5270/870/4 5271/911/4 5230/910/4 5229/869/4
f 5311/871/4 5312/912/4 5271/911/4 5270/870/4
f 5352/872/4 5353/913/4 5312/912/4 5311/871/4
f 5393/873/4 5394/914/4 5353/913/4 5352/872/4
f 5434/874/4 5435/915/4 5394/914/4 5393/873/4
f 5475/875/4 5476/916/4 5435/915/4 5434/874/4
f 5516/876/4 5517/917/4 5476/916/4 5475/875/4
f 5557/877/4 5558/918/4 5517/917/4 5516/876/4
f 5598/878/4 5599/919/4 5558/918/4 5557/877/4
f 5639/879/4 5640/920/4 5599/919/4 5598/878/4
f 5680/880/4 5681/921/4 5640/920/4 5639/879/4
f 5721/881/4 5722/922/4 5681/921/4 5680/880/4
f 5762/882/4 5763/923/4 5722/922/4 5721/881/4
f 5803/883/4 5804/924/4 5763/923/4 5762/882/4
f 5844/884/4 5845/925/4 5804/924/4 5803/883/4
f 5885/885/4 5886/926/4 5845/925/4 5844/884/4
f 5926/886/4 5927/927/4 5886/926/4 5885/885/4
f 5967/887/4 5968/928/4 5927/927/4 5926/886/4
f 6008/888/4 6009/929/4 5968/928/4 5967/887/4
f 6049/889/4 6050/930/4 6009/929/4 6008/888/4
f 6090/890/4 6091/931/4 6050/930/4 6049/889/4
f 6131/891/4 6132/932/4 6091/931/4 6090/890/4
f 6172/892/4 6173/933/4 6132/932/4 6131/891/4
f 6213/893/4 6214/934/4 6173/933/4 6172/892/4
f 6254/894/4 6255/935/4 6214/934/4 6213/893/4
f 6295/895/4 6296/936/4 6255/935/4 6254/894/4
f 6336/896/4 6337/937/4 6296/936/4 6295/895/4
f 6377/897/4 6378/938/4 6337/937/4 6336/896/4
f 6418/898/4 6419/939/4 6378/938/4 6377/897/4
f 6459/899/4 6460/940/4 6419/939/4 6418/898/4
f 6500/900/4 6501/941/4 6460/940/4 6459/899/4
f 6541/901/4 6542/942/4 6501/941/4 6500/900/4
f 22/902/4 23/943/4 6542/942/4 6541/901/4
f 4984/904/4 4985/945/4 4944/944/4 4943/903/4
f 5025/905/4 5026/946/4 4985/945/4 4984/904/4
f 5066/906/4 5067/947/4 5026/946/4 5025/905/4
f 5107/907/4 5108/948/4 5067/947/4 5066/906/4
f 5148/908/4 5149/949/4 5108/948/4 5107/907/4
f 5189/909/4 5190/950/4 5149/949/4 5148/908/4
f 5230/910/4 5231/951/4 5190/950/4 5189/909/4
f 5271/911/4 5272/952/4 5231/951/4 5230/910/4
f 5312/912/4 5313/953/4 5272/952/4 5271/911/4
f 5353/913/4 5354/954/4 5313/953/4 5312/912/4
f 5394/914/4 5395/955/4 5354/954/4 5353/913/4
f 5435/915/4 5436/956/4 5395/955/4 5394/914/4
f 5476/916/4 5477/957/4 5436/956/4 5435/915/4
f 5517/917/4 5518/958/4 5477/957/4 5476/916/4
f 5558/918/4 5559/959/4 5518/958/4 5517/917/4
f 5599/919/4 5600/960/4 5559/959/4 5558/918/4
f 5640/920/4 5641/961/4 5600/960/4 5599/919/4
f 5681/921/4 5682/962/4 5641/961/4 5640/920/4
f 5722/922/4 5723/963/4 5682/962/4 5681/921/4
f 5763/923/4 5764/964/4 5723/963/4 5722/922/4
f 5804/924/4 5805/965/4 5764/964/4 5763/923/4
f 5845/925/4 5846/966/4 5805/965/4 5804/924/4
f 5886/926/4 5887/967/4 5846/966/4 5845/925/4
f 5927/927/4 5928/968/4 5887/967/4 5886/926/4
f 5968/928/4 5969/969/4 5928/968/4 5927/927/4
f 6009/929/4 6010/970/4 5969/969/4 5968/928/4
f 6050/930/4 6051/971/4 6010/970/4 6009/929/4
f 6091/931/4 6092/972/4 6051/971/4 6050/930/4
f 6132/932/4 6133/973/4 6092/972/4 6091/931/4
f 6173/933/4 6174/974/4 6133/973/4 6132/932/4
f 6214/934/4 6215/975/4 6174/974/4 6173/933/4
f 6255/935/4 6256/976/4 6215/975/4 6214/934/4
f 6296/936/4 6297/977/4 6256/976/4 6255/935/4
f 6337/937/4 6338/978/4 6297/977/4 6296/936/4
f 6378/938/4 6379/979/4 6338/978/4 6337/937/4
f 6419/939/4 6420/980/4 6379/979/4 6378/938/4
f 6460/940/4 6461/981/4 6420/980/4 6419/939/4
f 6501/941/4 6502/982/4 6461/981/4 6460/940/4
f 6542/942/4 6543/983/4 6502/982/4 6501/941/4
f 23/943/4 24/984/4 6543/983/4 6542/942/4
f 4985/945/4 4986/986/4 4945/985/4 4944/944/4
f 5026/946/4 5027/987/4 4986/986/4 4985/945/4
f 5067/947/4 5068/988/4 5027/987/4 5026/946/4
f 5108/948/4 5109/989/4 5068/988/4 5067/947/4
f 5149/949/4 5150/990/4 5109/989/4 5108/948/4
f 5190/950/4 5191/991/4 5150/990/4 5149/949/4
f 5231/951/4 5232/992/4 5191/991/4 5190/950/4
f 5272/952/4 5273/993/4 5232/992/4 5231/951/4
f 5313/953/4 5314/994/4 5273/993/4 5272/952/4
f 5354/954/4 5355/995/4 5314/994/4 5313/953/4
f 5395/955/4 5396/996/4 5355/995/4 5354/954/4
f 5436/956/4 5437/997/4 5396/996/4 5395/955/4
f 5477/957/4 5478/998/4 5437/997/4 5436/956/4
f 5518/958/4 5519/999/4 5478/998/4 5477/957/4
f 5559/959/4 5560/1000/4 5519/999/4 5518/958/4
f 5600/960/4 5601/1001/4 5560/1000/4 5559/959/4
f 5641/961/4 5642/1002/4 5601/1001/4 5600/960/4
f 5682/962/4 5683/1003/4 5642/1002/4 5641/961/4
f 5723/963/4 5724/1004/4 5683/1003/4 5682/962/4
f 5764/964/4 5765/1005/4 5724/1004/4 5723/963/4
f 5805/965/4 5806/1006/4 5765/1005/4 5764/964/4
f 5846/966/4 5847/1007/4 5806/1006/4 5805/965/4
f 5887/967/4 5888/1008/4 5847/1007/4 5846/966/4
f 5928/968/4 5929/1009/4 5888/1008/4 5887/967/4
f 5969/969/4 5970/1010/4 5929/1009/4 5928/968/4
f 6010/970/4 6011/1011/4 5970/1010/4 5969/969/4
f 6051/971/4 6052/1012/4 6011/1011/4 6010/970/4
f 6092/972/4 6093/1013/4 6052/1012/4 6051/971/4
f 6133/973/4 6134/1014/4 6093/1013/4 6092/972/4
f 6174/974/4 6175/1015/4 6134/1014/4 6133/973/4
f 6215/975/4 6216/1016/4 6175/1015/4 6174/974/4
f 6256/976/4 6257/1017/4 6216/1016/4 6215/975/4
f 6297/977/4 6298/1018/4 6257/1017/4 6256/976/4
f 6338/978/4 6339/1019/4 6298/1018/4 6297/977/4
f 6379/979/4 6380/1020/4 6339/1019/4 6338/978/4
f 6420/980/4 6421/1021/4 6380/1020/4 6379/979/4
f 6461/981/4 6462/1022/4 6421/1021/4 6420/980/4
f 6502/982/4 6503/1023/4 6462/1022/4 6461/981/4
f 6543/983/4 6544/1024/4 6503/1023/4 6502/982/4
f 24/984/4 25/1025/4 6544/1024/4 6543/983/4
f 4986/986/4 4987/1027/4 4946/1026/4 4945/985/4
f 5027/987/4 5028/1028/4 4987/1027/4 4986/986/4
f 5068/988/4 5069/1029/4 5028/1028/4 5027/987/4
f 5109/989/4 5110/1030/4 5069/1029/4 5068/988/4
f 5150/990/4 5151/1031/4 5110/1030/4 5109/989/4
f 5191/991/4 5192/1032/4 5151/1031/4 5150/990/4
f 5232/992/4 5233/1033/4 5192/1032/4 5191/991/4
f 5273/993/4 5274/1034/4 5233/1033/4 5232/992/4
f 5314/994/4 5315/1035/4 5274/1034/4 5273/993/4
f 5355/995/4 5356/1036/4 5315/1035/4 5314/994/4
f 5396/996/4 5397/1037/4 5356/1036/4 5355/995/4
f 5437/997/4 5438/1038/4 5397/1037/4 5396/996/4
f 5478/998/4 5479/1039/4 5438/1038/4 5437/997/4
f 5519/999/4 5520/1040/4 5479/1039/4 5478/998/4
f 5560/1000/4 5561/1041/4 5520/1040/4 5519/999/4
f 5601/1001/4 5602/1042/4 5561/1041/4 5560/1000/4
f 5642/1002/4 5643/1043/4 5602/1042/4 5601/1001/4
f 5683/1003/4 5684/1044/4 5643/1043/4 5642/1002/4
f 5724/1004/4 5725/1045/4 5684/1044/4 5683/1003/4
f 5765/1005/4 5766/1046/4 5725/1045/4 5724/1004/4
f 5806/1006/4 5807/1047/4 5766/1046/4 5765/1005/4
f 5847/1007/4 5848/1048/4 5807/1047/4 5806/1006/4
f 5888/1008/4 5889/1049/4 5848/1048/4 5847/1007/4
f 5929/1009/4 5930/1050/4 5889/1049/4 5888/1008/4
f 5970/1010/4 5971/1051/4 5930/1050/4 5929/1009/4
f 6011/1011/4 6012/1052/4 5971/1051/4 5970/1010/4
f 6052/1012/4 6053/1053/4 6012/1052/4 6011/1011/4
f 6093/1013/4 6094/1054/4 6053/1053/4 6052/1012/4
f 6134/1014/4 6135/1055/4 6094/1054/4 6093/1013/4
f 6175/1015/4 6176/1056/4 6135/1055/4 6134/1014/4
f 6216/1016/4 6217/1057/4 6176/1056/4 6175/1015/4
f 6257/1017/4 6258/1058/4 6217/1057/4 6216/1016/4
f 6298/1018/4 6299/1059/4 6258/1058/4 6257/1017/4
f 6339/1019/4 6340/1060/4 6299/1059/4 6298/1018/4
f 6380/1020/4 6381/1061/4 6340/1060/4 6339/1019/4
f 6421/1021/4 6422/1062/4 6381/1061/4 6380/1020/4
f 6462/1022/4 6463/1063/4 6422/1062/4 6421/1021/4
f 6503/1023/4 6504/1064/4 6463/1063/4 6462/1022/4
f 6544/1024/4 6545/1065/4 6504/1064/4 6503/1023/4
f 25/1025/4 26/1066/4 6545/1065/4 6544/1024/4
f 4987/1027/4 4988/1068/4 4947/1067/4 4946/1026/4
f 5028/1028/4 5029/1069/4 4988/1068/4 4987/1027/4
f 5069/1029/4 5070/1070/4 5029/1069/4 5028/1028/4
f 5110/1030/4 5111/1071/4 5070/1070/4 5069/1029/4
f 5151/1031/4 5152/1072/4 5111/1071/4 5110/1030/4
f 5192/1032/4 5193/1073/4 5152/1072/4 5151/1031/4
f 5233/1033/4 5234/1074/4 5193/1073/4 5192/1032/4
f 5274/1034/4 5275/1075/4 5234/1074/4 5233/1033/4
f 5315/1035/4 5316/1076/4 5275/1075/4 5274/1034/4
f 5356/1036/4 5357/1077/4 5316/1076/4 5315/1035/4
f 5397/1037/4 5398/1078/4 5357/1077/4 5356/1036/4
f 5438/1038/4 5439/1079/4 5398/1078/4 5397/1037/4
f 5479/1039/4 5480/1080/4 5439/1079/4 5438/1038/4
f 5520/1040/4 5521/1081/4 5480/1080/4 5479/1039/4
f 5561/1041/4 5562/1082/4 5521/1081/4 5520/1040/4
f 5602/1042/4 5603/1083/4 5562/1082/4 5561/1041/4
f 5643/1043/4 5644/1084/4 5603/1083/4 5602/1042/4
f 5684/1044/4 5685/1085/4 5644/1084/4 5643/1043/4
f 5725/1045/4 5726/1086/4 5685/1085/4 5684/1044/4
f 5766/1046/4 5767/1087/4 5726/1086/4 5725/1045/4
f 5807/1047/4 5808/1088/4 5767/1087/4 5766/1046/4
f 5848/1048/4 5849/1089/4 5808/1088/4 5807/1047/4
f 5889/1049/4 5890/1090/4 5849/1089/4 5848/1048/4
f 5930/1050/4 5931/1091/4 5890/1090/4 5889/1049/4
f 5971/1051/4 5972/1092/4 5931/1091/4 5930/1050/4
f 6012/1052/4 6013/1093/4 5972/1092/4 5971/1051/4
f 6053/1053/4 6054/1094/4 6013/1093/4 6012/1052/4
f 6094/1054/4 6095/1095/4 6054/1094/4 6053/1053/4
f 6135/1055/4 6136/1096/4 6095/1095/4 6094/1054/4
f 6176/1056/4 6177/1097/4 6136/1096/4 6135/1055/4
f 6217/1057/4 6218/1098/4 6177/1097/4 6176/1056/4
f 6258/1058/4 6259/1099/4 6218/1098/4 6217/1057/4
f 6299/1059/4 6300/1100/4 6259/1099/4 6258/1058/4
f 6340/1060/4 6341/1101/4 6300/1100/4 6299/1059/4
f 6381/1061/4 6382/1102/4 6341/1101/4 6340/1060/4
f 6422/1062/4 6423/1103/4 6382/1102/4 6381/1061/4
f 6463/1063/4 6464/1104/4 6423/1103/4 6422/1062/4
f 6504/1064/4 6505/1105/4 6464/1104/4 6463/1063/4
f 6545/1065/4 6546/1106/4 6505/1105/4 6504/1064/4
f 26/1066/4 27/1107/4 6546/1106/4 6545/1065/4
f 4988/1068/4 4989/1109/4 4948/1108/4 4947/1067/4
f 5029/1069/4 5030/1110/4 4989/1109/4 4988/1068/4
f 5070/1070/4 5071/1111/4 5030/1110/4 5029/1069/4
f 5111/1071/4 5112/1112/4 5071/1111/4 5070/1070/4
f 5152/1072/4 5153/1113/4 5112/1112/4 5111/1071/4
f 5193/1073/4 5194/1114/4 5153/1113/4 5152/1072/4
f 5234/1074/4 5235/1115/4 5194/1114/4 5193/1073/4
f 5275/1075/4 5276/1116/4 5235/1115/4 5234/1074/4
f 5316/1076/4 5317/1117/4 5276/1116/4 5275/1075/4
f 5357/1077/4 5358/1118/4 5317/1117/4 5316/1076/4
f 5398/1078/4 5399/1119/4 5358/1118/4 5357/1077/4
f 5439/1079/4 5440/1120/4 5399/1119/4 5398/1078/4
f 5480/1080/4 5481/1121/4 5440/1120/4 5439/1079/4
f 5521/1081/4 5522/1122/4 5481/1121/4 5480/1080/4
f 5562/1082/4 5563/1123/4 5522/1122/4 5521/1081/4
f 5603/1083/4 5604/1124/4 5563/1123/4 5562/1082/4
f 5644/1084/4 5645/1125/4 5604/1124/4 5603/1083/4
f 5685/1085/4 5686/1126/4 5645/1125/4 5644/1084/4
f 5726/1086/4 5727/1127/4 5686/1126/4 5685/1085/4
f 5767/1087/4 5768/1128/4 5727/1127/4 5726/1086/4
f 5808/1088/4 5809/1129/4 5768/1128/4 5767/1087/4
f 5849/1089/4 5850/1130/4 5809/1129/4 5808/1088/4
f 5890/1090/4 5891/1131/4 5850/1130/4 5849/1089/4
f 5931/1091/4 5932/1132/4 5891/1131/4 5890/1090/4
f 5972/1092/4 5973/1133/4 5932/1132/4 5931/1091/4
f 6013/1093/4 6014/1134/4 5973/1133/4 5972/1092/4
f 6054/1094/4 6055/1135/4 6014/1134/4 6013/1093/4
f 6095/1095/4 6096/1136/4 6055/1135/4 6054/1094/4
f 6136/1096/4 6137/1137/4 6096/1136/4 6095/1095/4
f 6177/1097/4 6178/1138/4 6137/1137/4 6136/1096/4
f 6218/1098/4 6219/1139/4 6178/1138/4 6177/1097/4
f 6259/1099/4 6260/1140/4 6219/1139/4 6218/1098/4
f 6300/1100/4 6301/1141/4 6260/1140/4 6259/1099/4
f 6341/1101/4 6342/1142/4 6301/1141/4 6300/1100/4
f 6382/1102/4 6383/1143/4 6342/1142/4 6341/1101/4
f 6423/1103/4 6424/1144/4 6383/1143/4 6382/1102/4
f 6464/1104/4 6465/1145/4 6424/1144/4 6423/1103/4
f 6505/1105/4 6506/1146/4 6465/1145/4 6464/1104/4
f 6546/1106/4 6547/1147/4 6506/1146/4 6505/1105/4
f 27/1107/4 28/1148/4 6547/1147/4 6546/1106/4
f 4989/1109/4 4990/1150/4 4949/1149/4 4948/1108/4
f 5030/1110/4 5031/1151/4 4990/1150/4 4989/1109/4
f 5071/1111/4 5072/1152/4 5031/1151/4 5030/1110/4
f 5112/1112/4 5113/1153/4 5072/1152/4 5071/1111/4
f 5153/1113/4 5154/1154/4 5113/1153/4 5112/1112/4
f 5194/1114/4 5195/1155/4 5154/1154/4 5153/1113/4
f 5235/1115/4 5236/1156/4 5195/1155/4 5194/1114/4
f 5276/1116/4 5277/1157/4 5236/1156/4 5235/1115/4
f 5317/1117/4 5318/1158/4 5277/1157/4 5276/1116/4
f 5358/1118/4 5359/1159/4 5318/1158/4 5317/1117/4
f 5399/1119/4 5400/1160/4 5359/1159/4 5358/1118/4
f 5440/1120/4 5441/1161/4 5400/1160/4 5399/1119/4
f 5481/1121/4 5482/1162/4 5441/1161/4 5440/1120/4
f 5522/1122/4 5523/1163/4 5482/1162/4 5481/1121/4
f 5563/1123/4 5564/1164/4 5523/1163/4 5522/1122/4
f 5604/1124/4 5605/1165/4 5564/1164/4 5563/1123/4
f 5645/1125/4 5646/1166/4 5605/1165/4 5604/1124/4
f 5686/1126/4 5687/1167/4 5646/1166/4 5645/1125/4
f 5727/1127/4 5728/1168/4 5687/1167/4 5686/1126/4
f 5768/1128/4 5769/1169/4 5728/1168/4 5727/1127/4
f 5809/1129/4 5810/1170/4 5769/1169/4 5768/1128/4
f 5850/1130/4 5851/1171/4 5810/1170/4 5809/1129/4
f 5891/1131/4 5892/1172/4 5851/1171/4 5850/1130/4
f 5932/1132/4 5933/1173/4 5892/1172/4 5891/1131/4
f 5973/1133/4 5974/1174/4 5933/1173/4 5932/1132/4
f 6014/1134/4 6015/1175/4 5974/1174/4 5973/1133/4
f 6055/1135/4 6056/1176/4 6015/1175/4 6014/1134/4
f 6096/1136/4 6097/1177/4 6056/1176/4 6055/1135/4
f 6137/1137/4 6138/1178/4 6097/1177/4 6096/1136/4
f 6178/1138/4 6179/1179/4 6138/1178/4 6137/1137/4
f 6219/1139/4 6220/1180/4 6179/1179/4 6178/1138/4
f 6260/1140/4 6261/1181/4 6220/1180/4 6219/1139/4
f 6301/1141/4 6302/1182/4 6261/1181/4 6260/1140/4
f 6342/1142/4 6343/1183/4 6302/1182/4 6301/1141/4
f 6383/1143/4 6384/1184/4 6343/1183/4 6342/1142/4
f 6424/1144/4 6425/1185/4 6384/1184/4 6383/1143/4
f 6465/1145/4 6466/1186/4 6425/1185/4 6424/1144/4
f 6506/1146/4 6507/1187/4 6466/1186/4 6465/1145/4
f 6547/1147/4 6548/1188/4 6507/1187/4 6506/1146/4
f 28/1148/4 29/1189/4 6548/1188/4 6547/1147/4
f 4990/1150/4 4991/1191/4 4950/1190/4 4949/1149/4
f 5031/1151/4 5032/1192/4 4991/1191/4 4990/1150/4
f 5072/1152/4 5073/1193/4 5032/1192/4 5031/1151/4
f 5113/1153/4 5114/1194/4 5073/1193/4 5072/1152/4
f 5154/1154/4 5155/1195/4 5114/1194/4 5113/1153/4
f 5195/1155/4 5196/1196/4 5155/1195/4 5154/1154/4
f 5236/1156/4 5237/1197/4 5196/1196/4 5195/1155/4
f 5277/1157/4 5278/1198/4 5237/1197/4 5236/1156/4
f 5318/1158/4 5319/1199/4 5278/1198/4 5277/1157/4
f 5359/1159/4 5360/1200/4 5319/1199/4 5318/1158/4
f 5400/1160/4 5401/1201/4 5360/1200/4 5359/1159/4
f 5441/1161/4 5442/1202/4 5401/1201/4 5400/1160/4
f 5482/1162/4 5483/1203/4 5442/1202/4 5441/1161/4
f 5523/1163/4 5524/1204/4 5483/1203/4 5482/1162/4
f 5564/1164/4 5565/1205/4 5524/1204/4 5523/1163/4
f 5605/1165/4 5606/1206/4 5565/1205/4 5564/1164/4
f 5646/1166/4 5647/1207/4 5606/1206/4 5605/1165/4
f 5687/1167/4 5688/1208/4 5647/1207/4 5646/1166/4
f 5728/1168/4 5729/1209/4 5688/1208/4 5687/1167/4
f 5769/1169/4 5770/1210/4 5729/1209/4 5728/1168/4
f 5810/1170/4 5811/1211/4 5770/1210/4 5769/1169/4
f 5851/1171/4 5852/1212/4 5811/1211/4 5810/1170/4
f 5892/1172/4 5893/1213/4 5852/1212/4 5851/1171/4
f 5933/1173/4 5934/1214/4 5893/1213/4 5892/1172/4
f 5974/1174/4 5975/1215/4 5934/1214/4 5933/1173/4
f 6015/1175/4 6016/1216/4 5975/1215/4 5974/1174/4
f 6056/1176/4 6057/1217/4 6016/1216/4 6015/1175/4
f 6097/1177/4 6098/1218/4 6057/1217/4 6056/1176/4
f 6138/1178/4 6139/1219/4 6098/1218/4 6097/1177/4
f 6179/1179/4 6180/1220/4 6139/1219/4 6138/1178/4
f 6220/1180/4 6221/1221/4 6180/1220/4 6179/1179/4
f 6261/1181/4 6262/1222/4 6221/1221/4 6220/1180/4
f 6302/1182/4 6303/1223/4 6262/1222/4 6261/1181/4
f 6343/1183/4 6344/1224/4 6303/1223/4 6302/1182/4
f 6384/1184/4 6385/1225/4 6344/1224/4 6343/1183/4
f 6425/1185/4 6426/1226/4 6385/1225/4 6384/1184/4
f 6466/1186/4 6467/1227/4 6426/1226/4 6425/1185/4
f 6507/1187/4 6508/1228/4 6467/1227/4 6466/1186/4
f 6548/1188/4 6549/1229/4 6508/1228/4 6507/1187/4
f 29/1189/4 30/1230/4 6549/1229/4 6548/1188/4
f 4991/1191/4 4992/1232/4 4951/1231/4 4950/1190/4
f 5032/1192/4 5033/1233/4 4992/1232/4 4991/1191/4
f 5073/1193/4 5074/1234/4 5033/1233/4 5032/1192/4
f 5114/1194/4 5115/1235/4 5074/1234/4 5073/1193/4
f 5155/1195/4 5156/1236/4 5115/1235/4 5114/1194/4
f 5196/1196/4 5197/1237/4 5156/1236/4 5155/1195/4
f 5237/1197/4 5238/1238/4 5197/1237/4 5196/1196/4
f 5278/1198/4 5279/1239/4 5238/1238/4 5237/1197/4
f 5319/1199/4 5320/1240/4 5279/1239/4 5278/1198/4
f 5360/1200/4 5361/1241/4 5320/1240/4 5319/1199/4
f 5401/1201/4 5402/1242/4 5361/1241/4 5360/1200/4
f 5442/1202/4 5443/1243/4 5402/1242/4 5401/1201/4
f 5483/1203/4 5484/1244/4 5443/1243/4 5442/1202/4
f 5524/1204/4 5525/1245/4 5484/1244/4 5483/1203/4
f 5565/1205/4 5566/1246/4 5525/1245/4 5524/1204/4
f 5606/1206/4 5607/1247/4 5566/1246/4 5565/1205/4
f 5647/1207/4 5648/1248/4 5607/1247/4 5606/1206/4
f 5688/1208/4 5689/1249/4 5648/1248/4 5647/1207/4
f 5729/1209/4 5730/1250/4 5689/1249/4 5688/1208/4
f 5770/1210/4 5771/1251/4 5730/1250/4 5729/1209/4
f 5811/1211/4 5812/1252/4 5771/1251/4 5770/1210/4
f 5852/1212/4 5853/1253/4 5812/1252/4 5811/1211/4
f 5893/1213/4 5894/1254/4 5853/1253/4 5852/1212/4
f 5934/1214/4 5935/1255/4 5894/1254/4 5893/1213/4
f 5975/1215/4 5976/1256/4 5935/1255/4 5934/1214/4
f 6016/1216/4 6017/1257/4 5976/1256/4 5975/1215/4
f 6057/1217/4 6058/1258/4 6017/1257/4 6016/1216/4
f 6098/1218/4 6099/1259/4 6058/1258/4 6057/1217/4
f 6139/1219/4 6140/1260/4 6099/1259/4 6098/1218/4
f 6180/1220/4 6181/1261/4 6140/1260/4 6139/1219/4
f 6221/1221/4 6222/1262/4 6181/1261/4 6180/1220/4
f 6262/1222/4 6263/1263/4 6222/1262/4 6221/1221/4
f 6303/1223/4 6304/1264/4 6263/1263/4 6262/1222/4
f 6344/1224/4 6345/1265/4 6304/1264/4 6303/1223/4
f 6385/1225/4 6386/1266/4 6345/1265/4 6344/1224/4
f 6426/1226/4 6427/1267/4 6386/1266/4 6385/1225/4
f 6467/1227/4 6468/1268/4 6427/1267/4 6426/1226/4
f 6508/1228/4 6509/1269/4 6468/1268/4 6467/1227/4
f 6549/1229/4 6550/1270/4 6509/1269/4 6508/1228/4
f 30/1230/4 31/1271/4 6550/1270/4 6549/1229/4
f 4992/1232/4 4993/1273/4 4952/1272/4 4951/1231/4
f 5033/1233/4 5034/1274/4 4993/1273/4 4992/1232/4
f 5074/1234/4 5075/1275/4 5034/1274/4 5033/1233/4
f 5115/1235/4 5116/1276/4 5075/1275/4 5074/1234/4
f 5156/1236/4 5157/1277/4 5116/1276/4 5115/1235/4
f 5197/1237/4 5198/1278/4 5157/1277/4 5156/1236/4
f 5238/1238/4 5239/1279/4 5198/1278/4 5197/1237/4
f 5279/1239/4 5280/1280/4 5239/1279/4 5238/1238/4
f 5320/1240/4 5321/1281/4 5280/1280/4 5279/1239/4
f 5361/1241/4 5362/1282/4 5321/1281/4 5320/1240/4
f 5402/1242/4 5403/1283/4 5362/1282/4 5361/1241/4
f 5443/1243/4 5444/1284/4 5403/1283/4 5402/1242/4
f 5484/1244/4 5485/1285/4 5444/1284/4 5443/1243/4
f 5525/1245/4 5526/1286/4 5485/1285/4 5484/1244/4
f 5566/1246/4 5567/1287/4 5526/1286/4 5525/1245/4
f 5607/1247/4 5608/1288/4 5567/1287/4 5566/1246/4
f 5648/1248/4 5649/1289/4 5608/1288/4 5607/1247/4
f 5689/1249/4 5690/1290/4 5649/1289/4 5648/1248/4
f 5730/1250/4 5731/1291/4 5690/1290/4 5689/1249/4
f 5771/1251/4 5772/1292/4 5731/1291/4 5730/1250/4
f 5812/1252/4 5813/1293/4 5772/1292/4 5771/1251/4
f 5853/1253/4 5854/1294/4 5813/1293/4 5812/1252/4
f 5894/1254/4 5895/1295/4 5854/1294/4 5853/1253/4
f 5935/1255/4 5936/1296/4 5895/1295/4 5894/1254/4
f 5976/1256/4 5977/1297/4 5936/1296/4 5935/1255/4
f 6017/1257/4 6018/1298/4 5977/1297/4 5976/1256/4
f 6058/1258/4 6059/1299/4 6018/1298/4 6017/1257/4
f 6099/1259/4 6100/1300/4 6059/1299/4 6058/1258/4
f 6140/1260/4 6141/1301/4 6100/1300/4 6099/1259/4
f 6181/1261/4 6182/1302/4 6141/1301/4 6140/1260/4
f 6222/1262/4 6223/1303/4 6182/1302/4 6181/1261/4
f 6263/1263/4 6264/1304/4 6223/1303/4 6222/1262/4
f 6304/1264/4 6305/1305/4 6264/1304/4 6263/1263/4
f 6345/1265/4 6346/1306/4 6305/1305/4 6304/1264/4
f 6386/1266/4 6387/1307/4 6346/1306/4 6345/1265/4
f 6427/1267/4 6428/1308/4 6387/1307/4 6386/1266/4
f 6468/1268/4 6469/1309/4 6428/1308/4 6427/1267/4
f 6509/1269/4 6510/1310/4 6469/1309/4 6468/1268/4
f 6550/1270/4 6551/1311/4 6510/1310/4 6509/1269/4
f 31/1271/4 32/1312/4 6551/1311/4 6550/1270/4
f 4993/1273/4 4994/1314/4 4953/1313/4 4952/1272/4
f 5034/1274/4 5035/1315/4 4994/1314/4 4993/1273/4
f 5075/1275/4 5076/1316/4 5035/1315/4 5034/1274/4
f 5116/1276/4 5117/1317/4 5076/1316/4 5075/1275/4
f 5157/1277/4 5158/1318/4 5117/1317/4 5116/1276/4
f 5198/1278/4 5199/1319/4 5158/1318/4 5157/1277/4
f 5239/1279/4 5240/1320/4 5199/1319/4 5198/1278/4
f 5280/1280/4 5281/1321/4 5240/1320/4 5239/1279/4
f 5321/1281/4 5322/1322/4 5281/1321/4 5280/1280/4
f 5362/1282/4 5363/1323/4 5322/1322/4 5321/1281/4
f 5403/1283/4 5404/1324/4 5363/1323/4 5362/1282/4
f 5444/1284/4 5445/1325/4 5404/1324/4 5403/1283/4
f 5485/1285/4 5486/1326/4 5445/1325/4 5444/1284/4
f 5526/1286/4 5527/1327/4 5486/1326/4 5485/1285/4
f 5567/1287/4 5568/1328/4 5527/1327/4 5526/1286/4
f 5608/1288/4 5609/1329/4 5568/1328/4 5567/1287/4
f 5649/1289/4 5650/1330/4 5609/1329/4 5608/1288/4
f 5690/1290/4 5691/1331/4 5650/1330/4 5649/1289/4
f 5731/1291/4 5732/1332/4 5691/1331/4 5690/1290/4
f 5772/1292/4 5773/1333/4 5732/1332/4 5731/1291/4
f 5813/1293/4 5814/1334/4 5773/1333/4 5772/1292/4
f 5854/1294/4 5855/1335/4 5814/1334/4 5813/1293/4
f 5895/1295/4 5896/1336/4 5855/1335/4 5854/1294/4
f 5936/1296/4 5937/1337/4 5896/1336/4 5895/1295/4
f 5977/1297/4 5978/1338/4 5937/1337/4 5936/1296/4
f 6018/1298/4 6019/1339/4 5978/1338/4 5977/1297/4
f 6059/1299/4 6060/1340/4 6019/1339/4 6018/1298/4
f 6100/1300/4 6101/1341/4 6060/1340/4 6059/1299/4
f 6141/1301/4 6142/1342/4 6101/1341/4 6100/1300/4
f 6182/1302/4 6183/1343/4 6142/1342/4 6141/1301/4
f 6223/1303/4 6224/1344/4 6183/1343/4 6182/1302/4
f 6264/1304/4 6265/1345/4 6224/1344/4 6223/1303/4
f 6305/1305/4 6306/1346/4 6265/1345/4 6264/1304/4
f 6346/1306/4 6347/1347/4 6306/1346/4 6305/1305/4
f 6387/1307/4 6388/1348/4 6347/1347/4 6346/1306/4
f 6428/1308/4 6429/1349/4 6388/1348/4 6387/1307/4
f 6469/1309/4 6470/1350/4 6429/1349/4 6428/1308/4
f 6510/1310/4 6511/1351/4 6470/1350/4 6469/1309/4
f 6551/1311/4 6552/1352/4 6511/1351/4 6510/1310/4
f 32/1312/4 33/1353/4 6552/1352/4 6551/1311/4
f 4994/1314/4 4995/1355/4 4954/1354/4 4953/1313/4
f 5035/1315/4 5036/1356/4 4995/1355/4 4994/1314/4
f 5076/1316/4 5077/1357/4 5036/1356/4 5035/1315/4
f 5117/1317/4 5118/1358/4 5077/1357/4 5076/1316/4
f 5158/1318/4 5159/1359/4 5118/1358/4 5117/1317/4
f 5199/1319/4 5200/1360/4 5159/1359/4 5158/1318/4
f 5240/1320/4 5241/1361/4 5200/1360/4 5199/1319/4
f 5281/1321/4 5282/1362/4 5241/1361/4 5240/1320/4
f 5322/1322/4 5323/1363/4 5282/1362/4 5281/1321/4
f 5363/1323/4 5364/1364/4 5323/1363/4 5322/1322/4
f 5404/1324/4 5405/1365/4 5364/1364/4 5363/1323/4
f 5445/1325/4 5446/1366/4 5405/1365/4 5404/1324/4
f 5486/1326/4 5487/1367/4 5446/1366/4 5445/1325/4
f 5527/1327/4 5528/1368/4 5487/1367/4 5486/1326/4
f 5568/1328/4 5569/1369/4 5528/1368/4 5527/1327/4
f 5609/1329/4 5610/1370/4 5569/1369/4 5568/1328/4
f 5650/1330/4 5651/1371/4 5610/1370/4 5609/1329/4
f 5691/1331/4 5692/1372/4 5651/1371/4 5650/1330/4
f 5732/1332/4 5733/1373/4 5692/1372/4 5691/1331/4
f 5773/1333/4 5774/1374/4 5733/1373/4 5732/1332/4
f 5814/1334/4 5815/1375/4 5774/1374/4 5773/1333/4
f 5855/1335/4 5856/1376/4 5815/1375/4 5814/1334/4
f 5896/1336/4 5897/1377/4 5856/1376/4 5855/1335/4
f 5937/1337/4 5938/1378/4 5897/1377/4 5896/1336/4
f 5978/1338/4 5979/1379/4 5938/1378/4 5937/1337/4
f 6019/1339/4 6020/1380/4 5979/1379/4 5978/1338/4
f 6060/1340/4 6061/1381/4 6020/1380/4 6019/1339/4
f 6101/1341/4 6102/1382/4 6061/1381/4 6060/1340/4
f 6142/1342/4 6143/1383/4 6102/1382/4 6101/1341/4
f 6183/1343/4 6184/1384/4 6143/1383/4 6142/1342/4
f 6224/1344/4 6225/1385/4 6184/1384/4 6183/1343/4
f 6265/1345/4 6266/1386/4 6225/1385/4 6224/1344/4
f 6306/1346/4 6307/1387/4 6266/1386/4 6265/1345/4
f 6347/1347/4 6348/1388/4 6307/1387/4 6306/1346/4
f 6388/1348/4 6389/1389/4 6348/1388/4 6347/1347/4
f 6429/1349/4 6430/1390/4 6389/1389/4 6388/1348/4
f 6470/1350/4 6471/1391/4 6430/1390/4 6429/1349/4
f 6511/1351/4 6512/1392/4 6471/1391/4 6470/1350/4
f 6552/1352/4 6553/1393/4 6512/1392/4 6511/1351/4
f 33/1353/4 34/1394/4 6553/1393/4 6552/1352/4
f 4995/1355/4 4996/1396/4 4955/1395/4 4954/1354/4
f 5036/1356/4 5037/1397/4 4996/1396/4 4995/1355/4
f 5077/1357/4 5078/1398/4 5037/1397/4 5036/1356/4
f 5118/1358/4 5119/1399/4 5078/1398/4 5077/1357/4
f 5159/1359/4 5160/1400/4 5119/1399/4 5118/1358/4
f 5200/1360/4 5201/1401/4 5160/1400/4 5159/1359/4
f 5241/1361/4 5242/1402/4 5201/1401/4 5200/1360/4
f 5282/1362/4 5283/1403/4 5242/1402/4 5241/1361/4
f 5323/1363/4 5324/1404/4 5283/1403/4 5282/1362/4
f 5364/1364/4 5365/1405/4 5324/1404/4 5323/1363/4
f 5405/1365/4 5406/1406/4 5365/1405/4 5364/1364/4
f 5446/1366/4 5447/1407/4 5406/1406/4 5405/1365/4
f 5487/1367/4 5488/1408/4 5447/1407/4 5446/1366/4
f 5528/1368/4 5529/1409/4 5488/1408/4 5487/1367/4
f 5569/1369/4 5570/1410/4 5529/1409/4 5528/1368/4
f 5610/1370/4 5611/1411/4 5570/1410/4 5569/1369/4
f 5651/1371/4 5652/1412/4 5611/1411/4 5610/1370/4
f 5692/1372/4 5693/1413/4 5652/1412/4 5651/1371/4
f 5733/1373/4 5734/1414/4 5693/1413/4 5692/1372/4
f 5774/1374/4 5775/1415/4 5734/1414/4 5733/1373/4
f 5815/1375/4 5816/1416/4 5775/1415/4 5774/1374/4
f 5856/1376/4 5857/1417/4 5816/1416/4 5815/1375/4
f 5897/1377/4 5898/1418/4 5857/1417/4 5856/1376/4
f 5938/1378/4 5939/1419/4 5898/1418/4 5897/1377/4
f 5979/1379/4 5980/1420/4 5939/1419/4 5938/1378/4
f 6020/1380/4 6021/1421/4 5980/1420/4 5979/1379/4
f 6061/1381/4 6062/1422/4 6021/1421/4 6020/1380/4
f 6102/1382/4 6103/1423/4 6062/1422/4 6061/1381/4
f 6143/1383/4 6144/1424/4 6103/1423/4 6102/1382/4
f 6184/1384/4 6185/1425/4 6144/1424/4 6143/1383/4
f 6225/1385/4 6226/1426/4 6185/1425/4 6184/1384/4
f 6266/1386/4 6267/1427/4 6226/1426/4 6225/1385/4
f 6307/1387/4 6308/1428/4 6267/1427/4 6266/1386/4
f 6348/1388/4 6349/1429/4 6308/1428/4 6307/1387/4
f 6389/1389/4 6390/1430/4 6349/1429/4 6348/1388/4
f 6430/1390/4 6431/1431/4 6390/1430/4 6389/1389/4
f 6471/1391/4 6472/1432/4 6431/1431/4 6430/1390/4
f 6512/1392/4 6513/1433/4 6472/1432/4 6471/1391/4
f 6553/1393/4 6554/1434/4 6513/1433/4 6512/1392/4
f 34/1394/4 35/1435/4 6554/1434/4 6553/1393/4
f 4996/1396/4 4997/1437/4 4956/1436/4 4955/1395/4
f 5037/1397/4 5038/1438/4 4997/1437/4 4996/1396/4
f 5078/1398/4 5079/1439/4 5038/1438/4 5037/1397/4
f 5119/1399/4 5120/1440/4 5079/1439/4 5078/1398/4
f 5160/1400/4 5161/1441/4 5120/1440/4 5119/1399/4
f 5201/1401/4 5202/1442/4 5161/1441/4 5160/1400/4
f 5242/1402/4 5243/1443/4 5202/1442/4 5201/1401/4
f 5283/1403/4 5284/1444/4 5243/1443/4 5242/1402/4
f 5324/1404/4 5325/1445/4 5284/1444/4 5283/1403/4
f 5365/1405/4 5366/1446/4 5325/1445/4 5324/1404/4
f 5406/1406/4 5407/1447/4 5366/1446/4 5365/1405/4
f 5447/1407/4 5448/1448/4 5407/1447/4 5406/1406/4
f 5488/1408/4 5489/1449/4 5448/1448/4 5447/1407/4
f 5529/1409/4 5530/1450/4 5489/1449/4 5488/1408/4
f 5570/1410/4 5571/1451/4 5530/1450/4 5529/1409/4
f 5611/1411/4 5612/1452/4 5571/1451/4 5570/1410/4
f 5652/1412/4 5653/1453/4 5612/1452/4 5611/1411/4
f 5693/1413/4 5694/1454/4 5653/1453/4 5652/1412/4
f 5734/1414/4 5735/1455/4 5694/1454/4 5693/1413/4
f 5775/1415/4 5776/1456/4 5735/1455/4 5734/1414/4
f 5816/1416/4 5817/1457/4 5776/1456/4 5775/1415/4
f 5857/1417/4 5858/1458/4 5817/1457/4 5816/1416/4
f 5898/1418/4 5899/1459/4 5858/1458/4 5857/1417/4
f 5939/1419/4 5940/1460/4 5899/1459/4 5898/1418/4
f 5980/1420/4 5981/1461/4 5940/1460/4 5939/1419/4
f 6021/1421/4 6022/1462/4 5981/1461/4 5980/1420/4
f 6062/1422/4 6063/1463/4 6022/1462/4 6021/1421/4
f 6103/1423/4 6104/1464/4 6063/1463/4 6062/1422/4
f 6144/1424/4 6145/1465/4 6104/1464/4 6103/1423/4
f 6185/1425/4 6186/1466/4 6145/1465/4 6144/1424/4
f 6226/1426/4 6227/1467/4 6186/1466/4 6185/1425/4
f 6267/1427/4 6268/1468/4 6227/1467/4 6226/1426/4
f 6308/1428/4 6309/1469/4 6268/1468/4 6267/1427/4
f 6349/1429/4 6350/1470/4 6309/1469/4 6308/1428/4
f 6390/1430/4 6391/1471/4 6350/1470/4 6349/1429/4
f 6431/1431/4 6432/1472/4 6391/1471/4 6390/1430/4
f 6472/1432/4 6473/1473/4 6432/1472/4 6431/1431/4
f 6513/1433/4 6514/1474/4 6473/1473/4 6472/1432/4
f 6554/1434/4 6555/1475/4 6514/1474/4 6513/1433/4
f 35/1435/4 36/1476/4 6555/1475/4 6554/1434/4
f 4997/1437/4 4998/1478/4 4957/1477/4 4956/1436/4
f 5038/1438/4 5039/1479/4 4998/1478/4 4997/1437/4
f 5079/1439/4 5080/1480/4 5039/1479/4 5038/1438/4
f 5120/1440/4 5121/1481/4 5080/1480/4 5079/1439/4
f 5161/1441/4 5162/1482/4 5121/1481/4 5120/1440/4
f 5202/1442/4 5203/1483/4 5162/1482/4 5161/1441/4
f 5243/1443/4 5244/1484/4 5203/1483/4 5202/1442/4
f 5284/1444/4 5285/1485/4 5244/1484/4 5243/1443/4
f 5325/1445/4 5326/1486/4 5285/1485/4 5284/1444/4
f 5366/1446/4 5367/1487/4 5326/1486/4 5325/1445/4
f 5407/1447/4 5408/1488/4 5367/1487/4 5366/1446/4
f 5448/1448/4 5449/1489/4 5408/1488/4 5407/1447/4
f 5489/1449/4 5490/1490/4 5449/1489/4 5448/1448/4
f 5530/1450/4 5531/1491/4 5490/1490/4 5489/1449/4
f 5571/1451/4 5572/1492/4 5531/1491/4 5530/1450/4
f 5612/1452/4 5613/1493/4 5572/1492/4 5571/1451/4
f 5653/1453/4 5654/1494/4 5613/1493/4 5612/1452/4
f 5694/1454/4 5695/1495/4 5654/1494/4 5653/1453/4
f 5735/1455/4 5736/1496/4 5695/1495/4 5694/1454/4
f 5776/1456/4 5777/1497/4 5736/1496/4 5735/1455/4
f 5817/1457/4 5818/1498/4 5777/1497/4 5776/1456/4
f 5858/1458/4 5859/1499/4 5818/1498/4 5817/1457/4
f 5899/1459/4 5900/1500/4 5859/1499/4 5858/1458/4
f 5940/1460/4 5941/1501/4 5900/1500/4 5899/1459/4
f 5981/1461/4 5982/1502/4 5941/1501/4 5940/1460/4
f 6022/1462/4 6023/1503/4 5982/1502/4 5981/1461/4
f 6063/1463/4 6064/1504/4 6023/1503/4 6022/1462/4
f 6104/1464/4 6105/1505/4 6064/1504/4 6063/1463/4
f 6145/1465/4 6146/1506/4 6105/1505/4 6104/1464/4
f 6186/1466/4 6187/1507/4 6146/1506/4 6145/1465/4
f 6227/1467/4 6228/1508/4 6187/1507/4 6186/1466/4
f 6268/1468/4 6269/1509/4 6228/1508/4 6227/1467/4
f 6309/1469/4 6310/1510/4 6269/1509/4 6268/1468/4
f 6350/1470/4 6351/1511/4 6310/1510/4 6309/1469/4
f 6391/1471/4 6392/1512/4 6351/1511/4 6350/1470/4
f 6432/1472/4 6433/1513/4 6392/1512/4 6391/1471/4
f 6473/1473/4 6474/1514/4 6433/1513/4 6432/1472/4
f 6514/1474/4 6515/1515/4 6474/1514/4 6473/1473/4
f 6555/1475/4 6556/1516/4 6515/1515/4 6514/1474/4
f 36/1476/4 37/1517/4 6556/1516/4 6555/1475/4
f 4998/1478/4 4999/1519/4 4958/1518/4 4957/1477/4
f 5039/1479/4 5040/1520/4 4999/1519/4 4998/1478/4
f 5080/1480/4 5081/1521/4 5040/1520/4 5039/1479/4
f 5121/1481/4 5122/1522/4 5081/1521/4 5080/1480/4
f 5162/1482/4 5163/1523/4 5122/1522/4 5121/1481/4
f 5203/1483/4 5204/1524/4 5163/1523/4 5162/1482/4
f 5244/1484/4 5245/1525/4 5204/1524/4 5203/1483/4
f 5285/1485/4 5286/1526/4 5245/1525/4 5244/1484/4
f 5326/1486/4 5327/1527/4 5286/1526/4 5285/1485/4
f 5367/1487/4 5368/1528/4 5327/1527/4 5326/1486/4
f 5408/1488/4 5409/1529/4 5368/1528/4 5367/1487/4
f 5449/1489/4 5450/1530/4 5409/1529/4 5408/1488/4
f 5490/1490/4 5491/1531/4 5450/1530/4 5449/1489/4
f 5531/1491/4 5532/1532/4 5491/1531/4 5490/1490/4
f 5572/1492/4 5573/1533/4 5532/1532/4 5531/1491/4
f 5613/1493/4 5614/1534/4 5573/1533/4 5572/1492/4
f 5654/1494/4 5655/1535/4 5614/1534/4 5613/1493/4
f 5695/1495/4 5696/1536/4 5655/1535/4 5654/1494/4
f 5736/1496/4 5737/1537/4 5696/1536/4 5695/1495/4
f 5777/1497/4 5778/1538/4 5737/1537/4 5736/1496/4
f 5818/1498/4 5819/1539/4 5778/1538/4 5777/1497/4
f 5859/1499/4 5860/1540/4 5819/1539/4 5818/1498/4
f 5900/1500/4 5901/1541/4 5860/1540/4 5859/1499/4
f 5941/1501/4 5942/1542/4 5901/1541/4 5900/1500/4
f 5982/1502/4 5983/1543/4 5942/1542/4 5941/1501/4
f 6023/1503/4 6024/1544/4 5983/1543/4 5982/1502/4
f 6064/1504/4 6065/1545/4 6024/1544/4 6023/1503/4
f 6105/1505/4 6106/1546/4 6065/1545/4 6064/1504/4
f 6146/1506/4 6147/1547/4 6106/1546/4 6105/1505/4
f 6187/1507/4 6188/1548/4 6147/1547/4 6146/1506/4
f 6228/1508/4 6229/1549/4 6188/1548/4 6187/1507/4
f 6269/1509/4 6270/1550/4 6229/1549/4 6228/1508/4
f 6310/1510/4 6311/1551/4 6270/1550/4 6269/1509/4
f 6351/1511/4 6352/1552/4 6311/1551/4 6310/1510/4
f 6392/1512/4 6393/1553/4 6352/1552/4 6351/1511/4
f 6433/1513/4 6434/1554/4 6393/1553/4 6392/1512/4
f 6474/1514/4 6475/1555/4 6434/1554/4 6433/1513/4
f 6515/1515/4 6516/1556/4 6475/1555/4 6474/1514/4
f 6556/1516/4 6557/1557/4 6516/1556/4 6515/1515/4
f 37/1517/4 38/1558/4 6557/1557/4 6556/1516/4
f 4999/1519/4 5000/1560/4 4959/1559/4 4958/1518/4
f 5040/1520/4 5041/1561/4 5000/1560/4 4999/1519/4
f 5081/1521/4 5082/1562/4 5041/1561/4 5040/1520/4
f 5122/1522/4 5123/1563/4 5082/1562/4 5081/1521/4
f 5163/1523/4 5164/1564/4 5123/1563/4 5122/1522/4
f 5204/1524/4 5205/1565/4 5164/1564/4 5163/1523/4
f 5245/1525/4 5246/1566/4 5205/1565/4 5204/1524/4
f 5286/1526/4 5287/1567/4 5246/1566/4 5245/1525/4
f 5327/1527/4 5328/1568/4 5287/1567/4 5286/1526/4
f 5368/1528/4 5369/1569/4 5328/1568/4 5327/1527/4
f 5409/1529/4 5410/1570/4 5369/1569/4 5368/1528/4
f 5450/1530/4 5451/1571/4 5410/1570/4 5409/1529/4
f 5491/1531/4 5492/1572/4 5451/1571/4 5450/1530/4
f 5532/1532/4 5533/1573/4 5492/1572/4 5491/1531/4
f 5573/1533/4 5574/1574/4 5533/1573/4 5532/1532/4
f 5614/1534/4 5615/1575/4 5574/1574/4 5573/1533/4
f 5655/1535/4 5656/1576/4 5615/1575/4 5614/1534/4
f 5696/1536/4 5697/1577/4 5656/1576/4 5655/1535/4
f 5737/1537/4 5738/1578/4 5697/1577/4 5696/1536/4
f 5778/1538/4 5779/1579/4 5738/1578/4 5737/1537/4
f 5819/1539/4 5820/1580/4 5779/1579/4 5778/1538/4
f 5860/1540/4 5861/1581/4 5820/1580/4 5819/1539/4
f 5901/1541/4 5902/1582/4 5861/1581/4 5860/1540/4
f 5942/1542/4 5943/1583/4 5902/1582/4 5901/1541/4
f 5983/1543/4 5984/1584/4 5943/1583/4 5942/1542/4
f 6024/1544/4 6025/1585/4 5984/1584/4 5983/1543/4
f 6065/1545/4 6066/1586/4 6025/1585/4 6024/1544/4
f 6106/1546/4 6107/1587/4 6066/1586/4 6065/1545/4
f 6147/1547/4 6148/1588/4 6107/1587/4 6106/1546/4
f 6188/1548/4 6189/1589/4 6148/1588/4 6147/1547/4
f 6229/1549/4 6230/1590/4 6189/1589/4 6188/1548/4
f 6270/1550/4 6271/1591/4 6230/1590/4 6229/1549/4
f 6311/1551/4 6312/1592/4 6271/1591/4 6270/1550/4
f 6352/1552/4 6353/1593/4 6312/1592/4 6311/1551/4
f 6393/1553/4 6394/1594/4 6353/1593/4 6352/1552/4
f 6434/1554/4 6435/1595/4 6394/1594/4 6393/1553/4
f 6475/1555/4 6476/1596/4 6435/1595/4 6434/1554/4
f 6516/1556/4 6517/1597/4 6476/1596/4 6475/1555/4
f 6557/1557/4 6558/1598/4 6517/1597/4 6516/1556/4
f 38/1558/4 39/1599/4 6558/1598/4 6557/1557/4
f 5000/1560/4 5001/1601/4 4960/1600/4 4959/1559/4
f 5041/1561/4 5042/1602/4 5001/1601/4 5000/1560/4
f 5082/1562/4 5083/1603/4 5042/1602/4 5041/1561/4
f 5123/1563/4 5124/1604/4 5083/1603/4 5082/1562/4
f 5164/1564/4 5165/1605/4 5124/1604/4 5123/1563/4
f 5205/1565/4 5206/1606/4 5165/1605/4 5164/1564/4
f 5246/1566/4 5247/1607/4 5206/1606/4 5205/1565/4
f 5287/1567/4 5288/1608/4 5247/1607/4 5246/1566/4
f 5328/1568/4 5329/1609/4 5288/1608/4 5287/1567/4
f 5369/1569/4 5370/1610/4 5329/1609/4 5328/1568/4
f 5410/1570/4 5411/1611/4 5370/1610/4 5369/1569/4
f 5451/1571/4 5452/1612/4 5411/1611/4 5410/1570/4
f 5492/1572/4 5493/1613/4 5452/1612/4 5451/1571/4
f 5533/1573/4 5534/1614/4 5493/1613/4 5492/1572/4
f 5574/1574/4 5575/1615/4 5534/1614/4 5533/1573/4
f 5615/1575/4 5616/1616/4 5575/1615/4 5574/1574/4
f 5656/1576/4 5657/1617/4 5616/1616/4 5615/1575/4
f 5697/1577/4 5698/1618/4 5657/1617/4 5656/1576/4
f 5738/1578/4 5739/1619/4 5698/1618/4 5697/1577/4
f 5779/1579/4 5780/1620/4 5739/1619/4 5738/1578/4
f 5820/1580/4 5821/1621/4 5780/1620/4 5779/1579/4
f 5861/1581/4 5862/1622/4 5821/1621/4 5820/1580/4
f 5902/1582/4 5903/1623/4 5862/1622/4 5861/1581/4
f 5943/1583/4 5944/1624/4 5903/1623/4 5902/1582/4
f 5984/1584/4 5985/1625/4 5944/1624/4 5943/1583/4
f 6025/1585/4 6026/1626/4 5985/1625/4 5984/1584/4
f 6066/1586/4 6067/1627/4 6026/1626/4 6025/1585/4
f 6107/1587/4 6108/1628/4 6067/1627/4 6066/1586/4
f 6148/1588/4 6149/1629/4 6108/1628/4 6107/1587/4
f 6189/1589/4 6190/1630/4 6149/1629/4 6148/1588/4
f 6230/1590/4 6231/1631/4 6190/1630/4 6189/1589/4
f 6271/1591/4 6272/1632/4 6231/1631/4 6230/1590/4
f 6312/1592/4 6313/1633/4 6272/1632/4 6271/1591/4
f 6353/1593/4 6354/1634/4 6313/1633/4 6312/1592/4
f 6394/1594/4 6395/1635/4 6354/1634/4 6353/1593/4
f 6435/1595/4 6436/1636/4 6395/1635/4 6394/1594/4
f 6476/1596/4 6477/1637/4 6436/1636/4 6435/1595/4
f 6517/1597/4 6518/1638/4 6477/1637/4 6476/1596/4
f 6558/1598/4 6559/1639/4 6518/1638/4 6517/1597/4
f 39/1599/4 40/1640/4 6559/1639/4 6558/1598/4
f 5001/1601/4 5002/1642/4 4961/1641/4 4960/1600/4
f 5042/1602/4 5043/1643/4 5002/1642/4 5001/1601/4
f 5083/1603/4 5084/1644/4 5043/1643/4 5042/1602/4
f 5124/1604/4 5125/1645/4 5084/1644/4 5083/1603/4
f 5165/1605/4 5166/1646/4 5125/1645/4 5124/1604/4
f 5206/1606/4 5207/1647/4 5166/1646/4 5165/1605/4
f 5247/1607/4 5248/1648/4 5207/1647/4 5206/1606/4
f 5288/1608/4 5289/1649/4 5248/1648/4 5247/1607/4
f 5329/1609/4 5330/1650/4 5289/1649/4 5288/1608/4
f 5370/1610/4 5371/1651/4 5330/1650/4 5329/1609/4
f 5411/1611/4 5412/1652/4 5371/1651/4 5370/1610/4
f 5452/1612/4 5453/1653/4 5412/1652/4 5411/1611/4
f 5493/1613/4 5494/1654/4 5453/1653/4 5452/1612/4
f 5534/1614/4 5535/1655/4 5494/1654/4 5493/1613/4
f 5575/1615/4 5576/1656/4 5535/1655/4 5534/1614/4
f 5616/1616/4 5617/1657/4 5576/1656/4 5575/1615/4
f 5657/1617/4 5658/1658/4 5617/1657/4 5616/1616/4
f 5698/1618/4 5699/1659/4 5658/1658/4 5657/1617/4
f 5739/1619/4 5740/1660/4 5699/1659/4 5698/1618/4
f 5780/1620/4 5781/1661/4 5740/1660/4 5739/1619/4
f 5821/1621/4 5822/1662/4 5781/1661/4 5780/1620/4
f 5862/1622/4 5863/1663/4 5822/1662/4 5821/1621/4
f 5903/1623/4 5904/1664/4 5863/1663/4 5862/1622/4
f 5944/1624/4 5945/1665/4 5904/1664/4 5903/1623/4
f 5985/1625/4 5986/1666/4 5945/1665/4 5944/1624/4
f 6026/1626/4 6027/1667/4 5986/1666/4 5985/1625/4
f 6067/1627/4 6068/1668/4 6027/1667/4 6026/1626/4
f 6108/1628/4 6109/1669/4 6068/1668/4 6067/1627/4
f 6149/1629/4 6150/1670/4 6109/1669/4 6108/1628/4
f 6190/1630/4 6191/1671/4 6150/1670/4 6149/1629/4
f 6231/1631/4 6232/1672/4 6191/1671/4 6190/1630/4
f 6272/1632/4 6273/1673/4 6232/1672/4 6231/1631/4
f 6313/1633/4 6314/1674/4 6273/1673/4 6272/1632/4
f 6354/1634/4 6355/1675/4 6314/1674/4 6313/1633/4
f 6395/1635/4 6396/1676/4 6355/1675/4 6354/1634/4
f 6436/1636/4 6437/1677/4 6396/1676/4 6395/1635/4
f 6477/1637/4 6478/1678/4 6437/1677/4 6436/1636/4
f 6518/1638/4 6519/1679/4 6478/1678/4 6477/1637/4
f 6559/1639/4 6560/1680/4 6519/1679/4 6518/1638/4
f 40/1640/4 41/1681/4 6560/1680/4 6559/1639/4
f 82/4/5 6561/3/5 6560/2/5 41/1/5
f 123/6/5 6600/5/5 6561/3/5 82/4/5
f 164/8/5 6639/7/5 6600/5/5 123/6/5
f 205/10/5 6678/9/5 6639/7/5 164/8/5
f 246/12/5 6717/11/5 6678/9/5 205/10/5
f 287/14/5 6756/13/5 6717/11/5 246/12/5
f 328/16/5 6795/15/5 6756/13/5 287/14/5
f 369/18/5 6834/17/5 6795/15/5 328/16/5
f 410/20/5 6873/19/5 6834/17/5 369/18/5
f 451/22/5 6912/21/5 6873/19/5 410/20/5
f 492/24/5 6951/23/5 6912/21/5 451/22/5
f 533/26/5 6990/25/5 6951/23/5 492/24/5
f 574/28/5 7029/27/5 6990/25/5 533/26/5
f 615/30/5 7068/29/5 7029/27/5 574/28/5
f 656/32/5 7107/31/5 7068/29/5 615/30/5
f 697/34/5 7146/33/5 7107/31/5 656/32/5
f 738/36/5 7185/35/5 7146/33/5 697/34/5
f 779/38/5 7224/37/5 7185/35/5 738/36/5
f 820/40/5 7263/39/5 7224/37/5 779/38/5
f 861/42/5 7302/41/5 7263/39/5 820/40/5
f 902/44/5 7341/43/5 7302/41/5 861/42/5
f 943/46/5 7380/45/5 7341/43/5 902/44/5
f 984/48/5 7419/47/5 7380/45/5 943/46/5
f 1025/50/5 7458/49/5 7419/47/5 984/48/5
f 1066/52/5 7497/51/5 7458/49/5 1025/50/5
f 1107/54/5 7536/53/5 7497/51/5 1066/52/5
f 1148/56/5 7575/55/5 7536/53/5 1107/54/5
f 1189/58/5 7614/57/5 7575/55/5 1148/56/5
f 1230/60/5 7653/59/5 7614/57/5 1189/58/5
f 1271/62/5 7692/61/5 7653/59/5 1230/60/5
f 1312/64/5 7731/63/5 7692/61/5 1271/62/5
f 1353/66/5 7770/65/5 7731/63/5 1312/64/5
f 1394/68/5 7809/67/5 7770/65/5 1353/66/5
f 1435/70/5 7848/69/5 7809/67/5 1394/68/5
f 1476/72/5 7887/71/5 7848/69/5 1435/70/5
f 1517/74/5 7926/73/5 7887/71/5 1476/72/5
f 1558/76/5 7965/75/5 7926/73/5 1517/74/5
f 1599/78/5 8004/77/5 7965/75/5 1558/76/5
f 1640/80/5 8043/79/5 8004/77/5 1599/78/5
f 1681/82/5 1722/81/5 8043/79/5 1640/80/5
f 6561/3/5 6562/84/5 6519/83/5 6560/2/5
f 6600/5/5 6601/85/5 6562/84/5 6561/3/5
f 6639/7/5 6640/86/5 6601/85/5 6600/5/5
f 6678/9/5 6679/87/5 6640/86/5 6639/7/5
f 6717/11/5 6718/88/5 6679/87/5 6678/9/5
f 6756/13/5 6757/89/5 6718/88/5 6717/11/5
f 6795/15/5 6796/90/5 6757/89/5 6756/13/5
f 6834/17/5 6835/91/5 6796/90/5 6795/15/5
f 6873/19/5 6874/92/5 6835/91/5 6834/17/5
f 6912/21/5 6913/93/5 6874/92/5 6873/19/5
f 6951/23/5 6952/94/5 6913/93/5 6912/21/5
f 6990/25/5 6991/95/5 6952/94/5 6951/23/5
f 7029/27/5 7030/96/5 6991/95/5 6990/25/5
f 7068/29/5 7069/97/5 7030/96/5 7029/27/5
f 7107/31/5 7108/98/5 7069/97/5 7068/29/5
f 7146/33/5 7147/99/5 7108/98/5 7107/31/5
f 7185/35/5 7186/100/5 7147/99/5 7146/33/5
f 7224/37/5 7225/101/5 7186/100/5 7185/35/5
f 7263/39/5 7264/102/5 7225/101/5 7224/37/5
f 7302/41/5 7303/103/5 7264/102/5 7263/39/5
f 7341/43/5 7342/104/5 7303/103/5 7302/41/5
f 7380/45/5 7381/105/5 7342/104/5 7341/43/5
f 7419/47/5 7420/106/5 7381/105/5 7380/45/5
f 7458/49/5 7459/107/5 7420/106/5 7419/47/5
f 7497/51/5 7498/108/5 7459/107/5 7458/49/5
f 7536/53/5 7537/109/5 7498/108/5 7497/51/5
f 7575/55/5 7576/110/5 7537/109/5 7536/53/5
f 7614/57/5 7615/111/5 7576/110/5 7575/55/5
f 7653/59/5 7654/112/5 7615/111/5 7614/57/5
f 7692/61/5 7693/113/5 7654/112/5 7653/59/5
f 7731/63/5 7732/114/5 7693/113/5 7692/61/5
f 7770/65/5 7771/115/5 7732/114/5 7731/63/5
f 7809/67/5 7810/116/5 7771/115/5 7770/65/5
f 7848/69/5 7849/117/5 7810/116/5 7809/67/5
f 7887/71/5 7888/118/5 7849/117/5 7848/69/5
f 7926/73/5 7927/119/5 7888/118/5 7887/71/5
f 7965/75/5 7966/120/5 7927/119/5 7926/73/5
f 8004/77/5 8005/121/5 7966/120/5 7965/75/5
f 8043/79/5 8044/122/5 8005/121/5 8004/77/5
f 1722/81/5 1763/123/5 8044/122/5 8043/79/5
f 6562/84/5 6563/125/5 6478/124/5 6519/83/5
f 6601/85/5 6602/126/5 6563/125/5 6562/84/5
f 6640/86/5 6641/127/5 6602/126/5 6601/85/5
f 6679/87/5 6680/128/5 6641/127/5 6640/86/5
f 6718/88/5 6719/129/5 6680/128/5 6679/87/5
f 6757/89/5 6758/130/5 6719/129/5 6718/88/5
f 6796/90/5 6797/131/5 6758/130/5 6757/89/5
f 6835/91/5 6836/132/5 6797/131/5 6796/90/5
f 6874/92/5 6875/133/5 6836/132/5 6835/91/5
f 6913/93/5 6914/134/5 6875/133/5 6874/92/5
f 6952/94/5 6953/135/5 6914/134/5 6913/93/5
f 6991/95/5 6992/136/5 6953/135/5 6952/94/5
f 7030/96/5 7031/137/5 6992/136/5 6991/95/5
f 7069/97/5 7070/138/5 7031/137/5 7030/96/5
f 7108/98/5 7109/139/5 7070/138/5 7069/97/5
f 7147/99/5 7148/140/5 7109/139/5 7108/98/5
f 7186/100/5 7187/141/5 7148/140/5 7147/99/5
f 7225/101/5 7226/142/5 7187/141/5 7186/100/5
f 7264/102/5 7265/143/5 7226/142/5 7225/101/5
f 7303/103/5 7304/144/5 7265/143/5 7264/102/5
f 7342/104/5 7343/145/5 7304/144/5 7303/103/5
f 7381/105/5 7382/146/5 7343/145/5 7342/104/5
f 7420/106/5 7421/147/5 7382/146/5 7381/105/5
f 7459/107/5 7460/148/5 7421/147/5 7420/106/5
f 7498/108/5 7499/149/5 7460/148/5 7459/107/5
f 7537/109/5 7538/150/5 7499/149/5 7498/108/5
f 7576/110/5 7577/151/5 7538/150/5 7537/109/5
f 7615/111/5 7616/152/5 7577/151/5 7576/110/5
f 7654/112/5 7655/153/5 7616/152/5 7615/111/5
f 7693/113/5 7694/154/5 7655/153/5 7654/112/5
f 7732/114/5 7733/155/5 7694/154/5 7693/113/5
f 7771/115/5 7772/156/5 7733/155/5 7732/114/5
f 7810/116/5 7811/157/5 7772/156/5 7771/115/5
f 7849/117/5 7850/158/5 7811/157/5 7810/116/5
f 7888/118/5 7889/159/5 7850/158/5 7849/117/5
f 7927/119/5 7928/160/5 7889/159/5 7888/118/5
f 7966/120/5 7967/161/5 7928/160/5 7927/119/5
f 8005/121/5 8006/162/5 7967/161/5 7966/120/5
f 8044/122/5 8045/163/5 8006/162/5 8005/121/5
f 1763/123/5 1804/164/5 8045/163/5 8044/122/5
f 6563/125/5 6564/166/5 6437/165/5 6478/124/5
f 6602/126/5 6603/167/5 6564/166/5 6563/125/5
f 6641/127/5 6642/168/5 6603/167/5 6602/126/5
f 6680/128/5 6681/169/5 6642/168/5 6641/127/5
f 6719/129/5 6720/170/5 6681/169/5 6680/128/5
f 6758/130/5 6759/171/5 6720/170/5 6719/129/5
f 6797/131/5 6798/172/5 6759/171/5 6758/130/5
f 6836/132/5 6837/173/5 6798/172/5 6797/131/5
f 6875/133/5 6876/174/5 6837/173/5 6836/132/5
f 6914/134/5 6915/175/5 6876/174/5 6875/133/5
f 6953/135/5 6954/176/5 6915/175/5 6914/134/5
f 6992/136/5 6993/177/5 6954/176/5 6953/135/5
f 7031/137/5 7032/178/5 6993/177/5 6992/136/5
f 7070/138/5 7071/179/5 7032/178/5 7031/137/5
f 7109/139/5 7110/180/5 7071/179/5 7070/138/5
f 7148/140/5 7149/181/5 7110/180/5 7109/139/5
f 7187/141/5 7188/182/5 7149/181/5 7148/140/5
f 7226/142/5 7227/183/5 7188/182/5 7187/141/5
f 7265/143/5 7266/184/5 7227/183/5 7226/142/5
f 7304/144/5 7305/185/5 7266/184/5 7265/143/5
f 7343/145/5 7344/186/5 7305/185/5 7304/144/5
f 7382/146/5 7383/187/5 7344/186/5 7343/145/5
f 7421/147/5 7422/188/5 7383/187/5 7382/146/5
f 7460/148/5 7461/189/5 7422/188/5 7421/147/5
f 7499/149/5 7500/190/5 7461/189/5 7460/148/5
f 7538/150/5 7539/191/5 7500/190/5 7499/149/5
f 7577/151/5 7578/192/5 7539/191/5 7538/150/5
f 7616/152/5 7617/193/5 7578/192/5 7577/151/5
f 7655/153/5 7656/194/5 7617/193/5 7616/152/5
f 7694/154/5 7695/195/5 7656/194/5 7655/153/5
f 7733/155/5 7734/196/5 7695/195/5 7694/154/5
f 7772/156/5 7773/197/5 7734/196/5 7733/155/5
f 7811/157/5 7812/198/5 7773/197/5 7772/156/5
f 7850/158/5 7851/199/5 7812/198/5 7811/157/5
f 7889/159/5 7890/200/5 7851/199/5 7850/158/5
f 7928/160/5 7929/201/5 7890/200/5 7889/159/5
f 7967/161/5 7968/202/5 7929/201/5 7928/160/5
f 8006/162/5 8007/203/5 7968/202/5 7967/161/5
f 8045/163/5 8046/204/5 8007/203/5 8006/162/5
f 1804/164/5 1845/205/5 8046/204/5 8045/163/5
f 6564/166/5 6565/207/5 6396/206/5 6437/165/5
f 6603/167/5 6604/208/5 6565/207/5 6564/166/5
f 6642/168/5 6643/209/5 6604/208/5 6603/167/5
f 6681/169/5 6682/210/5 6643/209/5 6642/168/5
f 6720/170/5 6721/211/5 6682/210/5 6681/169/5
f 6759/171/5 6760/212/5 6721/211/5 6720/170/5
f 6798/172/5 6799/213/5 6760/212/5 6759/171/5
f 6837/173/5 6838/214/5 6799/213/5 6798/172/5
f 6876/174/5 6877/215/5 6838/214/5 6837/173/5
f 6915/175/5 6916/216/5 6877/215/5 6876/174/5
f 6954/176/5 6955/217/5 6916/216/5 6915/175/5
f 6993/177/5 6994/218/5 6955/217/5 6954/176/5
f 7032/178/5 7033/219/5 6994/218/5 6993/177/5
f 7071/179/5 7072/220/5 7033/219/5 7032/178/5
f 7110/180/5 7111/221/5 7072/220/5 7071/179/5
f 7149/181/5 7150/222/5 7111/221/5 7110/180/5
f 7188/182/5 7189/223/5 7150/222/5 7149/181/5
f 7227/183/5 7228/224/5 7189/223/5 7188/182/5
f 7266/184/5 7267/225/5 7228/224/5 7227/183/5
f 7305/185/5 7306/226/5 7267/225/5 7266/184/5
f 7344/186/5 7345/227/5 7306/226/5 7305/185/5
f 7383/187/5 7384/228/5 7345/227/5 7344/186/5
f 7422/188/5 7423/229/5 7384/228/5 7383/187/5
f 7461/189/5 7462/230/5 7423/229/5 7422/188/5
f 7500/190/5 7501/231/5 7462/230/5 7461/189/5
f 7539/191/5 7540/232/5 7501/231/5 7500/190/5
f 7578/192/5 7579/233/5 7540/232/5 7539/191/5
f 7617/193/5 7618/234/5 7579/233/5 7578/192/5
f 7656/194/5 7657/235/5 7618/234/5 7617/193/5
f 7695/195/5 7696/236/5 7657/235/5 7656/194/5
f 7734/196/5 7735/237/5 7696/236/5 7695/195/5
f 7773/197/5 7774/238/5 7735/237/5 7734/196/5
f 7812/198/5 7813/239/5 7774/238/5 7773/197/5
f 7851/199/5 7852/240/5 7813/239/5 7812/198/5
f 7890/200/5 7891/241/5 7852/240/5 7851/199/5
f 7929/201/5 7930/242/5 7891/241/5 7890/200/5
f 7968/202/5 7969/243/5 7930/242/5 7929/201/5
f 8007/203/5 8008/244/5 7969/243/5 7968/202/5
f 8046/204/5 8047/245/5 8008/244/5 8007/203/5
f 1845/205/5 1886/246/5 8047/245/5 8046/204/5
f 6565/207/5 6566/248/5 6355/247/5 6396/206/5
f 6604/208/5 6605/249/5 6566/248/5 6565/207/5
f 6643/209/5 6644/250/5 6605/249/5 6604/208/5
f 6682/210/5 6683/251/5 6644/250/5 6643/209/5
f 6721/211/5 6722/252/5 6683/251/5 6682/210/5
f 6760/212/5 6761/253/5 6722/252/5 6721/211/5
f 6799/213/5 6800/254/5 6761/253/5 6760/212/5
f 6838/214/5 6839/255/5 6800/254/5 6799/213/5
f 6877/215/5 6878/256/5 6839/255/5 6838/214/5
f 6916/216/5 6917/257/5 6878/256/5 6877/215/5
f 6955/217/5 6956/258/5 6917/257/5 6916/216/5
f 6994/218/5 6995/259/5 6956/258/5 6955/217/5
f 7033/219/5 7034/260/5 6995/259/5 6994/218/5
f 7072/220/5 7073/261/5 7034/260/5 7033/219/5
f 7111/221/5 7112/262/5 7073/261/5 7072/220/5
f 7150/222/5 7151/263/5 7112/262/5 7111/221/5
f 7189/223/5 7190/264/5 7151/263/5 7150/222/5
f 7228/224/5 7229/265/5 7190/264/5 7189/223/5
f 7267/225/5 7268/266/5 7229/265/5 7228/224/5
f 7306/226/5 7307/267/5 7268/266/5 7267/225/5
f 7345/227/5 7346/268/5 7307/267/5 7306/226/5
f 7384/228/5 7385/269/5 7346/268/5 7345/227/5
f 7423/229/5 7424/270/5 7385/269/5 7384/228/5
f 7462/230/5 7463/271/5 7424/270/5 7423/229/5
f 7501/231/5 7502/272/5 7463/271/5 7462/230/5
f 7540/232/5 7541/273/5 7502/272/5 7501/231/5
f 7579/233/5 7580/274/5 7541/273/5 7540/232/5
f 7618/234/5 7619/275/5 7580/274/5 7579/233/5
f 7657/235/5 7658/276/5 7619/275/5 7618/234/5
f 7696/236/5 7697/277/5 7658/276/5 7657/235/5
f 7735/237/5 7736/278/5 7697/277/5 7696/236/5
f 7774/238/5 7775/279/5 7736/278/5 7735/237/5
f 7813/239/5 7814/280/5 7775/279/5 7774/238/5
f 7852/240/5 7853/281/5 7814/280/5 7813/239/5
f 7891/241/5 7892/282/5 7853/281/5 7852/240/5
f 7930/242/5 7931/283/5 7892/282/5 7891/241/5
f 7969/243/5 7970/284/5 7931/283/5 7930/242/5
f 8008/244/5 8009/285/5 7970/284/5 7969/243/5
f 8047/245/5 8048/286/5 8009/285/5 8008/244/5
f 1886/246/5 1927/287/5 8048/286/5 8047/245/5
f 6566/248/5 6567/289/5 6314/288/5 6355/247/5
f 6605/249/5 6606/290/5 6567/289/5 6566/248/5
f 6644/250/5 6645/291/5 6606/290/5 6605/249/5
f 6683/251/5 6684/292/5 6645/291/5 6644/250/5
f 6722/252/5 6723/293/5 6684/292/5 6683/251/5
f 6761/253/5 6762/294/5 6723/293/5 6722/252/5
f 6800/254/5 6801/295/5 6762/294/5 6761/253/5
f 6839/255/5 6840/296/5 6801/295/5 6800/254/5
f 6878/256/5 6879/297/5 6840/296/5 6839/255/5
f 6917/257/5 6918/298/5 6879/297/5 6878/256/5
f 6956/258/5 6957/299/5 6918/298/5 6917/257/5
f 6995/259/5 6996/300/5 6957/299/5 6956/258/5
f 7034/260/5 7035/301/5 6996/300/5 6995/259/5
f 7073/261/5 7074/302/5 7035/301/5 7034/260/5
f 7112/262/5 7113/303/5 7074/302/5 7073/261/5
f 7151/263/5 7152/304/5 7113/303/5 7112/262/5
f 7190/264/5 7191/305/5 7152/304/5 7151/263/5
f 7229/265/5 7230/306/5 7191/305/5 7190/264/5
f 7268/266/5 7269/307/5 7230/306/5 7229/265/5
f 7307/267/5 7308/308/5 7269/307/5 7268/266/5
f 7346/268/5 7347/309/5 7308/308/5 7307/267/5
f 7385/269/5 7386/310/5 7347/309/5 7346/268/5
f 7424/270/5 7425/311/5 7386/310/5 7385/269/5
f 7463/271/5 7464/312/5 7425/311/5 7424/270/5
f 7502/272/5 7503/313/5 7464/312/5 7463/271/5
f 7541/273/5 7542/314/5 7503/313/5 7502/272/5
f 7580/274/5 7581/315/5 7542/314/5 7541/273/5
f 7619/275/5 7620/316/5 7581/315/5 7580/274/5
f 7658/276/5 7659/317/5 7620/316/5 7619/275/5
f 7697/277/5 7698/318/5 7659/317/5 7658/276/5
f 7736/278/5 7737/319/5 7698/318/5 7697/277/5
f 7775/279/5 7776/320/5 7737/319/5 7736/278/5
f 7814/280/5 7815/321/5 7776/320/5 7775/279/5
f 7853/281/5 7854/322/5 7815/321/5 7814/280/5
f 7892/282/5 7893/323/5 7854/322/5 7853/281/5
f 7931/283/5 7932/324/5 7893/323/5 7892/282/5
f 7970/284/5 7971/325/5 7932/324/5 7931/283/5
f 8009/285/5 8010/326/5 7971/325/5 7970/284/5
f 8048/286/5 8049/327/5 8010/326/5 8009/285/5
f 1927/287/5 1968/328/5 8049/327/5 8048/286/5
f 6567/289/5 6568/330/5 6273/329/5 6314/288/5
f 6606/290/5 6607/331/5 6568/330/5 6567/289/5
f 6645/291/5 6646/332/5 6607/331/5 6606/290/5
f 6684/292/5 6685/333/5 6646/332/5 6645/291/5
f 6723/293/5 6724/334/5 6685/333/5 6684/292/5
f 6762/294/5 6763/335/5 6724/334/5 6723/293/5
f 6801/295/5 6802/336/5 6763/335/5 6762/294/5
f 6840/296/5 6841/337/5 6802/336/5 6801/295/5
f 6879/297/5 6880/338/5 6841/337/5 6840/296/5
f 6918/298/5 6919/339/5 6880/338/5 6879/297/5
f 6957/299/5 6958/340/5 6919/339/5 6918/298/5
f 6996/300/5 6997/341/5 6958/340/5 6957/299/5
f 7035/301/5 7036/342/5 6997/341/5 6996/300/5
f 7074/302/5 7075/343/5 7036/342/5 7035/301/5
f 7113/303/5 7114/344/5 7075/343/5 7074/302/5
f 7152/304/5 7153/345/5 7114/344/5 7113/303/5
f 7191/305/5 7192/346/5 7153/345/5 7152/304/5
f 7230/306/5 7231/347/5 7192/346/5 7191/305/5
f 7269/307/5 7270/348/5 7231/347/5 7230/306/5
f 7308/308/5 7309/349/5 7270/348/5 7269/307/5
f 7347/309/5 7348/350/5 7309/349/5 7308/308/5
f 7386/310/5 7387/351/5 7348/350/5 7347/309/5
f 7425/311/5 7426/352/5 7387/351/5 7386/310/5
f 7464/312/5 7465/353/5 7426/352/5 7425/311/5
f 7503/313/5 7504/354/5 7465/353/5 7464/312/5
f 7542/314/5 7543/355/5 7504/354/5 7503/313/5
f 7581/315/5 7582/356/5 7543/355/5 7542/314/5
f 7620/316/5 7621/357/5 7582/356/5 7581/315/5
f 7659/317/5 7660/358/5 7621/357/5 7620/316/5
f 7698/318/5 7699/359/5 7660/358/5 7659/317/5
f 7737/319/5 7738/360/5 7699/359/5 7698/318/5
f 7776/320/5 7777/361/5 7738/360/5 7737/319/5
f 7815/321/5 7816/362/5 7777/361/5 7776/320/5
f 7854/322/5 7855/363/5 7816/362/5 7815/321/5
f 7893/323/5 7894/364/5 7855/363/5 7854/322/5
f 7932/324/5 7933/365/5 7894/364/5 7893/323/5
f 7971/325/5 7972/366/5 7933/365/5 7932/324/5
f 8010/326/5 8011/367/5 7972/366/5 7971/325/5
f 8049/327/5 8050/368/5 8011/367/5 8010/326/5
f 1968/328/5 2009/369/5 8050/368/5 8049/327/5
f 6568/330/5 6569/371/5 6232/370/5 6273/329/5
f 6607/331/5 6608/372/5 6569/371/5 6568/330/5
f 6646/332/5 6647/373/5 6608/372/5 6607/331/5
f 6685/333/5 6686/374/5 6647/373/5 6646/332/5
f 6724/334/5 6725/375/5 6686/374/5 6685/333/5
f 6763/335/5 6764/376/5 6725/375/5 6724/334/5
f 6802/336/5 6803/377/5 6764/376/5 6763/335/5
f 6841/337/5 6842/378/5 6803/377/5 6802/336/5
f 6880/338/5 6881/379/5 6842/378/5 6841/337/5
f 6919/339/5 6920/380/5 6881/379/5 6880/338/5
f 6958/340/5 6959/381/5 6920/380/5 6919/339/5
f 6997/341/5 6998/382/5 6959/381/5 6958/340/5
f 7036/342/5 7037/383/5 6998/382/5 6997/341/5
f 7075/343/5 7076/384/5 7037/383/5 7036/342/5
f 7114/344/5 7115/385/5 7076/384/5 7075/343/5
f 7153/345/5 7154/386/5 7115/385/5 7114/344/5
f 7192/346/5 7193/387/5 7154/386/5 7153/345/5
f 7231/347/5 7232/388/5 7193/387/5 7192/346/5
f 7270/348/5 7271/389/5 7232/388/5 7231/347/5
f 7309/349/5 7310/390/5 7271/389/5 7270/348/5
f 7348/350/5 7349/391/5 7310/390/5 7309/349/5
f 7387/351/5 7388/392/5 7349/391/5 7348/350/5
f 7426/352/5 7427/393/5 7388/392/5 7387/351/5
f 7465/353/5 7466/394/5 7427/393/5 7426/352/5
f 7504/354/5 7505/395/5 7466/394/5 7465/353/5
f 7543/355/5 7544/396/5 7505/395/5 7504/354/5
f 7582/356/5 7583/397/5 7544/396/5 7543/355/5
f 7621/357/5 7622/398/5 7583/397/5 7582/356/5
f 7660/358/5 7661/399/5 7622/398/5 7621/357/5
f 7699/359/5 7700/400/5 7661/399/5 7660/358/5
f 7738/360/5 7739/401/5 7700/400/5 7699/359/5
f 7777/361/5 7778/402/5 7739/401/5 7738/360/5
f 7816/362/5 7817/403/5 7778/402/5 7777/361/5
f 7855/363/5 7856/404/5 7817/403/5 7816/362/5
f 7894/364/5 7895/405/5 7856/404/5 7855/363/5
f 7933/365/5 7934/406/5 7895/405/5 7894/364/5
f 7972/366/5 7973/407/5 7934/406/5 7933/365/5
f 8011/367/5 8012/408/5 7973/407/5 7972/366/5
f 8050/368/5 8051/409/5 8012/408/5 8011/367/5
f 2009/369/5 2050/410/5 8051/409/5 8050/368/5
f 6569/371/5 6570/412/5 6191/411/5 6232/370/5
f 6608/372/5 6609/413/5 6570/412/5 6569/371/5
f 6647/373/5 6648/414/5 6609/413/5 6608/372/5
f 6686/374/5 6687/415/5 6648/414/5 6647/373/5
f 6725/375/5 6726/416/5 6687/415/5 6686/374/5
f 6764/376/5 6765/417/5 6726/416/5 6725/375/5
f 6803/377/5 6804/418/5 6765/417/5 6764/376/5
f 6842/378/5 6843/419/5 6804/418/5 6803/377/5
f 6881/379/5 6882/420/5 6843/419/5 6842/378/5
f 6920/380/5 6921/421/5 6882/420/5 6881/379/5
f 6959/381/5 6960/422/5 6921/421/5 6920/380/5
f 6998/382/5 6999/423/5 6960/422/5 6959/381/5
f 7037/383/5 7038/424/5 6999/423/5 6998/382/5
f 7076/384/5 7077/425/5 7038/424/5 7037/383/5
f 7115/385/5 7116/426/5 7077/425/5 7076/384/5
f 7154/386/5 7155/427/5 7116/426/5 7115/385/5
f 7193/387/5 7194/428/5 7155/427/5 7154/386/5
f 7232/388/5 7233/429/5 7194/428/5 7193/387/5
f 7271/389/5 7272/430/5 7233/429/5 7232/388/5
f 7310/390/5 7311/431/5 7272/430/5 7271/389/5
f 7349/391/5 7350/432/5 7311/431/5 7310/390/5
f 7388/392/5 7389/433/5 7350/432/5 7349/391/5
f 7427/393/5 7428/434/5 7389/433/5 7388/392/5
f 7466/394/5 7467/435/5 7428/434/5 7427/393/5
f 7505/395/5 7506/436/5 7467/435/5 7466/394/5
f 7544/396/5 7545/437/5 7506/436/5 7505/395/5
f 7583/397/5 7584/438/5 7545/437/5 7544/396/5
f 7622/398/5 7623/439/5 7584/438/5 7583/397/5
f 7661/399/5 7662/440/5 7623/439/5 7622/398/5
f 7700/400/5 7701/441/5 7662/440/5 7661/399/5
f 7739/401/5 7740/442/5 7701/441/5 7700/400/5
f 7778/402/5 7779/443/5 7740/442/5 7739/401/5
f 7817/403/5 7818/444/5 7779/443/5 7778/402/5
f 7856/404/5 7857/445/5 7818/444/5 7817/403/5
f 7895/405/5 7896/446/5 7857/445/5 7856/404/5
f 7934/406/5 7935/447/5 7896/446/5 7895/405/5
f 7973/407/5 7974/448/5 7935/447/5 7934/406/5
f 8012/408/5 8013/449/5 7974/448/5 7973/407/5
f 8051/409/5 8052/450/5 8013/449/5 8012/408/5
f 2050/410/5 2091/451/5 8052/450/5 8051/409/5
f 6570/412/5 6571/453/5 6150/452/5 6191/411/5
f 6609/413/5 6610/454/5 6571/453/5 6570/412/5
f 6648/414/5 6649/455/5 6610/454/5 6609/413/5
f 6687/415/5 6688/456/5 6649/455/5 6648/414/5
f 6726/416/5 6727/457/5 6688/456/5 6687/415/5
f 6765/417/5 6766/458/5 6727/457/5 6726/416/5
f 6804/418/5 6805/459/5 6766/458/5 6765/417/5
f 6843/419/5 6844/460/5 6805/459/5 6804/418/5
f 6882/420/5 6883/461/5 6844/460/5 6843/419/5
f 6921/421/5 6922/462/5 6883/461/5 6882/420/5
f 6960/422/5 6961/463/5 6922/462/5 6921/421/5
f 6999/423/5 7000/464/5 6961/463/5 6960/422/5
f 7038/424/5 7039/465/5 7000/464/5 6999/423/5
f 7077/425/5 7078/466/5 7039/465/5 7038/424/5
f 7116/426/5 7117/467/5 7078/466/5 7077/425/5
f 7155/427/5 7156/468/5 7117/467/5 7116/426/5
f 7194/428/5 7195/469/5 7156/468/5 7155/427/5
f 7233/429/5 7234/470/5 7195/469/5 7194/428/5
f 7272/430/5 7273/471/5 7234/470/5 7233/429/5
f 7311/431/5 7312/472/5 7273/471/5 7272/430/5
f 7350/432/5 7351/473/5 7312/472/5 7311/431/5
f 7389/433/5 7390/474/5 7351/473/5 7350/432/5
f 7428/434/5 7429/475/5 7390/474/5 7389/433/5
f 7467/435/5 7468/476/5 7429/475/5 7428/434/5
f 7506/436/5 7507/477/5 7468/476/5 7467/435/5
f 7545/437/5 7546/478/5 7507/477/5 7506/436/5
f 7584/438/5 7585/479/5 7546/478/5 7545/437/5
f 7623/439/5 7624/480/5 7585/479/5 7584/438/5
f 7662/440/5 7663/481/5 7624/480/5 7623/439/5
f 7701/441/5 7702/482/5 7663/481/5 7662/440/5
f 7740/442/5 7741/483/5 7702/482/5 7701/441/5
f 7779/443/5 7780/484/5 7741/483/5 7740/442/5
f 7818/444/5 7819/485/5 7780/484/5 7779/443/5
f 7857/445/5 7858/486/5 7819/485/5 7818/444/5
f 7896/446/5 7897/487/5 7858/486/5 7857/445/5
f 7935/447/5 7936/488/5 7897/487/5 7896/446/5
f 7974/448/5 7975/489/5 7936/488/5 7935/447/5
f 8013/449/5 8014/490/5 7975/489/5 7974/448/5
f 8052/450/5 8053/491/5 8014/490/5 8013/449/5
f 2091/451/5 2132/492/5 8053/491/5 8052/450/5
f 6571/453/5 6572/494/5 6109/493/5 6150/452/5
f 6610/454/5 6611/495/5 6572/494/5 6571/453/5
f 6649/455/5 6650/496/5 6611/495/5 6610/454/5
f 6688/456/5 6689/497/5 6650/496/5 6649/455/5
f 6727/457/5 6728/498/5 6689/497/5 6688/456/5
f 6766/458/5 6767/499/5 6728/498/5 6727/457/5
f 6805/459/5 6806/500/5 6767/499/5 6766/458/5
f 6844/460/5 6845/501/5 6806/500/5 6805/459/5
f 6883/461/5 6884/502/5 6845/501/5 6844/460/5
f 6922/462/5 6923/503/5 6884/502/5 6883/461/5
f 6961/463/5 6962/504/5 6923/503/5 6922/462/5
f 7000/464/5 7001/505/5 6962/504/5 6961/463/5
f 7039/465/5 7040/506/5 7001/505/5 7000/464/5
f 7078/466/5 7079/507/5 7040/506/5 7039/465/5
f 7117/467/5 7118/508/5 7079/507/5 7078/466/5
f 7156/468/5 7157/509/5 7118/508/5 7117/467/5
f 7195/469/5 7196/510/5 7157/509/5 7156/468/5
f 7234/470/5 7235/511/5 7196/510/5 7195/469/5
f 7273/471/5 7274/512/5 7235/511/5 7234/470/5
f 7312/472/5 7313/513/5 7274/512/5 7273/471/5
f 7351/473/5 7352/514/5 7313/513/5 7312/472/5
f 7390/474/5 7391/515/5 7352/514/5 7351/473/5
f 7429/475/5 7430/516/5 7391/515/5 7390/474/5
f 7468/476/5 7469/517/5 7430/516/5 7429/475/5
f 7507/477/5 7508/518/5 7469/517/5 7468/476/5
f 7546/478/5 7547/519/5 7508/518/5 7507/477/5
f 7585/479/5 7586/520/5 7547/519/5 7546/478/5
f 7624/480/5 7625/521/5 7586/520/5 7585/479/5
f 7663/481/5 7664/522/5 7625/521/5 7624/480/5
f 7702/482/5 7703/523/5 7664/522/5 7663/481/5
f 7741/483/5 7742/524/5 7703/523/5 7702/482/5
f 7780/484/5 7781/525/5 7742/524/5 7741/483/5
f 7819/485/5 7820/526/5 7781/525/5 7780/484/5
f 7858/486/5 7859/527/5 7820/526/5 7819/485/5
f 7897/487/5 7898/528/5 7859/527/5 7858/486/5
f 7936/488/5 7937/529/5 7898/528/5 7897/487/5
f 7975/489/5 7976/530/5 7937/529/5 7936/488/5
f 8014/490/5 8015/531/5 7976/530/5 7975/489/5
f 8053/491/5 8054/532/5 8015/531/5 8014/490/5
f 2132/492/5 2173/533/5 8054/532/5 8053/491/5
f 6572/494/5 6573/535/5 6068/534/5 6109/493/5
f 6611/495/5 6612/536/5 6573/535/5 6572/494/5
f 6650/496/5 6651/537/5 6612/536/5 6611/495/5
f 6689/497/5 6690/538/5 6651/537/5 6650/496/5
f 6728/498/5 6729/539/5 6690/538/5 6689/497/5
f 6767/499/5 6768/540/5 6729/539/5 6728/498/5
f 6806/500/5 6807/541/5 6768/540/5 6767/499/5
f 6845/501/5 6846/542/5 6807/541/5 6806/500/5
f 6884/502/5 6885/543/5 6846/542/5 6845/501/5
f 6923/503/5 6924/544/5 6885/543/5 6884/502/5
f 6962/504/5 6963/545/5 6924/544/5 6923/503/5
f 7001/505/5 7002/546/5 6963/545/5 6962/504/5
f 7040/506/5 7041/547/5 7002/546/5 7001/505/5
f 7079/507/5 7080/548/5 7041/547/5 7040/506/5
f 7118/508/5 7119/549/5 7080/548/5 7079/507/5
f 7157/509/5 7158/550/5 7119/549/5 7118/508/5
f 7196/510/5 7197/551/5 7158/550/5 7157/509/5
f 7235/511/5 7236/552/5 7197/551/5 7196/510/5
f 7274/512/5 7275/553/5 7236/552/5 7235/511/5
f 7313/513/5 7314/554/5 7275/553/5 7274/512/5
f 7352/514/5 7353/555/5 7314/554/5 7313/513/5
f 7391/515/5 7392/556/5 7353/555/5 7352/514/5
f 7430/516/5 7431/557/5 7392/556/5 7391/515/5
f 7469/517/5 7470/558/5 7431/557/5 7430/516/5
f 7508/518/5 7509/559/5 7470/558/5 7469/517/5
f 7547/519/5 7548/560/5 7509/559/5 7508/518/5
f 7586/520/5 7587/561/5 7548/560/5 7547/519/5
f 7625/521/5 7626/562/5 7587/561/5 7586/520/5
f 7664/522/5 7665/563/5 7626/562/5 7625/521/5
f 7703/523/5 7704/564/5 7665/563/5 7664/522/5
f 7742/524/5 7743/565/5 7704/564/5 7703/523/5
f 7781/525/5 7782/566/5 7743/565/5 7742/524/5
f 7820/526/5 7821/567/5 7782/566/5 7781/525/5
f 7859/527/5 7860/568/5 7821/567/5 7820/526/5
f 7898/528/5 7899/569/5 7860/568/5 7859/527/5
f 7937/529/5 7938/570/5 7899/569/5 7898/528/5
f 7976/530/5 7977/571/5 7938/570/5 7937/529/5
f 8015/531/5 8016/572/5 7977/571/5 7976/530/5
f 8054/532/5 8055/573/5 8016/572/5 8015/531/5
f 2173/533/5 2214/574/5 8055/573/5 8054/532/5
f 6573/535/5 6574/576/5 6027/575/5 6068/534/5
f 6612/536/5 6613/577/5 6574/576/5 6573/535/5
f 6651/537/5 6652/578/5 6613/577/5 6612/536/5
f 6690/538/5 6691/579/5 6652/578/5 6651/537/5
f 6729/539/5 6730/580/5 6691/579/5 6690/538/5
f 6768/540/5 6769/581/5 6730/580/5 6729/539/5
f 6807/541/5 6808/582/5 6769/581/5 6768/540/5
f 6846/542/5 6847/583/5 6808/582/5 6807/541/5
f 6885/543/5 6886/584/5 6847/583/5 6846/542/5
f 6924/544/5 6925/585/5 6886/584/5 6885/543/5
f 6963/545/5 6964/586/5 6925/585/5 6924/544/5
f 7002/546/5 7003/587/5 6964/586/5 6963/545/5
f 7041/547/5 7042/588/5 7003/587/5 7002/546/5
f 7080/548/5 7081/589/5 7042/588/5 7041/547/5
f 7119/549/5 7120/590/5 7081/589/5 7080/548/5
f 7158/550/5 7159/591/5 7120/590/5 7119/549/5
f 7197/551/5 7198/592/5 7159/591/5 7158/550/5
f 7236/552/5 7237/593/5 7198/592/5 7197/551/5
f 7275/553/5 7276/594/5 7237/593/5 7236/552/5
f 7314/554/5 7315/595/5 7276/594/5 7275/553/5
f 7353/555/5 7354/596/5 7315/595/5 7314/554/5
f 7392/556/5 7393/597/5 7354/596/5 7353/555/5
f 7431/557/5 7432/598/5 7393/597/5 7392/556/5
f 7470/558/5 7471/599/5 7432/598/5 7431/557/5
f 7509/559/5 7510/600/5 7471/599/5 7470/558/5
f 7548/560/5 7549/601/5 7510/600/5 7509/559/5
f 7587/561/5 7588/602/5 7549/601/5 7548/560/5
f 7626/562/5 7627/603/5 7588/602/5 7587/561/5
f 7665/563/5 7666/604/5 7627/603/5 7626/562/5
f 7704/564/5 7705/605/5 7666/604/5 7665/563/5
f 7743/565/5 7744/606/5 7705/605/5 7704/564/5
f 7782/566/5 7783/607/5 7744/606/5 7743/565/5
f 7821/567/5 7822/608/5 7783/607/5 7782/566/5
f 7860/568/5 7861/609/5 7822/608/5 7821/567/5
f 7899/569/5 7900/610/5 7861/609/5 7860/568/5
f 7938/570/5 7939/611/5 7900/610/5 7899/569/5
f 7977/571/5 7978/612/5 7939/611/5 7938/570/5
f 8016/572/5 8017/613/5 7978/612/5 7977/571/5
f 8055/573/5 8056/614/5 8017/613/5 8016/572/5
f 2214/574/5 2255/615/5 8056/614/5 8055/573/5
f 6574/576/5 6575/617/5 5986/616/5 6027/575/5
f 6613/577/5 6614/618/5 6575/617/5 6574/576/5
f 6652/578/5 6653/619/5 6614/618/5 6613/577/5
f 6691/579/5 6692/620/5 6653/619/5 6652/578/5
f 6730/580/5 6731/621/5 6692/620/5 6691/579/5
f 6769/581/5 6770/622/5 6731/621/5 6730/580/5
f 6808/582/5 6809/623/5 6770/622/5 6769/581/5
f 6847/583/5 6848/624/5 6809/623/5 6808/582/5
f 6886/584/5 6887/625/5 6848/624/5 6847/583/5
f 6925/585/5 6926/626/5 6887/625/5 6886/584/5
f 6964/586/5 6965/627/5 6926/626/5 6925/585/5
f 7003/587/5 7004/628/5 6965/627/5 6964/586/5
f 7042/588/5 7043/629/5 7004/628/5 7003/587/5
f 7081/589/5 7082/630/5 7043/629/5 7042/588/5
f 7120/590/5 7121/631/5 7082/630/5 7081/589/5
f 7159/591/5 7160/632/5 7121/631/5 7120/590/5
f 7198/592/5 7199/633/5 7160/632/5 7159/591/5
f 7237/593/5 7238/634/5 7199/633/5 7198/592/5
f 7276/594/5 7277/635/5 7238/634/5 7237/593/5
f 7315/595/5 7316/636/5 7277/635/5 7276/594/5
f 7354/596/5 7355/637/5 7316/636/5 7315/595/5
f 7393/597/5 7394/638/5 7355/637/5 7354/596/5
f 7432/598/5 7433/639/5 7394/638/5 7393/597/5
f 7471/599/5 7472/640/5 7433/639/5 7432/598/5
f 7510/600/5 7511/641/5 7472/640/5 7471/599/5
f 7549/601/5 7550/642/5 7511/641/5 7510/600/5
f 7588/602/5 7589/643/5 7550/642/5 7549/601/5
f 7627/603/5 7628/644/5 7589/643/5 7588/602/5
f 7666/604/5 7667/645/5 7628/644/5 7627/603/5
f 7705/605/5 7706/646/5 7667/645/5 7666/604/5
f 7744/606/5 7745/647/5 7706/646/5 7705/605/5
f 7783/607/5 7784/648/5 7745/647/5 7744/606/5
f 7822/608/5 7823/649/5 7784/648/5 7783/607/5
f 7861/609/5 7862/650/5 7823/649/5 7822/608/5
f 7900/610/5 7901/651/5 7862/650/5 7861/609/5
f 7939/611/5 7940/652/5 7901/651/5 7900/610/5
f 7978/612/5 7979/653/5 7940/652/5 7939/611/5
f 8017/613/5 8018/654/5 7979/653/5 7978/612/5
f 8056/614/5 8057/655/5 8018/654/5 8017/613/5
f 2255/615/5 2296/656/5 8057/655/5 8056/614/5
f 6575/617/5 6576/658/5 5945/657/5 5986/616/5
f 6614/618/5 6615/659/5 6576/658/5 6575/617/5
f 6653/619/5 6654/660/5 6615/659/5 6614/618/5
f 6692/620/5 6693/661/5 6654/660/5 6653/619/5
f 6731/621/5 6732/662/5 6693/661/5 6692/620/5
f 6770/622/5 6771/663/5 6732/662/5 6731/621/5
f 6809/623/5 6810/664/5 6771/663/5 6770/622/5
f 6848/624/5 6849/665/5 6810/664/5 6809/623/5
f 6887/625/5 6888/666/5 6849/665/5 6848/624/5
f 6926/626/5 6927/667/5 6888/666/5 6887/625/5
f 6965/627/5 6966/668/5 6927/667/5 6926/626/5
f 7004/628/5 7005/669/5 6966/668/5 6965/627/5
f 7043/629/5 7044/670/5 7005/669/5 7004/628/5
f 7082/630/5 7083/671/5 7044/670/5 7043/629/5
f 7121/631/5 7122/672/5 7083/671/5 7082/630/5
f 7160/632/5 7161/673/5 7122/672/5 7121/631/5
f 7199/633/5 7200/674/5 7161/673/5 7160/632/5
f 7238/634/5 7239/675/5 7200/674/5 7199/633/5
f 7277/635/5 7278/676/5 7239/675/5 7238/634/5
f 7316/636/5 7317/677/5 7278/676/5 7277/635/5
f 7355/637/5 7356/678/5 7317/677/5 7316/636/5
f 7394/638/5 7395/679/5 7356/678/5 7355/637/5
f 7433/639/5 7434/680/5 7395/679/5 7394/638/5
f 7472/640/5 7473/681/5 7434/680/5 7433/639/5
f 7511/641/5 7512/682/5 7473/681/5 7472/640/5
f 7550/642/5 7551/683/5 7512/682/5 7511/641/5
f 7589/643/5 7590/684/5 7551/683/5 7550/642/5
f 7628/644/5 7629/685/5 7590/684/5 7589/643/5
f 7667/645/5 7668/686/5 7629/685/5 7628/644/5
f 7706/646/5 7707/687/5 7668/686/5 7667/645/5
f 7745/647/5 7746/688/5 7707/687/5 7706/646/5
f 7784/648/5 7785/689/5 7746/688/5 7745/647/5
f 7823/649/5 7824/690/5 7785/689/5 7784/648/5
f 7862/650/5 7863/691/5 7824/690/5 7823/649/5
f 7901/651/5 7902/692/5 7863/691/5 7862/650/5
f 7940/652/5 7941/693/5 7902/692/5 7901/651/5
f 7979/653/5 7980/694/5 7941/693/5 7940/652/5
f 8018/654/5 8019/695/5 7980/694/5 7979/653/5
f 8057/655/5 8058/696/5 8019/695/5 8018/654/5
f 2296/656/5 2337/697/5 8058/696/5 8057/655/5
f 6576/658/5 6577/699/5 5904/698/5 5945/657/5
f 6615/659/5 6616/700/5 6577/699/5 6576/658/5
f 6654/660/5 6655/701/5 6616/700/5 6615/659/5
f 6693/661/5 6694/702/5 6655/701/5 6654/660/5
f 6732/662/5 6733/703/5 6694/702/5 6693/661/5
f 6771/663/5 6772/704/5 6733/703/5 6732/662/5
f 6810/664/5 6811/705/5 6772/704/5 6771/663/5
f 6849/665/5 6850/706/5 6811/705/5 6810/664/5
f 6888/666/5 6889/707/5 6850/706/5 6849/665/5
f 6927/667/5 6928/708/5 6889/707/5 6888/666/5
f 6966/668/5 6967/709/5 6928/708/5 6927/667/5
f 7005/669/5 7006/710/5 6967/709/5 6966/668/5
f 7044/670/5 7045/711/5 7006/710/5 7005/669/5
f 7083/671/5 7084/712/5 7045/711/5 7044/670/5
f 7122/672/5 7123/713/5 7084/712/5 7083/671/5
f 7161/673/5 7162/714/5 7123/713/5 7122/672/5
f 7200/674/5 7201/715/5 7162/714/5 7161/673/5
f 7239/675/5 7240/716/5 7201/715/5 7200/674/5
f 7278/676/5 7279/717/5 7240/716/5 7239/675/5
f 7317/677/5 7318/718/5 7279/717/5 7278/676/5
f 7356/678/5 7357/719/5 7318/718/5 7317/677/5
f 7395/679/5 7396/720/5 7357/719/5 7356/678/5
f 7434/680/5 7435/721/5 7396/720/5 7395/679/5
f 7473/681/5 7474/722/5 7435/721/5 7434/680/5
f 7512/682/5 7513/723/5 7474/722/5 7473/681/5
f 7551/683/5 7552/724/5 7513/723/5 7512/682/5
f 7590/684/5 7591/725/5 7552/724/5 7551/683/5
f 7629/685/5 7630/726/5 7591/725/5 7590/684/5
f 7668/686/5 7669/727/5 7630/726/5 7629/685/5
f 7707/687/5 7708/728/5 7669/727/5 7668/686/5
f 7746/688/5 7747/729/5 7708/728/5 7707/687/5
f 7785/689/5 7786/730/5 7747/729/5 7746/688/5
f 7824/690/5 7825/731/5 7786/730/5 7785/689/5
f 7863/691/5 7864/732/5 7825/731/5 7824/690/5
f 7902/692/5 7903/733/5 7864/732/5 7863/691/5
f 7941/693/5 7942/734/5 7903/733/5 7902/692/5
f 7980/694/5 7981/735/5 7942/734/5 7941/693/5
f 8019/695/5 8020/736/5 7981/735/5 7980/694/5
f 8058/696/5 8059/737/5 8020/736/5 8019/695/5
f 2337/697/5 2378/738/5 8059/737/5 8058/696/5
f 6577/699/5 6578/740/5 5863/739/5 5904/698/5
f 6616/700/5 6617/741/5 6578/740/5 6577/699/5
f 6655/701/5 6656/742/5 6617/741/5 6616/700/5
f 6694/702/5 6695/743/5 6656/742/5 6655/701/5
f 6733/703/5 6734/744/5 6695/743/5 6694/702/5
f 6772/704/5 6773/745/5 6734/744/5 6733/703/5
f 6811/705/5 6812/746/5 6773/745/5 6772/704/5
f 6850/706/5 6851/747/5 6812/746/5 6811/705/5
f 6889/707/5 6890/748/5 6851/747/5 6850/706/5
f 6928/708/5 6929/749/5 6890/748/5 6889/707/5
f 6967/709/5 6968/750/5 6929/749/5 6928/708/5
f 7006/710/5 7007/751/5 6968/750/5 6967/709/5
f 7045/711/5 7046/752/5 7007/751/5 7006/710/5
f 7084/712/5 7085/753/5 7046/752/5 7045/711/5
f 7123/713/5 7124/754/5 7085/753/5 7084/712/5
f 7162/714/5 7163/755/5 7124/754/5 7123/713/5
f 7201/715/5 7202/756/5 7163/755/5 7162/714/5
f 7240/716/5 7241/757/5 7202/756/5 7201/715/5
f 7279/717/5 7280/758/5 7241/757/5 7240/716/5
f 7318/718/5 7319/759/5 7280/758/5 7279/717/5
f 7357/719/5 7358/760/5 7319/759/5 7318/718/5
f 7396/720/5 7397/761/5 7358/760/5 7357/719/5
f 7435/721/5 7436/762/5 7397/761/5 7396/720/5
f 7474/722/5 7475/763/5 7436/762/5 7435/721/5
f 7513/723/5 7514/764/5 7475/763/5 7474/722/5
f 7552/724/5 7553/765/5 7514/764/5 7513/723/5
f 7591/725/5 7592/766/5 7553/765/5 7552/724/5
f 7630/726/5 7631/767/5 7592/766/5 7591/725/5
f 7669/727/5 7670/768/5 7631/767/5 7630/726/5
f 7708/728/5 7709/769/5 7670/768/5 7669/727/5
f 7747/729/5 7748/770/5 7709/769/5 7708/728/5
f 7786/730/5 7787/771/5 7748/770/5 7747/729/5
f 7825/731/5 7826/772/5 7787/771/5 7786/730/5
f 7864/732/5 7865/773/5 7826/772/5 7825/731/5
f 7903/733/5 7904/774/5 7865/773/5 7864/732/5
f 7942/734/5 7943/775/5 7904/774/5 7903/733/5
f 7981/735/5 7982/776/5 7943/775/5 7942/734/5
f 8020/736/5 8021/777/5 7982/776/5 7981/735/5
f 8059/737/5 8060/778/5 8021/777/5 8020/736/5
f 2378/738/5 2419/779/5 8060/778/5 8059/737/5
f 6578/740/5 6579/781/5 5822/780/5 5863/739/5
f 6617/741/5 6618/782/5 6579/781/5 6578/740/5
f 6656/742/5 6657/783/5 6618/782/5 6617/741/5
f 6695/743/5 6696/784/5 6657/783/5 6656/742/5
f 6734/744/5 6735/785/5 6696/784/5 6695/743/5
f 6773/745/5 6774/786/5 6735/785/5 6734/744/5
f 6812/746/5 6813/787/5 6774/786/5 6773/745/5
f 6851/747/5 6852/788/5 6813/787/5 6812/746/5
f 6890/748/5 6891/789/5 6852/788/5 6851/747/5
f 6929/749/5 6930/790/5 6891/789/5 6890/748/5
f 6968/750/5 6969/791/5 6930/790/5 6929/749/5
f 7007/751/5 7008/792/5 6969/791/5 6968/750/5
f 7046/752/5 7047/793/5 7008/792/5 7007/751/5
f 7085/753/5 7086/794/5 7047/793/5 7046/752/5
f 7124/754/5 7125/795/5 7086/794/5 7085/753/5
f 7163/755/5 7164/796/5 7125/795/5 7124/754/5
f 7202/756/5 7203/797/5 7164/796/5 7163/755/5
f 7241/757/5 7242/798/5 7203/797/5 7202/756/5
f 7280/758/5 7281/799/5 7242/798/5 7241/757/5
f 7319/759/5 7320/800/5 7281/799/5 7280/758/5
f 7358/760/5 7359/801/5 7320/800/5 7319/759/5
f 7397/761/5 7398/802/5 7359/801/5 7358/760/5
f 7436/762/5 7437/803/5 7398/802/5 7397/761/5
f 7475/763/5 7476/804/5 7437/803/5 7436/762/5
f 7514/764/5 7515/805/5 7476/804/5 7475/763/5
f 7553/765/5 7554/806/5 7515/805/5 7514/764/5
f 7592/766/5 7593/807/5 7554/806/5 7553/765/5
f 7631/767/5 7632/808/5 7593/807/5 7592/766/5
f 7670/768/5 7671/809/5 7632/808/5 7631/767/5
f 7709/769/5 7710/810/5 7671/809/5 7670/768/5
f 7748/770/5 7749/811/5 7710/810/5 7709/769/5
f 7787/771/5 7788/812/5 7749/811/5 7748/770/5
f 7826/772/5 7827/813/5 7788/812/5 7787/771/5
f 7865/773/5 7866/814/5 7827/813/5 7826/772/5
f 7904/774/5 7905/815/5 7866/814/5 7865/773/5
f 7943/775/5 7944/816/5 7905/815/5 7904/774/5
f 7982/776/5 7983/817/5 7944/816/5 7943/775/5
f 8021/777/5 8022/818/5 7983/817/5 7982/776/5
f 8060/778/5 8061/819/5 8022/818/5 8021/777/5
f 2419/779/5 2460/820/5 8061/819/5 8060/778/5
f 6579/781/5 6580/822/5 5781/821/5 5822/780/5
f 6618/782/5 6619/823/5 6580/822/5 6579/781/5
f 6657/783/5 6658/824/5 6619/823/5 6618/782/5
f 6696/784/5 6697/825/5 6658/824/5 6657/783/5
f 6735/785/5 6736/826/5 6697/825/5 6696/784/5
f 6774/786/5 6775/827/5 6736/826/5 6735/785/5
f 6813/787/5 6814/828/5 6775/827/5 6774/786/5
f 6852/788/5 6853/829/5 6814/828/5 6813/787/5
f 6891/789/5 6892/830/5 6853/829/5 6852/788/5
f 6930/790/5 6931/831/5 6892/830/5 6891/789/5
f 6969/791/5 6970/832/5 6931/831/5 6930/790/5
f 7008/792/5 7009/833/5 6970/832/5 6969/791/5
f 7047/793/5 7048/834/5 7009/833/5 7008/792/5
f 7086/794/5 7087/835/5 7048/834/5 7047/793/5
f 7125/795/5 7126/836/5 7087/835/5 7086/794/5
f 7164/796/5 7165/837/5 7126/836/5 7125/795/5
f 7203/797/5 7204/838/5 7165/837/5 7164/796/5
f 7242/798/5 7243/839/5 7204/838/5 7203/797/5
f 7281/799/5 7282/840/5 7243/839/5 7242/798/5
f 7320/800/5 7321/841/5 7282/840/5 7281/799/5
f 7359/801/5 7360/842/5 7321/841/5 7320/800/5
f 7398/802/5 7399/843/5 7360/842/5 7359/801/5
f 7437/803/5 7438/844/5 7399/843/5 7398/802/5
f 7476/804/5 7477/845/5 7438/844/5 7437/803/5
f 7515/805/5 7516/846/5 7477/845/5 7476/804/5
f 7554/806/5 7555/847/5 7516/846/5 7515/805/5
f 7593/807/5 7594/848/5 7555/847/5 7554/806/5
f 7632/808/5 7633/849/5 7594/848/5 7593/807/5
f 7671/809/5 7672/850/5 7633/849/5 7632/808/5
f 7710/810/5 7711/851/5 7672/850/5 7671/809/5
f 7749/811/5 7750/852/5 7711/851/5 7710/810/5
f 7788/812/5 7789/853/5 7750/852/5 7749/811/5
f 7827/813/5 7828/854/5 7789/853/5 7788/812/5
f 7866/814/5 7867/855/5 7828/854/5 7827/813/5
f 7905/815/5 7906/856/5 7867/855/5 7866/814/5
f 7944/816/5 7945/857/5 7906/856/5 7905/815/5
f 7983/817/5 7984/858/5 7945/857/5 7944/816/5
f 8022/818/5 8023/859/5 7984/858/5 7983/817/5
f 8061/819/5 8062/860/5 8023/859/5 8022/818/5
f 2460/820/5 2501/861/5 8062/860/5 8061/819/5
f 6580/822/5 6581/863/5 5740/862/5 5781/821/5
f 6619/823/5 6620/864/5 6581/863/5 6580/822/5
f 6658/824/5 6659/865/5 6620/864/5 6619/823/5
f 6697/825/5 6698/866/5 6659/865/5 6658/824/5
f 6736/826/5 6737/867/5 6698/866/5 6697/825/5
f 6775/827/5 6776/868/5 6737/867/5 6736/826/5
f 6814/828/5 6815/869/5 6776/868/5 6775/827/5
f 6853/829/5 6854/870/5 6815/869/5 6814/828/5
f 6892/830/5 6893/871/5 6854/870/5 6853/829/5
f 6931/831/5 6932/872/5 6893/871/5 6892/830/5
f 6970/832/5 6971/873/5 6932/872/5 6931/831/5
f 7009/833/5 7010/874/5 6971/873/5 6970/832/5
f 7048/834/5 7049/875/5 7010/874/5 7009/833/5
f 7087/835/5 7088/876/5 7049/875/5 7048/834/5
f 7126/836/5 7127/877/5 7088/876/5 7087/835/5
f 7165/837/5 7166/878/5 7127/877/5 7126/836/5
f 7204/838/5 7205/879/5 7166/878/5 7165/837/5
f 7243/839/5 7244/880/5 7205/879/5 7204/838/5
f 7282/840/5 7283/881/5 7244/880/5 7243/839/5
f 7321/841/5 7322/882/5 7283/881/5 7282/840/5
f 7360/842/5 7361/883/5 7322/882/5 7321/841/5
f 7399/843/5 7400/884/5 7361/883/5 7360/842/5
f 7438/844/5 7439/885/5 7400/884/5 7399/843/5
f 7477/845/5 7478/886/5 7439/885/5 7438/844/5
f 7516/846/5 7517/887/5 7478/886/5 7477/845/5
f 7555/847/5 7556/888/5 7517/887/5 7516/846/5
f 7594/848/5 7595/889/5 7556/888/5 7555/847/5
f 7633/849/5 7634/890/5 7595/889/5 7594/848/5
f 7672/850/5 7673/891/5 7634/890/5 7633/849/5
f 7711/851/5 7712/892/5 7673/891/5 7672/850/5
f 7750/852/5 7751/893/5 7712/892/5 7711/851/5
f 7789/853/5 7790/894/5 7751/893/5 7750/852/5
f 7828/854/5 7829/895/5 7790/894/5 7789/853/5
f 7867/855/5 7868/896/5 7829/895/5 7828/854/5
f 7906/856/5 7907/897/5 7868/896/5 7867/855/5
f 7945/857/5 7946/898/5 7907/897/5 7906/856/5
f 7984/858/5 7985/899/5 7946/898/5 7945/857/5
f 8023/859/5 8024/900/5 7985/899/5 7984/858/5
f 8062/860/5 8063/901/5 8024/900/5 8023/859/5
f 2501/861/5 2542/902/5 8063/901/5 8062/860/5
f 6581/863/5 6582/904/5 5699/903/5 5740/862/5
f 6620/864/5 6621/905/5 6582/904/5 6581/863/5
f 6659/865/5 6660/906/5 6621/905/5 6620/864/5
f 6698/866/5 6699/907/5 6660/906/5 6659/865/5
f 6737/867/5 6738/908/5 6699/907/5 6698/866/5
f 6776/868/5 6777/909/5 6738/908/5 6737/867/5
f 6815/869/5 6816/910/5 6777/909/5 6776/868/5
f 6854/870/5 6855/911/5 6816/910/5 6815/869/5
f 6893/871/5 6894/912/5 6855/911/5 6854/870/5
f 6932/872/5 6933/913/5 6894/912/5 6893/871/5
f 6971/873/5 6972/914/5 6933/913/5 6932/872/5
f 7010/874/5 7011/915/5 6972/914/5 6971/873/5
f 7049/875/5 7050/916/5 7011/915/5 7010/874/5
f 7088/876/5 7089/917/5 7050/916/5 7049/875/5
f 7127/877/5 7128/918/5 7089/917/5 7088/876/5
f 7166/878/5 7167/919/5 7128/918/5 7127/877/5
f 7205/879/5 7206/920/5 7167/919/5 7166/878/5
f 7244/880/5 7245/921/5 7206/920/5 7205/879/5
f 7283/881/5 7284/922/5 7245/921/5 7244/880/5
f 7322/882/5 7323/923/5 7284/922/5 7283/881/5
f 7361/883/5 7362/924/5 7323/923/5 7322/882/5
f 7400/884/5 7401/925/5 7362/924/5 7361/883/5
f 7439/885/5 7440/926/5 7401/925/5 7400/884/5
f 7478/886/5 7479/927/5 7440/926/5 7439/885/5
f 7517/887/5 7518/928/5 7479/927/5 7478/886/5
f 7556/888/5 7557/929/5 7518/928/5 7517/887/5
f 7595/889/5 7596/930/5 7557/929/5 7556/888/5
f 7634/890/5 7635/931/5 7596/930/5 7595/889/5
f 7673/891/5 7674/932/5 7635/931/5 7634/890/5
f 7712/892/5 7713/933/5 7674/932/5 7673/891/5
f 7751/893/5 7752/934/5 7713/933/5 7712/892/5
f 7790/894/5 7791/935/5 7752/934/5 7751/893/5
f 7829/895/5 7830/936/5 7791/935/5 7790/894/5
f 7868/896/5 7869/937/5 7830/936/5 7829/895/5
f 7907/897/5 7908/938/5 7869/937/5 7868/896/5
f 7946/898/5 7947/939/5 7908/938/5 7907/897/5
f 7985/899/5 7986/940/5 7947/939/5 7946/898/5
f 8024/900/5 8025/941/5 7986/940/5 7985/899/5
f 8063/901/5 8064/942/5 8025/941/5 8024/900/5
f 2542/902/5 2583/943/5 8064/942/5 8063/901/5
f 6582/904/5 6583/945/5 5658/944/5 5699/903/5
f 6621/905/5 6622/946/5 6583/945/5 6582/904/5
f 6660/906/5 6661/947/5 6622/946/5 6621/905/5
f 6699/907/5 6700/948/5 6661/947/5 6660/906/5
f 6738/908/5 6739/949/5 6700/948/5 6699/907/5
f 6777/909/5 6778/950/5 6739/949/5 6738/908/5
f 6816/910/5 6817/951/5 6778/950/5 6777/909/5
f 6855/911/5 6856/952/5 6817/951/5 6816/910/5
f 6894/912/5 6895/953/5 6856/952/5 6855/911/5
f 6933/913/5 6934/954/5 6895/953/5 6894/912/5
f 6972/914/5 6973/955/5 6934/954/5 6933/913/5
f 7011/915/5 7012/956/5 6973/955/5 6972/914/5
f 7050/916/5 7051/957/5 7012/956/5 7011/915/5
f 7089/917/5 7090/958/5 7051/957/5 7050/916/5
f 7128/918/5 7129/959/5 7090/958/5 7089/917/5
f 7167/919/5 7168/960/5 7129/959/5 7128/918/5
f 7206/920/5 7207/961/5 7168/960/5 7167/919/5
f 7245/921/5 7246/962/5 7207/961/5 7206/920/5
f 7284/922/5 7285/963/5 7246/962/5 7245/921/5
f 7323/923/5 7324/964/5 7285/963/5 7284/922/5
f 7362/924/5 7363/965/5 7324/964/5 7323/923/5
f 7401/925/5 7402/966/5 7363/965/5 7362/924/5
f 7440/926/5 7441/967/5 7402/966/5 7401/925/5
f 7479/927/5 7480/968/5 7441/967/5 7440/926/5
f 7518/928/5 7519/969/5 7480/968/5 7479/927/5
f 7557/929/5 7558/970/5 7519/969/5 7518/928/5
f 7596/930/5 7597/971/5 7558/970/5 7557/929/5
f 7635/931/5 7636/972/5 7597/971/5 7596/930/5
f 7674/932/5 7675/973/5 7636/972/5 7635/931/5
f 7713/933/5 7714/974/5 7675/973/5 7674/932/5
f 7752/934/5 7753/975/5 7714/974/5 7713/933/5
f 7791/935/5 7792/976/5 7753/975/5 7752/934/5
f 7830/936/5 7831/977/5 7792/976/5 7791/935/5
f 7869/937/5 7870/978/5 7831/977/5 7830/936/5
f 7908/938/5 7909/979/5 7870/978/5 7869/937/5
f 7947/939/5 7948/980/5 7909/979/5 7908/938/5
f 7986/940/5 7987/981/5 7948/980/5 7947/939/5
f 8025/941/5 8026/982/5 7987/981/5 7986/940/5
f 8064/942/5 8065/983/5 8026/982/5 8025/941/5
f 2583/943/5 2624/984/5 8065/983/5 8064/942/5
f 6583/945/5 6584/986/5 5617/985/5 5658/944/5
f 6622/946/5 6623/987/5 6584/986/5 6583/945/5
f 6661/947/5 6662/988/5 6623/987/5 6622/946/5
f 6700/948/5 6701/989/5 6662/988/5 6661/947/5
f 6739/949/5 6740/990/5 6701/989/5 6700/948/5
f 6778/950/5 6779/991/5 6740/990/5 6739/949/5
f 6817/951/5 6818/992/5 6779/991/5 6778/950/5
f 6856/952/5 6857/993/5 6818/992/5 6817/951/5
f 6895/953/5 6896/994/5 6857/993/5 6856/952/5
f 6934/954/5 6935/995/5 6896/994/5 6895/953/5
f 6973/955/5 6974/996/5 6935/995/5 6934/954/5
f 7012/956/5 7013/997/5 6974/996/5 6973/955/5
f 7051/957/5 7052/998/5 7013/997/5 7012/956/5
f 7090/958/5 7091/999/5 7052/998/5 7051/957/5
f 7129/959/5 7130/1000/5 7091/999/5 7090/958/5
f 7168/960/5 7169/1001/5 7130/1000/5 7129/959/5
f 7207/961/5 7208/1002/5 7169/1001/5 7168/960/5
f 7246/962/5 7247/1003/5 7208/1002/5 7207/961/5
f 7285/963/5 7286/1004/5 7247/1003/5 7246/962/5
f 7324/964/5 7325/1005/5 7286/1004/5 7285/963/5
f 7363/965/5 7364/1006/5 7325/1005/5 7324/964/5
f 7402/966/5 7403/1007/5 7364/1006/5 7363/965/5
f 7441/967/5 7442/1008/5 7403/1007/5 7402/966/5
f 7480/968/5 7481/1009/5 7442/1008/5 7441/967/5
f 7519/969/5 7520/1010/5 7481/1009/5 7480/968/5
f 7558/970/5 7559/1011/5 7520/1010/5 7519/969/5
f 7597/971/5 7598/1012/5 7559/1011/5 7558/970/5
f 7636/972/5 7637/1013/5 7598/1012/5 7597/971/5
f 7675/973/5 7676/1014/5 7637/1013/5 7636/972/5
f 7714/974/5 7715/1015/5 7676/1014/5 7675/973/5
f 7753/975/5 7754/1016/5 7715/1015/5 7714/974/5
f 7792/976/5 7793/1017/5 7754/1016/5 7753/975/5
f 7831/977/5 7832/1018/5 7793/1017/5 7792/976/5
f 7870/978/5 7871/1019/5 7832/1018/5 7831/977/5
f 7909/979/5 7910/1020/5 7871/1019/5 7870/978/5
f 7948/980/5 7949/1021/5 7910/1020/5 7909/979/5
f 7987/981/5 7988/1022/5 7949/1021/5 7948/980/5
f 8026/982/5 8027/1023/5 7988/1022/5 7987/981/5
f 8065/983/5 8066/1024/5 8027/1023/5 8026/982/5
f 2624/984/5 2665/1025/5 8066/1024/5 8065/983/5
f 6584/986/5 6585/1027/5 5576/1026/5 5617/985/5
f 6623/987/5 6624/1028/5 6585/1027/5 6584/986/5
f 6662/988/5 6663/1029/5 6624/1028/5 6623/987/5
f 6701/989/5 6702/1030/5 6663/1029/5 6662/988/5
f 6740/990/5 6741/1031/5 6702/1030/5 6701/989/5
f 6779/991/5 6780/1032/5 6741/1031/5 6740/990/5
f 6818/992/5 6819/1033/5 6780/1032/5 6779/991/5
f 6857/993/5 6858/1034/5 6819/1033/5 6818/992/5
f 6896/994/5 6897/1035/5 6858/1034/5 6857/993/5
f 6935/995/5 6936/1036/5 6897/1035/5 6896/994/5
f 6974/996/5 6975/1037/5 6936/1036/5 6935/995/5
f 7013/997/5 7014/1038/5 6975/1037/5 6974/996/5
f 7052/998/5 7053/1039/5 7014/1038/5 7013/997/5
f 7091/999/5 7092/1040/5 7053/1039/5 7052/998/5
f 7130/1000/5 7131/1041/5 7092/1040/5 7091/999/5
f 7169/1001/5 7170/1042/5 7131/1041/5 7130/1000/5
f 7208/1002/5 7209/1043/5 7170/1042/5 7169/1001/5
f 7247/1003/5 7248/1044/5 7209/1043/5 7208/1002/5
f 7286/1004/5 7287/1045/5 7248/1044/5 7247/1003/5
f 7325/1005/5 7326/1046/5 7287/1045/5 7286/1004/5
f 7364/1006/5 7365/1047/5 7326/1046/5 7325/1005/5
f 7403/1007/5 7404/1048/5 7365/1047/5 7364/1006/5
f 7442/1008/5 7443/1049/5 7404/1048/5 7403/1007/5
f 7481/1009/5 7482/1050/5 7443/1049/5 7442/1008/5
f 7520/1010/5 7521/1051/5 7482/1050/5 7481/1009/5
f 7559/1011/5 7560/1052/5 7521/1051/5 7520/1010/5
f 7598/1012/5 7599/1053/5 7560/1052/5 7559/1011/5
f 7637/1013/5 7638/1054/5 7599/1053/5 7598/1012/5
f 7676/1014/5 7677/1055/5 7638/1054/5 7637/1013/5
f 7715/1015/5 7716/1056/5 7677/1055/5 7676/1014/5
f 7754/1016/5 7755/1057/5 7716/1056/5 7715/1015/5
f 7793/1017/5 7794/1058/5 7755/1057/5 7754/1016/5
f 7832/1018/5 7833/1059/5 7794/1058/5 7793/1017/5
f 7871/1019/5 7872/1060/5 7833/1059/5 7832/1018/5
f 7910/1020/5 7911/1061/5 7872/1060/5 7871/1019/5
f 7949/1021/5 7950/1062/5 7911/1061/5 7910/1020/5
f 7988/1022/5 7989/1063/5 7950/1062/5 7949/1021/5
f 8027/1023/5 8028/1064/5 7989/1063/5 7988/1022/5
f 8066/1024/5 8067/1065/5 8028/1064/5 8027/1023/5
f 2665/1025/5 2706/1066/5 8067/1065/5 8066/1024/5
f 6585/1027/5 6586/1068/5 5535/1067/5 5576/1026/5
f 6624/1028/5 6625/1069/5 6586/1068/5 6585/1027/5
f 6663/1029/5 6664/1070/5 6625/1069/5 6624/1028/5
f 6702/1030/5 6703/1071/5 6664/1070/5 6663/1029/5
f 6741/1031/5 6742/1072/5 6703/1071/5 6702/1030/5
f 6780/1032/5 6781/1073/5 6742/1072/5 6741/1031/5
f 6819/1033/5 6820/1074/5 6781/1073/5 6780/1032/5
f 6858/1034/5 6859/1075/5 6820/1074/5 6819/1033/5
f 6897/1035/5 6898/1076/5 6859/1075/5 6858/1034/5
f 6936/1036/5 6937/1077/5 6898/1076/5 6897/1035/5
f 6975/1037/5 6976/1078/5 6937/1077/5 6936/1036/5
f 7014/1038/5 7015/1079/5 6976/1078/5 6975/1037/5
f 7053/1039/5 7054/1080/5 7015/1079/5 7014/1038/5
f 7092/1040/5 7093/1081/5 7054/1080/5 7053/1039/5
f 7131/1041/5 7132/1082/5 7093/1081/5 7092/1040/5
f 7170/1042/5 7171/1083/5 7132/1082/5 7131/1041/5
f 7209/1043/5 7210/1084/5 7171/1083/5 7170/1042/5
f 7248/1044/5 7249/1085/5 7210/1084/5 7209/1043/5
f 7287/1045/5 7288/1086/5 7249/1085/5 7248/1044/5
f 7326/1046/5 7327/1087/5 7288/1086/5 7287/1045/5
f 7365/1047/5 7366/1088/5 7327/1087/5 7326/1046/5
f 7404/1048/5 7405/1089/5 7366/1088/5 7365/1047/5
f 7443/1049/5 7444/1090/5 7405/1089/5 7404/1048/5
f 7482/1050/5 7483/1091/5 7444/1090/5 7443/1049/5
f 7521/1051/5 7522/1092/5 7483/1091/5 7482/1050/5
f 7560/1052/5 7561/1093/5 7522/1092/5 7521/1051/5
f 7599/1053/5 7600/1094/5 7561/1093/5 7560/1052/5
f 7638/1054/5 7639/1095/5 7600/1094/5 7599/1053/5
f 7677/1055/5 7678/1096/5 7639/1095/5 7638/1054/5
f 7716/1056/5 7717/1097/5 7678/1096/5 7677/1055/5
f 7755/1057/5 7756/1098/5 7717/1097/5 7716/1056/5
f 7794/1058/5 7795/1099/5 7756/1098/5 7755/1057/5
f 7833/1059/5 7834/1100/5 7795/1099/5 7794/1058/5
f 7872/1060/5 7873/1101/5 7834/1100/5 7833/1059/5
f 7911/1061/5 7912/1102/5 7873/1101/5 7872/1060/5
f 7950/1062/5 7951/1103/5 7912/1102/5 7911/1061/5
f 7989/1063/5 7990/1104/5 7951/1103/5 7950/1062/5
f 8028/1064/5 8029/1105/5 7990/1104/5 7989/1063/5
f 8067/1065/5 8068/1106/5 8029/1105/5 8028/1064/5
f 2706/1066/5 2747/1107/5 8068/1106/5 8067/1065/5
f 6586/1068/5 6587/1109/5 5494/1108/5 5535/1067/5
f 6625/1069/5 6626/1110/5 6587/1109/5 6586/1068/5
f 6664/1070/5 6665/1111/5 6626/1110/5 6625/1069/5
f 6703/1071/5 6704/1112/5 6665/1111/5 6664/1070/5
f 6742/1072/5 6743/1113/5 6704/1112/5 6703/1071/5
f 6781/1073/5 6782/1114/5 6743/1113/5 6742/1072/5
f 6820/1074/5 6821/1115/5 6782/1114/5 6781/1073/5
f 6859/1075/5 6860/1116/5 6821/1115/5 6820/1074/5
f 6898/1076/5 6899/1117/5 6860/1116/5 6859/1075/5
f 6937/1077/5 6938/1118/5 6899/1117/5 6898/1076/5
f 6976/1078/5 6977/1119/5 6938/1118/5 6937/1077/5
f 7015/1079/5 7016/1120/5 6977/1119/5 6976/1078/5
f 7054/1080/5 7055/1121/5 7016/1120/5 7015/1079/5
f 7093/1081/5 7094/1122/5 7055/1121/5 7054/1080/5
f 7132/1082/5 7133/1123/5 7094/1122/5 7093/1081/5
f 7171/1083/5 7172/1124/5 7133/1123/5 7132/1082/5
f 7210/1084/5 7211/1125/5 7172/1124/5 7171/1083/5
f 7249/1085/5 7250/1126/5 7211/1125/5 7210/1084/5
f 7288/1086/5 7289/1127/5 7250/1126/5 7249/1085/5
f 7327/1087/5 7328/1128/5 7289/1127/5 7288/1086/5
f 7366/1088/5 7367/1129/5 7328/1128/5 7327/1087/5
f 7405/1089/5 7406/1130/5 7367/1129/5 7366/1088/5
f 7444/1090/5 7445/1131/5 7406/1130/5 7405/1089/5
f 7483/1091/5 7484/1132/5 7445/1131/5 7444/1090/5
f 7522/1092/5 7523/1133/5 7484/1132/5 7483/1091/5
f 7561/1093/5 7562/1134/5 7523/1133/5 7522/1092/5
f 7600/1094/5 7601/1135/5 7562/1134/5 7561/1093/5
f 7639/1095/5 7640/1136/5 7601/1135/5 7600/1094/5
f 7678/1096/5 7679/1137/5 7640/1136/5 7639/1095/5
f 7717/1097/5 7718/1138/5 7679/1137/5 7678/1096/5
f 7756/1098/5 7757/1139/5 7718/1138/5 7717/1097/5
f 7795/1099/5 7796/1140/5 7757/1139/5 7756/1098/5
f 7834/1100/5 7835/1141/5 7796/1140/5 7795/1099/5
f 7873/1101/5 7874/1142/5 7835/1141/5 7834/1100/5
f 7912/1102/5 7913/1143/5 7874/1142/5 7873/1101/5
f 7951/1103/5 7952/1144/5 7913/1143/5 7912/1102/5
f 7990/1104/5 7991/1145/5 7952/1144/5 7951/1103/5
f 8029/1105/5 8030/1146/5 7991/1145/5 7990/1104/5
f 8068/1106/5 8069/1147/5 8030/1146/5 8029/1105/5
f 2747/1107/5 2788/1148/5 8069/1147/5 8068/1106/5
f 6587/1109/5 6588/1150/5 5453/1149/5 5494/1108/5
f 6626/1110/5 6627/1151/5 6588/1150/5 6587/1109/5
f 6665/1111/5 6666/1152/5 6627/1151/5 6626/1110/5
f 6704/1112/5 6705/1153/5 6666/1152/5 6665/1111/5
f 6743/1113/5 6744/1154/5 6705/1153/5 6704/1112/5
f 6782/1114/5 6783/1155/5 6744/1154/5 6743/1113/5
f 6821/1115/5 6822/1156/5 6783/1155/5 6782/1114/5
f 6860/1116/5 6861/1157/5 6822/1156/5 6821/1115/5
f 6899/1117/5 6900/1158/5 6861/1157/5 6860/1116/5
f 6938/1118/5 6939/1159/5 6900/1158/5 6899/1117/5
f 6977/1119/5 6978/1160/5 6939/1159/5 6938/1118/5
f 7016/1120/5 7017/1161/5 6978/1160/5 6977/1119/5
f 7055/1121/5 7056/1162/5 7017/1161/5 7016/1120/5
f 7094/1122/5 7095/1163/5 7056/1162/5 7055/1121/5
f 7133/1123/5 7134/1164/5 7095/1163/5 7094/1122/5
f 7172/1124/5 7173/1165/5 7134/1164/5 7133/1123/5
f 7211/1125/5 7212/1166/5 7173/1165/5 7172/1124/5
f 7250/1126/5 7251/1167/5 7212/1166/5 7211/1125/5
f 7289/1127/5 7290/1168/5 7251/1167/5 7250/1126/5
f 7328/1128/5 7329/1169/5 7290/1168/5 7289/1127/5
f 7367/1129/5 7368/1170/5 7329/1169/5 7328/1128/5
f 7406/1130/5 7407/1171/5 7368/1170/5 7367/1129/5
f 7445/1131/5 7446/1172/5 7407/1171/5 7406/1130/5
f 7484/1132/5 7485/1173/5 7446/1172/5 7445/1131/5
f 7523/1133/5 7524/1174/5 7485/1173/5 7484/1132/5
f 7562/1134/5 7563/1175/5 7524/1174/5 7523/1133/5
f 7601/1135/5 7602/1176/5 7563/1175/5 7562/1134/5
f 7640/1136/5 7641/1177/5 7602/1176/5 7601/1135/5
f 7679/1137/5 7680/1178/5 7641/1177/5 7640/1136/5
f 7718/1138/5 7719/1179/5 7680/1178/5 7679/1137/5
f 7757/1139/5 7758/1180/5 7719/1179/5 7718/1138/5
f 7796/1140/5 7797/1181/5 7758/1180/5 7757/1139/5
f 7835/1141/5 7836/1182/5 7797/1181/5 7796/1140/5
f 7874/1142/5 7875/1183/5 7836/1182/5 7835/1141/5
f 7913/1143/5 7914/1184/5 7875/1183/5 7874/1142/5
f 7952/1144/5 7953/1185/5 7914/1184/5 7913/1143/5
f 7991/1145/5 7992/1186/5 7953/1185/5 7952/1144/5
f 8030/1146/5 8031/1187/5 7992/1186/5 7991/1145/5
f 8069/1147/5 8070/1188/5 8031/1187/5 8030/1146/5
f 2788/1148/5 2829/1189/5 8070/1188/5 8069/1147/5
f 6588/1150/5 6589/1191/5 5412/1190/5 5453/1149/5
f 6627/1151/5 6628/1192/5 6589/1191/5 6588/1150/5
f 6666/1152/5 6667/1193/5 6628/1192/5 6627/1151/5
f 6705/1153/5 6706/1194/5 6667/1193/5 6666/1152/5
f 6744/1154/5 6745/1195/5 6706/1194/5 6705/1153/5
f 6783/1155/5 6784/1196/5 6745/1195/5 6744/1154/5
f 6822/1156/5 6823/1197/5 6784/1196/5 6783/1155/5
f 6861/1157/5 6862/1198/5 6823/1197/5 6822/1156/5
f 6900/1158/5 6901/1199/5 6862/1198/5 6861/1157/5
f 6939/1159/5 6940/1200/5 6901/1199/5 6900/1158/5
f 6978/1160/5 6979/1201/5 6940/1200/5 6939/1159/5
f 7017/1161/5 7018/1202/5 6979/1201/5 6978/1160/5
f 7056/1162/5 7057/1203/5 7018/1202/5 7017/1161/5
f 7095/1163/5 7096/1204/5 7057/1203/5 7056/1162/5
f 7134/1164/5 7135/1205/5 7096/1204/5 7095/1163/5
f 7173/1165/5 7174/1206/5 7135/1205/5 7134/1164/5
f 7212/1166/5 7213/1207/5 7174/1206/5 7173/1165/5
f 7251/1167/5 7252/1208/5 7213/1207/5 7212/1166/5
f 7290/1168/5 7291/1209/5 7252/1208/5 7251/1167/5
f 7329/1169/5 7330/1210/5 7291/1209/5 7290/1168/5
f 7368/1170/5 7369/1211/5 7330/1210/5 7329/1169/5
f 7407/1171/5 7408/1212/5 7369/1211/5 7368/1170/5
f 7446/1172/5 7447/1213/5 7408/1212/5 7407/1171/5
f 7485/1173/5 7486/1214/5 7447/1213/5 7446/1172/5
f 7524/1174/5 7525/1215/5 7486/1214/5 7485/1173/5
f 7563/1175/5 7564/1216/5 7525/1215/5 7524/1174/5
f 7602/1176/5 7603/1217/5 7564/1216/5 7563/1175/5
f 7641/1177/5 7642/1218/5 7603/1217/5 7602/1176/5
f 7680/1178/5 7681/1219/5 7642/1218/5 7641/1177/5
f 7719/1179/5 7720/1220/5 7681/1219/5 7680/1178/5
f 7758/1180/5 7759/1221/5 7720/1220/5 7719/1179/5
f 7797/1181/5 7798/1222/5 7759/1221/5 7758/1180/5
f 7836/1182/5 7837/1223/5 7798/1222/5 7797/1181/5
f 7875/1183/5 7876/1224/5 7837/1223/5 7836/1182/5
f 7914/1184/5 7915/1225/5 7876/1224/5 7875/1183/5
f 7953/1185/5 7954/1226/5 7915/1225/5 7914/1184/5
f 7992/1186/5 7993/1227/5 7954/1226/5 7953/1185/5
f 8031/1187/5 8032/1228/5 7993/1227/5 7992/1186/5
f 8070/1188/5 8071/1229/5 8032/1228/5 8031/1187/5
f 2829/1189/5 2870/1230/5 8071/1229/5 8070/1188/5
f 6589/1191/5 6590/1232/5 5371/1231/5 5412/1190/5
f 6628/1192/5 6629/1233/5 6590/1232/5 6589/1191/5
f 6667/1193/5 6668/1234/5 6629/1233/5 6628/1192/5
f 6706/1194/5 6707/1235/5 6668/1234/5 6667/1193/5
f 6745/1195/5 6746/1236/5 6707/1235/5 6706/1194/5
f 6784/1196/5 6785/1237/5 6746/1236/5 6745/1195/5
f 6823/1197/5 6824/1238/5 6785/1237/5 6784/1196/5
f 6862/1198/5 6863/1239/5 6824/1238/5 6823/1197/5
f 6901/1199/5 6902/1240/5 6863/1239/5 6862/1198/5
f 6940/1200/5 6941/1241/5 6902/1240/5 6901/1199/5
f 6979/1201/5 6980/1242/5 6941/1241/5 6940/1200/5
f 7018/1202/5 7019/1243/5 6980/1242/5 6979/1201/5
f 7057/1203/5 7058/1244/5 7019/1243/5 7018/1202/5
f 7096/1204/5 7097/1245/5 7058/1244/5 7057/1203/5
f 7135/1205/5 7136/1246/5 7097/1245/5 7096/1204/5
f 7174/1206/5 7175/1247/5 7136/1246/5 7135/1205/5
f 7213/1207/5 7214/1248/5 7175/1247/5 7174/1206/5
f 7252/1208/5 7253/1249/5 7214/1248/5 7213/1207/5
f 7291/1209/5 7292/1250/5 7253/1249/5 7252/1208/5
f 7330/1210/5 7331/1251/5 7292/1250/5 7291/1209/5
f 7369/1211/5 7370/1252/5 7331/1251/5 7330/1210/5
f 7408/1212/5 7409/1253/5 7370/1252/5 7369/1211/5
f 7447/1213/5 7448/1254/5 7409/1253/5 7408/1212/5
f 7486/1214/5 7487/1255/5 7448/1254/5 7447/1213/5
f 7525/1215/5 7526/1256/5 7487/1255/5 7486/1214/5
f 7564/1216/5 7565/1257/5 7526/1256/5 7525/1215/5
f 7603/1217/5 7604/1258/5 7565/1257/5 7564/1216/5
f 7642/1218/5 7643/1259/5 7604/1258/5 7603/1217/5
f 7681/1219/5 7682/1260/5 7643/1259/5 7642/1218/5
f 7720/1220/5 7721/1261/5 7682/1260/5 7681/1219/5
f 7759/1221/5 7760/1262/5 7721/1261/5 7720/1220/5
f 7798/1222/5 7799/1263/5 7760/1262/5 7759/1221/5
f 7837/1223/5 7838/1264/5 7799/1263/5 7798/1222/5
f 7876/1224/5 7877/1265/5 7838/1264/5 7837/1223/5
f 7915/1225/5 7916/1266/5 7877/1265/5 7876/1224/5
f 7954/1226/5 7955/1267/5 7916/1266/5 7915/1225/5
f 7993/1227/5 7994/1268/5 7955/1267/5 7954/1226/5
f 8032/1228/5 8033/1269/5 7994/1268/5 7993/1227/5
f 8071/1229/5 8072/1270/5 8033/1269/5 8032/1228/5
f 2870/1230/5 2911/1271/5 8072/1270/5 8071/1229/5
f 6590/1232/5 6591/1273/5 5330/1272/5 5371/1231/5
f 6629/1233/5 6630/1274/5 6591/1273/5 6590/1232/5
f 6668/1234/5 6669/1275/5 6630/1274/5 6629/1233/5
f 6707/1235/5 6708/1276/5 6669/1275/5 6668/1234/5
f 6746/1236/5 6747/1277/5 6708/1276/5 6707/1235/5
f 6785/1237/5 6786/1278/5 6747/1277/5 6746/1236/5
f 6824/1238/5 6825/1279/5 6786/1278/5 6785/1237/5
f 6863/1239/5 6864/1280/5 6825/1279/5 6824/1238/5
f 6902/1240/5 6903/1281/5 6864/1280/5 6863/1239/5
f 6941/1241/5 6942/1282/5 6903/1281/5 6902/1240/5
f 6980/1242/5 6981/1283/5 6942/1282/5 6941/1241/5
f 7019/1243/5 7020/1284/5 6981/1283/5 6980/1242/5
f 7058/1244/5 7059/1285/5 7020/1284/5 7019/1243/5
f 7097/1245/5 7098/1286/5 7059/1285/5 7058/1244/5
f 7136/1246/5 7137/1287/5 7098/1286/5 7097/1245/5
f 7175/1247/5 7176/1288/5 7137/1287/5 7136/1246/5
f 7214/1248/5 7215/1289/5 7176/1288/5 7175/1247/5
f 7253/1249/5 7254/1290/5 7215/1289/5 7214/1248/5
f 7292/1250/5 7293/1291/5 7254/1290/5 7253/1249/5
f 7331/1251/5 7332/1292/5 7293/1291/5 7292/1250/5
f 7370/1252/5 7371/1293/5 7332/1292/5 7331/1251/5
f 7409/1253/5 7410/1294/5 7371/1293/5 7370/1252/5
f 7448/1254/5 7449/1295/5 7410/1294/5 7409/1253/5
f 7487/1255/5 7488/1296/5 7449/1295/5 7448/1254/5
f 7526/1256/5 7527/1297/5 7488/1296/5 7487/1255/5
f 7565/1257/5 7566/1298/5 7527/1297/5 7526/1256/5
f 7604/1258/5 7605/1299/5 7566/1298/5 7565/1257/5
f 7643/1259/5 7644/1300/5 7605/1299/5 7604/1258/5
f 7682/1260/5 7683/1301/5 7644/1300/5 7643/1259/5
f 7721/1261/5 7722/1302/5 7683/1301/5 7682/1260/5
f 7760/1262/5 7761/1303/5 7722/1302/5 7721/1261/5
f 7799/1263/5 7800/1304/5 7761/1303/5 7760/1262/5
f 7838/1264/5 7839/1305/5 7800/1304/5 7799/1263/5
f 7877/1265/5 7878/1306/5 7839/1305/5 7838/1264/5
f 7916/1266/5 7917/1307/5 7878/1306/5 7877/1265/5
f 7955/1267/5 7956/1308/5 7917/1307/5 7916/1266/5
f 7994/1268/5 7995/1309/5 7956/1308/5 7955/1267/5
f 8033/1269/5 8034/1310/5 7995/1309/5 7994/1268/5
f 8072/1270/5 8073/1311/5 8034/1310/5 8033/1269/5
f 2911/1271/5 2952/1312/5 8073/1311/5 8072/1270/5
f 6591/1273/5 6592/1314/5 5289/1313/5 5330/1272/5
f 6630/1274/5 6631/1315/5 6592/1314/5 6591/1273/5
f 6669/1275/5 6670/1316/5 6631/1315/5 6630/1274/5
f 6708/1276/5 6709/1317/5 6670/1316/5 6669/1275/5
f 6747/1277/5 6748/1318/5 6709/1317/5 6708/1276/5
f 6786/1278/5 6787/1319/5 6748/1318/5 6747/1277/5
f 6825/1279/5 6826/1320/5 6787/1319/5 6786/1278/5
f 6864/1280/5 6865/1321/5 6826/1320/5 6825/1279/5
f 6903/1281/5 6904/1322/5 6865/1321/5 6864/1280/5
f 6942/1282/5 6943/1323/5 6904/1322/5 6903/1281/5
f 6981/1283/5 6982/1324/5 6943/1323/5 6942/1282/5
f 7020/1284/5 7021/1325/5 6982/1324/5 6981/1283/5
f 7059/1285/5 7060/1326/5 7021/1325/5 7020/1284/5
f 7098/1286/5 7099/1327/5 7060/1326/5 7059/1285/5
f 7137/1287/5 7138/1328/5 7099/1327/5 7098/1286/5
f 7176/1288/5 7177/1329/5 7138/1328/5 7137/1287/5
f 7215/1289/5 7216/1330/5 7177/1329/5 7176/1288/5
f 7254/1290/5 7255/1331/5 7216/1330/5 7215/1289/5
f 7293/1291/5 7294/1332/5 7255/1331/5 7254/1290/5
f 7332/1292/5 7333/1333/5 7294/1332/5 7293/1291/5
f 7371/1293/5 7372/1334/5 7333/1333/5 7332/1292/5
f 7410/1294/5 7411/1335/5 7372/1334/5 7371/1293/5
f 7449/1295/5 7450/1336/5 7411/1335/5 7410/1294/5
f 7488/1296/5 7489/1337/5 7450/1336/5 7449/1295/5
f 7527/1297/5 7528/1338/5 7489/1337/5 7488/1296/5
f 7566/1298/5 7567/1339/5 7528/1338/5 7527/1297/5
f 7605/1299/5 7606/1340/5 7567/1339/5 7566/1298/5
f 7644/1300/5 7645/1341/5 7606/1340/5 7605/1299/5
f 7683/1301/5 7684/1342/5 7645/1341/5 7644/1300/5
f 7722/1302/5 7723/1343/5 7684/1342/5 7683/1301/5
f 7761/1303/5 7762/1344/5 7723/1343/5 7722/1302/5
f 7800/1304/5 7801/1345/5 7762/1344/5 7761/1303/5
f 7839/1305/5 7840/1346/5 7801/1345/5 7800/1304/5
f 7878/1306/5 7879/1347/5 7840/1346/5 7839/1305/5
f 7917/1307/5 7918/1348/5 7879/1347/5 7878/1306/5
f 7956/1308/5 7957/1349/5 7918/1348/5 7917/1307/5
f 7995/1309/5 7996/1350/5 7957/1349/5 7956/1308/5
f 8034/1310/5 8035/1351/5 7996/1350/5 7995/1309/5
f 8073/1311/5 8074/1352/5 8035/1351/5 8034/1310/5
f 2952/1312/5 2993/1353/5 8074/1352/5 8073/1311/5
f 6592/1314/5 6593/1355/5 5248/1354/5 5289/1313/5
f 6631/1315/5 6632/1356/5 6593/1355/5 6592/1314/5
f 6670/1316/5 6671/1357/5 6632/1356/5 6631/1315/5
f 6709/1317/5 6710/1358/5 6671/1357/5 6670/1316/5
f 6748/1318/5 6749/1359/5 6710/1358/5 6709/1317/5
f 6787/1319/5 6788/1360/5 6749/1359/5 6748/1318/5
f 6826/1320/5 6827/1361/5 6788/1360/5 6787/1319/5
f 6865/1321/5 6866/1362/5 6827/1361/5 6826/1320/5
f 6904/1322/5 6905/1363/5 6866/1362/5 6865/1321/5
f 6943/1323/5 6944/1364/5 6905/1363/5 6904/1322/5
f 6982/1324/5 6983/1365/5 6944/1364/5 6943/1323/5
f 7021/1325/5 7022/1366/5 6983/1365/5 6982/1324/5
f 7060/1326/5 7061/1367/5 7022/1366/5 7021/1325/5
f 7099/1327/5 7100/1368/5 7061/1367/5 7060/1326/5
f 7138/1328/5 7139/1369/5 7100/1368/5 7099/1327/5
f 7177/1329/5 7178/1370/5 7139/1369/5 7138/1328/5
f 7216/1330/5 7217/1371/5 7178/1370/5 7177/1329/5
f 7255/1331/5 7256/1372/5 7217/1371/5 7216/1330/5
f 7294/1332/5 7295/1373/5 7256/1372/5 7255/1331/5
f 7333/1333/5 7334/1374/5 7295/1373/5 7294/1332/5
f 7372/1334/5 7373/1375/5 7334/1374/5 7333/1333/5
f 7411/1335/5 7412/1376/5 7373/1375/5 7372/1334/5
f 7450/1336/5 7451/1377/5 7412/1376/5 7411/1335/5
f 7489/1337/5 7490/1378/5 7451/1377/5 7450/1336/5
f 7528/1338/5 7529/1379/5 7490/1378/5 7489/1337/5
f 7567/1339/5 7568/1380/5 7529/1379/5 7528/1338/5
f 7606/1340/5 7607/1381/5 7568/1380/5 7567/1339/5
f 7645/1341/5 7646/1382/5 7607/1381/5 7606/1340/5
f 7684/1342/5 7685/1383/5 7646/1382/5 7645/1341/5
f 7723/1343/5 7724/1384/5 7685/1383/5 7684/1342/5
f 7762/1344/5 7763/1385/5 7724/1384/5 7723/1343/5
f 7801/1345/5 7802/1386/5 7763/1385/5 7762/1344/5
f 7840/1346/5 7841/1387/5 7802/1386/5 7801/1345/5
f 7879/1347/5 7880/1388/5 7841/1387/5 7840/1346/5
f 7918/1348/5 7919/1389/5 7880/1388/5 7879/1347/5
f 7957/1349/5 7958/1390/5 7919/1389/5 7918/1348/5
f 7996/1350/5 7997/1391/5 7958/1390/5 7957/1349/5
f 8035/1351/5 8036/1392/5 7997/1391/5 7996/1350/5
f 8074/1352/5 8075/1393/5 8036/1392/5 8035/1351/5
f 2993/1353/5 3034/1394/5 8075/1393/5 8074/1352/5
f 6593/1355/5 6594/1396/5 5207/1395/5 5248/1354/5
f 6632/1356/5 6633/1397/5 6594/1396/5 6593/1355/5
f 6671/1357/5 6672/1398/5 6633/1397/5 6632/1356/5
f 6710/1358/5 6711/1399/5 6672/1398/5 6671/1357/5
f 6749/1359/5 6750/1400/5 6711/1399/5 6710/1358/5
f 6788/1360/5 6789/1401/5 6750/1400/5 6749/1359/5
f 6827/1361/5 6828/1402/5 6789/1401/5 6788/1360/5
f 6866/1362/5 6867/1403/5 6828/1402/5 6827/1361/5
f 6905/1363/5 6906/1404/5 6867/1403/5 6866/1362/5
f 6944/1364/5 6945/1405/5 6906/1404/5 6905/1363/5
f 6983/1365/5 6984/1406/5 6945/1405/5 6944/1364/5
f 7022/1366/5 7023/1407/5 6984/1406/5 6983/1365/5
f 7061/1367/5 7062/1408/5 7023/1407/5 7022/1366/5
f 7100/1368/5 7101/1409/5 7062/1408/5 7061/1367/5
f 7139/1369/5 7140/1410/5 7101/1409/5 7100/1368/5
f 7178/1370/5 7179/1411/5 7140/1410/5 7139/1369/5
f 7217/1371/5 7218/1412/5 7179/1411/5 7178/1370/5
f 7256/1372/5 7257/1413/5 7218/1412/5 7217/1371/5
f 7295/1373/5 7296/1414/5 7257/1413/5 7256/1372/5
f 7334/1374/5 7335/1415/5 7296/1414/5 7295/1373/5
f 7373/1375/5 7374/1416/5 7335/1415/5 7334/1374/5
f 7412/1376/5 7413/1417/5 7374/1416/5 7373/1375/5
f 7451/1377/5 7452/1418/5 7413/1417/5 7412/1376/5
f 7490/1378/5 7491/1419/5 7452/1418/5 7451/1377/5
f 7529/1379/5 7530/1420/5 7491/1419/5 7490/1378/5
f 7568/1380/5 7569/1421/5 7530/1420/5 7529/1379/5
f 7607/1381/5 7608/1422/5 7569/1421/5 7568/1380/5
f 7646/1382/5 7647/1423/5 7608/1422/5 7607/1381/5
f 7685/1383/5 7686/1424/5 7647/1423/5 7646/1382/5
f 7724/1384/5 7725/1425/5 7686/1424/5 7685/1383/5
f 7763/1385/5 7764/1426/5 7725/1425/5 7724/1384/5
f 7802/1386/5 7803/1427/5 7764/1426/5 7763/1385/5
f 7841/1387/5 7842/1428/5 7803/1427/5 7802/1386/5
f 7880/1388/5 7881/1429/5 7842/1428/5 7841/1387/5
f 7919/1389/5 7920/1430/5 7881/1429/5 7880/1388/5
f 7958/1390/5 7959/1431/5 7920/1430/5 7919/1389/5
f 7997/1391/5 7998/1432/5 7959/1431/5 7958/1390/5
f 8036/1392/5 8037/1433/5 7998/1432/5 7997/1391/5
f 8075/1393/5 8076/1434/5 8037/1433/5 8036/1392/5
f 3034/1394/5 3075/1435/5 8076/1434/5 8075/1393/5
f 6594/1396/5 6595/1437/5 5166/1436/5 5207/1395/5
f 6633/1397/5 6634/1438/5 6595/1437/5 6594/1396/5
f 6672/1398/5 6673/1439/5 6634/1438/5 6633/1397/5
f 6711/1399/5 6712/1440/5 6673/1439/5 6672/1398/5
f 6750/1400/5 6751/1441/5 6712/1440/5 6711/1399/5
f 6789/1401/5 6790/1442/5 6751/1441/5 6750/1400/5
f 6828/1402/5 6829/1443/5 6790/1442/5 6789/1401/5
f 6867/1403/5 6868/1444/5 6829/1443/5 6828/1402/5
f 6906/1404/5 6907/1445/5 6868/1444/5 6867/1403/5
f 6945/1405/5 6946/1446/5 6907/1445/5 6906/1404/5
f 6984/1406/5 6985/1447/5 6946/1446/5 6945/1405/5
f 7023/1407/5 7024/1448/5 6985/1447/5 6984/1406/5
f 7062/1408/5 7063/1449/5 7024/1448/5 7023/1407/5
f 7101/1409/5 7102/1450/5 7063/1449/5 7062/1408/5
f 7140/1410/5 7141/1451/5 7102/1450/5 7101/1409/5
f 7179/1411/5 7180/1452/5 7141/1451/5 7140/1410/5
f 7218/1412/5 7219/1453/5 7180/1452/5 7179/1411/5
f 7257/1413/5 7258/1454/5 7219/1453/5 7218/1412/5
f 7296/1414/5 7297/1455/5 7258/1454/5 7257/1413/5
f 7335/1415/5 7336/1456/5 7297/1455/5 7296/1414/5
f 7374/1416/5 7375/1457/5 7336/1456/5 7335/1415/5
f 7413/1417/5 7414/1458/5 7375/1457/5 7374/1416/5
f 7452/1418/5 7453/1459/5 7414/1458/5 7413/1417/5
f 7491/1419/5 7492/1460/5 7453/1459/5 7452/1418/5
f 7530/1420/5 7531/1461/5 7492/1460/5 7491/1419/5
f 7569/1421/5 7570/1462/5 7531/1461/5 7530/1420/5
f 7608/1422/5 7609/1463/5 7570/1462/5 7569/1421/5
f 7647/1423/5 7648/1464/5 7609/1463/5 7608/1422/5
f 7686/1424/5 7687/1465/5 7648/1464/5 7647/1423/5
f 7725/1425/5 7726/1466/5 7687/1465/5 7686/1424/5
f 7764/1426/5 7765/1467/5 7726/1466/5 7725/1425/5
f 7803/1427/5 7804/1468/5 7765/1467/5 7764/1426/5
f 7842/1428/5 7843/1469/5 7804/1468/5 7803/1427/5
f 7881/1429/5 7882/1470/5 7843/1469/5 7842/1428/5
f 7920/1430/5 7921/1471/5 7882/1470/5 7881/1429/5
f 7959/1431/5 7960/1472/5 7921/1471/5 7920/1430/5
f 7998/1432/5 7999/1473/5 7960/1472/5 7959/1431/5
f 8037/1433/5 8038/1474/5 7999/1473/5 7998/1432/5
f 8076/1434/5 8077/1475/5 8038/1474/5 8037/1433/5
f 3075/1435/5 3116/1476/5 8077/1475/5 8076/1434/5
f 6595/1437/5 6596/1478/5 5125/1477/5 5166/1436/5
f 6634/1438/5 6635/1479/5 6596/1478/5 6595/1437/5
f 6673/1439/5 6674/1480/5 6635/1479/5 6634/1438/5
f 6712/1440/5 6713/1481/5 6674/1480/5 6673/1439/5
f 6751/1441/5 6752/1482/5 6713/1481/5 6712/1440/5
f 6790/1442/5 6791/1483/5 6752/1482/5 6751/1441/5
f 6829/1443/5 6830/1484/5 6791/1483/5 6790/1442/5
f 6868/1444/5 6869/1485/5 6830/1484/5 6829/1443/5
f 6907/1445/5 6908/1486/5 6869/1485/5 6868/1444/5
f 6946/1446/5 6947/1487/5 6908/1486/5 6907/1445/5
f 6985/1447/5 6986/1488/5 6947/1487/5 6946/1446/5
f 7024/1448/5 7025/1489/5 6986/1488/5 6985/1447/5
f 7063/1449/5 7064/1490/5 7025/1489/5 7024/1448/5
f 7102/1450/5 7103/1491/5 7064/1490/5 7063/1449/5
f 7141/1451/5 7142/1492/5 7103/1491/5 7102/1450/5
f 7180/1452/5 7181/1493/5 7142/1492/5 7141/1451/5
f 7219/1453/5 7220/1494/5 7181/1493/5 7180/1452/5
f 7258/1454/5 7259/1495/5 7220/1494/5 7219/1453/5
f 7297/1455/5 7298/1496/5 7259/1495/5 7258/1454/5
f 7336/1456/5 7337/1497/5 7298/1496/5 7297/1455/5
f 7375/1457/5 7376/1498/5 7337/1497/5 7336/1456/5
f 7414/1458/5 7415/1499/5 7376/1498/5 7375/1457/5
f 7453/1459/5 7454/1500/5 7415/1499/5 7414/1458/5
f 7492/1460/5 7493/1501/5 7454/1500/5 7453/1459/5
f 7531/1461/5 7532/1502/5 7493/1501/5 7492/1460/5
f 7570/1462/5 7571/1503/5 7532/1502/5 7531/1461/5
f 7609/1463/5 7610/1504/5 7571/1503/5 7570/1462/5
f 7648/1464/5 7649/1505/5 7610/1504/5 7609/1463/5
f 7687/1465/5 7688/1506/5 7649/1505/5 7648/1464/5
f 7726/1466/5 7727/1507/5 7688/1506/5 7687/1465/5
f 7765/1467/5 7766/1508/5 7727/1507/5 7726/1466/5
f 7804/1468/5 7805/1509/5 7766/1508/5 7765/1467/5
f 7843/1469/5 7844/1510/5 7805/1509/5 7804/1468/5
f 7882/1470/5 7883/1511/5 7844/1510/5 7843/1469/5
f 7921/1471/5 7922/1512/5 7883/1511/5 7882/1470/5
f 7960/1472/5 7961/1513/5 7922/1512/5 7921/1471/5
f 7999/1473/5 8000/1514/5 7961/1513/5 7960/1472/5
f 8038/1474/5 8039/1515/5 8000/1514/5 7999/1473/5
f 8077/1475/5 8078/1516/5 8039/1515/5 8038/1474/5
f 3116/1476/5 3157/1517/5 8078/1516/5 8077/1475/5
f 6596/1478/5 6597/1519/5 5084/1518/5 5125/1477/5
f 6635/1479/5 6636/1520/5 6597/1519/5 6596/1478/5
f 6674/1480/5 6675/1521/5 6636/1520/5 6635/1479/5
f 6713/1481/5 6714/1522/5 6675/1521/5 6674/1480/5
f 6752/1482/5 6753/1523/5 6714/1522/5 6713/1481/5
f 6791/1483/5 6792/1524/5 6753/1523/5 6752/1482/5
f 6830/1484/5 6831/1525/5 6792/1524/5 6791/1483/5
f 6869/1485/5 6870/1526/5 6831/1525/5 6830/1484/5
f 6908/1486/5 6909/1527/5 6870/1526/5 6869/1485/5
f 6947/1487/5 6948/1528/5 6909/1527/5 6908/1486/5
f 6986/1488/5 6987/1529/5 6948/1528/5 6947/1487/5
f 7025/1489/5 7026/1530/5 6987/1529/5 6986/1488/5
f 7064/1490/5 7065/1531/5 7026/1530/5 7025/1489/5
f 7103/1491/5 7104/1532/5 7065/1531/5 7064/1490/5
f 7142/1492/5 7143/1533/5 7104/1532/5 7103/1491/5
f 7181/1493/5 7182/1534/5 7143/1533/5 7142/1492/5
f 7220/1494/5 7221/1535/5 7182/1534/5 7181/1493/5
f 7259/1495/5 7260/1536/5 7221/1535/5 7220/1494/5
f 7298/1496/5 7299/1537/5 7260/1536/5 7259/1495/5
f 7337/1497/5 7338/1538/5 7299/1537/5 7298/1496/5
f 7376/1498/5 7377/1539/5 7338/1538/5 7337/1497/5
f 7415/1499/5 7416/1540/5 7377/1539/5 7376/1498/5
f 7454/1500/5 7455/1541/5 7416/1540/5 7415/1499/5
f 7493/1501/5 7494/1542/5 7455/1541/5 7454/1500/5
f 7532/1502/5 7533/1543/5 7494/1542/5 7493/1501/5
f 7571/1503/5 7572/1544/5 7533/1543/5 7532/1502/5
f 7610/1504/5 7611/1545/5 7572/1544/5 7571/1503/5
f 7649/1505/5 7650/1546/5 7611/1545/5 7610/1504/5
f 7688/1506/5 7689/1547/5 7650/1546/5 7649/1505/5
f 7727/1507/5 7728/1548/5 7689/1547/5 7688/1506/5
f 7766/1508/5 7767/1549/5 7728/1548/5 7727/1507/5
f 7805/1509/5 7806/1550/5 7767/1549/5 7766/1508/5
f 7844/1510/5 7845/1551/5 7806/1550/5 7805/1509/5
f 7883/1511/5 7884/1552/5 7845/1551/5 7844/1510/5
f 7922/1512/5 7923/1553/5 7884/1552/5 7883/1511/5
f 7961/1513/5 7962/1554/5 7923/1553/5 7922/1512/5
f 8000/1514/5 8001/1555/5 7962/1554/5 7961/1513/5
f 8039/1515/5 8040/1556/5 8001/1555/5 8000/1514/5
f 8078/1516/5 8079/1557/5 8040/1556/5 8039/1515/5
f 3157/1517/5 3198/1558/5 8079/1557/5 8078/1516/5
f 6597/1519/5 6598/1560/5 5043/1559/5 5084/1518/5
f 6636/1520/5 6637/1561/5 6598/1560/5 6597/1519/5
f 6675/1521/5 6676/1562/5 6637/1561/5 6636/1520/5
f 6714/1522/5 6715/1563/5 6676/1562/5 6675/1521/5
f 6753/1523/5 6754/1564/5 6715/1563/5 6714/1522/5
f 6792/1524/5 6793/1565/5 6754/1564/5 6753/1523/5
f 6831/1525/5 6832/1566/5 6793/1565/5 6792/1524/5
f 6870/1526/5 6871/1567/5 6832/1566/5 6831/1525/5
f 6909/1527/5 6910/1568/5 6871/1567/5 6870/1526/5
f 6948/1528/5 6949/1569/5 6910/1568/5 6909/1527/5
f 6987/1529/5 6988/1570/5 6949/1569/5 6948/1528/5
f 7026/1530/5 7027/1571/5 6988/1570/5 6987/1529/5
f 7065/1531/5 7066/1572/5 7027/1571/5 7026/1530/5
f 7104/1532/5 7105/1573/5 7066/1572/5 7065/1531/5
f 7143/1533/5 7144/1574/5 7105/1573/5 7104/1532/5
f 7182/1534/5 7183/1575/5 7144/1574/5 7143/1533/5
f 7221/1535/5 7222/1576/5 7183/1575/5 7182/1534/5
f 7260/1536/5 7261/1577/5 7222/1576/5 7221/1535/5
f 7299/1537/5 7300/1578/5 7261/1577/5 7260/1536/5
f 7338/1538/5 7339/1579/5 7300/1578/5 7299/1537/5
f 7377/1539/5 7378/1580/5 7339/1579/5 7338/1538/5
f 7416/1540/5 7417/1581/5 7378/1580/5 7377/1539/5
f 7455/1541/5 7456/1582/5 7417/1581/5 7416/1540/5
f 7494/1542/5 7495/1583/5 7456/1582/5 7455/1541/5
f 7533/1543/5 7534/1584/5 7495/1583/5 7494/1542/5
f 7572/1544/5 7573/1585/5 7534/1584/5 7533/1543/5
f 7611/1545/5 7612/1586/5 7573/1585/5 7572/1544/5
f 7650/1546/5 7651/1587/5 7612/1586/5 7611/1545/5
f 7689/1547/5 7690/1588/5 7651/1587/5 7650/1546/5
f 7728/1548/5 7729/1589/5 7690/1588/5 7689/1547/5
f 7767/1549/5 7768/1590/5 7729/1589/5 7728/1548/5
f 7806/1550/5 7807/1591/5 7768/1590/5 7767/1549/5
f 7845/1551/5 7846/1592/5 7807/1591/5 7806/1550/5
f 7884/1552/5 7885/1593/5 7846/1592/5 7845/1551/5
f 7923/1553/5 7924/1594/5 7885/1593/5 7884/1552/5
f 7962/1554/5 7963/1595/5 7924/1594/5 7923/1553/5
f 8001/1555/5 8002/1596/5 7963/1595/5 7962/1554/5
f 8040/1556/5 8041/1597/5 8002/1596/5 8001/1555/5
f 8079/1557/5 8080/1598/5 8041/1597/5 8040/1556/5
f 3198/1558/5 3239/1599/5 8080/1598/5 8079/1557/5
f 6598/1560/5 6599/1601/5 5002/1600/5 5043/1559/5
f 6637/1561/5 6638/1602/5 6599/1601/5 6598/1560/5
f 6676/1562/5 6677/1603/5 6638/1602/5 6637/1561/5
f 6715/1563/5 6716/1604/5 6677/1603/5 6676/1562/5
f 6754/1564/5 6755/1605/5 6716/1604/5 6715/1563/5
f 6793/1565/5 6794/1606/5 6755/1605/5 6754/1564/5
f 6832/1566/5 6833/1607/5 6794/1606/5 6793/1565/5
f 6871/1567/5 6872/1608/5 6833/1607/5 6832/1566/5
f 6910/1568/5 6911/1609/5 6872/1608/5 6871/1567/5
f 6949/1569/5 6950/1610/5 6911/1609/5 6910/1568/5
f 6988/1570/5 6989/1611/5 6950/1610/5 6949/1569/5
f 7027/1571/5 7028/1612/5 6989/1611/5 6988/1570/5
f 7066/1572/5 7067/1613/5 7028/1612/5 7027/1571/5
f 7105/1573/5 7106/1614/5 7067/1613/5 7066/1572/5
f 7144/1574/5 7145/1615/5 7106/1614/5 7105/1573/5
f 7183/1575/5 7184/1616/5 7145/1615/5 7144/1574/5
f 7222/1576/5 7223/1617/5 7184/1616/5 7183/1575/5
f 7261/1577/5 7262/1618/5 7223/1617/5 7222/1576/5
f 7300/1578/5 7301/1619/5 7262/1618/5 7261/1577/5
f 7339/1579/5 7340/1620/5 7301/1619/5 7300/1578/5
f 7378/1580/5 7379/1621/5 7340/1620/5 7339/1579/5
f 7417/1581/5 7418/1622/5 7379/1621/5 7378/1580/5
f 7456/1582/5 7457/1623/5 7418/1622/5 7417/1581/5
f 7495/1583/5 7496/1624/5 7457/1623/5 7456/1582/5
f 7534/1584/5 7535/1625/5 7496/1624/5 7495/1583/5
f 7573/1585/5 7574/1626/5 7535/1625/5 7534/1584/5
f 7612/1586/5 7613/1627/5 7574/1626/5 7573/1585/5
f 7651/1587/5 7652/1628/5 7613/1627/5 7612/1586/5
f 7690/1588/5 7691/1629/5 7652/1628/5 7651/1587/5
f 7729/1589/5 7730/1630/5 7691/1629/5 7690/1588/5
f 7768/1590/5 7769/1631/5 7730/1630/5 7729/1589/5
f 7807/1591/5 7808/1632/5 7769/1631/5 7768/1590/5
f 7846/1592/5 7847/1633/5 7808/1632/5 7807/1591/5
f 7885/1593/5 7886/1634/5 7847/1633/5 7846/1592/5
f 7924/1594/5 7925/1635/5 7886/1634/5 7885/1593/5
f 7963/1595/5 7964/1636/5 7925/1635/5 7924/1594/5
f 8002/1596/5 8003/1637/5 7964/1636/5 7963/1595/5
f 8041/1597/5 8042/1638/5 8003/1637/5 8002/1596/5
f 8080/1598/5 8081/1639/5 8042/1638/5 8041/1597/5
f 3239/1599/5 3280/1640/5 8081/1639/5 8080/1598/5
f 6599/1601/5 4920/1642/5 4961/1641/5 5002/1600/5
f 6638/1602/5 4879/1643/5 4920/1642/5 6599/1601/5
f 6677/1603/5 4838/1644/5 4879/1643/5 6638/1602/5
f 6716/1604/5 4797/1645/5 4838/1644/5 6677/1603/5
f 6755/1605/5 4756/1646/5 4797/1645/5 6716/1604/5
f 6794/1606/5 4715/1647/5 4756/1646/5 6755/1605/5
f 6833/1607/5 4674/1648/5 4715/1647/5 6794/1606/5
f 6872/1608/5 4633/1649/5 4674/1648/5 6833/1607/5
f 6911/1609/5 4592/1650/5 4633/1649/5 6872/1608/5
f 6950/1610/5 4551/1651/5 4592/1650/5 6911/1609/5
f 6989/1611/5 4510/1652/5 4551/1651/5 6950/1610/5
f 7028/1612/5 4469/1653/5 4510/1652/5 6989/1611/5
f 7067/1613/5 4428/1654/5 4469/1653/5 7028/1612/5
f 7106/1614/5 4387/1655/5 4428/1654/5 7067/1613/5
f 7145/1615/5 4346/1656/5 4387/1655/5 7106/1614/5
f 7184/1616/5 4305/1657/5 4346/1656/5 7145/1615/5
f 7223/1617/5 4264/1658/5 4305/1657/5 7184/1616/5
f 7262/1618/5 4223/1659/5 4264/1658/5 7223/1617/5
f 7301/1619/5 4182/1660/5 4223/1659/5 7262/1618/5
f 7340/1620/5 4141/1661/5 4182/1660/5 7301/1619/5
f 7379/1621/5 4100/1662/5 4141/1661/5 7340/1620/5
f 7418/1622/5 4059/1663/5 4100/1662/5 7379/1621/5
f 7457/1623/5 4018/1664/5 4059/1663/5 7418/1622/5
f 7496/1624/5 3977/1665/5 4018/1664/5 7457/1623/5
f 7535/1625/5 3936/1666/5 3977/1665/5 7496/1624/5
f 7574/1626/5 3895/1667/5 3936/1666/5 7535/1625/5
f 7613/1627/5 3854/1668/5 3895/1667/5 7574/1626/5
f 7652/1628/5 3813/1669/5 3854/1668/5 7613/1627/5
f 7691/1629/5 3772/1670/5 3813/1669/5 7652/1628/5
f 7730/1630/5 3731/1671/5 3772/1670/5 7691/1629/5
f 7769/1631/5 3690/1672/5 3731/1671/5 7730/1630/5
f 7808/1632/5 3649/1673/5 3690/1672/5 7769/1631/5
f 7847/1633/5 3608/1674/5 3649/1673/5 7808/1632/5
f 7886/1634/5 3567/1675/5 3608/1674/5 7847/1633/5
f 7925/1635/5 3526/1676/5 3567/1675/5 7886/1634/5
f 7964/1636/5 3485/1677/5 3526/1676/5 7925/1635/5
f 8003/1637/5 3444/1678/5 3485/1677/5 7964/1636/5
f 8042/1638/5 3403/1679/5 3444/1678/5 8003/1637/5
f 8081/1639/5 3362/1680/5 3403/1679/5 8042/1638/5
f 3280/1640/5 3321/1681/5 3362/1680/5 8081/1639/5
f 4880/4/6 8082/3/6 4962/2/6 4921/1/6
f 4839/6/6 8121/5/6 8082/3/6 4880/4/6
f 4798/8/6 8160/7/6 8121/5/6 4839/6/6
f 4757/10/6 8199/9/6 8160/7/6 4798/8/6
f 4716/12/6 8238/11/6 8199/9/6 4757/10/6
f 4675/14/6 8277/13/6 8238/11/6 4716/12/6
f 4634/16/6 8316/15/6 8277/13/6 4675/14/6
f 4593/18/6 8355/17/6 8316/15/6 4634/16/6
f 4552/20/6 8394/19/6 8355/17/6 4593/18/6
f 4511/22/6 8433/21/6 8394/19/6 4552/20/6
f 4470/24/6 8472/23/6 8433/21/6 4511/22/6
f 4429/26/6 8511/25/6 8472/23/6 4470/24/6
f 4388/28/6 8550/27/6 8511/25/6 4429/26/6
f 4347/30/6 8589/29/6 8550/27/6 4388/28/6
f 4306/32/6 8628/31/6 8589/29/6 4347/30/6
f 4265/34/6 8667/33/6 8628/31/6 4306/32/6
f 4224/36/6 8706/35/6 8667/33/6 4265/34/6
f 4183/38/6 8745/37/6 8706/35/6 4224/36/6
f 4142/40/6 8784/39/6 8745/37/6 4183/38/6
f 4101/42/6 8823/41/6 8784/39/6 4142/40/6
f 4060/44/6 8862/43/6 8823/41/6 4101/42/6
f 4019/46/6 8901/45/6 8862/43/6 4060/44/6
f 3978/48/6 8940/47/6 8901/45/6 4019/46/6
f 3937/50/6 8979/49/6 8940/47/6 3978/48/6
f 3896/52/6 9018/51/6 8979/49/6 3937/50/6
f 3855/54/6 9057/53/6 9018/51/6 3896/52/6
f 3814/56/6 9096/55/6 9057/53/6 3855/54/6
f 3773/58/6 9135/57/6 9096/55/6 3814/56/6
f 3732/60/6 9174/59/6 9135/57/6 3773/58/6
f 3691/62/6 9213/61/6 9174/59/6 3732/60/6
f 3650/64/6 9252/63/6 9213/61/6 3691/62/6
f 3609/66/6 9291/65/6 9252/63/6 3650/64/6
f 3568/68/6 9330/67/6 9291/65/6 3609/66/6
f 3527/70/6 9369/69/6 9330/67/6 3568/68/6
f 3486/72/6 9408/71/6 9369/69/6 3527/70/6
f 3445/74/6 9447/73/6 9408/71/6 3486/72/6
f 3404/76/6 9486/75/6 9447/73/6 3445/74/6
f 3363/78/6 9525/77/6 9486/75/6 3404/76/6
f 3322/80/6 9564/79/6 9525/77/6 3363/78/6
f 3281/82/6 3240/81/6 9564/79/6 3322/80/6
f 8082/3/6 8083/84/6 5003/83/6 4962/2/6
f 8121/5/6 8122/85/6 8083/84/6 8082/3/6
f 8160/7/6 8161/86/6 8122/85/6 8121/5/6
f 8199/9/6 8200/87/6 8161/86/6 8160/7/6
f 8238/11/6 8239/88/6 8200/87/6 8199/9/6
f 8277/13/6 8278/89/6 8239/88/6 8238/11/6
f 8316/15/6 8317/90/6 8278/89/6 8277/13/6
f 8355/17/6 8356/91/6 8317/90/6 8316/15/6
f 8394/19/6 8395/92/6 8356/91/6 8355/17/6
f 8433/21/6 8434/93/6 8395/92/6 8394/19/6
f 8472/23/6 8473/94/6 8434/93/6 8433/21/6
f 8511/25/6 8512/95/6 8473/94/6 8472/23/6
f 8550/27/6 8551/96/6 8512/95/6 8511/25/6
f 8589/29/6 8590/97/6 8551/96/6 8550/27/6
f 8628/31/6 8629/98/6 8590/97/6 8589/29/6
f 8667/33/6 8668/99/6 8629/98/6 8628/31/6
f 8706/35/6 8707/100/6 8668/99/6 8667/33/6
f 8745/37/6 8746/101/6 8707/100/6 8706/35/6
f 8784/39/6 8785/102/6 8746/101/6 8745/37/6
f 8823/41/6 8824/103/6 8785/102/6 8784/39/6
f 8862/43/6 8863/104/6 8824/103/6 8823/41/6
f 8901/45/6 8902/105/6 8863/104/6 8862/43/6
f 8940/47/6 8941/106/6 8902/105/6 8901/45/6
f 8979/49/6 8980/107/6 8941/106/6 8940/47/6
f 9018/51/6 9019/108/6 8980/107/6 8979/49/6
f 9057/53/6 9058/109/6 9019/108/6 9018/51/6
f 9096/55/6 9097/110/6 9058/109/6 9057/53/6
f 9135/57/6 9136/111/6 9097/110/6 9096/55/6
f 9174/59/6 9175/112/6 9136/111/6 9135/57/6
f 9213/61/6 9214/113/6 9175/112/6 9174/59/6
f 9252/63/6 9253/114/6 9214/113/6 9213/61/6
f 9291/65/6 9292/115/6 9253/114/6 9252/63/6
f 9330/67/6 9331/116/6 9292/115/6 9291/65/6
f 9369/69/6 9370/117/6 9331/116/6 9330/67/6
f 9408/71/6 9409/118/6 9370/117/6 9369/69/6
f 9447/73/6 9448/119/6 9409/118/6 9408/71/6
f 9486/75/6 9487/120/6 9448/119/6 9447/73/6
f 9525/77/6 9526/121/6 9487/120/6 9486/75/6
f 9564/79/6 9565/122/6 9526/121/6 9525/77/6
f 3240/81/6 3199/123/6 9565/122/6 9564/79/6
f 8083/84/6 8084/125/6 5044/124/6 5003/83/6
f 8122/85/6 8123/126/6 8084/125/6 8083/84/6
f 8161/86/6 8162/127/6 8123/126/6 8122/85/6
f 8200/87/6 8201/128/6 8162/127/6 8161/86/6
f 8239/88/6 8240/129/6 8201/128/6 8200/87/6
f 8278/89/6 8279/130/6 8240/129/6 8239/88/6
f 8317/90/6 8318/131/6 8279/130/6 8278/89/6
f 8356/91/6 8357/132/6 8318/131/6 8317/90/6
f 8395/92/6 8396/133/6 8357/132/6 8356/91/6
f 8434/93/6 8435/134/6 8396/133/6 8395/92/6
f 8473/94/6 8474/135/6 8435/134/6 8434/93/6
f 8512/95/6 8513/136/6 8474/135/6 8473/94/6
f 8551/96/6 8552/137/6 8513/136/6 8512/95/6
f 8590/97/6 8591/138/6 8552/137/6 8551/96/6
f 8629/98/6 8630/139/6 8591/138/6 8590/97/6
f 8668/99/6 8669/140/6 8630/139/6 8629/98/6
f 8707/100/6 8708/141/6 8669/140/6 8668/99/6
f 8746/101/6 8747/142/6 8708/141/6 8707/100/6
f 8785/102/6 8786/143/6 8747/142/6 8746/101/6
f 8824/103/6 8825/144/6 8786/143/6 8785/102/6
f 8863/104/6 8864/145/6 8825/144/6 8824/103/6
f 8902/105/6 8903/146/6 8864/145/6 8863/104/6
f 8941/106/6 8942/147/6 8903/146/6 8902/105/6
f 8980/107/6 8981/148/6 8942/147/6 8941/106/6
f 9019/108/6 9020/149/6 8981/148/6 8980/107/6
f 9058/109/6 9059/150/6 9020/149/6 9019/108/6
f 9097/110/6 9098/151/6 9059/150/6 9058/109/6
f 9136/111/6 9137/152/6 9098/151/6 9097/110/6
f 9175/112/6 9176/153/6 9137/152/6 9136/111/6
f 9214/113/6 9215/154/6 9176/153/6 9175/112/6
f 9253/114/6 9254/155/6 9215/154/6 9214/113/6
f 9292/115/6 9293/156/6 9254/155/6 9253/114/6
f 9331/116/6 9332/157/6 9293/156/6 9292/115/6
f 9370/117/6 9371/158/6 9332/157/6 9331/116/6
f 9409/118/6 9410/159/6 9371/158/6 9370/117/6
f 9448/119/6 9449/160/6 9410/159/6 9409/118/6
f 9487/120/6 9488/161/6 9449/160/6 9448/119/6
f 9526/121/6 9527/162/6 9488/161/6 9487/120/6
f 9565/122/6 9566/163/6 9527/162/6 9526/121/6
f 3199/123/6 3158/164/6 9566/163/6 9565/122/6
f 8084/125/6 8085/166/6 5085/165/6 5044/124/6
f 8123/126/6 8124/167/6 8085/166/6 8084/125/6
f 8162/127/6 8163/168/6 8124/167/6 8123/126/6
f 8201/128/6 8202/169/6 8163/168/6 8162/127/6
f 8240/129/6 8241/170/6 8202/169/6 8201/128/6
f 8279/130/6 8280/171/6 8241/170/6 8240/129/6
f 8318/131/6 8319/172/6 8280/171/6 8279/130/6
f 8357/132/6 8358/173/6 8319/172/6 8318/131/6
f 8396/133/6 8397/174/6 8358/173/6 8357/132/6
f 8435/134/6 8436/175/6 8397/174/6 8396/133/6
f 8474/135/6 8475/176/6 8436/175/6 8435/134/6
f 8513/136/6 8514/177/6 8475/176/6 8474/135/6
f 8552/137/6 8553/178/6 8514/177/6 8513/136/6
f 8591/138/6 8592/179/6 8553/178/6 8552/137/6
f 8630/139/6 8631/180/6 8592/179/6 8591/138/6
f 8669/140/6 8670/181/6 8631/180/6 8630/139/6
f 8708/141/6 8709/182/6 8670/181/6 8669/140/6
f 8747/142/6 8748/183/6 8709/182/6 8708/141/6
f 8786/143/6 8787/184/6 8748/183/6 8747/142/6
f 8825/144/6 8826/185/6 8787/184/6 8786/143/6
f 8864/145/6 8865/186/6 8826/185/6 8825/144/6
f 8903/146/6 8904/187/6 8865/186/6 8864/145/6
f 8942/147/6 8943/188/6 8904/187/6 8903/146/6
f 8981/148/6 8982/189/6 8943/188/6 8942/147/6
f 9020/149/6 9021/190/6 8982/189/6 8981/148/6
f 9059/150/6 9060/191/6 9021/190/6 9020/149/6
f 9098/151/6 9099/192/6 9060/191/6 9059/150/6
f 9137/152/6 9138/193/6 9099/192/6 9098/151/6
f 9176/153/6 9177/194/6 9138/193/6 9137/152/6
f 9215/154/6 9216/195/6 9177/194/6 9176/153/6
f 9254/155/6 9255/196/6 9216/195/6 9215/154/6
f 9293/156/6 9294/197/6 9255/196/6 9254/155/6
f 9332/157/6 9333/198/6 9294/197/6 9293/156/6
f 9371/158/6 9372/199/6 9333/198/6 9332/157/6
f 9410/159/6 9411/200/6 9372/199/6 9371/158/6
f 9449/160/6 9450/201/6 9411/200/6 9410/159/6
f 9488/161/6 9489/202/6 9450/201/6 9449/160/6
f 9527/162/6 9528/203/6 9489/202/6 9488/161/6
f 9566/163/6 9567/204/6 9528/203/6 9527/162/6
f 3158/164/6 3117/205/6 9567/204/6 9566/163/6
f 8085/166/6 8086/207/6 5126/206/6 5085/165/6
f 8124/167/6 8125/208/6 8086/207/6 8085/166/6
f 8163/168/6 8164/209/6 8125/208/6 8124/167/6
f 8202/169/6 8203/210/6 8164/209/6 8163/168/6
f 8241/170/6 8242/211/6 8203/210/6 8202/169/6
f 8280/171/6 8281/212/6 8242/211/6 8241/170/6
f 8319/172/6 8320/213/6 8281/212/6 8280/171/6
f 8358/173/6 8359/214/6 8320/213/6 8319/172/6
f 8397/174/6 8398/215/6 8359/214/6 8358/173/6
f 8436/175/6 8437/216/6 8398/215/6 8397/174/6
f 8475/176/6 8476/217/6 8437/216/6 8436/175/6
f 8514/177/6 8515/218/6 8476/217/6 8475/176/6
f 8553/178/6 8554/219/6 8515/218/6 8514/177/6
f 8592/179/6 8593/220/6 8554/219/6 8553/178/6
f 8631/180/6 8632/221/6 8593/220/6 8592/179/6
f 8670/181/6 8671/222/6 8632/221/6 8631/180/6
f 8709/182/6 8710/223/6 8671/222/6 8670/181/6
f 8748/183/6 8749/224/6 8710/223/6 8709/182/6
f 8787/184/6 8788/225/6 8749/224/6 8748/183/6
f 8826/185/6 8827/226/6 8788/225/6 8787/184/6
f 8865/186/6 8866/227/6 8827/226/6 8826/185/6
f 8904/187/6 8905/228/6 8866/227/6 8865/186/6
f 8943/188/6 8944/229/6 8905/228/6 8904/187/6
f 8982/189/6 8983/230/6 8944/229/6 8943/188/6
f 9021/190/6 9022/231/6 8983/230/6 8982/189/6
f 9060/191/6 9061/232/6 9022/231/6 9021/190/6
f 9099/192/6 9100/233/6 9061/232/6 9060/191/6
f 9138/193/6 9139/234/6 9100/233/6 9099/192/6
f 9177/194/6 9178/235/6 9139/234/6 9138/193/6
f 9216/195/6 9217/236/6 9178/235/6 9177/194/6
f 9255/196/6 9256/237/6 9217/236/6 9216/195/6
f 9294/197/6 9295/238/6 9256/237/6 9255/196/6
f 9333/198/6 9334/239/6 9295/238/6 9294/197/6
f 9372/199/6 9373/240/6 9334/239/6 9333/198/6
f 9411/200/6 9412/241/6 9373/240/6 9372/199/6
f 9450/201/6 9451/242/6 9412/241/6 9411/200/6
f 9489/202/6 9490/243/6 9451/242/6 9450/201/6
f 9528/203/6 9529/244/6 9490/243/6 9489/202/6
f 9567/204/6 9568/245/6 9529/244/6 9528/203/6
f 3117/205/6 3076/246/6 9568/245/6 9567/204/6
f 8086/207/6 8087/248/6 5167/247/6 5126/206/6
f 8125/208/6 8126/249/6 8087/248/6 8086/207/6
f 8164/209/6 8165/250/6 8126/249/6 8125/208/6
f 8203/210/6 8204/251/6 8165/250/6 8164/209/6
f 8242/211/6 8243/252/6 8204/251/6 8203/210/6
f 8281/212/6 8282/253/6 8243/252/6 8242/211/6
f 8320/213/6 8321/254/6 8282/253/6 8281/212/6
f 8359/214/6 8360/255/6 8321/254/6 8320/213/6
f 8398/215/6 8399/256/6 8360/255/6 8359/214/6
f 8437/216/6 8438/257/6 8399/256/6 8398/215/6
f 8476/217/6 8477/258/6 8438/257/6 8437/216/6
f 8515/218/6 8516/259/6 8477/258/6 8476/217/6
f 8554/219/6 8555/260/6 8516/259/6 8515/218/6
f 8593/220/6 8594/261/6 8555/260/6 8554/219/6
f 8632/221/6 8633/262/6 8594/261/6 8593/220/6
f 8671/222/6 8672/263/6 8633/262/6 8632/221/6
f 8710/223/6 8711/264/6 8672/263/6 8671/222/6
f 8749/224/6 8750/265/6 8711/264/6 8710/223/6
f 8788/225/6 8789/266/6 8750/265/6 8749/224/6
f 8827/226/6 8828/267/6 8789/266/6 8788/225/6
f 8866/227/6 8867/268/6 8828/267/6 8827/226/6
f 8905/228/6 8906/269/6 8867/268/6 8866/227/6
f 8944/229/6 8945/270/6 8906/269/6 8905/228/6
f 8983/230/6 8984/271/6 8945/270/6 8944/229/6
f 9022/231/6 9023/272/6 8984/271/6 8983/230/6
f 9061/232/6 9062/273/6 9023/272/6 9022/231/6
f 9100/233/6 9101/274/6 9062/273/6 9061/232/6
f 9139/234/6 9140/275/6 9101/274/6 9100/233/6
f 9178/235/6 9179/276/6 9140/275/6 9139/234/6
f 9217/236/6 9218/277/6 9179/276/6 9178/235/6
f 9256/237/6 9257/278/6 9218/277/6 9217/236/6
f 9295/238/6 9296/279/6 9257/278/6 9256/237/6
f 9334/239/6 9335/280/6 9296/279/6 9295/238/6
f 9373/240/6 9374/281/6 9335/280/6 9334/239/6
f 9412/241/6 9413/282/6 9374/281/6 9373/240/6
f 9451/242/6 9452/283/6 9413/282/6 9412/241/6
f 9490/243/6 9491/284/6 9452/283/6 9451/242/6
f 9529/244/6 9530/285/6 9491/284/6 9490/243/6
f 9568/245/6 9569/286/6 9530/285/6 9529/244/6
f 3076/246/6 3035/287/6 9569/286/6 9568/245/6
f 8087/248/6 8088/289/6 5208/288/6 5167/247/6
f 8126/249/6 8127/290/6 8088/289/6 8087/248/6
f 8165/250/6 8166/291/6 8127/290/6 8126/249/6
f 8204/251/6 8205/292/6 8166/291/6 8165/250/6
f 8243/252/6 8244/293/6 8205/292/6 8204/251/6
f 8282/253/6 8283/294/6 8244/293/6 8243/252/6
f 8321/254/6 8322/295/6 8283/294/6 8282/253/6
f 8360/255/6 8361/296/6 8322/295/6 8321/254/6
f 8399/256/6 8400/297/6 8361/296/6 8360/255/6
f 8438/257/6 8439/298/6 8400/297/6 8399/256/6
f 8477/258/6 8478/299/6 8439/298/6 8438/257/6
f 8516/259/6 8517/300/6 8478/299/6 8477/258/6
f 8555/260/6 8556/301/6 8517/300/6 8516/259/6
f 8594/261/6 8595/302/6 8556/301/6 8555/260/6
f 8633/262/6 8634/303/6 8595/302/6 8594/261/6
f 8672/263/6 8673/304/6 8634/303/6 8633/262/6
f 8711/264/6 8712/305/6 8673/304/6 8672/263/6
f 8750/265/6 8751/306/6 8712/305/6 8711/264/6
f 8789/266/6 8790/307/6 8751/306/6 8750/265/6
f 8828/267/6 8829/308/6 8790/307/6 8789/266/6
f 8867/268/6 8868/309/6 8829/308/6 8828/267/6
f 8906/269/6 8907/310/6 8868/309/6 8867/268/6
f 8945/270/6 8946/311/6 8907/310/6 8906/269/6
f 8984/271/6 8985/312/6 8946/311/6 8945/270/6
f 9023/272/6 9024/313/6 8985/312/6 8984/271/6
f 9062/273/6 9063/314/6 9024/313/6 9023/272/6
f 9101/274/6 9102/315/6 9063/314/6 9062/273/6
f 9140/275/6 9141/316/6 9102/315/6 9101/274/6
f 9179/276/6 9180/317/6 9141/316/6 9140/275/6
f 9218/277/6 9219/318/6 9180/317/6 9179/276/6
f 9257/278/6 9258/319/6 9219/318/6 9218/277/6
f 9296/279/6 9297/320/6 9258/319/6 9257/278/6
f 9335/280/6 9336/321/6 9297/320/6 9296/279/6
f 9374/281/6 9375/322/6 9336/321/6 9335/280/6
f 9413/282/6 9414/323/6 9375/322/6 9374/281/6
f 9452/283/6 9453/324/6 9414/323/6 9413/282/6
f 9491/284/6 9492/325/6 9453/324/6 9452/283/6
f 9530/285/6 9531/326/6 9492/325/6 9491/284/6
f 9569/286/6 9570/327/6 9531/326/6 9530/285/6
f 3035/287/6 2994/328/6 9570/327/6 9569/286/6
f 8088/289/6 8089/330/6 5249/329/6 5208/288/6
f 8127/290/6 8128/331/6 8089/330/6 8088/289/6
f 8166/291/6 8167/332/6 8128/331/6 8127/290/6
f 8205/292/6 8206/333/6 8167/332/6 8166/291/6
f 8244/293/6 8245/334/6 8206/333/6 8205/292/6
f 8283/294/6 8284/335/6 8245/334/6 8244/293/6
f 8322/295/6 8323/336/6 8284/335/6 8283/294/6
f 8361/296/6 8362/337/6 8323/336/6 8322/295/6
f 8400/297/6 8401/338/6 8362/337/6 8361/296/6
f 8439/298/6 8440/339/6 8401/338/6 8400/297/6
f 8478/299/6 8479/340/6 8440/339/6 8439/298/6
f 8517/300/6 8518/341/6 8479/340/6 8478/299/6
f 8556/301/6 8557/342/6 8518/341/6 8517/300/6
f 8595/302/6 8596/343/6 8557/342/6 8556/301/6
f 8634/303/6 8635/344/6 8596/343/6 8595/302/6
f 8673/304/6 8674/345/6 8635/344/6 8634/303/6
f 8712/305/6 8713/346/6 8674/345/6 8673/304/6
f 8751/306/6 8752/347/6 8713/346/6 8712/305/6
f 8790/307/6 8791/348/6 8752/347/6 8751/306/6
f 8829/308/6 8830/349/6 8791/348/6 8790/307/6
f 8868/309/6 8869/350/6 8830/349/6 8829/308/6
f 8907/310/6 8908/351/6 8869/350/6 8868/309/6
f 8946/311/6 8947/352/6 8908/351/6 8907/310/6
f 8985/312/6 8986/353/6 8947/352/6 8946/311/6
f 9024/313/6 9025/354/6 8986/353/6 8985/312/6
f 9063/314/6 9064/355/6 9025/354/6 9024/313/6
f 9102/315/6 9103/356/6 9064/355/6 9063/314/6
f 9141/316/6 9142/357/6 9103/356/6 9102/315/6
f 9180/317/6 9181/358/6 9142/357/6 9141/316/6
f 9219/318/6 9220/359/6 9181/358/6 9180/317/6
f 9258/319/6 9259/360/6 9220/359/6 9219/318/6
f 9297/320/6 9298/361/6 9259/360/6 9258/319/6
f 9336/321/6 9337/362/6 9298/361/6 9297/320/6
f 9375/322/6 9376/363/6 9337/362/6 9336/321/6
f 9414/323/6 9415/364/6 9376/363/6 9375/322/6
f 9453/324/6 9454/365/6 9415/364/6 9414/323/6
f 9492/325/6 9493/366/6 9454/365/6 9453/324/6
f 9531/326/6 9532/367/6 9493/366/6 9492/325/6
f 9570/327/6 9571/368/6 9532/367/6 9531/326/6
f 2994/328/6 2953/369/6 9571/368/6 9570/327/6
f 8089/330/6 8090/371/6 5290/370/6 5249/329/6
f 8128/331/6 8129/372/6 8090/371/6 8089/330/6
f 8167/332/6 8168/373/6 8129/372/6 8128/331/6
f 8206/333/6 8207/374/6 8168/373/6 8167/332/6
f 8245/334/6 8246/375/6 8207/374/6 8206/333/6
f 8284/335/6 8285/376/6 8246/375/6 8245/334/6
f 8323/336/6 8324/377/6 8285/376/6 8284/335/6
f 8362/337/6 8363/378/6 8324/377/6 8323/336/6
f 8401/338/6 8402/379/6 8363/378/6 8362/337/6
f 8440/339/6 8441/380/6 8402/379/6 8401/338/6
f 8479/340/6 8480/381/6 8441/380/6 8440/339/6
f 8518/341/6 8519/382/6 8480/381/6 8479/340/6
f 8557/342/6 8558/383/6 8519/382/6 8518/341/6
f 8596/343/6 8597/384/6 8558/383/6 8557/342/6
f 8635/344/6 8636/385/6 8597/384/6 8596/343/6
f 8674/345/6 8675/386/6 8636/385/6 8635/344/6
f 8713/346/6 8714/387/6 8675/386/6 8674/345/6
f 8752/347/6 8753/388/6 8714/387/6 8713/346/6
f 8791/348/6 8792/389/6 8753/388/6 8752/347/6
f 8830/349/6 8831/390/6 8792/389/6 8791/348/6
f 8869/350/6 8870/391/6 8831/390/6 8830/349/6
f 8908/351/6 8909/392/6 8870/391/6 8869/350/6
f 8947/352/6 8948/393/6 8909/392/6 8908/351/6
f 8986/353/6 8987/394/6 8948/393/6 8947/352/6
f 9025/354/6 9026/395/6 8987/394/6 8986/353/6
f 9064/355/6 9065/396/6 9026/395/6 9025/354/6
f 9103/356/6 9104/397/6 9065/396/6 9064/355/6
f 9142/357/6 9143/398/6 9104/397/6 9103/356/6
f 9181/358/6 9182/399/6 9143/398/6 9142/357/6
f 9220/359/6 9221/400/6 9182/399/6 9181/358/6
f 9259/360/6 9260/401/6 9221/400/6 9220/359/6
f 9298/361/6 9299/402/6 9260/401/6 9259/360/6
f 9337/362/6 9338/403/6 9299/402/6 9298/361/6
f 9376/363/6 9377/404/6 9338/403/6 9337/362/6
f 9415/364/6 9416/405/6 9377/404/6 9376/363/6
f 9454/365/6 9455/406/6 9416/405/6 9415/364/6
f 9493/366/6 9494/407/6 9455/406/6 9454/365/6
f 9532/367/6 9533/408/6 9494/407/6 9493/366/6
f 9571/368/6 9572/409/6 9533/408/6 9532/367/6
f 2953/369/6 2912/410/6 9572/409/6 9571/368/6
f 8090/371/6 8091/412/6 5331/411/6 5290/370/6
f 8129/372/6 8130/413/6 8091/412/6 8090/371/6
f 8168/373/6 8169/414/6 8130/413/6 8129/372/6
f 8207/374/6 8208/415/6 8169/414/6 8168/373/6
f 8246/375/6 8247/416/6 8208/415/6 8207/374/6
f 8285/376/6 8286/417/6 8247/416/6 8246/375/6
f 8324/377/6 8325/418/6 8286/417/6 8285/376/6
f 8363/378/6 8364/419/6 8325/418/6 8324/377/6
f 8402/379/6 8403/420/6 8364/419/6 8363/378/6
f 8441/380/6 8442/421/6 8403/420/6 8402/379/6
f 8480/381/6 8481/422/6 8442/421/6 8441/380/6
f 8519/382/6 8520/423/6 8481/422/6 8480/381/6
f 8558/383/6 8559/424/6 8520/423/6 8519/382/6
f 8597/384/6 8598/425/6 8559/424/6 8558/383/6
f 8636/385/6 8637/426/6 8598/425/6 8597/384/6
f 8675/386/6 8676/427/6 8637/426/6 8636/385/6
f 8714/387/6 8715/428/6 8676/427/6 8675/386/6
f 8753/388/6 8754/429/6 8715/428/6 8714/387/6
f 8792/389/6 8793/430/6 8754/429/6 8753/388/6
f 8831/390/6 8832/431/6 8793/430/6 8792/389/6
f 8870/391/6 8871/432/6 8832/431/6 8831/390/6
f 8909/392/6 8910/433/6 8871/432/6 8870/391/6
f 8948/393/6 8949/434/6 8910/433/6 8909/392/6
f 8987/394/6 8988/435/6 8949/434/6 8948/393/6
f 9026/395/6 9027/436/6 8988/435/6 8987/394/6
f 9065/396/6 9066/437/6 9027/436/6 9026/395/6
f 9104/397/6 9105/438/6 9066/437/6 9065/396/6
f 9143/398/6 9144/439/6 9105/438/6 9104/397/6
f 9182/399/6 9183/440/6 9144/439/6 9143/398/6
f 9221/400/6 9222/441/6 9183/440/6 9182/399/6
f 9260/401/6 9261/442/6 9222/441/6 9221/400/6
f 9299/402/6 9300/443/6 9261/442/6 9260/401/6
f 9338/403/6 9339/444/6 9300/443/6 9299/402/6
f 9377/404/6 9378/445/6 9339/444/6 9338/403/6
f 9416/405/6 9417/446/6 9378/445/6 9377/404/6
f 9455/406/6 9456/447/6 9417/446/6 9416/405/6
f 9494/407/6 9495/448/6 9456/447/6 9455/406/6
f 9533/408/6 9534/449/6 9495/448/6 9494/407/6
f 9572/409/6 9573/450/6 9534/449/6 9533/408/6
f 2912/410/6 2871/451/6 9573/450/6 9572/409/6
f 8091/412/6 8092/453/6 5372/452/6 5331/411/6
f 8130/413/6 8131/454/6 8092/453/6 8091/412/6
f 8169/414/6 8170/455/6 8131/454/6 8130/413/6
f 8208/415/6 8209/456/6 8170/455/6 8169/414/6
f 8247/416/6 8248/457/6 8209/456/6 8208/415/6
f 8286/417/6 8287/458/6 8248/457/6 8247/416/6
f 8325/418/6 8326/459/6 8287/458/6 8286/417/6
f 8364/419/6 8365/460/6 8326/459/6 8325/418/6
f 8403/420/6 8404/461/6 8365/460/6 8364/419/6
f 8442/421/6 8443/462/6 8404/461/6 8403/420/6
f 8481/422/6 8482/463/6 8443/462/6 8442/421/6
f 8520/423/6 8521/464/6 8482/463/6 8481/422/6
f 8559/424/6 8560/465/6 8521/464/6 8520/423/6
f 8598/425/6 8599/466/6 8560/465/6 8559/424/6
f 8637/426/6 8638/467/6 8599/466/6 8598/425/6
f 8676/427/6 8677/468/6 8638/467/6 8637/426/6
f 8715/428/6 8716/469/6 8677/468/6 8676/427/6
f 8754/429/6 8755/470/6 8716/469/6 8715/428/6
f 8793/430/6 8794/471/6 8755/470/6 8754/429/6
f 8832/431/6 8833/472/6 8794/471/6 8793/430/6
f 8871/432/6 8872/473/6 8833/472/6 8832/431/6
f 8910/433/6 8911/474/6 8872/473/6 8871/432/6
f 8949/434/6 8950/475/6 8911/474/6 8910/433/6
f 8988/435/6 8989/476/6 8950/475/6 8949/434/6
f 9027/436/6 9028/477/6 8989/476/6 8988/435/6
f 9066/437/6 9067/478/6 9028/477/6 9027/436/6
f 9105/438/6 9106/479/6 9067/478/6 9066/437/6
f 9144/439/6 9145/480/6 9106/479/6 9105/438/6
f 9183/440/6 9184/481/6 9145/480/6 9144/439/6
f 9222/441/6 9223/482/6 9184/481/6 9183/440/6
f 9261/442/6 9262/483/6 9223/482/6 9222/441/6
f 9300/443/6 9301/484/6 9262/483/6 9261/442/6
f 9339/444/6 9340/485/6 9301/484/6 9300/443/6
f 9378/445/6 9379/486/6 9340/485/6 9339/444/6
f 9417/446/6 9418/487/6 9379/486/6 9378/445/6
f 9456/447/6 9457/488/6 9418/487/6 9417/446/6
f 9495/448/6 9496/489/6 9457/488/6 9456/447/6
f 9534/449/6 9535/490/6 9496/489/6 9495/448/6
f 9573/450/6 9574/491/6 9535/490/6 9534/449/6
f 2871/451/6 2830/492/6 9574/491/6 9573/450/6
f 8092/453/6 8093/494/6 5413/493/6 5372/452/6
f 8131/454/6 8132/495/6 8093/494/6 8092/453/6
f 8170/455/6 8171/496/6 8132/495/6 8131/454/6
f 8209/456/6 8210/497/6 8171/496/6 8170/455/6
f 8248/457/6 8249/498/6 8210/497/6 8209/456/6
f 8287/458/6 8288/499/6 8249/498/6 8248/457/6
f 8326/459/6 8327/500/6 8288/499/6 8287/458/6
f 8365/460/6 8366/501/6 8327/500/6 8326/459/6
f 8404/461/6 8405/502/6 8366/501/6 8365/460/6
f 8443/462/6 8444/503/6 8405/502/6 8404/461/6
f 8482/463/6 8483/504/6 8444/503/6 8443/462/6
f 8521/464/6 8522/505/6 8483/504/6 8482/463/6
f 8560/465/6 8561/506/6 8522/505/6 8521/464/6
f 8599/466/6 8600/507/6 8561/506/6 8560/465/6
f 8638/467/6 8639/508/6 8600/507/6 8599/466/6
f 8677/468/6 8678/509/6 8639/508/6 8638/467/6
f 8716/469/6 8717/510/6 8678/509/6 8677/468/6
f 8755/470/6 8756/511/6 8717/510/6 8716/469/6
f 8794/471/6 8795/512/6 8756/511/6 8755/470/6
f 8833/472/6 8834/513/6 8795/512/6 8794/471/6
f 8872/473/6 8873/514/6 8834/513/6 8833/472/6
f 8911/474/6 8912/515/6 8873/514/6 8872/473/6
f 8950/475/6 8951/516/6 8912/515/6 8911/474/6
f 8989/476/6 8990/517/6 8951/516/6 8950/475/6
f 9028/477/6 9029/518/6 8990/517/6 8989/476/6
f 9067/478/6 9068/519/6 9029/518/6 9028/477/6
f 9106/479/6 9107/520/6 9068/519/6 9067/478/6
f 9145/480/6 9146/521/6 9107/520/6 9106/479/6
f 9184/481/6 9185/522/6 9146/521/6 9145/480/6
f 9223/482/6 9224/523/6 9185/522/6 9184/481/6
f 9262/483/6 9263/524/6 9224/523/6 9223/482/6
f 9301/484/6 9302/525/6 9263/524/6 9262/483/6
f 9340/485/6 9341/526/6 9302/525/6 9301/484/6
f 9379/486/6 9380/527/6 9341/526/6 9340/485/6
f 9418/487/6 9419/528/6 9380/527/6 9379/486/6
f 9457/488/6 9458/529/6 9419/528/6 9418/487/6
f 9496/489/6 9497/530/6 9458/529/6 9457/488/6
f 9535/490/6 9536/531/6 9497/530/6 9496/489/6
f 9574/491/6 9575/532/6 9536/531/6 9535/490/6
f 2830/492/6 2789/533/6 9575/532/6 9574/491/6
f 8093/494/6 8094/535/6 5454/534/6 5413/493/6
f 8132/495/6 8133/536/6 8094/535/6 8093/494/6
f 8171/496/6 8172/537/6 8133/536/6 8132/495/6
f 8210/497/6 8211/538/6 8172/537/6 8171/496/6
f 8249/498/6 8250/539/6 8211/538/6 8210/497/6
f 8288/499/6 8289/540/6 8250/539/6 8249/498/6
f 8327/500/6 8328/541/6 8289/540/6 8288/499/6
f 8366/501/6 8367/542/6 8328/541/6 8327/500/6
f 8405/502/6 8406/543/6 8367/542/6 8366/501/6
f 8444/503/6 8445/544/6 8406/543/6 8405/502/6
f 8483/504/6 8484/545/6 8445/544/6 8444/503/6
f 8522/505/6 8523/546/6 8484/545/6 8483/504/6
f 8561/506/6 8562/547/6 8523/546/6 8522/505/6
f 8600/507/6 8601/548/6 8562/547/6 8561/506/6
f 8639/508/6 8640/549/6 8601/548/6 8600/507/6
f 8678/509/6 8679/550/6 8640/549/6 8639/508/6
f 8717/510/6 8718/551/6 8679/550/6 8678/509/6
f 8756/511/6 8757/552/6 8718/551/6 8717/510/6
f 8795/512/6 8796/553/6 8757/552/6 8756/511/6
f 8834/513/6 8835/554/6 8796/553/6 8795/512/6
f 8873/514/6 8874/555/6 8835/554/6 8834/513/6
f 8912/515/6 8913/556/6 8874/555/6 8873/514/6
f 8951/516/6 8952/557/6 8913/556/6 8912/515/6
f 8990/517/6 8991/558/6 8952/557/6 8951/516/6
f 9029/518/6 9030/559/6 8991/558/6 8990/517/6
f 9068/519/6 9069/560/6 9030/559/6 9029/518/6
f 9107/520/6 9108/561/6 9069/560/6 9068/519/6
f 9146/521/6 9147/562/6 9108/561/6 9107/520/6
f 9185/522/6 9186/563/6 9147/562/6 9146/521/6
f 9224/523/6 9225/564/6 9186/563/6 9185/522/6
f 9263/524/6 9264/565/6 9225/564/6 9224/523/6
f 9302/525/6 9303/566/6 9264/565/6 9263/524/6
f 9341/526/6 9342/567/6 9303/566/6 9302/525/6
f 9380/527/6 9381/568/6 9342/567/6 9341/526/6
f 9419/528/6 9420/569/6 9381/568/6 9380/527/6
f 9458/529/6 9459/570/6 9420/569/6 9419/528/6
f 9497/530/6 9498/571/6 9459/570/6 9458/529/6
f 9536/531/6 9537/572/6 9498/571/6 9497/530/6
f 9575/532/6 9576/573/6 9537/572/6 9536/531/6
f 2789/533/6 2748/574/6 9576/573/6 9575/532/6
f 8094/535/6 8095/576/6 5495/575/6 5454/534/6
f 8133/536/6 8134/577/6 8095/576/6 8094/535/6
f 8172/537/6 8173/578/6 8134/577/6 8133/536/6
f 8211/538/6 8212/579/6 8173/578/6 8172/537/6
f 8250/539/6 8251/580/6 8212/579/6 8211/538/6
f 8289/540/6 8290/581/6 8251/580/6 8250/539/6
f 8328/541/6 8329/582/6 8290/581/6 8289/540/6
f 8367/542/6 8368/583/6 8329/582/6 8328/541/6
f 8406/543/6 8407/584/6 8368/583/6 8367/542/6
f 8445/544/6 8446/585/6 8407/584/6 8406/543/6
f 8484/545/6 8485/586/6 8446/585/6 8445/544/6
f 8523/546/6 8524/587/6 8485/586/6 8484/545/6
f 8562/547/6 8563/588/6 8524/587/6 8523/546/6
f 8601/548/6 8602/589/6 8563/588/6 8562/547/6
f 8640/549/6 8641/590/6 8602/589/6 8601/548/6
f 8679/550/6 8680/591/6 8641/590/6 8640/549/6
f 8718/551/6 8719/592/6 8680/591/6 8679/550/6
f 8757/552/6 8758/593/6 8719/592/6 8718/551/6
f 8796/553/6 8797/594/6 8758/593/6 8757/552/6
f 8835/554/6 8836/595/6 8797/594/6 8796/553/6
f 8874/555/6 8875/596/6 8836/595/6 8835/554/6
f 8913/556/6 8914/597/6 8875/596/6 8874/555/6
f 8952/557/6 8953/598/6 8914/597/6 8913/556/6
f 8991/558/6 8992/599/6 8953/598/6 8952/557/6
f 9030/559/6 9031/600/6 8992/599/6 8991/558/6
f 9069/560/6 9070/601/6 9031/600/6 9030/559/6
f 9108/561/6 9109/602/6 9070/601/6 9069/560/6
f 9147/562/6 9148/603/6 9109/602/6 9108/561/6
f 9186/563/6 9187/604/6 9148/603/6 9147/562/6
f 9225/564/6 9226/605/6 9187/604/6 9186/563/6
f 9264/565/6 9265/606/6 9226/605/6 9225/564/6
f 9303/566/6 9304/607/6 9265/606/6 9264/565/6
f 9342/567/6 9343/608/6 9304/607/6 9303/566/6
f 9381/568/6 9382/609/6 9343/608/6 9342/567/6
f 9420/569/6 9421/610/6 9382/609/6 9381/568/6
f 9459/570/6 9460/611/6 9421/610/6 9420/569/6
f 9498/571/6 9499/612/6 9460/611/6 9459/570/6
f 9537/572/6 9538/613/6 9499/612/6 9498/571/6
f 9576/573/6 9577/614/6 9538/613/6 9537/572/6
f 2748/574/6 2707/615/6 9577/614/6 9576/573/6
f 8095/576/6 8096/617/6 5536/616/6 5495/575/6
f 8134/577/6 8135/618/6 8096/617/6 8095/576/6
f 8173/578/6 8174/619/6 8135/618/6 8134/577/6
f 8212/579/6 8213/620/6 8174/619/6 8173/578/6
f 8251/580/6 8252/621/6 8213/620/6 8212/579/6
f 8290/581/6 8291/622/6 8252/621/6 8251/580/6
f 8329/582/6 8330/623/6 8291/622/6 8290/581/6
f 8368/583/6 8369/624/6 8330/623/6 8329/582/6
f 8407/584/6 8408/625/6 8369/624/6 8368/583/6
f 8446/585/6 8447/626/6 8408/625/6 8407/584/6
f 8485/586/6 8486/627/6 8447/626/6 8446/585/6
f 8524/587/6 8525/628/6 8486/627/6 8485/586/6
f 8563/588/6 8564/629/6 8525/628/6 8524/587/6
f 8602/589/6 8603/630/6 8564/629/6 8563/588/6
f 8641/590/6 8642/631/6 8603/630/6 8602/589/6
f 8680/591/6 8681/632/6 8642/631/6 8641/590/6
f 8719/592/6 8720/633/6 8681/632/6 8680/591/6
f 8758/593/6 8759/634/6 8720/633/6 8719/592/6
f 8797/594/6 8798/635/6 8759/634/6 8758/593/6
f 8836/595/6 8837/636/6 8798/635/6 8797/594/6
f 8875/596/6 8876/637/6 8837/636/6 8836/595/6
f 8914/597/6 8915/638/6 8876/637/6 8875/596/6
f 8953/598/6 8954/639/6 8915/638/6 8914/597/6
f 8992/599/6 8993/640/6 8954/639/6 8953/598/6
f 9031/600/6 9032/641/6 8993/640/6 8992/599/6
f 9070/601/6 9071/642/6 9032/641/6 9031/600/6
f 9109/602/6 9110/643/6 9071/642/6 9070/601/6
f 9148/603/6 9149/644/6 9110/643/6 9109/602/6
f 9187/604/6 9188/645/6 9149/644/6 9148/603/6
f 9226/605/6 9227/646/6 9188/645/6 9187/604/6
f 9265/606/6 9266/647/6 9227/646/6 9226/605/6
f 9304/607/6 9305/648/6 9266/647/6 9265/606/6
f 9343/608/6 9344/649/6 9305/648/6 9304/607/6
f 9382/609/6 9383/650/6 9344/649/6 9343/608/6
f 9421/610/6 9422/651/6 9383/650/6 9382/609/6
f 9460/611/6 9461/652/6 9422/651/6 9421/610/6
f 9499/612/6 9500/653/6 9461/652/6 9460/611/6
f 9538/613/6 9539/654/6 9500/653/6 9499/612/6
f 9577/614/6 9578/655/6 9539/654/6 9538/613/6
f 2707/615/6 2666/656/6 9578/655/6 9577/614/6
f 8096/617/6 8097/658/6 5577/657/6 5536/616/6
f 8135/618/6 8136/659/6 8097/658/6 8096/617/6
f 8174/619/6 8175/660/6 8136/659/6 8135/618/6
f 8213/620/6 8214/661/6 8175/660/6 8174/619/6
f 8252/621/6 8253/662/6 8214/661/6 8213/620/6
f 8291/622/6 8292/663/6 8253/662/6 8252/621/6
f 8330/623/6 8331/664/6 8292/663/6 8291/622/6
f 8369/624/6 8370/665/6 8331/664/6 8330/623/6
f 8408/625/6 8409/666/6 8370/665/6 8369/624/6
f 8447/626/6 8448/667/6 8409/666/6 8408/625/6
f 8486/627/6 8487/668/6 8448/667/6 8447/626/6
f 8525/628/6 8526/669/6 8487/668/6 8486/627/6
f 8564/629/6 8565/670/6 8526/669/6 8525/628/6
f 8603/630/6 8604/671/6 8565/670/6 8564/629/6
f 8642/631/6 8643/672/6 8604/671/6 8603/630/6
f 8681/632/6 8682/673/6 8643/672/6 8642/631/6
f 8720/633/6 8721/674/6 8682/673/6 8681/632/6
f 8759/634/6 8760/675/6 8721/674/6 8720/633/6
f 8798/635/6 8799/676/6 8760/675/6 8759/634/6
f 8837/636/6 8838/677/6 8799/676/6 8798/635/6
f 8876/637/6 8877/678/6 8838/677/6 8837/636/6
f 8915/638/6 8916/679/6 8877/678/6 8876/637/6
f 8954/639/6 8955/680/6 8916/679/6 8915/638/6
f 8993/640/6 8994/681/6 8955/680/6 8954/639/6
f 9032/641/6 9033/682/6 8994/681/6 8993/640/6
f 9071/642/6 9072/683/6 9033/682/6 9032/641/6
f 9110/643/6 9111/684/6 9072/683/6 9071/642/6
f 9149/644/6 9150/685/6 9111/684/6 9110/643/6
f 9188/645/6 9189/686/6 9150/685/6 9149/644/6
f 9227/646/6 9228/687/6 9189/686/6 9188/645/6
f 9266/647/6 9267/688/6 9228/687/6 9227/646/6
f 9305/648/6 9306/689/6 9267/688/6 9266/647/6
f 9344/649/6 9345/690/6 9306/689/6 9305/648/6
f 9383/650/6 9384/691/6 9345/690/6 9344/649/6
f 9422/651/6 9423/692/6 9384/691/6 9383/650/6
f 9461/652/6 9462/693/6 9423/692/6 9422/651/6
f 9500/653/6 9501/694/6 9462/693/6 9461/652/6
f 9539/654/6 9540/695/6 9501/694/6 9500/653/6
f 9578/655/6 9579/696/6 9540/695/6 9539/654/6
f 2666/656/6 2625/697/6 9579/696/6 9578/655/6
f 8097/658/6 8098/699/6 5618/698/6 5577/657/6
f 8136/659/6 8137/700/6 8098/699/6 8097/658/6
f 8175/660/6 8176/701/6 8137/700/6 8136/659/6
f 8214/661/6 8215/702/6 8176/701/6 8175/660/6
f 8253/662/6 8254/703/6 8215/702/6 8214/661/6
f 8292/663/6 8293/704/6 8254/703/6 8253/662/6
f 8331/664/6 8332/705/6 8293/704/6 8292/663/6
f 8370/665/6 8371/706/6 8332/705/6 8331/664/6
f 8409/666/6 8410/707/6 8371/706/6 8370/665/6
f 8448/667/6 8449/708/6 8410/707/6 8409/666/6
f 8487/668/6 8488/709/6 8449/708/6 8448/667/6
f 8526/669/6 8527/710/6 8488/709/6 8487/668/6
f 8565/670/6 8566/711/6 8527/710/6 8526/669/6
f 8604/671/6 8605/712/6 8566/711/6 8565/670/6
f 8643/672/6 8644/713/6 8605/712/6 8604/671/6
f 8682/673/6 8683/714/6 8644/713/6 8643/672/6
f 8721/674/6 8722/715/6 8683/714/6 8682/673/6
f 8760/675/6 8761/716/6 8722/715/6 8721/674/6
f 8799/676/6 8800/717/6 8761/716/6 8760/675/6
f 8838/677/6 8839/718/6 8800/717/6 8799/676/6
f 8877/678/6 8878/719/6 8839/718/6 8838/677/6
f 8916/679/6 8917/720/6 8878/719/6 8877/678/6
f 8955/680/6 8956/721/6 8917/720/6 8916/679/6
f 8994/681/6 8995/722/6 8956/721/6 8955/680/6
f 9033/682/6 9034/723/6 8995/722/6 8994/681/6
f 9072/683/6 9073/724/6 9034/723/6 9033/682/6
f 9111/684/6 9112/725/6 9073/724/6 9072/683/6
f 9150/685/6 9151/726/6 9112/725/6 9111/684/6
f 9189/686/6 9190/727/6 9151/726/6 9150/685/6
f 9228/687/6 9229/728/6 9190/727/6 9189/686/6
f 9267/688/6 9268/729/6 9229/728/6 9228/687/6
f 9306/689/6 9307/730/6 9268/729/6 9267/688/6
f 9345/690/6 9346/731/6 9307/730/6 9306/689/6
f 9384/691/6 9385/732/6 9346/731/6 9345/690/6
f 9423/692/6 9424/733/6 9385/732/6 9384/691/6
f 9462/693/6 9463/734/6 9424/733/6 9423/692/6
f 9501/694/6 9502/735/6 9463/734/6 9462/693/6
f 9540/695/6 9541/736/6 9502/735/6 9501/694/6
f 9579/696/6 9580/737/6 9541/736/6 9540/695/6
f 2625/697/6 2584/738/6 9580/737/6 9579/696/6
f 8098/699/6 8099/740/6 5659/739/6 5618/698/6
f 8137/700/6 8138/741/6 8099/740/6 8098/699/6
f 8176/701/6 8177/742/6 8138/741/6 8137/700/6
f 8215/702/6 8216/743/6 8177/742/6 8176/701/6
f 8254/703/6 8255/744/6 8216/743/6 8215/702/6
f 8293/704/6 8294/745/6 8255/744/6 8254/703/6
f 8332/705/6 8333/746/6 8294/745/6 8293/704/6
f 8371/706/6 8372/747/6 8333/746/6 8332/705/6
f 8410/707/6 8411/748/6 8372/747/6 8371/706/6
f 8449/708/6 8450/749/6 8411/748/6 8410/707/6
f 8488/709/6 8489/750/6 8450/749/6 8449/708/6
f 8527/710/6 8528/751/6 8489/750/6 8488/709/6
f 8566/711/6 8567/752/6 8528/751/6 8527/710/6
f 8605/712/6 8606/753/6 8567/752/6 8566/711/6
f 8644/713/6 8645/754/6 8606/753/6 8605/712/6
f 8683/714/6 8684/755/6 8645/754/6 8644/713/6
f 8722/715/6 8723/756/6 8684/755/6 8683/714/6
f 8761/716/6 8762/757/6 8723/756/6 8722/715/6
f 8800/717/6 8801/758/6 8762/757/6 8761/716/6
f 8839/718/6 8840/759/6 8801/758/6 8800/717/6
f 8878/719/6 8879/760/6 8840/759/6 8839/718/6
f 8917/720/6 8918/761/6 8879/760/6 8878/719/6
f 8956/721/6 8957/762/6 8918/761/6 8917/720/6
f 8995/722/6 8996/763/6 8957/762/6 8956/721/6
f 9034/723/6 9035/764/6 8996/763/6 8995/722/6
f 9073/724/6 9074/765/6 9035/764/6 9034/723/6
f 9112/725/6 9113/766/6 9074/765/6 9073/724/6
f 9151/726/6 9152/767/6 9113/766/6 9112/725/6
f 9190/727/6 9191/768/6 9152/767/6 9151/726/6
f 9229/728/6 9230/769/6 9191/768/6 9190/727/6
f 9268/729/6 9269/770/6 9230/769/6 9229/728/6
f 9307/730/6 9308/771/6 9269/770/6 9268/729/6
f 9346/731/6 9347/772/6 9308/771/6 9307/730/6
f 9385/732/6 9386/773/6 9347/772/6 9346/731/6
f 9424/733/6 9425/774/6 9386/773/6 9385/732/6
f 9463/734/6 9464/775/6 9425/774/6 9424/733/6
f 9502/735/6 9503/776/6 9464/775/6 9463/734/6
f 9541/736/6 9542/777/6 9503/776/6 9502/735/6
f 9580/737/6 9581/778/6 9542/777/6 9541/736/6
f 2584/738/6 2543/779/6 9581/778/6 9580/737/6
f 8099/740/6 8100/781/6 5700/780/6 5659/739/6
f 8138/741/6 8139/782/6 8100/781/6 8099/740/6
f 8177/742/6 8178/783/6 8139/782/6 8138/741/6
f 8216/743/6 8217/784/6 8178/783/6 8177/742/6
f 8255/744/6 8256/785/6 8217/784/6 8216/743/6
f 8294/745/6 8295/786/6 8256/785/6 8255/744/6
f 8333/746/6 8334/787/6 8295/786/6 8294/745/6
f 8372/747/6 8373/788/6 8334/787/6 8333/746/6
f 8411/748/6 8412/789/6 8373/788/6 8372/747/6
f 8450/749/6 8451/790/6 8412/789/6 8411/748/6
f 8489/750/6 8490/791/6 8451/790/6 8450/749/6
f 8528/751/6 8529/792/6 8490/791/6 8489/750/6
f 8567/752/6 8568/793/6 8529/792/6 8528/751/6
f 8606/753/6 8607/794/6 8568/793/6 8567/752/6
f 8645/754/6 8646/795/6 8607/794/6 8606/753/6
f 8684/755/6 8685/796/6 8646/795/6 8645/754/6
f 8723/756/6 8724/797/6 8685/796/6 8684/755/6
f 8762/757/6 8763/798/6 8724/797/6 8723/756/6
f 8801/758/6 8802/799/6 8763/798/6 8762/757/6
f 8840/759/6 8841/800/6 8802/799/6 8801/758/6
f 8879/760/6 8880/801/6 8841/800/6 8840/759/6
f 8918/761/6 8919/802/6 8880/801/6 8879/760/6
f 8957/762/6 8958/803/6 8919/802/6 8918/761/6
f 8996/763/6 8997/804/6 8958/803/6 8957/762/6
f 9035/764/6 9036/805/6 8997/804/6 8996/763/6
f 9074/765/6 9075/806/6 9036/805/6 9035/764/6
f 9113/766/6 9114/807/6 9075/806/6 9074/765/6
f 9152/767/6 9153/808/6 9114/807/6 9113/766/6
f 9191/768/6 9192/809/6 9153/808/6 9152/767/6
f 9230/769/6 9231/810/6 9192/809/6 9191/768/6
f 9269/770/6 9270/811/6 9231/810/6 9230/769/6
f 9308/771/6 9309/812/6 9270/811/6 9269/770/6
f 9347/772/6 9348/813/6 9309/812/6 9308/771/6
f 9386/773/6 9387/814/6 9348/813/6 9347/772/6
f 9425/774/6 9426/815/6 9387/814/6 9386/773/6
f 9464/775/6 9465/816/6 9426/815/6 9425/774/6
f 9503/776/6 9504/817/6 9465/816/6 9464/775/6
f 9542/777/6 9543/818/6 9504/817/6 9503/776/6
f 9581/778/6 9582/819/6 9543/818/6 9542/777/6
f 2543/779/6 2502/820/6 9582/819/6 9581/778/6
f 8100/781/6 8101/822/6 5741/821/6 5700/780/6
f 8139/782/6 8140/823/6 8101/822/6 8100/781/6
f 8178/783/6 8179/824/6 8140/823/6 8139/782/6
f 8217/784/6 8218/825/6 8179/824/6 8178/783/6
f 8256/785/6 8257/826/6 8218/825/6 8217/784/6
f 8295/786/6 8296/827/6 8257/826/6 8256/785/6
f 8334/787/6 8335/828/6 8296/827/6 8295/786/6
f 8373/788/6 8374/829/6 8335/828/6 8334/787/6
f 8412/789/6 8413/830/6 8374/829/6 8373/788/6
f 8451/790/6 8452/831/6 8413/830/6 8412/789/6
f 8490/791/6 8491/832/6 8452/831/6 8451/790/6
f 8529/792/6 8530/833/6 8491/832/6 8490/791/6
f 8568/793/6 8569/834/6 8530/833/6 8529/792/6
f 8607/794/6 8608/835/6 8569/834/6 8568/793/6
f 8646/795/6 8647/836/6 8608/835/6 8607/794/6
f 8685/796/6 8686/837/6 8647/836/6 8646/795/6
f 8724/797/6 8725/838/6 8686/837/6 8685/796/6
f 8763/798/6 8764/839/6 8725/838/6 8724/797/6
f 8802/799/6 8803/840/6 8764/839/6 8763/798/6
f 8841/800/6 8842/841/6 8803/840/6 8802/799/6
f 8880/801/6 8881/842/6 8842/841/6 8841/800/6
f 8919/802/6 8920/843/6 8881/842/6 8880/801/6
f 8958/803/6 8959/844/6 8920/843/6 8919/802/6
f 8997/804/6 8998/845/6 8959/844/6 8958/803/6
f 9036/805/6 9037/846/6 8998/845/6 8997/804/6
f 9075/806/6 9076/847/6 9037/846/6 9036/805/6
f 9114/807/6 9115/848/6 9076/847/6 9075/806/6
f 9153/808/6 9154/849/6 9115/848/6 9114/807/6
f 9192/809/6 9193/850/6 9154/849/6 9153/808/6
f 9231/810/6 9232/851/6 9193/850/6 9192/809/6
f 9270/811/6 9271/852/6 9232/851/6 9231/810/6
f 9309/812/6 9310/853/6 9271/852/6 9270/811/6
f 9348/813/6 9349/854/6 9310/853/6 9309/812/6
f 9387/814/6 9388/855/6 9349/854/6 9348/813/6
f 9426/815/6 9427/856/6 9388/855/6 9387/814/6
f 9465/816/6 9466/857/6 9427/856/6 9426/815/6
f 9504/817/6 9505/858/6 9466/857/6 9465/816/6
f 9543/818/6 9544/859/6 9505/858/6 9504/817/6
f 9582/819/6 9583/860/6 9544/859/6 9543/818/6
f 2502/820/6 2461/861/6 9583/860/6 9582/819/6
f 8101/822/6 8102/863/6 5782/862/6 5741/821/6
f 8140/823/6 8141/864/6 8102/863/6 8101/822/6
f 8179/824/6 8180/865/6 8141/864/6 8140/823/6
f 8218/825/6 8219/866/6 8180/865/6 8179/824/6
f 8257/826/6 8258/867/6 8219/866/6 8218/825/6
f 8296/827/6 8297/868/6 8258/867/6 8257/826/6
f 8335/828/6 8336/869/6 8297/868/6 8296/827/6
f 8374/829/6 8375/870/6 8336/869/6 8335/828/6
f 8413/830/6 8414/871/6 8375/870/6 8374/829/6
f 8452/831/6 8453/872/6 8414/871/6 8413/830/6
f 8491/832/6 8492/873/6 8453/872/6 8452/831/6
f 8530/833/6 8531/874/6 8492/873/6 8491/832/6
f 8569/834/6 8570/875/6 8531/874/6 8530/833/6
f 8608/835/6 8609/876/6 8570/875/6 8569/834/6
f 8647/836/6 8648/877/6 8609/876/6 8608/835/6
f 8686/837/6 8687/878/6 8648/877/6 8647/836/6
f 8725/838/6 8726/879/6 8687/878/6 8686/837/6
f 8764/839/6 8765/880/6 8726/879/6 8725/838/6
f 8803/840/6 8804/881/6 8765/880/6 8764/839/6
f 8842/841/6 8843/882/6 8804/881/6 8803/840/6
f 8881/842/6 8882/883/6 8843/882/6 8842/841/6
f 8920/843/6 8921/884/6 8882/883/6 8881/842/6
f 8959/844/6 8960/885/6 8921/884/6 8920/843/6
f 8998/845/6 8999/886/6 8960/885/6 8959/844/6
f 9037/846/6 9038/887/6 8999/886/6 8998/845/6
f 9076/847/6 9077/888/6 9038/887/6 9037/846/6
f 9115/848/6 9116/889/6 9077/888/6 9076/847/6
f 9154/849/6 9155/890/6 9116/889/6 9115/848/6
f 9193/850/6 9194/891/6 9155/890/6 9154/849/6
f 9232/851/6 9233/892/6 9194/891/6 9193/850/6
f 9271/852/6 9272/893/6 9233/892/6 9232/851/6
f 9310/853/6 9311/894/6 9272/893/6 9271/852/6
f 9349/854/6 9350/895/6 9311/894/6 9310/853/6
f 9388/855/6 9389/896/6 9350/895/6 9349/854/6
f 9427/856/6 9428/897/6 9389/896/6 9388/855/6
f 9466/857/6 9467/898/6 9428/897/6 9427/856/6
f 9505/858/6 9506/899/6 9467/898/6 9466/857/6
f 9544/859/6 9545/900/6 9506/899/6 9505/858/6
f 9583/860/6 9584/901/6 9545/900/6 9544/859/6
f 2461/861/6 2420/902/6 9584/901/6 9583/860/6
f 8102/863/6 8103/904/6 5823/903/6 5782/862/6
f 8141/864/6 8142/905/6 8103/904/6 8102/863/6
f 8180/865/6 8181/906/6 8142/905/6 8141/864/6
f 8219/866/6 8220/907/6 8181/906/6 8180/865/6
f 8258/867/6 8259/908/6 8220/907/6 8219/866/6
f 8297/868/6 8298/909/6 8259/908/6 8258/867/6
f 8336/869/6 8337/910/6 8298/909/6 8297/868/6
f 8375/870/6 8376/911/6 8337/910/6 8336/869/6
f 8414/871/6 8415/912/6 8376/911/6 8375/870/6
f 8453/872/6 8454/913/6 8415/912/6 8414/871/6
f 8492/873/6 8493/914/6 8454/913/6 8453/872/6
f 8531/874/6 8532/915/6 8493/914/6 8492/873/6
f 8570/875/6 8571/916/6 8532/915/6 8531/874/6
f 8609/876/6 8610/917/6 8571/916/6 8570/875/6
f 8648/877/6 8649/918/6 8610/917/6 8609/876/6
f 8687/878/6 8688/919/6 8649/918/6 8648/877/6
f 8726/879/6 8727/920/6 8688/919/6 8687/878/6
f 8765/880/6 8766/921/6 8727/920/6 8726/879/6
f 8804/881/6 8805/922/6 8766/921/6 8765/880/6
f 8843/882/6 8844/923/6 8805/922/6 8804/881/6
f 8882/883/6 8883/924/6 8844/923/6 8843/882/6
f 8921/884/6 8922/925/6 8883/924/6 8882/883/6
f 8960/885/6 8961/926/6 8922/925/6 8921/884/6
f 8999/886/6 9000/927/6 8961/926/6 8960/885/6
f 9038/887/6 9039/928/6 9000/927/6 8999/886/6
f 9077/888/6 9078/929/6 9039/928/6 9038/887/6
f 9116/889/6 9117/930/6 9078/929/6 9077/888/6
f 9155/890/6 9156/931/6 9117/930/6 9116/889/6
f 9194/891/6 9195/932/6 9156/931/6 9155/890/6
f 9233/892/6 9234/933/6 9195/932/6 9194/891/6
f 9272/893/6 9273/934/6 9234/933/6 9233/892/6
f 9311/894/6 9312/935/6 9273/934/6 9272/893/6
f 9350/895/6 9351/936/6 9312/935/6 9311/894/6
f 9389/896/6 9390/937/6 9351/936/6 9350/895/6
f 9428/897/6 9429/938/6 9390/937/6 9389/896/6
f 9467/898/6 9468/939/6 9429/938/6 9428/897/6
f 9506/899/6 9507/940/6 9468/939/6 9467/898/6
f 9545/900/6 9546/941/6 9507/940/6 9506/899/6
f 9584/901/6 9585/942/6 9546/941/6 9545/900/6
f 2420/902/6 2379/943/6 9585/942/6 9584/901/6
f 8103/904/6 8104/945/6 5864/944/6 5823/903/6
f 8142/905/6 8143/946/6 8104/945/6 8103/904/6
f 8181/906/6 8182/947/6 8143/946/6 8142/905/6
f 8220/907/6 8221/948/6 8182/947/6 8181/906/6
f 8259/908/6 8260/949/6 8221/948/6 8220/907/6
f 8298/909/6 8299/950/6 8260/949/6 8259/908/6
f 8337/910/6 8338/951/6 8299/950/6 8298/909/6
f 8376/911/6 8377/952/6 8338/951/6 8337/910/6
f 8415/912/6 8416/953/6 8377/952/6 8376/911/6
f 8454/913/6 8455/954/6 8416/953/6 8415/912/6
f 8493/914/6 8494/955/6 8455/954/6 8454/913/6
f 8532/915/6 8533/956/6 8494/955/6 8493/914/6
f 8571/916/6 8572/957/6 8533/956/6 8532/915/6
f 8610/917/6 8611/958/6 8572/957/6 8571/916/6
f 8649/918/6 8650/959/6 8611/958/6 8610/917/6
f 8688/919/6 8689/960/6 8650/959/6 8649/918/6
f 8727/920/6 8728/961/6 8689/960/6 8688/919/6
f 8766/921/6 8767/962/6 8728/961/6 8727/920/6
f 8805/922/6 8806/963/6 8767/962/6 8766/921/6
f 8844/923/6 8845/964/6 8806/963/6 8805/922/6
f 8883/924/6 8884/965/6 8845/964/6 8844/923/6
f 8922/925/6 8923/966/6 8884/965/6 8883/924/6
f 8961/926/6 8962/967/6 8923/966/6 8922/925/6
f 9000/927/6 9001/968/6 8962/967/6 8961/926/6
f 9039/928/6 9040/969/6 9001/968/6 9000/927/6
f 9078/929/6 9079/970/6 9040/969/6 9039/928/6
f 9117/930/6 9118/971/6 9079/970/6 9078/929/6
f 9156/931/6 9157/972/6 9118/971/6 9117/930/6
f 9195/932/6 9196/973/6 9157/972/6 9156/931/6
f 9234/933/6 9235/974/6 9196/973/6 9195/932/6
f 9273/934/6 9274/975/6 9235/974/6 9234/933/6
f 9312/935/6 9313/976/6 9274/975/6 9273/934/6
f 9351/936/6 9352/977/6 9313/976/6 9312/935/6
f 9390/937/6 9391/978/6 9352/977/6 9351/936/6
f 9429/938/6 9430/979/6 9391/978/6 9390/937/6
f 9468/939/6 9469/980/6 9430/979/6 9429/938/6
f 9507/940/6 9508/981/6 9469/980/6 9468/939/6
f 9546/941/6 9547/982/6 9508/981/6 9507/940/6
f 9585/942/6 9586/983/6 9547/982/6 9546/941/6
f 2379/943/6 2338/984/6 9586/983/6 9585/942/6
f 8104/945/6 8105/986/6 5905/985/6 5864/944/6
f 8143/946/6 8144/987/6 8105/986/6 8104/945/6
f 8182/947/6 8183/988/6 8144/987/6 8143/946/6
f 8221/948/6 8222/989/6 8183/988/6 8182/947/6
f 8260/949/6 8261/990/6 8222/989/6 8221/948/6
f 8299/950/6 8300/991/6 8261/990/6 8260/949/6
f 8338/951/6 8339/992/6 8300/991/6 8299/950/6
f 8377/952/6 8378/993/6 8339/992/6 8338/951/6
f 8416/953/6 8417/994/6 8378/993/6 8377/952/6
f 8455/954/6 8456/995/6 8417/994/6 8416/953/6
f 8494/955/6 8495/996/6 8456/995/6 8455/954/6
f 8533/956/6 8534/997/6 8495/996/6 8494/955/6
f 8572/957/6 8573/998/6 8534/997/6 8533/956/6
f 8611/958/6 8612/999/6 8573/998/6 8572/957/6
f 8650/959/6 8651/1000/6 8612/999/6 8611/958/6
f 8689/960/6 8690/1001/6 8651/1000/6 8650/959/6
f 8728/961/6 8729/1002/6 8690/1001/6 8689/960/6
f 8767/962/6 8768/1003/6 8729/1002/6 8728/961/6
f 8806/963/6 8807/1004/6 8768/1003/6 8767/962/6
f 8845/964/6 8846/1005/6 8807/1004/6 8806/963/6
f 8884/965/6 8885/1006/6 8846/1005/6 8845/964/6
f 8923/966/6 8924/1007/6 8885/1006/6 8884/965/6
f 8962/967/6 8963/1008/6 8924/1007/6 8923/966/6
f 9001/968/6 9002/1009/6 8963/1008/6 8962/967/6
f 9040/969/6 9041/1010/6 9002/1009/6 9001/968/6
f 9079/970/6 9080/1011/6 9041/1010/6 9040/969/6
f 9118/971/6 9119/1012/6 9080/1011/6 9079/970/6
f 9157/972/6 9158/1013/6 9119/1012/6 9118/971/6
f 9196/973/6 9197/1014/6 9158/1013/6 9157/972/6
f 9235/974/6 9236/1015/6 9197/1014/6 9196/973/6
f 9274/975/6 9275/1016/6 9236/1015/6 9235/974/6
f 9313/976/6 9314/1017/6 9275/1016/6 9274/975/6
f 9352/977/6 9353/1018/6 9314/1017/6 9313/976/6
f 9391/978/6 9392/1019/6 9353/1018/6 9352/977/6
f 9430/979/6 9431/1020/6 9392/1019/6 9391/978/6
f 9469/980/6 9470/1021/6 9431/1020/6 9430/979/6
f 9508/981/6 9509/1022/6 9470/1021/6 9469/980/6
f 9547/982/6 9548/1023/6 9509/1022/6 9508/981/6
f 9586/983/6 9587/1024/6 9548/1023/6 9547/982/6
f 2338/984/6 2297/1025/6 9587/1024/6 9586/983/6
f 8105/986/6 8106/1027/6 5946/1026/6 5905/985/6
f 8144/987/6 8145/1028/6 8106/1027/6 8105/986/6
f 8183/988/6 8184/1029/6 8145/1028/6 8144/987/6
f 8222/989/6 8223/1030/6 8184/1029/6 8183/988/6
f 8261/990/6 8262/1031/6 8223/1030/6 8222/989/6
f 8300/991/6 8301/1032/6 8262/1031/6 8261/990/6
f 8339/992/6 8340/1033/6 8301/1032/6 8300/991/6
f 8378/993/6 8379/1034/6 8340/1033/6 8339/992/6
f 8417/994/6 8418/1035/6 8379/1034/6 8378/993/6
f 8456/995/6 8457/1036/6 8418/1035/6 8417/994/6
f 8495/996/6 8496/1037/6 8457/1036/6 8456/995/6
f 8534/997/6 8535/1038/6 8496/1037/6 8495/996/6
f 8573/998/6 8574/1039/6 8535/1038/6 8534/997/6
f 8612/999/6 8613/1040/6 8574/1039/6 8573/998/6
f 8651/1000/6 8652/1041/6 8613/1040/6 8612/999/6
f 8690/1001/6 8691/1042/6 8652/1041/6 8651/1000/6
f 8729/1002/6 8730/1043/6 8691/1042/6 8690/1001/6
f 8768/1003/6 8769/1044/6 8730/1043/6 8729/1002/6
f 8807/1004/6 8808/1045/6 8769/1044/6 8768/1003/6
f 8846/1005/6 8847/1046/6 8808/1045/6 8807/1004/6
f 8885/1006/6 8886/1047/6 8847/1046/6 8846/1005/6
f 8924/1007/6 8925/1048/6 8886/1047/6 8885/1006/6
f 8963/1008/6 8964/1049/6 8925/1048/6 8924/1007/6
f 9002/1009/6 9003/1050/6 8964/1049/6 8963/1008/6
f 9041/1010/6 9042/1051/6 9003/1050/6 9002/1009/6
f 9080/1011/6 9081/1052/6 9042/1051/6 9041/1010/6
f 9119/1012/6 9120/1053/6 9081/1052/6 9080/1011/6
f 9158/1013/6 9159/1054/6 9120/1053/6 9119/1012/6
f 9197/1014/6 9198/1055/6 9159/1054/6 9158/1013/6
f 9236/1015/6 9237/1056/6 9198/1055/6 9197/1014/6
f 9275/1016/6 9276/1057/6 9237/1056/6 9236/1015/6
f 9314/1017/6 9315/1058/6 9276/1057/6 9275/1016/6
f 9353/1018/6 9354/1059/6 9315/1058/6 9314/1017/6
f 9392/1019/6 9393/1060/6 9354/1059/6 9353/1018/6
f 9431/1020/6 9432/1061/6 9393/1060/6 9392/1019/6
f 9470/1021/6 9471/1062/6 9432/1061/6 9431/1020/6
f 9509/1022/6 9510/1063/6 9471/1062/6 9470/1021/6
f 9548/1023/6 9549/1064/6 9510/1063/6 9509/1022/6
f 9587/1024/6 9588/1065/6 9549/1064/6 9548/1023/6
f 2297/1025/6 2256/1066/6 9588/1065/6 9587/1024/6
f 8106/1027/6 8107/1068/6 5987/1067/6 5946/1026/6
f 8145/1028/6 8146/1069/6 8107/1068/6 8106/1027/6
f 8184/1029/6 8185/1070/6 8146/1069/6 8145/1028/6
f 8223/1030/6 8224/1071/6 8185/1070/6 8184/1029/6
f 8262/1031/6 8263/1072/6 8224/1071/6 8223/1030/6
f 8301/1032/6 8302/1073/6 8263/1072/6 8262/1031/6
f 8340/1033/6 8341/1074/6 8302/1073/6 8301/1032/6
f 8379/1034/6 8380/1075/6 8341/1074/6 8340/1033/6
f 8418/1035/6 8419/1076/6 8380/1075/6 8379/1034/6
f 8457/1036/6 8458/1077/6 8419/1076/6 8418/1035/6
f 8496/1037/6 8497/1078/6 8458/1077/6 8457/1036/6
f 8535/1038/6 8536/1079/6 8497/1078/6 8496/1037/6
f 8574/1039/6 8575/1080/6 8536/1079/6 8535/1038/6
f 8613/1040/6 8614/1081/6 8575/1080/6 8574/1039/6
f 8652/1041/6 8653/1082/6 8614/1081/6 8613/1040/6
f 8691/1042/6 8692/1083/6 8653/1082/6 8652/1041/6
f 8730/1043/6 8731/1084/6 8692/1083/6 8691/1042/6
f 8769/1044/6 8770/1085/6 8731/1084/6 8730/1043/6
f 8808/1045/6 8809/1086/6 8770/1085/6 8769/1044/6
f 8847/1046/6 8848/1087/6 8809/1086/6 8808/1045/6
f 8886/1047/6 8887/1088/6 8848/1087/6 8847/1046/6
f 8925/1048/6 8926/1089/6 8887/1088/6 8886/1047/6
f 8964/1049/6 8965/1090/6 8926/1089/6 8925/1048/6
f 9003/1050/6 9004/1091/6 8965/1090/6 8964/1049/6
f 9042/1051/6 9043/1092/6 9004/1091/6 9003/1050/6
f 9081/1052/6 9082/1093/6 9043/1092/6 9042/1051/6
f 9120/1053/6 9121/1094/6 9082/1093/6 9081/1052/6
f 9159/1054/6 9160/1095/6 9121/1094/6 9120/1053/6
f 9198/1055/6 9199/1096/6 9160/1095/6 9159/1054/6
f 9237/1056/6 9238/1097/6 9199/1096/6 9198/1055/6
f 9276/1057/6 9277/1098/6 9238/1097/6 9237/1056/6
f 9315/1058/6 9316/1099/6 9277/1098/6 9276/1057/6
f 9354/1059/6 9355/1100/6 9316/1099/6 9315/1058/6
f 9393/1060/6 9394/1101/6 9355/1100/6 9354/1059/6
f 9432/1061/6 9433/1102/6 9394/1101/6 9393/1060/6
f 9471/1062/6 9472/1103/6 9433/1102/6 9432/1061/6
f 9510/1063/6 9511/1104/6 9472/1103/6 9471/1062/6
f 9549/1064/6 9550/1105/6 9511/1104/6 9510/1063/6
f 9588/1065/6 9589/1106/6 9550/1105/6 9549/1064/6
f 2256/1066/6 2215/1107/6 9589/1106/6 9588/1065/6
f 8107/1068/6 8108/1109/6 6028/1108/6 5987/1067/6
f 8146/1069/6 8147/1110/6 8108/1109/6 8107/1068/6
f 8185/1070/6 8186/1111/6 8147/1110/6 8146/1069/6
f 8224/1071/6 8225/1112/6 8186/1111/6 8185/1070/6
f 8263/1072/6 8264/1113/6 8225/1112/6 8224/1071/6
f 8302/1073/6 8303/1114/6 8264/1113/6 8263/1072/6
f 8341/1074/6 8342/1115/6 8303/1114/6 8302/1073/6
f 8380/1075/6 8381/1116/6 8342/1115/6 8341/1074/6
f 8419/1076/6 8420/1117/6 8381/1116/6 8380/1075/6
f 8458/1077/6 8459/1118/6 8420/1117/6 8419/1076/6
f 8497/1078/6 8498/1119/6 8459/1118/6 8458/1077/6
f 8536/1079/6 8537/1120/6 8498/1119/6 8497/1078/6
f 8575/1080/6 8576/1121/6 8537/1120/6 8536/1079/6
f 8614/1081/6 8615/1122/6 8576/1121/6 8575/1080/6
f 8653/1082/6 8654/1123/6 8615/1122/6 8614/1081/6
f 8692/1083/6 8693/1124/6 8654/1123/6 8653/1082/6
f 8731/1084/6 8732/1125/6 8693/1124/6 8692/1083/6
f 8770/1085/6 8771/1126/6 8732/1125/6 8731/1084/6
f 8809/1086/6 8810/1127/6 8771/1126/6 8770/1085/6
f 8848/1087/6 8849/1128/6 8810/1127/6 8809/1086/6
f 8887/1088/6 8888/1129/6 8849/1128/6 8848/1087/6
f 8926/1089/6 8927/1130/6 8888/1129/6 8887/1088/6
f 8965/1090/6 8966/1131/6 8927/1130/6 8926/1089/6
f 9004/1091/6 9005/1132/6 8966/1131/6 8965/1090/6
f 9043/1092/6 9044/1133/6 9005/1132/6 9004/1091/6
f 9082/1093/6 9083/1134/6 9044/1133/6 9043/1092/6
f 9121/1094/6 9122/1135/6 9083/1134/6 9082/1093/6
f 9160/1095/6 9161/1136/6 9122/1135/6 9121/1094/6
f 9199/1096/6 9200/1137/6 9161/1136/6 9160/1095/6
f 9238/1097/6 9239/1138/6 9200/1137/6 9199/1096/6
f 9277/1098/6 9278/1139/6 9239/1138/6 9238/1097/6
f 9316/1099/6 9317/1140/6 9278/1139/6 9277/1098/6
f 9355/1100/6 9356/1141/6 9317/1140/6 9316/1099/6
f 9394/1101/6 9395/1142/6 9356/1141/6 9355/1100/6
f 9433/1102/6 9434/1143/6 9395/1142/6 9394/1101/6
f 9472/1103/6 9473/1144/6 9434/1143/6 9433/1102/6
f 9511/1104/6 9512/1145/6 9473/1144/6 9472/1103/6
f 9550/1105/6 9551/1146/6 9512/1145/6 9511/1104/6
f 9589/1106/6 9590/1147/6 9551/1146/6 9550/1105/6
f 2215/1107/6 2174/1148/6 9590/1147/6 9589/1106/6
f 8108/1109/6 8109/1150/6 6069/1149/6 6028/1108/6
f 8147/1110/6 8148/1151/6 8109/1150/6 8108/1109/6
f 8186/1111/6 8187/1152/6 8148/1151/6 8147/1110/6
f 8225/1112/6 8226/1153/6 8187/1152/6 8186/1111/6
f 8264/1113/6 8265/1154/6 8226/1153/6 8225/1112/6
f 8303/1114/6 8304/1155/6 8265/1154/6 8264/1113/6
f 8342/1115/6 8343/1156/6 8304/1155/6 8303/1114/6
f 8381/1116/6 8382/1157/6 8343/1156/6 8342/1115/6
f 8420/1117/6 8421/1158/6 8382/1157/6 8381/1116/6
f 8459/1118/6 8460/1159/6 8421/1158/6 8420/1117/6
f 8498/1119/6 8499/1160/6 8460/1159/6 8459/1118/6
f 8537/1120/6 8538/1161/6 8499/1160/6 8498/1119/6
f 8576/1121/6 8577/1162/6 8538/1161/6 8537/1120/6
f 8615/1122/6 8616/1163/6 8577/1162/6 8576/1121/6
f 8654/1123/6 8655/1164/6 8616/1163/6 8615/1122/6
f 8693/1124/6 8694/1165/6 8655/1164/6 8654/1123/6
f 8732/1125/6 8733/1166/6 8694/1165/6 8693/1124/6
f 8771/1126/6 8772/1167/6 8733/1166/6 8732/1125/6
f 8810/1127/6 8811/1168/6 8772/1167/6 8771/1126/6
f 8849/1128/6 8850/1169/6 8811/1168/6 8810/1127/6
f 8888/1129/6 8889/1170/6 8850/1169/6 8849/1128/6
f 8927/1130/6 8928/1171/6 8889/1170/6 8888/1129/6
f 8966/1131/6 8967/1172/6 8928/1171/6 8927/1130/6
f 9005/1132/6 9006/1173/6 8967/1172/6 8966/1131/6
f 9044/1133/6 9045/1174/6 9006/1173/6 9005/1132/6
f 9083/1134/6 9084/1175/6 9045/1174/6 9044/1133/6
f 9122/1135/6 9123/1176/6 9084/1175/6 9083/1134/6
f 9161/1136/6 9162/1177/6 9123/1176/6 9122/1135/6
f 9200/1137/6 9201/1178/6 9162/1177/6 9161/1136/6
f 9239/1138/6 9240/1179/6 9201/1178/6 9200/1137/6
f 9278/1139/6 9279/1180/6 9240/1179/6 9239/1138/6
f 9317/1140/6 9318/1181/6 9279/1180/6 9278/1139/6
f 9356/1141/6 9357/1182/6 9318/1181/6 9317/1140/6
f 9395/1142/6 9396/1183/6 9357/1182/6 9356/1141/6
f 9434/1143/6 9435/1184/6 9396/1183/6 9395/1142/6
f 9473/1144/6 9474/1185/6 9435/1184/6 9434/1143/6
f 9512/1145/6 9513/1186/6 9474/1185/6 9473/1144/6
f 9551/1146/6 9552/1187/6 9513/1186/6 9512/1145/6
f 9590/1147/6 9591/1188/6 9552/1187/6 9551/1146/6
f 2174/1148/6 2133/1189/6 9591/1188/6 9590/1147/6
f 8109/1150/6 8110/1191/6 6110/1190/6 6069/1149/6
f 8148/1151/6 8149/1192/6 8110/1191/6 8109/1150/6
f 8187/1152/6 8188/1193/6 8149/1192/6 8148/1151/6
f 8226/1153/6 8227/1194/6 8188/1193/6 8187/1152/6
f 8265/1154/6 8266/1195/6 8227/1194/6 8226/1153/6
f 8304/1155/6 8305/1196/6 8266/1195/6 8265/1154/6
f 8343/1156/6 8344/1197/6 8305/1196/6 8304/1155/6
f 8382/1157/6 8383/1198/6 8344/1197/6 8343/1156/6
f 8421/1158/6 8422/1199/6 8383/1198/6 8382/1157/6
f 8460/1159/6 8461/1200/6 8422/1199/6 8421/1158/6
f 8499/1160/6 8500/1201/6 8461/1200/6 8460/1159/6
f 8538/1161/6 8539/1202/6 8500/1201/6 8499/1160/6
f 8577/1162/6 8578/1203/6 8539/1202/6 8538/1161/6
f 8616/1163/6 8617/1204/6 8578/1203/6 8577/1162/6
f 8655/1164/6 8656/1205/6 8617/1204/6 8616/1163/6
f 8694/1165/6 8695/1206/6 8656/1205/6 8655/1164/6
f 8733/1166/6 8734/1207/6 8695/1206/6 8694/1165/6
f 8772/1167/6 8773/1208/6 8734/1207/6 8733/1166/6
f 8811/1168/6 8812/1209/6 8773/1208/6 8772/1167/6
f 8850/1169/6 8851/1210/6 8812/1209/6 8811/1168/6
f 8889/1170/6 8890/1211/6 8851/1210/6 8850/1169/6
f 8928/1171/6 8929/1212/6 8890/1211/6 8889/1170/6
f 8967/1172/6 8968/1213/6 8929/1212/6 8928/1171/6
f 9006/1173/6 9007/1214/6 8968/1213/6 8967/1172/6
f 9045/1174/6 9046/1215/6 9007/1214/6 9006/1173/6
f 9084/1175/6 9085/1216/6 9046/1215/6 9045/1174/6
f 9123/1176/6 9124/1217/6 9085/1216/6 9084/1175/6
f 9162/1177/6 9163/1218/6 9124/1217/6 9123/1176/6
f 9201/1178/6 9202/1219/6 9163/1218/6 9162/1177/6
f 9240/1179/6 9241/1220/6 9202/1219/6 9201/1178/6
f 9279/1180/6 9280/1221/6 9241/1220/6 9240/1179/6
f 9318/1181/6 9319/1222/6 9280/1221/6 9279/1180/6
f 9357/1182/6 9358/1223/6 9319/1222/6 9318/1181/6
f 9396/1183/6 9397/1224/6 9358/1223/6 9357/1182/6
f 9435/1184/6 9436/1225/6 9397/1224/6 9396/1183/6
f 9474/1185/6 9475/1226/6 9436/1225/6 9435/1184/6
f 9513/1186/6 9514/1227/6 9475/1226/6 9474/1185/6
f 9552/1187/6 9553/1228/6 9514/1227/6 9513/1186/6
f 9591/1188/6 9592/1229/6 9553/1228/6 9552/1187/6
f 2133/1189/6 2092/1230/6 9592/1229/6 9591/1188/6
f 8110/1191/6 8111/1232/6 6151/1231/6 6110/1190/6
f 8149/1192/6 8150/1233/6 8111/1232/6 8110/1191/6
f 8188/1193/6 8189/1234/6 8150/1233/6 8149/1192/6
f 8227/1194/6 8228/1235/6 8189/1234/6 8188/1193/6
f 8266/1195/6 8267/1236/6 8228/1235/6 8227/1194/6
f 8305/1196/6 8306/1237/6 8267/1236/6 8266/1195/6
f 8344/1197/6 8345/1238/6 8306/1237/6 8305/1196/6
f 8383/1198/6 8384/1239/6 8345/1238/6 8344/1197/6
f 8422/1199/6 8423/1240/6 8384/1239/6 8383/1198/6
f 8461/1200/6 8462/1241/6 8423/1240/6 8422/1199/6
f 8500/1201/6 8501/1242/6 8462/1241/6 8461/1200/6
f 8539/1202/6 8540/1243/6 8501/1242/6 8500/1201/6
f 8578/1203/6 8579/1244/6 8540/1243/6 8539/1202/6
f 8617/1204/6 8618/1245/6 8579/1244/6 8578/1203/6
f 8656/1205/6 8657/1246/6 8618/1245/6 8617/1204/6
f 8695/1206/6 8696/1247/6 8657/1246/6 8656/1205/6
f 8734/1207/6 8735/1248/6 8696/1247/6 8695/1206/6
f 8773/1208/6 8774/1249/6 8735/1248/6 8734/1207/6
f 8812/1209/6 8813/1250/6 8774/1249/6 8773/1208/6
f 8851/1210/6 8852/1251/6 8813/1250/6 8812/1209/6
f 8890/1211/6 8891/1252/6 8852/1251/6 8851/1210/6
f 8929/1212/6 8930/1253/6 8891/1252/6 8890/1211/6
f 8968/1213/6 8969/1254/6 8930/1253/6 8929/1212/6
f 9007/1214/6 9008/1255/6 8969/1254/6 8968/1213/6
f 9046/1215/6 9047/1256/6 9008/1255/6 9007/1214/6
f 9085/1216/6 9086/1257/6 9047/1256/6 9046/1215/6
f 9124/1217/6 9125/1258/6 9086/1257/6 9085/1216/6
f 9163/1218/6 9164/1259/6 9125/1258/6 9124/1217/6
f 9202/1219/6 9203/1260/6 9164/1259/6 9163/1218/6
f 9241/1220/6 9242/1261/6 9203/1260/6 9202/1219/6
f 9280/1221/6 9281/1262/6 9242/1261/6 9241/1220/6
f 9319/1222/6 9320/1263/6 9281/1262/6 9280/1221/6
f 9358/1223/6 9359/1264/6 9320/1263/6 9319/1222/6
f 9397/1224/6 9398/1265/6 9359/1264/6 9358/1223/6
f 9436/1225/6 9437/1266/6 9398/1265/6 9397/1224/6
f 9475/1226/6 9476/1267/6 9437/1266/6 9436/1225/6
f 9514/1227/6 9515/1268/6 9476/1267/6 9475/1226/6
f 9553/1228/6 9554/1269/6 9515/1268/6 9514/1227/6
f 9592/1229/6 9593/1270/6 9554/1269/6 9553/1228/6
f 2092/1230/6 2051/1271/6 9593/1270/6 9592/1229/6
f 8111/1232/6 8112/1273/6 6192/1272/6 6151/1231/6
f 8150/1233/6 8151/1274/6 8112/1273/6 8111/1232/6
f 8189/1234/6 8190/1275/6 8151/1274/6 8150/1233/6
f 8228/1235/6 8229/1276/6 8190/1275/6 8189/1234/6
f 8267/1236/6 8268/1277/6 8229/1276/6 8228/1235/6
f 8306/1237/6 8307/1278/6 8268/1277/6 8267/1236/6
f 8345/1238/6 8346/1279/6 8307/1278/6 8306/1237/6
f 8384/1239/6 8385/1280/6 8346/1279/6 8345/1238/6
f 8423/1240/6 8424/1281/6 8385/1280/6 8384/1239/6
f 8462/1241/6 8463/1282/6 8424/1281/6 8423/1240/6
f 8501/1242/6 8502/1283/6 8463/1282/6 8462/1241/6
f 8540/1243/6 8541/1284/6 8502/1283/6 8501/1242/6
f 8579/1244/6 8580/1285/6 8541/1284/6 8540/1243/6
f 8618/1245/6 8619/1286/6 8580/1285/6 8579/1244/6
f 8657/1246/6 8658/1287/6 8619/1286/6 8618/1245/6
f 8696/1247/6 8697/1288/6 8658/1287/6 8657/1246/6
f 8735/1248/6 8736/1289/6 8697/1288/6 8696/1247/6
f 8774/1249/6 8775/1290/6 8736/1289/6 8735/1248/6
f 8813/1250/6 8814/1291/6 8775/1290/6 8774/1249/6
f 8852/1251/6 8853/1292/6 8814/1291/6 8813/1250/6
f 8891/1252/6 8892/1293/6 8853/1292/6 8852/1251/6
f 8930/1253/6 8931/1294/6 8892/1293/6 8891/1252/6
f 8969/1254/6 8970/1295/6 8931/1294/6 8930/1253/6
f 9008/1255/6 9009/1296/6 8970/1295/6 8969/1254/6
f 9047/1256/6 9048/1297/6 9009/1296/6 9008/1255/6
f 9086/1257/6 9087/1298/6 9048/1297/6 9047/1256/6
f 9125/1258/6 9126/1299/6 9087/1298/6 9086/1257/6
f 9164/1259/6 9165/1300/6 9126/1299/6 9125/1258/6
f 9203/1260/6 9204/1301/6 9165/1300/6 9164/1259/6
f 9242/1261/6 9243/1302/6 9204/1301/6 9203/1260/6
f 9281/1262/6 9282/1303/6 9243/1302/6 9242/1261/6
f 9320/1263/6 9321/1304/6 9282/1303/6 9281/1262/6
f 9359/1264/6 9360/1305/6 9321/1304/6 9320/1263/6
f 9398/1265/6 9399/1306/6 9360/1305/6 9359/1264/6
f 9437/1266/6 9438/1307/6 9399/1306/6 9398/1265/6
f 9476/1267/6 9477/1308/6 9438/1307/6 9437/1266/6
f 9515/1268/6 9516/1309/6 9477/1308/6 9476/1267/6
f 9554/1269/6 9555/1310/6 9516/1309/6 9515/1268/6
f 9593/1270/6 9594/1311/6 9555/1310/6 9554/1269/6
f 2051/1271/6 2010/1312/6 9594/1311/6 9593/1270/6
f 8112/1273/6 8113/1314/6 6233/1313/6 6192/1272/6
f 8151/1274/6 8152/1315/6 8113/1314/6 8112/1273/6
f 8190/1275/6 8191/1316/6 8152/1315/6 8151/1274/6
f 8229/1276/6 8230/1317/6 8191/1316/6 8190/1275/6
f 8268/1277/6 8269/1318/6 8230/1317/6 8229/1276/6
f 8307/1278/6 8308/1319/6 8269/1318/6 8268/1277/6
f 8346/1279/6 8347/1320/6 8308/1319/6 8307/1278/6
f 8385/1280/6 8386/1321/6 8347/1320/6 8346/1279/6
f 8424/1281/6 8425/1322/6 8386/1321/6 8385/1280/6
f 8463/1282/6 8464/1323/6 8425/1322/6 8424/1281/6
f 8502/1283/6 8503/1324/6 8464/1323/6 8463/1282/6
f 8541/1284/6 8542/1325/6 8503/1324/6 8502/1283/6
f 8580/1285/6 8581/1326/6 8542/1325/6 8541/1284/6
f 8619/1286/6 8620/1327/6 8581/1326/6 8580/1285/6
f 8658/1287/6 8659/1328/6 8620/1327/6 8619/1286/6
f 8697/1288/6 8698/1329/6 8659/1328/6 8658/1287/6
f 8736/1289/6 8737/1330/6 8698/1329/6 8697/1288/6
f 8775/1290/6 8776/1331/6 8737/1330/6 8736/1289/6
f 8814/1291/6 8815/1332/6 8776/1331/6 8775/1290/6
f 8853/1292/6 8854/1333/6 8815/1332/6 8814/1291/6
f 8892/1293/6 8893/1334/6 8854/1333/6 8853/1292/6
f 8931/1294/6 8932/1335/6 8893/1334/6 8892/1293/6
f 8970/1295/6 8971/1336/6 8932/1335/6 8931/1294/6
f 9009/1296/6 9010/1337/6 8971/1336/6 8970/1295/6
f 9048/1297/6 9049/1338/6 9010/1337/6 9009/1296/6
f 9087/1298/6 9088/1339/6 9049/1338/6 9048/1297/6
f 9126/1299/6 9127/1340/6 9088/1339/6 9087/1298/6
f 9165/1300/6 9166/1341/6 9127/1340/6 9126/1299/6
f 9204/1301/6 9205/1342/6 9166/1341/6 9165/1300/6
f 9243/1302/6 9244/1343/6 9205/1342/6 9204/1301/6
f 9282/1303/6 9283/1344/6 9244/1343/6 9243/1302/6
f 9321/1304/6 9322/1345/6 9283/1344/6 9282/1303/6
f 9360/1305/6 9361/1346/6 9322/1345/6 9321/1304/6
f 9399/1306/6 9400/1347/6 9361/1346/6 9360/1305/6
f 9438/1307/6 9439/1348/6 9400/1347/6 9399/1306/6
f 9477/1308/6 9478/1349/6 9439/1348/6 9438/1307/6
f 9516/1309/6 9517/1350/6 9478/1349/6 9477/1308/6
f 9555/1310/6 9556/1351/6 9517/1350/6 9516/1309/6
f 9594/1311/6 9595/1352/6 9556/1351/6 9555/1310/6
f 2010/1312/6 1969/1353/6 9595/1352/6 9594/1311/6
f 8113/1314/6 8114/1355/6 6274/1354/6 6233/1313/6
f 8152/1315/6 8153/1356/6 8114/1355/6 8113/1314/6
f 8191/1316/6 8192/1357/6 8153/1356/6 8152/1315/6
f 8230/1317/6 8231/1358/6 8192/1357/6 8191/1316/6
f 8269/1318/6 8270/1359/6 8231/1358/6 8230/1317/6
f 8308/1319/6 8309/1360/6 8270/1359/6 8269/1318/6
f 8347/1320/6 8348/1361/6 8309/1360/6 8308/1319/6
f 8386/1321/6 8387/1362/6 8348/1361/6 8347/1320/6
f 8425/1322/6 8426/1363/6 8387/1362/6 8386/1321/6
f 8464/1323/6 8465/1364/6 8426/1363/6 8425/1322/6
f 8503/1324/6 8504/1365/6 8465/1364/6 8464/1323/6
f 8542/1325/6 8543/1366/6 8504/1365/6 8503/1324/6
f 8581/1326/6 8582/1367/6 8543/1366/6 8542/1325/6
f 8620/1327/6 8621/1368/6 8582/1367/6 8581/1326/6
f 8659/1328/6 8660/1369/6 8621/1368/6 8620/1327/6
f 8698/1329/6 8699/1370/6 8660/1369/6 8659/1328/6
f 8737/1330/6 8738/1371/6 8699/1370/6 8698/1329/6
f 8776/1331/6 8777/1372/6 8738/1371/6 8737/1330/6
f 8815/1332/6 8816/1373/6 8777/1372/6 8776/1331/6
f 8854/1333/6 8855/1374/6 8816/1373/6 8815/1332/6
f 8893/1334/6 8894/1375/6 8855/1374/6 8854/1333/6
f 8932/1335/6 8933/1376/6 8894/1375/6 8893/1334/6
f 8971/1336/6 8972/1377/6 8933/1376/6 8932/1335/6
f 9010/1337/6 9011/1378/6 8972/1377/6 8971/1336/6
f 9049/1338/6 9050/1379/6 9011/1378/6 9010/1337/6
f 9088/1339/6 9089/1380/6 9050/1379/6 9049/1338/6
f 9127/1340/6 9128/1381/6 9089/1380/6 9088/1339/6
f 9166/1341/6 9167/1382/6 9128/1381/6 9127/1340/6
f 9205/1342/6 9206/1383/6 9167/1382/6 9166/1341/6
f 9244/1343/6 9245/1384/6 9206/1383/6 9205/1342/6
f 9283/1344/6 9284/1385/6 9245/1384/6 9244/1343/6
f 9322/1345/6 9323/1386/6 9284/1385/6 9283/1344/6
f 9361/1346/6 9362/1387/6 9323/1386/6 9322/1345/6
f 9400/1347/6 9401/1388/6 9362/1387/6 9361/1346/6
f 9439/1348/6 9440/1389/6 9401/1388/6 9400/1347/6
f 9478/1349/6 9479/1390/6 9440/1389/6 9439/1348/6
f 9517/1350/6 9518/1391/6 9479/1390/6 9478/1349/6
f 9556/1351/6 9557/1392/6 9518/1391/6 9517/1350/6
f 9595/1352/6 9596/1393/6 9557/1392/6 9556/1351/6
f 1969/1353/6 1928/1394/6 9596/1393/6 9595/1352/6
f 8114/1355/6 8115/1396/6 6315/1395/6 6274/1354/6
f 8153/1356/6 8154/1397/6 8115/1396/6 8114/1355/6
f 8192/1357/6 8193/1398/6 8154/1397/6 8153/1356/6
f 8231/1358/6 8232/1399/6 8193/1398/6 8192/1357/6
f 8270/1359/6 8271/1400/6 8232/1399/6 8231/1358/6
f 8309/1360/6 8310/1401/6 8271/1400/6 8270/1359/6
f 8348/1361/6 8349/1402/6 8310/1401/6 8309/1360/6
f 8387/1362/6 8388/1403/6 8349/1402/6 8348/1361/6
f 8426/1363/6 8427/1404/6 8388/1403/6 8387/1362/6
f 8465/1364/6 8466/1405/6 8427/1404/6 8426/1363/6
f 8504/1365/6 8505/1406/6 8466/1405/6 8465/1364/6
f 8543/1366/6 8544/1407/6 8505/1406/6 8504/1365/6
f 8582/1367/6 8583/1408/6 8544/1407/6 8543/1366/6
f 8621/1368/6 8622/1409/6 8583/1408/6 8582/1367/6
f 8660/1369/6 8661/1410/6 8622/1409/6 8621/1368/6
f 8699/1370/6 8700/1411/6 8661/1410/6 8660/1369/6
f 8738/1371/6 8739/1412/6 8700/1411/6 8699/1370/6
f 8777/1372/6 8778/1413/6 8739/1412/6 8738/1371/6
f 8816/1373/6 8817/1414/6 8778/1413/6 8777/1372/6
f 8855/1374/6 8856/1415/6 8817/1414/6 8816/1373/6
f 8894/1375/6 8895/1416/6 8856/1415/6 8855/1374/6
f 8933/1376/6 8934/1417/6 8895/1416/6 8894/1375/6
f 8972/1377/6 8973/1418/6 8934/1417/6 8933/1376/6
f 9011/1378/6 9012/1419/6 8973/1418/6 8972/1377/6
f 9050/1379/6 9051/1420/6 9012/1419/6 9011/1378/6
f 9089/1380/6 9090/1421/6 9051/1420/6 9050/1379/6
f 9128/1381/6 9129/1422/6 9090/1421/6 9089/1380/6
f 9167/1382/6 9168/1423/6 9129/1422/6 9128/1381/6
f 9206/1383/6 9207/1424/6 9168/1423/6 9167/1382/6
f 9245/1384/6 9246/1425/6 9207/1424/6 9206/1383/6
f 9284/1385/6 9285/1426/6 9246/1425/6 9245/1384/6
f 9323/1386/6 9324/1427/6 9285/1426/6 9284/1385/6
f 9362/1387/6 9363/1428/6 9324/1427/6 9323/1386/6
f 9401/1388/6 9402/1429/6 9363/1428/6 9362/1387/6
f 9440/1389/6 9441/1430/6 9402/1429/6 9401/1388/6
f 9479/1390/6 9480/1431/6 9441/1430/6 9440/1389/6
f 9518/1391/6 9519/1432/6 9480/1431/6 9479/1390/6
f 9557/1392/6 9558/1433/6 9519/1432/6 9518/1391/6
f 9596/1393/6 9597/1434/6 9558/1433/6 9557/1392/6
f 1928/1394/6 1887/1435/6 9597/1434/6 9596/1393/6
f 8115/1396/6 8116/1437/6 6356/1436/6 6315/1395/6
f 8154/1397/6 8155/1438/6 8116/1437/6 8115/1396/6
f 8193/1398/6 8194/1439/6 8155/1438/6 8154/1397/6
f 8232/1399/6 8233/1440/6 8194/1439/6 8193/1398/6
f 8271/1400/6 8272/1441/6 8233/1440/6 8232/1399/6
f 8310/1401/6 8311/1442/6 8272/1441/6 8271/1400/6
f 8349/1402/6 8350/1443/6 8311/1442/6 8310/1401/6
f 8388/1403/6 8389/1444/6 8350/1443/6 8349/1402/6
f 8427/1404/6 8428/1445/6 8389/1444/6 8388/1403/6
f 8466/1405/6 8467/1446/6 8428/1445/6 8427/1404/6
f 8505/1406/6 8506/1447/6 8467/1446/6 8466/1405/6
f 8544/1407/6 8545/1448/6 8506/1447/6 8505/1406/6
f 8583/1408/6 8584/1449/6 8545/1448/6 8544/1407/6
f 8622/1409/6 8623/1450/6 8584/1449/6 8583/1408/6
f 8661/1410/6 8662/1451/6 8623/1450/6 8622/1409/6
f 8700/1411/6 8701/1452/6 8662/1451/6 8661/1410/6
f 8739/1412/6 8740/1453/6 8701/1452/6 8700/1411/6
f 8778/1413/6 8779/1454/6 8740/1453/6 8739/1412/6
f 8817/1414/6 8818/1455/6 8779/1454/6 8778/1413/6
f 8856/1415/6 8857/1456/6 8818/1455/6 8817/1414/6
f 8895/1416/6 8896/1457/6 8857/1456/6 8856/1415/6
f 8934/1417/6 8935/1458/6 8896/1457/6 8895/1416/6
f 8973/1418/6 8974/1459/6 8935/1458/6 8934/1417/6
f 9012/1419/6 9013/1460/6 8974/1459/6 8973/1418/6
f 9051/1420/6 9052/1461/6 9013/1460/6 9012/1419/6
f 9090/1421/6 9091/1462/6 9052/1461/6 9051/1420/6
f 9129/1422/6 9130/1463/6 9091/1462/6 9090/1421/6
f 9168/1423/6 9169/1464/6 9130/1463/6 9129/1422/6
f 9207/1424/6 9208/1465/6 9169/1464/6 9168/1423/6
f 9246/1425/6 9247/1466/6 9208/1465/6 9207/1424/6
f 9285/1426/6 9286/1467/6 9247/1466/6 9246/1425/6
f 9324/1427/6 9325/1468/6 9286/1467/6 9285/1426/6
f 9363/1428/6 9364/1469/6 9325/1468/6 9324/1427/6
f 9402/1429/6 9403/1470/6 9364/1469/6 9363/1428/6
f 9441/1430/6 9442/1471/6 9403/1470/6 9402/1429/6
f 9480/1431/6 9481/1472/6 9442/1471/6 9441/1430/6
f 9519/1432/6 9520/1473/6 9481/1472/6 9480/1431/6
f 9558/1433/6 9559/1474/6 9520/1473/6 9519/1432/6
f 9597/1434/6 9598/1475/6 9559/1474/6 9558/1433/6
f 1887/1435/6 1846/1476/6 9598/1475/6 9597/1434/6
f 8116/1437/6 8117/1478/6 6397/1477/6 6356/1436/6
f 8155/1438/6 8156/1479/6 8117/1478/6 8116/1437/6
f 8194/1439/6 8195/1480/6 8156/1479/6 8155/1438/6
f 8233/1440/6 8234/1481/6 8195/1480/6 8194/1439/6
f 8272/1441/6 8273/1482/6 8234/1481/6 8233/1440/6
f 8311/1442/6 8312/1483/6 8273/1482/6 8272/1441/6
f 8350/1443/6 8351/1484/6 8312/1483/6 8311/1442/6
f 8389/1444/6 8390/1485/6 8351/1484/6 8350/1443/6
f 8428/1445/6 8429/1486/6 8390/1485/6 8389/1444/6
f 8467/1446/6 8468/1487/6 8429/1486/6 8428/1445/6
f 8506/1447/6 8507/1488/6 8468/1487/6 8467/1446/6
f 8545/1448/6 8546/1489/6 8507/1488/6 8506/1447/6
f 8584/1449/6 8585/1490/6 8546/1489/6 8545/1448/6
f 8623/1450/6 8624/1491/6 8585/1490/6 8584/1449/6
f 8662/1451/6 8663/1492/6 8624/1491/6 8623/1450/6
f 8701/1452/6 8702/1493/6 8663/1492/6 8662/1451/6
f 8740/1453/6 8741/1494/6 8702/1493/6 8701/1452/6
f 8779/1454/6 8780/1495/6 8741/1494/6 8740/1453/6
f 8818/1455/6 8819/1496/6 8780/1495/6 8779/1454/6
f 8857/1456/6 8858/1497/6 8819/1496/6 8818/1455/6
f 8896/1457/6 8897/1498/6 8858/1497/6 8857/1456/6
f 8935/1458/6 8936/1499/6 8897/1498/6 8896/1457/6
f 8974/1459/6 8975/1500/6 8936/1499/6 8935/1458/6
f 9013/1460/6 9014/1501/6 8975/1500/6 8974/1459/6
f 9052/1461/6 9053/1502/6 9014/1501/6 9013/1460/6
f 9091/1462/6 9092/1503/6 9053/1502/6 9052/1461/6
f 9130/1463/6 9131/1504/6 9092/1503/6 9091/1462/6
f 9169/1464/6 9170/1505/6 9131/1504/6 9130/1463/6
f 9208/1465/6 9209/1506/6 9170/1505/6 9169/1464/6
f 9247/1466/6 9248/1507/6 9209/1506/6 9208/1465/6
f 9286/1467/6 9287/1508/6 9248/1507/6 9247/1466/6
f 9325/1468/6 9326/1509/6 9287/1508/6 9286/1467/6
f 9364/1469/6 9365/1510/6 9326/1509/6 9325/1468/6
f 9403/1470/6 9404/1511/6 9365/1510/6 9364/1469/6
f 9442/1471/6 9443/1512/6 9404/1511/6 9403/1470/6
f 9481/1472/6 9482/1513/6 9443/1512/6 9442/1471/6
f 9520/1473/6 9521/1514/6 9482/1513/6 9481/1472/6
f 9559/1474/6 9560/1515/6 9521/1514/6 9520/1473/6
f 9598/1475/6 9599/1516/6 9560/1515/6 9559/1474/6
f 1846/1476/6 1805/1517/6 9599/1516/6 9598/1475/6
f 8117/1478/6 8118/1519/6 6438/1518/6 6397/1477/6
f 8156/1479/6 8157/1520/6 8118/1519/6 8117/1478/6
f 8195/1480/6 8196/1521/6 8157/1520/6 8156/1479/6
f 8234/1481/6 8235/1522/6 8196/1521/6 8195/1480/6
f 8273/1482/6 8274/1523/6 8235/1522/6 8234/1481/6
f 8312/1483/6 8313/1524/6 8274/1523/6 8273/1482/6
f 8351/1484/6 8352/1525/6 8313/1524/6 8312/1483/6
f 8390/1485/6 8391/1526/6 8352/1525/6 8351/1484/6
f 8429/1486/6 8430/1527/6 8391/1526/6 8390/1485/6
f 8468/1487/6 8469/1528/6 8430/1527/6 8429/1486/6
f 8507/1488/6 8508/1529/6 8469/1528/6 8468/1487/6
f 8546/1489/6 8547/1530/6 8508/1529/6 8507/1488/6
f 8585/1490/6 8586/1531/6 8547/1530/6 8546/1489/6
f 8624/1491/6 8625/1532/6 8586/1531/6 8585/1490/6
f 8663/1492/6 8664/1533/6 8625/1532/6 8624/1491/6
f 8702/1493/6 8703/1534/6 8664/1533/6 8663/1492/6
f 8741/1494/6 8742/1535/6 8703/1534/6 8702/1493/6
f 8780/1495/6 8781/1536/6 8742/1535/6 8741/1494/6
f 8819/1496/6 8820/1537/6 8781/1536/6 8780/1495/6
f 8858/1497/6 8859/1538/6 8820/1537/6 8819/1496/6
f 8897/1498/6 8898/1539/6 8859/1538/6 8858/1497/6
f 8936/1499/6 8937/1540/6 8898/1539/6 8897/1498/6
f 8975/1500/6 8976/1541/6 8937/1540/6 8936/1499/6
f 9014/1501/6 9015/1542/6 8976/1541/6 8975/1500/6
f 9053/1502/6 9054/1543/6 9015/1542/6 9014/1501/6
f 9092/1503/6 9093/1544/6 9054/1543/6 9053/1502/6
f 9131/1504/6 9132/1545/6 9093/1544/6 9092/1503/6
f 9170/1505/6 9171/1546/6 9132/1545/6 9131/1504/6
f 9209/1506/6 9210/1547/6 9171/1546/6 9170/1505/6
f 9248/1507/6 9249/1548/6 9210/1547/6 9209/1506/6
f 9287/1508/6 9288/1549/6 9249/1548/6 9248/1507/6
f 9326/1509/6 9327/1550/6 9288/1549/6 9287/1508/6
f 9365/1510/6 9366/1551/6 9327/1550/6 9326/1509/6
f 9404/1511/6 9405/1552/6 9366/1551/6 9365/1510/6
f 9443/1512/6 9444/1553/6 9405/1552/6 9404/1511/6
f 9482/1513/6 9483/1554/6 9444/1553/6 9443/1512/6
f 9521/1514/6 9522/1555/6 9483/1554/6 9482/1513/6
f 9560/1515/6 9561/1556/6 9522/1555/6 9521/1514/6
f 9599/1516/6 9600/1557/6 9561/1556/6 9560/1515/6
f 1805/1517/6 1764/1558/6 9600/1557/6 9599/1516/6
f 8118/1519/6 8119/1560/6 6479/1559/6 6438/1518/6
f 8157/1520/6 8158/1561/6 8119/1560/6 8118/1519/6
f 8196/1521/6 8197/1562/6 8158/1561/6 8157/1520/6
f 8235/1522/6 8236/1563/6 8197/1562/6 8196/1521/6
f 8274/1523/6 8275/1564/6 8236/1563/6 8235/1522/6
f 8313/1524/6 8314/1565/6 8275/1564/6 8274/1523/6
f 8352/1525/6 8353/1566/6 8314/1565/6 8313/1524/6
f 8391/1526/6 8392/1567/6 8353/1566/6 8352/1525/6
f 8430/1527/6 8431/1568/6 8392/1567/6 8391/1526/6
f 8469/1528/6 8470/1569/6 8431/1568/6 8430/1527/6
f 8508/1529/6 8509/1570/6 8470/1569/6 8469/1528/6
f 8547/1530/6 8548/1571/6 8509/1570/6 8508/1529/6
f 8586/1531/6 8587/1572/6 8548/1571/6 8547/1530/6
f 8625/1532/6 8626/1573/6 8587/1572/6 8586/1531/6
f 8664/1533/6 8665/1574/6 8626/1573/6 8625/1532/6
f 8703/1534/6 8704/1575/6 8665/1574/6 8664/1533/6
f 8742/1535/6 8743/1576/6 8704/1575/6 8703/1534/6
f 8781/1536/6 8782/1577/6 8743/1576/6 8742/1535/6
f 8820/1537/6 8821/1578/6 8782/1577/6 8781/1536/6
f 8859/1538/6 8860/1579/6 8821/1578/6 8820/1537/6
f 8898/1539/6 8899/1580/6 8860/1579/6 8859/1538/6
f 8937/1540/6 8938/1581/6 8899/1580/6 8898/1539/6
f 8976/1541/6 8977/1582/6 8938/1581/6 8937/1540/6
f 9015/1542/6 9016/1583/6 8977/1582/6 8976/1541/6
f 9054/1543/6 9055/1584/6 9016/1583/6 9015/1542/6
f 9093/1544/6 9094/1585/6 9055/1584/6 9054/1543/6
f 9132/1545/6 9133/1586/6 9094/1585/6 9093/1544/6
f 9171/1546/6 9172/1587/6 9133/1586/6 9132/1545/6
f 9210/1547/6 9211/1588/6 9172/1587/6 9171/1546/6
f 9249/1548/6 9250/1589/6 9211/1588/6 9210/1547/6
f 9288/1549/6 9289/1590/6 9250/1589/6 9249/1548/6
f 9327/1550/6 9328/1591/6 9289/1590/6 9288/1549/6
f 9366/1551/6 9367/1592/6 9328/1591/6 9327/1550/6
f 9405/1552/6 9406/1593/6 9367/1592/6 9366/1551/6
f 9444/1553/6 9445/1594/6 9406/1593/6 9405/1552/6
f 9483/1554/6 9484/1595/6 9445/1594/6 9444/1553/6
f 9522/1555/6 9523/1596/6 9484/1595/6 9483/1554/6
f 9561/1556/6 9562/1597/6 9523/1596/6 9522/1555/6
f 9600/1557/6 9601/1598/6 9562/1597/6 9561/1556/6
f 1764/1558/6 1723/1599/6 9601/1598/6 9600/1557/6
f 8119/1560/6 8120/1601/6 6520/1600/6 6479/1559/6
f 8158/1561/6 8159/1602/6 8120/1601/6 8119/1560/6
f 8197/1562/6 8198/1603/6 8159/1602/6 8158/1561/6
f 8236/1563/6 8237/1604/6 8198/1603/6 8197/1562/6
f 8275/1564/6 8276/1605/6 8237/1604/6 8236/1563/6
f 8314/1565/6 8315/1606/6 8276/1605/6 8275/1564/6
f 8353/1566/6 8354/1607/6 8315/1606/6 8314/1565/6
f 8392/1567/6 8393/1608/6 8354/1607/6 8353/1566/6
f 8431/1568/6 8432/1609/6 8393/1608/6 8392/1567/6
f 8470/1569/6 8471/1610/6 8432/1609/6 8431/1568/6
f 8509/1570/6 8510/1611/6 8471/1610/6 8470/1569/6
f 8548/1571/6 8549/1612/6 8510/1611/6 8509/1570/6
f 8587/1572/6 8588/1613/6 8549/1612/6 8548/1571/6
f 8626/1573/6 8627/1614/6 8588/1613/6 8587/1572/6
f 8665/1574/6 8666/1615/6 8627/1614/6 8626/1573/6
f 8704/1575/6 8705/1616/6 8666/1615/6 8665/1574/6
f 8743/1576/6 8744/1617/6 8705/1616/6 8704/1575/6
f 8782/1577/6 8783/1618/6 8744/1617/6 8743/1576/6
f 8821/1578/6 8822/1619/6 8783/1618/6 8782/1577/6
f 8860/1579/6 8861/1620/6 8822/1619/6 8821/1578/6
f 8899/1580/6 8900/1621/6 8861/1620/6 8860/1579/6
f 8938/1581/6 8939/1622/6 8900/1621/6 8899/1580/6
f 8977/1582/6 8978/1623/6 8939/1622/6 8938/1581/6
f 9016/1583/6 9017/1624/6 8978/1623/6 8977/1582/6
f 9055/1584/6 9056/1625/6 9017/1624/6 9016/1583/6
f 9094/1585/6 9095/1626/6 9056/1625/6 9055/1584/6
f 9133/1586/6 9134/1627/6 9095/1626/6 9094/1585/6
f 9172/1587/6 9173/1628/6 9134/1627/6 9133/1586/6
f 9211/1588/6 9212/1629/6 9173/1628/6 9172/1587/6
f 9250/1589/6 9251/1630/6 9212/1629/6 9211/1588/6
f 9289/1590/6 9290/1631/6 9251/1630/6 9250/1589/6
f 9328/1591/6 9329/1632/6 9290/1631/6 9289/1590/6
f 9367/1592/6 9368/1633/6 9329/1632/6 9328/1591/6
f 9406/1593/6 9407/1634/6 9368/1633/6 9367/1592/6
f 9445/1594/6 9446/1635/6 9407/1634/6 9406/1593/6
f 9484/1595/6 9485/1636/6 9446/1635/6 9445/1594/6
f 9523/1596/6 9524/1637/6 9485/1636/6 9484/1595/6
f 9562/1597/6 9563/1638/6 9524/1637/6 9523/1596/6
f 9601/1598/6 9602/1639/6 9563/1638/6 9562/1597/6
f 1723/1599/6 1682/1640/6 9602/1639/6 9601/1598/6
f 8120/1601/6 42/1642/6 1/1641/6 6520/1600/6
f 8159/1602/6 83/1643/6 42/1642/6 8120/1601/6
f 8198/1603/6 124/1644/6 83/1643/6 8159/1602/6
f 8237/1604/6 165/1645/6 124/1644/6 8198/1603/6
f 8276/1605/6 206/1646/6 165/1645/6 8237/1604/6
f 8315/1606/6 247/1647/6 206/1646/6 8276/1605/6
f 8354/1607/6 288/1648/6 247/1647/6 8315/1606/6
f 8393/1608/6 329/1649/6 288/1648/6 8354/1607/6
f 8432/1609/6 370/1650/6 329/1649/6 8393/1608/6
f 8471/1610/6 411/1651/6 370/1650/6 8432/1609/6
f 8510/1611/6 452/1652/6 411/1651/6 8471/1610/6
f 8549/1612/6 493/1653/6 452/1652/6 8510/1611/6
f 8588/1613/6 534/1654/6 493/1653/6 8549/1612/6
f 8627/1614/6 575/1655/6 534/1654/6 8588/1613/6
f 8666/1615/6 616/1656/6 575/1655/6 8627/1614/6
f 8705/1616/6 657/1657/6 616/1656/6 8666/1615/6
f 8744/1617/6 698/1658/6 657/1657/6 8705/1616/6
f 8783/1618/6 739/1659/6 698/1658/6 8744/1617/6
f 8822/1619/6 780/1660/6 739/1659/6 8783/1618/6
f 8861/1620/6 821/1661/6 780/1660/6 8822/1619/6
f 8900/1621/6 862/1662/6 821/1661/6 8861/1620/6
f 8939/1622/6 903/1663/6 862/1662/6 8900/1621/6
f 8978/1623/6 944/1664/6 903/1663/6 8939/1622/6
f 9017/1624/6 985/1665/6 944/1664/6 8978/1623/6
f 9056/1625/6 1026/1666/6 985/1665/6 9017/1624/6
f 9095/1626/6 1067/1667/6 1026/1666/6 9056/1625/6
f 9134/1627/6 1108/1668/6 1067/1667/6 9095/1626/6
f 9173/1628/6 1149/1669/6 1108/1668/6 9134/1627/6
f 9212/1629/6 1190/1670/6 1149/1669/6 9173/1628/6
f 9251/1630/6 1231/1671/6 1190/1670/6 9212/1629/6
f 9290/1631/6 1272/1672/6 1231/1671/6 9251/1630/6
f 9329/1632/6 1313/1673/6 1272/1672/6 9290/1631/6
f 9368/1633/6 1354/1674/6 1313/1673/6 9329/1632/6
f 9407/1634/6 1395/1675/6 1354/1674/6 9368/1633/6
f 9446/1635/6 1436/1676/6 1395/1675/6 9407/1634/6
f 9485/1636/6 1477/1677/6 1436/1676/6 9446/1635/6
f 9524/1637/6 1518/1678/6 1477/1677/6 9485/1636/6
f 9563/1638/6 1559/1679/6 1518/1678/6 9524/1637/6
f 9602/1639/6 1600/1680/6 1559/1679/6 9563/1638/6
f 1682/1640/6 1641/1681/6 1600/1680/6 9602/1639/6

