channel,rotator,hue360,sat100,light100,length
1,0.000,146.25,32.03125,32.03125,118
1,0.189,165.9375,21.875,21.875,118
1,0.378,180,15.625,15.625,118
1,0.568,188.4375,15.625,15.625,118
1,0.757,213.75,21.875,21.875,118
1,0.946,199.6875,21.875,21.875,118
1,1.135,208.125,18.75,18.75,118
1,1.324,194.0625,21.875,21.875,118
1,1.513,188.4375,10.9375,10.9375,118
1,1.703,194.0625,21.875,21.875,118
1,1.892,199.6875,32.03125,32.03125,118
1,2.081,188.4375,32.03125,32.03125,118
1,2.280,165.9375,23.4375,23.4375,118
1,2.459,168.75,26.5625,26.5625,118
1,2.648,188.4375,20.3125,20.3125,118
1,2.838,199.6875,17.1875,17.1875,118
1,3.036,222.1875,33.59375,33.59375,118
1,3.216,208.125,10.15625,10.15625,118
1,3.405,213.75,20.3125,20.3125,118
1,3.594,208.125,12.5,12.5,118
1,3.783,199.6875,10.9375,10.9375,118
1,3.973,194.0625,17.1875,17.1875,118
1,4.162,199.6875,20.3125,20.3125,118
1,4.351,174.375,20.3125,20.3125,118
1,4.540,188.4375,23.4375,23.4375,118
1,4.729,208.125,14.0625,14.0625,118
1,4.939,180,40.625,40.625,118
1,5.117,174.375,26.5625,26.5625,114
1,5.297,135,10.15625,10.15625,118
1,5.486,199.6875,21.875,21.875,118
1,5.675,180,35.15625,35.15625,118
1,5.864,213.75,15.625,15.625,118
1,6.053,199.6875,35.15625,35.15625,118
1,6.243,208.125,25,25,118
1,6.432,199.6875,23.4375,23.4375,105
1,6.621,188.4375,38.28125,38.28125,118
1,6.810,180,35.15625,35.15625,118
1,6.999,194.0625,32.03125,32.03125,118
1,7.188,199.6875,35.15625,35.15625,118
1,7.378,194.0625,38.28125,38.28125,118
1,7.567,168.75,13.28125,13.28125,118
1,7.756,202.5,26.5625,26.5625,118
1,7.945,188.4375,39.84375,39.84375,118
1,8.134,199.6875,20.3125,20.3125,118
1,8.324,180,20.3125,20.3125,118
1,8.513,208.125,29.6875,29.6875,118
1,8.702,213.75,46.875,46.875,118
1,8.891,188.4375,36.71875,36.71875,118
1,9.080,199.6875,26.5625,26.5625,118
1,9.269,180,29.6875,29.6875,118
1,9.459,194.0625,26.5625,26.5625,118
1,9.648,199.6875,46.875,46.875,118
1,9.837,168.75,66.40625,66.40625,118
1,10.026,180,39.84375,39.84375,118
1,10.215,174.375,50.78125,50.78125,118
1,10.415,154.6875,39.84375,39.84375,113
1,10.605,135,47.65625,47.65625,118
1,10.783,168.75,27.34375,27.34375,118
1,10.972,180,34.375,34.375,118
1,11.161,188.4375,37.5,37.5,118
1,11.350,199.6875,34.375,34.375,118
1,11.539,213.75,34.375,34.375,118
1,11.729,208.125,27.34375,27.34375,118
1,11.918,222.1875,44.53125,44.53125,118
1,12.107,202.5,24.21875,24.21875,118
1,12.296,208.125,27.34375,27.34375,118
1,12.485,213.75,24.21875,24.21875,118
1,12.674,194.0625,37.5,37.5,118
1,12.864,199.6875,21.875,21.875,118
1,13.053,202.5,35.15625,35.15625,118
1,13.242,188.4375,41.40625,41.40625,118
1,13.431,194.0625,45.3125,45.3125,118
1,13.620,180,38.28125,38.28125,118
1,13.809,188.4375,45.3125,45.3125,118
1,13.999,168.75,28.125,28.125,118
1,14.188,180,38.28125,38.28125,118
1,14.377,177.1875,41.40625,41.40625,118
1,14.566,180,41.40625,41.40625,118
1,14.766,171.5625,41.40625,41.40625,118
1,14.944,174.375,61.71875,61.71875,118
1,15.145,168.75,41.40625,41.40625,118
1,15.334,174.375,41.40625,41.40625,118
1,15.523,180,41.40625,41.40625,118
1,15.712,188.4375,38.28125,38.28125,113
1,15.890,132.1875,53.125,53.125,118
1,16.080,140.625,22.65625,22.65625,118
1,16.269,165.9375,22.65625,22.65625,118
1,16.458,154.6875,25.78125,25.78125,118
1,16.647,143.4375,39.0625,39.0625,118
1,16.846,160.3125,17.96875,17.96875,118
1,17.025,180,17.96875,17.96875,118
1,17.215,163.125,46.09375,46.09375,118
1,17.415,188.4375,42.1875,42.1875,118
1,17.593,174.375,19.53125,19.53125,118
1,17.782,185.625,28.90625,28.90625,118
1,17.971,194.0625,17.96875,17.96875,118
1,18.170,132.1875,29.6875,29.6875,118
1,18.350,143.4375,50,50,118
1,18.537,185.625,23.4375,23.4375,118
1,18.728,188.4375,29.6875,29.6875,118
1,18.917,194.0625,32.8125,32.8125,118
1,19.106,199.6875,26.5625,26.5625,118
1,19.295,213.75,16.40625,16.40625,118
1,19.485,202.5,30.46875,30.46875,105
1,19.694,199.6875,29.6875,29.6875,118
1,19.863,185.625,24.21875,24.21875,118
1,20.052,188.4375,21.09375,21.09375,118
1,20.241,194.0625,30.46875,30.46875,118
1,20.430,188.4375,32.03125,32.03125,118
1,20.620,151.875,36.71875,36.71875,118
1,20.809,208.125,36.71875,36.71875,118
1,20.998,213.75,39.84375,39.84375,118
1,21.187,112.5,41.40625,41.40625,118
3,21.187,146.25,38.28125,38.28125,118
1,21.376,132.1875,31.25,31.25,118
3,21.376,165.9375,28.125,28.125,118
1,21.565,146.25,25,25,118
3,21.565,180,21.875,21.875,118
1,21.755,154.6875,25,25,118
3,21.755,188.4375,21.875,21.875,118
1,21.944,180,31.25,31.25,118
3,21.944,213.75,28.125,28.125,118
1,22.133,165.9375,31.25,31.25,118
3,22.133,199.6875,28.125,28.125,118
1,22.322,174.375,28.125,28.125,118
3,22.322,208.125,25,25,118
1,22.511,160.3125,31.25,31.25,118
3,22.511,194.0625,28.125,28.125,118
1,22.701,154.6875,20.3125,20.3125,118
3,22.701,188.4375,17.1875,17.1875,118
1,22.890,160.3125,31.25,31.25,118
3,22.890,194.0625,28.125,28.125,118
1,23.079,165.9375,41.40625,41.40625,118
3,23.079,199.6875,38.28125,38.28125,118
1,23.268,154.6875,41.40625,41.40625,118
3,23.268,188.4375,38.28125,38.28125,118
1,23.457,126.5625,32.03125,32.03125,118
3,23.457,160.3125,32.03125,32.03125,118
1,23.646,140.625,35.15625,35.15625,118
3,23.646,174.375,35.15625,35.15625,118
1,23.836,154.6875,28.90625,28.90625,118
3,23.836,188.4375,28.90625,28.90625,118
1,24.025,165.9375,25.78125,25.78125,118
3,24.025,199.6875,25.78125,25.78125,118
1,24.214,188.4375,42.1875,42.1875,118
3,24.214,222.1875,42.1875,42.1875,118
1,24.403,174.375,18.75,18.75,118
3,24.403,208.125,18.75,18.75,118
1,24.592,180,28.90625,28.90625,118
3,24.592,213.75,28.90625,28.90625,118
1,24.781,174.375,21.09375,21.09375,118
3,24.781,208.125,21.09375,21.09375,118
1,24.971,165.9375,19.53125,19.53125,118
3,24.971,199.6875,19.53125,19.53125,118
1,25.160,160.3125,25.78125,25.78125,118
3,25.160,194.0625,25.78125,25.78125,118
1,25.349,165.9375,28.90625,28.90625,118
3,25.349,199.6875,28.90625,28.90625,118
1,25.538,140.625,28.90625,28.90625,118
3,25.538,174.375,28.90625,28.90625,118
1,25.727,154.6875,32.03125,32.03125,118
3,25.727,188.4375,32.03125,32.03125,118
1,25.916,174.375,22.65625,22.65625,118
3,25.916,208.125,22.65625,22.65625,118
1,26.126,146.25,49.21875,49.21875,118
3,26.126,180,49.21875,49.21875,118
1,26.304,140.625,35.15625,35.15625,114
3,26.304,174.375,35.15625,35.15625,114
1,26.484,101.25,17.1875,17.1875,118
3,26.484,135,21.09375,21.09375,118
1,26.673,165.9375,28.90625,28.90625,118
3,26.673,199.6875,32.8125,32.8125,118
1,26.862,146.25,42.1875,42.1875,118
3,26.862,180,46.09375,46.09375,118
1,27.051,180,22.65625,22.65625,118
3,27.051,213.75,26.5625,26.5625,118
1,27.241,165.9375,42.1875,42.1875,118
3,27.241,199.6875,46.09375,46.09375,118
1,27.430,174.375,32.03125,32.03125,118
3,27.430,208.125,35.9375,35.9375,118
1,27.619,165.9375,32.03125,32.03125,118
3,27.619,199.6875,17.1875,17.1875,118
1,27.808,154.6875,45.3125,45.3125,118
3,27.808,188.4375,49.21875,49.21875,118
1,27.997,146.25,42.1875,42.1875,118
3,27.997,180,46.09375,46.09375,118
1,28.186,160.3125,39.0625,39.0625,118
3,28.186,194.0625,42.96875,42.96875,118
1,28.376,165.9375,42.1875,42.1875,118
3,28.376,199.6875,46.09375,46.09375,118
1,28.565,160.3125,45.3125,45.3125,118
3,28.565,194.0625,49.21875,49.21875,118
1,28.754,135,38.28125,38.28125,145
3,28.754,168.75,26.5625,26.5625,118
1,28.943,168.75,35.9375,35.9375,118
3,28.943,202.5,39.84375,39.84375,118
1,29.132,154.6875,49.21875,49.21875,118
3,29.132,188.4375,53.125,53.125,118
1,29.321,165.9375,29.6875,29.6875,118
3,29.321,199.6875,33.59375,33.59375,118
1,29.511,146.25,29.6875,29.6875,118
3,29.511,180,33.59375,33.59375,118
1,29.700,174.375,39.0625,39.0625,118
3,29.700,208.125,42.96875,42.96875,118
1,29.889,180,56.25,56.25,118
3,29.889,213.75,60.15625,60.15625,118
1,30.078,154.6875,46.09375,46.09375,118
3,30.078,188.4375,50,50,118
1,30.267,165.9375,35.9375,35.9375,118
3,30.267,199.6875,39.84375,39.84375,118
1,30.457,146.25,39.0625,39.0625,118
3,30.457,180,42.96875,42.96875,118
1,30.646,160.3125,35.9375,35.9375,118
3,30.646,194.0625,39.84375,39.84375,118
1,30.835,165.9375,56.25,56.25,118
3,30.835,199.6875,60.15625,60.15625,118
1,31.024,135,75.78125,75.78125,118
3,31.024,168.75,79.6875,79.6875,118
1,31.213,146.25,49.21875,49.21875,118
3,31.213,180,53.125,53.125,118
1,31.402,140.625,60.15625,60.15625,118
3,31.402,174.375,64.0625,64.0625,118
1,31.603,120.9375,49.21875,49.21875,113
3,31.603,154.6875,53.125,53.125,113
1,31.792,101.25,60.9375,60.9375,118
3,31.792,135,64.0625,64.0625,118
1,31.970,135,40.625,40.625,118
3,31.970,168.75,43.75,43.75,118
1,32.159,146.25,47.65625,47.65625,118
3,32.159,180,50.78125,50.78125,118
1,32.348,154.6875,50.78125,50.78125,118
3,32.348,188.4375,53.90625,53.90625,118
1,32.537,165.9375,47.65625,47.65625,118
3,32.537,199.6875,50.78125,50.78125,118
1,32.727,180,47.65625,47.65625,118
3,32.727,213.75,50.78125,50.78125,118
1,32.916,174.375,40.625,40.625,118
3,32.916,208.125,43.75,43.75,118
1,33.105,188.4375,57.8125,57.8125,118
3,33.105,222.1875,60.9375,60.9375,118
1,33.294,168.75,37.5,37.5,118
3,33.294,202.5,40.625,40.625,118
1,33.483,174.375,40.625,40.625,118
3,33.483,208.125,43.75,43.75,118
1,33.672,180,37.5,37.5,118
3,33.672,213.75,40.625,40.625,118
1,33.862,160.3125,50.78125,50.78125,118
3,33.862,194.0625,53.90625,53.90625,118
1,34.051,165.9375,39.0625,39.0625,118
3,34.051,199.6875,41.40625,41.40625,118
1,34.240,168.75,52.34375,52.34375,118
3,34.240,202.5,54.6875,54.6875,118
1,34.429,154.6875,58.59375,58.59375,118
3,34.429,188.4375,60.9375,60.9375,118
1,34.618,160.3125,62.5,62.5,118
3,34.618,194.0625,64.84375,64.84375,118
1,34.807,146.25,55.46875,55.46875,118
3,34.807,180,57.8125,57.8125,118
1,34.997,154.6875,62.5,62.5,118
3,34.997,188.4375,64.84375,64.84375,118
1,35.186,135,45.3125,45.3125,118
3,35.186,168.75,47.65625,47.65625,118
1,35.375,146.25,55.46875,55.46875,118
3,35.375,180,57.8125,57.8125,118
1,35.564,143.4375,58.59375,58.59375,118
3,35.564,177.1875,60.9375,60.9375,118
1,35.753,146.25,58.59375,58.59375,118
3,35.753,180,60.9375,60.9375,118
1,35.953,137.8125,58.59375,58.59375,118
3,35.953,171.5625,60.9375,60.9375,118
1,36.132,140.625,78.90625,78.90625,118
3,36.132,174.375,81.25,81.25,118
1,36.332,135,58.59375,58.59375,118
3,36.332,168.75,60.9375,60.9375,118
1,36.521,140.625,58.59375,58.59375,118
3,36.521,174.375,60.9375,60.9375,118
1,36.710,146.25,58.59375,58.59375,118
3,36.710,180,60.9375,60.9375,118
1,36.899,154.6875,55.46875,55.46875,113
3,36.899,188.4375,57.8125,57.8125,113
1,37.077,98.4375,75.78125,75.78125,118
3,37.077,132.1875,75.78125,75.78125,118
1,37.267,106.875,45.3125,45.3125,118
3,37.267,140.625,45.3125,45.3125,118
1,37.456,132.1875,45.3125,45.3125,118
3,37.456,165.9375,45.3125,45.3125,118
1,37.645,120.9375,48.4375,48.4375,118
3,37.645,154.6875,48.4375,48.4375,118
1,37.834,109.6875,61.71875,61.71875,118
3,37.834,143.4375,61.71875,61.71875,118
1,38.033,126.5625,40.625,40.625,118
3,38.033,160.3125,40.625,40.625,118
1,38.213,146.25,40.625,40.625,118
3,38.213,180,40.625,40.625,118
1,38.402,129.375,68.75,68.75,118
3,38.402,163.125,68.75,68.75,118
1,38.602,154.6875,64.84375,64.84375,118
3,38.602,188.4375,64.84375,64.84375,118
1,38.780,140.625,42.1875,42.1875,118
3,38.780,174.375,42.1875,42.1875,118
1,38.969,151.875,51.5625,51.5625,118
3,38.969,185.625,51.5625,51.5625,118
1,39.158,160.3125,40.625,40.625,118
3,39.158,194.0625,40.625,40.625,118
1,39.348,112.5,69.53125,69.53125,118
3,39.348,146.25,65.625,65.625,118
1,39.537,132.1875,76.5625,76.5625,118
3,39.537,165.9375,72.65625,72.65625,118
1,39.726,168.75,79.6875,79.6875,118
3,39.726,202.5,75.78125,75.78125,118
1,39.915,165.9375,76.5625,76.5625,118
3,39.915,199.6875,72.65625,72.65625,118
1,40.104,146.25,76.5625,76.5625,118
3,40.104,180,72.65625,72.65625,118
1,40.293,174.375,79.6875,79.6875,118
3,40.293,208.125,75.78125,75.78125,118
1,40.483,160.3125,76.5625,76.5625,118
3,40.483,194.0625,72.65625,72.65625,118
1,40.672,165.9375,66.40625,66.40625,118
3,40.672,199.6875,62.5,62.5,118
1,40.861,132.1875,79.6875,79.6875,118
3,40.861,165.9375,75.78125,75.78125,118
1,41.050,135,76.5625,76.5625,118
3,41.050,168.75,72.65625,72.65625,118
1,41.239,143.4375,92.96875,92.96875,118
3,41.239,177.1875,89.0625,89.0625,118
1,41.428,160.3125,79.6875,79.6875,118
3,41.428,194.0625,75.78125,75.78125,118
1,41.629,180,76.5625,76.5625,118
3,41.629,213.75,72.65625,72.65625,118
1,41.807,196.875,72.65625,72.65625,118
3,41.807,230.625,68.75,68.75,118
1,42.007,213.75,76.5625,76.5625,118
3,42.007,247.5,72.65625,72.65625,118
1,42.185,180,72.65625,72.65625,118
3,42.185,213.75,68.75,68.75,118
1,42.374,112.5,69.53125,69.53125,118
2,42.374,180,72.65625,72.65625,478
3,42.374,146.25,69.53125,69.53125,118
5,42.374,112.5,99.21875,99.21875,1438
1,42.563,132.1875,59.375,59.375,118
3,42.563,165.9375,59.375,59.375,118
1,42.753,146.25,53.125,53.125,118
3,42.753,180,53.125,53.125,118
1,42.942,154.6875,53.125,53.125,118
3,42.942,188.4375,53.125,53.125,118
1,43.131,180,59.375,59.375,118
2,43.131,188.4375,56.25,56.25,478
3,43.131,213.75,59.375,59.375,118
1,43.320,165.9375,59.375,59.375,118
3,43.320,199.6875,59.375,59.375,118
1,43.509,174.375,56.25,56.25,118
3,43.509,208.125,56.25,56.25,118
1,43.698,160.3125,59.375,59.375,118
3,43.698,194.0625,59.375,59.375,118
1,43.888,154.6875,48.4375,48.4375,118
2,43.888,208.125,48.4375,48.4375,478
3,43.888,188.4375,48.4375,48.4375,118
1,44.077,160.3125,59.375,59.375,118
3,44.077,194.0625,59.375,59.375,118
1,44.266,165.9375,69.53125,69.53125,118
3,44.266,199.6875,69.53125,69.53125,118
1,44.455,154.6875,69.53125,69.53125,118
3,44.455,188.4375,69.53125,69.53125,118
2,44.644,194.0625,48.4375,48.4375,478
5,44.644,106.875,99.21875,99.21875,1918
1,44.654,132.1875,59.375,59.375,118
3,44.654,165.9375,59.375,59.375,118
1,44.833,135,62.5,62.5,118
3,44.833,168.75,62.5,62.5,118
1,45.023,154.6875,56.25,56.25,118
3,45.023,188.4375,56.25,56.25,118
1,45.212,165.9375,53.125,53.125,118
3,45.212,199.6875,53.125,53.125,118
2,45.401,199.6875,48.4375,48.4375,478
1,45.410,188.4375,69.53125,69.53125,118
3,45.410,222.1875,69.53125,69.53125,118
1,45.590,174.375,46.09375,46.09375,118
3,45.590,208.125,46.09375,46.09375,118
1,45.779,180,56.25,56.25,118
3,45.779,213.75,56.25,56.25,118
1,45.969,174.375,48.4375,48.4375,118
3,45.969,208.125,48.4375,48.4375,118
1,46.158,165.9375,46.875,46.875,118
2,46.158,188.4375,36.71875,36.71875,478
3,46.158,199.6875,46.875,46.875,118
1,46.347,160.3125,53.125,53.125,118
3,46.347,194.0625,53.125,53.125,118
1,46.536,165.9375,56.25,56.25,118
3,46.536,199.6875,56.25,56.25,118
1,46.725,140.625,56.25,56.25,118
3,46.725,174.375,56.25,56.25,118
1,46.914,154.6875,59.375,59.375,118
2,46.914,194.0625,34.375,34.375,478
3,46.914,188.4375,59.375,59.375,118
1,47.104,174.375,50,50,118
3,47.104,208.125,50,50,118
1,47.313,146.25,76.5625,76.5625,118
3,47.313,180,76.5625,76.5625,118
1,47.491,140.625,62.5,62.5,114
3,47.491,174.375,62.5,62.5,114
1,47.671,101.25,44.53125,44.53125,118
2,47.671,180,46.875,46.875,2864
3,47.671,135,44.53125,44.53125,118
5,47.671,101.25,99.21875,99.21875,1438
1,47.860,165.9375,56.25,56.25,118
3,47.860,199.6875,56.25,56.25,118
1,48.049,146.25,69.53125,69.53125,118
3,48.049,180,69.53125,69.53125,118
1,48.239,180,50,50,118
3,48.239,213.75,50,50,118
1,48.428,165.9375,69.53125,69.53125,118
3,48.428,199.6875,69.53125,69.53125,118
1,48.617,174.375,59.375,59.375,118
3,48.617,208.125,59.375,59.375,118
1,48.806,165.9375,40.625,40.625,118
3,48.806,199.6875,40.625,40.625,118
1,48.995,154.6875,72.65625,72.65625,118
3,48.995,188.4375,72.65625,72.65625,118
1,49.184,146.25,69.53125,69.53125,118
3,49.184,180,69.53125,69.53125,118
1,49.374,160.3125,66.40625,66.40625,118
3,49.374,194.0625,66.40625,66.40625,118
1,49.563,165.9375,69.53125,69.53125,118
3,49.563,199.6875,69.53125,69.53125,118
1,49.752,160.3125,72.65625,72.65625,118
3,49.752,194.0625,72.65625,72.65625,118
1,49.941,135,46.09375,46.09375,118
3,49.941,168.75,46.09375,46.09375,118
5,49.941,98.4375,94.53125,94.53125,1914
1,50.130,168.75,59.375,59.375,118
3,50.130,202.5,59.375,59.375,118
1,50.319,154.6875,72.65625,72.65625,118
3,50.319,188.4375,72.65625,72.65625,118
1,50.509,165.9375,53.125,53.125,118
3,50.509,199.6875,53.125,53.125,118
1,50.698,146.25,53.125,53.125,118
3,50.698,180,53.125,53.125,118
1,50.887,174.375,62.5,62.5,118
3,50.887,208.125,62.5,62.5,118
1,51.076,180,79.6875,79.6875,118
3,51.076,213.75,79.6875,79.6875,118
1,51.265,154.6875,69.53125,69.53125,118
3,51.265,188.4375,69.53125,69.53125,118
1,51.454,165.9375,59.375,59.375,118
3,51.454,199.6875,59.375,59.375,118
1,51.644,146.25,62.5,62.5,118
3,51.644,180,62.5,62.5,118
1,51.833,160.3125,59.375,59.375,118
3,51.833,194.0625,59.375,59.375,118
1,52.022,165.9375,79.6875,79.6875,118
3,52.022,199.6875,79.6875,79.6875,118
1,52.211,135,99.21875,99.21875,118
3,52.211,168.75,99.21875,99.21875,118
1,52.400,146.25,72.65625,72.65625,118
3,52.400,180,72.65625,72.65625,118
1,52.589,140.625,83.59375,83.59375,118
3,52.589,174.375,83.59375,83.59375,118
1,52.790,120.9375,72.65625,72.65625,113
3,52.790,154.6875,72.65625,72.65625,113
2,52.968,180,59.375,59.375,478
5,52.968,112.5,99.21875,99.21875,1438
1,52.979,101.25,79.6875,79.6875,118
3,52.979,135,79.6875,79.6875,118
1,53.157,135,59.375,59.375,118
3,53.157,168.75,59.375,59.375,118
1,53.346,146.25,66.40625,66.40625,118
3,53.346,180,66.40625,66.40625,118
1,53.535,154.6875,69.53125,69.53125,118
3,53.535,188.4375,69.53125,69.53125,118
1,53.725,165.9375,66.40625,66.40625,118
2,53.725,188.4375,56.25,56.25,478
3,53.725,199.6875,66.40625,66.40625,118
1,53.914,180,66.40625,66.40625,118
3,53.914,213.75,66.40625,66.40625,118
1,54.103,174.375,59.375,59.375,118
3,54.103,208.125,59.375,59.375,118
1,54.292,188.4375,76.5625,76.5625,118
3,54.292,222.1875,76.5625,76.5625,118
1,54.481,168.75,56.25,56.25,118
2,54.481,208.125,69.53125,69.53125,478
3,54.481,202.5,56.25,56.25,118
1,54.670,174.375,59.375,59.375,118
3,54.670,208.125,59.375,59.375,118
1,54.860,180,56.25,56.25,118
3,54.860,213.75,56.25,56.25,118
1,55.049,160.3125,69.53125,69.53125,118
3,55.049,194.0625,69.53125,69.53125,118
1,55.238,165.9375,53.125,53.125,118
2,55.238,194.0625,72.65625,72.65625,478
3,55.238,199.6875,53.125,53.125,118
5,55.238,106.875,99.21875,99.21875,1918
1,55.427,168.75,66.40625,66.40625,118
3,55.427,202.5,66.40625,66.40625,118
1,55.616,154.6875,72.65625,72.65625,118
3,55.616,188.4375,72.65625,72.65625,118
1,55.805,160.3125,76.5625,76.5625,118
3,55.805,194.0625,76.5625,76.5625,118
1,55.995,146.25,69.53125,69.53125,118
2,55.995,199.6875,66.40625,66.40625,478
3,55.995,180,69.53125,69.53125,118
1,56.184,154.6875,76.5625,76.5625,118
3,56.184,188.4375,76.5625,76.5625,118
1,56.373,135,59.375,59.375,118
3,56.373,168.75,59.375,59.375,118
1,56.562,146.25,69.53125,69.53125,118
3,56.562,180,69.53125,69.53125,118
1,56.751,143.4375,72.65625,72.65625,118
2,56.751,185.625,53.125,53.125,478
3,56.751,177.1875,72.65625,72.65625,118
1,56.940,146.25,72.65625,72.65625,118
3,56.940,180,72.65625,72.65625,118
1,57.141,137.8125,72.65625,72.65625,118
3,57.141,171.5625,72.65625,72.65625,118
1,57.319,140.625,92.96875,92.96875,118
3,57.319,174.375,92.96875,92.96875,118
2,57.508,188.4375,56.25,56.25,478
1,57.519,135,72.65625,72.65625,118
3,57.519,168.75,72.65625,72.65625,118
1,57.708,140.625,72.65625,72.65625,118
3,57.708,174.375,72.65625,72.65625,118
1,57.897,146.25,72.65625,72.65625,118
3,57.897,180,72.65625,72.65625,118
1,58.086,154.6875,69.53125,69.53125,113
3,58.086,188.4375,69.53125,69.53125,113
1,58.265,98.4375,83.59375,83.59375,118
2,58.265,185.625,50,50,1438
3,58.265,132.1875,83.59375,83.59375,118
5,58.276,98.4375,99.21875,99.21875,1433
1,58.454,106.875,53.125,53.125,118
3,58.454,140.625,53.125,53.125,118
1,58.643,132.1875,53.125,53.125,118
3,58.643,165.9375,53.125,53.125,118
1,58.832,120.9375,56.25,56.25,118
3,58.832,154.6875,56.25,56.25,118
1,59.021,109.6875,69.53125,69.53125,118
3,59.021,143.4375,69.53125,69.53125,118
1,59.220,126.5625,48.4375,48.4375,118
3,59.220,160.3125,48.4375,48.4375,118
1,59.400,146.25,48.4375,48.4375,118
3,59.400,180,48.4375,48.4375,118
1,59.589,129.375,76.5625,76.5625,118
3,59.589,163.125,76.5625,76.5625,118
1,59.789,154.6875,72.65625,72.65625,118
3,59.789,188.4375,72.65625,72.65625,118
1,59.967,140.625,50,50,118
3,59.967,174.375,50,50,118
1,60.156,151.875,59.375,59.375,118
3,60.156,185.625,59.375,59.375,118
1,60.345,160.3125,48.4375,48.4375,118
3,60.345,194.0625,48.4375,48.4375,118
2,60.535,165.9375,54.6875,54.6875,1886
5,60.535,64.6875,92.96875,92.96875,1918
1,60.544,98.4375,59.375,59.375,118
3,60.544,132.1875,59.375,59.375,118
1,60.724,109.6875,79.6875,79.6875,118
3,60.724,143.4375,79.6875,79.6875,118
1,60.911,151.875,53.125,53.125,118
3,60.911,185.625,53.125,53.125,118
1,61.102,154.6875,59.375,59.375,118
3,61.102,188.4375,59.375,59.375,118
1,61.291,160.3125,62.5,62.5,118
3,61.291,194.0625,62.5,62.5,118
1,61.481,165.9375,56.25,56.25,118
3,61.481,199.6875,56.25,56.25,118
1,61.670,180,46.09375,46.09375,118
3,61.670,213.75,46.09375,46.09375,118
1,61.859,168.75,88.28125,88.28125,118
3,61.859,202.5,88.28125,88.28125,118
1,62.069,165.9375,59.375,59.375,118
3,62.069,199.6875,59.375,59.375,118
1,62.237,151.875,26.5625,26.5625,118
3,62.237,185.625,26.5625,26.5625,118
1,62.426,154.6875,46.875,46.875,118
3,62.426,188.4375,46.875,46.875,118
1,62.616,160.3125,59.375,59.375,118
3,62.616,194.0625,59.375,59.375,118
1,62.805,154.6875,50,50,118
3,62.805,188.4375,50,50,118
1,62.994,118.125,66.40625,66.40625,118
3,62.994,151.875,66.40625,66.40625,118
1,63.183,174.375,66.40625,66.40625,118
3,63.183,208.125,66.40625,66.40625,118
1,63.372,180,69.53125,69.53125,118
3,63.372,213.75,69.53125,69.53125,118
1,63.561,112.5,69.53125,69.53125,118
2,63.561,180,69.53125,69.53125,478
3,63.561,146.25,69.53125,69.53125,118
5,63.561,112.5,99.21875,99.21875,1438
1,63.751,132.1875,59.375,59.375,118
3,63.751,165.9375,59.375,59.375,118
1,63.940,146.25,53.125,53.125,118
3,63.940,180,53.125,53.125,118
1,64.129,154.6875,53.125,53.125,118
3,64.129,188.4375,53.125,53.125,118
1,64.318,180,59.375,59.375,118
2,64.318,199.6875,69.53125,69.53125,478
3,64.318,213.75,59.375,59.375,118
1,64.507,165.9375,59.375,59.375,118
3,64.507,199.6875,59.375,59.375,118
1,64.696,174.375,56.25,56.25,118
3,64.696,208.125,56.25,56.25,118
1,64.886,160.3125,59.375,59.375,118
3,64.886,194.0625,59.375,59.375,118
1,65.075,154.6875,48.4375,48.4375,118
2,65.075,222.1875,69.53125,69.53125,478
3,65.075,188.4375,48.4375,48.4375,118
1,65.264,160.3125,59.375,59.375,118
3,65.264,194.0625,59.375,59.375,118
1,65.453,165.9375,69.53125,69.53125,118
3,65.453,199.6875,69.53125,69.53125,118
1,65.642,154.6875,69.53125,69.53125,118
3,65.642,188.4375,69.53125,69.53125,118
1,65.831,126.5625,59.375,59.375,118
2,65.831,219.375,69.53125,69.53125,478
3,65.831,160.3125,59.375,59.375,118
5,65.831,106.875,99.21875,99.21875,1918
1,66.021,140.625,62.5,62.5,118
3,66.021,174.375,62.5,62.5,118
1,66.210,154.6875,56.25,56.25,118
3,66.210,188.4375,56.25,56.25,118
1,66.399,165.9375,53.125,53.125,118
3,66.399,199.6875,53.125,53.125,118
1,66.588,188.4375,69.53125,69.53125,118
2,66.588,222.1875,69.53125,69.53125,478
3,66.588,222.1875,69.53125,69.53125,118
1,66.777,174.375,46.09375,46.09375,118
3,66.777,208.125,46.09375,46.09375,118
1,66.966,180,56.25,56.25,118
3,66.966,213.75,56.25,56.25,118
1,67.156,174.375,48.4375,48.4375,118
3,67.156,208.125,48.4375,48.4375,118
1,67.345,165.9375,46.875,46.875,118
2,67.345,233.4375,66.40625,66.40625,478
3,67.345,199.6875,46.875,46.875,118
1,67.534,160.3125,53.125,53.125,118
3,67.534,194.0625,53.125,53.125,118
1,67.723,165.9375,56.25,56.25,118
3,67.723,199.6875,56.25,56.25,118
1,67.912,140.625,56.25,56.25,118
3,67.912,174.375,56.25,56.25,118
1,68.102,154.6875,59.375,59.375,118
2,68.102,255.9375,62.5,62.5,478
3,68.102,188.4375,59.375,59.375,118
1,68.291,174.375,50,50,118
3,68.291,208.125,50,50,118
1,68.500,146.25,76.5625,76.5625,118
3,68.500,180,76.5625,76.5625,118
1,68.678,140.625,62.5,62.5,114
3,68.678,174.375,62.5,62.5,114
1,68.858,101.25,44.53125,44.53125,118
2,68.858,253.125,69.53125,69.53125,1438
3,68.858,135,44.53125,44.53125,118
5,68.858,101.25,99.21875,99.21875,1438
1,69.047,165.9375,56.25,56.25,118
3,69.047,199.6875,56.25,56.25,118
1,69.237,146.25,69.53125,69.53125,118
3,69.237,180,69.53125,69.53125,118
1,69.426,180,50,50,118
3,69.426,213.75,50,50,118
1,69.615,165.9375,69.53125,69.53125,118
3,69.615,199.6875,69.53125,69.53125,118
1,69.804,174.375,59.375,59.375,118
3,69.804,208.125,59.375,59.375,118
1,69.993,165.9375,40.625,40.625,118
3,69.993,199.6875,40.625,40.625,118
1,70.182,154.6875,72.65625,72.65625,118
3,70.182,188.4375,72.65625,72.65625,118
1,70.372,146.25,69.53125,69.53125,118
3,70.372,180,69.53125,69.53125,118
1,70.561,160.3125,66.40625,66.40625,118
3,70.561,194.0625,66.40625,66.40625,118
1,70.750,165.9375,69.53125,69.53125,118
3,70.750,199.6875,69.53125,69.53125,118
1,70.939,160.3125,72.65625,72.65625,118
3,70.939,194.0625,72.65625,72.65625,118
1,71.128,135,46.09375,46.09375,118
2,71.128,233.4375,63.28125,63.28125,1918
3,71.128,168.75,46.09375,46.09375,118
5,71.128,98.4375,88.28125,88.28125,1918
1,71.317,168.75,59.375,59.375,118
3,71.317,202.5,59.375,59.375,118
1,71.507,154.6875,72.65625,72.65625,118
3,71.507,188.4375,72.65625,72.65625,118
1,71.696,165.9375,53.125,53.125,118
3,71.696,199.6875,53.125,53.125,118
1,71.885,146.25,53.125,53.125,118
3,71.885,180,53.125,53.125,118
1,72.074,174.375,62.5,62.5,118
3,72.074,208.125,62.5,62.5,118
1,72.263,180,79.6875,79.6875,118
3,72.263,213.75,79.6875,79.6875,118
1,72.452,154.6875,69.53125,69.53125,118
3,72.452,188.4375,69.53125,69.53125,118
1,72.642,165.9375,59.375,59.375,118
3,72.642,199.6875,59.375,59.375,118
1,72.831,146.25,62.5,62.5,118
3,72.831,180,62.5,62.5,118
1,73.020,160.3125,59.375,59.375,118
3,73.020,194.0625,59.375,59.375,118
1,73.209,165.9375,79.6875,79.6875,118
3,73.209,199.6875,79.6875,79.6875,118
1,73.398,135,99.21875,99.21875,118
3,73.398,168.75,99.21875,99.21875,118
1,73.587,146.25,72.65625,72.65625,118
3,73.587,180,72.65625,72.65625,118
1,73.777,140.625,83.59375,83.59375,118
3,73.777,174.375,83.59375,83.59375,118
1,73.977,120.9375,72.65625,72.65625,113
3,73.977,154.6875,72.65625,72.65625,113
2,74.155,180,59.375,59.375,478
5,74.155,126.5625,92.96875,92.96875,1438
1,74.166,101.25,79.6875,79.6875,118
3,74.166,135,79.6875,79.6875,118
1,74.344,135,59.375,59.375,118
3,74.344,168.75,59.375,59.375,118
1,74.533,146.25,66.40625,66.40625,118
3,74.533,180,66.40625,66.40625,118
1,74.722,154.6875,69.53125,69.53125,118
3,74.722,188.4375,69.53125,69.53125,118
1,74.912,165.9375,66.40625,66.40625,118
2,74.912,188.4375,53.125,53.125,478
3,74.912,199.6875,66.40625,66.40625,118
1,75.101,180,66.40625,66.40625,118
3,75.101,213.75,66.40625,66.40625,118
1,75.290,174.375,59.375,59.375,118
3,75.290,208.125,59.375,59.375,118
1,75.479,188.4375,76.5625,76.5625,118
3,75.479,222.1875,76.5625,76.5625,118
1,75.668,168.75,56.25,56.25,118
2,75.668,208.125,56.25,56.25,478
3,75.668,202.5,56.25,56.25,118
1,75.858,174.375,59.375,59.375,118
3,75.858,208.125,59.375,59.375,118
1,76.047,180,56.25,56.25,118
3,76.047,213.75,56.25,56.25,118
1,76.236,160.3125,69.53125,69.53125,118
3,76.236,194.0625,69.53125,69.53125,118
1,76.425,165.9375,53.125,53.125,118
2,76.425,199.6875,62.5,62.5,478
3,76.425,199.6875,53.125,53.125,118
5,76.436,92.8125,88.28125,88.28125,1913
1,76.614,168.75,66.40625,66.40625,118
3,76.614,202.5,66.40625,66.40625,118
1,76.803,154.6875,72.65625,72.65625,118
3,76.803,188.4375,72.65625,72.65625,118
1,76.993,160.3125,76.5625,76.5625,118
3,76.993,194.0625,76.5625,76.5625,118
1,77.182,146.25,69.53125,69.53125,118
2,77.182,202.5,56.25,56.25,478
3,77.182,180,69.53125,69.53125,118
1,77.371,154.6875,76.5625,76.5625,118
3,77.371,188.4375,76.5625,76.5625,118
1,77.560,135,59.375,59.375,118
3,77.560,168.75,59.375,59.375,118
1,77.749,146.25,69.53125,69.53125,118
3,77.749,180,69.53125,69.53125,118
1,77.938,143.4375,72.65625,72.65625,118
2,77.938,219.375,48.4375,48.4375,478
3,77.938,177.1875,72.65625,72.65625,118
1,78.128,146.25,72.65625,72.65625,118
3,78.128,180,72.65625,72.65625,118
1,78.328,137.8125,72.65625,72.65625,118
3,78.328,171.5625,72.65625,72.65625,118
1,78.506,140.625,92.96875,92.96875,118
3,78.506,174.375,92.96875,92.96875,118
2,78.695,222.1875,53.125,53.125,480
1,78.706,135,72.65625,72.65625,118
3,78.706,168.75,72.65625,72.65625,118
1,78.895,140.625,72.65625,72.65625,118
3,78.895,174.375,72.65625,72.65625,118
1,79.084,146.25,72.65625,72.65625,118
3,79.084,180,72.65625,72.65625,118
1,79.274,154.6875,69.53125,69.53125,113
3,79.274,188.4375,69.53125,69.53125,113
1,79.452,98.4375,83.59375,83.59375,118
3,79.452,132.1875,83.59375,83.59375,118
5,79.461,98.4375,92.96875,92.96875,1434
2,79.469,213.75,52.34375,52.34375,3109
1,79.641,106.875,53.125,53.125,118
3,79.641,140.625,53.125,53.125,118
1,79.830,132.1875,53.125,53.125,118
3,79.830,165.9375,53.125,53.125,118
1,80.019,120.9375,56.25,56.25,118
3,80.019,154.6875,56.25,56.25,118
1,80.208,109.6875,69.53125,69.53125,118
3,80.208,143.4375,69.53125,69.53125,118
1,80.407,126.5625,48.4375,48.4375,118
3,80.407,160.3125,48.4375,48.4375,118
1,80.587,146.25,48.4375,48.4375,118
3,80.587,180,48.4375,48.4375,118
1,80.776,129.375,76.5625,76.5625,118
3,80.776,163.125,76.5625,76.5625,118
1,80.976,154.6875,72.65625,72.65625,118
3,80.976,188.4375,72.65625,72.65625,118
1,81.154,140.625,50,50,118
3,81.154,174.375,50,50,118
1,81.343,151.875,59.375,59.375,118
3,81.343,185.625,59.375,59.375,118
1,81.533,160.3125,48.4375,48.4375,118
3,81.533,194.0625,48.4375,48.4375,118
1,81.722,112.5,69.53125,69.53125,118
3,81.722,146.25,69.53125,69.53125,118
5,81.722,78.75,99.21875,99.21875,1918
1,81.911,132.1875,76.5625,76.5625,118
3,81.911,165.9375,76.5625,76.5625,118
1,82.100,168.75,79.6875,79.6875,118
3,82.100,202.5,79.6875,79.6875,118
1,82.289,165.9375,76.5625,76.5625,118
3,82.289,199.6875,76.5625,76.5625,118
1,82.478,146.25,76.5625,76.5625,118
3,82.478,180,76.5625,76.5625,118
1,82.668,174.375,79.6875,79.6875,118
3,82.668,208.125,79.6875,79.6875,118
1,82.857,160.3125,76.5625,76.5625,118
3,82.857,194.0625,76.5625,76.5625,118
1,83.046,165.9375,66.40625,66.40625,118
3,83.046,199.6875,66.40625,66.40625,118
1,83.235,132.1875,79.6875,79.6875,118
3,83.235,165.9375,79.6875,79.6875,118
1,83.424,135,76.5625,76.5625,118
3,83.424,168.75,76.5625,76.5625,118
1,83.614,143.4375,92.96875,92.96875,118
3,83.614,177.1875,92.96875,92.96875,118
1,83.803,160.3125,79.6875,79.6875,118
3,83.803,194.0625,79.6875,79.6875,118
1,84.003,180,76.5625,76.5625,118
3,84.003,213.75,76.5625,76.5625,118
1,84.181,196.875,72.65625,72.65625,118
3,84.181,230.625,72.65625,72.65625,118
1,84.381,213.75,76.5625,76.5625,118
3,84.381,247.5,76.5625,76.5625,118
1,84.559,180,72.65625,72.65625,118
3,84.559,213.75,72.65625,72.65625,118
0,84.749,146.25,72.65625,72.65625,478
1,84.749,112.5,69.53125,69.53125,118
2,84.749,180,72.65625,72.65625,478
3,84.749,146.25,69.53125,69.53125,118
5,84.749,112.5,99.21875,99.21875,1438
1,84.938,132.1875,59.375,59.375,118
3,84.938,165.9375,59.375,59.375,118
1,85.127,146.25,53.125,53.125,118
3,85.127,180,53.125,53.125,118
1,85.316,154.6875,53.125,53.125,118
3,85.316,188.4375,53.125,53.125,118
0,85.505,154.6875,56.25,56.25,478
1,85.505,180,59.375,59.375,118
2,85.505,188.4375,56.25,56.25,478
3,85.505,213.75,59.375,59.375,118
1,85.694,165.9375,59.375,59.375,118
3,85.694,199.6875,59.375,59.375,118
1,85.884,174.375,56.25,56.25,118
3,85.884,208.125,56.25,56.25,118
1,86.073,160.3125,59.375,59.375,118
3,86.073,194.0625,59.375,59.375,118
0,86.262,174.375,48.4375,48.4375,478
1,86.262,154.6875,48.4375,48.4375,118
2,86.262,208.125,48.4375,48.4375,478
3,86.262,188.4375,48.4375,48.4375,118
1,86.451,160.3125,59.375,59.375,118
3,86.451,194.0625,59.375,59.375,118
1,86.640,165.9375,69.53125,69.53125,118
3,86.640,199.6875,69.53125,69.53125,118
1,86.829,154.6875,69.53125,69.53125,118
3,86.829,188.4375,69.53125,69.53125,118
0,87.019,160.3125,48.4375,48.4375,478
2,87.019,194.0625,48.4375,48.4375,478
5,87.019,106.875,99.21875,99.21875,1918
1,87.028,132.1875,59.375,59.375,118
3,87.028,165.9375,59.375,59.375,118
1,87.208,135,62.5,62.5,118
3,87.208,168.75,62.5,62.5,118
1,87.397,154.6875,56.25,56.25,118
3,87.397,188.4375,56.25,56.25,118
1,87.586,165.9375,53.125,53.125,118
3,87.586,199.6875,53.125,53.125,118
0,87.775,165.9375,48.4375,48.4375,478
2,87.775,199.6875,48.4375,48.4375,478
1,87.785,188.4375,69.53125,69.53125,118
3,87.785,222.1875,69.53125,69.53125,118
1,87.964,174.375,46.09375,46.09375,118
3,87.964,208.125,46.09375,46.09375,118
1,88.154,180,56.25,56.25,118
3,88.154,213.75,56.25,56.25,118
1,88.343,174.375,48.4375,48.4375,118
3,88.343,208.125,48.4375,48.4375,118
0,88.532,154.6875,36.71875,36.71875,478
1,88.532,165.9375,46.875,46.875,118
2,88.532,188.4375,36.71875,36.71875,478
3,88.532,199.6875,46.875,46.875,118
1,88.721,160.3125,53.125,53.125,118
3,88.721,194.0625,53.125,53.125,118
1,88.910,165.9375,56.25,56.25,118
3,88.910,199.6875,56.25,56.25,118
1,89.099,140.625,56.25,56.25,118
3,89.099,174.375,56.25,56.25,118
0,89.289,160.3125,34.375,34.375,478
1,89.289,154.6875,59.375,59.375,118
2,89.289,194.0625,34.375,34.375,478
3,89.289,188.4375,59.375,59.375,118
1,89.478,174.375,50,50,118
3,89.478,208.125,50,50,118
1,89.687,146.25,76.5625,76.5625,118
3,89.687,180,76.5625,76.5625,118
1,89.866,140.625,62.5,62.5,114
3,89.866,174.375,62.5,62.5,114
0,90.045,146.25,46.875,46.875,2864
1,90.045,101.25,44.53125,44.53125,118
2,90.045,180,46.875,46.875,2864
3,90.045,135,44.53125,44.53125,118
5,90.045,101.25,99.21875,99.21875,1438
1,90.234,165.9375,56.25,56.25,118
3,90.234,199.6875,56.25,56.25,118
1,90.424,146.25,69.53125,69.53125,118
3,90.424,180,69.53125,69.53125,118
1,90.613,180,50,50,118
3,90.613,213.75,50,50,118
1,90.802,165.9375,69.53125,69.53125,118
3,90.802,199.6875,69.53125,69.53125,118
1,90.991,174.375,59.375,59.375,118
3,90.991,208.125,59.375,59.375,118
1,91.180,165.9375,40.625,40.625,118
3,91.180,199.6875,40.625,40.625,118
1,91.370,154.6875,72.65625,72.65625,118
3,91.370,188.4375,72.65625,72.65625,118
1,91.559,146.25,69.53125,69.53125,118
3,91.559,180,69.53125,69.53125,118
1,91.748,160.3125,66.40625,66.40625,118
3,91.748,194.0625,66.40625,66.40625,118
1,91.937,165.9375,69.53125,69.53125,118
3,91.937,199.6875,69.53125,69.53125,118
1,92.126,160.3125,72.65625,72.65625,118
3,92.126,194.0625,72.65625,72.65625,118
1,92.315,135,46.09375,46.09375,118
3,92.315,168.75,46.09375,46.09375,118
5,92.315,98.4375,97.65625,97.65625,1914
1,92.505,168.75,59.375,59.375,118
3,92.505,202.5,59.375,59.375,118
1,92.694,154.6875,72.65625,72.65625,118
3,92.694,188.4375,72.65625,72.65625,118
1,92.883,165.9375,53.125,53.125,118
3,92.883,199.6875,53.125,53.125,118
1,93.072,146.25,53.125,53.125,118
3,93.072,180,53.125,53.125,118
1,93.261,174.375,62.5,62.5,118
3,93.261,208.125,62.5,62.5,118
1,93.450,180,79.6875,79.6875,118
3,93.450,213.75,79.6875,79.6875,118
1,93.640,154.6875,69.53125,69.53125,118
3,93.640,188.4375,69.53125,69.53125,118
1,93.829,165.9375,59.375,59.375,118
3,93.829,199.6875,59.375,59.375,118
1,94.018,146.25,62.5,62.5,118
3,94.018,180,62.5,62.5,118
1,94.207,160.3125,59.375,59.375,118
3,94.207,194.0625,59.375,59.375,118
1,94.396,165.9375,79.6875,79.6875,118
3,94.396,199.6875,79.6875,79.6875,118
1,94.585,135,99.21875,99.21875,118
3,94.585,168.75,99.21875,99.21875,118
1,94.775,146.25,72.65625,72.65625,118
3,94.775,180,72.65625,72.65625,118
1,94.964,140.625,83.59375,83.59375,118
3,94.964,174.375,83.59375,83.59375,118
1,95.164,120.9375,72.65625,72.65625,113
3,95.164,154.6875,72.65625,72.65625,113
2,95.342,180,59.375,59.375,478
4,95.342,180,59.375,59.375,478
5,95.342,112.5,99.21875,99.21875,1438
1,95.353,101.25,79.6875,79.6875,118
3,95.353,135,79.6875,79.6875,118
6,95.353,101.25,79.6875,79.6875,118
1,95.531,135,59.375,59.375,118
3,95.531,168.75,59.375,59.375,118
6,95.531,135,59.375,59.375,118
1,95.720,146.25,66.40625,66.40625,118
3,95.720,180,66.40625,66.40625,118
6,95.720,146.25,66.40625,66.40625,118
1,95.910,154.6875,69.53125,69.53125,118
3,95.910,188.4375,69.53125,69.53125,118
6,95.910,154.6875,69.53125,69.53125,118
1,96.099,165.9375,66.40625,66.40625,118
2,96.099,188.4375,56.25,56.25,478
3,96.099,199.6875,66.40625,66.40625,118
4,96.099,188.4375,56.25,56.25,478
6,96.099,165.9375,66.40625,66.40625,118
1,96.288,180,66.40625,66.40625,118
3,96.288,213.75,66.40625,66.40625,118
6,96.288,180,66.40625,66.40625,118
1,96.477,174.375,59.375,59.375,118
3,96.477,208.125,59.375,59.375,118
6,96.477,174.375,59.375,59.375,118
1,96.666,188.4375,76.5625,76.5625,118
3,96.666,222.1875,76.5625,76.5625,118
6,96.666,188.4375,76.5625,76.5625,118
1,96.855,168.75,56.25,56.25,118
2,96.855,208.125,69.53125,69.53125,478
3,96.855,202.5,56.25,56.25,118
4,96.855,208.125,69.53125,69.53125,478
6,96.855,168.75,56.25,56.25,118
1,97.045,174.375,59.375,59.375,118
3,97.045,208.125,59.375,59.375,118
6,97.045,174.375,59.375,59.375,118
1,97.234,180,56.25,56.25,118
3,97.234,213.75,56.25,56.25,118
6,97.234,180,56.25,56.25,118
1,97.423,160.3125,69.53125,69.53125,118
3,97.423,194.0625,69.53125,69.53125,118
6,97.423,160.3125,69.53125,69.53125,118
1,97.612,165.9375,53.125,53.125,118
2,97.612,194.0625,72.65625,72.65625,478
3,97.612,199.6875,53.125,53.125,118
4,97.612,194.0625,72.65625,72.65625,478
5,97.612,106.875,99.21875,99.21875,1918
6,97.612,165.9375,53.125,53.125,118
1,97.801,168.75,66.40625,66.40625,118
3,97.801,202.5,66.40625,66.40625,118
6,97.801,168.75,66.40625,66.40625,118
1,97.990,154.6875,72.65625,72.65625,118
3,97.990,188.4375,72.65625,72.65625,118
6,97.990,154.6875,72.65625,72.65625,118
1,98.180,160.3125,76.5625,76.5625,118
3,98.180,194.0625,76.5625,76.5625,118
6,98.180,160.3125,76.5625,76.5625,118
1,98.369,146.25,69.53125,69.53125,118
2,98.369,199.6875,66.40625,66.40625,478
3,98.369,180,69.53125,69.53125,118
4,98.369,199.6875,66.40625,66.40625,478
6,98.369,146.25,69.53125,69.53125,118
1,98.558,154.6875,76.5625,76.5625,118
3,98.558,188.4375,76.5625,76.5625,118
6,98.558,154.6875,76.5625,76.5625,118
1,98.747,135,59.375,59.375,118
3,98.747,168.75,59.375,59.375,118
6,98.747,135,59.375,59.375,118
1,98.936,146.25,69.53125,69.53125,118
3,98.936,180,69.53125,69.53125,118
6,98.936,146.25,69.53125,69.53125,118
1,99.126,143.4375,72.65625,72.65625,118
2,99.126,185.625,53.125,53.125,478
3,99.126,177.1875,72.65625,72.65625,118
4,99.126,185.625,53.125,53.125,478
6,99.126,143.4375,72.65625,72.65625,118
1,99.315,146.25,72.65625,72.65625,118
3,99.315,180,72.65625,72.65625,118
6,99.315,146.25,72.65625,72.65625,118
1,99.515,137.8125,72.65625,72.65625,118
3,99.515,171.5625,72.65625,72.65625,118
6,99.515,137.8125,72.65625,72.65625,118
1,99.693,140.625,92.96875,92.96875,118
3,99.693,174.375,92.96875,92.96875,118
6,99.693,140.625,92.96875,92.96875,118
2,99.882,188.4375,56.25,56.25,478
4,99.882,188.4375,56.25,56.25,478
1,99.893,135,72.65625,72.65625,118
3,99.893,168.75,72.65625,72.65625,118
6,99.893,135,72.65625,72.65625,118
1,100.082,140.625,72.65625,72.65625,118
3,100.082,174.375,72.65625,72.65625,118
6,100.082,140.625,72.65625,72.65625,118
1,100.272,146.25,72.65625,72.65625,118
3,100.272,180,72.65625,72.65625,118
6,100.272,146.25,72.65625,72.65625,118
1,100.461,154.6875,69.53125,69.53125,113
3,100.461,188.4375,69.53125,69.53125,113
6,100.461,154.6875,69.53125,69.53125,113
1,100.639,98.4375,83.59375,83.59375,118
2,100.639,185.625,50,50,1438
3,100.639,132.1875,83.59375,83.59375,118
4,100.639,185.625,50,50,1438
6,100.639,98.4375,83.59375,83.59375,118
5,100.650,98.4375,99.21875,99.21875,1433
1,100.828,106.875,53.125,53.125,118
3,100.828,140.625,53.125,53.125,118
6,100.828,106.875,53.125,53.125,118
1,101.017,132.1875,53.125,53.125,118
3,101.017,165.9375,53.125,53.125,118
6,101.017,132.1875,53.125,53.125,118
1,101.206,120.9375,56.25,56.25,118
3,101.206,154.6875,56.25,56.25,118
6,101.206,120.9375,56.25,56.25,118
1,101.396,109.6875,69.53125,69.53125,118
3,101.396,143.4375,69.53125,69.53125,118
6,101.396,109.6875,69.53125,69.53125,118
1,101.594,126.5625,48.4375,48.4375,118
3,101.594,160.3125,48.4375,48.4375,118
6,101.594,126.5625,48.4375,48.4375,118
1,101.774,146.25,48.4375,48.4375,118
3,101.774,180,48.4375,48.4375,118
6,101.774,146.25,48.4375,48.4375,118
1,101.963,129.375,76.5625,76.5625,118
3,101.963,163.125,76.5625,76.5625,118
6,101.963,129.375,76.5625,76.5625,118
1,102.163,154.6875,72.65625,72.65625,118
3,102.163,188.4375,72.65625,72.65625,118
6,102.163,154.6875,72.65625,72.65625,118
1,102.341,140.625,50,50,118
3,102.341,174.375,50,50,118
6,102.341,140.625,50,50,118
1,102.531,151.875,59.375,59.375,118
3,102.531,185.625,59.375,59.375,118
6,102.531,151.875,59.375,59.375,118
1,102.720,160.3125,48.4375,48.4375,118
3,102.720,194.0625,48.4375,48.4375,118
6,102.720,160.3125,48.4375,48.4375,118
2,102.909,165.9375,54.6875,54.6875,1886
4,102.909,165.9375,57.03125,57.03125,1912
5,102.909,64.6875,92.96875,92.96875,1918
1,102.918,98.4375,59.375,59.375,118
3,102.918,132.1875,59.375,59.375,118
6,102.918,98.4375,59.375,59.375,118
1,103.098,109.6875,79.6875,79.6875,118
3,103.098,143.4375,79.6875,79.6875,118
6,103.098,109.6875,79.6875,79.6875,118
1,103.286,151.875,53.125,53.125,118
3,103.286,185.625,53.125,53.125,118
6,103.286,151.875,53.125,53.125,118
1,103.476,154.6875,59.375,59.375,118
3,103.476,188.4375,59.375,59.375,118
6,103.476,154.6875,59.375,59.375,118
1,103.666,160.3125,62.5,62.5,118
3,103.666,194.0625,62.5,62.5,118
6,103.666,160.3125,62.5,62.5,118
1,103.855,165.9375,56.25,56.25,118
3,103.855,199.6875,56.25,56.25,118
6,103.855,165.9375,56.25,56.25,118
1,104.044,180,46.09375,46.09375,118
3,104.044,213.75,46.09375,46.09375,118
6,104.044,180,46.09375,46.09375,118
1,104.233,168.75,88.28125,88.28125,118
3,104.233,202.5,88.28125,88.28125,118
6,104.233,168.75,88.28125,88.28125,118
1,104.443,165.9375,59.375,59.375,118
3,104.443,199.6875,59.375,59.375,118
6,104.443,165.9375,59.375,59.375,118
1,104.611,151.875,26.5625,26.5625,118
3,104.611,185.625,26.5625,26.5625,118
6,104.611,151.875,26.5625,26.5625,118
1,104.801,154.6875,46.875,46.875,118
3,104.801,188.4375,46.875,46.875,118
6,104.801,154.6875,46.875,46.875,118
1,104.990,160.3125,59.375,59.375,118
3,104.990,194.0625,59.375,59.375,118
6,104.990,160.3125,59.375,59.375,118
1,105.179,154.6875,50,50,118
3,105.179,188.4375,50,50,118
6,105.179,154.6875,50,50,118
1,105.368,118.125,66.40625,66.40625,118
3,105.368,151.875,66.40625,66.40625,118
6,105.368,118.125,66.40625,66.40625,118
1,105.557,174.375,66.40625,66.40625,118
3,105.557,208.125,66.40625,66.40625,118
6,105.557,174.375,66.40625,66.40625,118
1,105.747,180,69.53125,69.53125,118
3,105.747,213.75,69.53125,69.53125,118
6,105.747,180,69.53125,69.53125,118
0,105.936,146.25,57.03125,57.03125,478
1,105.936,112.5,69.53125,69.53125,118
2,105.936,180,69.53125,69.53125,478
3,105.936,146.25,69.53125,69.53125,118
5,105.936,112.5,99.21875,99.21875,1438
1,106.125,132.1875,59.375,59.375,118
3,106.125,165.9375,59.375,59.375,118
1,106.314,146.25,53.125,53.125,118
3,106.314,180,53.125,53.125,118
1,106.503,154.6875,53.125,53.125,118
3,106.503,188.4375,53.125,53.125,118
0,106.692,165.9375,57.03125,57.03125,478
1,106.692,180,59.375,59.375,118
2,106.692,199.6875,69.53125,69.53125,478
3,106.692,213.75,59.375,59.375,118
1,106.882,165.9375,59.375,59.375,118
3,106.882,199.6875,59.375,59.375,118
1,107.071,174.375,56.25,56.25,118
3,107.071,208.125,56.25,56.25,118
1,107.260,160.3125,59.375,59.375,118
3,107.260,194.0625,59.375,59.375,118
0,107.449,188.4375,57.03125,57.03125,478
1,107.449,154.6875,48.4375,48.4375,118
2,107.449,222.1875,69.53125,69.53125,478
3,107.449,188.4375,48.4375,48.4375,118
1,107.638,160.3125,59.375,59.375,118
3,107.638,194.0625,59.375,59.375,118
1,107.827,165.9375,69.53125,69.53125,118
3,107.827,199.6875,69.53125,69.53125,118
1,108.017,154.6875,69.53125,69.53125,118
3,108.017,188.4375,69.53125,69.53125,118
0,108.206,185.625,57.03125,57.03125,478
1,108.206,126.5625,59.375,59.375,118
2,108.206,219.375,69.53125,69.53125,478
3,108.206,160.3125,59.375,59.375,118
5,108.206,106.875,99.21875,99.21875,1918
1,108.395,140.625,62.5,62.5,118
3,108.395,174.375,62.5,62.5,118
1,108.584,154.6875,56.25,56.25,118
3,108.584,188.4375,56.25,56.25,118
1,108.773,165.9375,53.125,53.125,118
3,108.773,199.6875,53.125,53.125,118
0,108.962,188.4375,57.03125,57.03125,478
1,108.962,188.4375,69.53125,69.53125,118
2,108.962,222.1875,69.53125,69.53125,478
3,108.962,222.1875,69.53125,69.53125,118
1,109.152,174.375,46.09375,46.09375,118
3,109.152,208.125,46.09375,46.09375,118
1,109.341,180,56.25,56.25,118
3,109.341,213.75,56.25,56.25,118
1,109.530,174.375,48.4375,48.4375,118
3,109.530,208.125,48.4375,48.4375,118
0,109.719,199.6875,53.90625,53.90625,478
1,109.719,165.9375,46.875,46.875,118
2,109.719,233.4375,66.40625,66.40625,478
3,109.719,199.6875,46.875,46.875,118
1,109.908,160.3125,53.125,53.125,118
3,109.908,194.0625,53.125,53.125,118
1,110.097,165.9375,56.25,56.25,118
3,110.097,199.6875,56.25,56.25,118
1,110.287,140.625,56.25,56.25,118
3,110.287,174.375,56.25,56.25,118
0,110.476,222.1875,50,50,478
1,110.476,154.6875,59.375,59.375,118
2,110.476,255.9375,62.5,62.5,478
3,110.476,188.4375,59.375,59.375,118
1,110.665,174.375,50,50,118
3,110.665,208.125,50,50,118
1,110.875,146.25,76.5625,76.5625,118
3,110.875,180,76.5625,76.5625,118
1,111.053,140.625,62.5,62.5,114
3,111.053,174.375,62.5,62.5,114
0,111.232,219.375,47.65625,47.65625,1438
1,111.232,101.25,44.53125,44.53125,118
2,111.232,253.125,69.53125,69.53125,1438
3,111.232,135,44.53125,44.53125,118
5,111.232,101.25,99.21875,99.21875,1438
1,111.422,165.9375,56.25,56.25,118
3,111.422,199.6875,56.25,56.25,118
1,111.611,146.25,69.53125,69.53125,118
3,111.611,180,69.53125,69.53125,118
1,111.800,180,50,50,118
3,111.800,213.75,50,50,118
1,111.989,165.9375,69.53125,69.53125,118
3,111.989,199.6875,69.53125,69.53125,118
1,112.178,174.375,59.375,59.375,118
3,112.178,208.125,59.375,59.375,118
1,112.367,165.9375,40.625,40.625,118
3,112.367,199.6875,40.625,40.625,118
1,112.557,154.6875,72.65625,72.65625,118
3,112.557,188.4375,72.65625,72.65625,118
1,112.746,146.25,69.53125,69.53125,118
3,112.746,180,69.53125,69.53125,118
1,112.935,160.3125,66.40625,66.40625,118
3,112.935,194.0625,66.40625,66.40625,118
1,113.124,165.9375,69.53125,69.53125,118
3,113.124,199.6875,69.53125,69.53125,118
1,113.313,160.3125,72.65625,72.65625,118
3,113.313,194.0625,72.65625,72.65625,118
0,113.503,199.6875,44.53125,44.53125,1918
1,113.503,135,46.09375,46.09375,118
2,113.503,233.4375,63.28125,63.28125,1918
3,113.503,168.75,46.09375,46.09375,118
5,113.503,98.4375,88.28125,88.28125,1918
1,113.692,168.75,59.375,59.375,118
3,113.692,202.5,59.375,59.375,118
1,113.881,154.6875,72.65625,72.65625,118
3,113.881,188.4375,72.65625,72.65625,118
1,114.070,165.9375,53.125,53.125,118
3,114.070,199.6875,53.125,53.125,118
1,114.259,146.25,53.125,53.125,118
3,114.259,180,53.125,53.125,118
1,114.448,174.375,62.5,62.5,118
3,114.448,208.125,62.5,62.5,118
1,114.638,180,79.6875,79.6875,118
3,114.638,213.75,79.6875,79.6875,118
1,114.827,154.6875,69.53125,69.53125,118
3,114.827,188.4375,69.53125,69.53125,118
1,115.016,165.9375,59.375,59.375,118
3,115.016,199.6875,59.375,59.375,118
1,115.205,146.25,62.5,62.5,118
3,115.205,180,62.5,62.5,118
1,115.394,160.3125,59.375,59.375,118
3,115.394,194.0625,59.375,59.375,118
1,115.583,165.9375,79.6875,79.6875,118
3,115.583,199.6875,79.6875,79.6875,118
1,115.773,135,99.21875,99.21875,118
3,115.773,168.75,99.21875,99.21875,118
1,115.962,146.25,72.65625,72.65625,118
3,115.962,180,72.65625,72.65625,118
1,116.151,140.625,83.59375,83.59375,118
3,116.151,174.375,83.59375,83.59375,118
1,116.351,120.9375,72.65625,72.65625,113
3,116.351,154.6875,72.65625,72.65625,113
2,116.529,180,59.375,59.375,478
4,116.529,213.75,59.375,59.375,478
5,116.529,126.5625,92.96875,92.96875,1438
1,116.540,101.25,79.6875,79.6875,118
3,116.540,135,79.6875,79.6875,118
6,116.540,101.25,79.6875,79.6875,118
1,116.718,135,59.375,59.375,118
3,116.718,168.75,59.375,59.375,118
6,116.718,135,59.375,59.375,118
1,116.908,146.25,66.40625,66.40625,118
3,116.908,180,66.40625,66.40625,118
6,116.908,146.25,66.40625,66.40625,118
1,117.097,154.6875,69.53125,69.53125,118
3,117.097,188.4375,69.53125,69.53125,118
6,117.097,154.6875,69.53125,69.53125,118
1,117.286,165.9375,66.40625,66.40625,118
2,117.286,188.4375,53.125,53.125,478
3,117.286,199.6875,66.40625,66.40625,118
4,117.286,222.1875,53.125,53.125,478
6,117.286,165.9375,66.40625,66.40625,118
1,117.475,180,66.40625,66.40625,118
3,117.475,213.75,66.40625,66.40625,118
6,117.475,180,66.40625,66.40625,118
1,117.664,174.375,59.375,59.375,118
3,117.664,208.125,59.375,59.375,118
6,117.664,174.375,59.375,59.375,118
1,117.853,188.4375,76.5625,76.5625,118
3,117.853,222.1875,76.5625,76.5625,118
6,117.853,188.4375,76.5625,76.5625,118
1,118.043,168.75,56.25,56.25,118
2,118.043,208.125,56.25,56.25,478
3,118.043,202.5,56.25,56.25,118
4,118.043,241.875,56.25,56.25,478
6,118.043,168.75,56.25,56.25,118
1,118.232,174.375,59.375,59.375,118
3,118.232,208.125,59.375,59.375,118
6,118.232,174.375,59.375,59.375,118
1,118.421,180,56.25,56.25,118
3,118.421,213.75,56.25,56.25,118
6,118.421,180,56.25,56.25,118
1,118.610,160.3125,69.53125,69.53125,118
3,118.610,194.0625,69.53125,69.53125,118
6,118.610,160.3125,69.53125,69.53125,118
1,118.799,165.9375,53.125,53.125,118
2,118.799,199.6875,62.5,62.5,478
3,118.799,199.6875,53.125,53.125,118
4,118.799,233.4375,62.5,62.5,478
6,118.799,165.9375,53.125,53.125,118
5,118.810,92.8125,88.28125,88.28125,1913
1,118.988,168.75,66.40625,66.40625,118
3,118.988,202.5,66.40625,66.40625,118
6,118.988,168.75,66.40625,66.40625,118
1,119.178,154.6875,72.65625,72.65625,118
3,119.178,188.4375,72.65625,72.65625,118
6,119.178,154.6875,72.65625,72.65625,118
1,119.367,160.3125,76.5625,76.5625,118
3,119.367,194.0625,76.5625,76.5625,118
6,119.367,160.3125,76.5625,76.5625,118
1,119.556,146.25,69.53125,69.53125,118
2,119.556,202.5,56.25,56.25,478
3,119.556,180,69.53125,69.53125,118
4,119.556,236.25,56.25,56.25,478
6,119.556,146.25,69.53125,69.53125,118
1,119.745,154.6875,76.5625,76.5625,118
3,119.745,188.4375,76.5625,76.5625,118
6,119.745,154.6875,76.5625,76.5625,118
1,119.934,135,59.375,59.375,118
3,119.934,168.75,59.375,59.375,118
6,119.934,135,59.375,59.375,118
1,120.123,146.25,69.53125,69.53125,118
3,120.123,180,69.53125,69.53125,118
6,120.123,146.25,69.53125,69.53125,118
1,120.313,143.4375,72.65625,72.65625,118
2,120.313,219.375,48.4375,48.4375,478
3,120.313,177.1875,72.65625,72.65625,118
4,120.313,253.125,48.4375,48.4375,478
6,120.313,143.4375,72.65625,72.65625,118
1,120.502,146.25,72.65625,72.65625,118
3,120.502,180,72.65625,72.65625,118
6,120.502,146.25,72.65625,72.65625,118
1,120.702,137.8125,72.65625,72.65625,118
3,120.702,171.5625,72.65625,72.65625,118
6,120.702,137.8125,72.65625,72.65625,118
1,120.880,140.625,92.96875,92.96875,118
3,120.880,174.375,92.96875,92.96875,118
6,120.880,140.625,92.96875,92.96875,118
2,121.069,222.1875,53.125,53.125,480
4,121.069,255.9375,53.125,53.125,478
1,121.080,135,72.65625,72.65625,118
3,121.080,168.75,72.65625,72.65625,118
6,121.080,135,72.65625,72.65625,118
1,121.270,140.625,72.65625,72.65625,118
3,121.270,174.375,72.65625,72.65625,118
6,121.270,140.625,72.65625,72.65625,118
1,121.459,146.25,72.65625,72.65625,118
3,121.459,180,72.65625,72.65625,118
6,121.459,146.25,72.65625,72.65625,118
1,121.648,154.6875,69.53125,69.53125,113
3,121.648,188.4375,69.53125,69.53125,113
6,121.648,154.6875,69.53125,69.53125,113
1,121.826,98.4375,83.59375,83.59375,118
3,121.826,132.1875,83.59375,83.59375,118
6,121.826,98.4375,83.59375,83.59375,118
5,121.835,98.4375,92.96875,92.96875,1434
4,121.837,247.5,52.34375,52.34375,3353
2,121.843,213.75,52.34375,52.34375,3109
1,122.015,106.875,53.125,53.125,118
3,122.015,140.625,53.125,53.125,118
6,122.015,106.875,53.125,53.125,118
1,122.204,132.1875,53.125,53.125,118
3,122.204,165.9375,53.125,53.125,118
6,122.204,132.1875,53.125,53.125,118
1,122.394,120.9375,56.25,56.25,118
3,122.394,154.6875,56.25,56.25,118
6,122.394,120.9375,56.25,56.25,118
1,122.583,109.6875,69.53125,69.53125,118
3,122.583,143.4375,69.53125,69.53125,118
6,122.583,109.6875,69.53125,69.53125,118
1,122.781,126.5625,48.4375,48.4375,118
3,122.781,160.3125,48.4375,48.4375,118
6,122.781,126.5625,48.4375,48.4375,118
1,122.961,146.25,48.4375,48.4375,118
3,122.961,180,48.4375,48.4375,118
6,122.961,146.25,48.4375,48.4375,118
1,123.150,129.375,76.5625,76.5625,118
3,123.150,163.125,76.5625,76.5625,118
6,123.150,129.375,76.5625,76.5625,118
1,123.350,154.6875,72.65625,72.65625,118
3,123.350,188.4375,72.65625,72.65625,118
6,123.350,154.6875,72.65625,72.65625,118
1,123.529,140.625,50,50,118
3,123.529,174.375,50,50,118
6,123.529,140.625,50,50,118
1,123.718,151.875,59.375,59.375,118
3,123.718,185.625,59.375,59.375,118
6,123.718,151.875,59.375,59.375,118
1,123.907,160.3125,48.4375,48.4375,118
3,123.907,194.0625,48.4375,48.4375,118
6,123.907,160.3125,48.4375,48.4375,118
1,124.096,112.5,69.53125,69.53125,118
3,124.096,146.25,69.53125,69.53125,118
5,124.096,78.75,99.21875,99.21875,1918
6,124.096,112.5,69.53125,69.53125,118
1,124.285,132.1875,76.5625,76.5625,118
3,124.285,165.9375,76.5625,76.5625,118
6,124.285,132.1875,76.5625,76.5625,118
1,124.474,168.75,79.6875,79.6875,118
3,124.474,202.5,79.6875,79.6875,118
6,124.474,168.75,79.6875,79.6875,118
1,124.664,165.9375,76.5625,76.5625,118
3,124.664,199.6875,76.5625,76.5625,118
6,124.664,165.9375,76.5625,76.5625,118
1,124.853,146.25,76.5625,76.5625,118
3,124.853,180,76.5625,76.5625,118
6,124.853,146.25,76.5625,76.5625,118
1,125.042,174.375,79.6875,79.6875,118
3,125.042,208.125,79.6875,79.6875,118
6,125.042,174.375,79.6875,79.6875,118
1,125.231,160.3125,76.5625,76.5625,118
3,125.231,194.0625,76.5625,76.5625,118
6,125.231,160.3125,76.5625,76.5625,118
1,125.420,165.9375,66.40625,66.40625,118
3,125.420,199.6875,66.40625,66.40625,118
6,125.420,165.9375,66.40625,66.40625,118
1,125.609,132.1875,79.6875,79.6875,118
3,125.609,165.9375,79.6875,79.6875,118
6,125.609,132.1875,79.6875,79.6875,118
1,125.799,135,76.5625,76.5625,118
3,125.799,168.75,76.5625,76.5625,118
6,125.799,135,76.5625,76.5625,118
1,125.988,143.4375,92.96875,92.96875,118
3,125.988,177.1875,92.96875,92.96875,118
6,125.988,143.4375,92.96875,92.96875,118
1,126.177,160.3125,79.6875,79.6875,118
3,126.177,194.0625,79.6875,79.6875,118
6,126.177,160.3125,79.6875,79.6875,118
1,126.377,180,76.5625,76.5625,118
3,126.377,213.75,76.5625,76.5625,118
6,126.377,180,76.5625,76.5625,118
1,126.555,196.875,72.65625,72.65625,118
3,126.555,230.625,72.65625,72.65625,118
6,126.555,196.875,72.65625,72.65625,118
1,126.756,213.75,76.5625,76.5625,118
3,126.756,247.5,76.5625,76.5625,118
6,126.756,213.75,76.5625,76.5625,118
1,126.934,180,72.65625,72.65625,118
3,126.934,213.75,72.65625,72.65625,118
6,126.934,180,72.65625,72.65625,118
0,127.123,146.25,72.65625,72.65625,478
1,127.123,112.5,69.53125,69.53125,118
2,127.123,180,72.65625,72.65625,478
3,127.123,146.25,69.53125,69.53125,118
5,127.123,112.5,99.21875,99.21875,1438
7,127.123,267.1875,43.75,43.75,83
1,127.312,132.1875,59.375,59.375,118
3,127.312,165.9375,59.375,59.375,118
7,127.312,247.5,34.375,34.375,91
1,127.501,146.25,53.125,53.125,118
3,127.501,180,53.125,53.125,118
7,127.501,261.5625,32.8125,32.8125,51
1,127.690,154.6875,53.125,53.125,118
3,127.690,188.4375,53.125,53.125,118
7,127.690,247.5,25,25,73
0,127.879,154.6875,56.25,56.25,478
1,127.879,180,59.375,59.375,118
2,127.879,188.4375,56.25,56.25,478
3,127.879,213.75,59.375,59.375,118
7,127.879,255.9375,34.375,34.375,74
1,128.069,165.9375,59.375,59.375,118
3,128.069,199.6875,59.375,59.375,118
7,128.069,247.5,16.40625,16.40625,106
1,128.258,174.375,56.25,56.25,118
3,128.258,208.125,56.25,56.25,118
7,128.258,253.125,31.25,31.25,76
1,128.447,160.3125,59.375,59.375,118
3,128.447,194.0625,59.375,59.375,118
7,128.447,247.5,40.625,40.625,98
0,128.636,174.375,48.4375,48.4375,478
1,128.636,154.6875,48.4375,48.4375,118
2,128.636,208.125,48.4375,48.4375,478
3,128.636,188.4375,48.4375,48.4375,118
7,128.636,255.9375,50.78125,50.78125,62
1,128.825,160.3125,59.375,59.375,118
3,128.825,194.0625,59.375,59.375,118
7,128.825,247.5,31.25,31.25,66
1,129.015,165.9375,69.53125,69.53125,118
3,129.015,199.6875,69.53125,69.53125,118
7,129.015,261.5625,20.3125,20.3125,70
1,129.204,154.6875,69.53125,69.53125,118
3,129.204,188.4375,69.53125,69.53125,118
7,129.204,247.5,34.375,34.375,118
0,129.393,160.3125,48.4375,48.4375,478
2,129.393,194.0625,48.4375,48.4375,478
5,129.393,106.875,99.21875,99.21875,1918
7,129.393,267.1875,44.53125,44.53125,80
1,129.402,132.1875,59.375,59.375,118
3,129.402,165.9375,59.375,59.375,118
1,129.582,135,62.5,62.5,118
3,129.582,168.75,62.5,62.5,118
7,129.601,247.5,43.75,43.75,67
1,129.771,154.6875,56.25,56.25,118
3,129.771,188.4375,56.25,56.25,118
7,129.771,261.5625,40.625,40.625,56
1,129.960,165.9375,53.125,53.125,118
3,129.960,199.6875,53.125,53.125,118
7,129.960,247.5,31.25,31.25,74
0,130.150,165.9375,48.4375,48.4375,478
2,130.150,199.6875,48.4375,48.4375,478
7,130.150,255.9375,34.375,34.375,75
1,130.159,188.4375,69.53125,69.53125,118
3,130.159,222.1875,69.53125,69.53125,118
1,130.339,174.375,46.09375,46.09375,118
3,130.339,208.125,46.09375,46.09375,118
7,130.339,247.5,40.625,40.625,107
1,130.528,180,56.25,56.25,118
3,130.528,213.75,56.25,56.25,118
7,130.528,253.125,27.34375,27.34375,75
1,130.717,174.375,48.4375,48.4375,118
3,130.717,208.125,48.4375,48.4375,118
7,130.717,247.5,46.875,46.875,92
0,130.906,154.6875,36.71875,36.71875,478
1,130.906,165.9375,46.875,46.875,118
2,130.906,188.4375,36.71875,36.71875,478
3,130.906,199.6875,46.875,46.875,118
7,130.906,255.9375,43.75,43.75,76
1,131.095,160.3125,53.125,53.125,118
3,131.095,194.0625,53.125,53.125,118
7,131.095,247.5,37.5,37.5,70
1,131.285,165.9375,56.25,56.25,118
3,131.285,199.6875,56.25,56.25,118
7,131.285,261.5625,34.375,34.375,66
1,131.474,140.625,56.25,56.25,118
3,131.474,174.375,56.25,56.25,118
7,131.474,247.5,43.75,43.75,62
0,131.663,160.3125,34.375,34.375,478
1,131.663,154.6875,59.375,59.375,118
2,131.663,194.0625,34.375,34.375,478
3,131.663,188.4375,59.375,59.375,118
7,131.663,255.9375,34.375,34.375,36
1,131.852,174.375,50,50,118
3,131.852,208.125,50,50,118
7,131.852,247.5,40.625,40.625,53
7,132.041,261.5625,42.96875,42.96875,64
1,132.062,146.25,76.5625,76.5625,118
3,132.062,180,76.5625,76.5625,118
7,132.230,247.5,55.46875,55.46875,64
1,132.240,140.625,62.5,62.5,114
3,132.240,174.375,62.5,62.5,114
0,132.420,146.25,46.875,46.875,2864
1,132.420,101.25,44.53125,44.53125,118
2,132.420,180,46.875,46.875,2864
3,132.420,135,44.53125,44.53125,118
5,132.420,101.25,99.21875,99.21875,1438
7,132.420,267.1875,43.75,43.75,83
1,132.609,165.9375,56.25,56.25,118
3,132.609,199.6875,56.25,56.25,118
7,132.609,247.5,34.375,34.375,91
1,132.798,146.25,69.53125,69.53125,118
3,132.798,180,69.53125,69.53125,118
7,132.798,261.5625,32.8125,32.8125,51
1,132.987,180,50,50,118
3,132.987,213.75,50,50,118
7,132.987,247.5,25,25,73
1,133.176,165.9375,69.53125,69.53125,118
3,133.176,199.6875,69.53125,69.53125,118
7,133.176,255.9375,34.375,34.375,74
1,133.365,174.375,59.375,59.375,118
3,133.365,208.125,59.375,59.375,118
7,133.365,247.5,16.40625,16.40625,106
1,133.555,165.9375,40.625,40.625,118
3,133.555,199.6875,40.625,40.625,118
7,133.555,253.125,31.25,31.25,76
1,133.744,154.6875,72.65625,72.65625,118
3,133.744,188.4375,72.65625,72.65625,118
7,133.744,247.5,40.625,40.625,98
1,133.933,146.25,69.53125,69.53125,118
3,133.933,180,69.53125,69.53125,118
7,133.933,255.9375,50.78125,50.78125,62
1,134.122,160.3125,66.40625,66.40625,118
3,134.122,194.0625,66.40625,66.40625,118
7,134.122,247.5,31.25,31.25,66
1,134.311,165.9375,69.53125,69.53125,118
3,134.311,199.6875,69.53125,69.53125,118
7,134.311,261.5625,20.3125,20.3125,70
1,134.500,160.3125,72.65625,72.65625,118
3,134.500,194.0625,72.65625,72.65625,118
7,134.500,247.5,34.375,34.375,118
1,134.690,135,46.09375,46.09375,118
3,134.690,168.75,46.09375,46.09375,118
5,134.690,98.4375,96.09375,96.09375,1908
7,134.690,267.1875,44.53125,44.53125,80
1,134.879,168.75,59.375,59.375,118
3,134.879,202.5,59.375,59.375,118
7,134.898,247.5,43.75,43.75,67
1,135.068,154.6875,72.65625,72.65625,118
3,135.068,188.4375,72.65625,72.65625,118
7,135.068,261.5625,40.625,40.625,56
1,135.257,165.9375,53.125,53.125,118
3,135.257,199.6875,53.125,53.125,118
7,135.257,247.5,31.25,31.25,74
1,135.446,146.25,53.125,53.125,118
3,135.446,180,53.125,53.125,118
7,135.446,255.9375,34.375,34.375,75
1,135.635,174.375,62.5,62.5,118
3,135.635,208.125,62.5,62.5,118
7,135.635,247.5,40.625,40.625,107
1,135.825,180,79.6875,79.6875,118
3,135.825,213.75,79.6875,79.6875,118
7,135.825,253.125,27.34375,27.34375,75
1,136.014,154.6875,69.53125,69.53125,118
3,136.014,188.4375,69.53125,69.53125,118
7,136.014,247.5,46.875,46.875,92
1,136.203,165.9375,59.375,59.375,118
3,136.203,199.6875,59.375,59.375,118
7,136.203,255.9375,43.75,43.75,76
1,136.392,146.25,62.5,62.5,118
3,136.392,180,62.5,62.5,118
7,136.392,247.5,37.5,37.5,70
1,136.581,160.3125,59.375,59.375,118
3,136.581,194.0625,59.375,59.375,118
7,136.581,261.5625,34.375,34.375,66
1,136.771,165.9375,79.6875,79.6875,118
3,136.771,199.6875,79.6875,79.6875,118
7,136.771,247.5,43.75,43.75,62
1,136.960,135,99.21875,99.21875,118
3,136.960,168.75,99.21875,99.21875,118
7,136.960,255.9375,34.375,34.375,36
1,137.149,146.25,72.65625,72.65625,118
3,137.149,180,72.65625,72.65625,118
7,137.149,247.5,40.625,40.625,53
1,137.338,140.625,83.59375,83.59375,118
3,137.338,174.375,83.59375,83.59375,118
7,137.338,261.5625,42.96875,42.96875,64
7,137.527,247.5,55.46875,55.46875,64
1,137.538,120.9375,72.65625,72.65625,113
3,137.538,154.6875,72.65625,72.65625,113
2,137.716,180,59.375,59.375,478
4,137.716,213.75,59.375,59.375,478
5,137.716,112.5,99.21875,99.21875,1438
7,137.716,267.1875,43.75,43.75,83
1,137.727,101.25,79.6875,79.6875,118
3,137.727,135,79.6875,79.6875,118
6,137.727,101.25,79.6875,79.6875,118
1,137.906,135,59.375,59.375,118
3,137.906,168.75,59.375,59.375,118
6,137.906,135,59.375,59.375,118
7,137.906,247.5,34.375,34.375,91
1,138.095,146.25,66.40625,66.40625,118
3,138.095,180,66.40625,66.40625,118
6,138.095,146.25,66.40625,66.40625,118
7,138.095,261.5625,32.8125,32.8125,51
1,138.284,154.6875,69.53125,69.53125,118
3,138.284,188.4375,69.53125,69.53125,118
6,138.284,154.6875,69.53125,69.53125,118
7,138.284,247.5,25,25,73
1,138.473,165.9375,66.40625,66.40625,118
2,138.473,188.4375,56.25,56.25,478
3,138.473,199.6875,66.40625,66.40625,118
4,138.473,222.1875,56.25,56.25,478
6,138.473,165.9375,66.40625,66.40625,118
7,138.473,255.9375,34.375,34.375,74
1,138.662,180,66.40625,66.40625,118
3,138.662,213.75,66.40625,66.40625,118
6,138.662,180,66.40625,66.40625,118
7,138.662,247.5,16.40625,16.40625,106
1,138.851,174.375,59.375,59.375,118
3,138.851,208.125,59.375,59.375,118
6,138.851,174.375,59.375,59.375,118
7,138.851,253.125,31.25,31.25,76
1,139.041,188.4375,76.5625,76.5625,118
3,139.041,222.1875,76.5625,76.5625,118
6,139.041,188.4375,76.5625,76.5625,118
7,139.041,247.5,40.625,40.625,98
1,139.230,168.75,56.25,56.25,118
2,139.230,208.125,69.53125,69.53125,478
3,139.230,202.5,56.25,56.25,118
4,139.230,241.875,69.53125,69.53125,478
6,139.230,168.75,56.25,56.25,118
7,139.230,255.9375,50.78125,50.78125,62
1,139.419,174.375,59.375,59.375,118
3,139.419,208.125,59.375,59.375,118
6,139.419,174.375,59.375,59.375,118
7,139.419,247.5,31.25,31.25,66
1,139.608,180,56.25,56.25,118
3,139.608,213.75,56.25,56.25,118
6,139.608,180,56.25,56.25,118
7,139.608,261.5625,20.3125,20.3125,70
1,139.797,160.3125,69.53125,69.53125,118
3,139.797,194.0625,69.53125,69.53125,118
6,139.797,160.3125,69.53125,69.53125,118
7,139.797,247.5,34.375,34.375,118
1,139.986,165.9375,53.125,53.125,118
2,139.986,194.0625,72.65625,72.65625,478
3,139.986,199.6875,53.125,53.125,118
4,139.986,227.8125,72.65625,72.65625,478
5,139.986,106.875,99.21875,99.21875,1918
6,139.986,165.9375,53.125,53.125,118
7,139.986,267.1875,44.53125,44.53125,80
1,140.176,168.75,66.40625,66.40625,118
3,140.176,202.5,66.40625,66.40625,118
6,140.176,168.75,66.40625,66.40625,118
7,140.195,247.5,43.75,43.75,67
1,140.365,154.6875,72.65625,72.65625,118
3,140.365,188.4375,72.65625,72.65625,118
6,140.365,154.6875,72.65625,72.65625,118
7,140.365,261.5625,40.625,40.625,56
1,140.554,160.3125,76.5625,76.5625,118
3,140.554,194.0625,76.5625,76.5625,118
6,140.554,160.3125,76.5625,76.5625,118
7,140.554,247.5,31.25,31.25,74
1,140.743,146.25,69.53125,69.53125,118
2,140.743,199.6875,66.40625,66.40625,478
3,140.743,180,69.53125,69.53125,118
4,140.743,233.4375,66.40625,66.40625,478
6,140.743,146.25,69.53125,69.53125,118
7,140.743,255.9375,34.375,34.375,75
1,140.932,154.6875,76.5625,76.5625,118
3,140.932,188.4375,76.5625,76.5625,118
6,140.932,154.6875,76.5625,76.5625,118
7,140.932,247.5,40.625,40.625,107
1,141.121,135,59.375,59.375,118
3,141.121,168.75,59.375,59.375,118
6,141.121,135,59.375,59.375,118
7,141.121,253.125,27.34375,27.34375,75
1,141.311,146.25,69.53125,69.53125,118
3,141.311,180,69.53125,69.53125,118
6,141.311,146.25,69.53125,69.53125,118
7,141.311,247.5,46.875,46.875,92
1,141.500,143.4375,72.65625,72.65625,118
2,141.500,185.625,53.125,53.125,478
3,141.500,177.1875,72.65625,72.65625,118
4,141.500,219.375,53.125,53.125,478
6,141.500,143.4375,72.65625,72.65625,118
7,141.500,255.9375,43.75,43.75,76
1,141.689,146.25,72.65625,72.65625,118
3,141.689,180,72.65625,72.65625,118
6,141.689,146.25,72.65625,72.65625,118
7,141.689,247.5,37.5,37.5,70
7,141.878,261.5625,34.375,34.375,66
1,141.889,137.8125,72.65625,72.65625,118
3,141.889,171.5625,72.65625,72.65625,118
6,141.889,137.8125,72.65625,72.65625,118
1,142.067,140.625,92.96875,92.96875,118
3,142.067,174.375,92.96875,92.96875,118
6,142.067,140.625,92.96875,92.96875,118
7,142.067,247.5,43.75,43.75,62
2,142.256,188.4375,56.25,56.25,478
4,142.256,222.1875,56.25,56.25,478
7,142.256,255.9375,34.375,34.375,36
1,142.268,135,72.65625,72.65625,118
3,142.268,168.75,72.65625,72.65625,118
6,142.268,135,72.65625,72.65625,118
7,142.446,247.5,40.625,40.625,53
1,142.457,140.625,72.65625,72.65625,118
3,142.457,174.375,72.65625,72.65625,118
6,142.457,140.625,72.65625,72.65625,118
7,142.635,261.5625,42.96875,42.96875,64
1,142.646,146.25,72.65625,72.65625,118
3,142.646,180,72.65625,72.65625,118
6,142.646,146.25,72.65625,72.65625,118
7,142.824,247.5,55.46875,55.46875,64
1,142.835,154.6875,69.53125,69.53125,113
3,142.835,188.4375,69.53125,69.53125,113
6,142.835,154.6875,69.53125,69.53125,113
1,143.013,98.4375,83.59375,83.59375,118
2,143.013,185.625,50,50,1438
3,143.013,132.1875,83.59375,83.59375,118
4,143.013,219.375,50,50,1438
6,143.013,98.4375,83.59375,83.59375,118
7,143.013,267.1875,43.75,43.75,83
5,143.024,98.4375,99.21875,99.21875,1433
1,143.202,106.875,53.125,53.125,118
3,143.202,140.625,53.125,53.125,118
6,143.202,106.875,53.125,53.125,118
7,143.202,247.5,34.375,34.375,91
1,143.392,132.1875,53.125,53.125,118
3,143.392,165.9375,53.125,53.125,118
6,143.392,132.1875,53.125,53.125,118
7,143.392,261.5625,32.8125,32.8125,51
1,143.581,120.9375,56.25,56.25,118
3,143.581,154.6875,56.25,56.25,118
6,143.581,120.9375,56.25,56.25,118
7,143.581,247.5,25,25,73
1,143.770,109.6875,69.53125,69.53125,118
3,143.770,143.4375,69.53125,69.53125,118
6,143.770,109.6875,69.53125,69.53125,118
7,143.770,255.9375,34.375,34.375,74
7,143.959,247.5,16.40625,16.40625,106
1,143.968,126.5625,48.4375,48.4375,118
3,143.968,160.3125,48.4375,48.4375,118
6,143.968,126.5625,48.4375,48.4375,118
1,144.148,146.25,48.4375,48.4375,118
3,144.148,180,48.4375,48.4375,118
6,144.148,146.25,48.4375,48.4375,118
7,144.148,253.125,31.25,31.25,76
1,144.337,129.375,76.5625,76.5625,118
3,144.337,163.125,76.5625,76.5625,118
6,144.337,129.375,76.5625,76.5625,118
7,144.337,247.5,40.625,40.625,98
7,144.527,255.9375,50.78125,50.78125,62
1,144.538,154.6875,72.65625,72.65625,118
3,144.538,188.4375,72.65625,72.65625,118
6,144.538,154.6875,72.65625,72.65625,118
1,144.716,140.625,50,50,118
3,144.716,174.375,50,50,118
6,144.716,140.625,50,50,118
7,144.716,247.5,31.25,31.25,66
1,144.905,151.875,59.375,59.375,118
3,144.905,185.625,59.375,59.375,118
6,144.905,151.875,59.375,59.375,118
7,144.905,261.5625,20.3125,20.3125,70
1,145.094,160.3125,48.4375,48.4375,118
3,145.094,194.0625,48.4375,48.4375,118
6,145.094,160.3125,48.4375,48.4375,118
7,145.094,247.5,34.375,34.375,118
2,145.283,165.9375,55.46875,55.46875,1920
4,145.283,199.6875,56.25,56.25,1908
5,145.283,64.6875,92.96875,92.96875,1918
7,145.283,267.1875,44.53125,44.53125,80
1,145.293,98.4375,59.375,59.375,118
3,145.293,132.1875,59.375,59.375,118
6,145.293,98.4375,59.375,59.375,118
1,145.472,109.6875,79.6875,79.6875,118
3,145.472,143.4375,79.6875,79.6875,118
6,145.472,109.6875,79.6875,79.6875,118
7,145.491,247.5,43.75,43.75,67
1,145.660,151.875,53.125,53.125,118
3,145.660,185.625,53.125,53.125,118
6,145.660,151.875,53.125,53.125,118
7,145.662,261.5625,40.625,40.625,56
1,145.851,154.6875,59.375,59.375,118
3,145.851,188.4375,59.375,59.375,118
6,145.851,154.6875,59.375,59.375,118
7,145.851,247.5,31.25,31.25,74
1,146.040,160.3125,62.5,62.5,118
3,146.040,194.0625,62.5,62.5,118
6,146.040,160.3125,62.5,62.5,118
7,146.040,255.9375,34.375,34.375,75
1,146.229,165.9375,56.25,56.25,118
3,146.229,199.6875,56.25,56.25,118
6,146.229,165.9375,56.25,56.25,118
7,146.229,247.5,40.625,40.625,107
1,146.418,180,46.09375,46.09375,118
3,146.418,213.75,46.09375,46.09375,118
6,146.418,180,46.09375,46.09375,118
7,146.418,253.125,27.34375,27.34375,75
1,146.607,168.75,88.28125,88.28125,118
3,146.607,202.5,88.28125,88.28125,118
6,146.607,168.75,88.28125,88.28125,118
7,146.607,247.5,46.875,46.875,92
7,146.797,255.9375,43.75,43.75,76
1,146.817,165.9375,59.375,59.375,118
3,146.817,199.6875,59.375,59.375,118
6,146.817,165.9375,59.375,59.375,118
1,146.986,151.875,26.5625,26.5625,118
3,146.986,185.625,26.5625,26.5625,118
6,146.986,151.875,26.5625,26.5625,118
7,146.986,247.5,37.5,37.5,70
1,147.175,154.6875,46.875,46.875,118
3,147.175,188.4375,46.875,46.875,118
6,147.175,154.6875,46.875,46.875,118
7,147.175,261.5625,34.375,34.375,66
1,147.364,160.3125,59.375,59.375,118
3,147.364,194.0625,59.375,59.375,118
6,147.364,160.3125,59.375,59.375,118
7,147.364,247.5,43.75,43.75,62
1,147.553,154.6875,50,50,118
3,147.553,188.4375,50,50,118
6,147.553,154.6875,50,50,118
7,147.553,255.9375,34.375,34.375,36
1,147.742,118.125,66.40625,66.40625,118
3,147.742,151.875,66.40625,66.40625,118
6,147.742,118.125,66.40625,66.40625,118
7,147.742,247.5,40.625,40.625,53
1,147.932,174.375,66.40625,66.40625,118
3,147.932,208.125,66.40625,66.40625,118
6,147.932,174.375,66.40625,66.40625,118
7,147.932,261.5625,42.96875,42.96875,64
1,148.121,180,69.53125,69.53125,118
3,148.121,213.75,69.53125,69.53125,118
6,148.121,180,69.53125,69.53125,118
7,148.121,247.5,55.46875,55.46875,64
0,148.310,146.25,57.03125,57.03125,478
1,148.310,112.5,69.53125,69.53125,118
2,148.310,180,69.53125,69.53125,478
3,148.310,146.25,69.53125,69.53125,118
5,148.310,112.5,99.21875,99.21875,1438
7,148.310,267.1875,43.75,43.75,83
1,148.499,132.1875,59.375,59.375,118
3,148.499,165.9375,59.375,59.375,118
7,148.499,247.5,34.375,34.375,91
1,148.688,146.25,53.125,53.125,118
3,148.688,180,53.125,53.125,118
7,148.688,261.5625,32.8125,32.8125,51
1,148.877,154.6875,53.125,53.125,118
3,148.877,188.4375,53.125,53.125,118
7,148.877,247.5,25,25,73
0,149.067,165.9375,57.03125,57.03125,478
1,149.067,180,59.375,59.375,118
2,149.067,199.6875,69.53125,69.53125,478
3,149.067,213.75,59.375,59.375,118
7,149.067,255.9375,34.375,34.375,74
1,149.256,165.9375,59.375,59.375,118
3,149.256,199.6875,59.375,59.375,118
7,149.256,247.5,16.40625,16.40625,106
1,149.445,174.375,56.25,56.25,118
3,149.445,208.125,56.25,56.25,118
7,149.445,253.125,31.25,31.25,76
1,149.634,160.3125,59.375,59.375,118
3,149.634,194.0625,59.375,59.375,118
7,149.634,247.5,40.625,40.625,98
0,149.823,188.4375,57.03125,57.03125,478
1,149.823,154.6875,48.4375,48.4375,118
2,149.823,222.1875,69.53125,69.53125,478
3,149.823,188.4375,48.4375,48.4375,118
7,149.823,255.9375,50.78125,50.78125,62
1,150.012,160.3125,59.375,59.375,118
3,150.012,194.0625,59.375,59.375,118
7,150.012,247.5,31.25,31.25,66
1,150.202,165.9375,69.53125,69.53125,118
3,150.202,199.6875,69.53125,69.53125,118
7,150.202,261.5625,20.3125,20.3125,70
1,150.391,154.6875,69.53125,69.53125,118
3,150.391,188.4375,69.53125,69.53125,118
7,150.391,247.5,34.375,34.375,118
0,150.580,185.625,57.03125,57.03125,478
1,150.580,126.5625,59.375,59.375,118
2,150.580,219.375,69.53125,69.53125,478
3,150.580,160.3125,59.375,59.375,118
5,150.580,106.875,99.21875,99.21875,1918
7,150.580,267.1875,44.53125,44.53125,80
1,150.769,140.625,62.5,62.5,118
3,150.769,174.375,62.5,62.5,118
7,150.788,247.5,43.75,43.75,67
1,150.958,154.6875,56.25,56.25,118
3,150.958,188.4375,56.25,56.25,118
7,150.958,261.5625,40.625,40.625,56
1,151.148,165.9375,53.125,53.125,118
3,151.148,199.6875,53.125,53.125,118
7,151.148,247.5,31.25,31.25,74
0,151.337,188.4375,57.03125,57.03125,478
1,151.337,188.4375,69.53125,69.53125,118
2,151.337,222.1875,69.53125,69.53125,478
3,151.337,222.1875,69.53125,69.53125,118
7,151.337,255.9375,34.375,34.375,75
1,151.526,174.375,46.09375,46.09375,118
3,151.526,208.125,46.09375,46.09375,118
7,151.526,247.5,40.625,40.625,107
1,151.715,180,56.25,56.25,118
3,151.715,213.75,56.25,56.25,118
7,151.715,253.125,27.34375,27.34375,75
1,151.904,174.375,48.4375,48.4375,118
3,151.904,208.125,48.4375,48.4375,118
7,151.904,247.5,46.875,46.875,92
0,152.093,199.6875,53.90625,53.90625,478
1,152.093,165.9375,46.875,46.875,118
2,152.093,233.4375,66.40625,66.40625,478
3,152.093,199.6875,46.875,46.875,118
7,152.093,255.9375,43.75,43.75,76
1,152.283,160.3125,53.125,53.125,118
3,152.283,194.0625,53.125,53.125,118
7,152.283,247.5,37.5,37.5,70
1,152.472,165.9375,56.25,56.25,118
3,152.472,199.6875,56.25,56.25,118
7,152.472,261.5625,34.375,34.375,66
1,152.661,140.625,56.25,56.25,118
3,152.661,174.375,56.25,56.25,118
7,152.661,247.5,43.75,43.75,62
0,152.850,222.1875,50,50,478
1,152.850,154.6875,59.375,59.375,118
2,152.850,255.9375,62.5,62.5,478
3,152.850,188.4375,59.375,59.375,118
7,152.850,255.9375,34.375,34.375,36
1,153.039,174.375,50,50,118
3,153.039,208.125,50,50,118
7,153.039,247.5,40.625,40.625,53
7,153.228,261.5625,42.96875,42.96875,64
1,153.249,146.25,76.5625,76.5625,118
3,153.249,180,76.5625,76.5625,118
7,153.418,247.5,55.46875,55.46875,64
1,153.427,140.625,62.5,62.5,114
3,153.427,174.375,62.5,62.5,114
0,153.607,219.375,47.65625,47.65625,1438
1,153.607,101.25,44.53125,44.53125,118
2,153.607,253.125,69.53125,69.53125,1438
3,153.607,135,44.53125,44.53125,118
5,153.607,101.25,99.21875,99.21875,1438
7,153.607,267.1875,43.75,43.75,83
1,153.796,165.9375,56.25,56.25,118
3,153.796,199.6875,56.25,56.25,118
7,153.796,247.5,34.375,34.375,91
1,153.985,146.25,69.53125,69.53125,118
3,153.985,180,69.53125,69.53125,118
7,153.985,261.5625,32.8125,32.8125,51
1,154.174,180,50,50,118
3,154.174,213.75,50,50,118
7,154.174,247.5,25,25,73
1,154.363,165.9375,69.53125,69.53125,118
3,154.363,199.6875,69.53125,69.53125,118
7,154.363,255.9375,34.375,34.375,74
1,154.553,174.375,59.375,59.375,118
3,154.553,208.125,59.375,59.375,118
7,154.553,247.5,16.40625,16.40625,106
1,154.742,165.9375,40.625,40.625,118
3,154.742,199.6875,40.625,40.625,118
7,154.742,253.125,31.25,31.25,76
1,154.931,154.6875,72.65625,72.65625,118
3,154.931,188.4375,72.65625,72.65625,118
7,154.931,247.5,40.625,40.625,98
1,155.120,146.25,69.53125,69.53125,118
3,155.120,180,69.53125,69.53125,118
7,155.120,255.9375,50.78125,50.78125,62
1,155.309,160.3125,66.40625,66.40625,118
3,155.309,194.0625,66.40625,66.40625,118
7,155.309,247.5,31.25,31.25,66
1,155.498,165.9375,69.53125,69.53125,118
3,155.498,199.6875,69.53125,69.53125,118
7,155.498,261.5625,20.3125,20.3125,70
1,155.688,160.3125,72.65625,72.65625,118
3,155.688,194.0625,72.65625,72.65625,118
7,155.688,247.5,34.375,34.375,118
0,155.877,199.6875,44.53125,44.53125,1918
1,155.877,135,46.09375,46.09375,118
2,155.877,233.4375,63.28125,63.28125,1918
3,155.877,168.75,46.09375,46.09375,118
5,155.877,98.4375,88.28125,88.28125,1918
7,155.877,267.1875,44.53125,44.53125,80
1,156.066,168.75,59.375,59.375,118
3,156.066,202.5,59.375,59.375,118
7,156.085,247.5,43.75,43.75,67
1,156.255,154.6875,72.65625,72.65625,118
3,156.255,188.4375,72.65625,72.65625,118
7,156.255,261.5625,40.625,40.625,56
1,156.444,165.9375,53.125,53.125,118
3,156.444,199.6875,53.125,53.125,118
7,156.444,247.5,31.25,31.25,74
1,156.633,146.25,53.125,53.125,118
3,156.633,180,53.125,53.125,118
7,156.633,255.9375,34.375,34.375,75
1,156.823,174.375,62.5,62.5,118
3,156.823,208.125,62.5,62.5,118
7,156.823,247.5,40.625,40.625,107
1,157.012,180,79.6875,79.6875,118
3,157.012,213.75,79.6875,79.6875,118
7,157.012,253.125,27.34375,27.34375,75
1,157.201,154.6875,69.53125,69.53125,118
3,157.201,188.4375,69.53125,69.53125,118
7,157.201,247.5,46.875,46.875,92
1,157.390,165.9375,59.375,59.375,118
3,157.390,199.6875,59.375,59.375,118
7,157.390,255.9375,43.75,43.75,76
1,157.579,146.25,62.5,62.5,118
3,157.579,180,62.5,62.5,118
7,157.579,247.5,37.5,37.5,70
1,157.768,160.3125,59.375,59.375,118
3,157.768,194.0625,59.375,59.375,118
7,157.768,261.5625,34.375,34.375,66
1,157.958,165.9375,79.6875,79.6875,118
3,157.958,199.6875,79.6875,79.6875,118
7,157.958,247.5,43.75,43.75,62
1,158.147,135,99.21875,99.21875,118
3,158.147,168.75,99.21875,99.21875,118
7,158.147,255.9375,34.375,34.375,36
1,158.336,146.25,72.65625,72.65625,118
3,158.336,180,72.65625,72.65625,118
7,158.336,247.5,40.625,40.625,53
1,158.525,140.625,83.59375,83.59375,118
3,158.525,174.375,83.59375,83.59375,118
7,158.525,261.5625,42.96875,42.96875,64
7,158.714,247.5,55.46875,55.46875,64
1,158.725,120.9375,72.65625,72.65625,113
3,158.725,154.6875,72.65625,72.65625,113
2,158.904,180,59.375,59.375,478
4,158.904,213.75,59.375,59.375,478
5,158.904,126.5625,92.96875,92.96875,1438
7,158.904,267.1875,43.75,43.75,83
1,158.915,101.25,79.6875,79.6875,118
3,158.915,135,79.6875,79.6875,118
6,158.915,101.25,79.6875,79.6875,118
1,159.093,135,59.375,59.375,118
3,159.093,168.75,59.375,59.375,118
6,159.093,135,59.375,59.375,118
7,159.093,247.5,34.375,34.375,91
1,159.282,146.25,66.40625,66.40625,118
3,159.282,180,66.40625,66.40625,118
6,159.282,146.25,66.40625,66.40625,118
7,159.282,261.5625,32.8125,32.8125,51
1,159.471,154.6875,69.53125,69.53125,118
3,159.471,188.4375,69.53125,69.53125,118
6,159.471,154.6875,69.53125,69.53125,118
7,159.471,247.5,25,25,73
1,159.660,165.9375,66.40625,66.40625,118
2,159.660,188.4375,53.125,53.125,478
3,159.660,199.6875,66.40625,66.40625,118
4,159.660,222.1875,53.125,53.125,478
6,159.660,165.9375,66.40625,66.40625,118
7,159.660,255.9375,34.375,34.375,74
1,159.849,180,66.40625,66.40625,118
3,159.849,213.75,66.40625,66.40625,118
6,159.849,180,66.40625,66.40625,118
7,159.849,247.5,16.40625,16.40625,106
1,160.039,174.375,59.375,59.375,118
3,160.039,208.125,59.375,59.375,118
6,160.039,174.375,59.375,59.375,118
7,160.039,253.125,31.25,31.25,76
1,160.228,188.4375,76.5625,76.5625,118
3,160.228,222.1875,76.5625,76.5625,118
6,160.228,188.4375,76.5625,76.5625,118
7,160.228,247.5,40.625,40.625,98
1,160.417,168.75,56.25,56.25,118
2,160.417,208.125,56.25,56.25,478
3,160.417,202.5,56.25,56.25,118
4,160.417,241.875,56.25,56.25,478
6,160.417,168.75,56.25,56.25,118
7,160.417,255.9375,50.78125,50.78125,62
1,160.606,174.375,59.375,59.375,118
3,160.606,208.125,59.375,59.375,118
6,160.606,174.375,59.375,59.375,118
7,160.606,247.5,31.25,31.25,66
1,160.795,180,56.25,56.25,118
3,160.795,213.75,56.25,56.25,118
6,160.795,180,56.25,56.25,118
7,160.795,261.5625,20.3125,20.3125,70
1,160.984,160.3125,69.53125,69.53125,118
3,160.984,194.0625,69.53125,69.53125,118
6,160.984,160.3125,69.53125,69.53125,118
7,160.984,247.5,34.375,34.375,118
1,161.174,165.9375,53.125,53.125,118
2,161.174,199.6875,62.5,62.5,478
3,161.174,199.6875,53.125,53.125,118
4,161.174,233.4375,62.5,62.5,478
6,161.174,165.9375,53.125,53.125,118
7,161.174,267.1875,44.53125,44.53125,80
5,161.185,92.8125,88.28125,88.28125,1913
1,161.363,168.75,66.40625,66.40625,118
3,161.363,202.5,66.40625,66.40625,118
6,161.363,168.75,66.40625,66.40625,118
7,161.382,247.5,43.75,43.75,67
1,161.552,154.6875,72.65625,72.65625,118
3,161.552,188.4375,72.65625,72.65625,118
6,161.552,154.6875,72.65625,72.65625,118
7,161.552,261.5625,40.625,40.625,56
1,161.741,160.3125,76.5625,76.5625,118
3,161.741,194.0625,76.5625,76.5625,118
6,161.741,160.3125,76.5625,76.5625,118
7,161.741,247.5,31.25,31.25,74
1,161.930,146.25,69.53125,69.53125,118
2,161.930,202.5,56.25,56.25,478
3,161.930,180,69.53125,69.53125,118
4,161.930,236.25,56.25,56.25,478
6,161.930,146.25,69.53125,69.53125,118
7,161.930,255.9375,34.375,34.375,75
1,162.119,154.6875,76.5625,76.5625,118
3,162.119,188.4375,76.5625,76.5625,118
6,162.119,154.6875,76.5625,76.5625,118
7,162.119,247.5,40.625,40.625,107
1,162.309,135,59.375,59.375,118
3,162.309,168.75,59.375,59.375,118
6,162.309,135,59.375,59.375,118
7,162.309,253.125,27.34375,27.34375,75
1,162.498,146.25,69.53125,69.53125,118
3,162.498,180,69.53125,69.53125,118
6,162.498,146.25,69.53125,69.53125,118
7,162.498,247.5,46.875,46.875,92
1,162.687,143.4375,72.65625,72.65625,118
2,162.687,219.375,48.4375,48.4375,478
3,162.687,177.1875,72.65625,72.65625,118
4,162.687,253.125,48.4375,48.4375,478
6,162.687,143.4375,72.65625,72.65625,118
7,162.687,255.9375,43.75,43.75,76
1,162.876,146.25,72.65625,72.65625,118
3,162.876,180,72.65625,72.65625,118
6,162.876,146.25,72.65625,72.65625,118
7,162.876,247.5,37.5,37.5,70
7,163.065,261.5625,34.375,34.375,66
1,163.076,137.8125,72.65625,72.65625,118
3,163.076,171.5625,72.65625,72.65625,118
6,163.076,137.8125,72.65625,72.65625,118
1,163.254,140.625,92.96875,92.96875,118
3,163.254,174.375,92.96875,92.96875,118
6,163.254,140.625,92.96875,92.96875,118
7,163.254,247.5,43.75,43.75,62
2,163.444,222.1875,53.125,53.125,480
4,163.444,255.9375,53.125,53.125,478
7,163.444,255.9375,34.375,34.375,36
1,163.455,135,72.65625,72.65625,118
3,163.455,168.75,72.65625,72.65625,118
6,163.455,135,72.65625,72.65625,118
7,163.633,247.5,40.625,40.625,53
1,163.644,140.625,72.65625,72.65625,118
3,163.644,174.375,72.65625,72.65625,118
6,163.644,140.625,72.65625,72.65625,118
7,163.822,261.5625,42.96875,42.96875,64
1,163.833,146.25,72.65625,72.65625,118
3,163.833,180,72.65625,72.65625,118
6,163.833,146.25,72.65625,72.65625,118
7,164.011,247.5,55.46875,55.46875,64
1,164.022,154.6875,69.53125,69.53125,113
3,164.022,188.4375,69.53125,69.53125,113
6,164.022,154.6875,69.53125,69.53125,113
1,164.200,98.4375,83.59375,83.59375,118
3,164.200,132.1875,83.59375,83.59375,118
6,164.200,98.4375,83.59375,83.59375,118
7,164.200,267.1875,43.75,43.75,83
5,164.210,98.4375,92.96875,92.96875,1434
4,164.211,247.5,52.34375,52.34375,3353
2,164.218,213.75,52.34375,52.34375,3109
1,164.389,106.875,53.125,53.125,118
3,164.389,140.625,53.125,53.125,118
6,164.389,106.875,53.125,53.125,118
7,164.389,247.5,34.375,34.375,91
1,164.579,132.1875,53.125,53.125,118
3,164.579,165.9375,53.125,53.125,118
6,164.579,132.1875,53.125,53.125,118
7,164.579,261.5625,32.8125,32.8125,51
1,164.768,120.9375,56.25,56.25,118
3,164.768,154.6875,56.25,56.25,118
6,164.768,120.9375,56.25,56.25,118
7,164.768,247.5,25,25,73
1,164.957,109.6875,69.53125,69.53125,118
3,164.957,143.4375,69.53125,69.53125,118
6,164.957,109.6875,69.53125,69.53125,118
7,164.957,255.9375,34.375,34.375,74
7,165.146,247.5,16.40625,16.40625,106
1,165.156,126.5625,48.4375,48.4375,118
3,165.156,160.3125,48.4375,48.4375,118
6,165.156,126.5625,48.4375,48.4375,118
1,165.335,146.25,48.4375,48.4375,118
3,165.335,180,48.4375,48.4375,118
6,165.335,146.25,48.4375,48.4375,118
7,165.335,253.125,31.25,31.25,76
1,165.524,129.375,76.5625,76.5625,118
3,165.524,163.125,76.5625,76.5625,118
6,165.524,129.375,76.5625,76.5625,118
7,165.524,247.5,40.625,40.625,98
7,165.714,255.9375,50.78125,50.78125,62
1,165.725,154.6875,72.65625,72.65625,118
3,165.725,188.4375,72.65625,72.65625,118
6,165.725,154.6875,72.65625,72.65625,118
1,165.903,140.625,50,50,118
3,165.903,174.375,50,50,118
6,165.903,140.625,50,50,118
7,165.903,247.5,31.25,31.25,66
1,166.092,151.875,59.375,59.375,118
3,166.092,185.625,59.375,59.375,118
6,166.092,151.875,59.375,59.375,118
7,166.092,261.5625,20.3125,20.3125,70
1,166.281,160.3125,48.4375,48.4375,118
3,166.281,194.0625,48.4375,48.4375,118
6,166.281,160.3125,48.4375,48.4375,118
7,166.281,247.5,34.375,34.375,118
1,166.470,112.5,69.53125,69.53125,118
3,166.470,146.25,69.53125,69.53125,118
5,166.470,78.75,99.21875,99.21875,1918
6,166.470,112.5,69.53125,69.53125,118
7,166.470,267.1875,44.53125,44.53125,80
1,166.660,132.1875,76.5625,76.5625,118
3,166.660,165.9375,76.5625,76.5625,118
6,166.660,132.1875,76.5625,76.5625,118
7,166.678,247.5,43.75,43.75,67
1,166.849,168.75,79.6875,79.6875,118
3,166.849,202.5,79.6875,79.6875,118
6,166.849,168.75,79.6875,79.6875,118
7,166.849,261.5625,40.625,40.625,56
1,167.038,165.9375,76.5625,76.5625,118
3,167.038,199.6875,76.5625,76.5625,118
6,167.038,165.9375,76.5625,76.5625,118
7,167.038,247.5,31.25,31.25,74
1,167.227,146.25,76.5625,76.5625,118
3,167.227,180,76.5625,76.5625,118
6,167.227,146.25,76.5625,76.5625,118
7,167.227,255.9375,34.375,34.375,75
1,167.416,174.375,79.6875,79.6875,118
3,167.416,208.125,79.6875,79.6875,118
6,167.416,174.375,79.6875,79.6875,118
7,167.416,247.5,40.625,40.625,107
1,167.605,160.3125,76.5625,76.5625,118
3,167.605,194.0625,76.5625,76.5625,118
6,167.605,160.3125,76.5625,76.5625,118
7,167.605,253.125,27.34375,27.34375,75
1,167.795,165.9375,66.40625,66.40625,118
3,167.795,199.6875,66.40625,66.40625,118
6,167.795,165.9375,66.40625,66.40625,118
7,167.795,247.5,46.875,46.875,92
1,167.984,132.1875,79.6875,79.6875,118
3,167.984,165.9375,79.6875,79.6875,118
6,167.984,132.1875,79.6875,79.6875,118
7,167.984,255.9375,43.75,43.75,76
1,168.173,135,76.5625,76.5625,118
3,168.173,168.75,76.5625,76.5625,118
6,168.173,135,76.5625,76.5625,118
7,168.173,247.5,37.5,37.5,70
1,168.362,143.4375,92.96875,92.96875,118
3,168.362,177.1875,92.96875,92.96875,118
6,168.362,143.4375,92.96875,92.96875,118
7,168.362,261.5625,34.375,34.375,66
1,168.551,160.3125,79.6875,79.6875,118
3,168.551,194.0625,79.6875,79.6875,118
6,168.551,160.3125,79.6875,79.6875,118
7,168.551,247.5,43.75,43.75,62
7,168.740,255.9375,34.375,34.375,36
1,168.751,180,76.5625,76.5625,118
3,168.751,213.75,76.5625,76.5625,118
6,168.751,180,76.5625,76.5625,118
1,168.930,196.875,72.65625,72.65625,118
3,168.930,230.625,72.65625,72.65625,118
6,168.930,196.875,72.65625,72.65625,118
7,168.930,247.5,40.625,40.625,53
7,169.119,261.5625,42.96875,42.96875,64
1,169.130,213.75,76.5625,76.5625,118
3,169.130,247.5,76.5625,76.5625,118
6,169.130,213.75,76.5625,76.5625,118
1,169.308,180,72.65625,72.65625,118
3,169.308,213.75,72.65625,72.65625,118
6,169.308,180,72.65625,72.65625,118
7,169.308,247.5,55.46875,55.46875,64
0,169.497,146.25,72.65625,72.65625,478
1,169.497,112.5,69.53125,69.53125,118
2,169.497,180,72.65625,72.65625,478
3,169.497,146.25,69.53125,69.53125,118
5,169.497,112.5,99.21875,99.21875,1438
7,169.497,267.1875,43.75,43.75,83
8,169.544,233.4375,39.84375,39.84375,5465
9,169.544,233.4375,39.84375,39.84375,5465
1,169.686,132.1875,59.375,59.375,118
3,169.686,165.9375,59.375,59.375,118
7,169.686,247.5,34.375,34.375,91
1,169.875,146.25,53.125,53.125,118
3,169.875,180,53.125,53.125,118
7,169.875,261.5625,32.8125,32.8125,51
1,170.065,154.6875,53.125,53.125,118
3,170.065,188.4375,53.125,53.125,118
7,170.065,247.5,25,25,73
0,170.254,154.6875,56.25,56.25,478
1,170.254,180,59.375,59.375,118
2,170.254,188.4375,56.25,56.25,478
3,170.254,213.75,59.375,59.375,118
7,170.254,255.9375,34.375,34.375,74
1,170.443,165.9375,59.375,59.375,118
3,170.443,199.6875,59.375,59.375,118
7,170.443,247.5,16.40625,16.40625,106
1,170.632,174.375,56.25,56.25,118
3,170.632,208.125,56.25,56.25,118
7,170.632,253.125,31.25,31.25,76
1,170.821,160.3125,59.375,59.375,118
3,170.821,194.0625,59.375,59.375,118
7,170.821,247.5,40.625,40.625,98
0,171.010,174.375,48.4375,48.4375,478
1,171.010,154.6875,48.4375,48.4375,118
2,171.010,208.125,48.4375,48.4375,478
3,171.010,188.4375,48.4375,48.4375,118
7,171.010,255.9375,50.78125,50.78125,62
1,171.200,160.3125,59.375,59.375,118
3,171.200,194.0625,59.375,59.375,118
7,171.200,247.5,31.25,31.25,66
1,171.389,165.9375,69.53125,69.53125,118
3,171.389,199.6875,69.53125,69.53125,118
7,171.389,261.5625,20.3125,20.3125,70
1,171.578,154.6875,69.53125,69.53125,118
3,171.578,188.4375,69.53125,69.53125,118
7,171.578,247.5,34.375,34.375,118
0,171.767,160.3125,48.4375,48.4375,478
2,171.767,194.0625,48.4375,48.4375,478
5,171.767,106.875,99.21875,99.21875,1918
7,171.767,267.1875,44.53125,44.53125,80
1,171.777,132.1875,59.375,59.375,118
3,171.777,165.9375,59.375,59.375,118
1,171.956,135,62.5,62.5,118
3,171.956,168.75,62.5,62.5,118
7,171.975,247.5,43.75,43.75,67
1,172.145,154.6875,56.25,56.25,118
3,172.145,188.4375,56.25,56.25,118
7,172.145,261.5625,40.625,40.625,56
1,172.335,165.9375,53.125,53.125,118
3,172.335,199.6875,53.125,53.125,118
7,172.335,247.5,31.25,31.25,74
0,172.524,165.9375,48.4375,48.4375,478
2,172.524,199.6875,48.4375,48.4375,478
7,172.524,255.9375,34.375,34.375,75
1,172.533,188.4375,69.53125,69.53125,118
3,172.533,222.1875,69.53125,69.53125,118
1,172.713,174.375,46.09375,46.09375,118
3,172.713,208.125,46.09375,46.09375,118
7,172.713,247.5,40.625,40.625,107
1,172.902,180,56.25,56.25,118
3,172.902,213.75,56.25,56.25,118
7,172.902,253.125,27.34375,27.34375,75
1,173.091,174.375,48.4375,48.4375,118
3,173.091,208.125,48.4375,48.4375,118
7,173.091,247.5,46.875,46.875,92
0,173.280,154.6875,36.71875,36.71875,478
1,173.280,165.9375,46.875,46.875,118
2,173.280,188.4375,36.71875,36.71875,478
3,173.280,199.6875,46.875,46.875,118
7,173.280,255.9375,43.75,43.75,76
1,173.470,160.3125,53.125,53.125,118
3,173.470,194.0625,53.125,53.125,118
7,173.470,247.5,37.5,37.5,70
1,173.659,165.9375,56.25,56.25,118
3,173.659,199.6875,56.25,56.25,118
7,173.659,261.5625,34.375,34.375,66
1,173.848,140.625,56.25,56.25,118
3,173.848,174.375,56.25,56.25,118
7,173.848,247.5,43.75,43.75,62
0,174.037,160.3125,34.375,34.375,478
1,174.037,154.6875,59.375,59.375,118
2,174.037,194.0625,34.375,34.375,478
3,174.037,188.4375,59.375,59.375,118
7,174.037,255.9375,34.375,34.375,36
1,174.226,174.375,50,50,118
3,174.226,208.125,50,50,118
7,174.226,247.5,40.625,40.625,53
7,174.416,261.5625,42.96875,42.96875,64
1,174.436,146.25,76.5625,76.5625,118
3,174.436,180,76.5625,76.5625,118
7,174.605,247.5,55.46875,55.46875,64
1,174.614,140.625,62.5,62.5,114
3,174.614,174.375,62.5,62.5,114
0,174.794,146.25,46.875,46.875,2864
1,174.794,101.25,44.53125,44.53125,118
2,174.794,180,46.875,46.875,2864
3,174.794,135,44.53125,44.53125,118
5,174.794,101.25,99.21875,99.21875,1438
7,174.794,267.1875,43.75,43.75,83
1,174.983,165.9375,56.25,56.25,118
3,174.983,199.6875,56.25,56.25,118
7,174.983,247.5,34.375,34.375,91
1,175.172,146.25,69.53125,69.53125,118
3,175.172,180,69.53125,69.53125,118
7,175.172,261.5625,32.8125,32.8125,51
1,175.361,180,50,50,118
3,175.361,213.75,50,50,118
7,175.361,247.5,25,25,73
1,175.551,165.9375,69.53125,69.53125,118
3,175.551,199.6875,69.53125,69.53125,118
7,175.551,255.9375,34.375,34.375,74
1,175.740,174.375,59.375,59.375,118
3,175.740,208.125,59.375,59.375,118
7,175.740,247.5,16.40625,16.40625,106
1,175.929,165.9375,40.625,40.625,118
3,175.929,199.6875,40.625,40.625,118
7,175.929,253.125,31.25,31.25,76
1,176.118,154.6875,72.65625,72.65625,118
3,176.118,188.4375,72.65625,72.65625,118
7,176.118,247.5,40.625,40.625,98
1,176.307,146.25,69.53125,69.53125,118
3,176.307,180,69.53125,69.53125,118
7,176.307,255.9375,50.78125,50.78125,62
1,176.496,160.3125,66.40625,66.40625,118
3,176.496,194.0625,66.40625,66.40625,118
7,176.496,247.5,31.25,31.25,66
1,176.686,165.9375,69.53125,69.53125,118
3,176.686,199.6875,69.53125,69.53125,118
7,176.686,261.5625,20.3125,20.3125,70
1,176.875,160.3125,72.65625,72.65625,118
3,176.875,194.0625,72.65625,72.65625,118
7,176.875,247.5,34.375,34.375,118
1,177.064,135,46.09375,46.09375,118
3,177.064,168.75,46.09375,46.09375,118
5,177.064,98.4375,96.09375,96.09375,1908
7,177.064,267.1875,44.53125,44.53125,80
1,177.253,168.75,59.375,59.375,118
3,177.253,202.5,59.375,59.375,118
7,177.272,247.5,43.75,43.75,67
1,177.442,154.6875,72.65625,72.65625,118
3,177.442,188.4375,72.65625,72.65625,118
7,177.442,261.5625,40.625,40.625,56
1,177.631,165.9375,53.125,53.125,118
3,177.631,199.6875,53.125,53.125,118
7,177.631,247.5,31.25,31.25,74
1,177.821,146.25,53.125,53.125,118
3,177.821,180,53.125,53.125,118
7,177.821,255.9375,34.375,34.375,75
1,178.010,174.375,62.5,62.5,118
3,178.010,208.125,62.5,62.5,118
7,178.010,247.5,40.625,40.625,107
1,178.199,180,79.6875,79.6875,118
3,178.199,213.75,79.6875,79.6875,118
7,178.199,253.125,27.34375,27.34375,75
1,178.388,154.6875,69.53125,69.53125,118
3,178.388,188.4375,69.53125,69.53125,118
7,178.388,247.5,46.875,46.875,92
1,178.577,165.9375,59.375,59.375,118
3,178.577,199.6875,59.375,59.375,118
7,178.577,255.9375,43.75,43.75,76
1,178.766,146.25,62.5,62.5,118
3,178.766,180,62.5,62.5,118
7,178.766,247.5,37.5,37.5,70
1,178.956,160.3125,59.375,59.375,118
3,178.956,194.0625,59.375,59.375,118
7,178.956,261.5625,34.375,34.375,66
1,179.145,165.9375,79.6875,79.6875,118
3,179.145,199.6875,79.6875,79.6875,118
7,179.145,247.5,43.75,43.75,62
1,179.334,135,99.21875,99.21875,118
3,179.334,168.75,99.21875,99.21875,118
7,179.334,255.9375,34.375,34.375,36
1,179.523,146.25,72.65625,72.65625,118
3,179.523,180,72.65625,72.65625,118
7,179.523,247.5,40.625,40.625,53
1,179.712,140.625,83.59375,83.59375,118
3,179.712,174.375,83.59375,83.59375,118
7,179.712,261.5625,42.96875,42.96875,64
7,179.901,247.5,55.46875,55.46875,64
1,179.913,120.9375,72.65625,72.65625,113
3,179.913,154.6875,72.65625,72.65625,113
2,180.091,180,59.375,59.375,478
4,180.091,213.75,59.375,59.375,478
5,180.091,112.5,99.21875,99.21875,1438
7,180.091,267.1875,43.75,43.75,83
1,180.102,101.25,79.6875,79.6875,118
3,180.102,135,79.6875,79.6875,118
6,180.102,101.25,79.6875,79.6875,118
8,180.108,219.375,44.53125,44.53125,947
9,180.108,219.375,44.53125,44.53125,947
1,180.280,135,59.375,59.375,118
3,180.280,168.75,59.375,59.375,118
6,180.280,135,59.375,59.375,118
7,180.280,247.5,34.375,34.375,91
1,180.469,146.25,66.40625,66.40625,118
3,180.469,180,66.40625,66.40625,118
6,180.469,146.25,66.40625,66.40625,118
7,180.469,261.5625,32.8125,32.8125,51
1,180.658,154.6875,69.53125,69.53125,118
3,180.658,188.4375,69.53125,69.53125,118
6,180.658,154.6875,69.53125,69.53125,118
7,180.658,247.5,25,25,73
1,180.847,165.9375,66.40625,66.40625,118
2,180.847,188.4375,56.25,56.25,478
3,180.847,199.6875,66.40625,66.40625,118
4,180.847,222.1875,56.25,56.25,478
6,180.847,165.9375,66.40625,66.40625,118
7,180.847,255.9375,34.375,34.375,74
1,181.036,180,66.40625,66.40625,118
3,181.036,213.75,66.40625,66.40625,118
6,181.036,180,66.40625,66.40625,118
7,181.036,247.5,16.40625,16.40625,106
1,181.226,174.375,59.375,59.375,118
3,181.226,208.125,59.375,59.375,118
6,181.226,174.375,59.375,59.375,118
7,181.226,253.125,31.25,31.25,76
1,181.415,188.4375,76.5625,76.5625,118
3,181.415,222.1875,76.5625,76.5625,118
6,181.415,188.4375,76.5625,76.5625,118
7,181.415,247.5,40.625,40.625,98
1,181.604,168.75,56.25,56.25,118
2,181.604,208.125,69.53125,69.53125,478
3,181.604,202.5,56.25,56.25,118
4,181.604,241.875,69.53125,69.53125,478
6,181.604,168.75,56.25,56.25,118
7,181.604,255.9375,50.78125,50.78125,62
1,181.793,174.375,59.375,59.375,118
3,181.793,208.125,59.375,59.375,118
6,181.793,174.375,59.375,59.375,118
7,181.793,247.5,31.25,31.25,66
1,181.982,180,56.25,56.25,118
3,181.982,213.75,56.25,56.25,118
6,181.982,180,56.25,56.25,118
7,181.982,261.5625,20.3125,20.3125,70
1,182.172,160.3125,69.53125,69.53125,118
3,182.172,194.0625,69.53125,69.53125,118
6,182.172,160.3125,69.53125,69.53125,118
7,182.172,247.5,34.375,34.375,118
1,182.361,165.9375,53.125,53.125,118
2,182.361,194.0625,72.65625,72.65625,478
3,182.361,199.6875,53.125,53.125,118
4,182.361,227.8125,72.65625,72.65625,478
5,182.361,106.875,99.21875,99.21875,1918
6,182.361,165.9375,53.125,53.125,118
7,182.361,267.1875,44.53125,44.53125,80
8,182.361,219.375,22.65625,22.65625,36
9,182.361,219.375,22.65625,22.65625,36
1,182.550,168.75,66.40625,66.40625,118
3,182.550,202.5,66.40625,66.40625,118
6,182.550,168.75,66.40625,66.40625,118
8,182.550,219.375,42.1875,42.1875,51
9,182.550,219.375,42.1875,42.1875,51
7,182.569,247.5,43.75,43.75,67
1,182.739,154.6875,72.65625,72.65625,118
3,182.739,188.4375,72.65625,72.65625,118
6,182.739,154.6875,72.65625,72.65625,118
7,182.739,261.5625,40.625,40.625,56
8,182.739,219.375,21.875,21.875,36
9,182.739,219.375,21.875,21.875,36
1,182.928,160.3125,76.5625,76.5625,118
3,182.928,194.0625,76.5625,76.5625,118
6,182.928,160.3125,76.5625,76.5625,118
7,182.928,247.5,31.25,31.25,74
8,182.928,219.375,26.5625,26.5625,38
9,182.928,219.375,26.5625,26.5625,38
1,183.117,146.25,69.53125,69.53125,118
2,183.117,199.6875,66.40625,66.40625,478
3,183.117,180,69.53125,69.53125,118
4,183.117,233.4375,66.40625,66.40625,478
6,183.117,146.25,69.53125,69.53125,118
7,183.117,255.9375,34.375,34.375,75
8,183.117,219.375,32.03125,32.03125,44
9,183.117,219.375,32.03125,32.03125,44
1,183.307,154.6875,76.5625,76.5625,118
3,183.307,188.4375,76.5625,76.5625,118
6,183.307,154.6875,76.5625,76.5625,118
7,183.307,247.5,40.625,40.625,107
8,183.307,219.375,38.28125,38.28125,41
9,183.307,219.375,38.28125,38.28125,41
1,183.496,135,59.375,59.375,118
3,183.496,168.75,59.375,59.375,118
6,183.496,135,59.375,59.375,118
7,183.496,253.125,27.34375,27.34375,75
8,183.496,219.375,40.625,40.625,45
9,183.496,219.375,40.625,40.625,45
1,183.685,146.25,69.53125,69.53125,118
3,183.685,180,69.53125,69.53125,118
6,183.685,146.25,69.53125,69.53125,118
7,183.685,247.5,46.875,46.875,92
8,183.685,219.375,40.625,40.625,43
9,183.685,219.375,40.625,40.625,43
1,183.874,143.4375,72.65625,72.65625,118
2,183.874,185.625,53.125,53.125,478
3,183.874,177.1875,72.65625,72.65625,118
4,183.874,219.375,53.125,53.125,478
6,183.874,143.4375,72.65625,72.65625,118
7,183.874,255.9375,43.75,43.75,76
8,183.874,219.375,54.6875,54.6875,44
9,183.874,219.375,54.6875,54.6875,44
1,184.063,146.25,72.65625,72.65625,118
3,184.063,180,72.65625,72.65625,118
6,184.063,146.25,72.65625,72.65625,118
7,184.063,247.5,37.5,37.5,70
8,184.063,219.375,39.0625,39.0625,45
9,184.063,219.375,39.0625,39.0625,45
7,184.252,261.5625,34.375,34.375,66
8,184.252,219.375,39.0625,39.0625,44
9,184.252,219.375,39.0625,39.0625,44
1,184.263,137.8125,72.65625,72.65625,118
3,184.263,171.5625,72.65625,72.65625,118
6,184.263,137.8125,72.65625,72.65625,118
1,184.442,140.625,92.96875,92.96875,118
3,184.442,174.375,92.96875,92.96875,118
6,184.442,140.625,92.96875,92.96875,118
7,184.442,247.5,43.75,43.75,62
8,184.442,219.375,45.3125,45.3125,45
9,184.442,219.375,45.3125,45.3125,45
2,184.631,188.4375,56.25,56.25,478
4,184.631,222.1875,56.25,56.25,478
7,184.631,255.9375,34.375,34.375,36
8,184.631,219.375,48.4375,48.4375,48
9,184.631,219.375,48.4375,48.4375,48
1,184.642,135,72.65625,72.65625,118
3,184.642,168.75,72.65625,72.65625,118
6,184.642,135,72.65625,72.65625,118
7,184.820,247.5,40.625,40.625,53
8,184.820,219.375,45.3125,45.3125,45
9,184.820,219.375,45.3125,45.3125,45
1,184.831,140.625,72.65625,72.65625,118
3,184.831,174.375,72.65625,72.65625,118
6,184.831,140.625,72.65625,72.65625,118
7,185.009,261.5625,42.96875,42.96875,64
8,185.009,219.375,48.4375,48.4375,47
9,185.009,219.375,48.4375,48.4375,47
1,185.020,146.25,72.65625,72.65625,118
3,185.020,180,72.65625,72.65625,118
6,185.020,146.25,72.65625,72.65625,118
7,185.198,247.5,55.46875,55.46875,64
8,185.198,219.375,45.3125,45.3125,47
9,185.198,219.375,45.3125,45.3125,47
1,185.209,154.6875,69.53125,69.53125,113
3,185.209,188.4375,69.53125,69.53125,113
6,185.209,154.6875,69.53125,69.53125,113
1,185.387,98.4375,83.59375,83.59375,118
2,185.387,185.625,50,50,1438
3,185.387,132.1875,83.59375,83.59375,118
4,185.387,219.375,50,50,1438
6,185.387,98.4375,83.59375,83.59375,118
7,185.387,267.1875,43.75,43.75,83
5,185.398,98.4375,99.21875,99.21875,1433
1,185.577,106.875,53.125,53.125,118
3,185.577,140.625,53.125,53.125,118
6,185.577,106.875,53.125,53.125,118
7,185.577,247.5,34.375,34.375,91
1,185.766,132.1875,53.125,53.125,118
3,185.766,165.9375,53.125,53.125,118
6,185.766,132.1875,53.125,53.125,118
7,185.766,261.5625,32.8125,32.8125,51
1,185.955,120.9375,56.25,56.25,118
3,185.955,154.6875,56.25,56.25,118
6,185.955,120.9375,56.25,56.25,118
7,185.955,247.5,25,25,73
1,186.144,109.6875,69.53125,69.53125,118
3,186.144,143.4375,69.53125,69.53125,118
6,186.144,109.6875,69.53125,69.53125,118
7,186.144,255.9375,34.375,34.375,74
8,186.160,241.875,50.78125,50.78125,587
9,186.160,241.875,50.78125,50.78125,587
7,186.333,247.5,16.40625,16.40625,106
1,186.343,126.5625,48.4375,48.4375,118
3,186.343,160.3125,48.4375,48.4375,118
6,186.343,126.5625,48.4375,48.4375,118
1,186.522,146.25,48.4375,48.4375,118
3,186.522,180,48.4375,48.4375,118
6,186.522,146.25,48.4375,48.4375,118
7,186.522,253.125,31.25,31.25,76
1,186.712,129.375,76.5625,76.5625,118
3,186.712,163.125,76.5625,76.5625,118
6,186.712,129.375,76.5625,76.5625,118
7,186.712,247.5,40.625,40.625,98
7,186.901,255.9375,50.78125,50.78125,62
1,186.912,154.6875,72.65625,72.65625,118
3,186.912,188.4375,72.65625,72.65625,118
6,186.912,154.6875,72.65625,72.65625,118
1,187.090,140.625,50,50,118
3,187.090,174.375,50,50,118
6,187.090,140.625,50,50,118
7,187.090,247.5,31.25,31.25,66
1,187.279,151.875,59.375,59.375,118
3,187.279,185.625,59.375,59.375,118
6,187.279,151.875,59.375,59.375,118
7,187.279,261.5625,20.3125,20.3125,70
1,187.468,160.3125,48.4375,48.4375,118
3,187.468,194.0625,48.4375,48.4375,118
6,187.468,160.3125,48.4375,48.4375,118
7,187.468,247.5,34.375,34.375,118
8,187.646,233.4375,50,50,177
9,187.646,233.4375,50,50,177
2,187.657,165.9375,55.46875,55.46875,1920
4,187.657,199.6875,56.25,56.25,1908
5,187.657,64.6875,92.96875,92.96875,1918
7,187.657,267.1875,44.53125,44.53125,80
1,187.667,98.4375,59.375,59.375,118
3,187.667,132.1875,59.375,59.375,118
6,187.667,98.4375,59.375,59.375,118
1,187.847,109.6875,79.6875,79.6875,118
3,187.847,143.4375,79.6875,79.6875,118
6,187.847,109.6875,79.6875,79.6875,118
7,187.866,247.5,43.75,43.75,67
1,188.034,151.875,53.125,53.125,118
3,188.034,185.625,53.125,53.125,118
6,188.034,151.875,53.125,53.125,118
7,188.036,261.5625,40.625,40.625,56
1,188.225,154.6875,59.375,59.375,118
3,188.225,188.4375,59.375,59.375,118
6,188.225,154.6875,59.375,59.375,118
7,188.225,247.5,31.25,31.25,74
1,188.414,160.3125,62.5,62.5,118
3,188.414,194.0625,62.5,62.5,118
6,188.414,160.3125,62.5,62.5,118
7,188.414,255.9375,34.375,34.375,75
8,188.414,233.4375,46.875,46.875,619
9,188.414,233.4375,46.875,46.875,619
1,188.603,165.9375,56.25,56.25,118
3,188.603,199.6875,56.25,56.25,118
6,188.603,165.9375,56.25,56.25,118
7,188.603,247.5,40.625,40.625,107
1,188.793,180,46.09375,46.09375,118
3,188.793,213.75,46.09375,46.09375,118
6,188.793,180,46.09375,46.09375,118
7,188.793,253.125,27.34375,27.34375,75
1,188.982,168.75,88.28125,88.28125,118
3,188.982,202.5,88.28125,88.28125,118
6,188.982,168.75,88.28125,88.28125,118
7,188.982,247.5,46.875,46.875,92
7,189.171,255.9375,43.75,43.75,76
1,189.191,165.9375,59.375,59.375,118
3,189.191,199.6875,59.375,59.375,118
6,189.191,165.9375,59.375,59.375,118
1,189.360,151.875,26.5625,26.5625,118
3,189.360,185.625,26.5625,26.5625,118
6,189.360,151.875,26.5625,26.5625,118
7,189.360,247.5,37.5,37.5,70
1,189.549,154.6875,46.875,46.875,118
3,189.549,188.4375,46.875,46.875,118
6,189.549,154.6875,46.875,46.875,118
7,189.549,261.5625,34.375,34.375,66
1,189.738,160.3125,59.375,59.375,118
3,189.738,194.0625,59.375,59.375,118
6,189.738,160.3125,59.375,59.375,118
7,189.738,247.5,43.75,43.75,62
1,189.928,154.6875,50,50,118
3,189.928,188.4375,50,50,118
6,189.928,154.6875,50,50,118
7,189.928,255.9375,34.375,34.375,36
1,190.117,118.125,66.40625,66.40625,118
3,190.117,151.875,66.40625,66.40625,118
6,190.117,118.125,66.40625,66.40625,118
7,190.117,247.5,40.625,40.625,53
1,190.306,174.375,66.40625,66.40625,118
3,190.306,208.125,66.40625,66.40625,118
6,190.306,174.375,66.40625,66.40625,118
7,190.306,261.5625,42.96875,42.96875,64
1,190.495,180,69.53125,69.53125,118
3,190.495,213.75,69.53125,69.53125,118
6,190.495,180,69.53125,69.53125,118
7,190.495,247.5,55.46875,55.46875,64
0,190.684,146.25,57.03125,57.03125,478
1,190.684,112.5,69.53125,69.53125,118
2,190.684,180,69.53125,69.53125,478
3,190.684,146.25,69.53125,69.53125,118
5,190.684,112.5,99.21875,99.21875,1438
7,190.684,267.1875,43.75,43.75,83
8,190.702,222.1875,47.65625,47.65625,5257
9,190.702,222.1875,47.65625,47.65625,5136
1,190.873,132.1875,59.375,59.375,118
3,190.873,165.9375,59.375,59.375,118
7,190.873,247.5,34.375,34.375,91
1,191.063,146.25,53.125,53.125,118
3,191.063,180,53.125,53.125,118
7,191.063,261.5625,32.8125,32.8125,51
1,191.252,154.6875,53.125,53.125,118
3,191.252,188.4375,53.125,53.125,118
7,191.252,247.5,25,25,73
0,191.441,165.9375,57.03125,57.03125,478
1,191.441,180,59.375,59.375,118
2,191.441,199.6875,69.53125,69.53125,478
3,191.441,213.75,59.375,59.375,118
7,191.441,255.9375,34.375,34.375,74
1,191.630,165.9375,59.375,59.375,118
3,191.630,199.6875,59.375,59.375,118
7,191.630,247.5,16.40625,16.40625,106
1,191.819,174.375,56.25,56.25,118
3,191.819,208.125,56.25,56.25,118
7,191.819,253.125,31.25,31.25,76
1,192.008,160.3125,59.375,59.375,118
3,192.008,194.0625,59.375,59.375,118
7,192.008,247.5,40.625,40.625,98
0,192.198,188.4375,57.03125,57.03125,478
1,192.198,154.6875,48.4375,48.4375,118
2,192.198,222.1875,69.53125,69.53125,478
3,192.198,188.4375,48.4375,48.4375,118
7,192.198,255.9375,50.78125,50.78125,62
1,192.387,160.3125,59.375,59.375,118
3,192.387,194.0625,59.375,59.375,118
7,192.387,247.5,31.25,31.25,66
1,192.576,165.9375,69.53125,69.53125,118
3,192.576,199.6875,69.53125,69.53125,118
7,192.576,261.5625,20.3125,20.3125,70
1,192.765,154.6875,69.53125,69.53125,118
3,192.765,188.4375,69.53125,69.53125,118
7,192.765,247.5,34.375,34.375,118
0,192.954,185.625,57.03125,57.03125,478
1,192.954,126.5625,59.375,59.375,118
2,192.954,219.375,69.53125,69.53125,478
3,192.954,160.3125,59.375,59.375,118
5,192.954,106.875,99.21875,99.21875,1918
7,192.954,267.1875,44.53125,44.53125,80
1,193.143,140.625,62.5,62.5,118
3,193.143,174.375,62.5,62.5,118
7,193.162,247.5,43.75,43.75,67
1,193.333,154.6875,56.25,56.25,118
3,193.333,188.4375,56.25,56.25,118
7,193.333,261.5625,40.625,40.625,56
1,193.522,165.9375,53.125,53.125,118
3,193.522,199.6875,53.125,53.125,118
7,193.522,247.5,31.25,31.25,74
0,193.711,188.4375,57.03125,57.03125,478
1,193.711,188.4375,69.53125,69.53125,118
2,193.711,222.1875,69.53125,69.53125,478
3,193.711,222.1875,69.53125,69.53125,118
7,193.711,255.9375,34.375,34.375,75
1,193.900,174.375,46.09375,46.09375,118
3,193.900,208.125,46.09375,46.09375,118
7,193.900,247.5,40.625,40.625,107
1,194.089,180,56.25,56.25,118
3,194.089,213.75,56.25,56.25,118
7,194.089,253.125,27.34375,27.34375,75
1,194.278,174.375,48.4375,48.4375,118
3,194.278,208.125,48.4375,48.4375,118
7,194.278,247.5,46.875,46.875,92
0,194.468,199.6875,53.90625,53.90625,478
1,194.468,165.9375,46.875,46.875,118
2,194.468,233.4375,66.40625,66.40625,478
3,194.468,199.6875,46.875,46.875,118
7,194.468,255.9375,43.75,43.75,76
1,194.657,160.3125,53.125,53.125,118
3,194.657,194.0625,53.125,53.125,118
7,194.657,247.5,37.5,37.5,70
1,194.846,165.9375,56.25,56.25,118
3,194.846,199.6875,56.25,56.25,118
7,194.846,261.5625,34.375,34.375,66
1,195.035,140.625,56.25,56.25,118
3,195.035,174.375,56.25,56.25,118
7,195.035,247.5,43.75,43.75,62
0,195.224,222.1875,50,50,478
1,195.224,154.6875,59.375,59.375,118
2,195.224,255.9375,62.5,62.5,478
3,195.224,188.4375,59.375,59.375,118
7,195.224,255.9375,34.375,34.375,36
1,195.413,174.375,50,50,118
3,195.413,208.125,50,50,118
7,195.413,247.5,40.625,40.625,53
7,195.603,261.5625,42.96875,42.96875,64
1,195.623,146.25,76.5625,76.5625,118
3,195.623,180,76.5625,76.5625,118
7,195.792,247.5,55.46875,55.46875,64
1,195.801,140.625,62.5,62.5,114
3,195.801,174.375,62.5,62.5,114
0,195.981,219.375,47.65625,47.65625,1438
1,195.981,101.25,44.53125,44.53125,118
2,195.981,253.125,69.53125,69.53125,1438
3,195.981,135,44.53125,44.53125,118
5,195.981,101.25,99.21875,99.21875,1438
7,195.981,267.1875,43.75,43.75,83
1,196.170,165.9375,56.25,56.25,118
3,196.170,199.6875,56.25,56.25,118
7,196.170,247.5,34.375,34.375,91
1,196.359,146.25,69.53125,69.53125,118
3,196.359,180,69.53125,69.53125,118
7,196.359,261.5625,32.8125,32.8125,51
1,196.549,180,50,50,118
3,196.549,213.75,50,50,118
7,196.549,247.5,25,25,73
1,196.738,165.9375,69.53125,69.53125,118
3,196.738,199.6875,69.53125,69.53125,118
7,196.738,255.9375,34.375,34.375,74
1,196.927,174.375,59.375,59.375,118
3,196.927,208.125,59.375,59.375,118
7,196.927,247.5,16.40625,16.40625,106
1,197.116,165.9375,40.625,40.625,118
3,197.116,199.6875,40.625,40.625,118
7,197.116,253.125,31.25,31.25,76
1,197.305,154.6875,72.65625,72.65625,118
3,197.305,188.4375,72.65625,72.65625,118
7,197.305,247.5,40.625,40.625,98
1,197.494,146.25,69.53125,69.53125,118
3,197.494,180,69.53125,69.53125,118
7,197.494,255.9375,50.78125,50.78125,62
1,197.684,160.3125,66.40625,66.40625,118
3,197.684,194.0625,66.40625,66.40625,118
7,197.684,247.5,31.25,31.25,66
1,197.873,165.9375,69.53125,69.53125,118
3,197.873,199.6875,69.53125,69.53125,118
7,197.873,261.5625,20.3125,20.3125,70
1,198.062,160.3125,72.65625,72.65625,118
3,198.062,194.0625,72.65625,72.65625,118
7,198.062,247.5,34.375,34.375,118
0,198.251,199.6875,44.53125,44.53125,1918
1,198.251,135,46.09375,46.09375,118
2,198.251,233.4375,63.28125,63.28125,1918
3,198.251,168.75,46.09375,46.09375,118
5,198.251,98.4375,88.28125,88.28125,1918
7,198.251,267.1875,44.53125,44.53125,80
1,198.440,168.75,59.375,59.375,118
3,198.440,202.5,59.375,59.375,118
7,198.459,247.5,43.75,43.75,67
1,198.629,154.6875,72.65625,72.65625,118
3,198.629,188.4375,72.65625,72.65625,118
7,198.629,261.5625,40.625,40.625,56
1,198.819,165.9375,53.125,53.125,118
3,198.819,199.6875,53.125,53.125,118
7,198.819,247.5,31.25,31.25,74
1,199.008,146.25,53.125,53.125,118
3,199.008,180,53.125,53.125,118
7,199.008,255.9375,34.375,34.375,75
1,199.197,174.375,62.5,62.5,118
3,199.197,208.125,62.5,62.5,118
7,199.197,247.5,40.625,40.625,107
1,199.386,180,79.6875,79.6875,118
3,199.386,213.75,79.6875,79.6875,118
7,199.386,253.125,27.34375,27.34375,75
1,199.575,154.6875,69.53125,69.53125,118
3,199.575,188.4375,69.53125,69.53125,118
7,199.575,247.5,46.875,46.875,92
1,199.764,165.9375,59.375,59.375,118
3,199.764,199.6875,59.375,59.375,118
7,199.764,255.9375,43.75,43.75,76
1,199.954,146.25,62.5,62.5,118
3,199.954,180,62.5,62.5,118
7,199.954,247.5,37.5,37.5,70
1,200.143,160.3125,59.375,59.375,118
3,200.143,194.0625,59.375,59.375,118
7,200.143,261.5625,34.375,34.375,66
1,200.332,165.9375,79.6875,79.6875,118
3,200.332,199.6875,79.6875,79.6875,118
7,200.332,247.5,43.75,43.75,62
1,200.521,135,99.21875,99.21875,118
3,200.521,168.75,99.21875,99.21875,118
7,200.521,255.9375,34.375,34.375,36
1,200.710,146.25,72.65625,72.65625,118
3,200.710,180,72.65625,72.65625,118
7,200.710,247.5,40.625,40.625,53
1,200.899,140.625,83.59375,83.59375,118
3,200.899,174.375,83.59375,83.59375,118
7,200.899,261.5625,42.96875,42.96875,64
7,201.089,247.5,55.46875,55.46875,64
1,201.100,120.9375,72.65625,72.65625,113
3,201.100,154.6875,72.65625,72.65625,113
2,201.278,180,59.375,59.375,478
4,201.278,213.75,59.375,59.375,478
5,201.278,126.5625,92.96875,92.96875,1438
7,201.278,267.1875,43.75,43.75,83
1,201.289,101.25,79.6875,79.6875,118
3,201.289,135,79.6875,79.6875,118
6,201.289,101.25,79.6875,79.6875,118
8,201.290,219.375,39.0625,39.0625,1184
9,201.290,219.375,39.0625,39.0625,1076
1,201.467,135,59.375,59.375,118
3,201.467,168.75,59.375,59.375,118
6,201.467,135,59.375,59.375,118
7,201.467,247.5,34.375,34.375,91
1,201.656,146.25,66.40625,66.40625,118
3,201.656,180,66.40625,66.40625,118
6,201.656,146.25,66.40625,66.40625,118
7,201.656,261.5625,32.8125,32.8125,51
1,201.845,154.6875,69.53125,69.53125,118
3,201.845,188.4375,69.53125,69.53125,118
6,201.845,154.6875,69.53125,69.53125,118
7,201.845,247.5,25,25,73
1,202.034,165.9375,66.40625,66.40625,118
2,202.034,188.4375,53.125,53.125,478
3,202.034,199.6875,66.40625,66.40625,118
4,202.034,222.1875,53.125,53.125,478
6,202.034,165.9375,66.40625,66.40625,118
7,202.034,255.9375,34.375,34.375,74
1,202.224,180,66.40625,66.40625,118
3,202.224,213.75,66.40625,66.40625,118
6,202.224,180,66.40625,66.40625,118
7,202.224,247.5,16.40625,16.40625,106
1,202.413,174.375,59.375,59.375,118
3,202.413,208.125,59.375,59.375,118
6,202.413,174.375,59.375,59.375,118
7,202.413,253.125,31.25,31.25,76
1,202.602,188.4375,76.5625,76.5625,118
3,202.602,222.1875,76.5625,76.5625,118
6,202.602,188.4375,76.5625,76.5625,118
7,202.602,247.5,40.625,40.625,98
1,202.791,168.75,56.25,56.25,118
2,202.791,208.125,56.25,56.25,478
3,202.791,202.5,56.25,56.25,118
4,202.791,241.875,56.25,56.25,478
6,202.791,168.75,56.25,56.25,118
7,202.791,255.9375,50.78125,50.78125,62
1,202.980,174.375,59.375,59.375,118
3,202.980,208.125,59.375,59.375,118
6,202.980,174.375,59.375,59.375,118
7,202.980,247.5,31.25,31.25,66
1,203.169,180,56.25,56.25,118
3,203.169,213.75,56.25,56.25,118
6,203.169,180,56.25,56.25,118
7,203.169,261.5625,20.3125,20.3125,70
1,203.359,160.3125,69.53125,69.53125,118
3,203.359,194.0625,69.53125,69.53125,118
6,203.359,160.3125,69.53125,69.53125,118
7,203.359,247.5,34.375,34.375,118
1,203.548,165.9375,53.125,53.125,118
2,203.548,199.6875,62.5,62.5,478
3,203.548,199.6875,53.125,53.125,118
4,203.548,233.4375,62.5,62.5,478
6,203.548,165.9375,53.125,53.125,118
7,203.548,267.1875,44.53125,44.53125,80
5,203.559,92.8125,88.28125,88.28125,1913
8,203.584,219.375,42.1875,42.1875,1404
9,203.584,219.375,42.1875,42.1875,1377
1,203.737,168.75,66.40625,66.40625,118
3,203.737,202.5,66.40625,66.40625,118
6,203.737,168.75,66.40625,66.40625,118
7,203.756,247.5,43.75,43.75,67
1,203.926,154.6875,72.65625,72.65625,118
3,203.926,188.4375,72.65625,72.65625,118
6,203.926,154.6875,72.65625,72.65625,118
7,203.926,261.5625,40.625,40.625,56
1,204.115,160.3125,76.5625,76.5625,118
3,204.115,194.0625,76.5625,76.5625,118
6,204.115,160.3125,76.5625,76.5625,118
7,204.115,247.5,31.25,31.25,74
1,204.305,146.25,69.53125,69.53125,118
2,204.305,202.5,56.25,56.25,478
3,204.305,180,69.53125,69.53125,118
4,204.305,236.25,56.25,56.25,478
6,204.305,146.25,69.53125,69.53125,118
7,204.305,255.9375,34.375,34.375,75
1,204.494,154.6875,76.5625,76.5625,118
3,204.494,188.4375,76.5625,76.5625,118
6,204.494,154.6875,76.5625,76.5625,118
7,204.494,247.5,40.625,40.625,107
1,204.683,135,59.375,59.375,118
3,204.683,168.75,59.375,59.375,118
6,204.683,135,59.375,59.375,118
7,204.683,253.125,27.34375,27.34375,75
1,204.872,146.25,69.53125,69.53125,118
3,204.872,180,69.53125,69.53125,118
6,204.872,146.25,69.53125,69.53125,118
7,204.872,247.5,46.875,46.875,92
1,205.061,143.4375,72.65625,72.65625,118
2,205.061,219.375,48.4375,48.4375,478
3,205.061,177.1875,72.65625,72.65625,118
4,205.061,253.125,48.4375,48.4375,478
6,205.061,143.4375,72.65625,72.65625,118
7,205.061,255.9375,43.75,43.75,76
1,205.250,146.25,72.65625,72.65625,118
3,205.250,180,72.65625,72.65625,118
6,205.250,146.25,72.65625,72.65625,118
7,205.250,247.5,37.5,37.5,70
7,205.440,261.5625,34.375,34.375,66
1,205.451,137.8125,72.65625,72.65625,118
3,205.451,171.5625,72.65625,72.65625,118
6,205.451,137.8125,72.65625,72.65625,118
1,205.629,140.625,92.96875,92.96875,118
3,205.629,174.375,92.96875,92.96875,118
6,205.629,140.625,92.96875,92.96875,118
7,205.629,247.5,43.75,43.75,62
2,205.818,222.1875,53.125,53.125,480
4,205.818,255.9375,53.125,53.125,478
7,205.818,255.9375,34.375,34.375,36
1,205.829,135,72.65625,72.65625,118
3,205.829,168.75,72.65625,72.65625,118
6,205.829,135,72.65625,72.65625,118
7,206.007,247.5,40.625,40.625,53
1,206.018,140.625,72.65625,72.65625,118
3,206.018,174.375,72.65625,72.65625,118
6,206.018,140.625,72.65625,72.65625,118
7,206.196,261.5625,42.96875,42.96875,64
1,206.207,146.25,72.65625,72.65625,118
3,206.207,180,72.65625,72.65625,118
6,206.207,146.25,72.65625,72.65625,118
7,206.385,247.5,55.46875,55.46875,64
1,206.396,154.6875,69.53125,69.53125,113
3,206.396,188.4375,69.53125,69.53125,113
6,206.396,154.6875,69.53125,69.53125,113
1,206.575,98.4375,83.59375,83.59375,118
3,206.575,132.1875,83.59375,83.59375,118
6,206.575,98.4375,83.59375,83.59375,118
7,206.575,267.1875,43.75,43.75,83
8,206.579,213.75,40.625,40.625,3357
9,206.579,213.75,40.625,40.625,3357
5,206.584,98.4375,92.96875,92.96875,1434
4,206.586,247.5,52.34375,52.34375,3353
2,206.592,213.75,52.34375,52.34375,3109
1,206.764,106.875,53.125,53.125,118
3,206.764,140.625,53.125,53.125,118
6,206.764,106.875,53.125,53.125,118
7,206.764,247.5,34.375,34.375,91
1,206.953,132.1875,53.125,53.125,118
3,206.953,165.9375,53.125,53.125,118
6,206.953,132.1875,53.125,53.125,118
7,206.953,261.5625,32.8125,32.8125,51
1,207.142,120.9375,56.25,56.25,118
3,207.142,154.6875,56.25,56.25,118
6,207.142,120.9375,56.25,56.25,118
7,207.142,247.5,25,25,73
1,207.331,109.6875,69.53125,69.53125,118
3,207.331,143.4375,69.53125,69.53125,118
6,207.331,109.6875,69.53125,69.53125,118
7,207.331,255.9375,34.375,34.375,74
7,207.520,247.5,16.40625,16.40625,106
1,207.530,126.5625,48.4375,48.4375,118
3,207.530,160.3125,48.4375,48.4375,118
6,207.530,126.5625,48.4375,48.4375,118
1,207.710,146.25,48.4375,48.4375,118
3,207.710,180,48.4375,48.4375,118
6,207.710,146.25,48.4375,48.4375,118
7,207.710,253.125,31.25,31.25,76
1,207.899,129.375,76.5625,76.5625,118
3,207.899,163.125,76.5625,76.5625,118
6,207.899,129.375,76.5625,76.5625,118
7,207.899,247.5,40.625,40.625,98
7,208.088,255.9375,50.78125,50.78125,62
1,208.099,154.6875,72.65625,72.65625,118
3,208.099,188.4375,72.65625,72.65625,118
6,208.099,154.6875,72.65625,72.65625,118
1,208.277,140.625,50,50,118
3,208.277,174.375,50,50,118
6,208.277,140.625,50,50,118
7,208.277,247.5,31.25,31.25,66
1,208.466,151.875,59.375,59.375,118
3,208.466,185.625,59.375,59.375,118
6,208.466,151.875,59.375,59.375,118
7,208.466,261.5625,20.3125,20.3125,70
1,208.655,160.3125,48.4375,48.4375,118
3,208.655,194.0625,48.4375,48.4375,118
6,208.655,160.3125,48.4375,48.4375,118
7,208.655,247.5,34.375,34.375,118
1,208.845,112.5,69.53125,69.53125,118
3,208.845,146.25,69.53125,69.53125,118
5,208.845,78.75,99.21875,99.21875,1918
6,208.845,112.5,69.53125,69.53125,118
7,208.845,267.1875,44.53125,44.53125,80
1,209.034,132.1875,76.5625,76.5625,118
3,209.034,165.9375,76.5625,76.5625,118
6,209.034,132.1875,76.5625,76.5625,118
7,209.053,247.5,43.75,43.75,67
1,209.223,168.75,79.6875,79.6875,118
3,209.223,202.5,79.6875,79.6875,118
6,209.223,168.75,79.6875,79.6875,118
7,209.223,261.5625,40.625,40.625,56
1,209.412,165.9375,76.5625,76.5625,118
3,209.412,199.6875,76.5625,76.5625,118
6,209.412,165.9375,76.5625,76.5625,118
7,209.412,247.5,31.25,31.25,74
1,209.601,146.25,76.5625,76.5625,118
3,209.601,180,76.5625,76.5625,118
6,209.601,146.25,76.5625,76.5625,118
7,209.601,255.9375,34.375,34.375,75
1,209.790,174.375,79.6875,79.6875,118
3,209.790,208.125,79.6875,79.6875,118
6,209.790,174.375,79.6875,79.6875,118
7,209.790,247.5,40.625,40.625,107
1,209.980,160.3125,76.5625,76.5625,118
3,209.980,194.0625,76.5625,76.5625,118
6,209.980,160.3125,76.5625,76.5625,118
7,209.980,253.125,27.34375,27.34375,75
1,210.169,165.9375,66.40625,66.40625,118
3,210.169,199.6875,66.40625,66.40625,118
6,210.169,165.9375,66.40625,66.40625,118
7,210.169,247.5,46.875,46.875,92
1,210.358,132.1875,79.6875,79.6875,118
3,210.358,165.9375,79.6875,79.6875,118
6,210.358,132.1875,79.6875,79.6875,118
7,210.358,255.9375,43.75,43.75,76
1,210.547,135,76.5625,76.5625,118
3,210.547,168.75,76.5625,76.5625,118
6,210.547,135,76.5625,76.5625,118
7,210.547,247.5,37.5,37.5,70
1,210.736,143.4375,92.96875,92.96875,118
3,210.736,177.1875,92.96875,92.96875,118
6,210.736,143.4375,92.96875,92.96875,118
7,210.736,261.5625,34.375,34.375,66
1,210.925,160.3125,79.6875,79.6875,118
3,210.925,194.0625,79.6875,79.6875,118
6,210.925,160.3125,79.6875,79.6875,118
7,210.925,247.5,43.75,43.75,62
7,211.115,255.9375,34.375,34.375,36
1,211.126,180,76.5625,76.5625,118
3,211.126,213.75,76.5625,76.5625,118
6,211.126,180,76.5625,76.5625,118
1,211.304,196.875,72.65625,72.65625,118
3,211.304,230.625,72.65625,72.65625,118
6,211.304,196.875,72.65625,72.65625,118
7,211.304,247.5,40.625,40.625,53
7,211.493,261.5625,42.96875,42.96875,64
1,211.504,213.75,76.5625,76.5625,118
3,211.504,247.5,76.5625,76.5625,118
6,211.504,213.75,76.5625,76.5625,118
1,211.682,180,72.65625,72.65625,118
3,211.682,213.75,72.65625,72.65625,118
6,211.682,180,72.65625,72.65625,118
7,211.682,247.5,55.46875,55.46875,64
10,211.871,112.5,99.21875,99.21875,118
10,211.871,146.25,88.28125,88.28125,118
10,211.871,180,92.96875,92.96875,118
10,211.871,199.6875,92.96875,92.96875,118
10,212.061,213.75,56.25,56.25,118
1,212.250,247.5,46.09375,46.09375,118
10,212.250,180,69.53125,69.53125,118
10,212.250,199.6875,72.65625,72.65625,118
10,212.250,247.5,46.09375,46.09375,118
10,212.439,194.0625,76.5625,76.5625,118
10,212.439,219.375,56.25,56.25,118
1,212.628,247.5,50,50,118
10,212.628,188.4375,69.53125,69.53125,118
10,212.628,247.5,50,50,118
1,212.817,241.875,66.40625,66.40625,118
10,212.817,194.0625,69.53125,69.53125,118
10,212.817,241.875,66.40625,66.40625,118
1,213.006,222.1875,69.53125,69.53125,118
10,213.006,199.6875,76.5625,76.5625,118
10,213.006,222.1875,69.53125,69.53125,118
1,213.196,227.8125,56.25,56.25,118
10,213.196,202.5,72.65625,72.65625,118
10,213.196,227.8125,56.25,56.25,118
1,213.385,208.125,83.59375,83.59375,118
10,213.385,120.9375,83.59375,83.59375,118
10,213.385,154.6875,83.59375,83.59375,118
10,213.385,185.625,69.53125,69.53125,118
10,213.385,208.125,83.59375,83.59375,118
10,213.574,149.0625,83.59375,83.59375,118
10,213.574,202.5,76.5625,76.5625,118
1,213.763,222.1875,72.65625,72.65625,118
10,213.763,182.8125,59.375,59.375,118
10,213.763,199.6875,69.53125,69.53125,118
10,213.763,222.1875,72.65625,72.65625,118
10,213.952,146.25,76.5625,76.5625,118
10,213.952,194.0625,62.5,62.5,118
10,214.141,180,62.5,62.5,118
10,214.141,188.4375,69.53125,69.53125,118
10,214.141,233.4375,69.53125,69.53125,118
1,214.331,185.625,56.25,56.25,118
10,214.331,106.875,88.28125,88.28125,118
10,214.331,140.625,83.59375,83.59375,118
10,214.331,185.625,56.25,56.25,118
1,214.520,188.4375,62.5,62.5,118
10,214.520,112.5,83.59375,83.59375,118
10,214.520,146.25,79.6875,79.6875,118
10,214.520,188.4375,62.5,62.5,118
1,214.709,194.0625,66.40625,66.40625,118
10,214.709,115.3125,92.96875,92.96875,118
10,214.709,149.0625,76.5625,76.5625,118
10,214.709,194.0625,66.40625,66.40625,118
1,214.898,219.375,69.53125,69.53125,118
10,214.898,185.625,69.53125,69.53125,118
10,214.898,199.6875,53.125,53.125,118
10,214.898,219.375,69.53125,69.53125,118
10,215.087,151.875,88.28125,88.28125,118
10,215.087,202.5,62.5,62.5,118
1,215.276,250.3125,69.53125,69.53125,118
10,215.276,182.8125,59.375,59.375,118
10,215.276,199.6875,72.65625,72.65625,118
10,215.276,250.3125,69.53125,69.53125,118
10,215.466,149.0625,66.40625,66.40625,118
10,215.466,194.0625,62.5,62.5,118
1,215.655,216.5625,83.59375,83.59375,118
10,215.655,182.8125,59.375,59.375,118
10,215.655,199.6875,66.40625,66.40625,118
10,215.655,216.5625,83.59375,83.59375,118
10,215.844,149.0625,76.5625,76.5625,118
10,215.844,202.5,69.53125,69.53125,118
1,216.033,247.5,72.65625,72.65625,118
10,216.033,180,69.53125,69.53125,118
10,216.033,208.125,69.53125,69.53125,118
10,216.033,247.5,72.65625,72.65625,118
10,216.222,146.25,83.59375,83.59375,118
10,216.222,202.5,69.53125,69.53125,118
1,216.411,219.375,79.6875,79.6875,118
10,216.411,185.625,59.375,59.375,118
10,216.411,199.6875,76.5625,76.5625,118
10,216.411,219.375,79.6875,79.6875,118
10,216.601,151.875,76.5625,76.5625,118
10,216.601,194.0625,72.65625,72.65625,118
1,216.790,213.75,78.90625,78.90625,104
10,216.790,182.8125,66.40625,66.40625,104
10,216.790,188.4375,69.53125,69.53125,118
10,216.790,213.75,78.90625,78.90625,118
10,216.979,149.0625,79.6875,79.6875,118
10,216.979,194.0625,62.5,62.5,118
10,217.168,104.0625,72.65625,72.65625,118
10,217.168,137.8125,72.65625,72.65625,118
10,217.168,171.5625,69.53125,69.53125,118
10,217.168,182.8125,76.5625,76.5625,118
10,217.168,202.5,69.53125,69.53125,118
10,217.357,216.5625,69.53125,69.53125,118
10,217.546,180,69.53125,69.53125,118
1,217.558,247.5,57.03125,57.03125,111
10,217.558,247.5,57.03125,57.03125,111
10,217.736,219.375,78.90625,78.90625,118
10,217.925,168.75,66.40625,66.40625,118
10,217.925,177.1875,59.375,59.375,118
1,217.936,250.3125,72.65625,72.65625,118
10,217.936,250.3125,72.65625,72.65625,118
1,218.114,247.5,69.53125,69.53125,118
10,218.114,247.5,69.53125,69.53125,118
1,218.303,199.6875,72.65625,72.65625,118
10,218.303,168.75,69.53125,69.53125,118
10,218.303,180,79.6875,79.6875,118
10,218.303,199.6875,72.65625,72.65625,118
1,218.492,196.875,88.28125,88.28125,118
10,218.492,196.875,88.28125,88.28125,118
10,218.681,98.4375,88.28125,88.28125,118
10,218.681,132.1875,83.59375,83.59375,118
10,218.681,165.9375,66.40625,66.40625,118
10,218.681,174.375,76.5625,76.5625,118
10,218.681,191.25,76.5625,76.5625,118
10,218.871,135,83.59375,83.59375,118
10,218.871,194.0625,76.5625,76.5625,118
1,219.060,241.875,88.28125,88.28125,118
10,219.060,199.6875,69.53125,69.53125,118
10,219.060,241.875,88.28125,88.28125,118
10,219.249,146.25,88.28125,88.28125,118
10,219.249,202.5,76.5625,76.5625,118
1,219.438,247.5,92.96875,92.96875,118
10,219.438,168.75,72.65625,72.65625,118
10,219.438,180,79.6875,79.6875,118
10,219.438,199.6875,76.5625,76.5625,118
10,219.438,247.5,92.96875,92.96875,118
10,219.627,109.6875,79.6875,79.6875,118
10,219.627,143.4375,76.5625,76.5625,118
10,219.627,202.5,79.6875,79.6875,118
10,219.817,115.3125,79.6875,79.6875,118
10,219.817,149.0625,79.6875,79.6875,118
10,219.817,199.6875,79.6875,79.6875,118
10,220.006,118.125,62.5,62.5,118
10,220.006,151.875,72.65625,72.65625,118
10,220.006,194.0625,66.40625,66.40625,118
1,220.195,222.1875,92.96875,92.96875,118
10,220.195,165.9375,66.40625,66.40625,118
10,220.195,171.5625,69.53125,69.53125,118
10,220.195,188.4375,72.65625,72.65625,118
10,220.195,222.1875,92.96875,92.96875,118
10,220.384,154.6875,88.28125,88.28125,118
10,220.384,191.25,66.40625,66.40625,118
1,220.573,253.125,76.5625,76.5625,118
10,220.573,168.75,72.65625,72.65625,118
10,220.573,177.1875,72.65625,72.65625,118
10,220.573,194.0625,56.25,56.25,118
10,220.573,253.125,76.5625,76.5625,118
10,220.762,160.3125,72.65625,72.65625,118
10,220.762,202.5,76.5625,76.5625,118
10,220.952,174.375,59.375,59.375,118
10,220.952,185.625,66.40625,66.40625,118
10,220.952,208.125,72.65625,72.65625,118
1,220.963,219.375,88.28125,88.28125,118
10,220.963,219.375,88.28125,88.28125,118
10,221.141,151.875,88.28125,88.28125,118
10,221.141,202.5,79.6875,79.6875,118
1,221.330,250.3125,83.59375,83.59375,118
10,221.330,171.5625,66.40625,66.40625,118
10,221.330,180,83.59375,83.59375,118
10,221.330,196.875,69.53125,69.53125,118
10,221.330,250.3125,83.59375,83.59375,118
10,221.519,154.6875,83.59375,83.59375,118
10,221.519,194.0625,83.59375,83.59375,118
10,221.708,168.75,72.65625,72.65625,118
10,221.708,180,79.6875,79.6875,118
10,221.708,191.25,72.65625,72.65625,118
1,221.719,216.5625,72.65625,72.65625,118
10,221.719,216.5625,72.65625,72.65625,118
10,221.897,146.25,83.59375,83.59375,118
10,221.897,194.0625,76.5625,76.5625,118
10,222.087,174.375,69.53125,69.53125,118
10,222.087,182.8125,72.65625,72.65625,118
1,222.098,213.75,72.65625,72.65625,118
10,222.098,196.875,69.53125,69.53125,118
10,222.098,213.75,72.65625,72.65625,118
10,222.276,149.0625,72.65625,72.65625,118
10,222.276,199.6875,62.5,62.5,118
1,222.465,112.5,88.28125,88.28125,478
1,222.465,146.25,92.96875,92.96875,478
10,222.465,112.5,88.28125,88.28125,118
10,222.465,146.25,92.96875,92.96875,118
10,222.465,180,92.96875,92.96875,238
10,222.465,199.6875,92.96875,92.96875,358
10,222.654,213.75,56.25,56.25,238
10,222.843,180,69.53125,69.53125,238
10,222.843,199.6875,72.65625,72.65625,238
10,223.032,194.0625,76.5625,76.5625,118
10,223.032,219.375,56.25,56.25,118
1,223.222,120.9375,83.59375,83.59375,478
1,223.222,154.6875,83.59375,83.59375,478
10,223.222,120.9375,83.59375,83.59375,118
10,223.222,154.6875,83.59375,83.59375,238
10,223.222,188.4375,69.53125,69.53125,358
10,223.411,194.0625,69.53125,69.53125,238
10,223.600,199.6875,76.5625,76.5625,238
10,223.600,222.1875,69.53125,69.53125,238
10,223.789,202.5,72.65625,72.65625,118
1,223.978,140.625,83.59375,83.59375,478
1,223.978,174.375,76.5625,76.5625,478
10,223.978,140.625,83.59375,83.59375,118
10,223.978,174.375,76.5625,76.5625,118
10,223.978,185.625,69.53125,69.53125,238
10,223.978,208.125,83.59375,83.59375,358
10,224.167,202.5,76.5625,76.5625,238
10,224.357,182.8125,59.375,59.375,118
10,224.357,199.6875,69.53125,69.53125,238
10,224.357,222.1875,72.65625,72.65625,238
10,224.546,194.0625,62.5,62.5,118
1,224.735,126.5625,87.5,87.5,478
1,224.735,160.3125,84.375,84.375,478
10,224.735,126.5625,87.5,87.5,118
10,224.735,160.3125,84.375,84.375,118
10,224.735,180,70.3125,70.3125,238
10,224.735,188.4375,77.34375,77.34375,358
10,224.924,185.625,64.0625,64.0625,358
10,225.113,188.4375,70.3125,70.3125,238
10,225.302,194.0625,74.21875,74.21875,118
1,225.492,132.1875,87.5,87.5,478
1,225.492,165.9375,84.375,84.375,478
10,225.492,132.1875,87.5,87.5,118
10,225.492,165.9375,84.375,84.375,118
10,225.492,185.625,77.34375,77.34375,238
10,225.492,199.6875,60.9375,60.9375,358
10,225.681,202.5,70.3125,70.3125,238
10,225.870,182.8125,67.1875,67.1875,238
10,225.870,199.6875,80.46875,80.46875,238
10,226.059,194.0625,70.3125,70.3125,118
1,226.248,120.9375,80.46875,80.46875,478
1,226.248,154.6875,91.40625,91.40625,478
10,226.248,120.9375,80.46875,80.46875,118
10,226.248,154.6875,91.40625,91.40625,118
10,226.248,182.8125,67.1875,67.1875,238
10,226.248,199.6875,74.21875,74.21875,358
10,226.438,202.5,77.34375,77.34375,238
10,226.627,180,77.34375,77.34375,238
10,226.627,208.125,77.34375,77.34375,238
10,226.816,202.5,77.34375,77.34375,118
1,227.005,126.5625,91.40625,91.40625,478
1,227.005,160.3125,84.375,84.375,478
10,227.005,126.5625,91.40625,91.40625,118
10,227.005,160.3125,84.375,84.375,118
10,227.005,185.625,67.1875,67.1875,238
10,227.005,199.6875,84.375,84.375,344
10,227.194,194.0625,80.46875,80.46875,238
10,227.383,182.8125,74.21875,74.21875,118
10,227.383,188.4375,77.34375,77.34375,238
10,227.383,213.75,86.71875,86.71875,238
10,227.573,194.0625,70.3125,70.3125,118
1,227.762,112.5,69.53125,69.53125,358
1,227.762,146.25,85.15625,85.15625,598
10,227.762,112.5,99.21875,99.21875,118
10,227.762,112.5,69.53125,69.53125,118
10,227.762,146.25,88.28125,88.28125,118
10,227.762,146.25,83.59375,83.59375,118
10,227.762,180,92.96875,92.96875,118
10,227.762,180,92.96875,92.96875,118
10,227.762,199.6875,92.96875,92.96875,238
10,227.762,199.6875,92.96875,92.96875,238
10,227.951,213.75,56.25,56.25,238
10,227.951,213.75,56.25,56.25,238
1,228.140,247.5,46.09375,46.09375,478
10,228.140,180,69.53125,69.53125,118
10,228.140,180,69.53125,69.53125,118
10,228.140,199.6875,72.65625,72.65625,118
10,228.140,199.6875,72.65625,72.65625,238
10,228.140,247.5,46.09375,46.09375,238
10,228.329,194.0625,76.5625,76.5625,118
10,228.329,194.0625,76.5625,76.5625,118
10,228.329,219.375,56.25,56.25,238
10,228.329,219.375,56.25,56.25,238
1,228.518,247.5,50,50,478
10,228.518,188.4375,69.53125,69.53125,118
10,228.518,188.4375,69.53125,69.53125,238
10,228.518,247.5,50,50,238
1,228.708,241.875,66.40625,66.40625,718
10,228.708,194.0625,69.53125,69.53125,118
10,228.708,194.0625,69.53125,69.53125,238
10,228.708,241.875,66.40625,66.40625,238
10,228.897,199.6875,76.5625,76.5625,118
10,228.897,199.6875,76.5625,76.5625,118
10,228.897,222.1875,69.53125,69.53125,238
10,228.897,222.1875,69.53125,69.53125,238
1,229.086,227.8125,56.25,56.25,478
10,229.086,202.5,72.65625,72.65625,118
10,229.086,202.5,72.65625,72.65625,238
10,229.086,227.8125,56.25,56.25,238
10,229.275,120.9375,83.59375,83.59375,118
10,229.275,154.6875,83.59375,83.59375,118
10,229.275,185.625,69.53125,69.53125,118
10,229.275,185.625,69.53125,69.53125,118
10,229.275,208.125,83.59375,83.59375,238
10,229.275,208.125,83.59375,83.59375,238
10,229.464,149.0625,83.59375,83.59375,118
10,229.464,202.5,76.5625,76.5625,238
10,229.464,202.5,76.5625,76.5625,238
1,229.653,222.1875,72.65625,72.65625,358
1,229.653,222.1875,72.65625,72.65625,838
10,229.653,182.8125,59.375,59.375,118
10,229.653,182.8125,59.375,59.375,118
10,229.653,199.6875,69.53125,69.53125,118
10,229.653,199.6875,69.53125,69.53125,118
10,229.653,222.1875,72.65625,72.65625,238
10,229.653,222.1875,72.65625,72.65625,238
10,229.843,146.25,76.5625,76.5625,118
10,229.843,194.0625,62.5,62.5,120
10,229.843,194.0625,62.5,62.5,238
1,230.032,233.4375,69.53125,69.53125,838
10,230.032,146.25,83.59375,83.59375,118
10,230.032,180,62.5,62.5,118
10,230.032,180,62.5,62.5,118
10,230.032,188.4375,69.53125,69.53125,118
10,230.032,188.4375,69.53125,69.53125,238
10,230.032,233.4375,69.53125,69.53125,238
10,230.221,106.875,88.28125,88.28125,118
10,230.221,140.625,83.59375,83.59375,118
10,230.221,185.625,56.25,56.25,238
10,230.221,185.625,56.25,56.25,238
10,230.410,112.5,83.59375,83.59375,118
10,230.410,146.25,79.6875,79.6875,118
10,230.410,188.4375,62.5,62.5,238
10,230.410,188.4375,62.5,62.5,238
10,230.599,115.3125,92.96875,92.96875,118
10,230.599,149.0625,76.5625,76.5625,118
10,230.599,194.0625,66.40625,66.40625,238
10,230.599,194.0625,66.40625,66.40625,238
1,230.788,219.375,69.53125,69.53125,598
10,230.788,185.625,69.53125,69.53125,118
10,230.788,185.625,69.53125,69.53125,118
10,230.788,199.6875,53.125,53.125,118
10,230.788,199.6875,53.125,53.125,238
10,230.788,219.375,69.53125,69.53125,238
10,230.978,151.875,88.28125,88.28125,118
10,230.978,202.5,62.5,62.5,238
10,230.978,202.5,62.5,62.5,238
1,231.167,250.3125,69.53125,69.53125,598
10,231.167,182.8125,59.375,59.375,118
10,231.167,182.8125,59.375,59.375,118
10,231.167,199.6875,72.65625,72.65625,118
10,231.167,199.6875,72.65625,72.65625,238
10,231.167,250.3125,69.53125,69.53125,238
10,231.356,149.0625,66.40625,66.40625,118
10,231.356,194.0625,62.5,62.5,238
10,231.356,194.0625,62.5,62.5,238
1,231.545,216.5625,83.59375,83.59375,598
10,231.545,182.8125,59.375,59.375,118
10,231.545,182.8125,59.375,59.375,118
10,231.545,199.6875,66.40625,66.40625,118
10,231.545,199.6875,66.40625,66.40625,238
10,231.545,216.5625,83.59375,83.59375,238
10,231.734,149.0625,76.5625,76.5625,118
10,231.734,202.5,69.53125,69.53125,238
10,231.734,202.5,69.53125,69.53125,238
1,231.923,247.5,72.65625,72.65625,584
10,231.923,180,69.53125,69.53125,118
10,231.923,180,69.53125,69.53125,118
10,231.923,208.125,69.53125,69.53125,118
10,231.923,208.125,69.53125,69.53125,238
10,231.923,247.5,72.65625,72.65625,238
10,232.113,146.25,83.59375,83.59375,118
10,232.113,202.5,69.53125,69.53125,238
10,232.113,202.5,69.53125,69.53125,238
1,232.302,219.375,79.6875,79.6875,478
10,232.302,185.625,59.375,59.375,118
10,232.302,185.625,59.375,59.375,118
10,232.302,199.6875,76.5625,76.5625,118
10,232.302,199.6875,76.5625,76.5625,238
10,232.302,219.375,79.6875,79.6875,238
10,232.491,151.875,76.5625,76.5625,118
10,232.491,194.0625,72.65625,72.65625,224
10,232.491,194.0625,72.65625,72.65625,224
1,232.680,213.75,78.90625,78.90625,240
10,232.680,182.8125,66.40625,66.40625,118
10,232.680,182.8125,66.40625,66.40625,118
10,232.680,188.4375,69.53125,69.53125,118
10,232.680,188.4375,69.53125,69.53125,118
10,232.680,213.75,78.90625,78.90625,238
10,232.680,213.75,78.90625,78.90625,238
10,232.869,149.0625,79.6875,79.6875,118
10,232.869,194.0625,62.5,62.5,118
10,232.869,194.0625,62.5,62.5,118
1,233.058,112.5,95.3125,95.3125,238
10,233.058,112.5,83.59375,83.59375,118
10,233.058,180,92.96875,92.96875,118
10,233.058,199.6875,92.96875,92.96875,238
10,233.248,213.75,56.25,56.25,118
1,233.437,146.25,91.40625,91.40625,238
10,233.437,146.25,79.6875,79.6875,118
10,233.437,180,69.53125,69.53125,118
10,233.437,199.6875,72.65625,72.65625,238
10,233.626,194.0625,76.5625,76.5625,118
10,233.626,219.375,56.25,56.25,118
1,233.815,120.9375,95.3125,95.3125,238
10,233.815,120.9375,83.59375,83.59375,118
10,233.815,188.4375,69.53125,69.53125,238
10,234.004,194.0625,69.53125,69.53125,118
1,234.194,154.6875,95.3125,95.3125,238
10,234.194,154.6875,83.59375,83.59375,118
10,234.194,199.6875,76.5625,76.5625,118
10,234.194,222.1875,69.53125,69.53125,238
10,234.383,202.5,72.65625,72.65625,118
1,234.572,140.625,95.3125,95.3125,238
10,234.572,140.625,83.59375,83.59375,118
10,234.572,185.625,69.53125,69.53125,118
10,234.572,208.125,83.59375,83.59375,238
10,234.761,202.5,76.5625,76.5625,118
1,234.950,174.375,95.3125,95.3125,238
10,234.950,174.375,83.59375,83.59375,118
10,234.950,182.8125,59.375,59.375,118
10,234.950,199.6875,69.53125,69.53125,118
10,234.950,222.1875,72.65625,72.65625,238
10,235.139,194.0625,62.5,62.5,118
1,235.329,126.5625,99.21875,99.21875,238
10,235.329,126.5625,83.59375,83.59375,118
10,235.329,180,62.5,62.5,118
10,235.329,188.4375,69.53125,69.53125,238
10,235.518,185.625,56.25,56.25,118
1,235.707,160.3125,93.75,93.75,238
10,235.707,160.3125,72.65625,72.65625,118
10,235.707,188.4375,62.5,62.5,238
10,235.896,194.0625,66.40625,66.40625,118
1,236.085,132.1875,90.625,90.625,238
10,236.085,132.1875,69.53125,69.53125,118
10,236.085,185.625,69.53125,69.53125,118
10,236.085,199.6875,53.125,53.125,238
10,236.274,202.5,62.5,62.5,118
1,236.464,165.9375,93.75,93.75,238
10,236.464,165.9375,72.65625,72.65625,118
10,236.464,182.8125,59.375,59.375,118
10,236.464,199.6875,72.65625,72.65625,238
10,236.653,194.0625,62.5,62.5,118
1,236.842,118.125,97.65625,97.65625,238
10,236.842,118.125,76.5625,76.5625,118
10,236.842,182.8125,59.375,59.375,118
10,236.842,199.6875,66.40625,66.40625,238
10,237.031,202.5,69.53125,69.53125,118
1,237.220,151.875,99.21875,99.21875,238
10,237.220,151.875,83.59375,83.59375,118
10,237.220,180,69.53125,69.53125,118
10,237.220,208.125,69.53125,69.53125,238
10,237.409,202.5,69.53125,69.53125,118
1,237.599,120.9375,93.75,93.75,238
10,237.599,120.9375,72.65625,72.65625,118
10,237.599,185.625,59.375,59.375,118
10,237.599,199.6875,76.5625,76.5625,238
10,237.788,194.0625,72.65625,72.65625,118
1,237.977,154.6875,99.21875,99.21875,238
10,237.977,154.6875,79.6875,79.6875,104
10,237.977,182.8125,66.40625,66.40625,118
10,237.977,188.4375,69.53125,69.53125,118
10,237.977,213.75,78.90625,78.90625,238
10,238.166,194.0625,62.5,62.5,118
1,238.346,151.875,89.0625,89.0625,364
10,238.346,137.8125,72.65625,72.65625,118
10,238.346,151.875,89.0625,89.0625,124
1,238.355,118.125,98.4375,98.4375,478
10,238.355,104.0625,72.65625,72.65625,118
10,238.355,118.125,89.0625,89.0625,118
10,238.355,171.5625,60.15625,60.15625,118
10,238.355,182.8125,67.1875,67.1875,238
10,238.355,202.5,60.15625,60.15625,358
10,238.544,216.5625,60.15625,60.15625,238
10,238.734,180,60.15625,60.15625,238
1,238.745,247.5,47.65625,47.65625,358
10,238.745,247.5,47.65625,47.65625,351
1,238.923,219.375,69.53125,69.53125,358
10,238.923,219.375,69.53125,69.53125,238
10,239.112,168.75,57.03125,57.03125,125
10,239.112,177.1875,50,50,238
1,239.123,250.3125,63.28125,63.28125,831
10,239.123,250.3125,63.28125,63.28125,351
1,239.301,247.5,60.15625,60.15625,798
10,239.301,247.5,60.15625,60.15625,238
10,239.490,168.75,60.15625,60.15625,118
10,239.490,180,70.3125,70.3125,238
10,239.490,199.6875,63.28125,63.28125,358
10,239.679,196.875,78.90625,78.90625,238
10,239.869,98.4375,88.28125,88.28125,118
10,239.869,132.1875,83.59375,83.59375,118
10,239.869,165.9375,66.40625,66.40625,118
10,239.869,174.375,76.5625,76.5625,238
10,239.869,191.25,76.5625,76.5625,238
10,240.058,135,83.59375,83.59375,238
10,240.058,194.0625,76.5625,76.5625,238
1,240.247,241.875,88.28125,88.28125,229
10,240.247,199.6875,69.53125,69.53125,198
10,240.247,241.875,88.28125,88.28125,229
1,240.436,202.5,76.5625,76.5625,118
10,240.436,146.25,88.28125,88.28125,118
10,240.436,202.5,76.5625,76.5625,118
1,240.616,98.4375,98.4375,98.4375,244
10,240.616,98.4375,93.75,93.75,124
1,240.625,132.1875,98.4375,98.4375,358
10,240.625,132.1875,96.875,96.875,118
10,240.625,165.9375,63.28125,63.28125,118
10,240.625,180,70.3125,70.3125,238
10,240.625,199.6875,67.1875,67.1875,238
1,240.814,202.5,70.3125,70.3125,358
10,240.814,109.6875,79.6875,79.6875,118
10,240.814,143.4375,76.5625,76.5625,238
10,240.814,202.5,70.3125,70.3125,238
1,241.004,199.6875,70.3125,70.3125,358
10,241.004,115.3125,79.6875,79.6875,118
10,241.004,149.0625,79.6875,79.6875,238
10,241.004,199.6875,70.3125,70.3125,238
1,241.193,194.0625,57.03125,57.03125,478
10,241.193,118.125,62.5,62.5,118
10,241.193,151.875,72.65625,72.65625,238
10,241.193,194.0625,57.03125,57.03125,238
1,241.382,222.1875,92.96875,92.96875,605
10,241.382,165.9375,66.40625,66.40625,118
10,241.382,171.5625,69.53125,69.53125,118
10,241.382,188.4375,72.65625,72.65625,238
10,241.382,222.1875,92.96875,92.96875,238
10,241.571,154.6875,88.28125,88.28125,238
10,241.571,191.25,66.40625,66.40625,238
1,241.760,253.125,76.5625,76.5625,598
10,241.760,168.75,72.65625,72.65625,118
10,241.760,177.1875,72.65625,72.65625,118
10,241.760,194.0625,56.25,56.25,238
10,241.760,253.125,76.5625,76.5625,238
10,241.950,160.3125,72.65625,72.65625,238
10,241.950,202.5,76.5625,76.5625,238
10,242.139,174.375,59.375,59.375,118
10,242.139,185.625,66.40625,66.40625,125
10,242.139,208.125,72.65625,72.65625,238
1,242.150,219.375,88.28125,88.28125,598
10,242.150,219.375,88.28125,88.28125,231
10,242.328,151.875,88.28125,88.28125,238
10,242.328,202.5,79.6875,79.6875,238
1,242.517,250.3125,83.59375,83.59375,605
10,242.517,171.5625,66.40625,66.40625,118
10,242.517,180,83.59375,83.59375,118
10,242.517,196.875,69.53125,69.53125,238
10,242.517,250.3125,83.59375,83.59375,238
10,242.706,154.6875,83.59375,83.59375,238
10,242.706,194.0625,83.59375,83.59375,238
10,242.895,168.75,72.65625,72.65625,118
10,242.895,180,79.6875,79.6875,125
10,242.895,191.25,72.65625,72.65625,238
1,242.906,216.5625,72.65625,72.65625,445
10,242.906,216.5625,72.65625,72.65625,231
10,243.085,146.25,83.59375,83.59375,238
10,243.085,194.0625,76.5625,76.5625,238
10,243.274,174.375,69.53125,69.53125,125
10,243.274,182.8125,72.65625,72.65625,125
1,243.285,213.75,72.65625,72.65625,231
10,243.285,196.875,69.53125,69.53125,205
10,243.285,213.75,72.65625,72.65625,225
10,243.463,149.0625,72.65625,72.65625,118
10,243.463,199.6875,62.5,62.5,118
1,243.652,112.5,89.0625,89.0625,318
1,243.652,146.25,79.6875,79.6875,478
10,243.652,112.5,99.21875,99.21875,118
10,243.652,112.5,89.0625,89.0625,118
10,243.652,146.25,88.28125,88.28125,118
10,243.652,146.25,79.6875,79.6875,118
10,243.652,180,92.96875,92.96875,238
10,243.652,199.6875,92.96875,92.96875,318
10,243.841,213.75,56.25,56.25,238
1,243.904,199.6875,72.65625,72.65625,318
10,243.904,199.6875,72.65625,72.65625,198
10,244.030,180,69.53125,69.53125,118
10,244.030,199.6875,72.65625,72.65625,238
10,244.030,247.5,46.09375,46.09375,238
1,244.157,213.75,69.53125,69.53125,158
10,244.157,213.75,69.53125,69.53125,158
10,244.220,194.0625,76.5625,76.5625,118
10,244.220,219.375,56.25,56.25,118
1,244.409,140.625,97.65625,97.65625,318
1,244.409,165.9375,83.59375,83.59375,478
10,244.409,140.625,97.65625,97.65625,118
10,244.409,165.9375,83.59375,83.59375,118
10,244.409,188.4375,69.53125,69.53125,238
10,244.409,247.5,50,50,238
10,244.598,194.0625,69.53125,69.53125,198
10,244.598,241.875,66.40625,66.40625,238
1,244.661,208.125,88.28125,88.28125,318
10,244.661,208.125,88.28125,88.28125,198
10,244.787,199.6875,76.5625,76.5625,238
10,244.787,222.1875,69.53125,69.53125,238
1,244.913,227.8125,76.5625,76.5625,158
10,244.913,227.8125,76.5625,76.5625,158
10,244.976,202.5,72.65625,72.65625,118
10,244.976,227.8125,56.25,56.25,118
1,245.165,154.6875,92.96875,92.96875,478
1,245.165,188.4375,83.59375,83.59375,478
10,245.165,120.9375,83.59375,83.59375,118
10,245.165,154.6875,83.59375,83.59375,118
10,245.165,154.6875,92.96875,92.96875,118
10,245.165,185.625,69.53125,69.53125,118
10,245.165,188.4375,83.59375,83.59375,238
10,245.165,208.125,83.59375,83.59375,238
10,245.355,149.0625,83.59375,83.59375,238
10,245.355,202.5,76.5625,76.5625,238
1,245.418,233.4375,83.59375,83.59375,318
10,245.418,233.4375,83.59375,83.59375,198
10,245.544,182.8125,59.375,59.375,238
10,245.544,199.6875,69.53125,69.53125,238
10,245.544,222.1875,72.65625,72.65625,238
1,245.679,247.5,79.6875,79.6875,154
10,245.679,247.5,79.6875,79.6875,152
10,245.733,146.25,76.5625,76.5625,118
10,245.733,194.0625,62.5,62.5,120
1,245.922,185.625,79.6875,79.6875,318
10,245.922,180,62.5,62.5,118
10,245.922,185.625,79.6875,79.6875,118
10,245.922,188.4375,69.53125,69.53125,118
10,245.922,233.4375,69.53125,69.53125,238
1,245.933,151.875,92.96875,92.96875,471
10,245.933,151.875,92.96875,92.96875,231
10,246.111,106.875,88.28125,88.28125,118
10,246.111,140.625,83.59375,83.59375,198
10,246.111,185.625,56.25,56.25,238
1,246.174,227.8125,76.5625,76.5625,318
10,246.174,227.8125,76.5625,76.5625,198
10,246.300,112.5,83.59375,83.59375,118
10,246.300,146.25,79.6875,79.6875,238
10,246.300,188.4375,62.5,62.5,238
1,246.427,241.875,83.59375,83.59375,165
10,246.427,241.875,83.59375,83.59375,158
10,246.490,115.3125,92.96875,92.96875,118
10,246.490,149.0625,76.5625,76.5625,118
10,246.490,194.0625,66.40625,66.40625,125
1,246.679,154.6875,92.96875,92.96875,318
1,246.679,188.4375,76.5625,76.5625,478
10,246.679,154.6875,92.96875,92.96875,118
10,246.679,185.625,69.53125,69.53125,118
10,246.679,188.4375,76.5625,76.5625,118
10,246.679,199.6875,53.125,53.125,238
10,246.679,219.375,69.53125,69.53125,238
10,246.868,151.875,88.28125,88.28125,198
10,246.868,202.5,62.5,62.5,238
1,246.931,247.5,72.65625,72.65625,318
10,246.931,247.5,72.65625,72.65625,198
10,247.057,182.8125,59.375,59.375,118
10,247.057,199.6875,72.65625,72.65625,238
10,247.057,250.3125,69.53125,69.53125,238
1,247.183,267.1875,56.25,56.25,158
10,247.183,267.1875,56.25,56.25,158
10,247.246,149.0625,66.40625,66.40625,118
10,247.246,194.0625,62.5,62.5,118
1,247.435,199.6875,76.5625,76.5625,318
10,247.435,182.8125,59.375,59.375,118
10,247.435,199.6875,66.40625,66.40625,118
10,247.435,199.6875,76.5625,76.5625,118
10,247.435,216.5625,83.59375,83.59375,238
1,247.447,165.9375,85.9375,85.9375,471
10,247.447,165.9375,85.9375,85.9375,231
10,247.625,149.0625,76.5625,76.5625,198
10,247.625,202.5,69.53125,69.53125,238
1,247.688,241.875,72.65625,72.65625,318
10,247.688,241.875,72.65625,72.65625,198
10,247.814,180,69.53125,69.53125,118
10,247.814,208.125,69.53125,69.53125,238
10,247.814,247.5,72.65625,72.65625,238
1,247.940,261.5625,72.65625,72.65625,165
10,247.940,261.5625,72.65625,72.65625,158
10,248.003,146.25,83.59375,83.59375,118
10,248.003,202.5,69.53125,69.53125,125
1,248.192,188.4375,89.0625,89.0625,318
10,248.192,185.625,59.375,59.375,118
10,248.192,188.4375,89.0625,89.0625,118
10,248.192,199.6875,76.5625,76.5625,118
10,248.192,219.375,79.6875,79.6875,238
1,248.203,222.1875,79.6875,79.6875,471
10,248.203,222.1875,79.6875,79.6875,231
10,248.381,151.875,76.5625,76.5625,198
10,248.381,194.0625,72.65625,72.65625,224
1,248.444,227.8125,69.53125,69.53125,318
10,248.444,227.8125,69.53125,69.53125,198
10,248.570,182.8125,66.40625,66.40625,118
10,248.570,188.4375,69.53125,69.53125,238
10,248.570,213.75,78.90625,78.90625,238
1,248.697,241.875,72.65625,72.65625,160
10,248.697,241.875,72.65625,72.65625,158
10,248.760,149.0625,79.6875,79.6875,118
10,248.760,194.0625,62.5,62.5,120
1,248.949,185.625,77.34375,77.34375,358
10,248.949,112.5,99.21875,99.21875,118
10,248.949,118.125,67.96875,67.96875,118
10,248.949,146.25,88.28125,88.28125,118
10,248.949,151.875,83.59375,83.59375,118
10,248.949,180,92.96875,92.96875,118
10,248.949,180,92.96875,92.96875,118
10,248.949,199.6875,92.96875,92.96875,238
10,248.949,199.6875,92.96875,92.96875,238
1,248.960,219.375,95.3125,95.3125,591
10,249.138,213.75,56.25,56.25,238
10,249.138,213.75,56.25,56.25,238
1,249.327,247.5,46.09375,46.09375,478
10,249.327,180,69.53125,69.53125,118
10,249.327,180,69.53125,69.53125,118
10,249.327,199.6875,72.65625,72.65625,118
10,249.327,199.6875,72.65625,72.65625,238
10,249.327,247.5,46.09375,46.09375,238
10,249.516,194.0625,76.5625,76.5625,118
10,249.516,194.0625,76.5625,76.5625,118
10,249.516,219.375,56.25,56.25,238
10,249.516,219.375,56.25,56.25,238
1,249.706,247.5,50,50,598
10,249.706,188.4375,69.53125,69.53125,118
10,249.706,188.4375,69.53125,69.53125,238
10,249.706,247.5,50,50,238
1,249.895,241.875,66.40625,66.40625,718
10,249.895,194.0625,69.53125,69.53125,118
10,249.895,194.0625,69.53125,69.53125,238
10,249.895,241.875,66.40625,66.40625,238
10,250.084,199.6875,76.5625,76.5625,118
10,250.084,199.6875,76.5625,76.5625,118
10,250.084,222.1875,69.53125,69.53125,238
10,250.084,222.1875,69.53125,69.53125,238
10,250.273,202.5,72.65625,72.65625,118
10,250.273,202.5,72.65625,72.65625,238
10,250.273,227.8125,56.25,56.25,238
1,250.462,208.125,83.59375,83.59375,475
10,250.462,120.9375,83.59375,83.59375,118
10,250.462,154.6875,83.59375,83.59375,118
10,250.462,185.625,69.53125,69.53125,118
10,250.462,185.625,69.53125,69.53125,118
10,250.462,208.125,83.59375,83.59375,238
10,250.462,208.125,83.59375,83.59375,238
10,250.651,149.0625,83.59375,83.59375,118
10,250.651,202.5,76.5625,76.5625,238
10,250.651,202.5,76.5625,76.5625,238
1,250.841,222.1875,72.65625,72.65625,235
10,250.841,182.8125,59.375,59.375,118
10,250.841,182.8125,59.375,59.375,118
10,250.841,199.6875,69.53125,69.53125,118
10,250.841,199.6875,69.53125,69.53125,118
10,250.841,222.1875,72.65625,72.65625,238
10,250.841,222.1875,72.65625,72.65625,238
10,251.030,146.25,76.5625,76.5625,118
10,251.030,194.0625,62.5,62.5,120
10,251.030,194.0625,62.5,62.5,120
1,251.219,165.9375,79.6875,79.6875,238
1,251.219,199.6875,76.5625,76.5625,358
10,251.219,132.1875,79.6875,79.6875,118
10,251.219,180,62.5,62.5,118
10,251.219,180,62.5,62.5,118
10,251.219,188.4375,69.53125,69.53125,118
10,251.219,188.4375,69.53125,69.53125,118
10,251.219,233.4375,69.53125,69.53125,238
10,251.230,98.4375,83.59375,83.59375,231
1,251.408,185.625,56.25,56.25,358
10,251.408,106.875,88.28125,88.28125,118
10,251.408,140.625,83.59375,83.59375,118
10,251.408,185.625,56.25,56.25,238
10,251.408,185.625,56.25,56.25,238
1,251.597,188.4375,62.5,62.5,358
10,251.597,112.5,83.59375,83.59375,118
10,251.597,146.25,79.6875,79.6875,118
10,251.597,188.4375,62.5,62.5,238
10,251.597,188.4375,62.5,62.5,238
1,251.786,194.0625,66.40625,66.40625,478
10,251.786,115.3125,92.96875,92.96875,118
10,251.786,149.0625,76.5625,76.5625,118
10,251.786,194.0625,66.40625,66.40625,238
10,251.786,194.0625,66.40625,66.40625,238
1,251.976,219.375,69.53125,69.53125,598
10,251.976,185.625,69.53125,69.53125,118
10,251.976,185.625,69.53125,69.53125,118
10,251.976,199.6875,53.125,53.125,118
10,251.976,199.6875,53.125,53.125,238
10,251.976,219.375,69.53125,69.53125,238
10,252.165,151.875,88.28125,88.28125,118
10,252.165,202.5,62.5,62.5,238
10,252.165,202.5,62.5,62.5,238
1,252.354,250.3125,69.53125,69.53125,598
10,252.354,182.8125,59.375,59.375,118
10,252.354,182.8125,59.375,59.375,118
10,252.354,199.6875,72.65625,72.65625,118
10,252.354,199.6875,72.65625,72.65625,238
10,252.354,250.3125,69.53125,69.53125,238
10,252.543,149.0625,66.40625,66.40625,118
10,252.543,194.0625,62.5,62.5,238
10,252.543,194.0625,62.5,62.5,238
1,252.732,216.5625,83.59375,83.59375,598
10,252.732,182.8125,59.375,59.375,118
10,252.732,182.8125,59.375,59.375,118
10,252.732,199.6875,66.40625,66.40625,118
10,252.732,199.6875,66.40625,66.40625,238
10,252.732,216.5625,83.59375,83.59375,238
10,252.921,149.0625,76.5625,76.5625,118
10,252.921,202.5,69.53125,69.53125,238
10,252.921,202.5,69.53125,69.53125,238
1,253.111,247.5,72.65625,72.65625,584
10,253.111,180,69.53125,69.53125,118
10,253.111,180,69.53125,69.53125,118
10,253.111,208.125,69.53125,69.53125,118
10,253.111,208.125,69.53125,69.53125,238
10,253.111,247.5,72.65625,72.65625,238
10,253.300,146.25,83.59375,83.59375,118
10,253.300,202.5,69.53125,69.53125,238
10,253.300,202.5,69.53125,69.53125,238
1,253.489,219.375,79.6875,79.6875,478
10,253.489,185.625,59.375,59.375,118
10,253.489,185.625,59.375,59.375,118
10,253.489,199.6875,76.5625,76.5625,118
10,253.489,199.6875,76.5625,76.5625,238
10,253.489,219.375,79.6875,79.6875,238
10,253.678,151.875,76.5625,76.5625,118
10,253.678,194.0625,72.65625,72.65625,224
10,253.678,194.0625,72.65625,72.65625,224
1,253.867,213.75,78.90625,78.90625,238
10,253.867,182.8125,66.40625,66.40625,118
10,253.867,182.8125,66.40625,66.40625,118
10,253.867,188.4375,69.53125,69.53125,118
10,253.867,188.4375,69.53125,69.53125,118
10,253.867,213.75,78.90625,78.90625,238
10,253.867,213.75,78.90625,78.90625,238
10,254.056,149.0625,79.6875,79.6875,118
10,254.056,194.0625,62.5,62.5,118
10,254.056,194.0625,62.5,62.5,120
1,254.246,112.5,83.59375,83.59375,358
1,254.246,146.25,83.59375,83.59375,478
10,254.246,112.5,99.21875,99.21875,118
10,254.246,112.5,99.21875,99.21875,118
10,254.246,146.25,92.96875,92.96875,118
10,254.246,146.25,88.28125,88.28125,118
10,254.246,180,92.96875,92.96875,238
10,254.246,199.6875,92.96875,92.96875,358
10,254.435,213.75,56.25,56.25,238
1,254.624,247.5,46.09375,46.09375,238
10,254.624,180,69.53125,69.53125,118
10,254.624,199.6875,72.65625,72.65625,238
10,254.624,247.5,46.09375,46.09375,238
1,254.813,219.375,56.25,56.25,118
10,254.813,194.0625,76.5625,76.5625,118
10,254.813,219.375,56.25,56.25,118
1,255.002,120.9375,83.59375,83.59375,118
1,255.002,154.6875,92.96875,92.96875,238
1,255.002,247.5,50,50,358
10,255.002,120.9375,99.21875,99.21875,118
10,255.002,154.6875,88.28125,88.28125,118
10,255.002,188.4375,69.53125,69.53125,238
10,255.002,247.5,50,50,238
1,255.191,241.875,66.40625,66.40625,358
10,255.191,194.0625,69.53125,69.53125,238
10,255.191,241.875,66.40625,66.40625,238
1,255.381,222.1875,69.53125,69.53125,238
10,255.381,199.6875,76.5625,76.5625,238
10,255.381,222.1875,69.53125,69.53125,238
1,255.570,227.8125,56.25,56.25,118
10,255.570,202.5,72.65625,72.65625,118
10,255.570,227.8125,56.25,56.25,118
1,255.759,140.625,79.6875,79.6875,358
1,255.759,174.375,92.96875,92.96875,478
10,255.759,120.9375,83.59375,83.59375,118
10,255.759,140.625,92.96875,92.96875,118
10,255.759,154.6875,83.59375,83.59375,118
10,255.759,174.375,99.21875,99.21875,118
10,255.759,185.625,69.53125,69.53125,238
10,255.759,208.125,83.59375,83.59375,238
10,255.948,149.0625,83.59375,83.59375,238
10,255.948,202.5,76.5625,76.5625,238
1,256.137,222.1875,72.65625,72.65625,238
10,256.137,182.8125,59.375,59.375,118
10,256.137,199.6875,69.53125,69.53125,238
10,256.137,222.1875,72.65625,72.65625,238
10,256.326,146.25,76.5625,76.5625,118
10,256.326,194.0625,62.5,62.5,118
1,256.516,132.1875,83.59375,83.59375,118
1,256.516,165.9375,99.21875,99.21875,478
1,256.516,233.4375,69.53125,69.53125,478
10,256.516,132.1875,88.28125,88.28125,118
10,256.516,165.9375,92.96875,92.96875,118
10,256.516,180,62.5,62.5,118
10,256.516,188.4375,69.53125,69.53125,238
10,256.516,233.4375,69.53125,69.53125,238
10,256.705,106.875,88.28125,88.28125,118
10,256.705,140.625,83.59375,83.59375,238
10,256.705,185.625,56.25,56.25,238
10,256.894,112.5,83.59375,83.59375,118
10,256.894,146.25,79.6875,79.6875,238
10,256.894,188.4375,62.5,62.5,238
10,257.083,115.3125,92.96875,92.96875,118
10,257.083,149.0625,76.5625,76.5625,118
10,257.083,194.0625,66.40625,66.40625,118
1,257.272,126.5625,79.6875,79.6875,118
1,257.272,160.3125,79.6875,79.6875,358
1,257.272,219.375,69.53125,69.53125,478
10,257.272,126.5625,92.96875,92.96875,118
10,257.272,160.3125,92.96875,92.96875,118
10,257.272,185.625,69.53125,69.53125,118
10,257.272,199.6875,53.125,53.125,238
10,257.272,219.375,69.53125,69.53125,238
10,257.462,151.875,88.28125,88.28125,238
10,257.462,202.5,62.5,62.5,238
1,257.651,250.3125,69.53125,69.53125,238
10,257.651,182.8125,59.375,59.375,118
10,257.651,199.6875,72.65625,72.65625,238
10,257.651,250.3125,69.53125,69.53125,238
10,257.840,149.0625,66.40625,66.40625,118
10,257.840,194.0625,62.5,62.5,118
1,258.029,118.125,88.28125,88.28125,118
1,258.029,151.875,88.28125,88.28125,358
1,258.029,216.5625,83.59375,83.59375,478
10,258.029,118.125,92.96875,92.96875,118
10,258.029,151.875,92.96875,92.96875,118
10,258.029,182.8125,59.375,59.375,118
10,258.029,199.6875,66.40625,66.40625,238
10,258.029,216.5625,83.59375,83.59375,238
10,258.218,149.0625,76.5625,76.5625,238
10,258.218,202.5,69.53125,69.53125,238
1,258.407,247.5,72.65625,72.65625,238
10,258.407,180,69.53125,69.53125,118
10,258.407,208.125,69.53125,69.53125,238
10,258.407,247.5,72.65625,72.65625,238
10,258.597,146.25,83.59375,83.59375,118
10,258.597,202.5,69.53125,69.53125,118
1,258.786,120.9375,88.28125,88.28125,118
1,258.786,154.6875,92.96875,92.96875,478
1,258.786,219.375,79.6875,79.6875,478
10,258.786,120.9375,92.96875,92.96875,118
10,258.786,154.6875,99.21875,99.21875,118
10,258.786,185.625,59.375,59.375,118
10,258.786,199.6875,76.5625,76.5625,238
10,258.786,219.375,79.6875,79.6875,238
10,258.975,151.875,76.5625,76.5625,224
10,258.975,194.0625,72.65625,72.65625,238
10,259.164,182.8125,66.40625,66.40625,118
10,259.164,188.4375,69.53125,69.53125,238
10,259.164,213.75,78.90625,78.90625,238
10,259.353,149.0625,79.6875,79.6875,118
10,259.353,194.0625,62.5,62.5,118
1,259.542,112.5,83.59375,83.59375,238
1,259.542,146.25,92.96875,92.96875,358
10,259.542,104.0625,72.65625,72.65625,118
10,259.542,112.5,88.28125,88.28125,118
10,259.542,137.8125,72.65625,72.65625,118
10,259.542,146.25,99.21875,99.21875,118
10,259.542,171.5625,69.53125,69.53125,118
10,259.542,182.8125,76.5625,76.5625,238
10,259.542,202.5,69.53125,69.53125,358
1,259.732,216.5625,69.53125,69.53125,358
10,259.732,216.5625,69.53125,69.53125,238
10,259.921,180,69.53125,69.53125,238
1,259.932,247.5,57.03125,57.03125,358
10,259.932,247.5,57.03125,57.03125,351
1,260.110,219.375,78.90625,78.90625,358
10,260.110,219.375,78.90625,78.90625,238
10,260.299,168.75,66.40625,66.40625,125
10,260.299,177.1875,59.375,59.375,238
1,260.310,250.3125,72.65625,72.65625,831
10,260.310,250.3125,72.65625,72.65625,351
1,260.488,247.5,69.53125,69.53125,958
10,260.488,247.5,69.53125,69.53125,238
10,260.677,168.75,69.53125,69.53125,118
10,260.677,180,79.6875,79.6875,238
10,260.677,199.6875,72.65625,72.65625,358
10,260.867,196.875,88.28125,88.28125,238
10,261.056,98.4375,88.28125,88.28125,118
10,261.056,132.1875,83.59375,83.59375,118
10,261.056,165.9375,66.40625,66.40625,118
10,261.056,174.375,76.5625,76.5625,238
10,261.056,191.25,76.5625,76.5625,238
10,261.245,135,83.59375,83.59375,238
10,261.245,194.0625,76.5625,76.5625,238
1,261.434,241.875,88.28125,88.28125,838
10,261.434,199.6875,69.53125,69.53125,238
10,261.434,241.875,88.28125,88.28125,238
10,261.623,146.25,88.28125,88.28125,238
10,261.623,202.5,76.5625,76.5625,238
1,261.812,247.5,92.96875,92.96875,838
10,261.812,168.75,72.65625,72.65625,118
10,261.812,180,79.6875,79.6875,118
10,261.812,199.6875,76.5625,76.5625,238
10,261.812,247.5,92.96875,92.96875,238
10,262.002,109.6875,79.6875,79.6875,118
10,262.002,143.4375,76.5625,76.5625,238
10,262.002,202.5,79.6875,79.6875,238
10,262.191,115.3125,79.6875,79.6875,118
10,262.191,149.0625,79.6875,79.6875,238
10,262.191,199.6875,79.6875,79.6875,238
10,262.380,118.125,62.5,62.5,118
10,262.380,151.875,72.65625,72.65625,238
10,262.380,194.0625,66.40625,66.40625,238
1,262.569,222.1875,92.96875,92.96875,605
10,262.569,165.9375,66.40625,66.40625,118
10,262.569,171.5625,69.53125,69.53125,118
10,262.569,188.4375,72.65625,72.65625,238
10,262.569,222.1875,92.96875,92.96875,238
10,262.758,154.6875,88.28125,88.28125,238
10,262.758,191.25,66.40625,66.40625,238
1,262.947,253.125,76.5625,76.5625,598
10,262.947,168.75,72.65625,72.65625,118
10,262.947,177.1875,72.65625,72.65625,118
10,262.947,194.0625,56.25,56.25,238
10,262.947,253.125,76.5625,76.5625,238
10,263.137,160.3125,72.65625,72.65625,238
10,263.137,202.5,76.5625,76.5625,238
10,263.326,174.375,59.375,59.375,118
10,263.326,185.625,66.40625,66.40625,125
10,263.326,208.125,72.65625,72.65625,238
1,263.337,219.375,88.28125,88.28125,598
10,263.337,219.375,88.28125,88.28125,231
10,263.515,151.875,88.28125,88.28125,238
10,263.515,202.5,79.6875,79.6875,238
1,263.704,250.3125,83.59375,83.59375,605
10,263.704,171.5625,66.40625,66.40625,118
10,263.704,180,83.59375,83.59375,118
10,263.704,196.875,69.53125,69.53125,238
10,263.704,250.3125,83.59375,83.59375,238
10,263.893,154.6875,83.59375,83.59375,238
10,263.893,194.0625,83.59375,83.59375,238
10,264.082,168.75,72.65625,72.65625,118
10,264.082,180,79.6875,79.6875,125
10,264.082,191.25,72.65625,72.65625,238
1,264.094,216.5625,72.65625,72.65625,471
10,264.094,216.5625,72.65625,72.65625,231
10,264.272,146.25,83.59375,83.59375,238
10,264.272,194.0625,76.5625,76.5625,238
10,264.461,174.375,69.53125,69.53125,125
10,264.461,182.8125,72.65625,72.65625,125
1,264.472,213.75,72.65625,72.65625,231
10,264.472,196.875,69.53125,69.53125,231
10,264.472,213.75,72.65625,72.65625,231
10,264.650,149.0625,72.65625,72.65625,118
10,264.650,199.6875,62.5,62.5,118
3,264.839,112.5,99.21875,99.21875,118
3,264.839,146.25,88.28125,88.28125,118
3,264.839,180,92.96875,92.96875,118
3,264.839,199.6875,92.96875,92.96875,118
3,265.028,213.75,56.25,56.25,118
3,265.218,180,69.53125,69.53125,118
3,265.218,199.6875,72.65625,72.65625,118
3,265.218,247.5,46.09375,46.09375,118
4,265.218,247.5,46.09375,46.09375,118
3,265.407,194.0625,76.5625,76.5625,118
3,265.407,219.375,56.25,56.25,118
3,265.596,188.4375,69.53125,69.53125,118
3,265.596,247.5,50,50,118
4,265.596,247.5,50,50,118
3,265.785,194.0625,69.53125,69.53125,118
3,265.785,241.875,66.40625,66.40625,118
4,265.785,241.875,66.40625,66.40625,118
3,265.974,199.6875,76.5625,76.5625,118
3,265.974,222.1875,69.53125,69.53125,118
4,265.974,222.1875,69.53125,69.53125,118
3,266.163,202.5,72.65625,72.65625,118
3,266.163,227.8125,56.25,56.25,118
4,266.163,227.8125,56.25,56.25,118
3,266.353,120.9375,83.59375,83.59375,118
3,266.353,154.6875,83.59375,83.59375,118
3,266.353,185.625,69.53125,69.53125,118
3,266.353,208.125,83.59375,83.59375,118
4,266.353,208.125,83.59375,83.59375,118
3,266.542,149.0625,83.59375,83.59375,118
3,266.542,202.5,76.5625,76.5625,118
3,266.731,182.8125,59.375,59.375,118
3,266.731,199.6875,69.53125,69.53125,118
3,266.731,222.1875,72.65625,72.65625,118
4,266.731,222.1875,72.65625,72.65625,118
3,266.920,146.25,76.5625,76.5625,118
3,266.920,194.0625,62.5,62.5,118
3,267.109,180,62.5,62.5,118
3,267.109,188.4375,69.53125,69.53125,118
3,267.109,233.4375,69.53125,69.53125,118
3,267.298,106.875,88.28125,88.28125,118
3,267.298,140.625,83.59375,83.59375,118
3,267.298,185.625,56.25,56.25,118
4,267.298,185.625,56.25,56.25,118
3,267.488,112.5,83.59375,83.59375,118
3,267.488,146.25,79.6875,79.6875,118
3,267.488,188.4375,62.5,62.5,118
4,267.488,188.4375,62.5,62.5,118
3,267.677,115.3125,92.96875,92.96875,118
3,267.677,149.0625,76.5625,76.5625,118
3,267.677,194.0625,66.40625,66.40625,118
4,267.677,194.0625,66.40625,66.40625,118
3,267.866,185.625,69.53125,69.53125,118
3,267.866,199.6875,53.125,53.125,118
3,267.866,219.375,69.53125,69.53125,118
4,267.866,219.375,69.53125,69.53125,118
3,268.055,151.875,88.28125,88.28125,118
3,268.055,202.5,62.5,62.5,118
3,268.244,182.8125,59.375,59.375,118
3,268.244,199.6875,72.65625,72.65625,118
3,268.244,250.3125,69.53125,69.53125,118
4,268.244,250.3125,69.53125,69.53125,118
3,268.433,149.0625,66.40625,66.40625,118
3,268.433,194.0625,62.5,62.5,118
3,268.623,182.8125,59.375,59.375,118
3,268.623,199.6875,66.40625,66.40625,118
3,268.623,216.5625,83.59375,83.59375,118
4,268.623,216.5625,83.59375,83.59375,118
3,268.812,149.0625,76.5625,76.5625,118
3,268.812,202.5,69.53125,69.53125,118
3,269.001,180,69.53125,69.53125,118
3,269.001,208.125,69.53125,69.53125,118
3,269.001,247.5,72.65625,72.65625,118
4,269.001,247.5,72.65625,72.65625,118
3,269.190,146.25,83.59375,83.59375,118
3,269.190,202.5,69.53125,69.53125,118
3,269.379,185.625,59.375,59.375,118
3,269.379,199.6875,76.5625,76.5625,118
3,269.379,219.375,79.6875,79.6875,118
4,269.379,219.375,79.6875,79.6875,118
3,269.568,151.875,76.5625,76.5625,118
3,269.568,194.0625,72.65625,72.65625,118
3,269.758,182.8125,66.40625,66.40625,104
3,269.758,188.4375,69.53125,69.53125,118
3,269.758,213.75,78.90625,78.90625,118
4,269.758,213.75,78.90625,78.90625,104
3,269.947,149.0625,79.6875,79.6875,118
3,269.947,194.0625,62.5,62.5,118
3,270.136,104.0625,72.65625,72.65625,118
3,270.136,137.8125,72.65625,72.65625,118
3,270.136,171.5625,69.53125,69.53125,118
3,270.136,182.8125,76.5625,76.5625,118
3,270.136,202.5,69.53125,69.53125,118
3,270.325,216.5625,69.53125,69.53125,118
3,270.514,180,69.53125,69.53125,118
3,270.525,247.5,57.03125,57.03125,111
4,270.525,247.5,57.03125,57.03125,111
3,270.703,219.375,78.90625,78.90625,118
3,270.893,168.75,66.40625,66.40625,118
3,270.893,177.1875,59.375,59.375,118
3,270.904,250.3125,72.65625,72.65625,118
4,270.904,250.3125,72.65625,72.65625,118
3,271.082,247.5,69.53125,69.53125,118
4,271.082,247.5,69.53125,69.53125,118
3,271.271,168.75,69.53125,69.53125,118
3,271.271,180,79.6875,79.6875,118
3,271.271,199.6875,72.65625,72.65625,118
4,271.271,233.4375,72.65625,72.65625,118
3,271.460,196.875,88.28125,88.28125,118
4,271.460,230.625,88.28125,88.28125,118
3,271.649,98.4375,88.28125,88.28125,118
3,271.649,132.1875,83.59375,83.59375,118
3,271.649,165.9375,66.40625,66.40625,118
3,271.649,174.375,76.5625,76.5625,118
3,271.649,191.25,76.5625,76.5625,118
3,271.839,135,83.59375,83.59375,118
3,271.839,194.0625,76.5625,76.5625,118
3,272.028,199.6875,69.53125,69.53125,118
3,272.028,241.875,88.28125,88.28125,118
4,272.028,241.875,88.28125,88.28125,118
3,272.217,146.25,88.28125,88.28125,118
3,272.217,202.5,76.5625,76.5625,118
3,272.406,168.75,72.65625,72.65625,118
3,272.406,180,79.6875,79.6875,118
3,272.406,199.6875,76.5625,76.5625,118
3,272.406,247.5,92.96875,92.96875,118
4,272.406,247.5,92.96875,92.96875,118
3,272.595,109.6875,79.6875,79.6875,118
3,272.595,143.4375,76.5625,76.5625,118
3,272.595,202.5,79.6875,79.6875,118
3,272.784,115.3125,79.6875,79.6875,118
3,272.784,149.0625,79.6875,79.6875,118
3,272.784,199.6875,79.6875,79.6875,118
3,272.974,118.125,62.5,62.5,118
3,272.974,151.875,72.65625,72.65625,118
3,272.974,194.0625,66.40625,66.40625,118
3,273.163,165.9375,66.40625,66.40625,118
3,273.163,171.5625,69.53125,69.53125,118
3,273.163,188.4375,72.65625,72.65625,118
3,273.163,222.1875,92.96875,92.96875,118
4,273.163,222.1875,92.96875,92.96875,118
3,273.352,154.6875,88.28125,88.28125,118
3,273.352,191.25,66.40625,66.40625,118
3,273.541,168.75,72.65625,72.65625,118
3,273.541,177.1875,72.65625,72.65625,118
3,273.541,194.0625,56.25,56.25,118
3,273.541,253.125,76.5625,76.5625,118
4,273.541,253.125,76.5625,76.5625,118
3,273.730,160.3125,72.65625,72.65625,118
3,273.730,202.5,76.5625,76.5625,118
3,273.919,174.375,59.375,59.375,118
3,273.919,185.625,66.40625,66.40625,118
3,273.919,208.125,72.65625,72.65625,118
3,273.930,219.375,88.28125,88.28125,118
4,273.930,219.375,88.28125,88.28125,118
3,274.109,151.875,88.28125,88.28125,118
3,274.109,202.5,79.6875,79.6875,118
3,274.298,171.5625,66.40625,66.40625,118
3,274.298,180,83.59375,83.59375,118
3,274.298,196.875,69.53125,69.53125,118
3,274.298,250.3125,83.59375,83.59375,118
4,274.298,250.3125,83.59375,83.59375,118
3,274.487,154.6875,83.59375,83.59375,118
3,274.487,194.0625,83.59375,83.59375,118
3,274.676,168.75,72.65625,72.65625,118
3,274.676,180,79.6875,79.6875,118
3,274.676,191.25,72.65625,72.65625,118
3,274.687,216.5625,72.65625,72.65625,118
4,274.687,216.5625,72.65625,72.65625,118
3,274.865,146.25,83.59375,83.59375,118
3,274.865,194.0625,76.5625,76.5625,118
3,275.054,174.375,69.53125,69.53125,118
3,275.054,182.8125,72.65625,72.65625,118
3,275.065,196.875,69.53125,69.53125,118
3,275.065,213.75,72.65625,72.65625,118
4,275.065,213.75,72.65625,72.65625,118
3,275.244,149.0625,72.65625,72.65625,118
3,275.244,199.6875,62.5,62.5,118
1,275.433,112.5,88.28125,88.28125,478
1,275.433,146.25,92.96875,92.96875,478
10,275.433,112.5,88.28125,88.28125,118
10,275.433,146.25,92.96875,92.96875,118
10,275.433,180,92.96875,92.96875,238
10,275.433,199.6875,92.96875,92.96875,358
10,275.622,213.75,56.25,56.25,238
10,275.811,180,69.53125,69.53125,238
10,275.811,199.6875,72.65625,72.65625,238
10,276.000,194.0625,76.5625,76.5625,118
10,276.000,219.375,56.25,56.25,118
1,276.189,120.9375,83.59375,83.59375,478
1,276.189,154.6875,83.59375,83.59375,478
10,276.189,120.9375,83.59375,83.59375,118
10,276.189,154.6875,83.59375,83.59375,238
10,276.189,188.4375,69.53125,69.53125,358
10,276.379,194.0625,69.53125,69.53125,238
10,276.568,199.6875,76.5625,76.5625,238
10,276.568,222.1875,69.53125,69.53125,238
10,276.757,202.5,72.65625,72.65625,118
1,276.946,140.625,83.59375,83.59375,478
1,276.946,174.375,76.5625,76.5625,478
10,276.946,140.625,83.59375,83.59375,118
10,276.946,174.375,76.5625,76.5625,118
10,276.946,185.625,69.53125,69.53125,238
10,276.946,208.125,83.59375,83.59375,358
10,277.135,202.5,76.5625,76.5625,238
10,277.324,182.8125,59.375,59.375,118
10,277.324,199.6875,69.53125,69.53125,238
10,277.324,222.1875,72.65625,72.65625,238
10,277.514,194.0625,62.5,62.5,118
1,277.703,126.5625,87.5,87.5,478
1,277.703,160.3125,84.375,84.375,478
10,277.703,126.5625,87.5,87.5,118
10,277.703,160.3125,84.375,84.375,118
10,277.703,180,70.3125,70.3125,238
10,277.703,188.4375,77.34375,77.34375,358
10,277.892,185.625,64.0625,64.0625,358
10,278.081,188.4375,70.3125,70.3125,238
10,278.270,194.0625,74.21875,74.21875,118
1,278.459,132.1875,87.5,87.5,478
1,278.459,165.9375,84.375,84.375,478
10,278.459,132.1875,87.5,87.5,118
10,278.459,165.9375,84.375,84.375,118
10,278.459,185.625,77.34375,77.34375,238
10,278.459,199.6875,60.9375,60.9375,358
10,278.649,202.5,70.3125,70.3125,238
10,278.838,182.8125,67.1875,67.1875,238
10,278.838,199.6875,80.46875,80.46875,238
10,279.027,194.0625,70.3125,70.3125,118
1,279.216,120.9375,80.46875,80.46875,478
1,279.216,154.6875,91.40625,91.40625,478
10,279.216,120.9375,80.46875,80.46875,118
10,279.216,154.6875,91.40625,91.40625,118
10,279.216,182.8125,67.1875,67.1875,238
10,279.216,199.6875,74.21875,74.21875,358
10,279.405,202.5,77.34375,77.34375,238
10,279.595,180,77.34375,77.34375,238
10,279.595,208.125,77.34375,77.34375,238
10,279.784,202.5,77.34375,77.34375,118
1,279.973,126.5625,91.40625,91.40625,478
1,279.973,160.3125,84.375,84.375,478
10,279.973,126.5625,91.40625,91.40625,118
10,279.973,160.3125,84.375,84.375,118
10,279.973,185.625,67.1875,67.1875,238
10,279.973,199.6875,84.375,84.375,344
10,280.162,194.0625,80.46875,80.46875,238
10,280.351,182.8125,74.21875,74.21875,118
10,280.351,188.4375,77.34375,77.34375,238
10,280.351,213.75,86.71875,86.71875,238
10,280.540,194.0625,70.3125,70.3125,118
1,280.730,112.5,69.53125,69.53125,3358
1,280.730,146.25,85.15625,85.15625,3360
3,280.730,112.5,69.53125,69.53125,118
3,280.730,112.5,99.21875,99.21875,118
3,280.730,146.25,83.59375,83.59375,118
3,280.730,146.25,88.28125,88.28125,118
3,280.730,180,92.96875,92.96875,118
3,280.730,180,92.96875,92.96875,118
3,280.730,199.6875,92.96875,92.96875,238
3,280.730,199.6875,92.96875,92.96875,238
10,280.730,112.5,69.53125,69.53125,3358
10,280.730,146.25,85.15625,85.15625,3360
3,280.919,213.75,56.25,56.25,238
3,280.919,213.75,56.25,56.25,238
3,281.108,180,69.53125,69.53125,118
3,281.108,180,69.53125,69.53125,118
3,281.108,199.6875,72.65625,72.65625,118
3,281.108,199.6875,72.65625,72.65625,238
3,281.108,247.5,46.09375,46.09375,238
4,281.108,247.5,53.90625,53.90625,118
3,281.297,194.0625,76.5625,76.5625,118
3,281.297,194.0625,76.5625,76.5625,118
3,281.297,219.375,56.25,56.25,238
3,281.297,219.375,56.25,56.25,238
3,281.486,188.4375,69.53125,69.53125,118
3,281.486,188.4375,69.53125,69.53125,238
3,281.486,247.5,50,50,238
4,281.486,247.5,57.8125,57.8125,118
3,281.675,194.0625,69.53125,69.53125,118
3,281.675,194.0625,69.53125,69.53125,238
3,281.675,241.875,66.40625,66.40625,238
4,281.675,241.875,74.21875,74.21875,118
3,281.865,199.6875,76.5625,76.5625,118
3,281.865,199.6875,76.5625,76.5625,118
3,281.865,222.1875,69.53125,69.53125,238
3,281.865,222.1875,69.53125,69.53125,238
3,282.054,202.5,72.65625,72.65625,118
3,282.054,202.5,72.65625,72.65625,238
3,282.054,227.8125,56.25,56.25,238
4,282.054,227.8125,64.0625,64.0625,118
3,282.243,120.9375,83.59375,83.59375,118
3,282.243,154.6875,83.59375,83.59375,118
3,282.243,185.625,69.53125,69.53125,118
3,282.243,185.625,69.53125,69.53125,118
3,282.243,208.125,83.59375,83.59375,238
3,282.243,208.125,83.59375,83.59375,238
3,282.432,149.0625,83.59375,83.59375,118
3,282.432,202.5,76.5625,76.5625,238
3,282.432,202.5,76.5625,76.5625,238
3,282.621,182.8125,59.375,59.375,118
3,282.621,182.8125,59.375,59.375,118
3,282.621,199.6875,69.53125,69.53125,118
3,282.621,199.6875,69.53125,69.53125,118
3,282.621,222.1875,72.65625,72.65625,238
3,282.621,222.1875,72.65625,72.65625,238
4,282.621,222.1875,80.46875,80.46875,118
4,282.621,222.1875,80.46875,80.46875,118
3,282.810,146.25,76.5625,76.5625,118
3,282.810,194.0625,62.5,62.5,120
3,282.810,194.0625,62.5,62.5,238
3,283.000,146.25,83.59375,83.59375,118
3,283.000,180,62.5,62.5,118
3,283.000,180,62.5,62.5,118
3,283.000,188.4375,69.53125,69.53125,118
3,283.000,188.4375,69.53125,69.53125,238
3,283.000,233.4375,69.53125,69.53125,238
4,283.000,233.4375,77.34375,77.34375,118
3,283.189,106.875,88.28125,88.28125,118
3,283.189,140.625,83.59375,83.59375,118
3,283.189,185.625,56.25,56.25,238
3,283.189,185.625,56.25,56.25,238
3,283.378,112.5,83.59375,83.59375,118
3,283.378,146.25,79.6875,79.6875,118
3,283.378,188.4375,62.5,62.5,238
3,283.378,188.4375,62.5,62.5,238
3,283.567,115.3125,92.96875,92.96875,118
3,283.567,149.0625,76.5625,76.5625,118
3,283.567,194.0625,66.40625,66.40625,238
3,283.567,194.0625,66.40625,66.40625,238
3,283.756,185.625,69.53125,69.53125,118
3,283.756,185.625,69.53125,69.53125,118
3,283.756,199.6875,53.125,53.125,118
3,283.756,199.6875,53.125,53.125,238
3,283.756,219.375,69.53125,69.53125,238
4,283.756,219.375,77.34375,77.34375,118
3,283.945,151.875,88.28125,88.28125,118
3,283.945,202.5,62.5,62.5,238
3,283.945,202.5,62.5,62.5,238
3,284.135,182.8125,59.375,59.375,118
3,284.135,182.8125,59.375,59.375,118
3,284.135,199.6875,72.65625,72.65625,118
3,284.135,199.6875,72.65625,72.65625,238
3,284.135,250.3125,69.53125,69.53125,238
4,284.135,250.3125,77.34375,77.34375,118
3,284.324,149.0625,66.40625,66.40625,118
3,284.324,194.0625,62.5,62.5,238
3,284.324,194.0625,62.5,62.5,238
3,284.513,182.8125,59.375,59.375,118
3,284.513,182.8125,59.375,59.375,118
3,284.513,199.6875,66.40625,66.40625,118
3,284.513,199.6875,66.40625,66.40625,238
3,284.513,216.5625,83.59375,83.59375,238
4,284.513,216.5625,91.40625,91.40625,118
3,284.702,149.0625,76.5625,76.5625,118
3,284.702,202.5,69.53125,69.53125,238
3,284.702,202.5,69.53125,69.53125,238
3,284.891,180,69.53125,69.53125,118
3,284.891,180,69.53125,69.53125,118
3,284.891,208.125,69.53125,69.53125,118
3,284.891,208.125,69.53125,69.53125,238
3,284.891,247.5,72.65625,72.65625,238
4,284.891,247.5,80.46875,80.46875,118
3,285.080,146.25,83.59375,83.59375,118
3,285.080,202.5,69.53125,69.53125,238
3,285.080,202.5,69.53125,69.53125,238
3,285.270,185.625,59.375,59.375,118
3,285.270,185.625,59.375,59.375,118
3,285.270,199.6875,76.5625,76.5625,118
3,285.270,199.6875,76.5625,76.5625,238
3,285.270,219.375,79.6875,79.6875,238
4,285.270,219.375,87.5,87.5,118
3,285.459,151.875,76.5625,76.5625,118
3,285.459,194.0625,72.65625,72.65625,224
3,285.459,194.0625,72.65625,72.65625,224
3,285.648,182.8125,66.40625,66.40625,118
3,285.648,182.8125,66.40625,66.40625,118
3,285.648,188.4375,69.53125,69.53125,118
3,285.648,188.4375,69.53125,69.53125,118
3,285.648,213.75,78.90625,78.90625,238
3,285.648,213.75,78.90625,78.90625,238
4,285.648,213.75,86.71875,86.71875,104
3,285.837,149.0625,79.6875,79.6875,118
3,285.837,194.0625,62.5,62.5,118
3,285.837,194.0625,62.5,62.5,118
1,286.026,112.5,95.3125,95.3125,238
10,286.026,112.5,83.59375,83.59375,118
10,286.026,180,92.96875,92.96875,118
10,286.026,199.6875,92.96875,92.96875,238
10,286.215,213.75,56.25,56.25,118
1,286.405,146.25,91.40625,91.40625,238
10,286.405,146.25,79.6875,79.6875,118
10,286.405,180,69.53125,69.53125,118
10,286.405,199.6875,72.65625,72.65625,238
10,286.594,194.0625,76.5625,76.5625,118
10,286.594,219.375,56.25,56.25,118
1,286.783,120.9375,95.3125,95.3125,238
10,286.783,120.9375,83.59375,83.59375,118
10,286.783,188.4375,69.53125,69.53125,238
10,286.972,194.0625,69.53125,69.53125,118
1,287.161,154.6875,95.3125,95.3125,238
10,287.161,154.6875,83.59375,83.59375,118
10,287.161,199.6875,76.5625,76.5625,118
10,287.161,222.1875,69.53125,69.53125,238
10,287.351,202.5,72.65625,72.65625,118
1,287.540,140.625,95.3125,95.3125,238
10,287.540,140.625,83.59375,83.59375,118
10,287.540,185.625,69.53125,69.53125,118
10,287.540,208.125,83.59375,83.59375,238
10,287.729,202.5,76.5625,76.5625,118
1,287.918,174.375,95.3125,95.3125,238
10,287.918,174.375,83.59375,83.59375,118
10,287.918,182.8125,59.375,59.375,118
10,287.918,199.6875,69.53125,69.53125,118
10,287.918,222.1875,72.65625,72.65625,238
10,288.107,194.0625,62.5,62.5,118
1,288.296,126.5625,99.21875,99.21875,238
10,288.296,126.5625,83.59375,83.59375,118
10,288.296,180,62.5,62.5,118
10,288.296,188.4375,69.53125,69.53125,238
10,288.486,185.625,56.25,56.25,118
1,288.675,160.3125,93.75,93.75,238
10,288.675,160.3125,72.65625,72.65625,118
10,288.675,188.4375,62.5,62.5,238
10,288.864,194.0625,66.40625,66.40625,118
1,289.053,132.1875,90.625,90.625,238
10,289.053,132.1875,69.53125,69.53125,118
10,289.053,185.625,69.53125,69.53125,118
10,289.053,199.6875,53.125,53.125,238
10,289.242,202.5,62.5,62.5,118
1,289.431,165.9375,93.75,93.75,238
10,289.431,165.9375,72.65625,72.65625,118
10,289.431,182.8125,59.375,59.375,118
10,289.431,199.6875,72.65625,72.65625,238
10,289.621,194.0625,62.5,62.5,118
1,289.810,118.125,97.65625,97.65625,238
10,289.810,118.125,76.5625,76.5625,118
10,289.810,182.8125,59.375,59.375,118
10,289.810,199.6875,66.40625,66.40625,238
10,289.999,202.5,69.53125,69.53125,118
1,290.188,151.875,99.21875,99.21875,238
10,290.188,151.875,83.59375,83.59375,118
10,290.188,180,69.53125,69.53125,118
10,290.188,208.125,69.53125,69.53125,238
10,290.377,202.5,69.53125,69.53125,118
1,290.566,120.9375,93.75,93.75,238
10,290.566,120.9375,72.65625,72.65625,118
10,290.566,185.625,59.375,59.375,118
10,290.566,199.6875,76.5625,76.5625,238
10,290.756,194.0625,72.65625,72.65625,118
1,290.945,154.6875,99.21875,99.21875,238
10,290.945,154.6875,79.6875,79.6875,104
10,290.945,182.8125,66.40625,66.40625,118
10,290.945,188.4375,69.53125,69.53125,118
10,290.945,213.75,78.90625,78.90625,238
10,291.134,194.0625,62.5,62.5,118
1,291.314,151.875,89.0625,89.0625,1404
3,291.314,137.8125,72.65625,72.65625,118
3,291.314,151.875,89.0625,89.0625,124
10,291.314,151.875,89.0625,89.0625,1404
1,291.323,118.125,98.4375,98.4375,1429
3,291.323,104.0625,72.65625,72.65625,118
3,291.323,118.125,89.0625,89.0625,118
3,291.323,171.5625,60.15625,60.15625,118
3,291.323,182.8125,67.1875,67.1875,238
3,291.323,202.5,60.15625,60.15625,358
10,291.323,118.125,98.4375,98.4375,1429
3,291.512,216.5625,60.15625,60.15625,238
3,291.701,180,60.15625,60.15625,238
3,291.712,247.5,47.65625,47.65625,351
4,291.712,247.5,55.46875,55.46875,111
3,291.891,219.375,69.53125,69.53125,238
4,291.891,219.375,77.34375,77.34375,118
3,292.080,168.75,57.03125,57.03125,125
3,292.080,177.1875,50,50,238
3,292.091,250.3125,63.28125,63.28125,351
4,292.091,250.3125,71.09375,71.09375,118
3,292.269,247.5,60.15625,60.15625,238
4,292.269,247.5,67.96875,67.96875,118
3,292.458,168.75,60.15625,60.15625,118
3,292.458,180,70.3125,70.3125,238
3,292.458,199.6875,63.28125,63.28125,358
3,292.647,196.875,78.90625,78.90625,238
3,292.836,98.4375,88.28125,88.28125,118
3,292.836,132.1875,83.59375,83.59375,118
3,292.836,165.9375,66.40625,66.40625,118
3,292.836,174.375,76.5625,76.5625,238
3,292.836,191.25,76.5625,76.5625,238
3,293.026,135,83.59375,83.59375,238
3,293.026,194.0625,76.5625,76.5625,238
3,293.215,199.6875,69.53125,69.53125,198
3,293.215,241.875,88.28125,88.28125,229
4,293.215,241.875,96.09375,96.09375,118
3,293.404,146.25,88.28125,88.28125,118
3,293.404,202.5,76.5625,76.5625,118
4,293.404,202.5,84.375,84.375,118
1,293.584,98.4375,98.4375,98.4375,1898
3,293.584,98.4375,93.75,93.75,124
10,293.584,98.4375,98.4375,98.4375,1898
1,293.593,132.1875,98.4375,98.4375,1918
3,293.593,132.1875,96.875,96.875,118
3,293.593,165.9375,63.28125,63.28125,118
3,293.593,180,70.3125,70.3125,238
3,293.593,199.6875,67.1875,67.1875,238
10,293.593,132.1875,98.4375,98.4375,1918
3,293.782,109.6875,79.6875,79.6875,118
3,293.782,143.4375,76.5625,76.5625,238
3,293.782,202.5,70.3125,70.3125,238
4,293.782,202.5,78.125,78.125,118
3,293.971,115.3125,79.6875,79.6875,118
3,293.971,149.0625,79.6875,79.6875,238
3,293.971,199.6875,70.3125,70.3125,238
4,293.971,199.6875,78.125,78.125,118
3,294.161,118.125,62.5,62.5,118
3,294.161,151.875,72.65625,72.65625,238
3,294.161,194.0625,57.03125,57.03125,238
4,294.161,194.0625,64.84375,64.84375,118
3,294.350,165.9375,66.40625,66.40625,118
3,294.350,171.5625,69.53125,69.53125,118
3,294.350,188.4375,72.65625,72.65625,238
3,294.350,222.1875,92.96875,92.96875,238
4,294.350,222.1875,99.21875,99.21875,118
3,294.539,154.6875,88.28125,88.28125,238
3,294.539,191.25,66.40625,66.40625,238
3,294.728,168.75,72.65625,72.65625,118
3,294.728,177.1875,72.65625,72.65625,118
3,294.728,194.0625,56.25,56.25,238
3,294.728,253.125,76.5625,76.5625,238
4,294.728,253.125,84.375,84.375,118
3,294.917,160.3125,72.65625,72.65625,238
3,294.917,202.5,76.5625,76.5625,238
3,295.107,174.375,59.375,59.375,118
3,295.107,185.625,66.40625,66.40625,125
3,295.107,208.125,72.65625,72.65625,238
3,295.118,219.375,88.28125,88.28125,231
4,295.118,219.375,96.09375,96.09375,118
3,295.296,151.875,88.28125,88.28125,238
3,295.296,202.5,79.6875,79.6875,238
3,295.485,171.5625,66.40625,66.40625,118
3,295.485,180,83.59375,83.59375,118
3,295.485,196.875,69.53125,69.53125,238
3,295.485,250.3125,83.59375,83.59375,238
4,295.485,250.3125,91.40625,91.40625,118
3,295.674,154.6875,83.59375,83.59375,238
3,295.674,194.0625,83.59375,83.59375,238
3,295.863,168.75,72.65625,72.65625,118
3,295.863,180,79.6875,79.6875,125
3,295.863,191.25,72.65625,72.65625,238
3,295.874,216.5625,72.65625,72.65625,231
4,295.874,216.5625,80.46875,80.46875,118
3,296.052,146.25,83.59375,83.59375,238
3,296.052,194.0625,76.5625,76.5625,238
3,296.242,174.375,69.53125,69.53125,125
3,296.242,182.8125,72.65625,72.65625,125
3,296.253,196.875,69.53125,69.53125,205
3,296.253,213.75,72.65625,72.65625,225
4,296.253,213.75,80.46875,80.46875,118
3,296.431,149.0625,72.65625,72.65625,118
3,296.431,199.6875,62.5,62.5,118
1,296.620,112.5,89.0625,89.0625,318
1,296.620,146.25,79.6875,79.6875,478
10,296.620,112.5,99.21875,99.21875,118
10,296.620,112.5,89.0625,89.0625,118
10,296.620,146.25,88.28125,88.28125,118
10,296.620,146.25,79.6875,79.6875,118
10,296.620,180,92.96875,92.96875,238
10,296.620,199.6875,92.96875,92.96875,318
10,296.809,213.75,56.25,56.25,238
1,296.872,199.6875,72.65625,72.65625,318
10,296.872,199.6875,72.65625,72.65625,198
10,296.998,180,69.53125,69.53125,118
10,296.998,199.6875,72.65625,72.65625,238
10,296.998,247.5,46.09375,46.09375,238
1,297.124,213.75,69.53125,69.53125,158
10,297.124,213.75,69.53125,69.53125,158
10,297.187,194.0625,76.5625,76.5625,118
10,297.187,219.375,56.25,56.25,118
1,297.377,140.625,97.65625,97.65625,318
1,297.377,165.9375,83.59375,83.59375,478
10,297.377,140.625,97.65625,97.65625,118
10,297.377,165.9375,83.59375,83.59375,118
10,297.377,188.4375,69.53125,69.53125,238
10,297.377,247.5,50,50,238
10,297.566,194.0625,69.53125,69.53125,198
10,297.566,241.875,66.40625,66.40625,238
1,297.629,208.125,88.28125,88.28125,318
10,297.629,208.125,88.28125,88.28125,198
10,297.755,199.6875,76.5625,76.5625,238
10,297.755,222.1875,69.53125,69.53125,238
1,297.881,227.8125,76.5625,76.5625,158
10,297.881,227.8125,76.5625,76.5625,158
10,297.944,202.5,72.65625,72.65625,118
10,297.944,227.8125,56.25,56.25,118
1,298.133,154.6875,92.96875,92.96875,478
1,298.133,188.4375,83.59375,83.59375,478
10,298.133,120.9375,83.59375,83.59375,118
10,298.133,154.6875,83.59375,83.59375,118
10,298.133,154.6875,92.96875,92.96875,118
10,298.133,185.625,69.53125,69.53125,118
10,298.133,188.4375,83.59375,83.59375,238
10,298.133,208.125,83.59375,83.59375,238
10,298.322,149.0625,83.59375,83.59375,238
10,298.322,202.5,76.5625,76.5625,238
1,298.385,233.4375,83.59375,83.59375,318
10,298.385,233.4375,83.59375,83.59375,198
10,298.512,182.8125,59.375,59.375,238
10,298.512,199.6875,69.53125,69.53125,238
10,298.512,222.1875,72.65625,72.65625,238
1,298.647,247.5,79.6875,79.6875,154
10,298.647,247.5,79.6875,79.6875,152
10,298.701,146.25,76.5625,76.5625,118
10,298.701,194.0625,62.5,62.5,120
1,298.890,185.625,79.6875,79.6875,318
10,298.890,180,62.5,62.5,118
10,298.890,185.625,79.6875,79.6875,118
10,298.890,188.4375,69.53125,69.53125,118
10,298.890,233.4375,69.53125,69.53125,238
1,298.901,151.875,92.96875,92.96875,471
10,298.901,151.875,92.96875,92.96875,231
10,299.079,106.875,88.28125,88.28125,118
10,299.079,140.625,83.59375,83.59375,198
10,299.079,185.625,56.25,56.25,238
1,299.142,227.8125,76.5625,76.5625,318
10,299.142,227.8125,76.5625,76.5625,198
10,299.268,112.5,83.59375,83.59375,118
10,299.268,146.25,79.6875,79.6875,238
10,299.268,188.4375,62.5,62.5,238
1,299.394,241.875,83.59375,83.59375,165
10,299.394,241.875,83.59375,83.59375,158
10,299.457,115.3125,92.96875,92.96875,118
10,299.457,149.0625,76.5625,76.5625,118
10,299.457,194.0625,66.40625,66.40625,125
1,299.647,154.6875,92.96875,92.96875,318
1,299.647,188.4375,76.5625,76.5625,478
10,299.647,154.6875,92.96875,92.96875,118
10,299.647,185.625,69.53125,69.53125,118
10,299.647,188.4375,76.5625,76.5625,118
10,299.647,199.6875,53.125,53.125,238
10,299.647,219.375,69.53125,69.53125,238
10,299.836,151.875,88.28125,88.28125,198
10,299.836,202.5,62.5,62.5,238
1,299.899,247.5,72.65625,72.65625,318
10,299.899,247.5,72.65625,72.65625,198
10,300.025,182.8125,59.375,59.375,118
10,300.025,199.6875,72.65625,72.65625,238
10,300.025,250.3125,69.53125,69.53125,238
1,300.151,267.1875,56.25,56.25,158
10,300.151,267.1875,56.25,56.25,158
10,300.214,149.0625,66.40625,66.40625,118
10,300.214,194.0625,62.5,62.5,118
1,300.403,199.6875,76.5625,76.5625,318
10,300.403,182.8125,59.375,59.375,118
10,300.403,199.6875,66.40625,66.40625,118
10,300.403,199.6875,76.5625,76.5625,118
10,300.403,216.5625,83.59375,83.59375,238
1,300.414,165.9375,85.9375,85.9375,471
10,300.414,165.9375,85.9375,85.9375,231
10,300.592,149.0625,76.5625,76.5625,198
10,300.592,202.5,69.53125,69.53125,238
1,300.656,241.875,72.65625,72.65625,318
10,300.656,241.875,72.65625,72.65625,198
10,300.782,180,69.53125,69.53125,118
10,300.782,208.125,69.53125,69.53125,238
10,300.782,247.5,72.65625,72.65625,238
1,300.908,261.5625,72.65625,72.65625,165
10,300.908,261.5625,72.65625,72.65625,158
10,300.971,146.25,83.59375,83.59375,118
10,300.971,202.5,69.53125,69.53125,125
1,301.160,188.4375,89.0625,89.0625,318
10,301.160,185.625,59.375,59.375,118
10,301.160,188.4375,89.0625,89.0625,118
10,301.160,199.6875,76.5625,76.5625,118
10,301.160,219.375,79.6875,79.6875,238
1,301.171,222.1875,79.6875,79.6875,471
10,301.171,222.1875,79.6875,79.6875,231
10,301.349,151.875,76.5625,76.5625,198
10,301.349,194.0625,72.65625,72.65625,224
1,301.412,227.8125,69.53125,69.53125,318
10,301.412,227.8125,69.53125,69.53125,198
10,301.538,182.8125,66.40625,66.40625,118
10,301.538,188.4375,69.53125,69.53125,238
10,301.538,213.75,78.90625,78.90625,238
1,301.664,241.875,72.65625,72.65625,160
10,301.664,241.875,72.65625,72.65625,158
10,301.727,149.0625,79.6875,79.6875,118
10,301.727,194.0625,62.5,62.5,120
1,301.917,185.625,77.34375,77.34375,1435
3,301.917,112.5,99.21875,99.21875,118
3,301.917,118.125,67.96875,67.96875,118
3,301.917,146.25,88.28125,88.28125,118
3,301.917,151.875,83.59375,83.59375,118
3,301.917,180,92.96875,92.96875,118
3,301.917,180,92.96875,92.96875,118
3,301.917,199.6875,92.96875,92.96875,238
3,301.917,199.6875,92.96875,92.96875,238
10,301.917,185.625,77.34375,77.34375,1435
1,301.928,219.375,95.3125,95.3125,1428
10,301.928,219.375,95.3125,95.3125,1428
3,302.106,213.75,56.25,56.25,238
3,302.106,213.75,56.25,56.25,238
3,302.295,180,69.53125,69.53125,118
3,302.295,180,69.53125,69.53125,118
3,302.295,199.6875,72.65625,72.65625,118
3,302.295,199.6875,72.65625,72.65625,238
3,302.295,247.5,46.09375,46.09375,238
4,302.295,247.5,53.90625,53.90625,118
3,302.484,194.0625,76.5625,76.5625,118
3,302.484,194.0625,76.5625,76.5625,118
3,302.484,219.375,56.25,56.25,238
3,302.484,219.375,56.25,56.25,238
3,302.673,188.4375,69.53125,69.53125,118
3,302.673,188.4375,69.53125,69.53125,238
3,302.673,247.5,50,50,238
4,302.673,247.5,57.8125,57.8125,118
3,302.863,194.0625,69.53125,69.53125,118
3,302.863,194.0625,69.53125,69.53125,238
3,302.863,241.875,66.40625,66.40625,238
4,302.863,241.875,74.21875,74.21875,118
3,303.052,199.6875,76.5625,76.5625,118
3,303.052,199.6875,76.5625,76.5625,118
3,303.052,222.1875,69.53125,69.53125,238
3,303.052,222.1875,69.53125,69.53125,238
3,303.241,202.5,72.65625,72.65625,118
3,303.241,202.5,72.65625,72.65625,238
3,303.241,227.8125,56.25,56.25,238
3,303.430,120.9375,83.59375,83.59375,118
3,303.430,154.6875,83.59375,83.59375,118
3,303.430,185.625,69.53125,69.53125,118
3,303.430,185.625,69.53125,69.53125,118
3,303.430,208.125,83.59375,83.59375,238
3,303.430,208.125,83.59375,83.59375,238
4,303.430,208.125,91.40625,91.40625,118
3,303.619,149.0625,83.59375,83.59375,118
3,303.619,202.5,76.5625,76.5625,238
3,303.619,202.5,76.5625,76.5625,238
3,303.808,182.8125,59.375,59.375,118
3,303.808,182.8125,59.375,59.375,118
3,303.808,199.6875,69.53125,69.53125,118
3,303.808,199.6875,69.53125,69.53125,118
3,303.808,222.1875,72.65625,72.65625,238
3,303.808,222.1875,72.65625,72.65625,238
4,303.808,222.1875,80.46875,80.46875,118
3,303.998,146.25,76.5625,76.5625,118
3,303.998,194.0625,62.5,62.5,120
3,303.998,194.0625,62.5,62.5,120
1,304.187,165.9375,79.6875,79.6875,1918
1,304.187,199.6875,76.5625,76.5625,1918
3,304.187,132.1875,79.6875,79.6875,118
3,304.187,180,62.5,62.5,118
3,304.187,180,62.5,62.5,118
3,304.187,188.4375,69.53125,69.53125,118
3,304.187,188.4375,69.53125,69.53125,118
3,304.187,233.4375,69.53125,69.53125,238
10,304.187,165.9375,79.6875,79.6875,1918
10,304.187,199.6875,76.5625,76.5625,1918
3,304.198,98.4375,83.59375,83.59375,231
3,304.376,106.875,88.28125,88.28125,118
3,304.376,140.625,83.59375,83.59375,118
3,304.376,185.625,56.25,56.25,238
3,304.376,185.625,56.25,56.25,238
4,304.376,185.625,64.0625,64.0625,118
3,304.565,112.5,83.59375,83.59375,118
3,304.565,146.25,79.6875,79.6875,118
3,304.565,188.4375,62.5,62.5,238
3,304.565,188.4375,62.5,62.5,238
4,304.565,188.4375,70.3125,70.3125,118
3,304.754,115.3125,92.96875,92.96875,118
3,304.754,149.0625,76.5625,76.5625,118
3,304.754,194.0625,66.40625,66.40625,238
3,304.754,194.0625,66.40625,66.40625,238
4,304.754,194.0625,74.21875,74.21875,118
3,304.943,185.625,69.53125,69.53125,118
3,304.943,185.625,69.53125,69.53125,118
3,304.943,199.6875,53.125,53.125,118
3,304.943,199.6875,53.125,53.125,238
3,304.943,219.375,69.53125,69.53125,238
4,304.943,219.375,77.34375,77.34375,118
3,305.133,151.875,88.28125,88.28125,118
3,305.133,202.5,62.5,62.5,238
3,305.133,202.5,62.5,62.5,238
3,305.322,182.8125,59.375,59.375,118
3,305.322,182.8125,59.375,59.375,118
3,305.322,199.6875,72.65625,72.65625,118
3,305.322,199.6875,72.65625,72.65625,238
3,305.322,250.3125,69.53125,69.53125,238
4,305.322,250.3125,77.34375,77.34375,118
3,305.511,149.0625,66.40625,66.40625,118
3,305.511,194.0625,62.5,62.5,238
3,305.511,194.0625,62.5,62.5,238
3,305.700,182.8125,59.375,59.375,118
3,305.700,182.8125,59.375,59.375,118
3,305.700,199.6875,66.40625,66.40625,118
3,305.700,199.6875,66.40625,66.40625,238
3,305.700,216.5625,83.59375,83.59375,238
4,305.700,216.5625,91.40625,91.40625,118
3,305.889,149.0625,76.5625,76.5625,118
3,305.889,202.5,69.53125,69.53125,238
3,305.889,202.5,69.53125,69.53125,238
3,306.078,180,69.53125,69.53125,118
3,306.078,180,69.53125,69.53125,118
3,306.078,208.125,69.53125,69.53125,118
3,306.078,208.125,69.53125,69.53125,238
3,306.078,247.5,72.65625,72.65625,238
4,306.078,247.5,80.46875,80.46875,118
3,306.268,146.25,83.59375,83.59375,118
3,306.268,202.5,69.53125,69.53125,238
3,306.268,202.5,69.53125,69.53125,238
3,306.457,185.625,59.375,59.375,118
3,306.457,185.625,59.375,59.375,118
3,306.457,199.6875,76.5625,76.5625,118
3,306.457,199.6875,76.5625,76.5625,238
3,306.457,219.375,79.6875,79.6875,238
4,306.457,219.375,87.5,87.5,118
3,306.646,151.875,76.5625,76.5625,118
3,306.646,194.0625,72.65625,72.65625,224
3,306.646,194.0625,72.65625,72.65625,224
3,306.835,182.8125,66.40625,66.40625,118
3,306.835,182.8125,66.40625,66.40625,118
3,306.835,188.4375,69.53125,69.53125,118
3,306.835,188.4375,69.53125,69.53125,118
3,306.835,213.75,78.90625,78.90625,238
3,306.835,213.75,78.90625,78.90625,238
4,306.835,213.75,86.71875,86.71875,104
3,307.024,149.0625,79.6875,79.6875,118
3,307.024,194.0625,62.5,62.5,118
3,307.024,194.0625,62.5,62.5,120
1,307.213,112.5,83.59375,83.59375,358
1,307.213,146.25,83.59375,83.59375,478
10,307.213,112.5,99.21875,99.21875,118
10,307.213,112.5,99.21875,99.21875,118
10,307.213,146.25,92.96875,92.96875,118
10,307.213,146.25,88.28125,88.28125,118
10,307.213,180,92.96875,92.96875,238
10,307.213,199.6875,92.96875,92.96875,358
10,307.403,213.75,56.25,56.25,238
1,307.592,247.5,46.09375,46.09375,238
10,307.592,180,69.53125,69.53125,118
10,307.592,199.6875,72.65625,72.65625,238
10,307.592,247.5,46.09375,46.09375,238
1,307.781,219.375,56.25,56.25,118
10,307.781,194.0625,76.5625,76.5625,118
10,307.781,219.375,56.25,56.25,118
1,307.970,120.9375,83.59375,83.59375,118
1,307.970,154.6875,92.96875,92.96875,238
1,307.970,247.5,50,50,358
10,307.970,120.9375,99.21875,99.21875,118
10,307.970,154.6875,88.28125,88.28125,118
10,307.970,188.4375,69.53125,69.53125,238
10,307.970,247.5,50,50,238
1,308.159,241.875,66.40625,66.40625,358
10,308.159,194.0625,69.53125,69.53125,238
10,308.159,241.875,66.40625,66.40625,238
1,308.348,222.1875,69.53125,69.53125,238
10,308.348,199.6875,76.5625,76.5625,238
10,308.348,222.1875,69.53125,69.53125,238
1,308.538,227.8125,56.25,56.25,118
10,308.538,202.5,72.65625,72.65625,118
10,308.538,227.8125,56.25,56.25,118
1,308.727,140.625,79.6875,79.6875,358
1,308.727,174.375,92.96875,92.96875,478
10,308.727,120.9375,83.59375,83.59375,118
10,308.727,140.625,92.96875,92.96875,118
10,308.727,154.6875,83.59375,83.59375,118
10,308.727,174.375,99.21875,99.21875,118
10,308.727,185.625,69.53125,69.53125,238
10,308.727,208.125,83.59375,83.59375,238
10,308.916,149.0625,83.59375,83.59375,238
10,308.916,202.5,76.5625,76.5625,238
1,309.105,222.1875,72.65625,72.65625,238
10,309.105,182.8125,59.375,59.375,118
10,309.105,199.6875,69.53125,69.53125,238
10,309.105,222.1875,72.65625,72.65625,238
10,309.294,146.25,76.5625,76.5625,118
10,309.294,194.0625,62.5,62.5,118
1,309.484,132.1875,83.59375,83.59375,118
1,309.484,165.9375,99.21875,99.21875,478
1,309.484,233.4375,69.53125,69.53125,478
10,309.484,132.1875,88.28125,88.28125,118
10,309.484,165.9375,92.96875,92.96875,118
10,309.484,180,62.5,62.5,118
10,309.484,188.4375,69.53125,69.53125,238
10,309.484,233.4375,69.53125,69.53125,238
10,309.673,106.875,88.28125,88.28125,118
10,309.673,140.625,83.59375,83.59375,238
10,309.673,185.625,56.25,56.25,238
10,309.862,112.5,83.59375,83.59375,118
10,309.862,146.25,79.6875,79.6875,238
10,309.862,188.4375,62.5,62.5,238
10,310.051,115.3125,92.96875,92.96875,118
10,310.051,149.0625,76.5625,76.5625,118
10,310.051,194.0625,66.40625,66.40625,118
1,310.240,126.5625,79.6875,79.6875,118
1,310.240,160.3125,79.6875,79.6875,358
1,310.240,219.375,69.53125,69.53125,478
10,310.240,126.5625,92.96875,92.96875,118
10,310.240,160.3125,92.96875,92.96875,118
10,310.240,185.625,69.53125,69.53125,118
10,310.240,199.6875,53.125,53.125,238
10,310.240,219.375,69.53125,69.53125,238
10,310.429,151.875,88.28125,88.28125,238
10,310.429,202.5,62.5,62.5,238
1,310.619,250.3125,69.53125,69.53125,238
10,310.619,182.8125,59.375,59.375,118
10,310.619,199.6875,72.65625,72.65625,238
10,310.619,250.3125,69.53125,69.53125,238
10,310.808,149.0625,66.40625,66.40625,118
10,310.808,194.0625,62.5,62.5,118
1,310.997,118.125,88.28125,88.28125,118
1,310.997,151.875,88.28125,88.28125,358
1,310.997,216.5625,83.59375,83.59375,478
10,310.997,118.125,92.96875,92.96875,118
10,310.997,151.875,92.96875,92.96875,118
10,310.997,182.8125,59.375,59.375,118
10,310.997,199.6875,66.40625,66.40625,238
10,310.997,216.5625,83.59375,83.59375,238
10,311.186,149.0625,76.5625,76.5625,238
10,311.186,202.5,69.53125,69.53125,238
1,311.375,247.5,72.65625,72.65625,238
10,311.375,180,69.53125,69.53125,118
10,311.375,208.125,69.53125,69.53125,238
10,311.375,247.5,72.65625,72.65625,238
10,311.564,146.25,83.59375,83.59375,118
10,311.564,202.5,69.53125,69.53125,118
1,311.754,120.9375,88.28125,88.28125,118
1,311.754,154.6875,92.96875,92.96875,478
1,311.754,219.375,79.6875,79.6875,478
10,311.754,120.9375,92.96875,92.96875,118
10,311.754,154.6875,99.21875,99.21875,118
10,311.754,185.625,59.375,59.375,118
10,311.754,199.6875,76.5625,76.5625,238
10,311.754,219.375,79.6875,79.6875,238
10,311.943,151.875,76.5625,76.5625,224
10,311.943,194.0625,72.65625,72.65625,238
10,312.132,182.8125,66.40625,66.40625,118
10,312.132,188.4375,69.53125,69.53125,238
10,312.132,213.75,78.90625,78.90625,238
10,312.321,149.0625,79.6875,79.6875,118
10,312.321,194.0625,62.5,62.5,118
1,312.510,112.5,83.59375,83.59375,3358
1,312.510,146.25,92.96875,92.96875,3358
3,312.510,104.0625,72.65625,72.65625,118
3,312.510,112.5,88.28125,88.28125,118
3,312.510,137.8125,72.65625,72.65625,118
3,312.510,146.25,99.21875,99.21875,118
3,312.510,171.5625,69.53125,69.53125,118
3,312.510,182.8125,76.5625,76.5625,238
3,312.510,202.5,69.53125,69.53125,358
10,312.510,112.5,83.59375,83.59375,3358
10,312.510,146.25,92.96875,92.96875,3358
3,312.699,216.5625,69.53125,69.53125,238
4,312.699,216.5625,77.34375,77.34375,118
3,312.889,180,69.53125,69.53125,238
3,312.900,247.5,57.03125,57.03125,351
4,312.900,247.5,64.84375,64.84375,111
3,313.078,219.375,78.90625,78.90625,238
4,313.078,219.375,86.71875,86.71875,118
3,313.267,168.75,66.40625,66.40625,125
3,313.267,177.1875,59.375,59.375,238
3,313.278,250.3125,72.65625,72.65625,351
4,313.278,250.3125,80.46875,80.46875,118
3,313.456,247.5,69.53125,69.53125,238
4,313.456,247.5,77.34375,77.34375,118
3,313.645,168.75,69.53125,69.53125,118
3,313.645,180,79.6875,79.6875,238
3,313.645,199.6875,72.65625,72.65625,358
3,313.834,196.875,88.28125,88.28125,238
3,314.024,98.4375,88.28125,88.28125,118
3,314.024,132.1875,83.59375,83.59375,118
3,314.024,165.9375,66.40625,66.40625,118
3,314.024,174.375,76.5625,76.5625,238
3,314.024,191.25,76.5625,76.5625,238
3,314.213,135,83.59375,83.59375,238
3,314.213,194.0625,76.5625,76.5625,238
3,314.402,199.6875,69.53125,69.53125,238
3,314.402,241.875,88.28125,88.28125,238
4,314.402,241.875,96.09375,96.09375,118
3,314.591,146.25,88.28125,88.28125,238
3,314.591,202.5,76.5625,76.5625,238
3,314.780,168.75,72.65625,72.65625,118
3,314.780,180,79.6875,79.6875,118
3,314.780,199.6875,76.5625,76.5625,238
3,314.780,247.5,92.96875,92.96875,238
4,314.780,247.5,99.21875,99.21875,118
3,314.969,109.6875,79.6875,79.6875,118
3,314.969,143.4375,76.5625,76.5625,238
3,314.969,202.5,79.6875,79.6875,238
3,315.159,115.3125,79.6875,79.6875,118
3,315.159,149.0625,79.6875,79.6875,238
3,315.159,199.6875,79.6875,79.6875,238
3,315.348,118.125,62.5,62.5,118
3,315.348,151.875,72.65625,72.65625,238
3,315.348,194.0625,66.40625,66.40625,238
3,315.537,165.9375,66.40625,66.40625,118
3,315.537,171.5625,69.53125,69.53125,118
3,315.537,188.4375,72.65625,72.65625,238
3,315.537,222.1875,92.96875,92.96875,238
4,315.537,222.1875,99.21875,99.21875,118
3,315.726,154.6875,88.28125,88.28125,238
3,315.726,191.25,66.40625,66.40625,238
3,315.915,168.75,72.65625,72.65625,118
3,315.915,177.1875,72.65625,72.65625,118
3,315.915,194.0625,56.25,56.25,238
3,315.915,253.125,76.5625,76.5625,238
4,315.915,253.125,84.375,84.375,118
3,316.104,160.3125,72.65625,72.65625,238
3,316.104,202.5,76.5625,76.5625,238
3,316.294,174.375,59.375,59.375,118
3,316.294,185.625,66.40625,66.40625,125
3,316.294,208.125,72.65625,72.65625,238
3,316.305,219.375,88.28125,88.28125,231
4,316.305,219.375,96.09375,96.09375,118
3,316.483,151.875,88.28125,88.28125,238
3,316.483,202.5,79.6875,79.6875,238
3,316.672,171.5625,66.40625,66.40625,118
3,316.672,180,83.59375,83.59375,118
3,316.672,196.875,69.53125,69.53125,238
3,316.672,250.3125,83.59375,83.59375,238
4,316.672,250.3125,91.40625,91.40625,118
3,316.861,154.6875,83.59375,83.59375,238
3,316.861,194.0625,83.59375,83.59375,238
3,317.050,168.75,72.65625,72.65625,118
3,317.050,180,79.6875,79.6875,125
3,317.050,191.25,72.65625,72.65625,238
3,317.061,216.5625,72.65625,72.65625,231
4,317.061,216.5625,80.46875,80.46875,118
3,317.240,146.25,83.59375,83.59375,238
3,317.240,194.0625,76.5625,76.5625,238
3,317.429,174.375,69.53125,69.53125,125
3,317.429,182.8125,72.65625,72.65625,125
3,317.440,196.875,69.53125,69.53125,231
3,317.440,213.75,72.65625,72.65625,231
4,317.440,213.75,80.46875,80.46875,118
3,317.618,149.0625,72.65625,72.65625,118
3,317.618,199.6875,62.5,62.5,118
4,317.807,146.25,32.03125,32.03125,118
4,317.996,165.9375,21.875,21.875,118
4,318.185,180,15.625,15.625,118
4,318.375,188.4375,15.625,15.625,118
4,318.564,213.75,21.875,21.875,118
4,318.753,199.6875,21.875,21.875,118
4,318.942,208.125,18.75,18.75,118
4,319.131,194.0625,21.875,21.875,118
4,319.320,188.4375,10.9375,10.9375,118
4,319.510,194.0625,21.875,21.875,118
4,319.699,199.6875,32.03125,32.03125,118
4,319.888,188.4375,32.03125,32.03125,118
4,320.087,165.9375,23.4375,23.4375,118
4,320.266,168.75,26.5625,26.5625,118
4,320.455,188.4375,20.3125,20.3125,118
4,320.645,199.6875,17.1875,17.1875,118
4,320.843,222.1875,33.59375,33.59375,118
4,321.023,208.125,10.15625,10.15625,118
4,321.212,213.75,20.3125,20.3125,118
4,321.401,208.125,12.5,12.5,118
4,321.590,199.6875,10.9375,10.9375,118
4,321.780,194.0625,17.1875,17.1875,118
4,321.969,199.6875,20.3125,20.3125,118
4,322.158,174.375,20.3125,20.3125,118
4,322.347,188.4375,23.4375,23.4375,118
4,322.536,208.125,14.0625,14.0625,118
4,322.746,180,40.625,40.625,118
4,322.924,174.375,26.5625,26.5625,114
4,323.104,135,10.15625,10.15625,118
4,323.293,199.6875,21.875,21.875,118
4,323.482,180,35.15625,35.15625,118
4,323.671,213.75,15.625,15.625,118
4,323.860,199.6875,35.15625,35.15625,118
4,324.050,208.125,25,25,118
4,324.239,199.6875,23.4375,23.4375,105
4,324.428,188.4375,38.28125,38.28125,118
4,324.617,180,35.15625,35.15625,118
4,324.806,194.0625,32.03125,32.03125,118
4,324.996,199.6875,35.15625,35.15625,118
4,325.185,194.0625,38.28125,38.28125,118
4,325.374,168.75,13.28125,13.28125,118
4,325.563,202.5,26.5625,26.5625,118
4,325.752,188.4375,39.84375,39.84375,118
4,325.941,199.6875,20.3125,20.3125,118
4,326.131,180,20.3125,20.3125,118
4,326.320,208.125,29.6875,29.6875,118
4,326.509,213.75,46.875,46.875,118
4,326.698,188.4375,36.71875,36.71875,118
4,326.887,199.6875,26.5625,26.5625,118
4,327.076,180,29.6875,29.6875,118
4,327.266,194.0625,26.5625,26.5625,118
4,327.455,199.6875,46.875,46.875,118
4,327.644,168.75,66.40625,66.40625,118
4,327.833,180,39.84375,39.84375,118
4,328.022,174.375,50.78125,50.78125,118
4,328.222,154.6875,39.84375,39.84375,113
1,328.412,135,47.65625,47.65625,118
4,328.412,135,47.65625,47.65625,118
1,328.590,168.75,27.34375,27.34375,118
4,328.590,168.75,27.34375,27.34375,118
1,328.779,180,34.375,34.375,118
4,328.779,180,34.375,34.375,118
1,328.968,188.4375,37.5,37.5,118
4,328.968,188.4375,37.5,37.5,118
1,329.157,199.6875,34.375,34.375,118
4,329.157,199.6875,34.375,34.375,118
1,329.346,213.75,34.375,34.375,118
4,329.346,213.75,34.375,34.375,118
1,329.536,208.125,27.34375,27.34375,118
4,329.536,208.125,27.34375,27.34375,118
1,329.725,222.1875,44.53125,44.53125,118
4,329.725,222.1875,44.53125,44.53125,118
1,329.914,202.5,24.21875,24.21875,118
4,329.914,202.5,24.21875,24.21875,118
1,330.103,208.125,27.34375,27.34375,118
4,330.103,208.125,27.34375,27.34375,118
1,330.292,213.75,24.21875,24.21875,118
4,330.292,213.75,24.21875,24.21875,118
1,330.481,194.0625,37.5,37.5,118
4,330.481,194.0625,37.5,37.5,118
1,330.671,199.6875,21.875,21.875,118
4,330.671,199.6875,21.875,21.875,118
1,330.860,202.5,35.15625,35.15625,118
4,330.860,202.5,35.15625,35.15625,118
1,331.049,188.4375,41.40625,41.40625,118
4,331.049,188.4375,41.40625,41.40625,118
1,331.238,194.0625,45.3125,45.3125,118
4,331.238,194.0625,45.3125,45.3125,118
1,331.427,180,38.28125,38.28125,118
4,331.427,180,38.28125,38.28125,118
1,331.616,188.4375,45.3125,45.3125,118
4,331.616,188.4375,45.3125,45.3125,118
1,331.806,168.75,28.125,28.125,118
4,331.806,168.75,28.125,28.125,118
1,331.995,180,38.28125,38.28125,118
4,331.995,180,38.28125,38.28125,118
1,332.184,177.1875,41.40625,41.40625,118
4,332.184,177.1875,41.40625,41.40625,118
1,332.373,180,41.40625,41.40625,118
4,332.373,180,41.40625,41.40625,118
1,332.573,171.5625,41.40625,41.40625,118
4,332.573,171.5625,41.40625,41.40625,118
1,332.752,174.375,61.71875,61.71875,118
4,332.752,174.375,61.71875,61.71875,118
1,332.952,168.75,41.40625,41.40625,118
4,332.952,168.75,41.40625,41.40625,118
1,333.141,174.375,41.40625,41.40625,118
4,333.141,174.375,41.40625,41.40625,118
1,333.330,180,41.40625,41.40625,118
4,333.330,180,41.40625,41.40625,118
1,333.519,188.4375,38.28125,38.28125,113
4,333.519,188.4375,38.28125,38.28125,113
1,333.697,132.1875,53.125,53.125,118
4,333.697,132.1875,53.125,53.125,118
1,333.887,140.625,22.65625,22.65625,118
4,333.887,140.625,22.65625,22.65625,118
1,334.076,165.9375,22.65625,22.65625,118
4,334.076,165.9375,22.65625,22.65625,118
1,334.265,154.6875,25.78125,25.78125,118
4,334.265,154.6875,25.78125,25.78125,118
1,334.454,143.4375,39.0625,39.0625,118
4,334.454,143.4375,39.0625,39.0625,118
1,334.653,160.3125,17.96875,17.96875,118
4,334.653,160.3125,17.96875,17.96875,118
1,334.832,180,17.96875,17.96875,118
4,334.832,180,17.96875,17.96875,118
1,335.022,163.125,46.09375,46.09375,118
4,335.022,163.125,46.09375,46.09375,118
1,335.222,188.4375,42.1875,42.1875,118
4,335.222,188.4375,42.1875,42.1875,118
1,335.400,174.375,19.53125,19.53125,118
4,335.400,174.375,19.53125,19.53125,118
1,335.589,185.625,28.90625,28.90625,118
4,335.589,185.625,28.90625,28.90625,118
1,335.778,194.0625,17.96875,17.96875,118
4,335.778,194.0625,17.96875,17.96875,118
1,335.977,132.1875,29.6875,29.6875,118
4,335.977,132.1875,29.6875,29.6875,118
1,336.157,143.4375,50,50,118
4,336.157,143.4375,50,50,118
1,336.344,185.625,23.4375,23.4375,118
4,336.344,185.625,23.4375,23.4375,118
1,336.535,188.4375,29.6875,29.6875,118
4,336.535,188.4375,29.6875,29.6875,118
1,336.724,194.0625,32.8125,32.8125,118
4,336.724,194.0625,32.8125,32.8125,118
1,336.913,199.6875,26.5625,26.5625,118
4,336.913,199.6875,26.5625,26.5625,118
1,337.102,213.75,16.40625,16.40625,118
4,337.102,213.75,16.40625,16.40625,118
1,337.292,202.5,30.46875,30.46875,105
4,337.292,202.5,30.46875,30.46875,105
1,337.501,199.6875,29.6875,29.6875,118
4,337.501,199.6875,29.6875,29.6875,118
1,337.670,185.625,24.21875,24.21875,118
4,337.670,185.625,24.21875,24.21875,118
1,337.859,188.4375,21.09375,21.09375,118
4,337.859,188.4375,21.09375,21.09375,118
1,338.048,194.0625,30.46875,30.46875,118
4,338.048,194.0625,30.46875,30.46875,118
1,338.237,188.4375,32.03125,32.03125,118
4,338.237,188.4375,32.03125,32.03125,118
1,338.427,151.875,36.71875,36.71875,118
4,338.427,151.875,36.71875,36.71875,118
1,338.616,208.125,36.71875,36.71875,118
4,338.616,208.125,36.71875,36.71875,118
1,338.805,213.75,39.84375,39.84375,118
4,338.805,213.75,39.84375,39.84375,118
1,338.994,112.5,41.40625,41.40625,118
3,338.994,146.25,38.28125,38.28125,118
4,338.994,112.5,41.40625,41.40625,118
1,339.183,132.1875,31.25,31.25,118
3,339.183,165.9375,28.125,28.125,118
4,339.183,132.1875,31.25,31.25,118
1,339.372,146.25,25,25,118
3,339.372,180,21.875,21.875,118
4,339.372,146.25,25,25,118
1,339.562,154.6875,25,25,118
3,339.562,188.4375,21.875,21.875,118
4,339.562,154.6875,25,25,118
1,339.751,180,31.25,31.25,118
3,339.751,213.75,28.125,28.125,118
4,339.751,180,31.25,31.25,118
1,339.940,165.9375,31.25,31.25,118
3,339.940,199.6875,28.125,28.125,118
4,339.940,165.9375,31.25,31.25,118
1,340.129,174.375,28.125,28.125,118
3,340.129,208.125,25,25,118
4,340.129,174.375,28.125,28.125,118
1,340.318,160.3125,31.25,31.25,118
3,340.318,194.0625,28.125,28.125,118
4,340.318,160.3125,31.25,31.25,118
1,340.508,154.6875,20.3125,20.3125,118
3,340.508,188.4375,17.1875,17.1875,118
4,340.508,154.6875,20.3125,20.3125,118
1,340.697,160.3125,31.25,31.25,118
3,340.697,194.0625,28.125,28.125,118
4,340.697,160.3125,31.25,31.25,118
1,340.886,165.9375,41.40625,41.40625,118
3,340.886,199.6875,38.28125,38.28125,118
4,340.886,165.9375,41.40625,41.40625,118
1,341.075,154.6875,41.40625,41.40625,118
3,341.075,188.4375,38.28125,38.28125,118
4,341.075,154.6875,41.40625,41.40625,118
1,341.264,126.5625,32.03125,32.03125,118
3,341.264,160.3125,32.03125,32.03125,118
4,341.264,126.5625,32.03125,32.03125,118
1,341.453,140.625,35.15625,35.15625,118
3,341.453,174.375,35.15625,35.15625,118
4,341.453,140.625,35.15625,35.15625,118
1,341.643,154.6875,28.90625,28.90625,118
3,341.643,188.4375,28.90625,28.90625,118
4,341.643,154.6875,28.90625,28.90625,118
1,341.832,165.9375,25.78125,25.78125,118
3,341.832,199.6875,25.78125,25.78125,118
4,341.832,165.9375,25.78125,25.78125,118
1,342.021,188.4375,42.1875,42.1875,118
3,342.021,222.1875,42.1875,42.1875,118
4,342.021,188.4375,42.1875,42.1875,118
1,342.210,174.375,18.75,18.75,118
3,342.210,208.125,18.75,18.75,118
4,342.210,174.375,18.75,18.75,118
1,342.399,180,28.90625,28.90625,118
3,342.399,213.75,28.90625,28.90625,118
4,342.399,180,28.90625,28.90625,118
1,342.588,174.375,21.09375,21.09375,118
3,342.588,208.125,21.09375,21.09375,118
4,342.588,174.375,21.09375,21.09375,118
1,342.778,165.9375,19.53125,19.53125,118
3,342.778,199.6875,19.53125,19.53125,118
4,342.778,165.9375,19.53125,19.53125,118
1,342.967,160.3125,25.78125,25.78125,118
3,342.967,194.0625,25.78125,25.78125,118
4,342.967,160.3125,25.78125,25.78125,118
1,343.156,165.9375,28.90625,28.90625,118
3,343.156,199.6875,28.90625,28.90625,118
4,343.156,165.9375,28.90625,28.90625,118
1,343.345,140.625,28.90625,28.90625,118
3,343.345,174.375,28.90625,28.90625,118
4,343.345,140.625,28.90625,28.90625,118
1,343.534,154.6875,32.03125,32.03125,118
3,343.534,188.4375,32.03125,32.03125,118
4,343.534,154.6875,32.03125,32.03125,118
1,343.723,174.375,22.65625,22.65625,118
3,343.723,208.125,22.65625,22.65625,118
4,343.723,174.375,22.65625,22.65625,118
1,343.933,146.25,49.21875,49.21875,118
3,343.933,180,49.21875,49.21875,118
4,343.933,146.25,49.21875,49.21875,118
1,344.111,140.625,35.15625,35.15625,114
3,344.111,174.375,35.15625,35.15625,114
4,344.111,140.625,35.15625,35.15625,114
1,344.291,101.25,17.1875,17.1875,118
3,344.291,135,21.09375,21.09375,118
4,344.291,101.25,17.1875,17.1875,118
1,344.480,165.9375,28.90625,28.90625,118
3,344.480,199.6875,32.8125,32.8125,118
4,344.480,165.9375,28.90625,28.90625,118
1,344.669,146.25,42.1875,42.1875,118
3,344.669,180,46.09375,46.09375,118
4,344.669,146.25,42.1875,42.1875,118
1,344.858,180,22.65625,22.65625,118
3,344.858,213.75,26.5625,26.5625,118
4,344.858,180,22.65625,22.65625,118
1,345.048,165.9375,42.1875,42.1875,118
3,345.048,199.6875,46.09375,46.09375,118
4,345.048,165.9375,42.1875,42.1875,118
1,345.237,174.375,32.03125,32.03125,118
3,345.237,208.125,35.9375,35.9375,118
4,345.237,174.375,32.03125,32.03125,118
1,345.426,165.9375,32.03125,32.03125,118
3,345.426,199.6875,17.1875,17.1875,118
4,345.426,165.9375,32.03125,32.03125,118
1,345.615,154.6875,45.3125,45.3125,118
3,345.615,188.4375,49.21875,49.21875,118
4,345.615,154.6875,45.3125,45.3125,118
1,345.804,146.25,42.1875,42.1875,118
3,345.804,180,46.09375,46.09375,118
4,345.804,146.25,42.1875,42.1875,118
1,345.993,160.3125,39.0625,39.0625,118
3,345.993,194.0625,42.96875,42.96875,118
4,345.993,160.3125,39.0625,39.0625,118
1,346.183,165.9375,42.1875,42.1875,118
3,346.183,199.6875,46.09375,46.09375,118
4,346.183,165.9375,42.1875,42.1875,118
1,346.372,160.3125,45.3125,45.3125,118
3,346.372,194.0625,49.21875,49.21875,118
4,346.372,160.3125,45.3125,45.3125,118
1,346.561,135,38.28125,38.28125,145
3,346.561,168.75,26.5625,26.5625,118
4,346.561,135,38.28125,38.28125,145
1,346.750,168.75,35.9375,35.9375,118
3,346.750,202.5,39.84375,39.84375,118
4,346.750,168.75,35.9375,35.9375,118
1,346.939,154.6875,49.21875,49.21875,118
3,346.939,188.4375,53.125,53.125,118
4,346.939,154.6875,49.21875,49.21875,118
1,347.129,165.9375,29.6875,29.6875,118
3,347.129,199.6875,33.59375,33.59375,118
4,347.129,165.9375,29.6875,29.6875,118
1,347.318,146.25,29.6875,29.6875,118
3,347.318,180,33.59375,33.59375,118
4,347.318,146.25,29.6875,29.6875,118
1,347.507,174.375,39.0625,39.0625,118
3,347.507,208.125,42.96875,42.96875,118
4,347.507,174.375,39.0625,39.0625,118
1,347.696,180,56.25,56.25,118
3,347.696,213.75,60.15625,60.15625,118
4,347.696,180,56.25,56.25,118
1,347.885,154.6875,46.09375,46.09375,118
3,347.885,188.4375,50,50,118
4,347.885,154.6875,46.09375,46.09375,118
1,348.074,165.9375,35.9375,35.9375,118
3,348.074,199.6875,39.84375,39.84375,118
4,348.074,165.9375,35.9375,35.9375,118
1,348.264,146.25,39.0625,39.0625,118
3,348.264,180,42.96875,42.96875,118
4,348.264,146.25,39.0625,39.0625,118
1,348.453,160.3125,35.9375,35.9375,118
3,348.453,194.0625,39.84375,39.84375,118
4,348.453,160.3125,35.9375,35.9375,118
1,348.642,165.9375,56.25,56.25,118
3,348.642,199.6875,60.15625,60.15625,118
4,348.642,165.9375,56.25,56.25,118
1,348.831,135,75.78125,75.78125,118
3,348.831,168.75,79.6875,79.6875,118
4,348.831,135,75.78125,75.78125,118
1,349.020,146.25,49.21875,49.21875,118
3,349.020,180,53.125,53.125,118
4,349.020,146.25,49.21875,49.21875,118
1,349.209,140.625,60.15625,60.15625,118
3,349.209,174.375,64.0625,64.0625,118
4,349.209,140.625,60.15625,60.15625,118
1,349.410,120.9375,49.21875,49.21875,113
3,349.410,154.6875,53.125,53.125,113
4,349.410,120.9375,49.21875,49.21875,113
1,349.599,101.25,60.9375,60.9375,118
3,349.599,135,64.0625,64.0625,118
4,349.599,101.25,60.9375,60.9375,118
10,349.599,135,64.0625,64.0625,118
1,349.777,135,40.625,40.625,118
3,349.777,168.75,43.75,43.75,118
4,349.777,135,40.625,40.625,118
10,349.777,168.75,43.75,43.75,118
1,349.966,146.25,47.65625,47.65625,118
3,349.966,180,50.78125,50.78125,118
4,349.966,146.25,47.65625,47.65625,118
10,349.966,180,50.78125,50.78125,118
1,350.155,154.6875,50.78125,50.78125,118
3,350.155,188.4375,53.90625,53.90625,118
4,350.155,154.6875,50.78125,50.78125,118
10,350.155,188.4375,53.90625,53.90625,118
1,350.344,165.9375,47.65625,47.65625,118
3,350.344,199.6875,50.78125,50.78125,118
4,350.344,165.9375,47.65625,47.65625,118
10,350.344,199.6875,50.78125,50.78125,118
1,350.534,180,47.65625,47.65625,118
3,350.534,213.75,50.78125,50.78125,118
4,350.534,180,47.65625,47.65625,118
10,350.534,213.75,50.78125,50.78125,118
1,350.723,174.375,40.625,40.625,118
3,350.723,208.125,43.75,43.75,118
4,350.723,174.375,40.625,40.625,118
10,350.723,208.125,43.75,43.75,118
1,350.912,188.4375,57.8125,57.8125,118
3,350.912,222.1875,60.9375,60.9375,118
4,350.912,188.4375,57.8125,57.8125,118
10,350.912,222.1875,60.9375,60.9375,118
1,351.101,168.75,37.5,37.5,118
3,351.101,202.5,40.625,40.625,118
4,351.101,168.75,37.5,37.5,118
10,351.101,202.5,40.625,40.625,118
1,351.290,174.375,40.625,40.625,118
3,351.290,208.125,43.75,43.75,118
4,351.290,174.375,40.625,40.625,118
10,351.290,208.125,43.75,43.75,118
1,351.479,180,37.5,37.5,118
3,351.479,213.75,40.625,40.625,118
4,351.479,180,37.5,37.5,118
10,351.479,213.75,40.625,40.625,118
1,351.669,160.3125,50.78125,50.78125,118
3,351.669,194.0625,53.90625,53.90625,118
4,351.669,160.3125,50.78125,50.78125,118
10,351.669,194.0625,53.90625,53.90625,118
1,351.858,165.9375,39.0625,39.0625,118
3,351.858,199.6875,41.40625,41.40625,118
4,351.858,165.9375,39.0625,39.0625,118
10,351.858,199.6875,41.40625,41.40625,118
1,352.047,168.75,52.34375,52.34375,118
3,352.047,202.5,54.6875,54.6875,118
4,352.047,168.75,52.34375,52.34375,118
10,352.047,202.5,54.6875,54.6875,118
1,352.236,154.6875,58.59375,58.59375,118
3,352.236,188.4375,60.9375,60.9375,118
4,352.236,154.6875,58.59375,58.59375,118
10,352.236,188.4375,60.9375,60.9375,118
1,352.425,160.3125,62.5,62.5,118
3,352.425,194.0625,64.84375,64.84375,118
4,352.425,160.3125,62.5,62.5,118
10,352.425,194.0625,64.84375,64.84375,118
1,352.614,146.25,55.46875,55.46875,118
3,352.614,180,57.8125,57.8125,118
4,352.614,146.25,55.46875,55.46875,118
10,352.614,180,57.8125,57.8125,118
1,352.804,154.6875,62.5,62.5,118
3,352.804,188.4375,64.84375,64.84375,118
4,352.804,154.6875,62.5,62.5,118
10,352.804,188.4375,64.84375,64.84375,118
1,352.993,135,45.3125,45.3125,118
3,352.993,168.75,47.65625,47.65625,118
4,352.993,135,45.3125,45.3125,118
10,352.993,168.75,47.65625,47.65625,118
1,353.182,146.25,55.46875,55.46875,118
3,353.182,180,57.8125,57.8125,118
4,353.182,146.25,55.46875,55.46875,118
10,353.182,180,57.8125,57.8125,118
1,353.371,143.4375,58.59375,58.59375,118
3,353.371,177.1875,60.9375,60.9375,118
4,353.371,143.4375,58.59375,58.59375,118
10,353.371,177.1875,60.9375,60.9375,118
1,353.560,146.25,58.59375,58.59375,118
3,353.560,180,60.9375,60.9375,118
4,353.560,146.25,58.59375,58.59375,118
10,353.560,180,60.9375,60.9375,118
1,353.761,137.8125,58.59375,58.59375,118
3,353.761,171.5625,60.9375,60.9375,118
4,353.761,137.8125,58.59375,58.59375,118
10,353.761,171.5625,60.9375,60.9375,118
1,353.939,140.625,78.90625,78.90625,118
3,353.939,174.375,81.25,81.25,118
4,353.939,140.625,78.90625,78.90625,118
10,353.939,174.375,81.25,81.25,118
1,354.139,135,58.59375,58.59375,118
3,354.139,168.75,60.9375,60.9375,118
4,354.139,135,58.59375,58.59375,118
10,354.139,168.75,60.9375,60.9375,118
1,354.328,140.625,58.59375,58.59375,118
3,354.328,174.375,60.9375,60.9375,118
4,354.328,140.625,58.59375,58.59375,118
10,354.328,174.375,60.9375,60.9375,118
1,354.517,146.25,58.59375,58.59375,118
3,354.517,180,60.9375,60.9375,118
4,354.517,146.25,58.59375,58.59375,118
10,354.517,180,60.9375,60.9375,118
1,354.706,154.6875,55.46875,55.46875,113
3,354.706,188.4375,57.8125,57.8125,113
4,354.706,154.6875,55.46875,55.46875,113
10,354.706,188.4375,57.8125,57.8125,113
1,354.885,98.4375,75.78125,75.78125,118
3,354.885,132.1875,75.78125,75.78125,118
4,354.885,98.4375,75.78125,75.78125,118
10,354.885,132.1875,75.78125,75.78125,118
1,355.074,106.875,45.3125,45.3125,118
3,355.074,140.625,45.3125,45.3125,118
4,355.074,106.875,45.3125,45.3125,118
10,355.074,140.625,45.3125,45.3125,118
1,355.263,132.1875,45.3125,45.3125,118
3,355.263,165.9375,45.3125,45.3125,118
4,355.263,132.1875,45.3125,45.3125,118
10,355.263,165.9375,45.3125,45.3125,118
1,355.452,120.9375,48.4375,48.4375,118
3,355.452,154.6875,48.4375,48.4375,118
4,355.452,120.9375,48.4375,48.4375,118
10,355.452,154.6875,48.4375,48.4375,118
1,355.641,109.6875,61.71875,61.71875,118
3,355.641,143.4375,61.71875,61.71875,118
4,355.641,109.6875,61.71875,61.71875,118
10,355.641,143.4375,61.71875,61.71875,118
1,355.840,126.5625,40.625,40.625,118
3,355.840,160.3125,40.625,40.625,118
4,355.840,126.5625,40.625,40.625,118
10,355.840,160.3125,40.625,40.625,118
1,356.020,146.25,40.625,40.625,118
3,356.020,180,40.625,40.625,118
4,356.020,146.25,40.625,40.625,118
10,356.020,180,40.625,40.625,118
1,356.209,129.375,68.75,68.75,118
3,356.209,163.125,68.75,68.75,118
4,356.209,129.375,68.75,68.75,118
10,356.209,163.125,68.75,68.75,118
1,356.409,154.6875,64.84375,64.84375,118
3,356.409,188.4375,64.84375,64.84375,118
4,356.409,154.6875,64.84375,64.84375,118
10,356.409,188.4375,64.84375,64.84375,118
1,356.587,140.625,42.1875,42.1875,118
3,356.587,174.375,42.1875,42.1875,118
4,356.587,140.625,42.1875,42.1875,118
10,356.587,174.375,42.1875,42.1875,118
1,356.776,151.875,51.5625,51.5625,118
3,356.776,185.625,51.5625,51.5625,118
4,356.776,151.875,51.5625,51.5625,118
10,356.776,185.625,51.5625,51.5625,118
1,356.965,160.3125,40.625,40.625,118
3,356.965,194.0625,40.625,40.625,118
4,356.965,160.3125,40.625,40.625,118
10,356.965,194.0625,40.625,40.625,118
1,357.155,112.5,69.53125,69.53125,118
3,357.155,146.25,65.625,65.625,118
4,357.155,112.5,69.53125,69.53125,118
10,357.155,146.25,65.625,65.625,118
1,357.344,132.1875,76.5625,76.5625,118
3,357.344,165.9375,72.65625,72.65625,118
4,357.344,132.1875,76.5625,76.5625,118
10,357.344,165.9375,72.65625,72.65625,118
1,357.533,168.75,79.6875,79.6875,118
3,357.533,202.5,75.78125,75.78125,118
4,357.533,168.75,79.6875,79.6875,118
10,357.533,202.5,75.78125,75.78125,118
1,357.722,165.9375,76.5625,76.5625,118
3,357.722,199.6875,72.65625,72.65625,118
4,357.722,165.9375,76.5625,76.5625,118
10,357.722,199.6875,72.65625,72.65625,118
1,357.911,146.25,76.5625,76.5625,118
3,357.911,180,72.65625,72.65625,118
4,357.911,146.25,76.5625,76.5625,118
10,357.911,180,72.65625,72.65625,118
10,357.911,213.75,72.65625,72.65625,118
1,358.100,174.375,79.6875,79.6875,118
3,358.100,208.125,75.78125,75.78125,118
4,358.100,174.375,79.6875,79.6875,118
10,358.100,208.125,75.78125,75.78125,118
10,358.100,241.875,75.78125,75.78125,118
1,358.290,160.3125,76.5625,76.5625,118
3,358.290,194.0625,72.65625,72.65625,118
4,358.290,160.3125,76.5625,76.5625,118
10,358.290,194.0625,72.65625,72.65625,118
10,358.290,227.8125,72.65625,72.65625,118
1,358.479,165.9375,66.40625,66.40625,118
3,358.479,199.6875,62.5,62.5,118
4,358.479,165.9375,66.40625,66.40625,118
10,358.479,199.6875,62.5,62.5,118
10,358.479,233.4375,62.5,62.5,118
1,358.668,132.1875,79.6875,79.6875,118
3,358.668,165.9375,75.78125,75.78125,118
4,358.668,132.1875,79.6875,79.6875,118
10,358.668,165.9375,75.78125,75.78125,118
10,358.668,199.6875,75.78125,75.78125,118
10,358.668,233.4375,75.78125,75.78125,118
1,358.857,135,76.5625,76.5625,118
3,358.857,168.75,72.65625,72.65625,118
4,358.857,135,76.5625,76.5625,118
10,358.857,168.75,72.65625,72.65625,118
10,358.857,202.5,72.65625,72.65625,118
10,358.857,236.25,72.65625,72.65625,118
1,359.046,143.4375,92.96875,92.96875,118
3,359.046,177.1875,89.0625,89.0625,118
4,359.046,143.4375,92.96875,92.96875,118
10,359.046,177.1875,89.0625,89.0625,118
10,359.046,210.9375,89.0625,89.0625,118
10,359.046,244.6875,89.0625,89.0625,118
1,359.235,160.3125,79.6875,79.6875,118
3,359.235,194.0625,75.78125,75.78125,118
4,359.235,160.3125,79.6875,79.6875,118
10,359.235,194.0625,75.78125,75.78125,118
10,359.235,227.8125,75.78125,75.78125,118
10,359.235,261.5625,75.78125,75.78125,118
1,359.436,180,76.5625,76.5625,118
3,359.436,213.75,72.65625,72.65625,118
4,359.436,180,76.5625,76.5625,118
10,359.436,213.75,72.65625,72.65625,118
10,359.436,247.5,77.34375,77.34375,118
10,359.436,281.25,77.34375,77.34375,118
1,359.614,196.875,72.65625,72.65625,118
3,359.614,230.625,68.75,68.75,118
4,359.614,196.875,72.65625,72.65625,118
10,359.614,230.625,68.75,68.75,118
10,359.614,264.375,73.4375,73.4375,118
10,359.614,298.125,73.4375,73.4375,118
1,359.814,213.75,76.5625,76.5625,118
3,359.814,247.5,72.65625,72.65625,118
4,359.814,213.75,76.5625,76.5625,118
10,359.814,247.5,72.65625,72.65625,118
10,359.814,281.25,77.34375,77.34375,118
10,359.814,315,77.34375,77.34375,118
1,359.992,180,72.65625,72.65625,118
3,359.992,213.75,68.75,68.75,118
4,359.992,180,72.65625,72.65625,118
10,359.992,213.75,68.75,68.75,118
10,359.992,247.5,73.4375,73.4375,118
10,359.992,281.25,73.4375,73.4375,118
