solid MYSOLID
  facet normal 0.000000 0.000000 0.000000
    outer loop
      vertex 1.759267 -0.399999 -3.119002
      vertex 1.712423 -0.512853 -3.119002
      vertex 1.599333 -0.399999 -3.119002
    endloop
  endfacet
  facet normal 0.000000 0.000000 0.000000
    outer loop
      vertex 1.712423 -0.512853 -3.119002
      vertex 1.599333 -0.559599 -3.119002
      vertex 1.599333 -0.399999 -3.119002
    endloop
  endfacet
  facet normal 0.000000 0.000000 0.000000
    outer loop
      vertex 1.599333 -0.559599 -3.119002
      vertex 1.486243 -0.512853 -3.119002
      vertex 1.599333 -0.399999 -3.119002
    endloop
  endfacet
  facet normal 0.000000 0.000000 0.000000
    outer loop
      vertex 1.486243 -0.512853 -3.119002
      vertex 1.439400 -0.399999 -3.119002
      vertex 1.599333 -0.399999 -3.119002
    endloop
  endfacet
  facet normal 0.000000 0.000000 0.000000
    outer loop
      vertex 1.439400 -0.399999 -3.119002
      vertex 1.486243 -0.287145 -3.119002
      vertex 1.599333 -0.399999 -3.119002
    endloop
  endfacet
  facet normal 0.000000 0.000000 0.000000
    outer loop
      vertex 1.486243 -0.287145 -3.119002
      vertex 1.599333 -0.240399 -3.119002
      vertex 1.599333 -0.399999 -3.119002
    endloop
  endfacet
  facet normal 0.000000 0.000000 0.000000
    outer loop
      vertex 1.599333 -0.240399 -3.119002
      vertex 1.712423 -0.287145 -3.119002
      vertex 1.599333 -0.399999 -3.119002
    endloop
  endfacet
  facet normal 0.000000 0.000000 0.000000
    outer loop
      vertex 1.712423 -0.287145 -3.119002
      vertex 1.759267 -0.399999 -3.119002
      vertex 1.599333 -0.399999 -3.119002
    endloop
  endfacet
  facet normal 0.000000 0.000000 0.000000
    outer loop
      vertex 0.959600 -0.399999 -3.119002
      vertex 0.912757 -0.512853 -3.119002
      vertex 0.799667 -0.399999 -3.119002
    endloop
  endfacet
  facet normal 0.000000 0.000000 0.000000
    outer loop
      vertex 0.912757 -0.512853 -3.119002
      vertex 0.799667 -0.559599 -3.119002
      vertex 0.799667 -0.399999 -3.119002
    endloop
  endfacet
  facet normal 0.000000 0.000000 0.000000
    outer loop
      vertex 0.799667 -0.559599 -3.119002
      vertex 0.686577 -0.512853 -3.119002
      vertex 0.799667 -0.399999 -3.119002
    endloop
  endfacet
  facet normal 0.000000 0.000000 0.000000
    outer loop
      vertex 0.686577 -0.512853 -3.119002
      vertex 0.639733 -0.399999 -3.119002
      vertex 0.799667 -0.399999 -3.119002
    endloop
  endfacet
  facet normal 0.000000 0.000000 0.000000
    outer loop
      vertex 0.639733 -0.399999 -3.119002
      vertex 0.686577 -0.287145 -3.119002
      vertex 0.799667 -0.399999 -3.119002
    endloop
  endfacet
  facet normal 0.000000 0.000000 0.000000
    outer loop
      vertex 0.686577 -0.287145 -3.119002
      vertex 0.799667 -0.240399 -3.119002
      vertex 0.799667 -0.399999 -3.119002
    endloop
  endfacet
  facet normal 0.000000 0.000000 0.000000
    outer loop
      vertex 0.799667 -0.240399 -3.119002
      vertex 0.912757 -0.287145 -3.119002
      vertex 0.799667 -0.399999 -3.119002
    endloop
  endfacet
  facet normal 0.000000 0.000000 0.000000
    outer loop
      vertex 0.912757 -0.287145 -3.119002
      vertex 0.959600 -0.399999 -3.119002
      vertex 0.799667 -0.399999 -3.119002
    endloop
  endfacet
  facet normal 0.000000 0.000000 0.000000
    outer loop
      vertex 0.159933 -0.399999 -3.119002
      vertex 0.113090 -0.512853 -3.119002
      vertex 0.000000 -0.399999 -3.119002
    endloop
  endfacet
  facet normal 0.000000 0.000000 0.000000
    outer loop
      vertex 0.113090 -0.512853 -3.119002
      vertex 0.000000 -0.559599 -3.119002
      vertex 0.000000 -0.399999 -3.119002
    endloop
  endfacet
  facet normal 0.000000 0.000000 0.000000
    outer loop
      vertex 0.000000 -0.559599 -3.119002
      vertex -0.113090 -0.512853 -3.119002
      vertex 0.000000 -0.399999 -3.119002
    endloop
  endfacet
  facet normal 0.000000 0.000000 0.000000
    outer loop
      vertex -0.113090 -0.512853 -3.119002
      vertex -0.159933 -0.399999 -3.119002
      vertex 0.000000 -0.399999 -3.119002
    endloop
  endfacet
  facet normal 0.000000 0.000000 0.000000
    outer loop
      vertex -0.159933 -0.399999 -3.119002
      vertex -0.113090 -0.287145 -3.119002
      vertex 0.000000 -0.399999 -3.119002
    endloop
  endfacet
  facet normal 0.000000 0.000000 0.000000
    outer loop
      vertex -0.113090 -0.287145 -3.119002
      vertex -0.000000 -0.240399 -3.119002
      vertex 0.000000 -0.399999 -3.119002
    endloop
  endfacet
  facet normal 0.000000 0.000000 0.000000
    outer loop
      vertex -0.000000 -0.240399 -3.119002
      vertex 0.113090 -0.287145 -3.119002
      vertex 0.000000 -0.399999 -3.119002
    endloop
  endfacet
  facet normal 0.000000 0.000000 0.000000
    outer loop
      vertex 0.113090 -0.287145 -3.119002
      vertex 0.159933 -0.399999 -3.119002
      vertex 0.000000 -0.399999 -3.119002
    endloop
  endfacet
  facet normal 0.000000 0.000000 0.000000
    outer loop
      vertex -0.639733 -0.399999 -3.119002
      vertex -0.686577 -0.512853 -3.119002
      vertex -0.799667 -0.399999 -3.119002
    endloop
  endfacet
  facet normal 0.000000 0.000000 0.000000
    outer loop
      vertex -0.686577 -0.512853 -3.119002
      vertex -0.799667 -0.559599 -3.119002
      vertex -0.799667 -0.399999 -3.119002
    endloop
  endfacet
  facet normal 0.000000 0.000000 0.000000
    outer loop
      vertex -0.799667 -0.559599 -3.119002
      vertex -0.912757 -0.512853 -3.119002
      vertex -0.799667 -0.399999 -3.119002
    endloop
  endfacet
  facet normal 0.000000 0.000000 0.000000
    outer loop
      vertex -0.912757 -0.512853 -3.119002
      vertex -0.959600 -0.399999 -3.119002
      vertex -0.799667 -0.399999 -3.119002
    endloop
  endfacet
  facet normal 0.000000 0.000000 0.000000
    outer loop
      vertex -0.959600 -0.399999 -3.119002
      vertex -0.912757 -0.287145 -3.119002
      vertex -0.799667 -0.399999 -3.119002
    endloop
  endfacet
  facet normal 0.000000 0.000000 0.000000
    outer loop
      vertex -0.912757 -0.287145 -3.119002
      vertex -0.799667 -0.240399 -3.119002
      vertex -0.799667 -0.399999 -3.119002
    endloop
  endfacet
  facet normal 0.000000 0.000000 0.000000
    outer loop
      vertex -0.799667 -0.240399 -3.119002
      vertex -0.686577 -0.287145 -3.119002
      vertex -0.799667 -0.399999 -3.119002
    endloop
  endfacet
  facet normal 0.000000 0.000000 0.000000
    outer loop
      vertex -0.686577 -0.287145 -3.119002
      vertex -0.639733 -0.399999 -3.119002
      vertex -0.799667 -0.399999 -3.119002
    endloop
  endfacet
  facet normal 0.000000 0.000000 0.000000
    outer loop
      vertex -1.439400 -0.399999 -3.119002
      vertex -1.486243 -0.512853 -3.119002
      vertex -1.599333 -0.399999 -3.119002
    endloop
  endfacet
  facet normal 0.000000 0.000000 0.000000
    outer loop
      vertex -1.486243 -0.512853 -3.119002
      vertex -1.599333 -0.559599 -3.119002
      vertex -1.599333 -0.399999 -3.119002
    endloop
  endfacet
  facet normal 0.000000 0.000000 0.000000
    outer loop
      vertex -1.599333 -0.559599 -3.119002
      vertex -1.712423 -0.512853 -3.119002
      vertex -1.599333 -0.399999 -3.119002
    endloop
  endfacet
  facet normal 0.000000 0.000000 0.000000
    outer loop
      vertex -1.712423 -0.512853 -3.119002
      vertex -1.759267 -0.399999 -3.119002
      vertex -1.599333 -0.399999 -3.119002
    endloop
  endfacet
  facet normal 0.000000 0.000000 0.000000
    outer loop
      vertex -1.759267 -0.399999 -3.119002
      vertex -1.712423 -0.287145 -3.119002
      vertex -1.599333 -0.399999 -3.119002
    endloop
  endfacet
  facet normal 0.000000 0.000000 0.000000
    outer loop
      vertex -1.712423 -0.287145 -3.119002
      vertex -1.599333 -0.240399 -3.119002
      vertex -1.599333 -0.399999 -3.119002
    endloop
  endfacet
  facet normal 0.000000 0.000000 0.000000
    outer loop
      vertex -1.599333 -0.240399 -3.119002
      vertex -1.486243 -0.287145 -3.119002
      vertex -1.599333 -0.399999 -3.119002
    endloop
  endfacet
  facet normal 0.000000 0.000000 0.000000
    outer loop
      vertex -1.486243 -0.287145 -3.119002
      vertex -1.439400 -0.399999 -3.119002
      vertex -1.599333 -0.399999 -3.119002
    endloop
  endfacet
  facet normal 0.000000 0.000000 0.000000
    outer loop
      vertex 2.399000 -0.000999 -3.119002
      vertex 2.239067 -0.160599 -3.119002
      vertex -2.239067 -0.160599 -3.119002
    endloop
  endfacet
  facet normal 0.000000 0.000000 0.000000
    outer loop
      vertex 2.399000 -0.000999 -3.119002
      vertex -2.239067 -0.160599 -3.119002
      vertex -2.399000 -0.000999 -3.119002
    endloop
  endfacet
  facet normal 0.000000 0.000000 0.000000
    outer loop
      vertex -2.399000 -0.000999 -3.119002
      vertex -2.239067 -0.160599 -3.119002
      vertex -2.239067 -0.639399 -3.119002
    endloop
  endfacet
  facet normal 0.000000 0.000000 0.000000
    outer loop
      vertex -2.399000 -0.000999 -3.119002
      vertex -2.239067 -0.639399 -3.119002
      vertex -2.399000 -0.798999 -3.119002
    endloop
  endfacet
  facet normal 0.000000 0.000000 0.000000
    outer loop
      vertex -2.399000 -0.798999 -3.119002
      vertex -2.239067 -0.639399 -3.119002
      vertex 2.239067 -0.639399 -3.119002
    endloop
  endfacet
  facet normal 0.000000 0.000000 0.000000
    outer loop
      vertex -2.399000 -0.798999 -3.119002
      vertex 2.239067 -0.639399 -3.119002
      vertex 2.399000 -0.798999 -3.119002
    endloop
  endfacet
  facet normal 0.000000 0.000000 0.000000
    outer loop
      vertex 2.399000 -0.798999 -3.119002
      vertex 2.239067 -0.639399 -3.119002
      vertex 2.239067 -0.160599 -3.119002
    endloop
  endfacet
  facet normal 0.000000 0.000000 0.000000
    outer loop
      vertex 2.399000 -0.798999 -3.119002
      vertex 2.239067 -0.160599 -3.119002
      vertex 2.399000 -0.000999 -3.119002
    endloop
  endfacet
  facet normal 0.000000 0.000000 0.000000
    outer loop
      vertex 1.759267 -0.399999 -3.119002
      vertex 1.759267 -0.399999 -2.959669
      vertex 1.712423 -0.512853 -2.959669
    endloop
  endfacet
  facet normal 0.000000 0.000000 0.000000
    outer loop
      vertex 1.759267 -0.399999 -3.119002
      vertex 1.712423 -0.512853 -2.959669
      vertex 1.712423 -0.512853 -3.119002
    endloop
  endfacet
  facet normal 0.000000 0.000000 0.000000
    outer loop
      vertex 1.712423 -0.512853 -3.119002
      vertex 1.712423 -0.512853 -2.959669
      vertex 1.599333 -0.559599 -2.959669
    endloop
  endfacet
  facet normal 0.000000 0.000000 0.000000
    outer loop
      vertex 1.712423 -0.512853 -3.119002
      vertex 1.599333 -0.559599 -2.959669
      vertex 1.599333 -0.559599 -3.119002
    endloop
  endfacet
  facet normal 0.000000 0.000000 0.000000
    outer loop
      vertex 1.599333 -0.559599 -3.119002
      vertex 1.599333 -0.559599 -2.959669
      vertex 1.486243 -0.512853 -2.959669
    endloop
  endfacet
  facet normal 0.000000 0.000000 0.000000
    outer loop
      vertex 1.599333 -0.559599 -3.119002
      vertex 1.486243 -0.512853 -2.959669
      vertex 1.486243 -0.512853 -3.119002
    endloop
  endfacet
  facet normal 0.000000 0.000000 0.000000
    outer loop
      vertex 1.486243 -0.512853 -3.119002
      vertex 1.486243 -0.512853 -2.959669
      vertex 1.439400 -0.399999 -2.959669
    endloop
  endfacet
  facet normal 0.000000 0.000000 0.000000
    outer loop
      vertex 1.486243 -0.512853 -3.119002
      vertex 1.439400 -0.399999 -2.959669
      vertex 1.439400 -0.399999 -3.119002
    endloop
  endfacet
  facet normal 0.000000 0.000000 0.000000
    outer loop
      vertex 1.439400 -0.399999 -3.119002
      vertex 1.439400 -0.399999 -2.959669
      vertex 1.486243 -0.287145 -2.959669
    endloop
  endfacet
  facet normal 0.000000 0.000000 0.000000
    outer loop
      vertex 1.439400 -0.399999 -3.119002
      vertex 1.486243 -0.287145 -2.959669
      vertex 1.486243 -0.287145 -3.119002
    endloop
  endfacet
  facet normal 0.000000 0.000000 0.000000
    outer loop
      vertex 1.486243 -0.287145 -3.119002
      vertex 1.486243 -0.287145 -2.959669
      vertex 1.599333 -0.240399 -2.959669
    endloop
  endfacet
  facet normal 0.000000 0.000000 0.000000
    outer loop
      vertex 1.486243 -0.287145 -3.119002
      vertex 1.599333 -0.240399 -2.959669
      vertex 1.599333 -0.240399 -3.119002
    endloop
  endfacet
  facet normal 0.000000 0.000000 0.000000
    outer loop
      vertex 1.599333 -0.240399 -3.119002
      vertex 1.599333 -0.240399 -2.959669
      vertex 1.712423 -0.287145 -2.959669
    endloop
  endfacet
  facet normal 0.000000 0.000000 0.000000
    outer loop
      vertex 1.599333 -0.240399 -3.119002
      vertex 1.712423 -0.287145 -2.959669
      vertex 1.712423 -0.287145 -3.119002
    endloop
  endfacet
  facet normal 0.000000 0.000000 0.000000
    outer loop
      vertex 1.712423 -0.287145 -3.119002
      vertex 1.712423 -0.287145 -2.959669
      vertex 1.759267 -0.399999 -2.959669
    endloop
  endfacet
  facet normal 0.000000 0.000000 0.000000
    outer loop
      vertex 1.712423 -0.287145 -3.119002
      vertex 1.759267 -0.399999 -2.959669
      vertex 1.759267 -0.399999 -3.119002
    endloop
  endfacet
  facet normal 0.000000 0.000000 0.000000
    outer loop
      vertex 0.959600 -0.399999 -3.119002
      vertex 0.959600 -0.399999 -2.959669
      vertex 0.912757 -0.512853 -2.959669
    endloop
  endfacet
  facet normal 0.000000 0.000000 0.000000
    outer loop
      vertex 0.959600 -0.399999 -3.119002
      vertex 0.912757 -0.512853 -2.959669
      vertex 0.912757 -0.512853 -3.119002
    endloop
  endfacet
  facet normal 0.000000 0.000000 0.000000
    outer loop
      vertex 0.912757 -0.512853 -3.119002
      vertex 0.912757 -0.512853 -2.959669
      vertex 0.799667 -0.559599 -2.959669
    endloop
  endfacet
  facet normal 0.000000 0.000000 0.000000
    outer loop
      vertex 0.912757 -0.512853 -3.119002
      vertex 0.799667 -0.559599 -2.959669
      vertex 0.799667 -0.559599 -3.119002
    endloop
  endfacet
  facet normal 0.000000 0.000000 0.000000
    outer loop
      vertex 0.799667 -0.559599 -3.119002
      vertex 0.799667 -0.559599 -2.959669
      vertex 0.686577 -0.512853 -2.959669
    endloop
  endfacet
  facet normal 0.000000 0.000000 0.000000
    outer loop
      vertex 0.799667 -0.559599 -3.119002
      vertex 0.686577 -0.512853 -2.959669
      vertex 0.686577 -0.512853 -3.119002
    endloop
  endfacet
  facet normal 0.000000 0.000000 0.000000
    outer loop
      vertex 0.686577 -0.512853 -3.119002
      vertex 0.686577 -0.512853 -2.959669
      vertex 0.639733 -0.399999 -2.959669
    endloop
  endfacet
  facet normal 0.000000 0.000000 0.000000
    outer loop
      vertex 0.686577 -0.512853 -3.119002
      vertex 0.639733 -0.399999 -2.959669
      vertex 0.639733 -0.399999 -3.119002
    endloop
  endfacet
  facet normal 0.000000 0.000000 0.000000
    outer loop
      vertex 0.639733 -0.399999 -3.119002
      vertex 0.639733 -0.399999 -2.959669
      vertex 0.686577 -0.287145 -2.959669
    endloop
  endfacet
  facet normal 0.000000 0.000000 0.000000
    outer loop
      vertex 0.639733 -0.399999 -3.119002
      vertex 0.686577 -0.287145 -2.959669
      vertex 0.686577 -0.287145 -3.119002
    endloop
  endfacet
  facet normal 0.000000 0.000000 0.000000
    outer loop
      vertex 0.686577 -0.287145 -3.119002
      vertex 0.686577 -0.287145 -2.959669
      vertex 0.799667 -0.240399 -2.959669
    endloop
  endfacet
  facet normal 0.000000 0.000000 0.000000
    outer loop
      vertex 0.686577 -0.287145 -3.119002
      vertex 0.799667 -0.240399 -2.959669
      vertex 0.799667 -0.240399 -3.119002
    endloop
  endfacet
  facet normal 0.000000 0.000000 0.000000
    outer loop
      vertex 0.799667 -0.240399 -3.119002
      vertex 0.799667 -0.240399 -2.959669
      vertex 0.912757 -0.287145 -2.959669
    endloop
  endfacet
  facet normal 0.000000 0.000000 0.000000
    outer loop
      vertex 0.799667 -0.240399 -3.119002
      vertex 0.912757 -0.287145 -2.959669
      vertex 0.912757 -0.287145 -3.119002
    endloop
  endfacet
  facet normal 0.000000 0.000000 0.000000
    outer loop
      vertex 0.912757 -0.287145 -3.119002
      vertex 0.912757 -0.287145 -2.959669
      vertex 0.959600 -0.399999 -2.959669
    endloop
  endfacet
  facet normal 0.000000 0.000000 0.000000
    outer loop
      vertex 0.912757 -0.287145 -3.119002
      vertex 0.959600 -0.399999 -2.959669
      vertex 0.959600 -0.399999 -3.119002
    endloop
  endfacet
  facet normal 0.000000 0.000000 0.000000
    outer loop
      vertex 0.159933 -0.399999 -3.119002
      vertex 0.159933 -0.399999 -2.959669
      vertex 0.113090 -0.512853 -2.959669
    endloop
  endfacet
  facet normal 0.000000 0.000000 0.000000
    outer loop
      vertex 0.159933 -0.399999 -3.119002
      vertex 0.113090 -0.512853 -2.959669
      vertex 0.113090 -0.512853 -3.119002
    endloop
  endfacet
  facet normal 0.000000 0.000000 0.000000
    outer loop
      vertex 0.113090 -0.512853 -3.119002
      vertex 0.113090 -0.512853 -2.959669
      vertex 0.000000 -0.559599 -2.959669
    endloop
  endfacet
  facet normal 0.000000 0.000000 0.000000
    outer loop
      vertex 0.113090 -0.512853 -3.119002
      vertex 0.000000 -0.559599 -2.959669
      vertex 0.000000 -0.559599 -3.119002
    endloop
  endfacet
  facet normal 0.000000 0.000000 0.000000
    outer loop
      vertex 0.000000 -0.559599 -3.119002
      vertex 0.000000 -0.559599 -2.959669
      vertex -0.113090 -0.512853 -2.959669
    endloop
  endfacet
  facet normal 0.000000 0.000000 0.000000
    outer loop
      vertex 0.000000 -0.559599 -3.119002
      vertex -0.113090 -0.512853 -2.959669
      vertex -0.113090 -0.512853 -3.119002
    endloop
  endfacet
  facet normal 0.000000 0.000000 0.000000
    outer loop
      vertex -0.113090 -0.512853 -3.119002
      vertex -0.113090 -0.512853 -2.959669
      vertex -0.159933 -0.399999 -2.959669
    endloop
  endfacet
  facet normal 0.000000 0.000000 0.000000
    outer loop
      vertex -0.113090 -0.512853 -3.119002
      vertex -0.159933 -0.399999 -2.959669
      vertex -0.159933 -0.399999 -3.119002
    endloop
  endfacet
  facet normal 0.000000 0.000000 0.000000
    outer loop
      vertex -0.159933 -0.399999 -3.119002
      vertex -0.159933 -0.399999 -2.959669
      vertex -0.113090 -0.287145 -2.959669
    endloop
  endfacet
  facet normal 0.000000 0.000000 0.000000
    outer loop
      vertex -0.159933 -0.399999 -3.119002
      vertex -0.113090 -0.287145 -2.959669
      vertex -0.113090 -0.287145 -3.119002
    endloop
  endfacet
  facet normal 0.000000 0.000000 0.000000
    outer loop
      vertex -0.113090 -0.287145 -3.119002
      vertex -0.113090 -0.287145 -2.959669
      vertex -0.000000 -0.240399 -2.959669
    endloop
  endfacet
  facet normal 0.000000 0.000000 0.000000
    outer loop
      vertex -0.113090 -0.287145 -3.119002
      vertex -0.000000 -0.240399 -2.959669
      vertex -0.000000 -0.240399 -3.119002
    endloop
  endfacet
  facet normal 0.000000 0.000000 0.000000
    outer loop
      vertex -0.000000 -0.240399 -3.119002
      vertex -0.000000 -0.240399 -2.959669
      vertex 0.113090 -0.287145 -2.959669
    endloop
  endfacet
  facet normal 0.000000 0.000000 0.000000
    outer loop
      vertex -0.000000 -0.240399 -3.119002
      vertex 0.113090 -0.287145 -2.959669
      vertex 0.113090 -0.287145 -3.119002
    endloop
  endfacet
  facet normal 0.000000 0.000000 0.000000
    outer loop
      vertex 0.113090 -0.287145 -3.119002
      vertex 0.113090 -0.287145 -2.959669
      vertex 0.159933 -0.399999 -2.959669
    endloop
  endfacet
  facet normal 0.000000 0.000000 0.000000
    outer loop
      vertex 0.113090 -0.287145 -3.119002
      vertex 0.159933 -0.399999 -2.959669
      vertex 0.159933 -0.399999 -3.119002
    endloop
  endfacet
  facet normal 0.000000 0.000000 0.000000
    outer loop
      vertex -0.639733 -0.399999 -3.119002
      vertex -0.639733 -0.399999 -2.959669
      vertex -0.686577 -0.512853 -2.959669
    endloop
  endfacet
  facet normal 0.000000 0.000000 0.000000
    outer loop
      vertex -0.639733 -0.399999 -3.119002
      vertex -0.686577 -0.512853 -2.959669
      vertex -0.686577 -0.512853 -3.119002
    endloop
  endfacet
  facet normal 0.000000 0.000000 0.000000
    outer loop
      vertex -0.686577 -0.512853 -3.119002
      vertex -0.686577 -0.512853 -2.959669
      vertex -0.799667 -0.559599 -2.959669
    endloop
  endfacet
  facet normal 0.000000 0.000000 0.000000
    outer loop
      vertex -0.686577 -0.512853 -3.119002
      vertex -0.799667 -0.559599 -2.959669
      vertex -0.799667 -0.559599 -3.119002
    endloop
  endfacet
  facet normal 0.000000 0.000000 0.000000
    outer loop
      vertex -0.799667 -0.559599 -3.119002
      vertex -0.799667 -0.559599 -2.959669
      vertex -0.912757 -0.512853 -2.959669
    endloop
  endfacet
  facet normal 0.000000 0.000000 0.000000
    outer loop
      vertex -0.799667 -0.559599 -3.119002
      vertex -0.912757 -0.512853 -2.959669
      vertex -0.912757 -0.512853 -3.119002
    endloop
  endfacet
  facet normal 0.000000 0.000000 0.000000
    outer loop
      vertex -0.912757 -0.512853 -3.119002
      vertex -0.912757 -0.512853 -2.959669
      vertex -0.959600 -0.399999 -2.959669
    endloop
  endfacet
  facet normal 0.000000 0.000000 0.000000
    outer loop
      vertex -0.912757 -0.512853 -3.119002
      vertex -0.959600 -0.399999 -2.959669
      vertex -0.959600 -0.399999 -3.119002
    endloop
  endfacet
  facet normal 0.000000 0.000000 0.000000
    outer loop
      vertex -0.959600 -0.399999 -3.119002
      vertex -0.959600 -0.399999 -2.959669
      vertex -0.912757 -0.287145 -2.959669
    endloop
  endfacet
  facet normal 0.000000 0.000000 0.000000
    outer loop
      vertex -0.959600 -0.399999 -3.119002
      vertex -0.912757 -0.287145 -2.959669
      vertex -0.912757 -0.287145 -3.119002
    endloop
  endfacet
  facet normal 0.000000 0.000000 0.000000
    outer loop
      vertex -0.912757 -0.287145 -3.119002
      vertex -0.912757 -0.287145 -2.959669
      vertex -0.799667 -0.240399 -2.959669
    endloop
  endfacet
  facet normal 0.000000 0.000000 0.000000
    outer loop
      vertex -0.912757 -0.287145 -3.119002
      vertex -0.799667 -0.240399 -2.959669
      vertex -0.799667 -0.240399 -3.119002
    endloop
  endfacet
  facet normal 0.000000 0.000000 0.000000
    outer loop
      vertex -0.799667 -0.240399 -3.119002
      vertex -0.799667 -0.240399 -2.959669
      vertex -0.686577 -0.287145 -2.959669
    endloop
  endfacet
  facet normal 0.000000 0.000000 0.000000
    outer loop
      vertex -0.799667 -0.240399 -3.119002
      vertex -0.686577 -0.287145 -2.959669
      vertex -0.686577 -0.287145 -3.119002
    endloop
  endfacet
  facet normal 0.000000 0.000000 0.000000
    outer loop
      vertex -0.686577 -0.287145 -3.119002
      vertex -0.686577 -0.287145 -2.959669
      vertex -0.639733 -0.399999 -2.959669
    endloop
  endfacet
  facet normal 0.000000 0.000000 0.000000
    outer loop
      vertex -0.686577 -0.287145 -3.119002
      vertex -0.639733 -0.399999 -2.959669
      vertex -0.639733 -0.399999 -3.119002
    endloop
  endfacet
  facet normal 0.000000 0.000000 0.000000
    outer loop
      vertex -1.439400 -0.399999 -3.119002
      vertex -1.439400 -0.399999 -2.959669
      vertex -1.486243 -0.512853 -2.959669
    endloop
  endfacet
  facet normal 0.000000 0.000000 0.000000
    outer loop
      vertex -1.439400 -0.399999 -3.119002
      vertex -1.486243 -0.512853 -2.959669
      vertex -1.486243 -0.512853 -3.119002
    endloop
  endfacet
  facet normal 0.000000 0.000000 0.000000
    outer loop
      vertex -1.486243 -0.512853 -3.119002
      vertex -1.486243 -0.512853 -2.959669
      vertex -1.599333 -0.559599 -2.959669
    endloop
  endfacet
  facet normal 0.000000 0.000000 0.000000
    outer loop
      vertex -1.486243 -0.512853 -3.119002
      vertex -1.599333 -0.559599 -2.959669
      vertex -1.599333 -0.559599 -3.119002
    endloop
  endfacet
  facet normal 0.000000 0.000000 0.000000
    outer loop
      vertex -1.599333 -0.559599 -3.119002
      vertex -1.599333 -0.559599 -2.959669
      vertex -1.712423 -0.512853 -2.959669
    endloop
  endfacet
  facet normal 0.000000 0.000000 0.000000
    outer loop
      vertex -1.599333 -0.559599 -3.119002
      vertex -1.712423 -0.512853 -2.959669
      vertex -1.712423 -0.512853 -3.119002
    endloop
  endfacet
  facet normal 0.000000 0.000000 0.000000
    outer loop
      vertex -1.712423 -0.512853 -3.119002
      vertex -1.712423 -0.512853 -2.959669
      vertex -1.759267 -0.399999 -2.959669
    endloop
  endfacet
  facet normal 0.000000 0.000000 0.000000
    outer loop
      vertex -1.712423 -0.512853 -3.119002
      vertex -1.759267 -0.399999 -2.959669
      vertex -1.759267 -0.399999 -3.119002
    endloop
  endfacet
  facet normal 0.000000 0.000000 0.000000
    outer loop
      vertex -1.759267 -0.399999 -3.119002
      vertex -1.759267 -0.399999 -2.959669
      vertex -1.712423 -0.287145 -2.959669
    endloop
  endfacet
  facet normal 0.000000 0.000000 0.000000
    outer loop
      vertex -1.759267 -0.399999 -3.119002
      vertex -1.712423 -0.287145 -2.959669
      vertex -1.712423 -0.287145 -3.119002
    endloop
  endfacet
  facet normal 0.000000 0.000000 0.000000
    outer loop
      vertex -1.712423 -0.287145 -3.119002
      vertex -1.712423 -0.287145 -2.959669
      vertex -1.599333 -0.240399 -2.959669
    endloop
  endfacet
  facet normal 0.000000 0.000000 0.000000
    outer loop
      vertex -1.712423 -0.287145 -3.119002
      vertex -1.599333 -0.240399 -2.959669
      vertex -1.599333 -0.240399 -3.119002
    endloop
  endfacet
  facet normal 0.000000 0.000000 0.000000
    outer loop
      vertex -1.599333 -0.240399 -3.119002
      vertex -1.599333 -0.240399 -2.959669
      vertex -1.486243 -0.287145 -2.959669
    endloop
  endfacet
  facet normal 0.000000 0.000000 0.000000
    outer loop
      vertex -1.599333 -0.240399 -3.119002
      vertex -1.486243 -0.287145 -2.959669
      vertex -1.486243 -0.287145 -3.119002
    endloop
  endfacet
  facet normal 0.000000 0.000000 0.000000
    outer loop
      vertex -1.486243 -0.287145 -3.119002
      vertex -1.486243 -0.287145 -2.959669
      vertex -1.439400 -0.399999 -2.959669
    endloop
  endfacet
  facet normal 0.000000 0.000000 0.000000
    outer loop
      vertex -1.486243 -0.287145 -3.119002
      vertex -1.439400 -0.399999 -2.959669
      vertex -1.439400 -0.399999 -3.119002
    endloop
  endfacet
  facet normal 0.000000 0.000000 0.000000
    outer loop
      vertex -2.239067 -0.160599 -2.959669
      vertex 2.239067 -0.160599 -2.959669
      vertex 2.239067 -0.639399 -2.959669
    endloop
  endfacet
  facet normal 0.000000 0.000000 0.000000
    outer loop
      vertex -2.239067 -0.160599 -2.959669
      vertex 2.239067 -0.639399 -2.959669
      vertex -2.239067 -0.639399 -2.959669
    endloop
  endfacet
  facet normal 0.000000 0.000000 0.000000
    outer loop
      vertex -2.239067 -0.160599 -2.959669
      vertex -2.239067 -0.160599 -3.119002
      vertex 2.239067 -0.160599 -3.119002
    endloop
  endfacet
  facet normal 0.000000 0.000000 0.000000
    outer loop
      vertex -2.239067 -0.160599 -2.959669
      vertex 2.239067 -0.160599 -3.119002
      vertex 2.239067 -0.160599 -2.959669
    endloop
  endfacet
  facet normal 0.000000 0.000000 0.000000
    outer loop
      vertex -2.239067 -0.639399 -2.959669
      vertex -2.239067 -0.639399 -3.119002
      vertex -2.239067 -0.160599 -3.119002
    endloop
  endfacet
  facet normal 0.000000 0.000000 0.000000
    outer loop
      vertex -2.239067 -0.639399 -2.959669
      vertex -2.239067 -0.160599 -3.119002
      vertex -2.239067 -0.160599 -2.959669
    endloop
  endfacet
  facet normal 0.000000 0.000000 0.000000
    outer loop
      vertex 2.239067 -0.639399 -2.959669
      vertex 2.239067 -0.639399 -3.119002
      vertex -2.239067 -0.639399 -3.119002
    endloop
  endfacet
  facet normal 0.000000 0.000000 0.000000
    outer loop
      vertex 2.239067 -0.639399 -2.959669
      vertex -2.239067 -0.639399 -3.119002
      vertex -2.239067 -0.639399 -2.959669
    endloop
  endfacet
  facet normal 0.000000 0.000000 0.000000
    outer loop
      vertex 2.239067 -0.160599 -2.959669
      vertex 2.239067 -0.160599 -3.119002
      vertex 2.239067 -0.639399 -3.119002
    endloop
  endfacet
  facet normal 0.000000 0.000000 0.000000
    outer loop
      vertex 2.239067 -0.160599 -2.959669
      vertex 2.239067 -0.639399 -3.119002
      vertex 2.239067 -0.639399 -2.959669
    endloop
  endfacet
  facet normal 0.000000 0.000000 0.000000
    outer loop
      vertex 2.399000 -0.798999 -2.800336
      vertex 2.399000 -0.798999 -3.119002
      vertex 2.399000 -0.000999 -3.119002
    endloop
  endfacet
  facet normal 0.000000 0.000000 0.000000
    outer loop
      vertex 2.399000 -0.798999 -2.800336
      vertex 2.399000 -0.000999 -3.119002
      vertex 2.399000 -0.000999 -2.800336
    endloop
  endfacet
  facet normal 0.000000 0.000000 0.000000
    outer loop
      vertex -2.399000 -0.798999 -2.800336
      vertex -2.399000 -0.798999 -3.119002
      vertex 2.399000 -0.798999 -3.119002
    endloop
  endfacet
  facet normal 0.000000 0.000000 0.000000
    outer loop
      vertex -2.399000 -0.798999 -2.800336
      vertex 2.399000 -0.798999 -3.119002
      vertex 2.399000 -0.798999 -2.800336
    endloop
  endfacet
  facet normal 0.000000 0.000000 0.000000
    outer loop
      vertex -2.399000 -0.000999 -2.800336
      vertex -2.399000 -0.000999 -3.119002
      vertex -2.399000 -0.798999 -3.119002
    endloop
  endfacet
  facet normal 0.000000 0.000000 0.000000
    outer loop
      vertex -2.399000 -0.000999 -2.800336
      vertex -2.399000 -0.798999 -3.119002
      vertex -2.399000 -0.798999 -2.800336
    endloop
  endfacet
  facet normal 0.000000 0.000000 0.000000
    outer loop
      vertex 2.399000 -0.000999 -2.800336
      vertex 2.399000 -0.000999 -3.119002
      vertex -2.399000 -0.000999 -3.119002
    endloop
  endfacet
  facet normal 0.000000 0.000000 0.000000
    outer loop
      vertex 2.399000 -0.000999 -2.800336
      vertex -2.399000 -0.000999 -3.119002
      vertex -2.399000 -0.000999 -2.800336
    endloop
  endfacet
  facet normal 0.000000 0.000000 0.000000
    outer loop
      vertex -2.399000 -0.798999 -2.800336
      vertex 2.399000 -0.798999 -2.800336
      vertex 2.399000 -0.000999 -2.800336
    endloop
  endfacet
  facet normal 0.000000 0.000000 0.000000
    outer loop
      vertex -2.399000 -0.798999 -2.800336
      vertex 2.399000 -0.000999 -2.800336
      vertex -2.399000 -0.000999 -2.800336
    endloop
  endfacet
  facet normal 0.000000 0.000000 0.000000
    outer loop
      vertex 2.239067 -0.399999 -2.641002
      vertex 2.239067 -0.399999 -2.800336
      vertex 2.168802 -0.230717 -2.800336
    endloop
  endfacet
  facet normal 0.000000 0.000000 0.000000
    outer loop
      vertex 2.239067 -0.399999 -2.641002
      vertex 2.168802 -0.230717 -2.800336
      vertex 2.168802 -0.230717 -2.641002
    endloop
  endfacet
  facet normal 0.000000 0.000000 0.000000
    outer loop
      vertex 2.168802 -0.230717 -2.641002
      vertex 2.168802 -0.230717 -2.800336
      vertex 1.999166 -0.160599 -2.800336
    endloop
  endfacet
  facet normal 0.000000 0.000000 0.000000
    outer loop
      vertex 2.168802 -0.230717 -2.641002
      vertex 1.999166 -0.160599 -2.800336
      vertex 1.999166 -0.160599 -2.641002
    endloop
  endfacet
  facet normal 0.000000 0.000000 0.000000
    outer loop
      vertex 1.999166 -0.160599 -2.641002
      vertex 1.999166 -0.160599 -2.800336
      vertex 1.829532 -0.230717 -2.800336
    endloop
  endfacet
  facet normal 0.000000 0.000000 0.000000
    outer loop
      vertex 1.999166 -0.160599 -2.641002
      vertex 1.829532 -0.230717 -2.800336
      vertex 1.829532 -0.230717 -2.641002
    endloop
  endfacet
  facet normal 0.000000 0.000000 0.000000
    outer loop
      vertex 1.829532 -0.230717 -2.641002
      vertex 1.829532 -0.230717 -2.800336
      vertex 1.759267 -0.399999 -2.800336
    endloop
  endfacet
  facet normal 0.000000 0.000000 0.000000
    outer loop
      vertex 1.829532 -0.230717 -2.641002
      vertex 1.759267 -0.399999 -2.800336
      vertex 1.759267 -0.399999 -2.641002
    endloop
  endfacet
  facet normal 0.000000 0.000000 0.000000
    outer loop
      vertex 1.759267 -0.399999 -2.641002
      vertex 1.759267 -0.399999 -2.800336
      vertex 1.829532 -0.569280 -2.800336
    endloop
  endfacet
  facet normal 0.000000 0.000000 0.000000
    outer loop
      vertex 1.759267 -0.399999 -2.641002
      vertex 1.829532 -0.569280 -2.800336
      vertex 1.829532 -0.569280 -2.641002
    endloop
  endfacet
  facet normal 0.000000 0.000000 0.000000
    outer loop
      vertex 1.829532 -0.569280 -2.641002
      vertex 1.829532 -0.569280 -2.800336
      vertex 1.999166 -0.639399 -2.800336
    endloop
  endfacet
  facet normal 0.000000 0.000000 0.000000
    outer loop
      vertex 1.829532 -0.569280 -2.641002
      vertex 1.999166 -0.639399 -2.800336
      vertex 1.999166 -0.639399 -2.641002
    endloop
  endfacet
  facet normal 0.000000 0.000000 0.000000
    outer loop
      vertex 1.999166 -0.639399 -2.641002
      vertex 1.999166 -0.639399 -2.800336
      vertex 2.168802 -0.569280 -2.800336
    endloop
  endfacet
  facet normal 0.000000 0.000000 0.000000
    outer loop
      vertex 1.999166 -0.639399 -2.641002
      vertex 2.168802 -0.569280 -2.800336
      vertex 2.168802 -0.569280 -2.641002
    endloop
  endfacet
  facet normal 0.000000 0.000000 0.000000
    outer loop
      vertex 2.168802 -0.569280 -2.641002
      vertex 2.168802 -0.569280 -2.800336
      vertex 2.239067 -0.399999 -2.800336
    endloop
  endfacet
  facet normal 0.000000 0.000000 0.000000
    outer loop
      vertex 2.168802 -0.569280 -2.641002
      vertex 2.239067 -0.399999 -2.800336
      vertex 2.239067 -0.399999 -2.641002
    endloop
  endfacet
  facet normal 0.000000 0.000000 0.000000
    outer loop
      vertex 1.439400 -0.399999 -2.641002
      vertex 1.439400 -0.399999 -2.800336
      vertex 1.369135 -0.230717 -2.800336
    endloop
  endfacet
  facet normal 0.000000 0.000000 0.000000
    outer loop
      vertex 1.439400 -0.399999 -2.641002
      vertex 1.369135 -0.230717 -2.800336
      vertex 1.369135 -0.230717 -2.641002
    endloop
  endfacet
  facet normal 0.000000 0.000000 0.000000
    outer loop
      vertex 1.369135 -0.230717 -2.641002
      vertex 1.369135 -0.230717 -2.800336
      vertex 1.199500 -0.160599 -2.800336
    endloop
  endfacet
  facet normal 0.000000 0.000000 0.000000
    outer loop
      vertex 1.369135 -0.230717 -2.641002
      vertex 1.199500 -0.160599 -2.800336
      vertex 1.199500 -0.160599 -2.641002
    endloop
  endfacet
  facet normal 0.000000 0.000000 0.000000
    outer loop
      vertex 1.199500 -0.160599 -2.641002
      vertex 1.199500 -0.160599 -2.800336
      vertex 1.029865 -0.230717 -2.800336
    endloop
  endfacet
  facet normal 0.000000 0.000000 0.000000
    outer loop
      vertex 1.199500 -0.160599 -2.641002
      vertex 1.029865 -0.230717 -2.800336
      vertex 1.029865 -0.230717 -2.641002
    endloop
  endfacet
  facet normal 0.000000 0.000000 0.000000
    outer loop
      vertex 1.029865 -0.230717 -2.641002
      vertex 1.029865 -0.230717 -2.800336
      vertex 0.959600 -0.399999 -2.800336
    endloop
  endfacet
  facet normal 0.000000 0.000000 0.000000
    outer loop
      vertex 1.029865 -0.230717 -2.641002
      vertex 0.959600 -0.399999 -2.800336
      vertex 0.959600 -0.399999 -2.641002
    endloop
  endfacet
  facet normal 0.000000 0.000000 0.000000
    outer loop
      vertex 0.959600 -0.399999 -2.641002
      vertex 0.959600 -0.399999 -2.800336
      vertex 1.029865 -0.569280 -2.800336
    endloop
  endfacet
  facet normal 0.000000 0.000000 0.000000
    outer loop
      vertex 0.959600 -0.399999 -2.641002
      vertex 1.029865 -0.569280 -2.800336
      vertex 1.029865 -0.569280 -2.641002
    endloop
  endfacet
  facet normal 0.000000 0.000000 0.000000
    outer loop
      vertex 1.029865 -0.569280 -2.641002
      vertex 1.029865 -0.569280 -2.800336
      vertex 1.199500 -0.639399 -2.800336
    endloop
  endfacet
  facet normal 0.000000 0.000000 0.000000
    outer loop
      vertex 1.029865 -0.569280 -2.641002
      vertex 1.199500 -0.639399 -2.800336
      vertex 1.199500 -0.639399 -2.641002
    endloop
  endfacet
  facet normal 0.000000 0.000000 0.000000
    outer loop
      vertex 1.199500 -0.639399 -2.641002
      vertex 1.199500 -0.639399 -2.800336
      vertex 1.369135 -0.569280 -2.800336
    endloop
  endfacet
  facet normal 0.000000 0.000000 0.000000
    outer loop
      vertex 1.199500 -0.639399 -2.641002
      vertex 1.369135 -0.569280 -2.800336
      vertex 1.369135 -0.569280 -2.641002
    endloop
  endfacet
  facet normal 0.000000 0.000000 0.000000
    outer loop
      vertex 1.369135 -0.569280 -2.641002
      vertex 1.369135 -0.569280 -2.800336
      vertex 1.439400 -0.399999 -2.800336
    endloop
  endfacet
  facet normal 0.000000 0.000000 0.000000
    outer loop
      vertex 1.369135 -0.569280 -2.641002
      vertex 1.439400 -0.399999 -2.800336
      vertex 1.439400 -0.399999 -2.641002
    endloop
  endfacet
  facet normal 0.000000 0.000000 0.000000
    outer loop
      vertex 0.639733 -0.399999 -2.641002
      vertex 0.639733 -0.399999 -2.800336
      vertex 0.569468 -0.230717 -2.800336
    endloop
  endfacet
  facet normal 0.000000 0.000000 0.000000
    outer loop
      vertex 0.639733 -0.399999 -2.641002
      vertex 0.569468 -0.230717 -2.800336
      vertex 0.569468 -0.230717 -2.641002
    endloop
  endfacet
  facet normal 0.000000 0.000000 0.000000
    outer loop
      vertex 0.569468 -0.230717 -2.641002
      vertex 0.569468 -0.230717 -2.800336
      vertex 0.399833 -0.160599 -2.800336
    endloop
  endfacet
  facet normal 0.000000 0.000000 0.000000
    outer loop
      vertex 0.569468 -0.230717 -2.641002
      vertex 0.399833 -0.160599 -2.800336
      vertex 0.399833 -0.160599 -2.641002
    endloop
  endfacet
  facet normal 0.000000 0.000000 0.000000
    outer loop
      vertex 0.399833 -0.160599 -2.641002
      vertex 0.399833 -0.160599 -2.800336
      vertex 0.230198 -0.230717 -2.800336
    endloop
  endfacet
  facet normal 0.000000 0.000000 0.000000
    outer loop
      vertex 0.399833 -0.160599 -2.641002
      vertex 0.230198 -0.230717 -2.800336
      vertex 0.230198 -0.230717 -2.641002
    endloop
  endfacet
  facet normal 0.000000 0.000000 0.000000
    outer loop
      vertex 0.230198 -0.230717 -2.641002
      vertex 0.230198 -0.230717 -2.800336
      vertex 0.159933 -0.399999 -2.800336
    endloop
  endfacet
  facet normal 0.000000 0.000000 0.000000
    outer loop
      vertex 0.230198 -0.230717 -2.641002
      vertex 0.159933 -0.399999 -2.800336
      vertex 0.159933 -0.399999 -2.641002
    endloop
  endfacet
  facet normal 0.000000 0.000000 0.000000
    outer loop
      vertex 0.159933 -0.399999 -2.641002
      vertex 0.159933 -0.399999 -2.800336
      vertex 0.230198 -0.569280 -2.800336
    endloop
  endfacet
  facet normal 0.000000 0.000000 0.000000
    outer loop
      vertex 0.159933 -0.399999 -2.641002
      vertex 0.230198 -0.569280 -2.800336
      vertex 0.230198 -0.569280 -2.641002
    endloop
  endfacet
  facet normal 0.000000 0.000000 0.000000
    outer loop
      vertex 0.230198 -0.569280 -2.641002
      vertex 0.230198 -0.569280 -2.800336
      vertex 0.399833 -0.639399 -2.800336
    endloop
  endfacet
  facet normal 0.000000 0.000000 0.000000
    outer loop
      vertex 0.230198 -0.569280 -2.641002
      vertex 0.399833 -0.639399 -2.800336
      vertex 0.399833 -0.639399 -2.641002
    endloop
  endfacet
  facet normal 0.000000 0.000000 0.000000
    outer loop
      vertex 0.399833 -0.639399 -2.641002
      vertex 0.399833 -0.639399 -2.800336
      vertex 0.569468 -0.569280 -2.800336
    endloop
  endfacet
  facet normal 0.000000 0.000000 0.000000
    outer loop
      vertex 0.399833 -0.639399 -2.641002
      vertex 0.569468 -0.569280 -2.800336
      vertex 0.569468 -0.569280 -2.641002
    endloop
  endfacet
  facet normal 0.000000 0.000000 0.000000
    outer loop
      vertex 0.569468 -0.569280 -2.641002
      vertex 0.569468 -0.569280 -2.800336
      vertex 0.639733 -0.399999 -2.800336
    endloop
  endfacet
  facet normal 0.000000 0.000000 0.000000
    outer loop
      vertex 0.569468 -0.569280 -2.641002
      vertex 0.639733 -0.399999 -2.800336
      vertex 0.639733 -0.399999 -2.641002
    endloop
  endfacet
  facet normal 0.000000 0.000000 0.000000
    outer loop
      vertex -0.159933 -0.399999 -2.641002
      vertex -0.159933 -0.399999 -2.800336
      vertex -0.230198 -0.230717 -2.800336
    endloop
  endfacet
  facet normal 0.000000 0.000000 0.000000
    outer loop
      vertex -0.159933 -0.399999 -2.641002
      vertex -0.230198 -0.230717 -2.800336
      vertex -0.230198 -0.230717 -2.641002
    endloop
  endfacet
  facet normal 0.000000 0.000000 0.000000
    outer loop
      vertex -0.230198 -0.230717 -2.641002
      vertex -0.230198 -0.230717 -2.800336
      vertex -0.399833 -0.160599 -2.800336
    endloop
  endfacet
  facet normal 0.000000 0.000000 0.000000
    outer loop
      vertex -0.230198 -0.230717 -2.641002
      vertex -0.399833 -0.160599 -2.800336
      vertex -0.399833 -0.160599 -2.641002
    endloop
  endfacet
  facet normal 0.000000 0.000000 0.000000
    outer loop
      vertex -0.399833 -0.160599 -2.641002
      vertex -0.399833 -0.160599 -2.800336
      vertex -0.569468 -0.230717 -2.800336
    endloop
  endfacet
  facet normal 0.000000 0.000000 0.000000
    outer loop
      vertex -0.399833 -0.160599 -2.641002
      vertex -0.569468 -0.230717 -2.800336
      vertex -0.569468 -0.230717 -2.641002
    endloop
  endfacet
  facet normal 0.000000 0.000000 0.000000
    outer loop
      vertex -0.569468 -0.230717 -2.641002
      vertex -0.569468 -0.230717 -2.800336
      vertex -0.639733 -0.399999 -2.800336
    endloop
  endfacet
  facet normal 0.000000 0.000000 0.000000
    outer loop
      vertex -0.569468 -0.230717 -2.641002
      vertex -0.639733 -0.399999 -2.800336
      vertex -0.639733 -0.399999 -2.641002
    endloop
  endfacet
  facet normal 0.000000 0.000000 0.000000
    outer loop
      vertex -0.639733 -0.399999 -2.641002
      vertex -0.639733 -0.399999 -2.800336
      vertex -0.569468 -0.569280 -2.800336
    endloop
  endfacet
  facet normal 0.000000 0.000000 0.000000
    outer loop
      vertex -0.639733 -0.399999 -2.641002
      vertex -0.569468 -0.569280 -2.800336
      vertex -0.569468 -0.569280 -2.641002
    endloop
  endfacet
  facet normal 0.000000 0.000000 0.000000
    outer loop
      vertex -0.569468 -0.569280 -2.641002
      vertex -0.569468 -0.569280 -2.800336
      vertex -0.399833 -0.639399 -2.800336
    endloop
  endfacet
  facet normal 0.000000 0.000000 0.000000
    outer loop
      vertex -0.569468 -0.569280 -2.641002
      vertex -0.399833 -0.639399 -2.800336
      vertex -0.399833 -0.639399 -2.641002
    endloop
  endfacet
  facet normal 0.000000 0.000000 0.000000
    outer loop
      vertex -0.399833 -0.639399 -2.641002
      vertex -0.399833 -0.639399 -2.800336
      vertex -0.230198 -0.569280 -2.800336
    endloop
  endfacet
  facet normal 0.000000 0.000000 0.000000
    outer loop
      vertex -0.399833 -0.639399 -2.641002
      vertex -0.230198 -0.569280 -2.800336
      vertex -0.230198 -0.569280 -2.641002
    endloop
  endfacet
  facet normal 0.000000 0.000000 0.000000
    outer loop
      vertex -0.230198 -0.569280 -2.641002
      vertex -0.230198 -0.569280 -2.800336
      vertex -0.159933 -0.399999 -2.800336
    endloop
  endfacet
  facet normal 0.000000 0.000000 0.000000
    outer loop
      vertex -0.230198 -0.569280 -2.641002
      vertex -0.159933 -0.399999 -2.800336
      vertex -0.159933 -0.399999 -2.641002
    endloop
  endfacet
  facet normal 0.000000 0.000000 0.000000
    outer loop
      vertex -0.959600 -0.399999 -2.641002
      vertex -0.959600 -0.399999 -2.800336
      vertex -1.029865 -0.230717 -2.800336
    endloop
  endfacet
  facet normal 0.000000 0.000000 0.000000
    outer loop
      vertex -0.959600 -0.399999 -2.641002
      vertex -1.029865 -0.230717 -2.800336
      vertex -1.029865 -0.230717 -2.641002
    endloop
  endfacet
  facet normal 0.000000 0.000000 0.000000
    outer loop
      vertex -1.029865 -0.230717 -2.641002
      vertex -1.029865 -0.230717 -2.800336
      vertex -1.199500 -0.160599 -2.800336
    endloop
  endfacet
  facet normal 0.000000 0.000000 0.000000
    outer loop
      vertex -1.029865 -0.230717 -2.641002
      vertex -1.199500 -0.160599 -2.800336
      vertex -1.199500 -0.160599 -2.641002
    endloop
  endfacet
  facet normal 0.000000 0.000000 0.000000
    outer loop
      vertex -1.199500 -0.160599 -2.641002
      vertex -1.199500 -0.160599 -2.800336
      vertex -1.369135 -0.230717 -2.800336
    endloop
  endfacet
  facet normal 0.000000 0.000000 0.000000
    outer loop
      vertex -1.199500 -0.160599 -2.641002
      vertex -1.369135 -0.230717 -2.800336
      vertex -1.369135 -0.230717 -2.641002
    endloop
  endfacet
  facet normal 0.000000 0.000000 0.000000
    outer loop
      vertex -1.369135 -0.230717 -2.641002
      vertex -1.369135 -0.230717 -2.800336
      vertex -1.439400 -0.399999 -2.800336
    endloop
  endfacet
  facet normal 0.000000 0.000000 0.000000
    outer loop
      vertex -1.369135 -0.230717 -2.641002
      vertex -1.439400 -0.399999 -2.800336
      vertex -1.439400 -0.399999 -2.641002
    endloop
  endfacet
  facet normal 0.000000 0.000000 0.000000
    outer loop
      vertex -1.439400 -0.399999 -2.641002
      vertex -1.439400 -0.399999 -2.800336
      vertex -1.369135 -0.569280 -2.800336
    endloop
  endfacet
  facet normal 0.000000 0.000000 0.000000
    outer loop
      vertex -1.439400 -0.399999 -2.641002
      vertex -1.369135 -0.569280 -2.800336
      vertex -1.369135 -0.569280 -2.641002
    endloop
  endfacet
  facet normal 0.000000 0.000000 0.000000
    outer loop
      vertex -1.369135 -0.569280 -2.641002
      vertex -1.369135 -0.569280 -2.800336
      vertex -1.199500 -0.639399 -2.800336
    endloop
  endfacet
  facet normal 0.000000 0.000000 0.000000
    outer loop
      vertex -1.369135 -0.569280 -2.641002
      vertex -1.199500 -0.639399 -2.800336
      vertex -1.199500 -0.639399 -2.641002
    endloop
  endfacet
  facet normal 0.000000 0.000000 0.000000
    outer loop
      vertex -1.199500 -0.639399 -2.641002
      vertex -1.199500 -0.639399 -2.800336
      vertex -1.029865 -0.569280 -2.800336
    endloop
  endfacet
  facet normal 0.000000 0.000000 0.000000
    outer loop
      vertex -1.199500 -0.639399 -2.641002
      vertex -1.029865 -0.569280 -2.800336
      vertex -1.029865 -0.569280 -2.641002
    endloop
  endfacet
  facet normal 0.000000 0.000000 0.000000
    outer loop
      vertex -1.029865 -0.569280 -2.641002
      vertex -1.029865 -0.569280 -2.800336
      vertex -0.959600 -0.399999 -2.800336
    endloop
  endfacet
  facet normal 0.000000 0.000000 0.000000
    outer loop
      vertex -1.029865 -0.569280 -2.641002
      vertex -0.959600 -0.399999 -2.800336
      vertex -0.959600 -0.399999 -2.641002
    endloop
  endfacet
  facet normal 0.000000 0.000000 0.000000
    outer loop
      vertex -1.759267 -0.399999 -2.641002
      vertex -1.759267 -0.399999 -2.800336
      vertex -1.829532 -0.230717 -2.800336
    endloop
  endfacet
  facet normal 0.000000 0.000000 0.000000
    outer loop
      vertex -1.759267 -0.399999 -2.641002
      vertex -1.829532 -0.230717 -2.800336
      vertex -1.829532 -0.230717 -2.641002
    endloop
  endfacet
  facet normal 0.000000 0.000000 0.000000
    outer loop
      vertex -1.829532 -0.230717 -2.641002
      vertex -1.829532 -0.230717 -2.800336
      vertex -1.999166 -0.160599 -2.800336
    endloop
  endfacet
  facet normal 0.000000 0.000000 0.000000
    outer loop
      vertex -1.829532 -0.230717 -2.641002
      vertex -1.999166 -0.160599 -2.800336
      vertex -1.999166 -0.160599 -2.641002
    endloop
  endfacet
  facet normal 0.000000 0.000000 0.000000
    outer loop
      vertex -1.999166 -0.160599 -2.641002
      vertex -1.999166 -0.160599 -2.800336
      vertex -2.168802 -0.230717 -2.800336
    endloop
  endfacet
  facet normal 0.000000 0.000000 0.000000
    outer loop
      vertex -1.999166 -0.160599 -2.641002
      vertex -2.168802 -0.230717 -2.800336
      vertex -2.168802 -0.230717 -2.641002
    endloop
  endfacet
  facet normal 0.000000 0.000000 0.000000
    outer loop
      vertex -2.168802 -0.230717 -2.641002
      vertex -2.168802 -0.230717 -2.800336
      vertex -2.239067 -0.399999 -2.800336
    endloop
  endfacet
  facet normal 0.000000 0.000000 0.000000
    outer loop
      vertex -2.168802 -0.230717 -2.641002
      vertex -2.239067 -0.399999 -2.800336
      vertex -2.239067 -0.399999 -2.641002
    endloop
  endfacet
  facet normal 0.000000 0.000000 0.000000
    outer loop
      vertex -2.239067 -0.399999 -2.641002
      vertex -2.239067 -0.399999 -2.800336
      vertex -2.168802 -0.569280 -2.800336
    endloop
  endfacet
  facet normal 0.000000 0.000000 0.000000
    outer loop
      vertex -2.239067 -0.399999 -2.641002
      vertex -2.168802 -0.569280 -2.800336
      vertex -2.168802 -0.569280 -2.641002
    endloop
  endfacet
  facet normal 0.000000 0.000000 0.000000
    outer loop
      vertex -2.168802 -0.569280 -2.641002
      vertex -2.168802 -0.569280 -2.800336
      vertex -1.999166 -0.639399 -2.800336
    endloop
  endfacet
  facet normal 0.000000 0.000000 0.000000
    outer loop
      vertex -2.168802 -0.569280 -2.641002
      vertex -1.999166 -0.639399 -2.800336
      vertex -1.999166 -0.639399 -2.641002
    endloop
  endfacet
  facet normal 0.000000 0.000000 0.000000
    outer loop
      vertex -1.999166 -0.639399 -2.641002
      vertex -1.999166 -0.639399 -2.800336
      vertex -1.829532 -0.569280 -2.800336
    endloop
  endfacet
  facet normal 0.000000 0.000000 0.000000
    outer loop
      vertex -1.999166 -0.639399 -2.641002
      vertex -1.829532 -0.569280 -2.800336
      vertex -1.829532 -0.569280 -2.641002
    endloop
  endfacet
  facet normal 0.000000 0.000000 0.000000
    outer loop
      vertex -1.829532 -0.569280 -2.641002
      vertex -1.829532 -0.569280 -2.800336
      vertex -1.759267 -0.399999 -2.800336
    endloop
  endfacet
  facet normal 0.000000 0.000000 0.000000
    outer loop
      vertex -1.829532 -0.569280 -2.641002
      vertex -1.759267 -0.399999 -2.800336
      vertex -1.759267 -0.399999 -2.641002
    endloop
  endfacet
  facet normal 0.000000 0.000000 0.000000
    outer loop
      vertex 1.999166 -0.399999 -2.641002
      vertex 2.239067 -0.399999 -2.641002
      vertex 2.168802 -0.230717 -2.641002
    endloop
  endfacet
  facet normal 0.000000 0.000000 0.000000
    outer loop
      vertex 1.999166 -0.399999 -2.641002
      vertex 2.168802 -0.230717 -2.641002
      vertex 1.999166 -0.160599 -2.641002
    endloop
  endfacet
  facet normal 0.000000 0.000000 0.000000
    outer loop
      vertex 1.999166 -0.399999 -2.641002
      vertex 1.999166 -0.160599 -2.641002
      vertex 1.829532 -0.230717 -2.641002
    endloop
  endfacet
  facet normal 0.000000 0.000000 0.000000
    outer loop
      vertex 1.999166 -0.399999 -2.641002
      vertex 1.829532 -0.230717 -2.641002
      vertex 1.759267 -0.399999 -2.641002
    endloop
  endfacet
  facet normal 0.000000 0.000000 0.000000
    outer loop
      vertex 1.999166 -0.399999 -2.641002
      vertex 1.759267 -0.399999 -2.641002
      vertex 1.829532 -0.569280 -2.641002
    endloop
  endfacet
  facet normal 0.000000 0.000000 0.000000
    outer loop
      vertex 1.999166 -0.399999 -2.641002
      vertex 1.829532 -0.569280 -2.641002
      vertex 1.999166 -0.639399 -2.641002
    endloop
  endfacet
  facet normal 0.000000 0.000000 0.000000
    outer loop
      vertex 1.999166 -0.399999 -2.641002
      vertex 1.999166 -0.639399 -2.641002
      vertex 2.168802 -0.569280 -2.641002
    endloop
  endfacet
  facet normal 0.000000 0.000000 0.000000
    outer loop
      vertex 1.999166 -0.399999 -2.641002
      vertex 2.168802 -0.569280 -2.641002
      vertex 2.239067 -0.399999 -2.641002
    endloop
  endfacet
  facet normal 0.000000 0.000000 0.000000
    outer loop
      vertex 1.199500 -0.399999 -2.641002
      vertex 1.439400 -0.399999 -2.641002
      vertex 1.369135 -0.230717 -2.641002
    endloop
  endfacet
  facet normal 0.000000 0.000000 0.000000
    outer loop
      vertex 1.199500 -0.399999 -2.641002
      vertex 1.369135 -0.230717 -2.641002
      vertex 1.199500 -0.160599 -2.641002
    endloop
  endfacet
  facet normal 0.000000 0.000000 0.000000
    outer loop
      vertex 1.199500 -0.399999 -2.641002
      vertex 1.199500 -0.160599 -2.641002
      vertex 1.029865 -0.230717 -2.641002
    endloop
  endfacet
  facet normal 0.000000 0.000000 0.000000
    outer loop
      vertex 1.199500 -0.399999 -2.641002
      vertex 1.029865 -0.230717 -2.641002
      vertex 0.959600 -0.399999 -2.641002
    endloop
  endfacet
  facet normal 0.000000 0.000000 0.000000
    outer loop
      vertex 1.199500 -0.399999 -2.641002
      vertex 0.959600 -0.399999 -2.641002
      vertex 1.029865 -0.569280 -2.641002
    endloop
  endfacet
  facet normal 0.000000 0.000000 0.000000
    outer loop
      vertex 1.199500 -0.399999 -2.641002
      vertex 1.029865 -0.569280 -2.641002
      vertex 1.199500 -0.639399 -2.641002
    endloop
  endfacet
  facet normal 0.000000 0.000000 0.000000
    outer loop
      vertex 1.199500 -0.399999 -2.641002
      vertex 1.199500 -0.639399 -2.641002
      vertex 1.369135 -0.569280 -2.641002
    endloop
  endfacet
  facet normal 0.000000 0.000000 0.000000
    outer loop
      vertex 1.199500 -0.399999 -2.641002
      vertex 1.369135 -0.569280 -2.641002
      vertex 1.439400 -0.399999 -2.641002
    endloop
  endfacet
  facet normal 0.000000 0.000000 0.000000
    outer loop
      vertex 0.399833 -0.399999 -2.641002
      vertex 0.639733 -0.399999 -2.641002
      vertex 0.569468 -0.230717 -2.641002
    endloop
  endfacet
  facet normal 0.000000 0.000000 0.000000
    outer loop
      vertex 0.399833 -0.399999 -2.641002
      vertex 0.569468 -0.230717 -2.641002
      vertex 0.399833 -0.160599 -2.641002
    endloop
  endfacet
  facet normal 0.000000 0.000000 0.000000
    outer loop
      vertex 0.399833 -0.399999 -2.641002
      vertex 0.399833 -0.160599 -2.641002
      vertex 0.230198 -0.230717 -2.641002
    endloop
  endfacet
  facet normal 0.000000 0.000000 0.000000
    outer loop
      vertex 0.399833 -0.399999 -2.641002
      vertex 0.230198 -0.230717 -2.641002
      vertex 0.159933 -0.399999 -2.641002
    endloop
  endfacet
  facet normal 0.000000 0.000000 0.000000
    outer loop
      vertex 0.399833 -0.399999 -2.641002
      vertex 0.159933 -0.399999 -2.641002
      vertex 0.230198 -0.569280 -2.641002
    endloop
  endfacet
  facet normal 0.000000 0.000000 0.000000
    outer loop
      vertex 0.399833 -0.399999 -2.641002
      vertex 0.230198 -0.569280 -2.641002
      vertex 0.399833 -0.639399 -2.641002
    endloop
  endfacet
  facet normal 0.000000 0.000000 0.000000
    outer loop
      vertex 0.399833 -0.399999 -2.641002
      vertex 0.399833 -0.639399 -2.641002
      vertex 0.569468 -0.569280 -2.641002
    endloop
  endfacet
  facet normal 0.000000 0.000000 0.000000
    outer loop
      vertex 0.399833 -0.399999 -2.641002
      vertex 0.569468 -0.569280 -2.641002
      vertex 0.639733 -0.399999 -2.641002
    endloop
  endfacet
  facet normal 0.000000 0.000000 0.000000
    outer loop
      vertex -0.399833 -0.399999 -2.641002
      vertex -0.159933 -0.399999 -2.641002
      vertex -0.230198 -0.230717 -2.641002
    endloop
  endfacet
  facet normal 0.000000 0.000000 0.000000
    outer loop
      vertex -0.399833 -0.399999 -2.641002
      vertex -0.230198 -0.230717 -2.641002
      vertex -0.399833 -0.160599 -2.641002
    endloop
  endfacet
  facet normal 0.000000 0.000000 0.000000
    outer loop
      vertex -0.399833 -0.399999 -2.641002
      vertex -0.399833 -0.160599 -2.641002
      vertex -0.569468 -0.230717 -2.641002
    endloop
  endfacet
  facet normal 0.000000 0.000000 0.000000
    outer loop
      vertex -0.399833 -0.399999 -2.641002
      vertex -0.569468 -0.230717 -2.641002
      vertex -0.639733 -0.399999 -2.641002
    endloop
  endfacet
  facet normal 0.000000 0.000000 0.000000
    outer loop
      vertex -0.399833 -0.399999 -2.641002
      vertex -0.639733 -0.399999 -2.641002
      vertex -0.569468 -0.569280 -2.641002
    endloop
  endfacet
  facet normal 0.000000 0.000000 0.000000
    outer loop
      vertex -0.399833 -0.399999 -2.641002
      vertex -0.569468 -0.569280 -2.641002
      vertex -0.399833 -0.639399 -2.641002
    endloop
  endfacet
  facet normal 0.000000 0.000000 0.000000
    outer loop
      vertex -0.399833 -0.399999 -2.641002
      vertex -0.399833 -0.639399 -2.641002
      vertex -0.230198 -0.569280 -2.641002
    endloop
  endfacet
  facet normal 0.000000 0.000000 0.000000
    outer loop
      vertex -0.399833 -0.399999 -2.641002
      vertex -0.230198 -0.569280 -2.641002
      vertex -0.159933 -0.399999 -2.641002
    endloop
  endfacet
  facet normal 0.000000 0.000000 0.000000
    outer loop
      vertex -1.199500 -0.399999 -2.641002
      vertex -0.959600 -0.399999 -2.641002
      vertex -1.029865 -0.230717 -2.641002
    endloop
  endfacet
  facet normal 0.000000 0.000000 0.000000
    outer loop
      vertex -1.199500 -0.399999 -2.641002
      vertex -1.029865 -0.230717 -2.641002
      vertex -1.199500 -0.160599 -2.641002
    endloop
  endfacet
  facet normal 0.000000 0.000000 0.000000
    outer loop
      vertex -1.199500 -0.399999 -2.641002
      vertex -1.199500 -0.160599 -2.641002
      vertex -1.369135 -0.230717 -2.641002
    endloop
  endfacet
  facet normal 0.000000 0.000000 0.000000
    outer loop
      vertex -1.199500 -0.399999 -2.641002
      vertex -1.369135 -0.230717 -2.641002
      vertex -1.439400 -0.399999 -2.641002
    endloop
  endfacet
  facet normal 0.000000 0.000000 0.000000
    outer loop
      vertex -1.199500 -0.399999 -2.641002
      vertex -1.439400 -0.399999 -2.641002
      vertex -1.369135 -0.569280 -2.641002
    endloop
  endfacet
  facet normal 0.000000 0.000000 0.000000
    outer loop
      vertex -1.199500 -0.399999 -2.641002
      vertex -1.369135 -0.569280 -2.641002
      vertex -1.199500 -0.639399 -2.641002
    endloop
  endfacet
  facet normal 0.000000 0.000000 0.000000
    outer loop
      vertex -1.199500 -0.399999 -2.641002
      vertex -1.199500 -0.639399 -2.641002
      vertex -1.029865 -0.569280 -2.641002
    endloop
  endfacet
  facet normal 0.000000 0.000000 0.000000
    outer loop
      vertex -1.199500 -0.399999 -2.641002
      vertex -1.029865 -0.569280 -2.641002
      vertex -0.959600 -0.399999 -2.641002
    endloop
  endfacet
  facet normal 0.000000 0.000000 0.000000
    outer loop
      vertex -1.999166 -0.399999 -2.641002
      vertex -1.759267 -0.399999 -2.641002
      vertex -1.829532 -0.230717 -2.641002
    endloop
  endfacet
  facet normal 0.000000 0.000000 0.000000
    outer loop
      vertex -1.999166 -0.399999 -2.641002
      vertex -1.829532 -0.230717 -2.641002
      vertex -1.999166 -0.160599 -2.641002
    endloop
  endfacet
  facet normal 0.000000 0.000000 0.000000
    outer loop
      vertex -1.999166 -0.399999 -2.641002
      vertex -1.999166 -0.160599 -2.641002
      vertex -2.168802 -0.230717 -2.641002
    endloop
  endfacet
  facet normal 0.000000 0.000000 0.000000
    outer loop
      vertex -1.999166 -0.399999 -2.641002
      vertex -2.168802 -0.230717 -2.641002
      vertex -2.239067 -0.399999 -2.641002
    endloop
  endfacet
  facet normal 0.000000 0.000000 0.000000
    outer loop
      vertex -1.999166 -0.399999 -2.641002
      vertex -2.239067 -0.399999 -2.641002
      vertex -2.168802 -0.569280 -2.641002
    endloop
  endfacet
  facet normal 0.000000 0.000000 0.000000
    outer loop
      vertex -1.999166 -0.399999 -2.641002
      vertex -2.168802 -0.569280 -2.641002
      vertex -1.999166 -0.639399 -2.641002
    endloop
  endfacet
  facet normal 0.000000 0.000000 0.000000
    outer loop
      vertex -1.999166 -0.399999 -2.641002
      vertex -1.999166 -0.639399 -2.641002
      vertex -1.829532 -0.569280 -2.641002
    endloop
  endfacet
  facet normal 0.000000 0.000000 0.000000
    outer loop
      vertex -1.999166 -0.399999 -2.641002
      vertex -1.829532 -0.569280 -2.641002
      vertex -1.759267 -0.399999 -2.641002
    endloop
  endfacet
  facet normal 0.000000 0.000000 0.000000
    outer loop
      vertex 0.160400 -0.399999 -4.079002
      vertex 0.113566 -0.512853 -4.079002
      vertex 0.000500 -0.399999 -4.079002
    endloop
  endfacet
  facet normal 0.000000 0.000000 0.000000
    outer loop
      vertex 0.113566 -0.512853 -4.079002
      vertex 0.000500 -0.559599 -4.079002
      vertex 0.000500 -0.399999 -4.079002
    endloop
  endfacet
  facet normal 0.000000 0.000000 0.000000
    outer loop
      vertex 0.000500 -0.559599 -4.079002
      vertex -0.112566 -0.512853 -4.079002
      vertex 0.000500 -0.399999 -4.079002
    endloop
  endfacet
  facet normal 0.000000 0.000000 0.000000
    outer loop
      vertex -0.112566 -0.512853 -4.079002
      vertex -0.159400 -0.399999 -4.079002
      vertex 0.000500 -0.399999 -4.079002
    endloop
  endfacet
  facet normal 0.000000 0.000000 0.000000
    outer loop
      vertex -0.159400 -0.399999 -4.079002
      vertex -0.112566 -0.287145 -4.079002
      vertex 0.000500 -0.399999 -4.079002
    endloop
  endfacet
  facet normal 0.000000 0.000000 0.000000
    outer loop
      vertex -0.112566 -0.287145 -4.079002
      vertex 0.000500 -0.240399 -4.079002
      vertex 0.000500 -0.399999 -4.079002
    endloop
  endfacet
  facet normal 0.000000 0.000000 0.000000
    outer loop
      vertex 0.000500 -0.240399 -4.079002
      vertex 0.113566 -0.287145 -4.079002
      vertex 0.000500 -0.399999 -4.079002
    endloop
  endfacet
  facet normal 0.000000 0.000000 0.000000
    outer loop
      vertex 0.113566 -0.287145 -4.079002
      vertex 0.160400 -0.399999 -4.079002
      vertex 0.000500 -0.399999 -4.079002
    endloop
  endfacet
  facet normal 0.000000 0.000000 0.000000
    outer loop
      vertex 0.959900 -0.399999 -4.079002
      vertex 0.913066 -0.512853 -4.079002
      vertex 0.800000 -0.399999 -4.079002
    endloop
  endfacet
  facet normal 0.000000 0.000000 0.000000
    outer loop
      vertex 0.913066 -0.512853 -4.079002
      vertex 0.800000 -0.559599 -4.079002
      vertex 0.800000 -0.399999 -4.079002
    endloop
  endfacet
  facet normal 0.000000 0.000000 0.000000
    outer loop
      vertex 0.800000 -0.559599 -4.079002
      vertex 0.686934 -0.512853 -4.079002
      vertex 0.800000 -0.399999 -4.079002
    endloop
  endfacet
  facet normal 0.000000 0.000000 0.000000
    outer loop
      vertex 0.686934 -0.512853 -4.079002
      vertex 0.640100 -0.399999 -4.079002
      vertex 0.800000 -0.399999 -4.079002
    endloop
  endfacet
  facet normal 0.000000 0.000000 0.000000
    outer loop
      vertex 0.640100 -0.399999 -4.079002
      vertex 0.686934 -0.287145 -4.079002
      vertex 0.800000 -0.399999 -4.079002
    endloop
  endfacet
  facet normal 0.000000 0.000000 0.000000
    outer loop
      vertex 0.686934 -0.287145 -4.079002
      vertex 0.800000 -0.240399 -4.079002
      vertex 0.800000 -0.399999 -4.079002
    endloop
  endfacet
  facet normal 0.000000 0.000000 0.000000
    outer loop
      vertex 0.800000 -0.240399 -4.079002
      vertex 0.913066 -0.287145 -4.079002
      vertex 0.800000 -0.399999 -4.079002
    endloop
  endfacet
  facet normal 0.000000 0.000000 0.000000
    outer loop
      vertex 0.913066 -0.287145 -4.079002
      vertex 0.959900 -0.399999 -4.079002
      vertex 0.800000 -0.399999 -4.079002
    endloop
  endfacet
  facet normal 0.000000 0.000000 0.000000
    outer loop
      vertex 1.759400 -0.399999 -4.079002
      vertex 1.712566 -0.512853 -4.079002
      vertex 1.599500 -0.399999 -4.079002
    endloop
  endfacet
  facet normal 0.000000 0.000000 0.000000
    outer loop
      vertex 1.712566 -0.512853 -4.079002
      vertex 1.599500 -0.559599 -4.079002
      vertex 1.599500 -0.399999 -4.079002
    endloop
  endfacet
  facet normal 0.000000 0.000000 0.000000
    outer loop
      vertex 1.599500 -0.559599 -4.079002
      vertex 1.486434 -0.512853 -4.079002
      vertex 1.599500 -0.399999 -4.079002
    endloop
  endfacet
  facet normal 0.000000 0.000000 0.000000
    outer loop
      vertex 1.486434 -0.512853 -4.079002
      vertex 1.439600 -0.399999 -4.079002
      vertex 1.599500 -0.399999 -4.079002
    endloop
  endfacet
  facet normal 0.000000 0.000000 0.000000
    outer loop
      vertex 1.439600 -0.399999 -4.079002
      vertex 1.486434 -0.287145 -4.079002
      vertex 1.599500 -0.399999 -4.079002
    endloop
  endfacet
  facet normal 0.000000 0.000000 0.000000
    outer loop
      vertex 1.486434 -0.287145 -4.079002
      vertex 1.599500 -0.240399 -4.079002
      vertex 1.599500 -0.399999 -4.079002
    endloop
  endfacet
  facet normal 0.000000 0.000000 0.000000
    outer loop
      vertex 1.599500 -0.240399 -4.079002
      vertex 1.712566 -0.287145 -4.079002
      vertex 1.599500 -0.399999 -4.079002
    endloop
  endfacet
  facet normal 0.000000 0.000000 0.000000
    outer loop
      vertex 1.712566 -0.287145 -4.079002
      vertex 1.759400 -0.399999 -4.079002
      vertex 1.599500 -0.399999 -4.079002
    endloop
  endfacet
  facet normal 0.000000 0.000000 0.000000
    outer loop
      vertex -0.799000 -0.798999 -4.079002
      vertex 2.399000 -0.798999 -4.079002
      vertex 2.399000 -0.798999 -3.120717
    endloop
  endfacet
  facet normal 0.000000 0.000000 0.000000
    outer loop
      vertex -0.799000 -0.798999 -4.079002
      vertex 2.399000 -0.798999 -3.120717
      vertex -0.799000 -0.798999 -3.120717
    endloop
  endfacet
  facet normal 0.000000 0.000000 0.000000
    outer loop
      vertex -0.639100 -0.639399 -4.079002
      vertex 2.239100 -0.639399 -4.079002
      vertex 2.399000 -0.798999 -4.079002
    endloop
  endfacet
  facet normal 0.000000 0.000000 0.000000
    outer loop
      vertex -0.639100 -0.639399 -4.079002
      vertex 2.399000 -0.798999 -4.079002
      vertex -0.799000 -0.798999 -4.079002
    endloop
  endfacet
  facet normal 0.000000 0.000000 0.000000
    outer loop
      vertex 2.399000 -0.000999 -4.079002
      vertex 2.239100 -0.160599 -4.079002
      vertex -0.639100 -0.160599 -4.079002
    endloop
  endfacet
  facet normal 0.000000 0.000000 0.000000
    outer loop
      vertex 2.399000 -0.000999 -4.079002
      vertex -0.639100 -0.160599 -4.079002
      vertex -0.799000 -0.000999 -4.079002
    endloop
  endfacet
  facet normal 0.000000 0.000000 0.000000
    outer loop
      vertex -0.799000 -0.000999 -4.079002
      vertex -0.639100 -0.160599 -4.079002
      vertex -0.639100 -0.639399 -4.079002
    endloop
  endfacet
  facet normal 0.000000 0.000000 0.000000
    outer loop
      vertex -0.799000 -0.000999 -4.079002
      vertex -0.639100 -0.639399 -4.079002
      vertex -0.799000 -0.798999 -4.079002
    endloop
  endfacet
  facet normal 0.000000 0.000000 0.000000
    outer loop
      vertex 2.239100 -0.639399 -4.079002
      vertex 2.239100 -0.160599 -4.079002
      vertex 2.399000 -0.000999 -4.079002
    endloop
  endfacet
  facet normal 0.000000 0.000000 0.000000
    outer loop
      vertex 2.239100 -0.639399 -4.079002
      vertex 2.399000 -0.000999 -4.079002
      vertex 2.399000 -0.798999 -4.079002
    endloop
  endfacet
  facet normal 0.000000 0.000000 0.000000
    outer loop
      vertex 2.399000 -0.798999 -4.079002
      vertex 2.399000 -0.000999 -4.079002
      vertex 2.399000 -0.000999 -3.120717
    endloop
  endfacet
  facet normal 0.000000 0.000000 0.000000
    outer loop
      vertex 2.399000 -0.798999 -4.079002
      vertex 2.399000 -0.000999 -3.120717
      vertex 2.399000 -0.798999 -3.120717
    endloop
  endfacet
  facet normal 0.000000 0.000000 0.000000
    outer loop
      vertex -0.799000 -0.000999 -4.079002
      vertex -0.799000 -0.798999 -4.079002
      vertex -0.799000 -0.798999 -3.120717
    endloop
  endfacet
  facet normal 0.000000 0.000000 0.000000
    outer loop
      vertex -0.799000 -0.000999 -4.079002
      vertex -0.799000 -0.798999 -3.120717
      vertex -0.799000 -0.000999 -3.120717
    endloop
  endfacet
  facet normal 0.000000 0.000000 0.000000
    outer loop
      vertex 2.399000 -0.000999 -4.079002
      vertex -0.799000 -0.000999 -4.079002
      vertex -0.799000 -0.000999 -3.120717
    endloop
  endfacet
  facet normal 0.000000 0.000000 0.000000
    outer loop
      vertex 2.399000 -0.000999 -4.079002
      vertex -0.799000 -0.000999 -3.120717
      vertex 2.399000 -0.000999 -3.120717
    endloop
  endfacet
  facet normal 0.000000 0.000000 0.000000
    outer loop
      vertex -0.799000 -0.000999 -3.120717
      vertex -0.799000 -0.798999 -3.120717
      vertex 2.399000 -0.798999 -3.120717
    endloop
  endfacet
  facet normal 0.000000 0.000000 0.000000
    outer loop
      vertex -0.799000 -0.000999 -3.120717
      vertex 2.399000 -0.798999 -3.120717
      vertex 2.399000 -0.000999 -3.120717
    endloop
  endfacet
  facet normal 0.000000 0.000000 0.000000
    outer loop
      vertex -0.639100 -0.160599 -3.280431
      vertex 2.239100 -0.160599 -3.280431
      vertex 2.239100 -0.639399 -3.280431
    endloop
  endfacet
  facet normal 0.000000 0.000000 0.000000
    outer loop
      vertex -0.639100 -0.160599 -3.280431
      vertex 2.239100 -0.639399 -3.280431
      vertex -0.639100 -0.639399 -3.280431
    endloop
  endfacet
  facet normal 0.000000 0.000000 0.000000
    outer loop
      vertex -0.639100 -0.160599 -3.280431
      vertex -0.639100 -0.160599 -4.079002
      vertex 2.239100 -0.160599 -4.079002
    endloop
  endfacet
  facet normal 0.000000 0.000000 0.000000
    outer loop
      vertex -0.639100 -0.160599 -3.280431
      vertex 2.239100 -0.160599 -4.079002
      vertex 2.239100 -0.160599 -3.280431
    endloop
  endfacet
  facet normal 0.000000 0.000000 0.000000
    outer loop
      vertex -0.639100 -0.639399 -3.280431
      vertex -0.639100 -0.639399 -4.079002
      vertex -0.639100 -0.160599 -4.079002
    endloop
  endfacet
  facet normal 0.000000 0.000000 0.000000
    outer loop
      vertex -0.639100 -0.639399 -3.280431
      vertex -0.639100 -0.160599 -4.079002
      vertex -0.639100 -0.160599 -3.280431
    endloop
  endfacet
  facet normal 0.000000 0.000000 0.000000
    outer loop
      vertex 2.239100 -0.639399 -3.280431
      vertex 2.239100 -0.639399 -4.079002
      vertex -0.639100 -0.639399 -4.079002
    endloop
  endfacet
  facet normal 0.000000 0.000000 0.000000
    outer loop
      vertex 2.239100 -0.639399 -3.280431
      vertex -0.639100 -0.639399 -4.079002
      vertex -0.639100 -0.639399 -3.280431
    endloop
  endfacet
  facet normal 0.000000 0.000000 0.000000
    outer loop
      vertex 2.239100 -0.160599 -3.280431
      vertex 2.239100 -0.160599 -4.079002
      vertex 2.239100 -0.639399 -4.079002
    endloop
  endfacet
  facet normal 0.000000 0.000000 0.000000
    outer loop
      vertex 2.239100 -0.160599 -3.280431
      vertex 2.239100 -0.639399 -4.079002
      vertex 2.239100 -0.639399 -3.280431
    endloop
  endfacet
  facet normal 0.000000 0.000000 0.000000
    outer loop
      vertex -0.159400 -0.399999 -2.961002
      vertex -0.159400 -0.399999 -3.120717
      vertex -0.229650 -0.230717 -3.120717
    endloop
  endfacet
  facet normal 0.000000 0.000000 0.000000
    outer loop
      vertex -0.159400 -0.399999 -2.961002
      vertex -0.229650 -0.230717 -3.120717
      vertex -0.229650 -0.230717 -2.961002
    endloop
  endfacet
  facet normal 0.000000 0.000000 0.000000
    outer loop
      vertex -0.229650 -0.230717 -2.961002
      vertex -0.229650 -0.230717 -3.120717
      vertex -0.399250 -0.160599 -3.120717
    endloop
  endfacet
  facet normal 0.000000 0.000000 0.000000
    outer loop
      vertex -0.229650 -0.230717 -2.961002
      vertex -0.399250 -0.160599 -3.120717
      vertex -0.399250 -0.160599 -2.961002
    endloop
  endfacet
  facet normal 0.000000 0.000000 0.000000
    outer loop
      vertex -0.399250 -0.160599 -2.961002
      vertex -0.399250 -0.160599 -3.120717
      vertex -0.568850 -0.230717 -3.120717
    endloop
  endfacet
  facet normal 0.000000 0.000000 0.000000
    outer loop
      vertex -0.399250 -0.160599 -2.961002
      vertex -0.568850 -0.230717 -3.120717
      vertex -0.568850 -0.230717 -2.961002
    endloop
  endfacet
  facet normal 0.000000 0.000000 0.000000
    outer loop
      vertex -0.568850 -0.230717 -2.961002
      vertex -0.568850 -0.230717 -3.120717
      vertex -0.639100 -0.399999 -3.120717
    endloop
  endfacet
  facet normal 0.000000 0.000000 0.000000
    outer loop
      vertex -0.568850 -0.230717 -2.961002
      vertex -0.639100 -0.399999 -3.120717
      vertex -0.639100 -0.399999 -2.961002
    endloop
  endfacet
  facet normal 0.000000 0.000000 0.000000
    outer loop
      vertex -0.639100 -0.399999 -2.961002
      vertex -0.639100 -0.399999 -3.120717
      vertex -0.568850 -0.569280 -3.120717
    endloop
  endfacet
  facet normal 0.000000 0.000000 0.000000
    outer loop
      vertex -0.639100 -0.399999 -2.961002
      vertex -0.568850 -0.569280 -3.120717
      vertex -0.568850 -0.569280 -2.961002
    endloop
  endfacet
  facet normal 0.000000 0.000000 0.000000
    outer loop
      vertex -0.568850 -0.569280 -2.961002
      vertex -0.568850 -0.569280 -3.120717
      vertex -0.399250 -0.639399 -3.120717
    endloop
  endfacet
  facet normal 0.000000 0.000000 0.000000
    outer loop
      vertex -0.568850 -0.569280 -2.961002
      vertex -0.399250 -0.639399 -3.120717
      vertex -0.399250 -0.639399 -2.961002
    endloop
  endfacet
  facet normal 0.000000 0.000000 0.000000
    outer loop
      vertex -0.399250 -0.639399 -2.961002
      vertex -0.399250 -0.639399 -3.120717
      vertex -0.229650 -0.569280 -3.120717
    endloop
  endfacet
  facet normal 0.000000 0.000000 0.000000
    outer loop
      vertex -0.399250 -0.639399 -2.961002
      vertex -0.229650 -0.569280 -3.120717
      vertex -0.229650 -0.569280 -2.961002
    endloop
  endfacet
  facet normal 0.000000 0.000000 0.000000
    outer loop
      vertex -0.229650 -0.569280 -2.961002
      vertex -0.229650 -0.569280 -3.120717
      vertex -0.159400 -0.399999 -3.120717
    endloop
  endfacet
  facet normal 0.000000 0.000000 0.000000
    outer loop
      vertex -0.229650 -0.569280 -2.961002
      vertex -0.159400 -0.399999 -3.120717
      vertex -0.159400 -0.399999 -2.961002
    endloop
  endfacet
  facet normal 0.000000 0.000000 0.000000
    outer loop
      vertex 0.640100 -0.399999 -2.961002
      vertex 0.640100 -0.399999 -3.120717
      vertex 0.569850 -0.230717 -3.120717
    endloop
  endfacet
  facet normal 0.000000 0.000000 0.000000
    outer loop
      vertex 0.640100 -0.399999 -2.961002
      vertex 0.569850 -0.230717 -3.120717
      vertex 0.569850 -0.230717 -2.961002
    endloop
  endfacet
  facet normal 0.000000 0.000000 0.000000
    outer loop
      vertex 0.569850 -0.230717 -2.961002
      vertex 0.569850 -0.230717 -3.120717
      vertex 0.400250 -0.160599 -3.120717
    endloop
  endfacet
  facet normal 0.000000 0.000000 0.000000
    outer loop
      vertex 0.569850 -0.230717 -2.961002
      vertex 0.400250 -0.160599 -3.120717
      vertex 0.400250 -0.160599 -2.961002
    endloop
  endfacet
  facet normal 0.000000 0.000000 0.000000
    outer loop
      vertex 0.400250 -0.160599 -2.961002
      vertex 0.400250 -0.160599 -3.120717
      vertex 0.230650 -0.230717 -3.120717
    endloop
  endfacet
  facet normal 0.000000 0.000000 0.000000
    outer loop
      vertex 0.400250 -0.160599 -2.961002
      vertex 0.230650 -0.230717 -3.120717
      vertex 0.230650 -0.230717 -2.961002
    endloop
  endfacet
  facet normal 0.000000 0.000000 0.000000
    outer loop
      vertex 0.230650 -0.230717 -2.961002
      vertex 0.230650 -0.230717 -3.120717
      vertex 0.160400 -0.399999 -3.120717
    endloop
  endfacet
  facet normal 0.000000 0.000000 0.000000
    outer loop
      vertex 0.230650 -0.230717 -2.961002
      vertex 0.160400 -0.399999 -3.120717
      vertex 0.160400 -0.399999 -2.961002
    endloop
  endfacet
  facet normal 0.000000 0.000000 0.000000
    outer loop
      vertex 0.160400 -0.399999 -2.961002
      vertex 0.160400 -0.399999 -3.120717
      vertex 0.230650 -0.569280 -3.120717
    endloop
  endfacet
  facet normal 0.000000 0.000000 0.000000
    outer loop
      vertex 0.160400 -0.399999 -2.961002
      vertex 0.230650 -0.569280 -3.120717
      vertex 0.230650 -0.569280 -2.961002
    endloop
  endfacet
  facet normal 0.000000 0.000000 0.000000
    outer loop
      vertex 0.230650 -0.569280 -2.961002
      vertex 0.230650 -0.569280 -3.120717
      vertex 0.400250 -0.639399 -3.120717
    endloop
  endfacet
  facet normal 0.000000 0.000000 0.000000
    outer loop
      vertex 0.230650 -0.569280 -2.961002
      vertex 0.400250 -0.639399 -3.120717
      vertex 0.400250 -0.639399 -2.961002
    endloop
  endfacet
  facet normal 0.000000 0.000000 0.000000
    outer loop
      vertex 0.400250 -0.639399 -2.961002
      vertex 0.400250 -0.639399 -3.120717
      vertex 0.569850 -0.569280 -3.120717
    endloop
  endfacet
  facet normal 0.000000 0.000000 0.000000
    outer loop
      vertex 0.400250 -0.639399 -2.961002
      vertex 0.569850 -0.569280 -3.120717
      vertex 0.569850 -0.569280 -2.961002
    endloop
  endfacet
  facet normal 0.000000 0.000000 0.000000
    outer loop
      vertex 0.569850 -0.569280 -2.961002
      vertex 0.569850 -0.569280 -3.120717
      vertex 0.640100 -0.399999 -3.120717
    endloop
  endfacet
  facet normal 0.000000 0.000000 0.000000
    outer loop
      vertex 0.569850 -0.569280 -2.961002
      vertex 0.640100 -0.399999 -3.120717
      vertex 0.640100 -0.399999 -2.961002
    endloop
  endfacet
  facet normal 0.000000 0.000000 0.000000
    outer loop
      vertex 1.439600 -0.399999 -2.961002
      vertex 1.439600 -0.399999 -3.120717
      vertex 1.369349 -0.230717 -3.120717
    endloop
  endfacet
  facet normal 0.000000 0.000000 0.000000
    outer loop
      vertex 1.439600 -0.399999 -2.961002
      vertex 1.369349 -0.230717 -3.120717
      vertex 1.369349 -0.230717 -2.961002
    endloop
  endfacet
  facet normal 0.000000 0.000000 0.000000
    outer loop
      vertex 1.369349 -0.230717 -2.961002
      vertex 1.369349 -0.230717 -3.120717
      vertex 1.199750 -0.160599 -3.120717
    endloop
  endfacet
  facet normal 0.000000 0.000000 0.000000
    outer loop
      vertex 1.369349 -0.230717 -2.961002
      vertex 1.199750 -0.160599 -3.120717
      vertex 1.199750 -0.160599 -2.961002
    endloop
  endfacet
  facet normal 0.000000 0.000000 0.000000
    outer loop
      vertex 1.199750 -0.160599 -2.961002
      vertex 1.199750 -0.160599 -3.120717
      vertex 1.030150 -0.230717 -3.120717
    endloop
  endfacet
  facet normal 0.000000 0.000000 0.000000
    outer loop
      vertex 1.199750 -0.160599 -2.961002
      vertex 1.030150 -0.230717 -3.120717
      vertex 1.030150 -0.230717 -2.961002
    endloop
  endfacet
  facet normal 0.000000 0.000000 0.000000
    outer loop
      vertex 1.030150 -0.230717 -2.961002
      vertex 1.030150 -0.230717 -3.120717
      vertex 0.959900 -0.399999 -3.120717
    endloop
  endfacet
  facet normal 0.000000 0.000000 0.000000
    outer loop
      vertex 1.030150 -0.230717 -2.961002
      vertex 0.959900 -0.399999 -3.120717
      vertex 0.959900 -0.399999 -2.961002
    endloop
  endfacet
  facet normal 0.000000 0.000000 0.000000
    outer loop
      vertex 0.959900 -0.399999 -2.961002
      vertex 0.959900 -0.399999 -3.120717
      vertex 1.030150 -0.569280 -3.120717
    endloop
  endfacet
  facet normal 0.000000 0.000000 0.000000
    outer loop
      vertex 0.959900 -0.399999 -2.961002
      vertex 1.030150 -0.569280 -3.120717
      vertex 1.030150 -0.569280 -2.961002
    endloop
  endfacet
  facet normal 0.000000 0.000000 0.000000
    outer loop
      vertex 1.030150 -0.569280 -2.961002
      vertex 1.030150 -0.569280 -3.120717
      vertex 1.199750 -0.639399 -3.120717
    endloop
  endfacet
  facet normal 0.000000 0.000000 0.000000
    outer loop
      vertex 1.030150 -0.569280 -2.961002
      vertex 1.199750 -0.639399 -3.120717
      vertex 1.199750 -0.639399 -2.961002
    endloop
  endfacet
  facet normal 0.000000 0.000000 0.000000
    outer loop
      vertex 1.199750 -0.639399 -2.961002
      vertex 1.199750 -0.639399 -3.120717
      vertex 1.369350 -0.569280 -3.120717
    endloop
  endfacet
  facet normal 0.000000 0.000000 0.000000
    outer loop
      vertex 1.199750 -0.639399 -2.961002
      vertex 1.369350 -0.569280 -3.120717
      vertex 1.369350 -0.569280 -2.961002
    endloop
  endfacet
  facet normal 0.000000 0.000000 0.000000
    outer loop
      vertex 1.369350 -0.569280 -2.961002
      vertex 1.369350 -0.569280 -3.120717
      vertex 1.439600 -0.399999 -3.120717
    endloop
  endfacet
  facet normal 0.000000 0.000000 0.000000
    outer loop
      vertex 1.369350 -0.569280 -2.961002
      vertex 1.439600 -0.399999 -3.120717
      vertex 1.439600 -0.399999 -2.961002
    endloop
  endfacet
  facet normal 0.000000 0.000000 0.000000
    outer loop
      vertex 2.239100 -0.399999 -2.961002
      vertex 2.239100 -0.399999 -3.120717
      vertex 2.168850 -0.230717 -3.120717
    endloop
  endfacet
  facet normal 0.000000 0.000000 0.000000
    outer loop
      vertex 2.239100 -0.399999 -2.961002
      vertex 2.168850 -0.230717 -3.120717
      vertex 2.168850 -0.230717 -2.961002
    endloop
  endfacet
  facet normal 0.000000 0.000000 0.000000
    outer loop
      vertex 2.168850 -0.230717 -2.961002
      vertex 2.168850 -0.230717 -3.120717
      vertex 1.999250 -0.160599 -3.120717
    endloop
  endfacet
  facet normal 0.000000 0.000000 0.000000
    outer loop
      vertex 2.168850 -0.230717 -2.961002
      vertex 1.999250 -0.160599 -3.120717
      vertex 1.999250 -0.160599 -2.961002
    endloop
  endfacet
  facet normal 0.000000 0.000000 0.000000
    outer loop
      vertex 1.999250 -0.160599 -2.961002
      vertex 1.999250 -0.160599 -3.120717
      vertex 1.829650 -0.230717 -3.120717
    endloop
  endfacet
  facet normal 0.000000 0.000000 0.000000
    outer loop
      vertex 1.999250 -0.160599 -2.961002
      vertex 1.829650 -0.230717 -3.120717
      vertex 1.829650 -0.230717 -2.961002
    endloop
  endfacet
  facet normal 0.000000 0.000000 0.000000
    outer loop
      vertex 1.829650 -0.230717 -2.961002
      vertex 1.829650 -0.230717 -3.120717
      vertex 1.759400 -0.399999 -3.120717
    endloop
  endfacet
  facet normal 0.000000 0.000000 0.000000
    outer loop
      vertex 1.829650 -0.230717 -2.961002
      vertex 1.759400 -0.399999 -3.120717
      vertex 1.759400 -0.399999 -2.961002
    endloop
  endfacet
  facet normal 0.000000 0.000000 0.000000
    outer loop
      vertex 1.759400 -0.399999 -2.961002
      vertex 1.759400 -0.399999 -3.120717
      vertex 1.829651 -0.569280 -3.120717
    endloop
  endfacet
  facet normal 0.000000 0.000000 0.000000
    outer loop
      vertex 1.759400 -0.399999 -2.961002
      vertex 1.829651 -0.569280 -3.120717
      vertex 1.829651 -0.569280 -2.961002
    endloop
  endfacet
  facet normal 0.000000 0.000000 0.000000
    outer loop
      vertex 1.829651 -0.569280 -2.961002
      vertex 1.829651 -0.569280 -3.120717
      vertex 1.999250 -0.639399 -3.120717
    endloop
  endfacet
  facet normal 0.000000 0.000000 0.000000
    outer loop
      vertex 1.829651 -0.569280 -2.961002
      vertex 1.999250 -0.639399 -3.120717
      vertex 1.999250 -0.639399 -2.961002
    endloop
  endfacet
  facet normal 0.000000 0.000000 0.000000
    outer loop
      vertex 1.999250 -0.639399 -2.961002
      vertex 1.999250 -0.639399 -3.120717
      vertex 2.168850 -0.569280 -3.120717
    endloop
  endfacet
  facet normal 0.000000 0.000000 0.000000
    outer loop
      vertex 1.999250 -0.639399 -2.961002
      vertex 2.168850 -0.569280 -3.120717
      vertex 2.168850 -0.569280 -2.961002
    endloop
  endfacet
  facet normal 0.000000 0.000000 0.000000
    outer loop
      vertex 2.168850 -0.569280 -2.961002
      vertex 2.168850 -0.569280 -3.120717
      vertex 2.239100 -0.399999 -3.120717
    endloop
  endfacet
  facet normal 0.000000 0.000000 0.000000
    outer loop
      vertex 2.168850 -0.569280 -2.961002
      vertex 2.239100 -0.399999 -3.120717
      vertex 2.239100 -0.399999 -2.961002
    endloop
  endfacet
  facet normal 0.000000 0.000000 0.000000
    outer loop
      vertex 0.160400 -0.399999 -4.079002
      vertex 0.160400 -0.399999 -3.280431
      vertex 0.113566 -0.512853 -3.280431
    endloop
  endfacet
  facet normal 0.000000 0.000000 0.000000
    outer loop
      vertex 0.160400 -0.399999 -4.079002
      vertex 0.113566 -0.512853 -3.280431
      vertex 0.113566 -0.512853 -4.079002
    endloop
  endfacet
  facet normal 0.000000 0.000000 0.000000
    outer loop
      vertex 0.113566 -0.512853 -4.079002
      vertex 0.113566 -0.512853 -3.280431
      vertex 0.000500 -0.559599 -3.280431
    endloop
  endfacet
  facet normal 0.000000 0.000000 0.000000
    outer loop
      vertex 0.113566 -0.512853 -4.079002
      vertex 0.000500 -0.559599 -3.280431
      vertex 0.000500 -0.559599 -4.079002
    endloop
  endfacet
  facet normal 0.000000 0.000000 0.000000
    outer loop
      vertex 0.000500 -0.559599 -4.079002
      vertex 0.000500 -0.559599 -3.280431
      vertex -0.112566 -0.512853 -3.280431
    endloop
  endfacet
  facet normal 0.000000 0.000000 0.000000
    outer loop
      vertex 0.000500 -0.559599 -4.079002
      vertex -0.112566 -0.512853 -3.280431
      vertex -0.112566 -0.512853 -4.079002
    endloop
  endfacet
  facet normal 0.000000 0.000000 0.000000
    outer loop
      vertex -0.112566 -0.512853 -4.079002
      vertex -0.112566 -0.512853 -3.280431
      vertex -0.159400 -0.399999 -3.280431
    endloop
  endfacet
  facet normal 0.000000 0.000000 0.000000
    outer loop
      vertex -0.112566 -0.512853 -4.079002
      vertex -0.159400 -0.399999 -3.280431
      vertex -0.159400 -0.399999 -4.079002
    endloop
  endfacet
  facet normal 0.000000 0.000000 0.000000
    outer loop
      vertex -0.159400 -0.399999 -4.079002
      vertex -0.159400 -0.399999 -3.280431
      vertex -0.112566 -0.287145 -3.280431
    endloop
  endfacet
  facet normal 0.000000 0.000000 0.000000
    outer loop
      vertex -0.159400 -0.399999 -4.079002
      vertex -0.112566 -0.287145 -3.280431
      vertex -0.112566 -0.287145 -4.079002
    endloop
  endfacet
  facet normal 0.000000 0.000000 0.000000
    outer loop
      vertex -0.112566 -0.287145 -4.079002
      vertex -0.112566 -0.287145 -3.280431
      vertex 0.000500 -0.240399 -3.280431
    endloop
  endfacet
  facet normal 0.000000 0.000000 0.000000
    outer loop
      vertex -0.112566 -0.287145 -4.079002
      vertex 0.000500 -0.240399 -3.280431
      vertex 0.000500 -0.240399 -4.079002
    endloop
  endfacet
  facet normal 0.000000 0.000000 0.000000
    outer loop
      vertex 0.000500 -0.240399 -4.079002
      vertex 0.000500 -0.240399 -3.280431
      vertex 0.113566 -0.287145 -3.280431
    endloop
  endfacet
  facet normal 0.000000 0.000000 0.000000
    outer loop
      vertex 0.000500 -0.240399 -4.079002
      vertex 0.113566 -0.287145 -3.280431
      vertex 0.113566 -0.287145 -4.079002
    endloop
  endfacet
  facet normal 0.000000 0.000000 0.000000
    outer loop
      vertex 0.113566 -0.287145 -4.079002
      vertex 0.113566 -0.287145 -3.280431
      vertex 0.160400 -0.399999 -3.280431
    endloop
  endfacet
  facet normal 0.000000 0.000000 0.000000
    outer loop
      vertex 0.113566 -0.287145 -4.079002
      vertex 0.160400 -0.399999 -3.280431
      vertex 0.160400 -0.399999 -4.079002
    endloop
  endfacet
  facet normal 0.000000 0.000000 0.000000
    outer loop
      vertex 0.959900 -0.399999 -4.079002
      vertex 0.959900 -0.399999 -3.280431
      vertex 0.913066 -0.512853 -3.280431
    endloop
  endfacet
  facet normal 0.000000 0.000000 0.000000
    outer loop
      vertex 0.959900 -0.399999 -4.079002
      vertex 0.913066 -0.512853 -3.280431
      vertex 0.913066 -0.512853 -4.079002
    endloop
  endfacet
  facet normal 0.000000 0.000000 0.000000
    outer loop
      vertex 0.913066 -0.512853 -4.079002
      vertex 0.913066 -0.512853 -3.280431
      vertex 0.800000 -0.559599 -3.280431
    endloop
  endfacet
  facet normal 0.000000 0.000000 0.000000
    outer loop
      vertex 0.913066 -0.512853 -4.079002
      vertex 0.800000 -0.559599 -3.280431
      vertex 0.800000 -0.559599 -4.079002
    endloop
  endfacet
  facet normal 0.000000 0.000000 0.000000
    outer loop
      vertex 0.800000 -0.559599 -4.079002
      vertex 0.800000 -0.559599 -3.280431
      vertex 0.686934 -0.512853 -3.280431
    endloop
  endfacet
  facet normal 0.000000 0.000000 0.000000
    outer loop
      vertex 0.800000 -0.559599 -4.079002
      vertex 0.686934 -0.512853 -3.280431
      vertex 0.686934 -0.512853 -4.079002
    endloop
  endfacet
  facet normal 0.000000 0.000000 0.000000
    outer loop
      vertex 0.686934 -0.512853 -4.079002
      vertex 0.686934 -0.512853 -3.280431
      vertex 0.640100 -0.399999 -3.280431
    endloop
  endfacet
  facet normal 0.000000 0.000000 0.000000
    outer loop
      vertex 0.686934 -0.512853 -4.079002
      vertex 0.640100 -0.399999 -3.280431
      vertex 0.640100 -0.399999 -4.079002
    endloop
  endfacet
  facet normal 0.000000 0.000000 0.000000
    outer loop
      vertex 0.640100 -0.399999 -4.079002
      vertex 0.640100 -0.399999 -3.280431
      vertex 0.686934 -0.287145 -3.280431
    endloop
  endfacet
  facet normal 0.000000 0.000000 0.000000
    outer loop
      vertex 0.640100 -0.399999 -4.079002
      vertex 0.686934 -0.287145 -3.280431
      vertex 0.686934 -0.287145 -4.079002
    endloop
  endfacet
  facet normal 0.000000 0.000000 0.000000
    outer loop
      vertex 0.686934 -0.287145 -4.079002
      vertex 0.686934 -0.287145 -3.280431
      vertex 0.800000 -0.240399 -3.280431
    endloop
  endfacet
  facet normal 0.000000 0.000000 0.000000
    outer loop
      vertex 0.686934 -0.287145 -4.079002
      vertex 0.800000 -0.240399 -3.280431
      vertex 0.800000 -0.240399 -4.079002
    endloop
  endfacet
  facet normal 0.000000 0.000000 0.000000
    outer loop
      vertex 0.800000 -0.240399 -4.079002
      vertex 0.800000 -0.240399 -3.280431
      vertex 0.913066 -0.287145 -3.280431
    endloop
  endfacet
  facet normal 0.000000 0.000000 0.000000
    outer loop
      vertex 0.800000 -0.240399 -4.079002
      vertex 0.913066 -0.287145 -3.280431
      vertex 0.913066 -0.287145 -4.079002
    endloop
  endfacet
  facet normal 0.000000 0.000000 0.000000
    outer loop
      vertex 0.913066 -0.287145 -4.079002
      vertex 0.913066 -0.287145 -3.280431
      vertex 0.959900 -0.399999 -3.280431
    endloop
  endfacet
  facet normal 0.000000 0.000000 0.000000
    outer loop
      vertex 0.913066 -0.287145 -4.079002
      vertex 0.959900 -0.399999 -3.280431
      vertex 0.959900 -0.399999 -4.079002
    endloop
  endfacet
  facet normal 0.000000 0.000000 0.000000
    outer loop
      vertex 1.759400 -0.399999 -4.079002
      vertex 1.759400 -0.399999 -3.280431
      vertex 1.712566 -0.512853 -3.280431
    endloop
  endfacet
  facet normal 0.000000 0.000000 0.000000
    outer loop
      vertex 1.759400 -0.399999 -4.079002
      vertex 1.712566 -0.512853 -3.280431
      vertex 1.712566 -0.512853 -4.079002
    endloop
  endfacet
  facet normal 0.000000 0.000000 0.000000
    outer loop
      vertex 1.712566 -0.512853 -4.079002
      vertex 1.712566 -0.512853 -3.280431
      vertex 1.599500 -0.559599 -3.280431
    endloop
  endfacet
  facet normal 0.000000 0.000000 0.000000
    outer loop
      vertex 1.712566 -0.512853 -4.079002
      vertex 1.599500 -0.559599 -3.280431
      vertex 1.599500 -0.559599 -4.079002
    endloop
  endfacet
  facet normal 0.000000 0.000000 0.000000
    outer loop
      vertex 1.599500 -0.559599 -4.079002
      vertex 1.599500 -0.559599 -3.280431
      vertex 1.486434 -0.512853 -3.280431
    endloop
  endfacet
  facet normal 0.000000 0.000000 0.000000
    outer loop
      vertex 1.599500 -0.559599 -4.079002
      vertex 1.486434 -0.512853 -3.280431
      vertex 1.486434 -0.512853 -4.079002
    endloop
  endfacet
  facet normal 0.000000 0.000000 0.000000
    outer loop
      vertex 1.486434 -0.512853 -4.079002
      vertex 1.486434 -0.512853 -3.280431
      vertex 1.439600 -0.399999 -3.280431
    endloop
  endfacet
  facet normal 0.000000 0.000000 0.000000
    outer loop
      vertex 1.486434 -0.512853 -4.079002
      vertex 1.439600 -0.399999 -3.280431
      vertex 1.439600 -0.399999 -4.079002
    endloop
  endfacet
  facet normal 0.000000 0.000000 0.000000
    outer loop
      vertex 1.439600 -0.399999 -4.079002
      vertex 1.439600 -0.399999 -3.280431
      vertex 1.486434 -0.287145 -3.280431
    endloop
  endfacet
  facet normal 0.000000 0.000000 0.000000
    outer loop
      vertex 1.439600 -0.399999 -4.079002
      vertex 1.486434 -0.287145 -3.280431
      vertex 1.486434 -0.287145 -4.079002
    endloop
  endfacet
  facet normal 0.000000 0.000000 0.000000
    outer loop
      vertex 1.486434 -0.287145 -4.079002
      vertex 1.486434 -0.287145 -3.280431
      vertex 1.599500 -0.240399 -3.280431
    endloop
  endfacet
  facet normal 0.000000 0.000000 0.000000
    outer loop
      vertex 1.486434 -0.287145 -4.079002
      vertex 1.599500 -0.240399 -3.280431
      vertex 1.599500 -0.240399 -4.079002
    endloop
  endfacet
  facet normal 0.000000 0.000000 0.000000
    outer loop
      vertex 1.599500 -0.240399 -4.079002
      vertex 1.599500 -0.240399 -3.280431
      vertex 1.712566 -0.287145 -3.280431
    endloop
  endfacet
  facet normal 0.000000 0.000000 0.000000
    outer loop
      vertex 1.599500 -0.240399 -4.079002
      vertex 1.712566 -0.287145 -3.280431
      vertex 1.712566 -0.287145 -4.079002
    endloop
  endfacet
  facet normal 0.000000 0.000000 0.000000
    outer loop
      vertex 1.712566 -0.287145 -4.079002
      vertex 1.712566 -0.287145 -3.280431
      vertex 1.759400 -0.399999 -3.280431
    endloop
  endfacet
  facet normal 0.000000 0.000000 0.000000
    outer loop
      vertex 1.712566 -0.287145 -4.079002
      vertex 1.759400 -0.399999 -3.280431
      vertex 1.759400 -0.399999 -4.079002
    endloop
  endfacet
  facet normal 0.000000 0.000000 0.000000
    outer loop
      vertex -0.399250 -0.399999 -2.961002
      vertex -0.159400 -0.399999 -2.961002
      vertex -0.229650 -0.230717 -2.961002
    endloop
  endfacet
  facet normal 0.000000 0.000000 0.000000
    outer loop
      vertex -0.399250 -0.399999 -2.961002
      vertex -0.229650 -0.230717 -2.961002
      vertex -0.399250 -0.160599 -2.961002
    endloop
  endfacet
  facet normal 0.000000 0.000000 0.000000
    outer loop
      vertex -0.399250 -0.399999 -2.961002
      vertex -0.399250 -0.160599 -2.961002
      vertex -0.568850 -0.230717 -2.961002
    endloop
  endfacet
  facet normal 0.000000 0.000000 0.000000
    outer loop
      vertex -0.399250 -0.399999 -2.961002
      vertex -0.568850 -0.230717 -2.961002
      vertex -0.639100 -0.399999 -2.961002
    endloop
  endfacet
  facet normal 0.000000 0.000000 0.000000
    outer loop
      vertex -0.399250 -0.399999 -2.961002
      vertex -0.639100 -0.399999 -2.961002
      vertex -0.568850 -0.569280 -2.961002
    endloop
  endfacet
  facet normal 0.000000 0.000000 0.000000
    outer loop
      vertex -0.399250 -0.399999 -2.961002
      vertex -0.568850 -0.569280 -2.961002
      vertex -0.399250 -0.639399 -2.961002
    endloop
  endfacet
  facet normal 0.000000 0.000000 0.000000
    outer loop
      vertex -0.399250 -0.399999 -2.961002
      vertex -0.399250 -0.639399 -2.961002
      vertex -0.229650 -0.569280 -2.961002
    endloop
  endfacet
  facet normal 0.000000 0.000000 0.000000
    outer loop
      vertex -0.399250 -0.399999 -2.961002
      vertex -0.229650 -0.569280 -2.961002
      vertex -0.159400 -0.399999 -2.961002
    endloop
  endfacet
  facet normal 0.000000 0.000000 0.000000
    outer loop
      vertex 0.400250 -0.399999 -2.961002
      vertex 0.640100 -0.399999 -2.961002
      vertex 0.569850 -0.230717 -2.961002
    endloop
  endfacet
  facet normal 0.000000 0.000000 0.000000
    outer loop
      vertex 0.400250 -0.399999 -2.961002
      vertex 0.569850 -0.230717 -2.961002
      vertex 0.400250 -0.160599 -2.961002
    endloop
  endfacet
  facet normal 0.000000 0.000000 0.000000
    outer loop
      vertex 0.400250 -0.399999 -2.961002
      vertex 0.400250 -0.160599 -2.961002
      vertex 0.230650 -0.230717 -2.961002
    endloop
  endfacet
  facet normal 0.000000 0.000000 0.000000
    outer loop
      vertex 0.400250 -0.399999 -2.961002
      vertex 0.230650 -0.230717 -2.961002
      vertex 0.160400 -0.399999 -2.961002
    endloop
  endfacet
  facet normal 0.000000 0.000000 0.000000
    outer loop
      vertex 0.400250 -0.399999 -2.961002
      vertex 0.160400 -0.399999 -2.961002
      vertex 0.230650 -0.569280 -2.961002
    endloop
  endfacet
  facet normal 0.000000 0.000000 0.000000
    outer loop
      vertex 0.400250 -0.399999 -2.961002
      vertex 0.230650 -0.569280 -2.961002
      vertex 0.400250 -0.639399 -2.961002
    endloop
  endfacet
  facet normal 0.000000 0.000000 0.000000
    outer loop
      vertex 0.400250 -0.399999 -2.961002
      vertex 0.400250 -0.639399 -2.961002
      vertex 0.569850 -0.569280 -2.961002
    endloop
  endfacet
  facet normal 0.000000 0.000000 0.000000
    outer loop
      vertex 0.400250 -0.399999 -2.961002
      vertex 0.569850 -0.569280 -2.961002
      vertex 0.640100 -0.399999 -2.961002
    endloop
  endfacet
  facet normal 0.000000 0.000000 0.000000
    outer loop
      vertex 1.199750 -0.399999 -2.961002
      vertex 1.439600 -0.399999 -2.961002
      vertex 1.369349 -0.230717 -2.961002
    endloop
  endfacet
  facet normal 0.000000 0.000000 0.000000
    outer loop
      vertex 1.199750 -0.399999 -2.961002
      vertex 1.369349 -0.230717 -2.961002
      vertex 1.199750 -0.160599 -2.961002
    endloop
  endfacet
  facet normal 0.000000 0.000000 0.000000
    outer loop
      vertex 1.199750 -0.399999 -2.961002
      vertex 1.199750 -0.160599 -2.961002
      vertex 1.030150 -0.230717 -2.961002
    endloop
  endfacet
  facet normal 0.000000 0.000000 0.000000
    outer loop
      vertex 1.199750 -0.399999 -2.961002
      vertex 1.030150 -0.230717 -2.961002
      vertex 0.959900 -0.399999 -2.961002
    endloop
  endfacet
  facet normal 0.000000 0.000000 0.000000
    outer loop
      vertex 1.199750 -0.399999 -2.961002
      vertex 0.959900 -0.399999 -2.961002
      vertex 1.030150 -0.569280 -2.961002
    endloop
  endfacet
  facet normal 0.000000 0.000000 0.000000
    outer loop
      vertex 1.199750 -0.399999 -2.961002
      vertex 1.030150 -0.569280 -2.961002
      vertex 1.199750 -0.639399 -2.961002
    endloop
  endfacet
  facet normal 0.000000 0.000000 0.000000
    outer loop
      vertex 1.199750 -0.399999 -2.961002
      vertex 1.199750 -0.639399 -2.961002
      vertex 1.369350 -0.569280 -2.961002
    endloop
  endfacet
  facet normal 0.000000 0.000000 0.000000
    outer loop
      vertex 1.199750 -0.399999 -2.961002
      vertex 1.369350 -0.569280 -2.961002
      vertex 1.439600 -0.399999 -2.961002
    endloop
  endfacet
  facet normal 0.000000 0.000000 0.000000
    outer loop
      vertex 1.999250 -0.399999 -2.961002
      vertex 2.239100 -0.399999 -2.961002
      vertex 2.168850 -0.230717 -2.961002
    endloop
  endfacet
  facet normal 0.000000 0.000000 0.000000
    outer loop
      vertex 1.999250 -0.399999 -2.961002
      vertex 2.168850 -0.230717 -2.961002
      vertex 1.999250 -0.160599 -2.961002
    endloop
  endfacet
  facet normal 0.000000 0.000000 0.000000
    outer loop
      vertex 1.999250 -0.399999 -2.961002
      vertex 1.999250 -0.160599 -2.961002
      vertex 1.829650 -0.230717 -2.961002
    endloop
  endfacet
  facet normal 0.000000 0.000000 0.000000
    outer loop
      vertex 1.999250 -0.399999 -2.961002
      vertex 1.829650 -0.230717 -2.961002
      vertex 1.759400 -0.399999 -2.961002
    endloop
  endfacet
  facet normal 0.000000 0.000000 0.000000
    outer loop
      vertex 1.999250 -0.399999 -2.961002
      vertex 1.759400 -0.399999 -2.961002
      vertex 1.829651 -0.569280 -2.961002
    endloop
  endfacet
  facet normal 0.000000 0.000000 0.000000
    outer loop
      vertex 1.999250 -0.399999 -2.961002
      vertex 1.829651 -0.569280 -2.961002
      vertex 1.999250 -0.639399 -2.961002
    endloop
  endfacet
  facet normal 0.000000 0.000000 0.000000
    outer loop
      vertex 1.999250 -0.399999 -2.961002
      vertex 1.999250 -0.639399 -2.961002
      vertex 2.168850 -0.569280 -2.961002
    endloop
  endfacet
  facet normal 0.000000 0.000000 0.000000
    outer loop
      vertex 1.999250 -0.399999 -2.961002
      vertex 2.168850 -0.569280 -2.961002
      vertex 2.239100 -0.399999 -2.961002
    endloop
  endfacet
  facet normal 0.000000 0.000000 0.000000
    outer loop
      vertex 0.160400 -0.399998 -5.039000
      vertex 0.113566 -0.512853 -5.039000
      vertex 0.000500 -0.399998 -5.039000
    endloop
  endfacet
  facet normal 0.000000 0.000000 0.000000
    outer loop
      vertex 0.113566 -0.512853 -5.039000
      vertex 0.000500 -0.559598 -5.039000
      vertex 0.000500 -0.399998 -5.039000
    endloop
  endfacet
  facet normal 0.000000 0.000000 0.000000
    outer loop
      vertex 0.000500 -0.559598 -5.039000
      vertex -0.112566 -0.512853 -5.039000
      vertex 0.000500 -0.399998 -5.039000
    endloop
  endfacet
  facet normal 0.000000 0.000000 0.000000
    outer loop
      vertex -0.112566 -0.512853 -5.039000
      vertex -0.159400 -0.399998 -5.039000
      vertex 0.000500 -0.399998 -5.039000
    endloop
  endfacet
  facet normal 0.000000 0.000000 0.000000
    outer loop
      vertex -0.159400 -0.399998 -5.039000
      vertex -0.112566 -0.287144 -5.039000
      vertex 0.000500 -0.399998 -5.039000
    endloop
  endfacet
  facet normal 0.000000 0.000000 0.000000
    outer loop
      vertex -0.112566 -0.287144 -5.039000
      vertex 0.000500 -0.240398 -5.039000
      vertex 0.000500 -0.399998 -5.039000
    endloop
  endfacet
  facet normal 0.000000 0.000000 0.000000
    outer loop
      vertex 0.000500 -0.240398 -5.039000
      vertex 0.113566 -0.287144 -5.039000
      vertex 0.000500 -0.399998 -5.039000
    endloop
  endfacet
  facet normal 0.000000 0.000000 0.000000
    outer loop
      vertex 0.113566 -0.287144 -5.039000
      vertex 0.160400 -0.399998 -5.039000
      vertex 0.000500 -0.399998 -5.039000
    endloop
  endfacet
  facet normal 0.000000 0.000000 0.000000
    outer loop
      vertex 0.959900 -0.399998 -5.039000
      vertex 0.913066 -0.512853 -5.039000
      vertex 0.800000 -0.399998 -5.039000
    endloop
  endfacet
  facet normal 0.000000 0.000000 0.000000
    outer loop
      vertex 0.913066 -0.512853 -5.039000
      vertex 0.800000 -0.559598 -5.039000
      vertex 0.800000 -0.399998 -5.039000
    endloop
  endfacet
  facet normal 0.000000 0.000000 0.000000
    outer loop
      vertex 0.800000 -0.559598 -5.039000
      vertex 0.686934 -0.512853 -5.039000
      vertex 0.800000 -0.399998 -5.039000
    endloop
  endfacet
  facet normal 0.000000 0.000000 0.000000
    outer loop
      vertex 0.686934 -0.512853 -5.039000
      vertex 0.640100 -0.399998 -5.039000
      vertex 0.800000 -0.399998 -5.039000
    endloop
  endfacet
  facet normal 0.000000 0.000000 0.000000
    outer loop
      vertex 0.640100 -0.399998 -5.039000
      vertex 0.686934 -0.287144 -5.039000
      vertex 0.800000 -0.399998 -5.039000
    endloop
  endfacet
  facet normal 0.000000 0.000000 0.000000
    outer loop
      vertex 0.686934 -0.287144 -5.039000
      vertex 0.800000 -0.240398 -5.039000
      vertex 0.800000 -0.399998 -5.039000
    endloop
  endfacet
  facet normal 0.000000 0.000000 0.000000
    outer loop
      vertex 0.800000 -0.240398 -5.039000
      vertex 0.913066 -0.287144 -5.039000
      vertex 0.800000 -0.399998 -5.039000
    endloop
  endfacet
  facet normal 0.000000 0.000000 0.000000
    outer loop
      vertex 0.913066 -0.287144 -5.039000
      vertex 0.959900 -0.399998 -5.039000
      vertex 0.800000 -0.399998 -5.039000
    endloop
  endfacet
  facet normal 0.000000 0.000000 0.000000
    outer loop
      vertex 1.759400 -0.399998 -5.039000
      vertex 1.712566 -0.512853 -5.039000
      vertex 1.599500 -0.399998 -5.039000
    endloop
  endfacet
  facet normal 0.000000 0.000000 0.000000
    outer loop
      vertex 1.712566 -0.512853 -5.039000
      vertex 1.599500 -0.559598 -5.039000
      vertex 1.599500 -0.399998 -5.039000
    endloop
  endfacet
  facet normal 0.000000 0.000000 0.000000
    outer loop
      vertex 1.599500 -0.559598 -5.039000
      vertex 1.486434 -0.512853 -5.039000
      vertex 1.599500 -0.399998 -5.039000
    endloop
  endfacet
  facet normal 0.000000 0.000000 0.000000
    outer loop
      vertex 1.486434 -0.512853 -5.039000
      vertex 1.439600 -0.399998 -5.039000
      vertex 1.599500 -0.399998 -5.039000
    endloop
  endfacet
  facet normal 0.000000 0.000000 0.000000
    outer loop
      vertex 1.439600 -0.399998 -5.039000
      vertex 1.486434 -0.287144 -5.039000
      vertex 1.599500 -0.399998 -5.039000
    endloop
  endfacet
  facet normal 0.000000 0.000000 0.000000
    outer loop
      vertex 1.486434 -0.287144 -5.039000
      vertex 1.599500 -0.240398 -5.039000
      vertex 1.599500 -0.399998 -5.039000
    endloop
  endfacet
  facet normal 0.000000 0.000000 0.000000
    outer loop
      vertex 1.599500 -0.240398 -5.039000
      vertex 1.712566 -0.287144 -5.039000
      vertex 1.599500 -0.399998 -5.039000
    endloop
  endfacet
  facet normal 0.000000 0.000000 0.000000
    outer loop
      vertex 1.712566 -0.287144 -5.039000
      vertex 1.759400 -0.399998 -5.039000
      vertex 1.599500 -0.399998 -5.039000
    endloop
  endfacet
  facet normal 0.000000 0.000000 0.000000
    outer loop
      vertex -0.799000 -0.798998 -5.039000
      vertex 2.399000 -0.798998 -5.039000
      vertex 2.399000 -0.798998 -4.080714
    endloop
  endfacet
  facet normal 0.000000 0.000000 0.000000
    outer loop
      vertex -0.799000 -0.798998 -5.039000
      vertex 2.399000 -0.798998 -4.080714
      vertex -0.799000 -0.798998 -4.080714
    endloop
  endfacet
  facet normal 0.000000 0.000000 0.000000
    outer loop
      vertex -0.639100 -0.639398 -5.039000
      vertex 2.239100 -0.639398 -5.039000
      vertex 2.399000 -0.798998 -5.039000
    endloop
  endfacet
  facet normal 0.000000 0.000000 0.000000
    outer loop
      vertex -0.639100 -0.639398 -5.039000
      vertex 2.399000 -0.798998 -5.039000
      vertex -0.799000 -0.798998 -5.039000
    endloop
  endfacet
  facet normal 0.000000 0.000000 0.000000
    outer loop
      vertex 2.399000 -0.000998 -5.039000
      vertex 2.239100 -0.160598 -5.039000
      vertex -0.639100 -0.160598 -5.039000
    endloop
  endfacet
  facet normal 0.000000 0.000000 0.000000
    outer loop
      vertex 2.399000 -0.000998 -5.039000
      vertex -0.639100 -0.160598 -5.039000
      vertex -0.799000 -0.000998 -5.039000
    endloop
  endfacet
  facet normal 0.000000 0.000000 0.000000
    outer loop
      vertex -0.799000 -0.000998 -5.039000
      vertex -0.639100 -0.160598 -5.039000
      vertex -0.639100 -0.639398 -5.039000
    endloop
  endfacet
  facet normal 0.000000 0.000000 0.000000
    outer loop
      vertex -0.799000 -0.000998 -5.039000
      vertex -0.639100 -0.639398 -5.039000
      vertex -0.799000 -0.798998 -5.039000
    endloop
  endfacet
  facet normal 0.000000 0.000000 0.000000
    outer loop
      vertex 2.239100 -0.639398 -5.039000
      vertex 2.239100 -0.160598 -5.039000
      vertex 2.399000 -0.000998 -5.039000
    endloop
  endfacet
  facet normal 0.000000 0.000000 0.000000
    outer loop
      vertex 2.239100 -0.639398 -5.039000
      vertex 2.399000 -0.000998 -5.039000
      vertex 2.399000 -0.798998 -5.039000
    endloop
  endfacet
  facet normal 0.000000 0.000000 0.000000
    outer loop
      vertex 2.399000 -0.798998 -5.039000
      vertex 2.399000 -0.000998 -5.039000
      vertex 2.399000 -0.000998 -4.080714
    endloop
  endfacet
  facet normal 0.000000 0.000000 0.000000
    outer loop
      vertex 2.399000 -0.798998 -5.039000
      vertex 2.399000 -0.000998 -4.080714
      vertex 2.399000 -0.798998 -4.080714
    endloop
  endfacet
  facet normal 0.000000 0.000000 0.000000
    outer loop
      vertex -0.799000 -0.000998 -5.039000
      vertex -0.799000 -0.798998 -5.039000
      vertex -0.799000 -0.798998 -4.080714
    endloop
  endfacet
  facet normal 0.000000 0.000000 0.000000
    outer loop
      vertex -0.799000 -0.000998 -5.039000
      vertex -0.799000 -0.798998 -4.080714
      vertex -0.799000 -0.000998 -4.080714
    endloop
  endfacet
  facet normal 0.000000 0.000000 0.000000
    outer loop
      vertex 2.399000 -0.000998 -5.039000
      vertex -0.799000 -0.000998 -5.039000
      vertex -0.799000 -0.000998 -4.080714
    endloop
  endfacet
  facet normal 0.000000 0.000000 0.000000
    outer loop
      vertex 2.399000 -0.000998 -5.039000
      vertex -0.799000 -0.000998 -4.080714
      vertex 2.399000 -0.000998 -4.080714
    endloop
  endfacet
  facet normal 0.000000 0.000000 0.000000
    outer loop
      vertex -0.799000 -0.000998 -4.080714
      vertex -0.799000 -0.798998 -4.080714
      vertex 2.399000 -0.798998 -4.080714
    endloop
  endfacet
  facet normal 0.000000 0.000000 0.000000
    outer loop
      vertex -0.799000 -0.000998 -4.080714
      vertex 2.399000 -0.798998 -4.080714
      vertex 2.399000 -0.000998 -4.080714
    endloop
  endfacet
  facet normal 0.000000 0.000000 0.000000
    outer loop
      vertex -0.639100 -0.160598 -4.240428
      vertex 2.239100 -0.160598 -4.240428
      vertex 2.239100 -0.639398 -4.240428
    endloop
  endfacet
  facet normal 0.000000 0.000000 0.000000
    outer loop
      vertex -0.639100 -0.160598 -4.240428
      vertex 2.239100 -0.639398 -4.240428
      vertex -0.639100 -0.639398 -4.240428
    endloop
  endfacet
  facet normal 0.000000 0.000000 0.000000
    outer loop
      vertex -0.639100 -0.160598 -4.240428
      vertex -0.639100 -0.160598 -5.039000
      vertex 2.239100 -0.160598 -5.039000
    endloop
  endfacet
  facet normal 0.000000 0.000000 0.000000
    outer loop
      vertex -0.639100 -0.160598 -4.240428
      vertex 2.239100 -0.160598 -5.039000
      vertex 2.239100 -0.160598 -4.240428
    endloop
  endfacet
  facet normal 0.000000 0.000000 0.000000
    outer loop
      vertex -0.639100 -0.639398 -4.240428
      vertex -0.639100 -0.639398 -5.039000
      vertex -0.639100 -0.160598 -5.039000
    endloop
  endfacet
  facet normal 0.000000 0.000000 0.000000
    outer loop
      vertex -0.639100 -0.639398 -4.240428
      vertex -0.639100 -0.160598 -5.039000
      vertex -0.639100 -0.160598 -4.240428
    endloop
  endfacet
  facet normal 0.000000 0.000000 0.000000
    outer loop
      vertex 2.239100 -0.639398 -4.240428
      vertex 2.239100 -0.639398 -5.039000
      vertex -0.639100 -0.639398 -5.039000
    endloop
  endfacet
  facet normal 0.000000 0.000000 0.000000
    outer loop
      vertex 2.239100 -0.639398 -4.240428
      vertex -0.639100 -0.639398 -5.039000
      vertex -0.639100 -0.639398 -4.240428
    endloop
  endfacet
  facet normal 0.000000 0.000000 0.000000
    outer loop
      vertex 2.239100 -0.160598 -4.240428
      vertex 2.239100 -0.160598 -5.039000
      vertex 2.239100 -0.639398 -5.039000
    endloop
  endfacet
  facet normal 0.000000 0.000000 0.000000
    outer loop
      vertex 2.239100 -0.160598 -4.240428
      vertex 2.239100 -0.639398 -5.039000
      vertex 2.239100 -0.639398 -4.240428
    endloop
  endfacet
  facet normal 0.000000 0.000000 0.000000
    outer loop
      vertex -0.159400 -0.399998 -3.921000
      vertex -0.159400 -0.399998 -4.080714
      vertex -0.229650 -0.230717 -4.080714
    endloop
  endfacet
  facet normal 0.000000 0.000000 0.000000
    outer loop
      vertex -0.159400 -0.399998 -3.921000
      vertex -0.229650 -0.230717 -4.080714
      vertex -0.229650 -0.230717 -3.921000
    endloop
  endfacet
  facet normal 0.000000 0.000000 0.000000
    outer loop
      vertex -0.229650 -0.230717 -3.921000
      vertex -0.229650 -0.230717 -4.080714
      vertex -0.399250 -0.160598 -4.080714
    endloop
  endfacet
  facet normal 0.000000 0.000000 0.000000
    outer loop
      vertex -0.229650 -0.230717 -3.921000
      vertex -0.399250 -0.160598 -4.080714
      vertex -0.399250 -0.160598 -3.921000
    endloop
  endfacet
  facet normal 0.000000 0.000000 0.000000
    outer loop
      vertex -0.399250 -0.160598 -3.921000
      vertex -0.399250 -0.160598 -4.080714
      vertex -0.568850 -0.230717 -4.080714
    endloop
  endfacet
  facet normal 0.000000 0.000000 0.000000
    outer loop
      vertex -0.399250 -0.160598 -3.921000
      vertex -0.568850 -0.230717 -4.080714
      vertex -0.568850 -0.230717 -3.921000
    endloop
  endfacet
  facet normal 0.000000 0.000000 0.000000
    outer loop
      vertex -0.568850 -0.230717 -3.921000
      vertex -0.568850 -0.230717 -4.080714
      vertex -0.639100 -0.399998 -4.080714
    endloop
  endfacet
  facet normal 0.000000 0.000000 0.000000
    outer loop
      vertex -0.568850 -0.230717 -3.921000
      vertex -0.639100 -0.399998 -4.080714
      vertex -0.639100 -0.399998 -3.921000
    endloop
  endfacet
  facet normal 0.000000 0.000000 0.000000
    outer loop
      vertex -0.639100 -0.399998 -3.921000
      vertex -0.639100 -0.399998 -4.080714
      vertex -0.568850 -0.569280 -4.080714
    endloop
  endfacet
  facet normal 0.000000 0.000000 0.000000
    outer loop
      vertex -0.639100 -0.399998 -3.921000
      vertex -0.568850 -0.569280 -4.080714
      vertex -0.568850 -0.569280 -3.921000
    endloop
  endfacet
  facet normal 0.000000 0.000000 0.000000
    outer loop
      vertex -0.568850 -0.569280 -3.921000
      vertex -0.568850 -0.569280 -4.080714
      vertex -0.399250 -0.639398 -4.080714
    endloop
  endfacet
  facet normal 0.000000 0.000000 0.000000
    outer loop
      vertex -0.568850 -0.569280 -3.921000
      vertex -0.399250 -0.639398 -4.080714
      vertex -0.399250 -0.639398 -3.921000
    endloop
  endfacet
  facet normal 0.000000 0.000000 0.000000
    outer loop
      vertex -0.399250 -0.639398 -3.921000
      vertex -0.399250 -0.639398 -4.080714
      vertex -0.229650 -0.569280 -4.080714
    endloop
  endfacet
  facet normal 0.000000 0.000000 0.000000
    outer loop
      vertex -0.399250 -0.639398 -3.921000
      vertex -0.229650 -0.569280 -4.080714
      vertex -0.229650 -0.569280 -3.921000
    endloop
  endfacet
  facet normal 0.000000 0.000000 0.000000
    outer loop
      vertex -0.229650 -0.569280 -3.921000
      vertex -0.229650 -0.569280 -4.080714
      vertex -0.159400 -0.399998 -4.080714
    endloop
  endfacet
  facet normal 0.000000 0.000000 0.000000
    outer loop
      vertex -0.229650 -0.569280 -3.921000
      vertex -0.159400 -0.399998 -4.080714
      vertex -0.159400 -0.399998 -3.921000
    endloop
  endfacet
  facet normal 0.000000 0.000000 0.000000
    outer loop
      vertex 0.640100 -0.399998 -3.921000
      vertex 0.640100 -0.399998 -4.080714
      vertex 0.569850 -0.230717 -4.080714
    endloop
  endfacet
  facet normal 0.000000 0.000000 0.000000
    outer loop
      vertex 0.640100 -0.399998 -3.921000
      vertex 0.569850 -0.230717 -4.080714
      vertex 0.569850 -0.230717 -3.921000
    endloop
  endfacet
  facet normal 0.000000 0.000000 0.000000
    outer loop
      vertex 0.569850 -0.230717 -3.921000
      vertex 0.569850 -0.230717 -4.080714
      vertex 0.400250 -0.160598 -4.080714
    endloop
  endfacet
  facet normal 0.000000 0.000000 0.000000
    outer loop
      vertex 0.569850 -0.230717 -3.921000
      vertex 0.400250 -0.160598 -4.080714
      vertex 0.400250 -0.160598 -3.921000
    endloop
  endfacet
  facet normal 0.000000 0.000000 0.000000
    outer loop
      vertex 0.400250 -0.160598 -3.921000
      vertex 0.400250 -0.160598 -4.080714
      vertex 0.230650 -0.230717 -4.080714
    endloop
  endfacet
  facet normal 0.000000 0.000000 0.000000
    outer loop
      vertex 0.400250 -0.160598 -3.921000
      vertex 0.230650 -0.230717 -4.080714
      vertex 0.230650 -0.230717 -3.921000
    endloop
  endfacet
  facet normal 0.000000 0.000000 0.000000
    outer loop
      vertex 0.230650 -0.230717 -3.921000
      vertex 0.230650 -0.230717 -4.080714
      vertex 0.160400 -0.399998 -4.080714
    endloop
  endfacet
  facet normal 0.000000 0.000000 0.000000
    outer loop
      vertex 0.230650 -0.230717 -3.921000
      vertex 0.160400 -0.399998 -4.080714
      vertex 0.160400 -0.399998 -3.921000
    endloop
  endfacet
  facet normal 0.000000 0.000000 0.000000
    outer loop
      vertex 0.160400 -0.399998 -3.921000
      vertex 0.160400 -0.399998 -4.080714
      vertex 0.230650 -0.569280 -4.080714
    endloop
  endfacet
  facet normal 0.000000 0.000000 0.000000
    outer loop
      vertex 0.160400 -0.399998 -3.921000
      vertex 0.230650 -0.569280 -4.080714
      vertex 0.230650 -0.569280 -3.921000
    endloop
  endfacet
  facet normal 0.000000 0.000000 0.000000
    outer loop
      vertex 0.230650 -0.569280 -3.921000
      vertex 0.230650 -0.569280 -4.080714
      vertex 0.400250 -0.639398 -4.080714
    endloop
  endfacet
  facet normal 0.000000 0.000000 0.000000
    outer loop
      vertex 0.230650 -0.569280 -3.921000
      vertex 0.400250 -0.639398 -4.080714
      vertex 0.400250 -0.639398 -3.921000
    endloop
  endfacet
  facet normal 0.000000 0.000000 0.000000
    outer loop
      vertex 0.400250 -0.639398 -3.921000
      vertex 0.400250 -0.639398 -4.080714
      vertex 0.569850 -0.569280 -4.080714
    endloop
  endfacet
  facet normal 0.000000 0.000000 0.000000
    outer loop
      vertex 0.400250 -0.639398 -3.921000
      vertex 0.569850 -0.569280 -4.080714
      vertex 0.569850 -0.569280 -3.921000
    endloop
  endfacet
  facet normal 0.000000 0.000000 0.000000
    outer loop
      vertex 0.569850 -0.569280 -3.921000
      vertex 0.569850 -0.569280 -4.080714
      vertex 0.640100 -0.399998 -4.080714
    endloop
  endfacet
  facet normal 0.000000 0.000000 0.000000
    outer loop
      vertex 0.569850 -0.569280 -3.921000
      vertex 0.640100 -0.399998 -4.080714
      vertex 0.640100 -0.399998 -3.921000
    endloop
  endfacet
  facet normal 0.000000 0.000000 0.000000
    outer loop
      vertex 1.439600 -0.399998 -3.921000
      vertex 1.439600 -0.399998 -4.080714
      vertex 1.369349 -0.230717 -4.080714
    endloop
  endfacet
  facet normal 0.000000 0.000000 0.000000
    outer loop
      vertex 1.439600 -0.399998 -3.921000
      vertex 1.369349 -0.230717 -4.080714
      vertex 1.369349 -0.230717 -3.921000
    endloop
  endfacet
  facet normal 0.000000 0.000000 0.000000
    outer loop
      vertex 1.369349 -0.230717 -3.921000
      vertex 1.369349 -0.230717 -4.080714
      vertex 1.199750 -0.160598 -4.080714
    endloop
  endfacet
  facet normal 0.000000 0.000000 0.000000
    outer loop
      vertex 1.369349 -0.230717 -3.921000
      vertex 1.199750 -0.160598 -4.080714
      vertex 1.199750 -0.160598 -3.921000
    endloop
  endfacet
  facet normal 0.000000 0.000000 0.000000
    outer loop
      vertex 1.199750 -0.160598 -3.921000
      vertex 1.199750 -0.160598 -4.080714
      vertex 1.030150 -0.230717 -4.080714
    endloop
  endfacet
  facet normal 0.000000 0.000000 0.000000
    outer loop
      vertex 1.199750 -0.160598 -3.921000
      vertex 1.030150 -0.230717 -4.080714
      vertex 1.030150 -0.230717 -3.921000
    endloop
  endfacet
  facet normal 0.000000 0.000000 0.000000
    outer loop
      vertex 1.030150 -0.230717 -3.921000
      vertex 1.030150 -0.230717 -4.080714
      vertex 0.959900 -0.399998 -4.080714
    endloop
  endfacet
  facet normal 0.000000 0.000000 0.000000
    outer loop
      vertex 1.030150 -0.230717 -3.921000
      vertex 0.959900 -0.399998 -4.080714
      vertex 0.959900 -0.399998 -3.921000
    endloop
  endfacet
  facet normal 0.000000 0.000000 0.000000
    outer loop
      vertex 0.959900 -0.399998 -3.921000
      vertex 0.959900 -0.399998 -4.080714
      vertex 1.030150 -0.569280 -4.080714
    endloop
  endfacet
  facet normal 0.000000 0.000000 0.000000
    outer loop
      vertex 0.959900 -0.399998 -3.921000
      vertex 1.030150 -0.569280 -4.080714
      vertex 1.030150 -0.569280 -3.921000
    endloop
  endfacet
  facet normal 0.000000 0.000000 0.000000
    outer loop
      vertex 1.030150 -0.569280 -3.921000
      vertex 1.030150 -0.569280 -4.080714
      vertex 1.199750 -0.639398 -4.080714
    endloop
  endfacet
  facet normal 0.000000 0.000000 0.000000
    outer loop
      vertex 1.030150 -0.569280 -3.921000
      vertex 1.199750 -0.639398 -4.080714
      vertex 1.199750 -0.639398 -3.921000
    endloop
  endfacet
  facet normal 0.000000 0.000000 0.000000
    outer loop
      vertex 1.199750 -0.639398 -3.921000
      vertex 1.199750 -0.639398 -4.080714
      vertex 1.369350 -0.569280 -4.080714
    endloop
  endfacet
  facet normal 0.000000 0.000000 0.000000
    outer loop
      vertex 1.199750 -0.639398 -3.921000
      vertex 1.369350 -0.569280 -4.080714
      vertex 1.369350 -0.569280 -3.921000
    endloop
  endfacet
  facet normal 0.000000 0.000000 0.000000
    outer loop
      vertex 1.369350 -0.569280 -3.921000
      vertex 1.369350 -0.569280 -4.080714
      vertex 1.439600 -0.399998 -4.080714
    endloop
  endfacet
  facet normal 0.000000 0.000000 0.000000
    outer loop
      vertex 1.369350 -0.569280 -3.921000
      vertex 1.439600 -0.399998 -4.080714
      vertex 1.439600 -0.399998 -3.921000
    endloop
  endfacet
  facet normal 0.000000 0.000000 0.000000
    outer loop
      vertex 2.239100 -0.399998 -3.921000
      vertex 2.239100 -0.399998 -4.080714
      vertex 2.168850 -0.230717 -4.080714
    endloop
  endfacet
  facet normal 0.000000 0.000000 0.000000
    outer loop
      vertex 2.239100 -0.399998 -3.921000
      vertex 2.168850 -0.230717 -4.080714
      vertex 2.168850 -0.230717 -3.921000
    endloop
  endfacet
  facet normal 0.000000 0.000000 0.000000
    outer loop
      vertex 2.168850 -0.230717 -3.921000
      vertex 2.168850 -0.230717 -4.080714
      vertex 1.999250 -0.160598 -4.080714
    endloop
  endfacet
  facet normal 0.000000 0.000000 0.000000
    outer loop
      vertex 2.168850 -0.230717 -3.921000
      vertex 1.999250 -0.160598 -4.080714
      vertex 1.999250 -0.160598 -3.921000
    endloop
  endfacet
  facet normal 0.000000 0.000000 0.000000
    outer loop
      vertex 1.999250 -0.160598 -3.921000
      vertex 1.999250 -0.160598 -4.080714
      vertex 1.829650 -0.230717 -4.080714
    endloop
  endfacet
  facet normal 0.000000 0.000000 0.000000
    outer loop
      vertex 1.999250 -0.160598 -3.921000
      vertex 1.829650 -0.230717 -4.080714
      vertex 1.829650 -0.230717 -3.921000
    endloop
  endfacet
  facet normal 0.000000 0.000000 0.000000
    outer loop
      vertex 1.829650 -0.230717 -3.921000
      vertex 1.829650 -0.230717 -4.080714
      vertex 1.759400 -0.399998 -4.080714
    endloop
  endfacet
  facet normal 0.000000 0.000000 0.000000
    outer loop
      vertex 1.829650 -0.230717 -3.921000
      vertex 1.759400 -0.399998 -4.080714
      vertex 1.759400 -0.399998 -3.921000
    endloop
  endfacet
  facet normal 0.000000 0.000000 0.000000
    outer loop
      vertex 1.759400 -0.399998 -3.921000
      vertex 1.759400 -0.399998 -4.080714
      vertex 1.829651 -0.569280 -4.080714
    endloop
  endfacet
  facet normal 0.000000 0.000000 0.000000
    outer loop
      vertex 1.759400 -0.399998 -3.921000
      vertex 1.829651 -0.569280 -4.080714
      vertex 1.829651 -0.569280 -3.921000
    endloop
  endfacet
  facet normal 0.000000 0.000000 0.000000
    outer loop
      vertex 1.829651 -0.569280 -3.921000
      vertex 1.829651 -0.569280 -4.080714
      vertex 1.999250 -0.639398 -4.080714
    endloop
  endfacet
  facet normal 0.000000 0.000000 0.000000
    outer loop
      vertex 1.829651 -0.569280 -3.921000
      vertex 1.999250 -0.639398 -4.080714
      vertex 1.999250 -0.639398 -3.921000
    endloop
  endfacet
  facet normal 0.000000 0.000000 0.000000
    outer loop
      vertex 1.999250 -0.639398 -3.921000
      vertex 1.999250 -0.639398 -4.080714
      vertex 2.168850 -0.569280 -4.080714
    endloop
  endfacet
  facet normal 0.000000 0.000000 0.000000
    outer loop
      vertex 1.999250 -0.639398 -3.921000
      vertex 2.168850 -0.569280 -4.080714
      vertex 2.168850 -0.569280 -3.921000
    endloop
  endfacet
  facet normal 0.000000 0.000000 0.000000
    outer loop
      vertex 2.168850 -0.569280 -3.921000
      vertex 2.168850 -0.569280 -4.080714
      vertex 2.239100 -0.399998 -4.080714
    endloop
  endfacet
  facet normal 0.000000 0.000000 0.000000
    outer loop
      vertex 2.168850 -0.569280 -3.921000
      vertex 2.239100 -0.399998 -4.080714
      vertex 2.239100 -0.399998 -3.921000
    endloop
  endfacet
  facet normal 0.000000 0.000000 0.000000
    outer loop
      vertex 0.160400 -0.399998 -5.039000
      vertex 0.160400 -0.399998 -4.240428
      vertex 0.113566 -0.512853 -4.240428
    endloop
  endfacet
  facet normal 0.000000 0.000000 0.000000
    outer loop
      vertex 0.160400 -0.399998 -5.039000
      vertex 0.113566 -0.512853 -4.240428
      vertex 0.113566 -0.512853 -5.039000
    endloop
  endfacet
  facet normal 0.000000 0.000000 0.000000
    outer loop
      vertex 0.113566 -0.512853 -5.039000
      vertex 0.113566 -0.512853 -4.240428
      vertex 0.000500 -0.559598 -4.240428
    endloop
  endfacet
  facet normal 0.000000 0.000000 0.000000
    outer loop
      vertex 0.113566 -0.512853 -5.039000
      vertex 0.000500 -0.559598 -4.240428
      vertex 0.000500 -0.559598 -5.039000
    endloop
  endfacet
  facet normal 0.000000 0.000000 0.000000
    outer loop
      vertex 0.000500 -0.559598 -5.039000
      vertex 0.000500 -0.559598 -4.240428
      vertex -0.112566 -0.512853 -4.240428
    endloop
  endfacet
  facet normal 0.000000 0.000000 0.000000
    outer loop
      vertex 0.000500 -0.559598 -5.039000
      vertex -0.112566 -0.512853 -4.240428
      vertex -0.112566 -0.512853 -5.039000
    endloop
  endfacet
  facet normal 0.000000 0.000000 0.000000
    outer loop
      vertex -0.112566 -0.512853 -5.039000
      vertex -0.112566 -0.512853 -4.240428
      vertex -0.159400 -0.399998 -4.240428
    endloop
  endfacet
  facet normal 0.000000 0.000000 0.000000
    outer loop
      vertex -0.112566 -0.512853 -5.039000
      vertex -0.159400 -0.399998 -4.240428
      vertex -0.159400 -0.399998 -5.039000
    endloop
  endfacet
  facet normal 0.000000 0.000000 0.000000
    outer loop
      vertex -0.159400 -0.399998 -5.039000
      vertex -0.159400 -0.399998 -4.240428
      vertex -0.112566 -0.287144 -4.240428
    endloop
  endfacet
  facet normal 0.000000 0.000000 0.000000
    outer loop
      vertex -0.159400 -0.399998 -5.039000
      vertex -0.112566 -0.287144 -4.240428
      vertex -0.112566 -0.287144 -5.039000
    endloop
  endfacet
  facet normal 0.000000 0.000000 0.000000
    outer loop
      vertex -0.112566 -0.287144 -5.039000
      vertex -0.112566 -0.287144 -4.240428
      vertex 0.000500 -0.240398 -4.240428
    endloop
  endfacet
  facet normal 0.000000 0.000000 0.000000
    outer loop
      vertex -0.112566 -0.287144 -5.039000
      vertex 0.000500 -0.240398 -4.240428
      vertex 0.000500 -0.240398 -5.039000
    endloop
  endfacet
  facet normal 0.000000 0.000000 0.000000
    outer loop
      vertex 0.000500 -0.240398 -5.039000
      vertex 0.000500 -0.240398 -4.240428
      vertex 0.113566 -0.287144 -4.240428
    endloop
  endfacet
  facet normal 0.000000 0.000000 0.000000
    outer loop
      vertex 0.000500 -0.240398 -5.039000
      vertex 0.113566 -0.287144 -4.240428
      vertex 0.113566 -0.287144 -5.039000
    endloop
  endfacet
  facet normal 0.000000 0.000000 0.000000
    outer loop
      vertex 0.113566 -0.287144 -5.039000
      vertex 0.113566 -0.287144 -4.240428
      vertex 0.160400 -0.399998 -4.240428
    endloop
  endfacet
  facet normal 0.000000 0.000000 0.000000
    outer loop
      vertex 0.113566 -0.287144 -5.039000
      vertex 0.160400 -0.399998 -4.240428
      vertex 0.160400 -0.399998 -5.039000
    endloop
  endfacet
  facet normal 0.000000 0.000000 0.000000
    outer loop
      vertex 0.959900 -0.399998 -5.039000
      vertex 0.959900 -0.399998 -4.240428
      vertex 0.913066 -0.512853 -4.240428
    endloop
  endfacet
  facet normal 0.000000 0.000000 0.000000
    outer loop
      vertex 0.959900 -0.399998 -5.039000
      vertex 0.913066 -0.512853 -4.240428
      vertex 0.913066 -0.512853 -5.039000
    endloop
  endfacet
  facet normal 0.000000 0.000000 0.000000
    outer loop
      vertex 0.913066 -0.512853 -5.039000
      vertex 0.913066 -0.512853 -4.240428
      vertex 0.800000 -0.559598 -4.240428
    endloop
  endfacet
  facet normal 0.000000 0.000000 0.000000
    outer loop
      vertex 0.913066 -0.512853 -5.039000
      vertex 0.800000 -0.559598 -4.240428
      vertex 0.800000 -0.559598 -5.039000
    endloop
  endfacet
  facet normal 0.000000 0.000000 0.000000
    outer loop
      vertex 0.800000 -0.559598 -5.039000
      vertex 0.800000 -0.559598 -4.240428
      vertex 0.686934 -0.512853 -4.240428
    endloop
  endfacet
  facet normal 0.000000 0.000000 0.000000
    outer loop
      vertex 0.800000 -0.559598 -5.039000
      vertex 0.686934 -0.512853 -4.240428
      vertex 0.686934 -0.512853 -5.039000
    endloop
  endfacet
  facet normal 0.000000 0.000000 0.000000
    outer loop
      vertex 0.686934 -0.512853 -5.039000
      vertex 0.686934 -0.512853 -4.240428
      vertex 0.640100 -0.399998 -4.240428
    endloop
  endfacet
  facet normal 0.000000 0.000000 0.000000
    outer loop
      vertex 0.686934 -0.512853 -5.039000
      vertex 0.640100 -0.399998 -4.240428
      vertex 0.640100 -0.399998 -5.039000
    endloop
  endfacet
  facet normal 0.000000 0.000000 0.000000
    outer loop
      vertex 0.640100 -0.399998 -5.039000
      vertex 0.640100 -0.399998 -4.240428
      vertex 0.686934 -0.287144 -4.240428
    endloop
  endfacet
  facet normal 0.000000 0.000000 0.000000
    outer loop
      vertex 0.640100 -0.399998 -5.039000
      vertex 0.686934 -0.287144 -4.240428
      vertex 0.686934 -0.287144 -5.039000
    endloop
  endfacet
  facet normal 0.000000 0.000000 0.000000
    outer loop
      vertex 0.686934 -0.287144 -5.039000
      vertex 0.686934 -0.287144 -4.240428
      vertex 0.800000 -0.240398 -4.240428
    endloop
  endfacet
  facet normal 0.000000 0.000000 0.000000
    outer loop
      vertex 0.686934 -0.287144 -5.039000
      vertex 0.800000 -0.240398 -4.240428
      vertex 0.800000 -0.240398 -5.039000
    endloop
  endfacet
  facet normal 0.000000 0.000000 0.000000
    outer loop
      vertex 0.800000 -0.240398 -5.039000
      vertex 0.800000 -0.240398 -4.240428
      vertex 0.913066 -0.287144 -4.240428
    endloop
  endfacet
  facet normal 0.000000 0.000000 0.000000
    outer loop
      vertex 0.800000 -0.240398 -5.039000
      vertex 0.913066 -0.287144 -4.240428
      vertex 0.913066 -0.287144 -5.039000
    endloop
  endfacet
  facet normal 0.000000 0.000000 0.000000
    outer loop
      vertex 0.913066 -0.287144 -5.039000
      vertex 0.913066 -0.287144 -4.240428
      vertex 0.959900 -0.399998 -4.240428
    endloop
  endfacet
  facet normal 0.000000 0.000000 0.000000
    outer loop
      vertex 0.913066 -0.287144 -5.039000
      vertex 0.959900 -0.399998 -4.240428
      vertex 0.959900 -0.399998 -5.039000
    endloop
  endfacet
  facet normal 0.000000 0.000000 0.000000
    outer loop
      vertex 1.759400 -0.399998 -5.039000
      vertex 1.759400 -0.399998 -4.240428
      vertex 1.712566 -0.512853 -4.240428
    endloop
  endfacet
  facet normal 0.000000 0.000000 0.000000
    outer loop
      vertex 1.759400 -0.399998 -5.039000
      vertex 1.712566 -0.512853 -4.240428
      vertex 1.712566 -0.512853 -5.039000
    endloop
  endfacet
  facet normal 0.000000 0.000000 0.000000
    outer loop
      vertex 1.712566 -0.512853 -5.039000
      vertex 1.712566 -0.512853 -4.240428
      vertex 1.599500 -0.559598 -4.240428
    endloop
  endfacet
  facet normal 0.000000 0.000000 0.000000
    outer loop
      vertex 1.712566 -0.512853 -5.039000
      vertex 1.599500 -0.559598 -4.240428
      vertex 1.599500 -0.559598 -5.039000
    endloop
  endfacet
  facet normal 0.000000 0.000000 0.000000
    outer loop
      vertex 1.599500 -0.559598 -5.039000
      vertex 1.599500 -0.559598 -4.240428
      vertex 1.486434 -0.512853 -4.240428
    endloop
  endfacet
  facet normal 0.000000 0.000000 0.000000
    outer loop
      vertex 1.599500 -0.559598 -5.039000
      vertex 1.486434 -0.512853 -4.240428
      vertex 1.486434 -0.512853 -5.039000
    endloop
  endfacet
  facet normal 0.000000 0.000000 0.000000
    outer loop
      vertex 1.486434 -0.512853 -5.039000
      vertex 1.486434 -0.512853 -4.240428
      vertex 1.439600 -0.399998 -4.240428
    endloop
  endfacet
  facet normal 0.000000 0.000000 0.000000
    outer loop
      vertex 1.486434 -0.512853 -5.039000
      vertex 1.439600 -0.399998 -4.240428
      vertex 1.439600 -0.399998 -5.039000
    endloop
  endfacet
  facet normal 0.000000 0.000000 0.000000
    outer loop
      vertex 1.439600 -0.399998 -5.039000
      vertex 1.439600 -0.399998 -4.240428
      vertex 1.486434 -0.287144 -4.240428
    endloop
  endfacet
  facet normal 0.000000 0.000000 0.000000
    outer loop
      vertex 1.439600 -0.399998 -5.039000
      vertex 1.486434 -0.287144 -4.240428
      vertex 1.486434 -0.287144 -5.039000
    endloop
  endfacet
  facet normal 0.000000 0.000000 0.000000
    outer loop
      vertex 1.486434 -0.287144 -5.039000
      vertex 1.486434 -0.287144 -4.240428
      vertex 1.599500 -0.240398 -4.240428
    endloop
  endfacet
  facet normal 0.000000 0.000000 0.000000
    outer loop
      vertex 1.486434 -0.287144 -5.039000
      vertex 1.599500 -0.240398 -4.240428
      vertex 1.599500 -0.240398 -5.039000
    endloop
  endfacet
  facet normal 0.000000 0.000000 0.000000
    outer loop
      vertex 1.599500 -0.240398 -5.039000
      vertex 1.599500 -0.240398 -4.240428
      vertex 1.712566 -0.287144 -4.240428
    endloop
  endfacet
  facet normal 0.000000 0.000000 0.000000
    outer loop
      vertex 1.599500 -0.240398 -5.039000
      vertex 1.712566 -0.287144 -4.240428
      vertex 1.712566 -0.287144 -5.039000
    endloop
  endfacet
  facet normal 0.000000 0.000000 0.000000
    outer loop
      vertex 1.712566 -0.287144 -5.039000
      vertex 1.712566 -0.287144 -4.240428
      vertex 1.759400 -0.399998 -4.240428
    endloop
  endfacet
  facet normal 0.000000 0.000000 0.000000
    outer loop
      vertex 1.712566 -0.287144 -5.039000
      vertex 1.759400 -0.399998 -4.240428
      vertex 1.759400 -0.399998 -5.039000
    endloop
  endfacet
  facet normal 0.000000 0.000000 0.000000
    outer loop
      vertex -0.399250 -0.399998 -3.921000
      vertex -0.159400 -0.399998 -3.921000
      vertex -0.229650 -0.230717 -3.921000
    endloop
  endfacet
  facet normal 0.000000 0.000000 0.000000
    outer loop
      vertex -0.399250 -0.399998 -3.921000
      vertex -0.229650 -0.230717 -3.921000
      vertex -0.399250 -0.160598 -3.921000
    endloop
  endfacet
  facet normal 0.000000 0.000000 0.000000
    outer loop
      vertex -0.399250 -0.399998 -3.921000
      vertex -0.399250 -0.160598 -3.921000
      vertex -0.568850 -0.230717 -3.921000
    endloop
  endfacet
  facet normal 0.000000 0.000000 0.000000
    outer loop
      vertex -0.399250 -0.399998 -3.921000
      vertex -0.568850 -0.230717 -3.921000
      vertex -0.639100 -0.399998 -3.921000
    endloop
  endfacet
  facet normal 0.000000 0.000000 0.000000
    outer loop
      vertex -0.399250 -0.399998 -3.921000
      vertex -0.639100 -0.399998 -3.921000
      vertex -0.568850 -0.569280 -3.921000
    endloop
  endfacet
  facet normal 0.000000 0.000000 0.000000
    outer loop
      vertex -0.399250 -0.399998 -3.921000
      vertex -0.568850 -0.569280 -3.921000
      vertex -0.399250 -0.639398 -3.921000
    endloop
  endfacet
  facet normal 0.000000 0.000000 0.000000
    outer loop
      vertex -0.399250 -0.399998 -3.921000
      vertex -0.399250 -0.639398 -3.921000
      vertex -0.229650 -0.569280 -3.921000
    endloop
  endfacet
  facet normal 0.000000 0.000000 0.000000
    outer loop
      vertex -0.399250 -0.399998 -3.921000
      vertex -0.229650 -0.569280 -3.921000
      vertex -0.159400 -0.399998 -3.921000
    endloop
  endfacet
  facet normal 0.000000 0.000000 0.000000
    outer loop
      vertex 0.400250 -0.399998 -3.921000
      vertex 0.640100 -0.399998 -3.921000
      vertex 0.569850 -0.230717 -3.921000
    endloop
  endfacet
  facet normal 0.000000 0.000000 0.000000
    outer loop
      vertex 0.400250 -0.399998 -3.921000
      vertex 0.569850 -0.230717 -3.921000
      vertex 0.400250 -0.160598 -3.921000
    endloop
  endfacet
  facet normal 0.000000 0.000000 0.000000
    outer loop
      vertex 0.400250 -0.399998 -3.921000
      vertex 0.400250 -0.160598 -3.921000
      vertex 0.230650 -0.230717 -3.921000
    endloop
  endfacet
  facet normal 0.000000 0.000000 0.000000
    outer loop
      vertex 0.400250 -0.399998 -3.921000
      vertex 0.230650 -0.230717 -3.921000
      vertex 0.160400 -0.399998 -3.921000
    endloop
  endfacet
  facet normal 0.000000 0.000000 0.000000
    outer loop
      vertex 0.400250 -0.399998 -3.921000
      vertex 0.160400 -0.399998 -3.921000
      vertex 0.230650 -0.569280 -3.921000
    endloop
  endfacet
  facet normal 0.000000 0.000000 0.000000
    outer loop
      vertex 0.400250 -0.399998 -3.921000
      vertex 0.230650 -0.569280 -3.921000
      vertex 0.400250 -0.639398 -3.921000
    endloop
  endfacet
  facet normal 0.000000 0.000000 0.000000
    outer loop
      vertex 0.400250 -0.399998 -3.921000
      vertex 0.400250 -0.639398 -3.921000
      vertex 0.569850 -0.569280 -3.921000
    endloop
  endfacet
  facet normal 0.000000 0.000000 0.000000
    outer loop
      vertex 0.400250 -0.399998 -3.921000
      vertex 0.569850 -0.569280 -3.921000
      vertex 0.640100 -0.399998 -3.921000
    endloop
  endfacet
  facet normal 0.000000 0.000000 0.000000
    outer loop
      vertex 1.199750 -0.399998 -3.921000
      vertex 1.439600 -0.399998 -3.921000
      vertex 1.369349 -0.230717 -3.921000
    endloop
  endfacet
  facet normal 0.000000 0.000000 0.000000
    outer loop
      vertex 1.199750 -0.399998 -3.921000
      vertex 1.369349 -0.230717 -3.921000
      vertex 1.199750 -0.160598 -3.921000
    endloop
  endfacet
  facet normal 0.000000 0.000000 0.000000
    outer loop
      vertex 1.199750 -0.399998 -3.921000
      vertex 1.199750 -0.160598 -3.921000
      vertex 1.030150 -0.230717 -3.921000
    endloop
  endfacet
  facet normal 0.000000 0.000000 0.000000
    outer loop
      vertex 1.199750 -0.399998 -3.921000
      vertex 1.030150 -0.230717 -3.921000
      vertex 0.959900 -0.399998 -3.921000
    endloop
  endfacet
  facet normal 0.000000 0.000000 0.000000
    outer loop
      vertex 1.199750 -0.399998 -3.921000
      vertex 0.959900 -0.399998 -3.921000
      vertex 1.030150 -0.569280 -3.921000
    endloop
  endfacet
  facet normal 0.000000 0.000000 0.000000
    outer loop
      vertex 1.199750 -0.399998 -3.921000
      vertex 1.030150 -0.569280 -3.921000
      vertex 1.199750 -0.639398 -3.921000
    endloop
  endfacet
  facet normal 0.000000 0.000000 0.000000
    outer loop
      vertex 1.199750 -0.399998 -3.921000
      vertex 1.199750 -0.639398 -3.921000
      vertex 1.369350 -0.569280 -3.921000
    endloop
  endfacet
  facet normal 0.000000 0.000000 0.000000
    outer loop
      vertex 1.199750 -0.399998 -3.921000
      vertex 1.369350 -0.569280 -3.921000
      vertex 1.439600 -0.399998 -3.921000
    endloop
  endfacet
  facet normal 0.000000 0.000000 0.000000
    outer loop
      vertex 1.999250 -0.399998 -3.921000
      vertex 2.239100 -0.399998 -3.921000
      vertex 2.168850 -0.230717 -3.921000
    endloop
  endfacet
  facet normal 0.000000 0.000000 0.000000
    outer loop
      vertex 1.999250 -0.399998 -3.921000
      vertex 2.168850 -0.230717 -3.921000
      vertex 1.999250 -0.160598 -3.921000
    endloop
  endfacet
  facet normal 0.000000 0.000000 0.000000
    outer loop
      vertex 1.999250 -0.399998 -3.921000
      vertex 1.999250 -0.160598 -3.921000
      vertex 1.829650 -0.230717 -3.921000
    endloop
  endfacet
  facet normal 0.000000 0.000000 0.000000
    outer loop
      vertex 1.999250 -0.399998 -3.921000
      vertex 1.829650 -0.230717 -3.921000
      vertex 1.759400 -0.399998 -3.921000
    endloop
  endfacet
  facet normal 0.000000 0.000000 0.000000
    outer loop
      vertex 1.999250 -0.399998 -3.921000
      vertex 1.759400 -0.399998 -3.921000
      vertex 1.829651 -0.569280 -3.921000
    endloop
  endfacet
  facet normal 0.000000 0.000000 0.000000
    outer loop
      vertex 1.999250 -0.399998 -3.921000
      vertex 1.829651 -0.569280 -3.921000
      vertex 1.999250 -0.639398 -3.921000
    endloop
  endfacet
  facet normal 0.000000 0.000000 0.000000
    outer loop
      vertex 1.999250 -0.399998 -3.921000
      vertex 1.999250 -0.639398 -3.921000
      vertex 2.168850 -0.569280 -3.921000
    endloop
  endfacet
  facet normal 0.000000 0.000000 0.000000
    outer loop
      vertex 1.999250 -0.399998 -3.921000
      vertex 2.168850 -0.569280 -3.921000
      vertex 2.239100 -0.399998 -3.921000
    endloop
  endfacet
  facet normal 0.000000 0.000000 0.000000
    outer loop
      vertex -2.399000 -0.798999 -4.079002
      vertex -1.601000 -0.798999 -4.079002
      vertex -1.601000 -0.798999 -3.120717
    endloop
  endfacet
  facet normal 0.000000 0.000000 0.000000
    outer loop
      vertex -2.399000 -0.798999 -4.079002
      vertex -1.601000 -0.798999 -3.120717
      vertex -2.399000 -0.798999 -3.120717
    endloop
  endfacet
  facet normal 0.000000 0.000000 0.000000
    outer loop
      vertex -1.601000 -0.798999 -4.079002
      vertex -1.760600 -0.639399 -4.079002
      vertex -1.760600 -0.160599 -4.079002
    endloop
  endfacet
  facet normal 0.000000 0.000000 0.000000
    outer loop
      vertex -1.601000 -0.798999 -4.079002
      vertex -1.760600 -0.160599 -4.079002
      vertex -1.601000 -0.000999 -4.079002
    endloop
  endfacet
  facet normal 0.000000 0.000000 0.000000
    outer loop
      vertex -1.601000 -0.000999 -4.079002
      vertex -1.760600 -0.160599 -4.079002
      vertex -2.239400 -0.160599 -4.079002
    endloop
  endfacet
  facet normal 0.000000 0.000000 0.000000
    outer loop
      vertex -1.601000 -0.000999 -4.079002
      vertex -2.239400 -0.160599 -4.079002
      vertex -2.399000 -0.000999 -4.079002
    endloop
  endfacet
  facet normal 0.000000 0.000000 0.000000
    outer loop
      vertex -2.399000 -0.000999 -4.079002
      vertex -2.239400 -0.160599 -4.079002
      vertex -2.239400 -0.639399 -4.079002
    endloop
  endfacet
  facet normal 0.000000 0.000000 0.000000
    outer loop
      vertex -2.399000 -0.000999 -4.079002
      vertex -2.239400 -0.639399 -4.079002
      vertex -2.399000 -0.798999 -4.079002
    endloop
  endfacet
  facet normal 0.000000 0.000000 0.000000
    outer loop
      vertex -2.399000 -0.798999 -4.079002
      vertex -2.239400 -0.639399 -4.079002
      vertex -1.760600 -0.639399 -4.079002
    endloop
  endfacet
  facet normal 0.000000 0.000000 0.000000
    outer loop
      vertex -2.399000 -0.798999 -4.079002
      vertex -1.760600 -0.639399 -4.079002
      vertex -1.601000 -0.798999 -4.079002
    endloop
  endfacet
  facet normal 0.000000 0.000000 0.000000
    outer loop
      vertex -1.760600 -0.160599 -3.280431
      vertex -1.760600 -0.639399 -3.280431
      vertex -2.239400 -0.639399 -3.280431
    endloop
  endfacet
  facet normal 0.000000 0.000000 0.000000
    outer loop
      vertex -1.760600 -0.160599 -3.280431
      vertex -2.239400 -0.639399 -3.280431
      vertex -2.239400 -0.160599 -3.280431
    endloop
  endfacet
  facet normal 0.000000 0.000000 0.000000
    outer loop
      vertex -1.760600 -0.160599 -3.280431
      vertex -1.760600 -0.160599 -4.079002
      vertex -1.760600 -0.639399 -4.079002
    endloop
  endfacet
  facet normal 0.000000 0.000000 0.000000
    outer loop
      vertex -1.760600 -0.160599 -3.280431
      vertex -1.760600 -0.639399 -4.079002
      vertex -1.760600 -0.639399 -3.280431
    endloop
  endfacet
  facet normal 0.000000 0.000000 0.000000
    outer loop
      vertex -2.239400 -0.160599 -3.280431
      vertex -2.239400 -0.160599 -4.079002
      vertex -1.760600 -0.160599 -4.079002
    endloop
  endfacet
  facet normal 0.000000 0.000000 0.000000
    outer loop
      vertex -2.239400 -0.160599 -3.280431
      vertex -1.760600 -0.160599 -4.079002
      vertex -1.760600 -0.160599 -3.280431
    endloop
  endfacet
  facet normal 0.000000 0.000000 0.000000
    outer loop
      vertex -2.239400 -0.639399 -3.280431
      vertex -2.239400 -0.639399 -4.079002
      vertex -2.239400 -0.160599 -4.079002
    endloop
  endfacet
  facet normal 0.000000 0.000000 0.000000
    outer loop
      vertex -2.239400 -0.639399 -3.280431
      vertex -2.239400 -0.160599 -4.079002
      vertex -2.239400 -0.160599 -3.280431
    endloop
  endfacet
  facet normal 0.000000 0.000000 0.000000
    outer loop
      vertex -1.760600 -0.639399 -3.280431
      vertex -1.760600 -0.639399 -4.079002
      vertex -2.239400 -0.639399 -4.079002
    endloop
  endfacet
  facet normal 0.000000 0.000000 0.000000
    outer loop
      vertex -1.760600 -0.639399 -3.280431
      vertex -2.239400 -0.639399 -4.079002
      vertex -2.239400 -0.639399 -3.280431
    endloop
  endfacet
  facet normal 0.000000 0.000000 0.000000
    outer loop
      vertex -1.601000 -0.798999 -4.079002
      vertex -1.601000 -0.000999 -4.079002
      vertex -1.601000 -0.000999 -3.120717
    endloop
  endfacet
  facet normal 0.000000 0.000000 0.000000
    outer loop
      vertex -1.601000 -0.798999 -4.079002
      vertex -1.601000 -0.000999 -3.120717
      vertex -1.601000 -0.798999 -3.120717
    endloop
  endfacet
  facet normal 0.000000 0.000000 0.000000
    outer loop
      vertex -2.399000 -0.000999 -4.079002
      vertex -2.399000 -0.798999 -4.079002
      vertex -2.399000 -0.798999 -3.120717
    endloop
  endfacet
  facet normal 0.000000 0.000000 0.000000
    outer loop
      vertex -2.399000 -0.000999 -4.079002
      vertex -2.399000 -0.798999 -3.120717
      vertex -2.399000 -0.000999 -3.120717
    endloop
  endfacet
  facet normal 0.000000 0.000000 0.000000
    outer loop
      vertex -1.601000 -0.000999 -4.079002
      vertex -2.399000 -0.000999 -4.079002
      vertex -2.399000 -0.000999 -3.120717
    endloop
  endfacet
  facet normal 0.000000 0.000000 0.000000
    outer loop
      vertex -1.601000 -0.000999 -4.079002
      vertex -2.399000 -0.000999 -3.120717
      vertex -1.601000 -0.000999 -3.120717
    endloop
  endfacet
  facet normal 0.000000 0.000000 0.000000
    outer loop
      vertex -2.399000 -0.000999 -3.120717
      vertex -2.399000 -0.798999 -3.120717
      vertex -1.601000 -0.798999 -3.120717
    endloop
  endfacet
  facet normal 0.000000 0.000000 0.000000
    outer loop
      vertex -2.399000 -0.000999 -3.120717
      vertex -1.601000 -0.798999 -3.120717
      vertex -1.601000 -0.000999 -3.120717
    endloop
  endfacet
  facet normal 0.000000 0.000000 0.000000
    outer loop
      vertex -2.000000 -0.639399 -2.961002
      vertex -2.000000 -0.639399 -3.120717
      vertex -1.830719 -0.569280 -3.120717
    endloop
  endfacet
  facet normal 0.000000 0.000000 0.000000
    outer loop
      vertex -2.000000 -0.639399 -2.961002
      vertex -1.830719 -0.569280 -3.120717
      vertex -1.830719 -0.569280 -2.961002
    endloop
  endfacet
  facet normal 0.000000 0.000000 0.000000
    outer loop
      vertex -1.830719 -0.569280 -2.961002
      vertex -1.830719 -0.569280 -3.120717
      vertex -1.760600 -0.399999 -3.120717
    endloop
  endfacet
  facet normal 0.000000 0.000000 0.000000
    outer loop
      vertex -1.830719 -0.569280 -2.961002
      vertex -1.760600 -0.399999 -3.120717
      vertex -1.760600 -0.399999 -2.961002
    endloop
  endfacet
  facet normal 0.000000 0.000000 0.000000
    outer loop
      vertex -1.760600 -0.399999 -2.961002
      vertex -1.760600 -0.399999 -3.120717
      vertex -1.830719 -0.230717 -3.120717
    endloop
  endfacet
  facet normal 0.000000 0.000000 0.000000
    outer loop
      vertex -1.760600 -0.399999 -2.961002
      vertex -1.830719 -0.230717 -3.120717
      vertex -1.830719 -0.230717 -2.961002
    endloop
  endfacet
  facet normal 0.000000 0.000000 0.000000
    outer loop
      vertex -1.830719 -0.230717 -2.961002
      vertex -1.830719 -0.230717 -3.120717
      vertex -2.000000 -0.160599 -3.120717
    endloop
  endfacet
  facet normal 0.000000 0.000000 0.000000
    outer loop
      vertex -1.830719 -0.230717 -2.961002
      vertex -2.000000 -0.160599 -3.120717
      vertex -2.000000 -0.160599 -2.961002
    endloop
  endfacet
  facet normal 0.000000 0.000000 0.000000
    outer loop
      vertex -2.000000 -0.160599 -2.961002
      vertex -2.000000 -0.160599 -3.120717
      vertex -2.169281 -0.230717 -3.120717
    endloop
  endfacet
  facet normal 0.000000 0.000000 0.000000
    outer loop
      vertex -2.000000 -0.160599 -2.961002
      vertex -2.169281 -0.230717 -3.120717
      vertex -2.169281 -0.230717 -2.961002
    endloop
  endfacet
  facet normal 0.000000 0.000000 0.000000
    outer loop
      vertex -2.169281 -0.230717 -2.961002
      vertex -2.169281 -0.230717 -3.120717
      vertex -2.239400 -0.399999 -3.120717
    endloop
  endfacet
  facet normal 0.000000 0.000000 0.000000
    outer loop
      vertex -2.169281 -0.230717 -2.961002
      vertex -2.239400 -0.399999 -3.120717
      vertex -2.239400 -0.399999 -2.961002
    endloop
  endfacet
  facet normal 0.000000 0.000000 0.000000
    outer loop
      vertex -2.239400 -0.399999 -2.961002
      vertex -2.239400 -0.399999 -3.120717
      vertex -2.169281 -0.569280 -3.120717
    endloop
  endfacet
  facet normal 0.000000 0.000000 0.000000
    outer loop
      vertex -2.239400 -0.399999 -2.961002
      vertex -2.169281 -0.569280 -3.120717
      vertex -2.169281 -0.569280 -2.961002
    endloop
  endfacet
  facet normal 0.000000 0.000000 0.000000
    outer loop
      vertex -2.169281 -0.569280 -2.961002
      vertex -2.169281 -0.569280 -3.120717
      vertex -2.000000 -0.639399 -3.120717
    endloop
  endfacet
  facet normal 0.000000 0.000000 0.000000
    outer loop
      vertex -2.169281 -0.569280 -2.961002
      vertex -2.000000 -0.639399 -3.120717
      vertex -2.000000 -0.639399 -2.961002
    endloop
  endfacet
  facet normal 0.000000 0.000000 0.000000
    outer loop
      vertex -2.000000 -0.399999 -2.961002
      vertex -2.000000 -0.639399 -2.961002
      vertex -1.830719 -0.569280 -2.961002
    endloop
  endfacet
  facet normal 0.000000 0.000000 0.000000
    outer loop
      vertex -2.000000 -0.399999 -2.961002
      vertex -1.830719 -0.569280 -2.961002
      vertex -1.760600 -0.399999 -2.961002
    endloop
  endfacet
  facet normal 0.000000 0.000000 0.000000
    outer loop
      vertex -2.000000 -0.399999 -2.961002
      vertex -1.760600 -0.399999 -2.961002
      vertex -1.830719 -0.230717 -2.961002
    endloop
  endfacet
  facet normal 0.000000 0.000000 0.000000
    outer loop
      vertex -2.000000 -0.399999 -2.961002
      vertex -1.830719 -0.230717 -2.961002
      vertex -2.000000 -0.160599 -2.961002
    endloop
  endfacet
  facet normal 0.000000 0.000000 0.000000
    outer loop
      vertex -2.000000 -0.399999 -2.961002
      vertex -2.000000 -0.160599 -2.961002
      vertex -2.169281 -0.230717 -2.961002
    endloop
  endfacet
  facet normal 0.000000 0.000000 0.000000
    outer loop
      vertex -2.000000 -0.399999 -2.961002
      vertex -2.169281 -0.230717 -2.961002
      vertex -2.239400 -0.399999 -2.961002
    endloop
  endfacet
  facet normal 0.000000 0.000000 0.000000
    outer loop
      vertex -2.000000 -0.399999 -2.961002
      vertex -2.239400 -0.399999 -2.961002
      vertex -2.169281 -0.569280 -2.961002
    endloop
  endfacet
  facet normal 0.000000 0.000000 0.000000
    outer loop
      vertex -2.000000 -0.399999 -2.961002
      vertex -2.169281 -0.569280 -2.961002
      vertex -2.000000 -0.639399 -2.961002
    endloop
  endfacet
  facet normal 0.000000 0.000000 0.000000
    outer loop
      vertex 1.759267 -0.399998 -5.359000
      vertex 1.712423 -0.512852 -5.359000
      vertex 1.599333 -0.399998 -5.359000
    endloop
  endfacet
  facet normal 0.000000 0.000000 0.000000
    outer loop
      vertex 1.712423 -0.512852 -5.359000
      vertex 1.599333 -0.559598 -5.359000
      vertex 1.599333 -0.399998 -5.359000
    endloop
  endfacet
  facet normal 0.000000 0.000000 0.000000
    outer loop
      vertex 1.599333 -0.559598 -5.359000
      vertex 1.486243 -0.512852 -5.359000
      vertex 1.599333 -0.399998 -5.359000
    endloop
  endfacet
  facet normal 0.000000 0.000000 0.000000
    outer loop
      vertex 1.486243 -0.512852 -5.359000
      vertex 1.439400 -0.399998 -5.359000
      vertex 1.599333 -0.399998 -5.359000
    endloop
  endfacet
  facet normal 0.000000 0.000000 0.000000
    outer loop
      vertex 1.439400 -0.399998 -5.359000
      vertex 1.486243 -0.287144 -5.359000
      vertex 1.599333 -0.399998 -5.359000
    endloop
  endfacet
  facet normal 0.000000 0.000000 0.000000
    outer loop
      vertex 1.486243 -0.287144 -5.359000
      vertex 1.599333 -0.240398 -5.359000
      vertex 1.599333 -0.399998 -5.359000
    endloop
  endfacet
  facet normal 0.000000 0.000000 0.000000
    outer loop
      vertex 1.599333 -0.240398 -5.359000
      vertex 1.712423 -0.287144 -5.359000
      vertex 1.599333 -0.399998 -5.359000
    endloop
  endfacet
  facet normal 0.000000 0.000000 0.000000
    outer loop
      vertex 1.712423 -0.287144 -5.359000
      vertex 1.759267 -0.399998 -5.359000
      vertex 1.599333 -0.399998 -5.359000
    endloop
  endfacet
  facet normal 0.000000 0.000000 0.000000
    outer loop
      vertex 0.959600 -0.399998 -5.359000
      vertex 0.912757 -0.512852 -5.359000
      vertex 0.799667 -0.399998 -5.359000
    endloop
  endfacet
  facet normal 0.000000 0.000000 0.000000
    outer loop
      vertex 0.912757 -0.512852 -5.359000
      vertex 0.799667 -0.559598 -5.359000
      vertex 0.799667 -0.399998 -5.359000
    endloop
  endfacet
  facet normal 0.000000 0.000000 0.000000
    outer loop
      vertex 0.799667 -0.559598 -5.359000
      vertex 0.686577 -0.512852 -5.359000
      vertex 0.799667 -0.399998 -5.359000
    endloop
  endfacet
  facet normal 0.000000 0.000000 0.000000
    outer loop
      vertex 0.686577 -0.512852 -5.359000
      vertex 0.639733 -0.399998 -5.359000
      vertex 0.799667 -0.399998 -5.359000
    endloop
  endfacet
  facet normal 0.000000 0.000000 0.000000
    outer loop
      vertex 0.639733 -0.399998 -5.359000
      vertex 0.686577 -0.287144 -5.359000
      vertex 0.799667 -0.399998 -5.359000
    endloop
  endfacet
  facet normal 0.000000 0.000000 0.000000
    outer loop
      vertex 0.686577 -0.287144 -5.359000
      vertex 0.799667 -0.240398 -5.359000
      vertex 0.799667 -0.399998 -5.359000
    endloop
  endfacet
  facet normal 0.000000 0.000000 0.000000
    outer loop
      vertex 0.799667 -0.240398 -5.359000
      vertex 0.912757 -0.287144 -5.359000
      vertex 0.799667 -0.399998 -5.359000
    endloop
  endfacet
  facet normal 0.000000 0.000000 0.000000
    outer loop
      vertex 0.912757 -0.287144 -5.359000
      vertex 0.959600 -0.399998 -5.359000
      vertex 0.799667 -0.399998 -5.359000
    endloop
  endfacet
  facet normal 0.000000 0.000000 0.000000
    outer loop
      vertex 0.159933 -0.399998 -5.359000
      vertex 0.113090 -0.512852 -5.359000
      vertex 0.000000 -0.399998 -5.359000
    endloop
  endfacet
  facet normal 0.000000 0.000000 0.000000
    outer loop
      vertex 0.113090 -0.512852 -5.359000
      vertex 0.000000 -0.559598 -5.359000
      vertex 0.000000 -0.399998 -5.359000
    endloop
  endfacet
  facet normal 0.000000 0.000000 0.000000
    outer loop
      vertex 0.000000 -0.559598 -5.359000
      vertex -0.113090 -0.512852 -5.359000
      vertex 0.000000 -0.399998 -5.359000
    endloop
  endfacet
  facet normal 0.000000 0.000000 0.000000
    outer loop
      vertex -0.113090 -0.512852 -5.359000
      vertex -0.159933 -0.399998 -5.359000
      vertex 0.000000 -0.399998 -5.359000
    endloop
  endfacet
  facet normal 0.000000 0.000000 0.000000
    outer loop
      vertex -0.159933 -0.399998 -5.359000
      vertex -0.113090 -0.287144 -5.359000
      vertex 0.000000 -0.399998 -5.359000
    endloop
  endfacet
  facet normal 0.000000 0.000000 0.000000
    outer loop
      vertex -0.113090 -0.287144 -5.359000
      vertex -0.000000 -0.240398 -5.359000
      vertex 0.000000 -0.399998 -5.359000
    endloop
  endfacet
  facet normal 0.000000 0.000000 0.000000
    outer loop
      vertex -0.000000 -0.240398 -5.359000
      vertex 0.113090 -0.287144 -5.359000
      vertex 0.000000 -0.399998 -5.359000
    endloop
  endfacet
  facet normal 0.000000 0.000000 0.000000
    outer loop
      vertex 0.113090 -0.287144 -5.359000
      vertex 0.159933 -0.399998 -5.359000
      vertex 0.000000 -0.399998 -5.359000
    endloop
  endfacet
  facet normal 0.000000 0.000000 0.000000
    outer loop
      vertex -0.639733 -0.399998 -5.359000
      vertex -0.686577 -0.512852 -5.359000
      vertex -0.799667 -0.399998 -5.359000
    endloop
  endfacet
  facet normal 0.000000 0.000000 0.000000
    outer loop
      vertex -0.686577 -0.512852 -5.359000
      vertex -0.799667 -0.559598 -5.359000
      vertex -0.799667 -0.399998 -5.359000
    endloop
  endfacet
  facet normal 0.000000 0.000000 0.000000
    outer loop
      vertex -0.799667 -0.559598 -5.359000
      vertex -0.912757 -0.512852 -5.359000
      vertex -0.799667 -0.399998 -5.359000
    endloop
  endfacet
  facet normal 0.000000 0.000000 0.000000
    outer loop
      vertex -0.912757 -0.512852 -5.359000
      vertex -0.959600 -0.399998 -5.359000
      vertex -0.799667 -0.399998 -5.359000
    endloop
  endfacet
  facet normal 0.000000 0.000000 0.000000
    outer loop
      vertex -0.959600 -0.399998 -5.359000
      vertex -0.912757 -0.287144 -5.359000
      vertex -0.799667 -0.399998 -5.359000
    endloop
  endfacet
  facet normal 0.000000 0.000000 0.000000
    outer loop
      vertex -0.912757 -0.287144 -5.359000
      vertex -0.799667 -0.240398 -5.359000
      vertex -0.799667 -0.399998 -5.359000
    endloop
  endfacet
  facet normal 0.000000 0.000000 0.000000
    outer loop
      vertex -0.799667 -0.240398 -5.359000
      vertex -0.686577 -0.287144 -5.359000
      vertex -0.799667 -0.399998 -5.359000
    endloop
  endfacet
  facet normal 0.000000 0.000000 0.000000
    outer loop
      vertex -0.686577 -0.287144 -5.359000
      vertex -0.639733 -0.399998 -5.359000
      vertex -0.799667 -0.399998 -5.359000
    endloop
  endfacet
  facet normal 0.000000 0.000000 0.000000
    outer loop
      vertex -1.439400 -0.399998 -5.359000
      vertex -1.486243 -0.512852 -5.359000
      vertex -1.599333 -0.399998 -5.359000
    endloop
  endfacet
  facet normal 0.000000 0.000000 0.000000
    outer loop
      vertex -1.486243 -0.512852 -5.359000
      vertex -1.599333 -0.559598 -5.359000
      vertex -1.599333 -0.399998 -5.359000
    endloop
  endfacet
  facet normal 0.000000 0.000000 0.000000
    outer loop
      vertex -1.599333 -0.559598 -5.359000
      vertex -1.712423 -0.512852 -5.359000
      vertex -1.599333 -0.399998 -5.359000
    endloop
  endfacet
  facet normal 0.000000 0.000000 0.000000
    outer loop
      vertex -1.712423 -0.512852 -5.359000
      vertex -1.759267 -0.399998 -5.359000
      vertex -1.599333 -0.399998 -5.359000
    endloop
  endfacet
  facet normal 0.000000 0.000000 0.000000
    outer loop
      vertex -1.759267 -0.399998 -5.359000
      vertex -1.712423 -0.287144 -5.359000
      vertex -1.599333 -0.399998 -5.359000
    endloop
  endfacet
  facet normal 0.000000 0.000000 0.000000
    outer loop
      vertex -1.712423 -0.287144 -5.359000
      vertex -1.599333 -0.240398 -5.359000
      vertex -1.599333 -0.399998 -5.359000
    endloop
  endfacet
  facet normal 0.000000 0.000000 0.000000
    outer loop
      vertex -1.599333 -0.240398 -5.359000
      vertex -1.486243 -0.287144 -5.359000
      vertex -1.599333 -0.399998 -5.359000
    endloop
  endfacet
  facet normal 0.000000 0.000000 0.000000
    outer loop
      vertex -1.486243 -0.287144 -5.359000
      vertex -1.439400 -0.399998 -5.359000
      vertex -1.599333 -0.399998 -5.359000
    endloop
  endfacet
  facet normal 0.000000 0.000000 0.000000
    outer loop
      vertex 2.399000 -0.000998 -5.359000
      vertex 2.239067 -0.160598 -5.359000
      vertex -2.239067 -0.160598 -5.359000
    endloop
  endfacet
  facet normal 0.000000 0.000000 0.000000
    outer loop
      vertex 2.399000 -0.000998 -5.359000
      vertex -2.239067 -0.160598 -5.359000
      vertex -2.399000 -0.000998 -5.359000
    endloop
  endfacet
  facet normal 0.000000 0.000000 0.000000
    outer loop
      vertex -2.399000 -0.000998 -5.359000
      vertex -2.239067 -0.160598 -5.359000
      vertex -2.239067 -0.639398 -5.359000
    endloop
  endfacet
  facet normal 0.000000 0.000000 0.000000
    outer loop
      vertex -2.399000 -0.000998 -5.359000
      vertex -2.239067 -0.639398 -5.359000
      vertex -2.399000 -0.798998 -5.359000
    endloop
  endfacet
  facet normal 0.000000 0.000000 0.000000
    outer loop
      vertex -2.399000 -0.798998 -5.359000
      vertex -2.239067 -0.639398 -5.359000
      vertex 2.239067 -0.639398 -5.359000
    endloop
  endfacet
  facet normal 0.000000 0.000000 0.000000
    outer loop
      vertex -2.399000 -0.798998 -5.359000
      vertex 2.239067 -0.639398 -5.359000
      vertex 2.399000 -0.798998 -5.359000
    endloop
  endfacet
  facet normal 0.000000 0.000000 0.000000
    outer loop
      vertex 2.399000 -0.798998 -5.359000
      vertex 2.239067 -0.639398 -5.359000
      vertex 2.239067 -0.160598 -5.359000
    endloop
  endfacet
  facet normal 0.000000 0.000000 0.000000
    outer loop
      vertex 2.399000 -0.798998 -5.359000
      vertex 2.239067 -0.160598 -5.359000
      vertex 2.399000 -0.000998 -5.359000
    endloop
  endfacet
  facet normal 0.000000 0.000000 0.000000
    outer loop
      vertex 1.759267 -0.399998 -5.359000
      vertex 1.759267 -0.399998 -5.199667
      vertex 1.712423 -0.512852 -5.199667
    endloop
  endfacet
  facet normal 0.000000 0.000000 0.000000
    outer loop
      vertex 1.759267 -0.399998 -5.359000
      vertex 1.712423 -0.512852 -5.199667
      vertex 1.712423 -0.512852 -5.359000
    endloop
  endfacet
  facet normal 0.000000 0.000000 0.000000
    outer loop
      vertex 1.712423 -0.512852 -5.359000
      vertex 1.712423 -0.512852 -5.199667
      vertex 1.599333 -0.559598 -5.199667
    endloop
  endfacet
  facet normal 0.000000 0.000000 0.000000
    outer loop
      vertex 1.712423 -0.512852 -5.359000
      vertex 1.599333 -0.559598 -5.199667
      vertex 1.599333 -0.559598 -5.359000
    endloop
  endfacet
  facet normal 0.000000 0.000000 0.000000
    outer loop
      vertex 1.599333 -0.559598 -5.359000
      vertex 1.599333 -0.559598 -5.199667
      vertex 1.486243 -0.512852 -5.199667
    endloop
  endfacet
  facet normal 0.000000 0.000000 0.000000
    outer loop
      vertex 1.599333 -0.559598 -5.359000
      vertex 1.486243 -0.512852 -5.199667
      vertex 1.486243 -0.512852 -5.359000
    endloop
  endfacet
  facet normal 0.000000 0.000000 0.000000
    outer loop
      vertex 1.486243 -0.512852 -5.359000
      vertex 1.486243 -0.512852 -5.199667
      vertex 1.439400 -0.399998 -5.199667
    endloop
  endfacet
  facet normal 0.000000 0.000000 0.000000
    outer loop
      vertex 1.486243 -0.512852 -5.359000
      vertex 1.439400 -0.399998 -5.199667
      vertex 1.439400 -0.399998 -5.359000
    endloop
  endfacet
  facet normal 0.000000 0.000000 0.000000
    outer loop
      vertex 1.439400 -0.399998 -5.359000
      vertex 1.439400 -0.399998 -5.199667
      vertex 1.486243 -0.287144 -5.199667
    endloop
  endfacet
  facet normal 0.000000 0.000000 0.000000
    outer loop
      vertex 1.439400 -0.399998 -5.359000
      vertex 1.486243 -0.287144 -5.199667
      vertex 1.486243 -0.287144 -5.359000
    endloop
  endfacet
  facet normal 0.000000 0.000000 0.000000
    outer loop
      vertex 1.486243 -0.287144 -5.359000
      vertex 1.486243 -0.287144 -5.199667
      vertex 1.599333 -0.240398 -5.199667
    endloop
  endfacet
  facet normal 0.000000 0.000000 0.000000
    outer loop
      vertex 1.486243 -0.287144 -5.359000
      vertex 1.599333 -0.240398 -5.199667
      vertex 1.599333 -0.240398 -5.359000
    endloop
  endfacet
  facet normal 0.000000 0.000000 0.000000
    outer loop
      vertex 1.599333 -0.240398 -5.359000
      vertex 1.599333 -0.240398 -5.199667
      vertex 1.712423 -0.287144 -5.199667
    endloop
  endfacet
  facet normal 0.000000 0.000000 0.000000
    outer loop
      vertex 1.599333 -0.240398 -5.359000
      vertex 1.712423 -0.287144 -5.199667
      vertex 1.712423 -0.287144 -5.359000
    endloop
  endfacet
  facet normal 0.000000 0.000000 0.000000
    outer loop
      vertex 1.712423 -0.287144 -5.359000
      vertex 1.712423 -0.287144 -5.199667
      vertex 1.759267 -0.399998 -5.199667
    endloop
  endfacet
  facet normal 0.000000 0.000000 0.000000
    outer loop
      vertex 1.712423 -0.287144 -5.359000
      vertex 1.759267 -0.399998 -5.199667
      vertex 1.759267 -0.399998 -5.359000
    endloop
  endfacet
  facet normal 0.000000 0.000000 0.000000
    outer loop
      vertex 0.959600 -0.399998 -5.359000
      vertex 0.959600 -0.399998 -5.199667
      vertex 0.912757 -0.512852 -5.199667
    endloop
  endfacet
  facet normal 0.000000 0.000000 0.000000
    outer loop
      vertex 0.959600 -0.399998 -5.359000
      vertex 0.912757 -0.512852 -5.199667
      vertex 0.912757 -0.512852 -5.359000
    endloop
  endfacet
  facet normal 0.000000 0.000000 0.000000
    outer loop
      vertex 0.912757 -0.512852 -5.359000
      vertex 0.912757 -0.512852 -5.199667
      vertex 0.799667 -0.559598 -5.199667
    endloop
  endfacet
  facet normal 0.000000 0.000000 0.000000
    outer loop
      vertex 0.912757 -0.512852 -5.359000
      vertex 0.799667 -0.559598 -5.199667
      vertex 0.799667 -0.559598 -5.359000
    endloop
  endfacet
  facet normal 0.000000 0.000000 0.000000
    outer loop
      vertex 0.799667 -0.559598 -5.359000
      vertex 0.799667 -0.559598 -5.199667
      vertex 0.686577 -0.512852 -5.199667
    endloop
  endfacet
  facet normal 0.000000 0.000000 0.000000
    outer loop
      vertex 0.799667 -0.559598 -5.359000
      vertex 0.686577 -0.512852 -5.199667
      vertex 0.686577 -0.512852 -5.359000
    endloop
  endfacet
  facet normal 0.000000 0.000000 0.000000
    outer loop
      vertex 0.686577 -0.512852 -5.359000
      vertex 0.686577 -0.512852 -5.199667
      vertex 0.639733 -0.399998 -5.199667
    endloop
  endfacet
  facet normal 0.000000 0.000000 0.000000
    outer loop
      vertex 0.686577 -0.512852 -5.359000
      vertex 0.639733 -0.399998 -5.199667
      vertex 0.639733 -0.399998 -5.359000
    endloop
  endfacet
  facet normal 0.000000 0.000000 0.000000
    outer loop
      vertex 0.639733 -0.399998 -5.359000
      vertex 0.639733 -0.399998 -5.199667
      vertex 0.686577 -0.287144 -5.199667
    endloop
  endfacet
  facet normal 0.000000 0.000000 0.000000
    outer loop
      vertex 0.639733 -0.399998 -5.359000
      vertex 0.686577 -0.287144 -5.199667
      vertex 0.686577 -0.287144 -5.359000
    endloop
  endfacet
  facet normal 0.000000 0.000000 0.000000
    outer loop
      vertex 0.686577 -0.287144 -5.359000
      vertex 0.686577 -0.287144 -5.199667
      vertex 0.799667 -0.240398 -5.199667
    endloop
  endfacet
  facet normal 0.000000 0.000000 0.000000
    outer loop
      vertex 0.686577 -0.287144 -5.359000
      vertex 0.799667 -0.240398 -5.199667
      vertex 0.799667 -0.240398 -5.359000
    endloop
  endfacet
  facet normal 0.000000 0.000000 0.000000
    outer loop
      vertex 0.799667 -0.240398 -5.359000
      vertex 0.799667 -0.240398 -5.199667
      vertex 0.912757 -0.287144 -5.199667
    endloop
  endfacet
  facet normal 0.000000 0.000000 0.000000
    outer loop
      vertex 0.799667 -0.240398 -5.359000
      vertex 0.912757 -0.287144 -5.199667
      vertex 0.912757 -0.287144 -5.359000
    endloop
  endfacet
  facet normal 0.000000 0.000000 0.000000
    outer loop
      vertex 0.912757 -0.287144 -5.359000
      vertex 0.912757 -0.287144 -5.199667
      vertex 0.959600 -0.399998 -5.199667
    endloop
  endfacet
  facet normal 0.000000 0.000000 0.000000
    outer loop
      vertex 0.912757 -0.287144 -5.359000
      vertex 0.959600 -0.399998 -5.199667
      vertex 0.959600 -0.399998 -5.359000
    endloop
  endfacet
  facet normal 0.000000 0.000000 0.000000
    outer loop
      vertex 0.159933 -0.399998 -5.359000
      vertex 0.159933 -0.399998 -5.199667
      vertex 0.113090 -0.512852 -5.199667
    endloop
  endfacet
  facet normal 0.000000 0.000000 0.000000
    outer loop
      vertex 0.159933 -0.399998 -5.359000
      vertex 0.113090 -0.512852 -5.199667
      vertex 0.113090 -0.512852 -5.359000
    endloop
  endfacet
  facet normal 0.000000 0.000000 0.000000
    outer loop
      vertex 0.113090 -0.512852 -5.359000
      vertex 0.113090 -0.512852 -5.199667
      vertex 0.000000 -0.559598 -5.199667
    endloop
  endfacet
  facet normal 0.000000 0.000000 0.000000
    outer loop
      vertex 0.113090 -0.512852 -5.359000
      vertex 0.000000 -0.559598 -5.199667
      vertex 0.000000 -0.559598 -5.359000
    endloop
  endfacet
  facet normal 0.000000 0.000000 0.000000
    outer loop
      vertex 0.000000 -0.559598 -5.359000
      vertex 0.000000 -0.559598 -5.199667
      vertex -0.113090 -0.512852 -5.199667
    endloop
  endfacet
  facet normal 0.000000 0.000000 0.000000
    outer loop
      vertex 0.000000 -0.559598 -5.359000
      vertex -0.113090 -0.512852 -5.199667
      vertex -0.113090 -0.512852 -5.359000
    endloop
  endfacet
  facet normal 0.000000 0.000000 0.000000
    outer loop
      vertex -0.113090 -0.512852 -5.359000
      vertex -0.113090 -0.512852 -5.199667
      vertex -0.159933 -0.399998 -5.199667
    endloop
  endfacet
  facet normal 0.000000 0.000000 0.000000
    outer loop
      vertex -0.113090 -0.512852 -5.359000
      vertex -0.159933 -0.399998 -5.199667
      vertex -0.159933 -0.399998 -5.359000
    endloop
  endfacet
  facet normal 0.000000 0.000000 0.000000
    outer loop
      vertex -0.159933 -0.399998 -5.359000
      vertex -0.159933 -0.399998 -5.199667
      vertex -0.113090 -0.287144 -5.199667
    endloop
  endfacet
  facet normal 0.000000 0.000000 0.000000
    outer loop
      vertex -0.159933 -0.399998 -5.359000
      vertex -0.113090 -0.287144 -5.199667
      vertex -0.113090 -0.287144 -5.359000
    endloop
  endfacet
  facet normal 0.000000 0.000000 0.000000
    outer loop
      vertex -0.113090 -0.287144 -5.359000
      vertex -0.113090 -0.287144 -5.199667
      vertex -0.000000 -0.240398 -5.199667
    endloop
  endfacet
  facet normal 0.000000 0.000000 0.000000
    outer loop
      vertex -0.113090 -0.287144 -5.359000
      vertex -0.000000 -0.240398 -5.199667
      vertex -0.000000 -0.240398 -5.359000
    endloop
  endfacet
  facet normal 0.000000 0.000000 0.000000
    outer loop
      vertex -0.000000 -0.240398 -5.359000
      vertex -0.000000 -0.240398 -5.199667
      vertex 0.113090 -0.287144 -5.199667
    endloop
  endfacet
  facet normal 0.000000 0.000000 0.000000
    outer loop
      vertex -0.000000 -0.240398 -5.359000
      vertex 0.113090 -0.287144 -5.199667
      vertex 0.113090 -0.287144 -5.359000
    endloop
  endfacet
  facet normal 0.000000 0.000000 0.000000
    outer loop
      vertex 0.113090 -0.287144 -5.359000
      vertex 0.113090 -0.287144 -5.199667
      vertex 0.159933 -0.399998 -5.199667
    endloop
  endfacet
  facet normal 0.000000 0.000000 0.000000
    outer loop
      vertex 0.113090 -0.287144 -5.359000
      vertex 0.159933 -0.399998 -5.199667
      vertex 0.159933 -0.399998 -5.359000
    endloop
  endfacet
  facet normal 0.000000 0.000000 0.000000
    outer loop
      vertex -0.639733 -0.399998 -5.359000
      vertex -0.639733 -0.399998 -5.199667
      vertex -0.686577 -0.512852 -5.199667
    endloop
  endfacet
  facet normal 0.000000 0.000000 0.000000
    outer loop
      vertex -0.639733 -0.399998 -5.359000
      vertex -0.686577 -0.512852 -5.199667
      vertex -0.686577 -0.512852 -5.359000
    endloop
  endfacet
  facet normal 0.000000 0.000000 0.000000
    outer loop
      vertex -0.686577 -0.512852 -5.359000
      vertex -0.686577 -0.512852 -5.199667
      vertex -0.799667 -0.559598 -5.199667
    endloop
  endfacet
  facet normal 0.000000 0.000000 0.000000
    outer loop
      vertex -0.686577 -0.512852 -5.359000
      vertex -0.799667 -0.559598 -5.199667
      vertex -0.799667 -0.559598 -5.359000
    endloop
  endfacet
  facet normal 0.000000 0.000000 0.000000
    outer loop
      vertex -0.799667 -0.559598 -5.359000
      vertex -0.799667 -0.559598 -5.199667
      vertex -0.912757 -0.512852 -5.199667
    endloop
  endfacet
  facet normal 0.000000 0.000000 0.000000
    outer loop
      vertex -0.799667 -0.559598 -5.359000
      vertex -0.912757 -0.512852 -5.199667
      vertex -0.912757 -0.512852 -5.359000
    endloop
  endfacet
  facet normal 0.000000 0.000000 0.000000
    outer loop
      vertex -0.912757 -0.512852 -5.359000
      vertex -0.912757 -0.512852 -5.199667
      vertex -0.959600 -0.399998 -5.199667
    endloop
  endfacet
  facet normal 0.000000 0.000000 0.000000
    outer loop
      vertex -0.912757 -0.512852 -5.359000
      vertex -0.959600 -0.399998 -5.199667
      vertex -0.959600 -0.399998 -5.359000
    endloop
  endfacet
  facet normal 0.000000 0.000000 0.000000
    outer loop
      vertex -0.959600 -0.399998 -5.359000
      vertex -0.959600 -0.399998 -5.199667
      vertex -0.912757 -0.287144 -5.199667
    endloop
  endfacet
  facet normal 0.000000 0.000000 0.000000
    outer loop
      vertex -0.959600 -0.399998 -5.359000
      vertex -0.912757 -0.287144 -5.199667
      vertex -0.912757 -0.287144 -5.359000
    endloop
  endfacet
  facet normal 0.000000 0.000000 0.000000
    outer loop
      vertex -0.912757 -0.287144 -5.359000
      vertex -0.912757 -0.287144 -5.199667
      vertex -0.799667 -0.240398 -5.199667
    endloop
  endfacet
  facet normal 0.000000 0.000000 0.000000
    outer loop
      vertex -0.912757 -0.287144 -5.359000
      vertex -0.799667 -0.240398 -5.199667
      vertex -0.799667 -0.240398 -5.359000
    endloop
  endfacet
  facet normal 0.000000 0.000000 0.000000
    outer loop
      vertex -0.799667 -0.240398 -5.359000
      vertex -0.799667 -0.240398 -5.199667
      vertex -0.686577 -0.287144 -5.199667
    endloop
  endfacet
  facet normal 0.000000 0.000000 0.000000
    outer loop
      vertex -0.799667 -0.240398 -5.359000
      vertex -0.686577 -0.287144 -5.199667
      vertex -0.686577 -0.287144 -5.359000
    endloop
  endfacet
  facet normal 0.000000 0.000000 0.000000
    outer loop
      vertex -0.686577 -0.287144 -5.359000
      vertex -0.686577 -0.287144 -5.199667
      vertex -0.639733 -0.399998 -5.199667
    endloop
  endfacet
  facet normal 0.000000 0.000000 0.000000
    outer loop
      vertex -0.686577 -0.287144 -5.359000
      vertex -0.639733 -0.399998 -5.199667
      vertex -0.639733 -0.399998 -5.359000
    endloop
  endfacet
  facet normal 0.000000 0.000000 0.000000
    outer loop
      vertex -1.439400 -0.399998 -5.359000
      vertex -1.439400 -0.399998 -5.199667
      vertex -1.486243 -0.512852 -5.199667
    endloop
  endfacet
  facet normal 0.000000 0.000000 0.000000
    outer loop
      vertex -1.439400 -0.399998 -5.359000
      vertex -1.486243 -0.512852 -5.199667
      vertex -1.486243 -0.512852 -5.359000
    endloop
  endfacet
  facet normal 0.000000 0.000000 0.000000
    outer loop
      vertex -1.486243 -0.512852 -5.359000
      vertex -1.486243 -0.512852 -5.199667
      vertex -1.599333 -0.559598 -5.199667
    endloop
  endfacet
  facet normal 0.000000 0.000000 0.000000
    outer loop
      vertex -1.486243 -0.512852 -5.359000
      vertex -1.599333 -0.559598 -5.199667
      vertex -1.599333 -0.559598 -5.359000
    endloop
  endfacet
  facet normal 0.000000 0.000000 0.000000
    outer loop
      vertex -1.599333 -0.559598 -5.359000
      vertex -1.599333 -0.559598 -5.199667
      vertex -1.712423 -0.512852 -5.199667
    endloop
  endfacet
  facet normal 0.000000 0.000000 0.000000
    outer loop
      vertex -1.599333 -0.559598 -5.359000
      vertex -1.712423 -0.512852 -5.199667
      vertex -1.712423 -0.512852 -5.359000
    endloop
  endfacet
  facet normal 0.000000 0.000000 0.000000
    outer loop
      vertex -1.712423 -0.512852 -5.359000
      vertex -1.712423 -0.512852 -5.199667
      vertex -1.759267 -0.399998 -5.199667
    endloop
  endfacet
  facet normal 0.000000 0.000000 0.000000
    outer loop
      vertex -1.712423 -0.512852 -5.359000
      vertex -1.759267 -0.399998 -5.199667
      vertex -1.759267 -0.399998 -5.359000
    endloop
  endfacet
  facet normal 0.000000 0.000000 0.000000
    outer loop
      vertex -1.759267 -0.399998 -5.359000
      vertex -1.759267 -0.399998 -5.199667
      vertex -1.712423 -0.287144 -5.199667
    endloop
  endfacet
  facet normal 0.000000 0.000000 0.000000
    outer loop
      vertex -1.759267 -0.399998 -5.359000
      vertex -1.712423 -0.287144 -5.199667
      vertex -1.712423 -0.287144 -5.359000
    endloop
  endfacet
  facet normal 0.000000 0.000000 0.000000
    outer loop
      vertex -1.712423 -0.287144 -5.359000
      vertex -1.712423 -0.287144 -5.199667
      vertex -1.599333 -0.240398 -5.199667
    endloop
  endfacet
  facet normal 0.000000 0.000000 0.000000
    outer loop
      vertex -1.712423 -0.287144 -5.359000
      vertex -1.599333 -0.240398 -5.199667
      vertex -1.599333 -0.240398 -5.359000
    endloop
  endfacet
  facet normal 0.000000 0.000000 0.000000
    outer loop
      vertex -1.599333 -0.240398 -5.359000
      vertex -1.599333 -0.240398 -5.199667
      vertex -1.486243 -0.287144 -5.199667
    endloop
  endfacet
  facet normal 0.000000 0.000000 0.000000
    outer loop
      vertex -1.599333 -0.240398 -5.359000
      vertex -1.486243 -0.287144 -5.199667
      vertex -1.486243 -0.287144 -5.359000
    endloop
  endfacet
  facet normal 0.000000 0.000000 0.000000
    outer loop
      vertex -1.486243 -0.287144 -5.359000
      vertex -1.486243 -0.287144 -5.199667
      vertex -1.439400 -0.399998 -5.199667
    endloop
  endfacet
  facet normal 0.000000 0.000000 0.000000
    outer loop
      vertex -1.486243 -0.287144 -5.359000
      vertex -1.439400 -0.399998 -5.199667
      vertex -1.439400 -0.399998 -5.359000
    endloop
  endfacet
  facet normal 0.000000 0.000000 0.000000
    outer loop
      vertex -2.239067 -0.160598 -5.199667
      vertex 2.239067 -0.160598 -5.199667
      vertex 2.239067 -0.639398 -5.199667
    endloop
  endfacet
  facet normal 0.000000 0.000000 0.000000
    outer loop
      vertex -2.239067 -0.160598 -5.199667
      vertex 2.239067 -0.639398 -5.199667
      vertex -2.239067 -0.639398 -5.199667
    endloop
  endfacet
  facet normal 0.000000 0.000000 0.000000
    outer loop
      vertex -2.239067 -0.160598 -5.199667
      vertex -2.239067 -0.160598 -5.359000
      vertex 2.239067 -0.160598 -5.359000
    endloop
  endfacet
  facet normal 0.000000 0.000000 0.000000
    outer loop
      vertex -2.239067 -0.160598 -5.199667
      vertex 2.239067 -0.160598 -5.359000
      vertex 2.239067 -0.160598 -5.199667
    endloop
  endfacet
  facet normal 0.000000 0.000000 0.000000
    outer loop
      vertex -2.239067 -0.639398 -5.199667
      vertex -2.239067 -0.639398 -5.359000
      vertex -2.239067 -0.160598 -5.359000
    endloop
  endfacet
  facet normal 0.000000 0.000000 0.000000
    outer loop
      vertex -2.239067 -0.639398 -5.199667
      vertex -2.239067 -0.160598 -5.359000
      vertex -2.239067 -0.160598 -5.199667
    endloop
  endfacet
  facet normal 0.000000 0.000000 0.000000
    outer loop
      vertex 2.239067 -0.639398 -5.199667
      vertex 2.239067 -0.639398 -5.359000
      vertex -2.239067 -0.639398 -5.359000
    endloop
  endfacet
  facet normal 0.000000 0.000000 0.000000
    outer loop
      vertex 2.239067 -0.639398 -5.199667
      vertex -2.239067 -0.639398 -5.359000
      vertex -2.239067 -0.639398 -5.199667
    endloop
  endfacet
  facet normal 0.000000 0.000000 0.000000
    outer loop
      vertex 2.239067 -0.160598 -5.199667
      vertex 2.239067 -0.160598 -5.359000
      vertex 2.239067 -0.639398 -5.359000
    endloop
  endfacet
  facet normal 0.000000 0.000000 0.000000
    outer loop
      vertex 2.239067 -0.160598 -5.199667
      vertex 2.239067 -0.639398 -5.359000
      vertex 2.239067 -0.639398 -5.199667
    endloop
  endfacet
  facet normal 0.000000 0.000000 0.000000
    outer loop
      vertex 2.399000 -0.798998 -5.040333
      vertex 2.399000 -0.798998 -5.359000
      vertex 2.399000 -0.000998 -5.359000
    endloop
  endfacet
  facet normal 0.000000 0.000000 0.000000
    outer loop
      vertex 2.399000 -0.798998 -5.040333
      vertex 2.399000 -0.000998 -5.359000
      vertex 2.399000 -0.000998 -5.040333
    endloop
  endfacet
  facet normal 0.000000 0.000000 0.000000
    outer loop
      vertex -2.399000 -0.798998 -5.040333
      vertex -2.399000 -0.798998 -5.359000
      vertex 2.399000 -0.798998 -5.359000
    endloop
  endfacet
  facet normal 0.000000 0.000000 0.000000
    outer loop
      vertex -2.399000 -0.798998 -5.040333
      vertex 2.399000 -0.798998 -5.359000
      vertex 2.399000 -0.798998 -5.040333
    endloop
  endfacet
  facet normal 0.000000 0.000000 0.000000
    outer loop
      vertex -2.399000 -0.000998 -5.040333
      vertex -2.399000 -0.000998 -5.359000
      vertex -2.399000 -0.798998 -5.359000
    endloop
  endfacet
  facet normal 0.000000 0.000000 0.000000
    outer loop
      vertex -2.399000 -0.000998 -5.040333
      vertex -2.399000 -0.798998 -5.359000
      vertex -2.399000 -0.798998 -5.040333
    endloop
  endfacet
  facet normal 0.000000 0.000000 0.000000
    outer loop
      vertex 2.399000 -0.000998 -5.040333
      vertex 2.399000 -0.000998 -5.359000
      vertex -2.399000 -0.000998 -5.359000
    endloop
  endfacet
  facet normal 0.000000 0.000000 0.000000
    outer loop
      vertex 2.399000 -0.000998 -5.040333
      vertex -2.399000 -0.000998 -5.359000
      vertex -2.399000 -0.000998 -5.040333
    endloop
  endfacet
  facet normal 0.000000 0.000000 0.000000
    outer loop
      vertex -2.399000 -0.798998 -5.040333
      vertex 2.399000 -0.798998 -5.040333
      vertex 2.399000 -0.000998 -5.040333
    endloop
  endfacet
  facet normal 0.000000 0.000000 0.000000
    outer loop
      vertex -2.399000 -0.798998 -5.040333
      vertex 2.399000 -0.000998 -5.040333
      vertex -2.399000 -0.000998 -5.040333
    endloop
  endfacet
  facet normal 0.000000 0.000000 0.000000
    outer loop
      vertex 2.239067 -0.399998 -4.881000
      vertex 2.239067 -0.399998 -5.040333
      vertex 2.168802 -0.230717 -5.040333
    endloop
  endfacet
  facet normal 0.000000 0.000000 0.000000
    outer loop
      vertex 2.239067 -0.399998 -4.881000
      vertex 2.168802 -0.230717 -5.040333
      vertex 2.168802 -0.230717 -4.881000
    endloop
  endfacet
  facet normal 0.000000 0.000000 0.000000
    outer loop
      vertex 2.168802 -0.230717 -4.881000
      vertex 2.168802 -0.230717 -5.040333
      vertex 1.999166 -0.160598 -5.040333
    endloop
  endfacet
  facet normal 0.000000 0.000000 0.000000
    outer loop
      vertex 2.168802 -0.230717 -4.881000
      vertex 1.999166 -0.160598 -5.040333
      vertex 1.999166 -0.160598 -4.881000
    endloop
  endfacet
  facet normal 0.000000 0.000000 0.000000
    outer loop
      vertex 1.999166 -0.160598 -4.881000
      vertex 1.999166 -0.160598 -5.040333
      vertex 1.829532 -0.230717 -5.040333
    endloop
  endfacet
  facet normal 0.000000 0.000000 0.000000
    outer loop
      vertex 1.999166 -0.160598 -4.881000
      vertex 1.829532 -0.230717 -5.040333
      vertex 1.829532 -0.230717 -4.881000
    endloop
  endfacet
  facet normal 0.000000 0.000000 0.000000
    outer loop
      vertex 1.829532 -0.230717 -4.881000
      vertex 1.829532 -0.230717 -5.040333
      vertex 1.759267 -0.399998 -5.040333
    endloop
  endfacet
  facet normal 0.000000 0.000000 0.000000
    outer loop
      vertex 1.829532 -0.230717 -4.881000
      vertex 1.759267 -0.399998 -5.040333
      vertex 1.759267 -0.399998 -4.881000
    endloop
  endfacet
  facet normal 0.000000 0.000000 0.000000
    outer loop
      vertex 1.759267 -0.399998 -4.881000
      vertex 1.759267 -0.399998 -5.040333
      vertex 1.829532 -0.569279 -5.040333
    endloop
  endfacet
  facet normal 0.000000 0.000000 0.000000
    outer loop
      vertex 1.759267 -0.399998 -4.881000
      vertex 1.829532 -0.569279 -5.040333
      vertex 1.829532 -0.569279 -4.881000
    endloop
  endfacet
  facet normal 0.000000 0.000000 0.000000
    outer loop
      vertex 1.829532 -0.569279 -4.881000
      vertex 1.829532 -0.569279 -5.040333
      vertex 1.999166 -0.639398 -5.040333
    endloop
  endfacet
  facet normal 0.000000 0.000000 0.000000
    outer loop
      vertex 1.829532 -0.569279 -4.881000
      vertex 1.999166 -0.639398 -5.040333
      vertex 1.999166 -0.639398 -4.881000
    endloop
  endfacet
  facet normal 0.000000 0.000000 0.000000
    outer loop
      vertex 1.999166 -0.639398 -4.881000
      vertex 1.999166 -0.639398 -5.040333
      vertex 2.168802 -0.569279 -5.040333
    endloop
  endfacet
  facet normal 0.000000 0.000000 0.000000
    outer loop
      vertex 1.999166 -0.639398 -4.881000
      vertex 2.168802 -0.569279 -5.040333
      vertex 2.168802 -0.569279 -4.881000
    endloop
  endfacet
  facet normal 0.000000 0.000000 0.000000
    outer loop
      vertex 2.168802 -0.569279 -4.881000
      vertex 2.168802 -0.569279 -5.040333
      vertex 2.239067 -0.399998 -5.040333
    endloop
  endfacet
  facet normal 0.000000 0.000000 0.000000
    outer loop
      vertex 2.168802 -0.569279 -4.881000
      vertex 2.239067 -0.399998 -5.040333
      vertex 2.239067 -0.399998 -4.881000
    endloop
  endfacet
  facet normal 0.000000 0.000000 0.000000
    outer loop
      vertex 1.439400 -0.399998 -4.881000
      vertex 1.439400 -0.399998 -5.040333
      vertex 1.369135 -0.230717 -5.040333
    endloop
  endfacet
  facet normal 0.000000 0.000000 0.000000
    outer loop
      vertex 1.439400 -0.399998 -4.881000
      vertex 1.369135 -0.230717 -5.040333
      vertex 1.369135 -0.230717 -4.881000
    endloop
  endfacet
  facet normal 0.000000 0.000000 0.000000
    outer loop
      vertex 1.369135 -0.230717 -4.881000
      vertex 1.369135 -0.230717 -5.040333
      vertex 1.199500 -0.160598 -5.040333
    endloop
  endfacet
  facet normal 0.000000 0.000000 0.000000
    outer loop
      vertex 1.369135 -0.230717 -4.881000
      vertex 1.199500 -0.160598 -5.040333
      vertex 1.199500 -0.160598 -4.881000
    endloop
  endfacet
  facet normal 0.000000 0.000000 0.000000
    outer loop
      vertex 1.199500 -0.160598 -4.881000
      vertex 1.199500 -0.160598 -5.040333
      vertex 1.029865 -0.230717 -5.040333
    endloop
  endfacet
  facet normal 0.000000 0.000000 0.000000
    outer loop
      vertex 1.199500 -0.160598 -4.881000
      vertex 1.029865 -0.230717 -5.040333
      vertex 1.029865 -0.230717 -4.881000
    endloop
  endfacet
  facet normal 0.000000 0.000000 0.000000
    outer loop
      vertex 1.029865 -0.230717 -4.881000
      vertex 1.029865 -0.230717 -5.040333
      vertex 0.959600 -0.399998 -5.040333
    endloop
  endfacet
  facet normal 0.000000 0.000000 0.000000
    outer loop
      vertex 1.029865 -0.230717 -4.881000
      vertex 0.959600 -0.399998 -5.040333
      vertex 0.959600 -0.399998 -4.881000
    endloop
  endfacet
  facet normal 0.000000 0.000000 0.000000
    outer loop
      vertex 0.959600 -0.399998 -4.881000
      vertex 0.959600 -0.399998 -5.040333
      vertex 1.029865 -0.569279 -5.040333
    endloop
  endfacet
  facet normal 0.000000 0.000000 0.000000
    outer loop
      vertex 0.959600 -0.399998 -4.881000
      vertex 1.029865 -0.569279 -5.040333
      vertex 1.029865 -0.569279 -4.881000
    endloop
  endfacet
  facet normal 0.000000 0.000000 0.000000
    outer loop
      vertex 1.029865 -0.569279 -4.881000
      vertex 1.029865 -0.569279 -5.040333
      vertex 1.199500 -0.639398 -5.040333
    endloop
  endfacet
  facet normal 0.000000 0.000000 0.000000
    outer loop
      vertex 1.029865 -0.569279 -4.881000
      vertex 1.199500 -0.639398 -5.040333
      vertex 1.199500 -0.639398 -4.881000
    endloop
  endfacet
  facet normal 0.000000 0.000000 0.000000
    outer loop
      vertex 1.199500 -0.639398 -4.881000
      vertex 1.199500 -0.639398 -5.040333
      vertex 1.369135 -0.569279 -5.040333
    endloop
  endfacet
  facet normal 0.000000 0.000000 0.000000
    outer loop
      vertex 1.199500 -0.639398 -4.881000
      vertex 1.369135 -0.569279 -5.040333
      vertex 1.369135 -0.569279 -4.881000
    endloop
  endfacet
  facet normal 0.000000 0.000000 0.000000
    outer loop
      vertex 1.369135 -0.569279 -4.881000
      vertex 1.369135 -0.569279 -5.040333
      vertex 1.439400 -0.399998 -5.040333
    endloop
  endfacet
  facet normal 0.000000 0.000000 0.000000
    outer loop
      vertex 1.369135 -0.569279 -4.881000
      vertex 1.439400 -0.399998 -5.040333
      vertex 1.439400 -0.399998 -4.881000
    endloop
  endfacet
  facet normal 0.000000 0.000000 0.000000
    outer loop
      vertex 0.639733 -0.399998 -4.881000
      vertex 0.639733 -0.399998 -5.040333
      vertex 0.569468 -0.230717 -5.040333
    endloop
  endfacet
  facet normal 0.000000 0.000000 0.000000
    outer loop
      vertex 0.639733 -0.399998 -4.881000
      vertex 0.569468 -0.230717 -5.040333
      vertex 0.569468 -0.230717 -4.881000
    endloop
  endfacet
  facet normal 0.000000 0.000000 0.000000
    outer loop
      vertex 0.569468 -0.230717 -4.881000
      vertex 0.569468 -0.230717 -5.040333
      vertex 0.399833 -0.160598 -5.040333
    endloop
  endfacet
  facet normal 0.000000 0.000000 0.000000
    outer loop
      vertex 0.569468 -0.230717 -4.881000
      vertex 0.399833 -0.160598 -5.040333
      vertex 0.399833 -0.160598 -4.881000
    endloop
  endfacet
  facet normal 0.000000 0.000000 0.000000
    outer loop
      vertex 0.399833 -0.160598 -4.881000
      vertex 0.399833 -0.160598 -5.040333
      vertex 0.230198 -0.230717 -5.040333
    endloop
  endfacet
  facet normal 0.000000 0.000000 0.000000
    outer loop
      vertex 0.399833 -0.160598 -4.881000
      vertex 0.230198 -0.230717 -5.040333
      vertex 0.230198 -0.230717 -4.881000
    endloop
  endfacet
  facet normal 0.000000 0.000000 0.000000
    outer loop
      vertex 0.230198 -0.230717 -4.881000
      vertex 0.230198 -0.230717 -5.040333
      vertex 0.159933 -0.399998 -5.040333
    endloop
  endfacet
  facet normal 0.000000 0.000000 0.000000
    outer loop
      vertex 0.230198 -0.230717 -4.881000
      vertex 0.159933 -0.399998 -5.040333
      vertex 0.159933 -0.399998 -4.881000
    endloop
  endfacet
  facet normal 0.000000 0.000000 0.000000
    outer loop
      vertex 0.159933 -0.399998 -4.881000
      vertex 0.159933 -0.399998 -5.040333
      vertex 0.230198 -0.569279 -5.040333
    endloop
  endfacet
  facet normal 0.000000 0.000000 0.000000
    outer loop
      vertex 0.159933 -0.399998 -4.881000
      vertex 0.230198 -0.569279 -5.040333
      vertex 0.230198 -0.569279 -4.881000
    endloop
  endfacet
  facet normal 0.000000 0.000000 0.000000
    outer loop
      vertex 0.230198 -0.569279 -4.881000
      vertex 0.230198 -0.569279 -5.040333
      vertex 0.399833 -0.639398 -5.040333
    endloop
  endfacet
  facet normal 0.000000 0.000000 0.000000
    outer loop
      vertex 0.230198 -0.569279 -4.881000
      vertex 0.399833 -0.639398 -5.040333
      vertex 0.399833 -0.639398 -4.881000
    endloop
  endfacet
  facet normal 0.000000 0.000000 0.000000
    outer loop
      vertex 0.399833 -0.639398 -4.881000
      vertex 0.399833 -0.639398 -5.040333
      vertex 0.569468 -0.569279 -5.040333
    endloop
  endfacet
  facet normal 0.000000 0.000000 0.000000
    outer loop
      vertex 0.399833 -0.639398 -4.881000
      vertex 0.569468 -0.569279 -5.040333
      vertex 0.569468 -0.569279 -4.881000
    endloop
  endfacet
  facet normal 0.000000 0.000000 0.000000
    outer loop
      vertex 0.569468 -0.569279 -4.881000
      vertex 0.569468 -0.569279 -5.040333
      vertex 0.639733 -0.399998 -5.040333
    endloop
  endfacet
  facet normal 0.000000 0.000000 0.000000
    outer loop
      vertex 0.569468 -0.569279 -4.881000
      vertex 0.639733 -0.399998 -5.040333
      vertex 0.639733 -0.399998 -4.881000
    endloop
  endfacet
  facet normal 0.000000 0.000000 0.000000
    outer loop
      vertex -0.159933 -0.399998 -4.881000
      vertex -0.159933 -0.399998 -5.040333
      vertex -0.230198 -0.230717 -5.040333
    endloop
  endfacet
  facet normal 0.000000 0.000000 0.000000
    outer loop
      vertex -0.159933 -0.399998 -4.881000
      vertex -0.230198 -0.230717 -5.040333
      vertex -0.230198 -0.230717 -4.881000
    endloop
  endfacet
  facet normal 0.000000 0.000000 0.000000
    outer loop
      vertex -0.230198 -0.230717 -4.881000
      vertex -0.230198 -0.230717 -5.040333
      vertex -0.399833 -0.160598 -5.040333
    endloop
  endfacet
  facet normal 0.000000 0.000000 0.000000
    outer loop
      vertex -0.230198 -0.230717 -4.881000
      vertex -0.399833 -0.160598 -5.040333
      vertex -0.399833 -0.160598 -4.881000
    endloop
  endfacet
  facet normal 0.000000 0.000000 0.000000
    outer loop
      vertex -0.399833 -0.160598 -4.881000
      vertex -0.399833 -0.160598 -5.040333
      vertex -0.569468 -0.230717 -5.040333
    endloop
  endfacet
  facet normal 0.000000 0.000000 0.000000
    outer loop
      vertex -0.399833 -0.160598 -4.881000
      vertex -0.569468 -0.230717 -5.040333
      vertex -0.569468 -0.230717 -4.881000
    endloop
  endfacet
  facet normal 0.000000 0.000000 0.000000
    outer loop
      vertex -0.569468 -0.230717 -4.881000
      vertex -0.569468 -0.230717 -5.040333
      vertex -0.639733 -0.399998 -5.040333
    endloop
  endfacet
  facet normal 0.000000 0.000000 0.000000
    outer loop
      vertex -0.569468 -0.230717 -4.881000
      vertex -0.639733 -0.399998 -5.040333
      vertex -0.639733 -0.399998 -4.881000
    endloop
  endfacet
  facet normal 0.000000 0.000000 0.000000
    outer loop
      vertex -0.639733 -0.399998 -4.881000
      vertex -0.639733 -0.399998 -5.040333
      vertex -0.569468 -0.569279 -5.040333
    endloop
  endfacet
  facet normal 0.000000 0.000000 0.000000
    outer loop
      vertex -0.639733 -0.399998 -4.881000
      vertex -0.569468 -0.569279 -5.040333
      vertex -0.569468 -0.569279 -4.881000
    endloop
  endfacet
  facet normal 0.000000 0.000000 0.000000
    outer loop
      vertex -0.569468 -0.569279 -4.881000
      vertex -0.569468 -0.569279 -5.040333
      vertex -0.399833 -0.639398 -5.040333
    endloop
  endfacet
  facet normal 0.000000 0.000000 0.000000
    outer loop
      vertex -0.569468 -0.569279 -4.881000
      vertex -0.399833 -0.639398 -5.040333
      vertex -0.399833 -0.639398 -4.881000
    endloop
  endfacet
  facet normal 0.000000 0.000000 0.000000
    outer loop
      vertex -0.399833 -0.639398 -4.881000
      vertex -0.399833 -0.639398 -5.040333
      vertex -0.230198 -0.569279 -5.040333
    endloop
  endfacet
  facet normal 0.000000 0.000000 0.000000
    outer loop
      vertex -0.399833 -0.639398 -4.881000
      vertex -0.230198 -0.569279 -5.040333
      vertex -0.230198 -0.569279 -4.881000
    endloop
  endfacet
  facet normal 0.000000 0.000000 0.000000
    outer loop
      vertex -0.230198 -0.569279 -4.881000
      vertex -0.230198 -0.569279 -5.040333
      vertex -0.159933 -0.399998 -5.040333
    endloop
  endfacet
  facet normal 0.000000 0.000000 0.000000
    outer loop
      vertex -0.230198 -0.569279 -4.881000
      vertex -0.159933 -0.399998 -5.040333
      vertex -0.159933 -0.399998 -4.881000
    endloop
  endfacet
  facet normal 0.000000 0.000000 0.000000
    outer loop
      vertex -0.959600 -0.399998 -4.881000
      vertex -0.959600 -0.399998 -5.040333
      vertex -1.029865 -0.230717 -5.040333
    endloop
  endfacet
  facet normal 0.000000 0.000000 0.000000
    outer loop
      vertex -0.959600 -0.399998 -4.881000
      vertex -1.029865 -0.230717 -5.040333
      vertex -1.029865 -0.230717 -4.881000
    endloop
  endfacet
  facet normal 0.000000 0.000000 0.000000
    outer loop
      vertex -1.029865 -0.230717 -4.881000
      vertex -1.029865 -0.230717 -5.040333
      vertex -1.199500 -0.160598 -5.040333
    endloop
  endfacet
  facet normal 0.000000 0.000000 0.000000
    outer loop
      vertex -1.029865 -0.230717 -4.881000
      vertex -1.199500 -0.160598 -5.040333
      vertex -1.199500 -0.160598 -4.881000
    endloop
  endfacet
  facet normal 0.000000 0.000000 0.000000
    outer loop
      vertex -1.199500 -0.160598 -4.881000
      vertex -1.199500 -0.160598 -5.040333
      vertex -1.369135 -0.230717 -5.040333
    endloop
  endfacet
  facet normal 0.000000 0.000000 0.000000
    outer loop
      vertex -1.199500 -0.160598 -4.881000
      vertex -1.369135 -0.230717 -5.040333
      vertex -1.369135 -0.230717 -4.881000
    endloop
  endfacet
  facet normal 0.000000 0.000000 0.000000
    outer loop
      vertex -1.369135 -0.230717 -4.881000
      vertex -1.369135 -0.230717 -5.040333
      vertex -1.439400 -0.399998 -5.040333
    endloop
  endfacet
  facet normal 0.000000 0.000000 0.000000
    outer loop
      vertex -1.369135 -0.230717 -4.881000
      vertex -1.439400 -0.399998 -5.040333
      vertex -1.439400 -0.399998 -4.881000
    endloop
  endfacet
  facet normal 0.000000 0.000000 0.000000
    outer loop
      vertex -1.439400 -0.399998 -4.881000
      vertex -1.439400 -0.399998 -5.040333
      vertex -1.369135 -0.569279 -5.040333
    endloop
  endfacet
  facet normal 0.000000 0.000000 0.000000
    outer loop
      vertex -1.439400 -0.399998 -4.881000
      vertex -1.369135 -0.569279 -5.040333
      vertex -1.369135 -0.569279 -4.881000
    endloop
  endfacet
  facet normal 0.000000 0.000000 0.000000
    outer loop
      vertex -1.369135 -0.569279 -4.881000
      vertex -1.369135 -0.569279 -5.040333
      vertex -1.199500 -0.639398 -5.040333
    endloop
  endfacet
  facet normal 0.000000 0.000000 0.000000
    outer loop
      vertex -1.369135 -0.569279 -4.881000
      vertex -1.199500 -0.639398 -5.040333
      vertex -1.199500 -0.639398 -4.881000
    endloop
  endfacet
  facet normal 0.000000 0.000000 0.000000
    outer loop
      vertex -1.199500 -0.639398 -4.881000
      vertex -1.199500 -0.639398 -5.040333
      vertex -1.029865 -0.569279 -5.040333
    endloop
  endfacet
  facet normal 0.000000 0.000000 0.000000
    outer loop
      vertex -1.199500 -0.639398 -4.881000
      vertex -1.029865 -0.569279 -5.040333
      vertex -1.029865 -0.569279 -4.881000
    endloop
  endfacet
  facet normal 0.000000 0.000000 0.000000
    outer loop
      vertex -1.029865 -0.569279 -4.881000
      vertex -1.029865 -0.569279 -5.040333
      vertex -0.959600 -0.399998 -5.040333
    endloop
  endfacet
  facet normal 0.000000 0.000000 0.000000
    outer loop
      vertex -1.029865 -0.569279 -4.881000
      vertex -0.959600 -0.399998 -5.040333
      vertex -0.959600 -0.399998 -4.881000
    endloop
  endfacet
  facet normal 0.000000 0.000000 0.000000
    outer loop
      vertex -1.759267 -0.399998 -4.881000
      vertex -1.759267 -0.399998 -5.040333
      vertex -1.829532 -0.230717 -5.040333
    endloop
  endfacet
  facet normal 0.000000 0.000000 0.000000
    outer loop
      vertex -1.759267 -0.399998 -4.881000
      vertex -1.829532 -0.230717 -5.040333
      vertex -1.829532 -0.230717 -4.881000
    endloop
  endfacet
  facet normal 0.000000 0.000000 0.000000
    outer loop
      vertex -1.829532 -0.230717 -4.881000
      vertex -1.829532 -0.230717 -5.040333
      vertex -1.999166 -0.160598 -5.040333
    endloop
  endfacet
  facet normal 0.000000 0.000000 0.000000
    outer loop
      vertex -1.829532 -0.230717 -4.881000
      vertex -1.999166 -0.160598 -5.040333
      vertex -1.999166 -0.160598 -4.881000
    endloop
  endfacet
  facet normal 0.000000 0.000000 0.000000
    outer loop
      vertex -1.999166 -0.160598 -4.881000
      vertex -1.999166 -0.160598 -5.040333
      vertex -2.168802 -0.230717 -5.040333
    endloop
  endfacet
  facet normal 0.000000 0.000000 0.000000
    outer loop
      vertex -1.999166 -0.160598 -4.881000
      vertex -2.168802 -0.230717 -5.040333
      vertex -2.168802 -0.230717 -4.881000
    endloop
  endfacet
  facet normal 0.000000 0.000000 0.000000
    outer loop
      vertex -2.168802 -0.230717 -4.881000
      vertex -2.168802 -0.230717 -5.040333
      vertex -2.239067 -0.399998 -5.040333
    endloop
  endfacet
  facet normal 0.000000 0.000000 0.000000
    outer loop
      vertex -2.168802 -0.230717 -4.881000
      vertex -2.239067 -0.399998 -5.040333
      vertex -2.239067 -0.399998 -4.881000
    endloop
  endfacet
  facet normal 0.000000 0.000000 0.000000
    outer loop
      vertex -2.239067 -0.399998 -4.881000
      vertex -2.239067 -0.399998 -5.040333
      vertex -2.168802 -0.569279 -5.040333
    endloop
  endfacet
  facet normal 0.000000 0.000000 0.000000
    outer loop
      vertex -2.239067 -0.399998 -4.881000
      vertex -2.168802 -0.569279 -5.040333
      vertex -2.168802 -0.569279 -4.881000
    endloop
  endfacet
  facet normal 0.000000 0.000000 0.000000
    outer loop
      vertex -2.168802 -0.569279 -4.881000
      vertex -2.168802 -0.569279 -5.040333
      vertex -1.999166 -0.639398 -5.040333
    endloop
  endfacet
  facet normal 0.000000 0.000000 0.000000
    outer loop
      vertex -2.168802 -0.569279 -4.881000
      vertex -1.999166 -0.639398 -5.040333
      vertex -1.999166 -0.639398 -4.881000
    endloop
  endfacet
  facet normal 0.000000 0.000000 0.000000
    outer loop
      vertex -1.999166 -0.639398 -4.881000
      vertex -1.999166 -0.639398 -5.040333
      vertex -1.829532 -0.569279 -5.040333
    endloop
  endfacet
  facet normal 0.000000 0.000000 0.000000
    outer loop
      vertex -1.999166 -0.639398 -4.881000
      vertex -1.829532 -0.569279 -5.040333
      vertex -1.829532 -0.569279 -4.881000
    endloop
  endfacet
  facet normal 0.000000 0.000000 0.000000
    outer loop
      vertex -1.829532 -0.569279 -4.881000
      vertex -1.829532 -0.569279 -5.040333
      vertex -1.759267 -0.399998 -5.040333
    endloop
  endfacet
  facet normal 0.000000 0.000000 0.000000
    outer loop
      vertex -1.829532 -0.569279 -4.881000
      vertex -1.759267 -0.399998 -5.040333
      vertex -1.759267 -0.399998 -4.881000
    endloop
  endfacet
  facet normal 0.000000 0.000000 0.000000
    outer loop
      vertex 1.999166 -0.399998 -4.881000
      vertex 2.239067 -0.399998 -4.881000
      vertex 2.168802 -0.230717 -4.881000
    endloop
  endfacet
  facet normal 0.000000 0.000000 0.000000
    outer loop
      vertex 1.999166 -0.399998 -4.881000
      vertex 2.168802 -0.230717 -4.881000
      vertex 1.999166 -0.160598 -4.881000
    endloop
  endfacet
  facet normal 0.000000 0.000000 0.000000
    outer loop
      vertex 1.999166 -0.399998 -4.881000
      vertex 1.999166 -0.160598 -4.881000
      vertex 1.829532 -0.230717 -4.881000
    endloop
  endfacet
  facet normal 0.000000 0.000000 0.000000
    outer loop
      vertex 1.999166 -0.399998 -4.881000
      vertex 1.829532 -0.230717 -4.881000
      vertex 1.759267 -0.399998 -4.881000
    endloop
  endfacet
  facet normal 0.000000 0.000000 0.000000
    outer loop
      vertex 1.999166 -0.399998 -4.881000
      vertex 1.759267 -0.399998 -4.881000
      vertex 1.829532 -0.569279 -4.881000
    endloop
  endfacet
  facet normal 0.000000 0.000000 0.000000
    outer loop
      vertex 1.999166 -0.399998 -4.881000
      vertex 1.829532 -0.569279 -4.881000
      vertex 1.999166 -0.639398 -4.881000
    endloop
  endfacet
  facet normal 0.000000 0.000000 0.000000
    outer loop
      vertex 1.999166 -0.399998 -4.881000
      vertex 1.999166 -0.639398 -4.881000
      vertex 2.168802 -0.569279 -4.881000
    endloop
  endfacet
  facet normal 0.000000 0.000000 0.000000
    outer loop
      vertex 1.999166 -0.399998 -4.881000
      vertex 2.168802 -0.569279 -4.881000
      vertex 2.239067 -0.399998 -4.881000
    endloop
  endfacet
  facet normal 0.000000 0.000000 0.000000
    outer loop
      vertex 1.199500 -0.399998 -4.881000
      vertex 1.439400 -0.399998 -4.881000
      vertex 1.369135 -0.230717 -4.881000
    endloop
  endfacet
  facet normal 0.000000 0.000000 0.000000
    outer loop
      vertex 1.199500 -0.399998 -4.881000
      vertex 1.369135 -0.230717 -4.881000
      vertex 1.199500 -0.160598 -4.881000
    endloop
  endfacet
  facet normal 0.000000 0.000000 0.000000
    outer loop
      vertex 1.199500 -0.399998 -4.881000
      vertex 1.199500 -0.160598 -4.881000
      vertex 1.029865 -0.230717 -4.881000
    endloop
  endfacet
  facet normal 0.000000 0.000000 0.000000
    outer loop
      vertex 1.199500 -0.399998 -4.881000
      vertex 1.029865 -0.230717 -4.881000
      vertex 0.959600 -0.399998 -4.881000
    endloop
  endfacet
  facet normal 0.000000 0.000000 0.000000
    outer loop
      vertex 1.199500 -0.399998 -4.881000
      vertex 0.959600 -0.399998 -4.881000
      vertex 1.029865 -0.569279 -4.881000
    endloop
  endfacet
  facet normal 0.000000 0.000000 0.000000
    outer loop
      vertex 1.199500 -0.399998 -4.881000
      vertex 1.029865 -0.569279 -4.881000
      vertex 1.199500 -0.639398 -4.881000
    endloop
  endfacet
  facet normal 0.000000 0.000000 0.000000
    outer loop
      vertex 1.199500 -0.399998 -4.881000
      vertex 1.199500 -0.639398 -4.881000
      vertex 1.369135 -0.569279 -4.881000
    endloop
  endfacet
  facet normal 0.000000 0.000000 0.000000
    outer loop
      vertex 1.199500 -0.399998 -4.881000
      vertex 1.369135 -0.569279 -4.881000
      vertex 1.439400 -0.399998 -4.881000
    endloop
  endfacet
  facet normal 0.000000 0.000000 0.000000
    outer loop
      vertex 0.399833 -0.399998 -4.881000
      vertex 0.639733 -0.399998 -4.881000
      vertex 0.569468 -0.230717 -4.881000
    endloop
  endfacet
  facet normal 0.000000 0.000000 0.000000
    outer loop
      vertex 0.399833 -0.399998 -4.881000
      vertex 0.569468 -0.230717 -4.881000
      vertex 0.399833 -0.160598 -4.881000
    endloop
  endfacet
  facet normal 0.000000 0.000000 0.000000
    outer loop
      vertex 0.399833 -0.399998 -4.881000
      vertex 0.399833 -0.160598 -4.881000
      vertex 0.230198 -0.230717 -4.881000
    endloop
  endfacet
  facet normal 0.000000 0.000000 0.000000
    outer loop
      vertex 0.399833 -0.399998 -4.881000
      vertex 0.230198 -0.230717 -4.881000
      vertex 0.159933 -0.399998 -4.881000
    endloop
  endfacet
  facet normal 0.000000 0.000000 0.000000
    outer loop
      vertex 0.399833 -0.399998 -4.881000
      vertex 0.159933 -0.399998 -4.881000
      vertex 0.230198 -0.569279 -4.881000
    endloop
  endfacet
  facet normal 0.000000 0.000000 0.000000
    outer loop
      vertex 0.399833 -0.399998 -4.881000
      vertex 0.230198 -0.569279 -4.881000
      vertex 0.399833 -0.639398 -4.881000
    endloop
  endfacet
  facet normal 0.000000 0.000000 0.000000
    outer loop
      vertex 0.399833 -0.399998 -4.881000
      vertex 0.399833 -0.639398 -4.881000
      vertex 0.569468 -0.569279 -4.881000
    endloop
  endfacet
  facet normal 0.000000 0.000000 0.000000
    outer loop
      vertex 0.399833 -0.399998 -4.881000
      vertex 0.569468 -0.569279 -4.881000
      vertex 0.639733 -0.399998 -4.881000
    endloop
  endfacet
  facet normal 0.000000 0.000000 0.000000
    outer loop
      vertex -0.399833 -0.399998 -4.881000
      vertex -0.159933 -0.399998 -4.881000
      vertex -0.230198 -0.230717 -4.881000
    endloop
  endfacet
  facet normal 0.000000 0.000000 0.000000
    outer loop
      vertex -0.399833 -0.399998 -4.881000
      vertex -0.230198 -0.230717 -4.881000
      vertex -0.399833 -0.160598 -4.881000
    endloop
  endfacet
  facet normal 0.000000 0.000000 0.000000
    outer loop
      vertex -0.399833 -0.399998 -4.881000
      vertex -0.399833 -0.160598 -4.881000
      vertex -0.569468 -0.230717 -4.881000
    endloop
  endfacet
  facet normal 0.000000 0.000000 0.000000
    outer loop
      vertex -0.399833 -0.399998 -4.881000
      vertex -0.569468 -0.230717 -4.881000
      vertex -0.639733 -0.399998 -4.881000
    endloop
  endfacet
  facet normal 0.000000 0.000000 0.000000
    outer loop
      vertex -0.399833 -0.399998 -4.881000
      vertex -0.639733 -0.399998 -4.881000
      vertex -0.569468 -0.569279 -4.881000
    endloop
  endfacet
  facet normal 0.000000 0.000000 0.000000
    outer loop
      vertex -0.399833 -0.399998 -4.881000
      vertex -0.569468 -0.569279 -4.881000
      vertex -0.399833 -0.639398 -4.881000
    endloop
  endfacet
  facet normal 0.000000 0.000000 0.000000
    outer loop
      vertex -0.399833 -0.399998 -4.881000
      vertex -0.399833 -0.639398 -4.881000
      vertex -0.230198 -0.569279 -4.881000
    endloop
  endfacet
  facet normal 0.000000 0.000000 0.000000
    outer loop
      vertex -0.399833 -0.399998 -4.881000
      vertex -0.230198 -0.569279 -4.881000
      vertex -0.159933 -0.399998 -4.881000
    endloop
  endfacet
  facet normal 0.000000 0.000000 0.000000
    outer loop
      vertex -1.199500 -0.399998 -4.881000
      vertex -0.959600 -0.399998 -4.881000
      vertex -1.029865 -0.230717 -4.881000
    endloop
  endfacet
  facet normal 0.000000 0.000000 0.000000
    outer loop
      vertex -1.199500 -0.399998 -4.881000
      vertex -1.029865 -0.230717 -4.881000
      vertex -1.199500 -0.160598 -4.881000
    endloop
  endfacet
  facet normal 0.000000 0.000000 0.000000
    outer loop
      vertex -1.199500 -0.399998 -4.881000
      vertex -1.199500 -0.160598 -4.881000
      vertex -1.369135 -0.230717 -4.881000
    endloop
  endfacet
  facet normal 0.000000 0.000000 0.000000
    outer loop
      vertex -1.199500 -0.399998 -4.881000
      vertex -1.369135 -0.230717 -4.881000
      vertex -1.439400 -0.399998 -4.881000
    endloop
  endfacet
  facet normal 0.000000 0.000000 0.000000
    outer loop
      vertex -1.199500 -0.399998 -4.881000
      vertex -1.439400 -0.399998 -4.881000
      vertex -1.369135 -0.569279 -4.881000
    endloop
  endfacet
  facet normal 0.000000 0.000000 0.000000
    outer loop
      vertex -1.199500 -0.399998 -4.881000
      vertex -1.369135 -0.569279 -4.881000
      vertex -1.199500 -0.639398 -4.881000
    endloop
  endfacet
  facet normal 0.000000 0.000000 0.000000
    outer loop
      vertex -1.199500 -0.399998 -4.881000
      vertex -1.199500 -0.639398 -4.881000
      vertex -1.029865 -0.569279 -4.881000
    endloop
  endfacet
  facet normal 0.000000 0.000000 0.000000
    outer loop
      vertex -1.199500 -0.399998 -4.881000
      vertex -1.029865 -0.569279 -4.881000
      vertex -0.959600 -0.399998 -4.881000
    endloop
  endfacet
  facet normal 0.000000 0.000000 0.000000
    outer loop
      vertex -1.999166 -0.399998 -4.881000
      vertex -1.759267 -0.399998 -4.881000
      vertex -1.829532 -0.230717 -4.881000
    endloop
  endfacet
  facet normal 0.000000 0.000000 0.000000
    outer loop
      vertex -1.999166 -0.399998 -4.881000
      vertex -1.829532 -0.230717 -4.881000
      vertex -1.999166 -0.160598 -4.881000
    endloop
  endfacet
  facet normal 0.000000 0.000000 0.000000
    outer loop
      vertex -1.999166 -0.399998 -4.881000
      vertex -1.999166 -0.160598 -4.881000
      vertex -2.168802 -0.230717 -4.881000
    endloop
  endfacet
  facet normal 0.000000 0.000000 0.000000
    outer loop
      vertex -1.999166 -0.399998 -4.881000
      vertex -2.168802 -0.230717 -4.881000
      vertex -2.239067 -0.399998 -4.881000
    endloop
  endfacet
  facet normal 0.000000 0.000000 0.000000
    outer loop
      vertex -1.999166 -0.399998 -4.881000
      vertex -2.239067 -0.399998 -4.881000
      vertex -2.168802 -0.569279 -4.881000
    endloop
  endfacet
  facet normal 0.000000 0.000000 0.000000
    outer loop
      vertex -1.999166 -0.399998 -4.881000
      vertex -2.168802 -0.569279 -4.881000
      vertex -1.999166 -0.639398 -4.881000
    endloop
  endfacet
  facet normal 0.000000 0.000000 0.000000
    outer loop
      vertex -1.999166 -0.399998 -4.881000
      vertex -1.999166 -0.639398 -4.881000
      vertex -1.829532 -0.569279 -4.881000
    endloop
  endfacet
  facet normal 0.000000 0.000000 0.000000
    outer loop
      vertex -1.999166 -0.399998 -4.881000
      vertex -1.829532 -0.569279 -4.881000
      vertex -1.759267 -0.399998 -4.881000
    endloop
  endfacet
  facet normal 0.000000 0.000000 0.000000
    outer loop
      vertex -2.399000 -0.798998 -5.039000
      vertex -1.601000 -0.798998 -5.039000
      vertex -1.601000 -0.798998 -4.080714
    endloop
  endfacet
  facet normal 0.000000 0.000000 0.000000
    outer loop
      vertex -2.399000 -0.798998 -5.039000
      vertex -1.601000 -0.798998 -4.080714
      vertex -2.399000 -0.798998 -4.080714
    endloop
  endfacet
  facet normal 0.000000 0.000000 0.000000
    outer loop
      vertex -1.601000 -0.798998 -5.039000
      vertex -1.760600 -0.639398 -5.039000
      vertex -1.760600 -0.160598 -5.039000
    endloop
  endfacet
  facet normal 0.000000 0.000000 0.000000
    outer loop
      vertex -1.601000 -0.798998 -5.039000
      vertex -1.760600 -0.160598 -5.039000
      vertex -1.601000 -0.000998 -5.039000
    endloop
  endfacet
  facet normal 0.000000 0.000000 0.000000
    outer loop
      vertex -1.601000 -0.000998 -5.039000
      vertex -1.760600 -0.160598 -5.039000
      vertex -2.239400 -0.160598 -5.039000
    endloop
  endfacet
  facet normal 0.000000 0.000000 0.000000
    outer loop
      vertex -1.601000 -0.000998 -5.039000
      vertex -2.239400 -0.160598 -5.039000
      vertex -2.399000 -0.000998 -5.039000
    endloop
  endfacet
  facet normal 0.000000 0.000000 0.000000
    outer loop
      vertex -2.399000 -0.000998 -5.039000
      vertex -2.239400 -0.160598 -5.039000
      vertex -2.239400 -0.639398 -5.039000
    endloop
  endfacet
  facet normal 0.000000 0.000000 0.000000
    outer loop
      vertex -2.399000 -0.000998 -5.039000
      vertex -2.239400 -0.639398 -5.039000
      vertex -2.399000 -0.798998 -5.039000
    endloop
  endfacet
  facet normal 0.000000 0.000000 0.000000
    outer loop
      vertex -2.399000 -0.798998 -5.039000
      vertex -2.239400 -0.639398 -5.039000
      vertex -1.760600 -0.639398 -5.039000
    endloop
  endfacet
  facet normal 0.000000 0.000000 0.000000
    outer loop
      vertex -2.399000 -0.798998 -5.039000
      vertex -1.760600 -0.639398 -5.039000
      vertex -1.601000 -0.798998 -5.039000
    endloop
  endfacet
  facet normal 0.000000 0.000000 0.000000
    outer loop
      vertex -1.760600 -0.160598 -4.240428
      vertex -1.760600 -0.639398 -4.240428
      vertex -2.239400 -0.639398 -4.240428
    endloop
  endfacet
  facet normal 0.000000 0.000000 0.000000
    outer loop
      vertex -1.760600 -0.160598 -4.240428
      vertex -2.239400 -0.639398 -4.240428
      vertex -2.239400 -0.160598 -4.240428
    endloop
  endfacet
  facet normal 0.000000 0.000000 0.000000
    outer loop
      vertex -1.760600 -0.160598 -4.240428
      vertex -1.760600 -0.160598 -5.039000
      vertex -1.760600 -0.639398 -5.039000
    endloop
  endfacet
  facet normal 0.000000 0.000000 0.000000
    outer loop
      vertex -1.760600 -0.160598 -4.240428
      vertex -1.760600 -0.639398 -5.039000
      vertex -1.760600 -0.639398 -4.240428
    endloop
  endfacet
  facet normal 0.000000 0.000000 0.000000
    outer loop
      vertex -2.239400 -0.160598 -4.240428
      vertex -2.239400 -0.160598 -5.039000
      vertex -1.760600 -0.160598 -5.039000
    endloop
  endfacet
  facet normal 0.000000 0.000000 0.000000
    outer loop
      vertex -2.239400 -0.160598 -4.240428
      vertex -1.760600 -0.160598 -5.039000
      vertex -1.760600 -0.160598 -4.240428
    endloop
  endfacet
  facet normal 0.000000 0.000000 0.000000
    outer loop
      vertex -2.239400 -0.639398 -4.240428
      vertex -2.239400 -0.639398 -5.039000
      vertex -2.239400 -0.160598 -5.039000
    endloop
  endfacet
  facet normal 0.000000 0.000000 0.000000
    outer loop
      vertex -2.239400 -0.639398 -4.240428
      vertex -2.239400 -0.160598 -5.039000
      vertex -2.239400 -0.160598 -4.240428
    endloop
  endfacet
  facet normal 0.000000 0.000000 0.000000
    outer loop
      vertex -1.760600 -0.639398 -4.240428
      vertex -1.760600 -0.639398 -5.039000
      vertex -2.239400 -0.639398 -5.039000
    endloop
  endfacet
  facet normal 0.000000 0.000000 0.000000
    outer loop
      vertex -1.760600 -0.639398 -4.240428
      vertex -2.239400 -0.639398 -5.039000
      vertex -2.239400 -0.639398 -4.240428
    endloop
  endfacet
  facet normal 0.000000 0.000000 0.000000
    outer loop
      vertex -1.601000 -0.798998 -5.039000
      vertex -1.601000 -0.000998 -5.039000
      vertex -1.601000 -0.000998 -4.080714
    endloop
  endfacet
  facet normal 0.000000 0.000000 0.000000
    outer loop
      vertex -1.601000 -0.798998 -5.039000
      vertex -1.601000 -0.000998 -4.080714
      vertex -1.601000 -0.798998 -4.080714
    endloop
  endfacet
  facet normal 0.000000 0.000000 0.000000
    outer loop
      vertex -2.399000 -0.000998 -5.039000
      vertex -2.399000 -0.798998 -5.039000
      vertex -2.399000 -0.798998 -4.080714
    endloop
  endfacet
  facet normal 0.000000 0.000000 0.000000
    outer loop
      vertex -2.399000 -0.000998 -5.039000
      vertex -2.399000 -0.798998 -4.080714
      vertex -2.399000 -0.000998 -4.080714
    endloop
  endfacet
  facet normal 0.000000 0.000000 0.000000
    outer loop
      vertex -1.601000 -0.000998 -5.039000
      vertex -2.399000 -0.000998 -5.039000
      vertex -2.399000 -0.000998 -4.080714
    endloop
  endfacet
  facet normal 0.000000 0.000000 0.000000
    outer loop
      vertex -1.601000 -0.000998 -5.039000
      vertex -2.399000 -0.000998 -4.080714
      vertex -1.601000 -0.000998 -4.080714
    endloop
  endfacet
  facet normal 0.000000 0.000000 0.000000
    outer loop
      vertex -2.399000 -0.000998 -4.080714
      vertex -2.399000 -0.798998 -4.080714
      vertex -1.601000 -0.798998 -4.080714
    endloop
  endfacet
  facet normal 0.000000 0.000000 0.000000
    outer loop
      vertex -2.399000 -0.000998 -4.080714
      vertex -1.601000 -0.798998 -4.080714
      vertex -1.601000 -0.000998 -4.080714
    endloop
  endfacet
  facet normal 0.000000 0.000000 0.000000
    outer loop
      vertex -2.000000 -0.639398 -3.921000
      vertex -2.000000 -0.639398 -4.080714
      vertex -1.830719 -0.569280 -4.080714
    endloop
  endfacet
  facet normal 0.000000 0.000000 0.000000
    outer loop
      vertex -2.000000 -0.639398 -3.921000
      vertex -1.830719 -0.569280 -4.080714
      vertex -1.830719 -0.569280 -3.921000
    endloop
  endfacet
  facet normal 0.000000 0.000000 0.000000
    outer loop
      vertex -1.830719 -0.569280 -3.921000
      vertex -1.830719 -0.569280 -4.080714
      vertex -1.760600 -0.399998 -4.080714
    endloop
  endfacet
  facet normal 0.000000 0.000000 0.000000
    outer loop
      vertex -1.830719 -0.569280 -3.921000
      vertex -1.760600 -0.399998 -4.080714
      vertex -1.760600 -0.399998 -3.921000
    endloop
  endfacet
  facet normal 0.000000 0.000000 0.000000
    outer loop
      vertex -1.760600 -0.399998 -3.921000
      vertex -1.760600 -0.399998 -4.080714
      vertex -1.830719 -0.230717 -4.080714
    endloop
  endfacet
  facet normal 0.000000 0.000000 0.000000
    outer loop
      vertex -1.760600 -0.399998 -3.921000
      vertex -1.830719 -0.230717 -4.080714
      vertex -1.830719 -0.230717 -3.921000
    endloop
  endfacet
  facet normal 0.000000 0.000000 0.000000
    outer loop
      vertex -1.830719 -0.230717 -3.921000
      vertex -1.830719 -0.230717 -4.080714
      vertex -2.000000 -0.160598 -4.080714
    endloop
  endfacet
  facet normal 0.000000 0.000000 0.000000
    outer loop
      vertex -1.830719 -0.230717 -3.921000
      vertex -2.000000 -0.160598 -4.080714
      vertex -2.000000 -0.160598 -3.921000
    endloop
  endfacet
  facet normal 0.000000 0.000000 0.000000
    outer loop
      vertex -2.000000 -0.160598 -3.921000
      vertex -2.000000 -0.160598 -4.080714
      vertex -2.169281 -0.230717 -4.080714
    endloop
  endfacet
  facet normal 0.000000 0.000000 0.000000
    outer loop
      vertex -2.000000 -0.160598 -3.921000
      vertex -2.169281 -0.230717 -4.080714
      vertex -2.169281 -0.230717 -3.921000
    endloop
  endfacet
  facet normal 0.000000 0.000000 0.000000
    outer loop
      vertex -2.169281 -0.230717 -3.921000
      vertex -2.169281 -0.230717 -4.080714
      vertex -2.239400 -0.399998 -4.080714
    endloop
  endfacet
  facet normal 0.000000 0.000000 0.000000
    outer loop
      vertex -2.169281 -0.230717 -3.921000
      vertex -2.239400 -0.399998 -4.080714
      vertex -2.239400 -0.399998 -3.921000
    endloop
  endfacet
  facet normal 0.000000 0.000000 0.000000
    outer loop
      vertex -2.239400 -0.399998 -3.921000
      vertex -2.239400 -0.399998 -4.080714
      vertex -2.169281 -0.569280 -4.080714
    endloop
  endfacet
  facet normal 0.000000 0.000000 0.000000
    outer loop
      vertex -2.239400 -0.399998 -3.921000
      vertex -2.169281 -0.569280 -4.080714
      vertex -2.169281 -0.569280 -3.921000
    endloop
  endfacet
  facet normal 0.000000 0.000000 0.000000
    outer loop
      vertex -2.169281 -0.569280 -3.921000
      vertex -2.169281 -0.569280 -4.080714
      vertex -2.000000 -0.639398 -4.080714
    endloop
  endfacet
  facet normal 0.000000 0.000000 0.000000
    outer loop
      vertex -2.169281 -0.569280 -3.921000
      vertex -2.000000 -0.639398 -4.080714
      vertex -2.000000 -0.639398 -3.921000
    endloop
  endfacet
  facet normal 0.000000 0.000000 0.000000
    outer loop
      vertex -2.000000 -0.399998 -3.921000
      vertex -2.000000 -0.639398 -3.921000
      vertex -1.830719 -0.569280 -3.921000
    endloop
  endfacet
  facet normal 0.000000 0.000000 0.000000
    outer loop
      vertex -2.000000 -0.399998 -3.921000
      vertex -1.830719 -0.569280 -3.921000
      vertex -1.760600 -0.399998 -3.921000
    endloop
  endfacet
  facet normal 0.000000 0.000000 0.000000
    outer loop
      vertex -2.000000 -0.399998 -3.921000
      vertex -1.760600 -0.399998 -3.921000
      vertex -1.830719 -0.230717 -3.921000
    endloop
  endfacet
  facet normal 0.000000 0.000000 0.000000
    outer loop
      vertex -2.000000 -0.399998 -3.921000
      vertex -1.830719 -0.230717 -3.921000
      vertex -2.000000 -0.160598 -3.921000
    endloop
  endfacet
  facet normal 0.000000 0.000000 0.000000
    outer loop
      vertex -2.000000 -0.399998 -3.921000
      vertex -2.000000 -0.160598 -3.921000
      vertex -2.169281 -0.230717 -3.921000
    endloop
  endfacet
  facet normal 0.000000 0.000000 0.000000
    outer loop
      vertex -2.000000 -0.399998 -3.921000
      vertex -2.169281 -0.230717 -3.921000
      vertex -2.239400 -0.399998 -3.921000
    endloop
  endfacet
  facet normal 0.000000 0.000000 0.000000
    outer loop
      vertex -2.000000 -0.399998 -3.921000
      vertex -2.239400 -0.399998 -3.921000
      vertex -2.169281 -0.569280 -3.921000
    endloop
  endfacet
  facet normal 0.000000 0.000000 0.000000
    outer loop
      vertex -2.000000 -0.399998 -3.921000
      vertex -2.169281 -0.569280 -3.921000
      vertex -2.000000 -0.639398 -3.921000
    endloop
  endfacet
  facet normal 0.000000 0.000000 0.000000
    outer loop
      vertex 1.759267 -0.399998 -5.678999
      vertex 1.712423 -0.512852 -5.678999
      vertex 1.599333 -0.399998 -5.678999
    endloop
  endfacet
  facet normal 0.000000 0.000000 0.000000
    outer loop
      vertex 1.712423 -0.512852 -5.678999
      vertex 1.599333 -0.559598 -5.678999
      vertex 1.599333 -0.399998 -5.678999
    endloop
  endfacet
  facet normal 0.000000 0.000000 0.000000
    outer loop
      vertex 1.599333 -0.559598 -5.678999
      vertex 1.486243 -0.512852 -5.678999
      vertex 1.599333 -0.399998 -5.678999
    endloop
  endfacet
  facet normal 0.000000 0.000000 0.000000
    outer loop
      vertex 1.486243 -0.512852 -5.678999
      vertex 1.439400 -0.399998 -5.678999
      vertex 1.599333 -0.399998 -5.678999
    endloop
  endfacet
  facet normal 0.000000 0.000000 0.000000
    outer loop
      vertex 1.439400 -0.399998 -5.678999
      vertex 1.486243 -0.287144 -5.678999
      vertex 1.599333 -0.399998 -5.678999
    endloop
  endfacet
  facet normal 0.000000 0.000000 0.000000
    outer loop
      vertex 1.486243 -0.287144 -5.678999
      vertex 1.599333 -0.240398 -5.678999
      vertex 1.599333 -0.399998 -5.678999
    endloop
  endfacet
  facet normal 0.000000 0.000000 0.000000
    outer loop
      vertex 1.599333 -0.240398 -5.678999
      vertex 1.712423 -0.287144 -5.678999
      vertex 1.599333 -0.399998 -5.678999
    endloop
  endfacet
  facet normal 0.000000 0.000000 0.000000
    outer loop
      vertex 1.712423 -0.287144 -5.678999
      vertex 1.759267 -0.399998 -5.678999
      vertex 1.599333 -0.399998 -5.678999
    endloop
  endfacet
  facet normal 0.000000 0.000000 0.000000
    outer loop
      vertex 0.959600 -0.399998 -5.678999
      vertex 0.912757 -0.512852 -5.678999
      vertex 0.799667 -0.399998 -5.678999
    endloop
  endfacet
  facet normal 0.000000 0.000000 0.000000
    outer loop
      vertex 0.912757 -0.512852 -5.678999
      vertex 0.799667 -0.559598 -5.678999
      vertex 0.799667 -0.399998 -5.678999
    endloop
  endfacet
  facet normal 0.000000 0.000000 0.000000
    outer loop
      vertex 0.799667 -0.559598 -5.678999
      vertex 0.686577 -0.512852 -5.678999
      vertex 0.799667 -0.399998 -5.678999
    endloop
  endfacet
  facet normal 0.000000 0.000000 0.000000
    outer loop
      vertex 0.686577 -0.512852 -5.678999
      vertex 0.639733 -0.399998 -5.678999
      vertex 0.799667 -0.399998 -5.678999
    endloop
  endfacet
  facet normal 0.000000 0.000000 0.000000
    outer loop
      vertex 0.639733 -0.399998 -5.678999
      vertex 0.686577 -0.287144 -5.678999
      vertex 0.799667 -0.399998 -5.678999
    endloop
  endfacet
  facet normal 0.000000 0.000000 0.000000
    outer loop
      vertex 0.686577 -0.287144 -5.678999
      vertex 0.799667 -0.240398 -5.678999
      vertex 0.799667 -0.399998 -5.678999
    endloop
  endfacet
  facet normal 0.000000 0.000000 0.000000
    outer loop
      vertex 0.799667 -0.240398 -5.678999
      vertex 0.912757 -0.287144 -5.678999
      vertex 0.799667 -0.399998 -5.678999
    endloop
  endfacet
  facet normal 0.000000 0.000000 0.000000
    outer loop
      vertex 0.912757 -0.287144 -5.678999
      vertex 0.959600 -0.399998 -5.678999
      vertex 0.799667 -0.399998 -5.678999
    endloop
  endfacet
  facet normal 0.000000 0.000000 0.000000
    outer loop
      vertex 0.159933 -0.399998 -5.678999
      vertex 0.113090 -0.512852 -5.678999
      vertex 0.000000 -0.399998 -5.678999
    endloop
  endfacet
  facet normal 0.000000 0.000000 0.000000
    outer loop
      vertex 0.113090 -0.512852 -5.678999
      vertex 0.000000 -0.559598 -5.678999
      vertex 0.000000 -0.399998 -5.678999
    endloop
  endfacet
  facet normal 0.000000 0.000000 0.000000
    outer loop
      vertex 0.000000 -0.559598 -5.678999
      vertex -0.113090 -0.512852 -5.678999
      vertex 0.000000 -0.399998 -5.678999
    endloop
  endfacet
  facet normal 0.000000 0.000000 0.000000
    outer loop
      vertex -0.113090 -0.512852 -5.678999
      vertex -0.159933 -0.399998 -5.678999
      vertex 0.000000 -0.399998 -5.678999
    endloop
  endfacet
  facet normal 0.000000 0.000000 0.000000
    outer loop
      vertex -0.159933 -0.399998 -5.678999
      vertex -0.113090 -0.287144 -5.678999
      vertex 0.000000 -0.399998 -5.678999
    endloop
  endfacet
  facet normal 0.000000 0.000000 0.000000
    outer loop
      vertex -0.113090 -0.287144 -5.678999
      vertex -0.000000 -0.240398 -5.678999
      vertex 0.000000 -0.399998 -5.678999
    endloop
  endfacet
  facet normal 0.000000 0.000000 0.000000
    outer loop
      vertex -0.000000 -0.240398 -5.678999
      vertex 0.113090 -0.287144 -5.678999
      vertex 0.000000 -0.399998 -5.678999
    endloop
  endfacet
  facet normal 0.000000 0.000000 0.000000
    outer loop
      vertex 0.113090 -0.287144 -5.678999
      vertex 0.159933 -0.399998 -5.678999
      vertex 0.000000 -0.399998 -5.678999
    endloop
  endfacet
  facet normal 0.000000 0.000000 0.000000
    outer loop
      vertex -0.639733 -0.399998 -5.678999
      vertex -0.686577 -0.512852 -5.678999
      vertex -0.799667 -0.399998 -5.678999
    endloop
  endfacet
  facet normal 0.000000 0.000000 0.000000
    outer loop
      vertex -0.686577 -0.512852 -5.678999
      vertex -0.799667 -0.559598 -5.678999
      vertex -0.799667 -0.399998 -5.678999
    endloop
  endfacet
  facet normal 0.000000 0.000000 0.000000
    outer loop
      vertex -0.799667 -0.559598 -5.678999
      vertex -0.912757 -0.512852 -5.678999
      vertex -0.799667 -0.399998 -5.678999
    endloop
  endfacet
  facet normal 0.000000 0.000000 0.000000
    outer loop
      vertex -0.912757 -0.512852 -5.678999
      vertex -0.959600 -0.399998 -5.678999
      vertex -0.799667 -0.399998 -5.678999
    endloop
  endfacet
  facet normal 0.000000 0.000000 0.000000
    outer loop
      vertex -0.959600 -0.399998 -5.678999
      vertex -0.912757 -0.287144 -5.678999
      vertex -0.799667 -0.399998 -5.678999
    endloop
  endfacet
  facet normal 0.000000 0.000000 0.000000
    outer loop
      vertex -0.912757 -0.287144 -5.678999
      vertex -0.799667 -0.240398 -5.678999
      vertex -0.799667 -0.399998 -5.678999
    endloop
  endfacet
  facet normal 0.000000 0.000000 0.000000
    outer loop
      vertex -0.799667 -0.240398 -5.678999
      vertex -0.686577 -0.287144 -5.678999
      vertex -0.799667 -0.399998 -5.678999
    endloop
  endfacet
  facet normal 0.000000 0.000000 0.000000
    outer loop
      vertex -0.686577 -0.287144 -5.678999
      vertex -0.639733 -0.399998 -5.678999
      vertex -0.799667 -0.399998 -5.678999
    endloop
  endfacet
  facet normal 0.000000 0.000000 0.000000
    outer loop
      vertex -1.439400 -0.399998 -5.678999
      vertex -1.486243 -0.512852 -5.678999
      vertex -1.599333 -0.399998 -5.678999
    endloop
  endfacet
  facet normal 0.000000 0.000000 0.000000
    outer loop
      vertex -1.486243 -0.512852 -5.678999
      vertex -1.599333 -0.559598 -5.678999
      vertex -1.599333 -0.399998 -5.678999
    endloop
  endfacet
  facet normal 0.000000 0.000000 0.000000
    outer loop
      vertex -1.599333 -0.559598 -5.678999
      vertex -1.712423 -0.512852 -5.678999
      vertex -1.599333 -0.399998 -5.678999
    endloop
  endfacet
  facet normal 0.000000 0.000000 0.000000
    outer loop
      vertex -1.712423 -0.512852 -5.678999
      vertex -1.759267 -0.399998 -5.678999
      vertex -1.599333 -0.399998 -5.678999
    endloop
  endfacet
  facet normal 0.000000 0.000000 0.000000
    outer loop
      vertex -1.759267 -0.399998 -5.678999
      vertex -1.712423 -0.287144 -5.678999
      vertex -1.599333 -0.399998 -5.678999
    endloop
  endfacet
  facet normal 0.000000 0.000000 0.000000
    outer loop
      vertex -1.712423 -0.287144 -5.678999
      vertex -1.599333 -0.240398 -5.678999
      vertex -1.599333 -0.399998 -5.678999
    endloop
  endfacet
  facet normal 0.000000 0.000000 0.000000
    outer loop
      vertex -1.599333 -0.240398 -5.678999
      vertex -1.486243 -0.287144 -5.678999
      vertex -1.599333 -0.399998 -5.678999
    endloop
  endfacet
  facet normal 0.000000 0.000000 0.000000
    outer loop
      vertex -1.486243 -0.287144 -5.678999
      vertex -1.439400 -0.399998 -5.678999
      vertex -1.599333 -0.399998 -5.678999
    endloop
  endfacet
  facet normal 0.000000 0.000000 0.000000
    outer loop
      vertex 2.399000 -0.000998 -5.678999
      vertex 2.239067 -0.160598 -5.678999
      vertex -2.239067 -0.160598 -5.678999
    endloop
  endfacet
  facet normal 0.000000 0.000000 0.000000
    outer loop
      vertex 2.399000 -0.000998 -5.678999
      vertex -2.239067 -0.160598 -5.678999
      vertex -2.399000 -0.000998 -5.678999
    endloop
  endfacet
  facet normal 0.000000 0.000000 0.000000
    outer loop
      vertex -2.399000 -0.000998 -5.678999
      vertex -2.239067 -0.160598 -5.678999
      vertex -2.239067 -0.639398 -5.678999
    endloop
  endfacet
  facet normal 0.000000 0.000000 0.000000
    outer loop
      vertex -2.399000 -0.000998 -5.678999
      vertex -2.239067 -0.639398 -5.678999
      vertex -2.399000 -0.798998 -5.678999
    endloop
  endfacet
  facet normal 0.000000 0.000000 0.000000
    outer loop
      vertex -2.399000 -0.798998 -5.678999
      vertex -2.239067 -0.639398 -5.678999
      vertex 2.239067 -0.639398 -5.678999
    endloop
  endfacet
  facet normal 0.000000 0.000000 0.000000
    outer loop
      vertex -2.399000 -0.798998 -5.678999
      vertex 2.239067 -0.639398 -5.678999
      vertex 2.399000 -0.798998 -5.678999
    endloop
  endfacet
  facet normal 0.000000 0.000000 0.000000
    outer loop
      vertex 2.399000 -0.798998 -5.678999
      vertex 2.239067 -0.639398 -5.678999
      vertex 2.239067 -0.160598 -5.678999
    endloop
  endfacet
  facet normal 0.000000 0.000000 0.000000
    outer loop
      vertex 2.399000 -0.798998 -5.678999
      vertex 2.239067 -0.160598 -5.678999
      vertex 2.399000 -0.000998 -5.678999
    endloop
  endfacet
  facet normal 0.000000 0.000000 0.000000
    outer loop
      vertex 1.759267 -0.399998 -5.678999
      vertex 1.759267 -0.399998 -5.519667
      vertex 1.712423 -0.512852 -5.519667
    endloop
  endfacet
  facet normal 0.000000 0.000000 0.000000
    outer loop
      vertex 1.759267 -0.399998 -5.678999
      vertex 1.712423 -0.512852 -5.519667
      vertex 1.712423 -0.512852 -5.678999
    endloop
  endfacet
  facet normal 0.000000 0.000000 0.000000
    outer loop
      vertex 1.712423 -0.512852 -5.678999
      vertex 1.712423 -0.512852 -5.519667
      vertex 1.599333 -0.559598 -5.519667
    endloop
  endfacet
  facet normal 0.000000 0.000000 0.000000
    outer loop
      vertex 1.712423 -0.512852 -5.678999
      vertex 1.599333 -0.559598 -5.519667
      vertex 1.599333 -0.559598 -5.678999
    endloop
  endfacet
  facet normal 0.000000 0.000000 0.000000
    outer loop
      vertex 1.599333 -0.559598 -5.678999
      vertex 1.599333 -0.559598 -5.519667
      vertex 1.486243 -0.512852 -5.519667
    endloop
  endfacet
  facet normal 0.000000 0.000000 0.000000
    outer loop
      vertex 1.599333 -0.559598 -5.678999
      vertex 1.486243 -0.512852 -5.519667
      vertex 1.486243 -0.512852 -5.678999
    endloop
  endfacet
  facet normal 0.000000 0.000000 0.000000
    outer loop
      vertex 1.486243 -0.512852 -5.678999
      vertex 1.486243 -0.512852 -5.519667
      vertex 1.439400 -0.399998 -5.519667
    endloop
  endfacet
  facet normal 0.000000 0.000000 0.000000
    outer loop
      vertex 1.486243 -0.512852 -5.678999
      vertex 1.439400 -0.399998 -5.519667
      vertex 1.439400 -0.399998 -5.678999
    endloop
  endfacet
  facet normal 0.000000 0.000000 0.000000
    outer loop
      vertex 1.439400 -0.399998 -5.678999
      vertex 1.439400 -0.399998 -5.519667
      vertex 1.486243 -0.287144 -5.519667
    endloop
  endfacet
  facet normal 0.000000 0.000000 0.000000
    outer loop
      vertex 1.439400 -0.399998 -5.678999
      vertex 1.486243 -0.287144 -5.519667
      vertex 1.486243 -0.287144 -5.678999
    endloop
  endfacet
  facet normal 0.000000 0.000000 0.000000
    outer loop
      vertex 1.486243 -0.287144 -5.678999
      vertex 1.486243 -0.287144 -5.519667
      vertex 1.599333 -0.240398 -5.519667
    endloop
  endfacet
  facet normal 0.000000 0.000000 0.000000
    outer loop
      vertex 1.486243 -0.287144 -5.678999
      vertex 1.599333 -0.240398 -5.519667
      vertex 1.599333 -0.240398 -5.678999
    endloop
  endfacet
  facet normal 0.000000 0.000000 0.000000
    outer loop
      vertex 1.599333 -0.240398 -5.678999
      vertex 1.599333 -0.240398 -5.519667
      vertex 1.712423 -0.287144 -5.519667
    endloop
  endfacet
  facet normal 0.000000 0.000000 0.000000
    outer loop
      vertex 1.599333 -0.240398 -5.678999
      vertex 1.712423 -0.287144 -5.519667
      vertex 1.712423 -0.287144 -5.678999
    endloop
  endfacet
  facet normal 0.000000 0.000000 0.000000
    outer loop
      vertex 1.712423 -0.287144 -5.678999
      vertex 1.712423 -0.287144 -5.519667
      vertex 1.759267 -0.399998 -5.519667
    endloop
  endfacet
  facet normal 0.000000 0.000000 0.000000
    outer loop
      vertex 1.712423 -0.287144 -5.678999
      vertex 1.759267 -0.399998 -5.519667
      vertex 1.759267 -0.399998 -5.678999
    endloop
  endfacet
  facet normal 0.000000 0.000000 0.000000
    outer loop
      vertex 0.959600 -0.399998 -5.678999
      vertex 0.959600 -0.399998 -5.519667
      vertex 0.912757 -0.512852 -5.519667
    endloop
  endfacet
  facet normal 0.000000 0.000000 0.000000
    outer loop
      vertex 0.959600 -0.399998 -5.678999
      vertex 0.912757 -0.512852 -5.519667
      vertex 0.912757 -0.512852 -5.678999
    endloop
  endfacet
  facet normal 0.000000 0.000000 0.000000
    outer loop
      vertex 0.912757 -0.512852 -5.678999
      vertex 0.912757 -0.512852 -5.519667
      vertex 0.799667 -0.559598 -5.519667
    endloop
  endfacet
  facet normal 0.000000 0.000000 0.000000
    outer loop
      vertex 0.912757 -0.512852 -5.678999
      vertex 0.799667 -0.559598 -5.519667
      vertex 0.799667 -0.559598 -5.678999
    endloop
  endfacet
  facet normal 0.000000 0.000000 0.000000
    outer loop
      vertex 0.799667 -0.559598 -5.678999
      vertex 0.799667 -0.559598 -5.519667
      vertex 0.686577 -0.512852 -5.519667
    endloop
  endfacet
  facet normal 0.000000 0.000000 0.000000
    outer loop
      vertex 0.799667 -0.559598 -5.678999
      vertex 0.686577 -0.512852 -5.519667
      vertex 0.686577 -0.512852 -5.678999
    endloop
  endfacet
  facet normal 0.000000 0.000000 0.000000
    outer loop
      vertex 0.686577 -0.512852 -5.678999
      vertex 0.686577 -0.512852 -5.519667
      vertex 0.639733 -0.399998 -5.519667
    endloop
  endfacet
  facet normal 0.000000 0.000000 0.000000
    outer loop
      vertex 0.686577 -0.512852 -5.678999
      vertex 0.639733 -0.399998 -5.519667
      vertex 0.639733 -0.399998 -5.678999
    endloop
  endfacet
  facet normal 0.000000 0.000000 0.000000
    outer loop
      vertex 0.639733 -0.399998 -5.678999
      vertex 0.639733 -0.399998 -5.519667
      vertex 0.686577 -0.287144 -5.519667
    endloop
  endfacet
  facet normal 0.000000 0.000000 0.000000
    outer loop
      vertex 0.639733 -0.399998 -5.678999
      vertex 0.686577 -0.287144 -5.519667
      vertex 0.686577 -0.287144 -5.678999
    endloop
  endfacet
  facet normal 0.000000 0.000000 0.000000
    outer loop
      vertex 0.686577 -0.287144 -5.678999
      vertex 0.686577 -0.287144 -5.519667
      vertex 0.799667 -0.240398 -5.519667
    endloop
  endfacet
  facet normal 0.000000 0.000000 0.000000
    outer loop
      vertex 0.686577 -0.287144 -5.678999
      vertex 0.799667 -0.240398 -5.519667
      vertex 0.799667 -0.240398 -5.678999
    endloop
  endfacet
  facet normal 0.000000 0.000000 0.000000
    outer loop
      vertex 0.799667 -0.240398 -5.678999
      vertex 0.799667 -0.240398 -5.519667
      vertex 0.912757 -0.287144 -5.519667
    endloop
  endfacet
  facet normal 0.000000 0.000000 0.000000
    outer loop
      vertex 0.799667 -0.240398 -5.678999
      vertex 0.912757 -0.287144 -5.519667
      vertex 0.912757 -0.287144 -5.678999
    endloop
  endfacet
  facet normal 0.000000 0.000000 0.000000
    outer loop
      vertex 0.912757 -0.287144 -5.678999
      vertex 0.912757 -0.287144 -5.519667
      vertex 0.959600 -0.399998 -5.519667
    endloop
  endfacet
  facet normal 0.000000 0.000000 0.000000
    outer loop
      vertex 0.912757 -0.287144 -5.678999
      vertex 0.959600 -0.399998 -5.519667
      vertex 0.959600 -0.399998 -5.678999
    endloop
  endfacet
  facet normal 0.000000 0.000000 0.000000
    outer loop
      vertex 0.159933 -0.399998 -5.678999
      vertex 0.159933 -0.399998 -5.519667
      vertex 0.113090 -0.512852 -5.519667
    endloop
  endfacet
  facet normal 0.000000 0.000000 0.000000
    outer loop
      vertex 0.159933 -0.399998 -5.678999
      vertex 0.113090 -0.512852 -5.519667
      vertex 0.113090 -0.512852 -5.678999
    endloop
  endfacet
  facet normal 0.000000 0.000000 0.000000
    outer loop
      vertex 0.113090 -0.512852 -5.678999
      vertex 0.113090 -0.512852 -5.519667
      vertex 0.000000 -0.559598 -5.519667
    endloop
  endfacet
  facet normal 0.000000 0.000000 0.000000
    outer loop
      vertex 0.113090 -0.512852 -5.678999
      vertex 0.000000 -0.559598 -5.519667
      vertex 0.000000 -0.559598 -5.678999
    endloop
  endfacet
  facet normal 0.000000 0.000000 0.000000
    outer loop
      vertex 0.000000 -0.559598 -5.678999
      vertex 0.000000 -0.559598 -5.519667
      vertex -0.113090 -0.512852 -5.519667
    endloop
  endfacet
  facet normal 0.000000 0.000000 0.000000
    outer loop
      vertex 0.000000 -0.559598 -5.678999
      vertex -0.113090 -0.512852 -5.519667
      vertex -0.113090 -0.512852 -5.678999
    endloop
  endfacet
  facet normal 0.000000 0.000000 0.000000
    outer loop
      vertex -0.113090 -0.512852 -5.678999
      vertex -0.113090 -0.512852 -5.519667
      vertex -0.159933 -0.399998 -5.519667
    endloop
  endfacet
  facet normal 0.000000 0.000000 0.000000
    outer loop
      vertex -0.113090 -0.512852 -5.678999
      vertex -0.159933 -0.399998 -5.519667
      vertex -0.159933 -0.399998 -5.678999
    endloop
  endfacet
  facet normal 0.000000 0.000000 0.000000
    outer loop
      vertex -0.159933 -0.399998 -5.678999
      vertex -0.159933 -0.399998 -5.519667
      vertex -0.113090 -0.287144 -5.519667
    endloop
  endfacet
  facet normal 0.000000 0.000000 0.000000
    outer loop
      vertex -0.159933 -0.399998 -5.678999
      vertex -0.113090 -0.287144 -5.519667
      vertex -0.113090 -0.287144 -5.678999
    endloop
  endfacet
  facet normal 0.000000 0.000000 0.000000
    outer loop
      vertex -0.113090 -0.287144 -5.678999
      vertex -0.113090 -0.287144 -5.519667
      vertex -0.000000 -0.240398 -5.519667
    endloop
  endfacet
  facet normal 0.000000 0.000000 0.000000
    outer loop
      vertex -0.113090 -0.287144 -5.678999
      vertex -0.000000 -0.240398 -5.519667
      vertex -0.000000 -0.240398 -5.678999
    endloop
  endfacet
  facet normal 0.000000 0.000000 0.000000
    outer loop
      vertex -0.000000 -0.240398 -5.678999
      vertex -0.000000 -0.240398 -5.519667
      vertex 0.113090 -0.287144 -5.519667
    endloop
  endfacet
  facet normal 0.000000 0.000000 0.000000
    outer loop
      vertex -0.000000 -0.240398 -5.678999
      vertex 0.113090 -0.287144 -5.519667
      vertex 0.113090 -0.287144 -5.678999
    endloop
  endfacet
  facet normal 0.000000 0.000000 0.000000
    outer loop
      vertex 0.113090 -0.287144 -5.678999
      vertex 0.113090 -0.287144 -5.519667
      vertex 0.159933 -0.399998 -5.519667
    endloop
  endfacet
  facet normal 0.000000 0.000000 0.000000
    outer loop
      vertex 0.113090 -0.287144 -5.678999
      vertex 0.159933 -0.399998 -5.519667
      vertex 0.159933 -0.399998 -5.678999
    endloop
  endfacet
  facet normal 0.000000 0.000000 0.000000
    outer loop
      vertex -0.639733 -0.399998 -5.678999
      vertex -0.639733 -0.399998 -5.519667
      vertex -0.686577 -0.512852 -5.519667
    endloop
  endfacet
  facet normal 0.000000 0.000000 0.000000
    outer loop
      vertex -0.639733 -0.399998 -5.678999
      vertex -0.686577 -0.512852 -5.519667
      vertex -0.686577 -0.512852 -5.678999
    endloop
  endfacet
  facet normal 0.000000 0.000000 0.000000
    outer loop
      vertex -0.686577 -0.512852 -5.678999
      vertex -0.686577 -0.512852 -5.519667
      vertex -0.799667 -0.559598 -5.519667
    endloop
  endfacet
  facet normal 0.000000 0.000000 0.000000
    outer loop
      vertex -0.686577 -0.512852 -5.678999
      vertex -0.799667 -0.559598 -5.519667
      vertex -0.799667 -0.559598 -5.678999
    endloop
  endfacet
  facet normal 0.000000 0.000000 0.000000
    outer loop
      vertex -0.799667 -0.559598 -5.678999
      vertex -0.799667 -0.559598 -5.519667
      vertex -0.912757 -0.512852 -5.519667
    endloop
  endfacet
  facet normal 0.000000 0.000000 0.000000
    outer loop
      vertex -0.799667 -0.559598 -5.678999
      vertex -0.912757 -0.512852 -5.519667
      vertex -0.912757 -0.512852 -5.678999
    endloop
  endfacet
  facet normal 0.000000 0.000000 0.000000
    outer loop
      vertex -0.912757 -0.512852 -5.678999
      vertex -0.912757 -0.512852 -5.519667
      vertex -0.959600 -0.399998 -5.519667
    endloop
  endfacet
  facet normal 0.000000 0.000000 0.000000
    outer loop
      vertex -0.912757 -0.512852 -5.678999
      vertex -0.959600 -0.399998 -5.519667
      vertex -0.959600 -0.399998 -5.678999
    endloop
  endfacet
  facet normal 0.000000 0.000000 0.000000
    outer loop
      vertex -0.959600 -0.399998 -5.678999
      vertex -0.959600 -0.399998 -5.519667
      vertex -0.912757 -0.287144 -5.519667
    endloop
  endfacet
  facet normal 0.000000 0.000000 0.000000
    outer loop
      vertex -0.959600 -0.399998 -5.678999
      vertex -0.912757 -0.287144 -5.519667
      vertex -0.912757 -0.287144 -5.678999
    endloop
  endfacet
  facet normal 0.000000 0.000000 0.000000
    outer loop
      vertex -0.912757 -0.287144 -5.678999
      vertex -0.912757 -0.287144 -5.519667
      vertex -0.799667 -0.240398 -5.519667
    endloop
  endfacet
  facet normal 0.000000 0.000000 0.000000
    outer loop
      vertex -0.912757 -0.287144 -5.678999
      vertex -0.799667 -0.240398 -5.519667
      vertex -0.799667 -0.240398 -5.678999
    endloop
  endfacet
  facet normal 0.000000 0.000000 0.000000
    outer loop
      vertex -0.799667 -0.240398 -5.678999
      vertex -0.799667 -0.240398 -5.519667
      vertex -0.686577 -0.287144 -5.519667
    endloop
  endfacet
  facet normal 0.000000 0.000000 0.000000
    outer loop
      vertex -0.799667 -0.240398 -5.678999
      vertex -0.686577 -0.287144 -5.519667
      vertex -0.686577 -0.287144 -5.678999
    endloop
  endfacet
  facet normal 0.000000 0.000000 0.000000
    outer loop
      vertex -0.686577 -0.287144 -5.678999
      vertex -0.686577 -0.287144 -5.519667
      vertex -0.639733 -0.399998 -5.519667
    endloop
  endfacet
  facet normal 0.000000 0.000000 0.000000
    outer loop
      vertex -0.686577 -0.287144 -5.678999
      vertex -0.639733 -0.399998 -5.519667
      vertex -0.639733 -0.399998 -5.678999
    endloop
  endfacet
  facet normal 0.000000 0.000000 0.000000
    outer loop
      vertex -1.439400 -0.399998 -5.678999
      vertex -1.439400 -0.399998 -5.519667
      vertex -1.486243 -0.512852 -5.519667
    endloop
  endfacet
  facet normal 0.000000 0.000000 0.000000
    outer loop
      vertex -1.439400 -0.399998 -5.678999
      vertex -1.486243 -0.512852 -5.519667
      vertex -1.486243 -0.512852 -5.678999
    endloop
  endfacet
  facet normal 0.000000 0.000000 0.000000
    outer loop
      vertex -1.486243 -0.512852 -5.678999
      vertex -1.486243 -0.512852 -5.519667
      vertex -1.599333 -0.559598 -5.519667
    endloop
  endfacet
  facet normal 0.000000 0.000000 0.000000
    outer loop
      vertex -1.486243 -0.512852 -5.678999
      vertex -1.599333 -0.559598 -5.519667
      vertex -1.599333 -0.559598 -5.678999
    endloop
  endfacet
  facet normal 0.000000 0.000000 0.000000
    outer loop
      vertex -1.599333 -0.559598 -5.678999
      vertex -1.599333 -0.559598 -5.519667
      vertex -1.712423 -0.512852 -5.519667
    endloop
  endfacet
  facet normal 0.000000 0.000000 0.000000
    outer loop
      vertex -1.599333 -0.559598 -5.678999
      vertex -1.712423 -0.512852 -5.519667
      vertex -1.712423 -0.512852 -5.678999
    endloop
  endfacet
  facet normal 0.000000 0.000000 0.000000
    outer loop
      vertex -1.712423 -0.512852 -5.678999
      vertex -1.712423 -0.512852 -5.519667
      vertex -1.759267 -0.399998 -5.519667
    endloop
  endfacet
  facet normal 0.000000 0.000000 0.000000
    outer loop
      vertex -1.712423 -0.512852 -5.678999
      vertex -1.759267 -0.399998 -5.519667
      vertex -1.759267 -0.399998 -5.678999
    endloop
  endfacet
  facet normal 0.000000 0.000000 0.000000
    outer loop
      vertex -1.759267 -0.399998 -5.678999
      vertex -1.759267 -0.399998 -5.519667
      vertex -1.712423 -0.287144 -5.519667
    endloop
  endfacet
  facet normal 0.000000 0.000000 0.000000
    outer loop
      vertex -1.759267 -0.399998 -5.678999
      vertex -1.712423 -0.287144 -5.519667
      vertex -1.712423 -0.287144 -5.678999
    endloop
  endfacet
  facet normal 0.000000 0.000000 0.000000
    outer loop
      vertex -1.712423 -0.287144 -5.678999
      vertex -1.712423 -0.287144 -5.519667
      vertex -1.599333 -0.240398 -5.519667
    endloop
  endfacet
  facet normal 0.000000 0.000000 0.000000
    outer loop
      vertex -1.712423 -0.287144 -5.678999
      vertex -1.599333 -0.240398 -5.519667
      vertex -1.599333 -0.240398 -5.678999
    endloop
  endfacet
  facet normal 0.000000 0.000000 0.000000
    outer loop
      vertex -1.599333 -0.240398 -5.678999
      vertex -1.599333 -0.240398 -5.519667
      vertex -1.486243 -0.287144 -5.519667
    endloop
  endfacet
  facet normal 0.000000 0.000000 0.000000
    outer loop
      vertex -1.599333 -0.240398 -5.678999
      vertex -1.486243 -0.287144 -5.519667
      vertex -1.486243 -0.287144 -5.678999
    endloop
  endfacet
  facet normal 0.000000 0.000000 0.000000
    outer loop
      vertex -1.486243 -0.287144 -5.678999
      vertex -1.486243 -0.287144 -5.519667
      vertex -1.439400 -0.399998 -5.519667
    endloop
  endfacet
  facet normal 0.000000 0.000000 0.000000
    outer loop
      vertex -1.486243 -0.287144 -5.678999
      vertex -1.439400 -0.399998 -5.519667
      vertex -1.439400 -0.399998 -5.678999
    endloop
  endfacet
  facet normal 0.000000 0.000000 0.000000
    outer loop
      vertex -2.239067 -0.160598 -5.519667
      vertex 2.239067 -0.160598 -5.519667
      vertex 2.239067 -0.639398 -5.519667
    endloop
  endfacet
  facet normal 0.000000 0.000000 0.000000
    outer loop
      vertex -2.239067 -0.160598 -5.519667
      vertex 2.239067 -0.639398 -5.519667
      vertex -2.239067 -0.639398 -5.519667
    endloop
  endfacet
  facet normal 0.000000 0.000000 0.000000
    outer loop
      vertex -2.239067 -0.160598 -5.519667
      vertex -2.239067 -0.160598 -5.678999
      vertex 2.239067 -0.160598 -5.678999
    endloop
  endfacet
  facet normal 0.000000 0.000000 0.000000
    outer loop
      vertex -2.239067 -0.160598 -5.519667
      vertex 2.239067 -0.160598 -5.678999
      vertex 2.239067 -0.160598 -5.519667
    endloop
  endfacet
  facet normal 0.000000 0.000000 0.000000
    outer loop
      vertex -2.239067 -0.639398 -5.519667
      vertex -2.239067 -0.639398 -5.678999
      vertex -2.239067 -0.160598 -5.678999
    endloop
  endfacet
  facet normal 0.000000 0.000000 0.000000
    outer loop
      vertex -2.239067 -0.639398 -5.519667
      vertex -2.239067 -0.160598 -5.678999
      vertex -2.239067 -0.160598 -5.519667
    endloop
  endfacet
  facet normal 0.000000 0.000000 0.000000
    outer loop
      vertex 2.239067 -0.639398 -5.519667
      vertex 2.239067 -0.639398 -5.678999
      vertex -2.239067 -0.639398 -5.678999
    endloop
  endfacet
  facet normal 0.000000 0.000000 0.000000
    outer loop
      vertex 2.239067 -0.639398 -5.519667
      vertex -2.239067 -0.639398 -5.678999
      vertex -2.239067 -0.639398 -5.519667
    endloop
  endfacet
  facet normal 0.000000 0.000000 0.000000
    outer loop
      vertex 2.239067 -0.160598 -5.519667
      vertex 2.239067 -0.160598 -5.678999
      vertex 2.239067 -0.639398 -5.678999
    endloop
  endfacet
  facet normal 0.000000 0.000000 0.000000
    outer loop
      vertex 2.239067 -0.160598 -5.519667
      vertex 2.239067 -0.639398 -5.678999
      vertex 2.239067 -0.639398 -5.519667
    endloop
  endfacet
  facet normal 0.000000 0.000000 0.000000
    outer loop
      vertex 2.399000 -0.798998 -5.360333
      vertex 2.399000 -0.798998 -5.678999
      vertex 2.399000 -0.000998 -5.678999
    endloop
  endfacet
  facet normal 0.000000 0.000000 0.000000
    outer loop
      vertex 2.399000 -0.798998 -5.360333
      vertex 2.399000 -0.000998 -5.678999
      vertex 2.399000 -0.000998 -5.360333
    endloop
  endfacet
  facet normal 0.000000 0.000000 0.000000
    outer loop
      vertex -2.399000 -0.798998 -5.360333
      vertex -2.399000 -0.798998 -5.678999
      vertex 2.399000 -0.798998 -5.678999
    endloop
  endfacet
  facet normal 0.000000 0.000000 0.000000
    outer loop
      vertex -2.399000 -0.798998 -5.360333
      vertex 2.399000 -0.798998 -5.678999
      vertex 2.399000 -0.798998 -5.360333
    endloop
  endfacet
  facet normal 0.000000 0.000000 0.000000
    outer loop
      vertex -2.399000 -0.000998 -5.360333
      vertex -2.399000 -0.000998 -5.678999
      vertex -2.399000 -0.798998 -5.678999
    endloop
  endfacet
  facet normal 0.000000 0.000000 0.000000
    outer loop
      vertex -2.399000 -0.000998 -5.360333
      vertex -2.399000 -0.798998 -5.678999
      vertex -2.399000 -0.798998 -5.360333
    endloop
  endfacet
  facet normal 0.000000 0.000000 0.000000
    outer loop
      vertex 2.399000 -0.000998 -5.360333
      vertex 2.399000 -0.000998 -5.678999
      vertex -2.399000 -0.000998 -5.678999
    endloop
  endfacet
  facet normal 0.000000 0.000000 0.000000
    outer loop
      vertex 2.399000 -0.000998 -5.360333
      vertex -2.399000 -0.000998 -5.678999
      vertex -2.399000 -0.000998 -5.360333
    endloop
  endfacet
  facet normal 0.000000 0.000000 0.000000
    outer loop
      vertex -2.399000 -0.798998 -5.360333
      vertex 2.399000 -0.798998 -5.360333
      vertex 2.399000 -0.000998 -5.360333
    endloop
  endfacet
  facet normal 0.000000 0.000000 0.000000
    outer loop
      vertex -2.399000 -0.798998 -5.360333
      vertex 2.399000 -0.000998 -5.360333
      vertex -2.399000 -0.000998 -5.360333
    endloop
  endfacet
  facet normal 0.000000 0.000000 0.000000
    outer loop
      vertex 2.239067 -0.399998 -5.201000
      vertex 2.239067 -0.399998 -5.360333
      vertex 2.168802 -0.230717 -5.360333
    endloop
  endfacet
  facet normal 0.000000 0.000000 0.000000
    outer loop
      vertex 2.239067 -0.399998 -5.201000
      vertex 2.168802 -0.230717 -5.360333
      vertex 2.168802 -0.230717 -5.201000
    endloop
  endfacet
  facet normal 0.000000 0.000000 0.000000
    outer loop
      vertex 2.168802 -0.230717 -5.201000
      vertex 2.168802 -0.230717 -5.360333
      vertex 1.999166 -0.160598 -5.360333
    endloop
  endfacet
  facet normal 0.000000 0.000000 0.000000
    outer loop
      vertex 2.168802 -0.230717 -5.201000
      vertex 1.999166 -0.160598 -5.360333
      vertex 1.999166 -0.160598 -5.201000
    endloop
  endfacet
  facet normal 0.000000 0.000000 0.000000
    outer loop
      vertex 1.999166 -0.160598 -5.201000
      vertex 1.999166 -0.160598 -5.360333
      vertex 1.829532 -0.230717 -5.360333
    endloop
  endfacet
  facet normal 0.000000 0.000000 0.000000
    outer loop
      vertex 1.999166 -0.160598 -5.201000
      vertex 1.829532 -0.230717 -5.360333
      vertex 1.829532 -0.230717 -5.201000
    endloop
  endfacet
  facet normal 0.000000 0.000000 0.000000
    outer loop
      vertex 1.829532 -0.230717 -5.201000
      vertex 1.829532 -0.230717 -5.360333
      vertex 1.759267 -0.399998 -5.360333
    endloop
  endfacet
  facet normal 0.000000 0.000000 0.000000
    outer loop
      vertex 1.829532 -0.230717 -5.201000
      vertex 1.759267 -0.399998 -5.360333
      vertex 1.759267 -0.399998 -5.201000
    endloop
  endfacet
  facet normal 0.000000 0.000000 0.000000
    outer loop
      vertex 1.759267 -0.399998 -5.201000
      vertex 1.759267 -0.399998 -5.360333
      vertex 1.829532 -0.569279 -5.360333
    endloop
  endfacet
  facet normal 0.000000 0.000000 0.000000
    outer loop
      vertex 1.759267 -0.399998 -5.201000
      vertex 1.829532 -0.569279 -5.360333
      vertex 1.829532 -0.569279 -5.201000
    endloop
  endfacet
  facet normal 0.000000 0.000000 0.000000
    outer loop
      vertex 1.829532 -0.569279 -5.201000
      vertex 1.829532 -0.569279 -5.360333
      vertex 1.999166 -0.639398 -5.360333
    endloop
  endfacet
  facet normal 0.000000 0.000000 0.000000
    outer loop
      vertex 1.829532 -0.569279 -5.201000
      vertex 1.999166 -0.639398 -5.360333
      vertex 1.999166 -0.639398 -5.201000
    endloop
  endfacet
  facet normal 0.000000 0.000000 0.000000
    outer loop
      vertex 1.999166 -0.639398 -5.201000
      vertex 1.999166 -0.639398 -5.360333
      vertex 2.168802 -0.569279 -5.360333
    endloop
  endfacet
  facet normal 0.000000 0.000000 0.000000
    outer loop
      vertex 1.999166 -0.639398 -5.201000
      vertex 2.168802 -0.569279 -5.360333
      vertex 2.168802 -0.569279 -5.201000
    endloop
  endfacet
  facet normal 0.000000 0.000000 0.000000
    outer loop
      vertex 2.168802 -0.569279 -5.201000
      vertex 2.168802 -0.569279 -5.360333
      vertex 2.239067 -0.399998 -5.360333
    endloop
  endfacet
  facet normal 0.000000 0.000000 0.000000
    outer loop
      vertex 2.168802 -0.569279 -5.201000
      vertex 2.239067 -0.399998 -5.360333
      vertex 2.239067 -0.399998 -5.201000
    endloop
  endfacet
  facet normal 0.000000 0.000000 0.000000
    outer loop
      vertex 1.439400 -0.399998 -5.201000
      vertex 1.439400 -0.399998 -5.360333
      vertex 1.369135 -0.230717 -5.360333
    endloop
  endfacet
  facet normal 0.000000 0.000000 0.000000
    outer loop
      vertex 1.439400 -0.399998 -5.201000
      vertex 1.369135 -0.230717 -5.360333
      vertex 1.369135 -0.230717 -5.201000
    endloop
  endfacet
  facet normal 0.000000 0.000000 0.000000
    outer loop
      vertex 1.369135 -0.230717 -5.201000
      vertex 1.369135 -0.230717 -5.360333
      vertex 1.199500 -0.160598 -5.360333
    endloop
  endfacet
  facet normal 0.000000 0.000000 0.000000
    outer loop
      vertex 1.369135 -0.230717 -5.201000
      vertex 1.199500 -0.160598 -5.360333
      vertex 1.199500 -0.160598 -5.201000
    endloop
  endfacet
  facet normal 0.000000 0.000000 0.000000
    outer loop
      vertex 1.199500 -0.160598 -5.201000
      vertex 1.199500 -0.160598 -5.360333
      vertex 1.029865 -0.230717 -5.360333
    endloop
  endfacet
  facet normal 0.000000 0.000000 0.000000
    outer loop
      vertex 1.199500 -0.160598 -5.201000
      vertex 1.029865 -0.230717 -5.360333
      vertex 1.029865 -0.230717 -5.201000
    endloop
  endfacet
  facet normal 0.000000 0.000000 0.000000
    outer loop
      vertex 1.029865 -0.230717 -5.201000
      vertex 1.029865 -0.230717 -5.360333
      vertex 0.959600 -0.399998 -5.360333
    endloop
  endfacet
  facet normal 0.000000 0.000000 0.000000
    outer loop
      vertex 1.029865 -0.230717 -5.201000
      vertex 0.959600 -0.399998 -5.360333
      vertex 0.959600 -0.399998 -5.201000
    endloop
  endfacet
  facet normal 0.000000 0.000000 0.000000
    outer loop
      vertex 0.959600 -0.399998 -5.201000
      vertex 0.959600 -0.399998 -5.360333
      vertex 1.029865 -0.569279 -5.360333
    endloop
  endfacet
  facet normal 0.000000 0.000000 0.000000
    outer loop
      vertex 0.959600 -0.399998 -5.201000
      vertex 1.029865 -0.569279 -5.360333
      vertex 1.029865 -0.569279 -5.201000
    endloop
  endfacet
  facet normal 0.000000 0.000000 0.000000
    outer loop
      vertex 1.029865 -0.569279 -5.201000
      vertex 1.029865 -0.569279 -5.360333
      vertex 1.199500 -0.639398 -5.360333
    endloop
  endfacet
  facet normal 0.000000 0.000000 0.000000
    outer loop
      vertex 1.029865 -0.569279 -5.201000
      vertex 1.199500 -0.639398 -5.360333
      vertex 1.199500 -0.639398 -5.201000
    endloop
  endfacet
  facet normal 0.000000 0.000000 0.000000
    outer loop
      vertex 1.199500 -0.639398 -5.201000
      vertex 1.199500 -0.639398 -5.360333
      vertex 1.369135 -0.569279 -5.360333
    endloop
  endfacet
  facet normal 0.000000 0.000000 0.000000
    outer loop
      vertex 1.199500 -0.639398 -5.201000
      vertex 1.369135 -0.569279 -5.360333
      vertex 1.369135 -0.569279 -5.201000
    endloop
  endfacet
  facet normal 0.000000 0.000000 0.000000
    outer loop
      vertex 1.369135 -0.569279 -5.201000
      vertex 1.369135 -0.569279 -5.360333
      vertex 1.439400 -0.399998 -5.360333
    endloop
  endfacet
  facet normal 0.000000 0.000000 0.000000
    outer loop
      vertex 1.369135 -0.569279 -5.201000
      vertex 1.439400 -0.399998 -5.360333
      vertex 1.439400 -0.399998 -5.201000
    endloop
  endfacet
  facet normal 0.000000 0.000000 0.000000
    outer loop
      vertex 0.639733 -0.399998 -5.201000
      vertex 0.639733 -0.399998 -5.360333
      vertex 0.569468 -0.230717 -5.360333
    endloop
  endfacet
  facet normal 0.000000 0.000000 0.000000
    outer loop
      vertex 0.639733 -0.399998 -5.201000
      vertex 0.569468 -0.230717 -5.360333
      vertex 0.569468 -0.230717 -5.201000
    endloop
  endfacet
  facet normal 0.000000 0.000000 0.000000
    outer loop
      vertex 0.569468 -0.230717 -5.201000
      vertex 0.569468 -0.230717 -5.360333
      vertex 0.399833 -0.160598 -5.360333
    endloop
  endfacet
  facet normal 0.000000 0.000000 0.000000
    outer loop
      vertex 0.569468 -0.230717 -5.201000
      vertex 0.399833 -0.160598 -5.360333
      vertex 0.399833 -0.160598 -5.201000
    endloop
  endfacet
  facet normal 0.000000 0.000000 0.000000
    outer loop
      vertex 0.399833 -0.160598 -5.201000
      vertex 0.399833 -0.160598 -5.360333
      vertex 0.230198 -0.230717 -5.360333
    endloop
  endfacet
  facet normal 0.000000 0.000000 0.000000
    outer loop
      vertex 0.399833 -0.160598 -5.201000
      vertex 0.230198 -0.230717 -5.360333
      vertex 0.230198 -0.230717 -5.201000
    endloop
  endfacet
  facet normal 0.000000 0.000000 0.000000
    outer loop
      vertex 0.230198 -0.230717 -5.201000
      vertex 0.230198 -0.230717 -5.360333
      vertex 0.159933 -0.399998 -5.360333
    endloop
  endfacet
  facet normal 0.000000 0.000000 0.000000
    outer loop
      vertex 0.230198 -0.230717 -5.201000
      vertex 0.159933 -0.399998 -5.360333
      vertex 0.159933 -0.399998 -5.201000
    endloop
  endfacet
  facet normal 0.000000 0.000000 0.000000
    outer loop
      vertex 0.159933 -0.399998 -5.201000
      vertex 0.159933 -0.399998 -5.360333
      vertex 0.230198 -0.569279 -5.360333
    endloop
  endfacet
  facet normal 0.000000 0.000000 0.000000
    outer loop
      vertex 0.159933 -0.399998 -5.201000
      vertex 0.230198 -0.569279 -5.360333
      vertex 0.230198 -0.569279 -5.201000
    endloop
  endfacet
  facet normal 0.000000 0.000000 0.000000
    outer loop
      vertex 0.230198 -0.569279 -5.201000
      vertex 0.230198 -0.569279 -5.360333
      vertex 0.399833 -0.639398 -5.360333
    endloop
  endfacet
  facet normal 0.000000 0.000000 0.000000
    outer loop
      vertex 0.230198 -0.569279 -5.201000
      vertex 0.399833 -0.639398 -5.360333
      vertex 0.399833 -0.639398 -5.201000
    endloop
  endfacet
  facet normal 0.000000 0.000000 0.000000
    outer loop
      vertex 0.399833 -0.639398 -5.201000
      vertex 0.399833 -0.639398 -5.360333
      vertex 0.569468 -0.569279 -5.360333
    endloop
  endfacet
  facet normal 0.000000 0.000000 0.000000
    outer loop
      vertex 0.399833 -0.639398 -5.201000
      vertex 0.569468 -0.569279 -5.360333
      vertex 0.569468 -0.569279 -5.201000
    endloop
  endfacet
  facet normal 0.000000 0.000000 0.000000
    outer loop
      vertex 0.569468 -0.569279 -5.201000
      vertex 0.569468 -0.569279 -5.360333
      vertex 0.639733 -0.399998 -5.360333
    endloop
  endfacet
  facet normal 0.000000 0.000000 0.000000
    outer loop
      vertex 0.569468 -0.569279 -5.201000
      vertex 0.639733 -0.399998 -5.360333
      vertex 0.639733 -0.399998 -5.201000
    endloop
  endfacet
  facet normal 0.000000 0.000000 0.000000
    outer loop
      vertex -0.159933 -0.399998 -5.201000
      vertex -0.159933 -0.399998 -5.360333
      vertex -0.230198 -0.230717 -5.360333
    endloop
  endfacet
  facet normal 0.000000 0.000000 0.000000
    outer loop
      vertex -0.159933 -0.399998 -5.201000
      vertex -0.230198 -0.230717 -5.360333
      vertex -0.230198 -0.230717 -5.201000
    endloop
  endfacet
  facet normal 0.000000 0.000000 0.000000
    outer loop
      vertex -0.230198 -0.230717 -5.201000
      vertex -0.230198 -0.230717 -5.360333
      vertex -0.399833 -0.160598 -5.360333
    endloop
  endfacet
  facet normal 0.000000 0.000000 0.000000
    outer loop
      vertex -0.230198 -0.230717 -5.201000
      vertex -0.399833 -0.160598 -5.360333
      vertex -0.399833 -0.160598 -5.201000
    endloop
  endfacet
  facet normal 0.000000 0.000000 0.000000
    outer loop
      vertex -0.399833 -0.160598 -5.201000
      vertex -0.399833 -0.160598 -5.360333
      vertex -0.569468 -0.230717 -5.360333
    endloop
  endfacet
  facet normal 0.000000 0.000000 0.000000
    outer loop
      vertex -0.399833 -0.160598 -5.201000
      vertex -0.569468 -0.230717 -5.360333
      vertex -0.569468 -0.230717 -5.201000
    endloop
  endfacet
  facet normal 0.000000 0.000000 0.000000
    outer loop
      vertex -0.569468 -0.230717 -5.201000
      vertex -0.569468 -0.230717 -5.360333
      vertex -0.639733 -0.399998 -5.360333
    endloop
  endfacet
  facet normal 0.000000 0.000000 0.000000
    outer loop
      vertex -0.569468 -0.230717 -5.201000
      vertex -0.639733 -0.399998 -5.360333
      vertex -0.639733 -0.399998 -5.201000
    endloop
  endfacet
  facet normal 0.000000 0.000000 0.000000
    outer loop
      vertex -0.639733 -0.399998 -5.201000
      vertex -0.639733 -0.399998 -5.360333
      vertex -0.569468 -0.569279 -5.360333
    endloop
  endfacet
  facet normal 0.000000 0.000000 0.000000
    outer loop
      vertex -0.639733 -0.399998 -5.201000
      vertex -0.569468 -0.569279 -5.360333
      vertex -0.569468 -0.569279 -5.201000
    endloop
  endfacet
  facet normal 0.000000 0.000000 0.000000
    outer loop
      vertex -0.569468 -0.569279 -5.201000
      vertex -0.569468 -0.569279 -5.360333
      vertex -0.399833 -0.639398 -5.360333
    endloop
  endfacet
  facet normal 0.000000 0.000000 0.000000
    outer loop
      vertex -0.569468 -0.569279 -5.201000
      vertex -0.399833 -0.639398 -5.360333
      vertex -0.399833 -0.639398 -5.201000
    endloop
  endfacet
  facet normal 0.000000 0.000000 0.000000
    outer loop
      vertex -0.399833 -0.639398 -5.201000
      vertex -0.399833 -0.639398 -5.360333
      vertex -0.230198 -0.569279 -5.360333
    endloop
  endfacet
  facet normal 0.000000 0.000000 0.000000
    outer loop
      vertex -0.399833 -0.639398 -5.201000
      vertex -0.230198 -0.569279 -5.360333
      vertex -0.230198 -0.569279 -5.201000
    endloop
  endfacet
  facet normal 0.000000 0.000000 0.000000
    outer loop
      vertex -0.230198 -0.569279 -5.201000
      vertex -0.230198 -0.569279 -5.360333
      vertex -0.159933 -0.399998 -5.360333
    endloop
  endfacet
  facet normal 0.000000 0.000000 0.000000
    outer loop
      vertex -0.230198 -0.569279 -5.201000
      vertex -0.159933 -0.399998 -5.360333
      vertex -0.159933 -0.399998 -5.201000
    endloop
  endfacet
  facet normal 0.000000 0.000000 0.000000
    outer loop
      vertex -0.959600 -0.399998 -5.201000
      vertex -0.959600 -0.399998 -5.360333
      vertex -1.029865 -0.230717 -5.360333
    endloop
  endfacet
  facet normal 0.000000 0.000000 0.000000
    outer loop
      vertex -0.959600 -0.399998 -5.201000
      vertex -1.029865 -0.230717 -5.360333
      vertex -1.029865 -0.230717 -5.201000
    endloop
  endfacet
  facet normal 0.000000 0.000000 0.000000
    outer loop
      vertex -1.029865 -0.230717 -5.201000
      vertex -1.029865 -0.230717 -5.360333
      vertex -1.199500 -0.160598 -5.360333
    endloop
  endfacet
  facet normal 0.000000 0.000000 0.000000
    outer loop
      vertex -1.029865 -0.230717 -5.201000
      vertex -1.199500 -0.160598 -5.360333
      vertex -1.199500 -0.160598 -5.201000
    endloop
  endfacet
  facet normal 0.000000 0.000000 0.000000
    outer loop
      vertex -1.199500 -0.160598 -5.201000
      vertex -1.199500 -0.160598 -5.360333
      vertex -1.369135 -0.230717 -5.360333
    endloop
  endfacet
  facet normal 0.000000 0.000000 0.000000
    outer loop
      vertex -1.199500 -0.160598 -5.201000
      vertex -1.369135 -0.230717 -5.360333
      vertex -1.369135 -0.230717 -5.201000
    endloop
  endfacet
  facet normal 0.000000 0.000000 0.000000
    outer loop
      vertex -1.369135 -0.230717 -5.201000
      vertex -1.369135 -0.230717 -5.360333
      vertex -1.439400 -0.399998 -5.360333
    endloop
  endfacet
  facet normal 0.000000 0.000000 0.000000
    outer loop
      vertex -1.369135 -0.230717 -5.201000
      vertex -1.439400 -0.399998 -5.360333
      vertex -1.439400 -0.399998 -5.201000
    endloop
  endfacet
  facet normal 0.000000 0.000000 0.000000
    outer loop
      vertex -1.439400 -0.399998 -5.201000
      vertex -1.439400 -0.399998 -5.360333
      vertex -1.369135 -0.569279 -5.360333
    endloop
  endfacet
  facet normal 0.000000 0.000000 0.000000
    outer loop
      vertex -1.439400 -0.399998 -5.201000
      vertex -1.369135 -0.569279 -5.360333
      vertex -1.369135 -0.569279 -5.201000
    endloop
  endfacet
  facet normal 0.000000 0.000000 0.000000
    outer loop
      vertex -1.369135 -0.569279 -5.201000
      vertex -1.369135 -0.569279 -5.360333
      vertex -1.199500 -0.639398 -5.360333
    endloop
  endfacet
  facet normal 0.000000 0.000000 0.000000
    outer loop
      vertex -1.369135 -0.569279 -5.201000
      vertex -1.199500 -0.639398 -5.360333
      vertex -1.199500 -0.639398 -5.201000
    endloop
  endfacet
  facet normal 0.000000 0.000000 0.000000
    outer loop
      vertex -1.199500 -0.639398 -5.201000
      vertex -1.199500 -0.639398 -5.360333
      vertex -1.029865 -0.569279 -5.360333
    endloop
  endfacet
  facet normal 0.000000 0.000000 0.000000
    outer loop
      vertex -1.199500 -0.639398 -5.201000
      vertex -1.029865 -0.569279 -5.360333
      vertex -1.029865 -0.569279 -5.201000
    endloop
  endfacet
  facet normal 0.000000 0.000000 0.000000
    outer loop
      vertex -1.029865 -0.569279 -5.201000
      vertex -1.029865 -0.569279 -5.360333
      vertex -0.959600 -0.399998 -5.360333
    endloop
  endfacet
  facet normal 0.000000 0.000000 0.000000
    outer loop
      vertex -1.029865 -0.569279 -5.201000
      vertex -0.959600 -0.399998 -5.360333
      vertex -0.959600 -0.399998 -5.201000
    endloop
  endfacet
  facet normal 0.000000 0.000000 0.000000
    outer loop
      vertex -1.759267 -0.399998 -5.201000
      vertex -1.759267 -0.399998 -5.360333
      vertex -1.829532 -0.230717 -5.360333
    endloop
  endfacet
  facet normal 0.000000 0.000000 0.000000
    outer loop
      vertex -1.759267 -0.399998 -5.201000
      vertex -1.829532 -0.230717 -5.360333
      vertex -1.829532 -0.230717 -5.201000
    endloop
  endfacet
  facet normal 0.000000 0.000000 0.000000
    outer loop
      vertex -1.829532 -0.230717 -5.201000
      vertex -1.829532 -0.230717 -5.360333
      vertex -1.999166 -0.160598 -5.360333
    endloop
  endfacet
  facet normal 0.000000 0.000000 0.000000
    outer loop
      vertex -1.829532 -0.230717 -5.201000
      vertex -1.999166 -0.160598 -5.360333
      vertex -1.999166 -0.160598 -5.201000
    endloop
  endfacet
  facet normal 0.000000 0.000000 0.000000
    outer loop
      vertex -1.999166 -0.160598 -5.201000
      vertex -1.999166 -0.160598 -5.360333
      vertex -2.168802 -0.230717 -5.360333
    endloop
  endfacet
  facet normal 0.000000 0.000000 0.000000
    outer loop
      vertex -1.999166 -0.160598 -5.201000
      vertex -2.168802 -0.230717 -5.360333
      vertex -2.168802 -0.230717 -5.201000
    endloop
  endfacet
  facet normal 0.000000 0.000000 0.000000
    outer loop
      vertex -2.168802 -0.230717 -5.201000
      vertex -2.168802 -0.230717 -5.360333
      vertex -2.239067 -0.399998 -5.360333
    endloop
  endfacet
  facet normal 0.000000 0.000000 0.000000
    outer loop
      vertex -2.168802 -0.230717 -5.201000
      vertex -2.239067 -0.399998 -5.360333
      vertex -2.239067 -0.399998 -5.201000
    endloop
  endfacet
  facet normal 0.000000 0.000000 0.000000
    outer loop
      vertex -2.239067 -0.399998 -5.201000
      vertex -2.239067 -0.399998 -5.360333
      vertex -2.168802 -0.569279 -5.360333
    endloop
  endfacet
  facet normal 0.000000 0.000000 0.000000
    outer loop
      vertex -2.239067 -0.399998 -5.201000
      vertex -2.168802 -0.569279 -5.360333
      vertex -2.168802 -0.569279 -5.201000
    endloop
  endfacet
  facet normal 0.000000 0.000000 0.000000
    outer loop
      vertex -2.168802 -0.569279 -5.201000
      vertex -2.168802 -0.569279 -5.360333
      vertex -1.999166 -0.639398 -5.360333
    endloop
  endfacet
  facet normal 0.000000 0.000000 0.000000
    outer loop
      vertex -2.168802 -0.569279 -5.201000
      vertex -1.999166 -0.639398 -5.360333
      vertex -1.999166 -0.639398 -5.201000
    endloop
  endfacet
  facet normal 0.000000 0.000000 0.000000
    outer loop
      vertex -1.999166 -0.639398 -5.201000
      vertex -1.999166 -0.639398 -5.360333
      vertex -1.829532 -0.569279 -5.360333
    endloop
  endfacet
  facet normal 0.000000 0.000000 0.000000
    outer loop
      vertex -1.999166 -0.639398 -5.201000
      vertex -1.829532 -0.569279 -5.360333
      vertex -1.829532 -0.569279 -5.201000
    endloop
  endfacet
  facet normal 0.000000 0.000000 0.000000
    outer loop
      vertex -1.829532 -0.569279 -5.201000
      vertex -1.829532 -0.569279 -5.360333
      vertex -1.759267 -0.399998 -5.360333
    endloop
  endfacet
  facet normal 0.000000 0.000000 0.000000
    outer loop
      vertex -1.829532 -0.569279 -5.201000
      vertex -1.759267 -0.399998 -5.360333
      vertex -1.759267 -0.399998 -5.201000
    endloop
  endfacet
  facet normal 0.000000 0.000000 0.000000
    outer loop
      vertex 1.999166 -0.399998 -5.201000
      vertex 2.239067 -0.399998 -5.201000
      vertex 2.168802 -0.230717 -5.201000
    endloop
  endfacet
  facet normal 0.000000 0.000000 0.000000
    outer loop
      vertex 1.999166 -0.399998 -5.201000
      vertex 2.168802 -0.230717 -5.201000
      vertex 1.999166 -0.160598 -5.201000
    endloop
  endfacet
  facet normal 0.000000 0.000000 0.000000
    outer loop
      vertex 1.999166 -0.399998 -5.201000
      vertex 1.999166 -0.160598 -5.201000
      vertex 1.829532 -0.230717 -5.201000
    endloop
  endfacet
  facet normal 0.000000 0.000000 0.000000
    outer loop
      vertex 1.999166 -0.399998 -5.201000
      vertex 1.829532 -0.230717 -5.201000
      vertex 1.759267 -0.399998 -5.201000
    endloop
  endfacet
  facet normal 0.000000 0.000000 0.000000
    outer loop
      vertex 1.999166 -0.399998 -5.201000
      vertex 1.759267 -0.399998 -5.201000
      vertex 1.829532 -0.569279 -5.201000
    endloop
  endfacet
  facet normal 0.000000 0.000000 0.000000
    outer loop
      vertex 1.999166 -0.399998 -5.201000
      vertex 1.829532 -0.569279 -5.201000
      vertex 1.999166 -0.639398 -5.201000
    endloop
  endfacet
  facet normal 0.000000 0.000000 0.000000
    outer loop
      vertex 1.999166 -0.399998 -5.201000
      vertex 1.999166 -0.639398 -5.201000
      vertex 2.168802 -0.569279 -5.201000
    endloop
  endfacet
  facet normal 0.000000 0.000000 0.000000
    outer loop
      vertex 1.999166 -0.399998 -5.201000
      vertex 2.168802 -0.569279 -5.201000
      vertex 2.239067 -0.399998 -5.201000
    endloop
  endfacet
  facet normal 0.000000 0.000000 0.000000
    outer loop
      vertex 1.199500 -0.399998 -5.201000
      vertex 1.439400 -0.399998 -5.201000
      vertex 1.369135 -0.230717 -5.201000
    endloop
  endfacet
  facet normal 0.000000 0.000000 0.000000
    outer loop
      vertex 1.199500 -0.399998 -5.201000
      vertex 1.369135 -0.230717 -5.201000
      vertex 1.199500 -0.160598 -5.201000
    endloop
  endfacet
  facet normal 0.000000 0.000000 0.000000
    outer loop
      vertex 1.199500 -0.399998 -5.201000
      vertex 1.199500 -0.160598 -5.201000
      vertex 1.029865 -0.230717 -5.201000
    endloop
  endfacet
  facet normal 0.000000 0.000000 0.000000
    outer loop
      vertex 1.199500 -0.399998 -5.201000
      vertex 1.029865 -0.230717 -5.201000
      vertex 0.959600 -0.399998 -5.201000
    endloop
  endfacet
  facet normal 0.000000 0.000000 0.000000
    outer loop
      vertex 1.199500 -0.399998 -5.201000
      vertex 0.959600 -0.399998 -5.201000
      vertex 1.029865 -0.569279 -5.201000
    endloop
  endfacet
  facet normal 0.000000 0.000000 0.000000
    outer loop
      vertex 1.199500 -0.399998 -5.201000
      vertex 1.029865 -0.569279 -5.201000
      vertex 1.199500 -0.639398 -5.201000
    endloop
  endfacet
  facet normal 0.000000 0.000000 0.000000
    outer loop
      vertex 1.199500 -0.399998 -5.201000
      vertex 1.199500 -0.639398 -5.201000
      vertex 1.369135 -0.569279 -5.201000
    endloop
  endfacet
  facet normal 0.000000 0.000000 0.000000
    outer loop
      vertex 1.199500 -0.399998 -5.201000
      vertex 1.369135 -0.569279 -5.201000
      vertex 1.439400 -0.399998 -5.201000
    endloop
  endfacet
  facet normal 0.000000 0.000000 0.000000
    outer loop
      vertex 0.399833 -0.399998 -5.201000
      vertex 0.639733 -0.399998 -5.201000
      vertex 0.569468 -0.230717 -5.201000
    endloop
  endfacet
  facet normal 0.000000 0.000000 0.000000
    outer loop
      vertex 0.399833 -0.399998 -5.201000
      vertex 0.569468 -0.230717 -5.201000
      vertex 0.399833 -0.160598 -5.201000
    endloop
  endfacet
  facet normal 0.000000 0.000000 0.000000
    outer loop
      vertex 0.399833 -0.399998 -5.201000
      vertex 0.399833 -0.160598 -5.201000
      vertex 0.230198 -0.230717 -5.201000
    endloop
  endfacet
  facet normal 0.000000 0.000000 0.000000
    outer loop
      vertex 0.399833 -0.399998 -5.201000
      vertex 0.230198 -0.230717 -5.201000
      vertex 0.159933 -0.399998 -5.201000
    endloop
  endfacet
  facet normal 0.000000 0.000000 0.000000
    outer loop
      vertex 0.399833 -0.399998 -5.201000
      vertex 0.159933 -0.399998 -5.201000
      vertex 0.230198 -0.569279 -5.201000
    endloop
  endfacet
  facet normal 0.000000 0.000000 0.000000
    outer loop
      vertex 0.399833 -0.399998 -5.201000
      vertex 0.230198 -0.569279 -5.201000
      vertex 0.399833 -0.639398 -5.201000
    endloop
  endfacet
  facet normal 0.000000 0.000000 0.000000
    outer loop
      vertex 0.399833 -0.399998 -5.201000
      vertex 0.399833 -0.639398 -5.201000
      vertex 0.569468 -0.569279 -5.201000
    endloop
  endfacet
  facet normal 0.000000 0.000000 0.000000
    outer loop
      vertex 0.399833 -0.399998 -5.201000
      vertex 0.569468 -0.569279 -5.201000
      vertex 0.639733 -0.399998 -5.201000
    endloop
  endfacet
  facet normal 0.000000 0.000000 0.000000
    outer loop
      vertex -0.399833 -0.399998 -5.201000
      vertex -0.159933 -0.399998 -5.201000
      vertex -0.230198 -0.230717 -5.201000
    endloop
  endfacet
  facet normal 0.000000 0.000000 0.000000
    outer loop
      vertex -0.399833 -0.399998 -5.201000
      vertex -0.230198 -0.230717 -5.201000
      vertex -0.399833 -0.160598 -5.201000
    endloop
  endfacet
  facet normal 0.000000 0.000000 0.000000
    outer loop
      vertex -0.399833 -0.399998 -5.201000
      vertex -0.399833 -0.160598 -5.201000
      vertex -0.569468 -0.230717 -5.201000
    endloop
  endfacet
  facet normal 0.000000 0.000000 0.000000
    outer loop
      vertex -0.399833 -0.399998 -5.201000
      vertex -0.569468 -0.230717 -5.201000
      vertex -0.639733 -0.399998 -5.201000
    endloop
  endfacet
  facet normal 0.000000 0.000000 0.000000
    outer loop
      vertex -0.399833 -0.399998 -5.201000
      vertex -0.639733 -0.399998 -5.201000
      vertex -0.569468 -0.569279 -5.201000
    endloop
  endfacet
  facet normal 0.000000 0.000000 0.000000
    outer loop
      vertex -0.399833 -0.399998 -5.201000
      vertex -0.569468 -0.569279 -5.201000
      vertex -0.399833 -0.639398 -5.201000
    endloop
  endfacet
  facet normal 0.000000 0.000000 0.000000
    outer loop
      vertex -0.399833 -0.399998 -5.201000
      vertex -0.399833 -0.639398 -5.201000
      vertex -0.230198 -0.569279 -5.201000
    endloop
  endfacet
  facet normal 0.000000 0.000000 0.000000
    outer loop
      vertex -0.399833 -0.399998 -5.201000
      vertex -0.230198 -0.569279 -5.201000
      vertex -0.159933 -0.399998 -5.201000
    endloop
  endfacet
  facet normal 0.000000 0.000000 0.000000
    outer loop
      vertex -1.199500 -0.399998 -5.201000
      vertex -0.959600 -0.399998 -5.201000
      vertex -1.029865 -0.230717 -5.201000
    endloop
  endfacet
  facet normal 0.000000 0.000000 0.000000
    outer loop
      vertex -1.199500 -0.399998 -5.201000
      vertex -1.029865 -0.230717 -5.201000
      vertex -1.199500 -0.160598 -5.201000
    endloop
  endfacet
  facet normal 0.000000 0.000000 0.000000
    outer loop
      vertex -1.199500 -0.399998 -5.201000
      vertex -1.199500 -0.160598 -5.201000
      vertex -1.369135 -0.230717 -5.201000
    endloop
  endfacet
  facet normal 0.000000 0.000000 0.000000
    outer loop
      vertex -1.199500 -0.399998 -5.201000
      vertex -1.369135 -0.230717 -5.201000
      vertex -1.439400 -0.399998 -5.201000
    endloop
  endfacet
  facet normal 0.000000 0.000000 0.000000
    outer loop
      vertex -1.199500 -0.399998 -5.201000
      vertex -1.439400 -0.399998 -5.201000
      vertex -1.369135 -0.569279 -5.201000
    endloop
  endfacet
  facet normal 0.000000 0.000000 0.000000
    outer loop
      vertex -1.199500 -0.399998 -5.201000
      vertex -1.369135 -0.569279 -5.201000
      vertex -1.199500 -0.639398 -5.201000
    endloop
  endfacet
  facet normal 0.000000 0.000000 0.000000
    outer loop
      vertex -1.199500 -0.399998 -5.201000
      vertex -1.199500 -0.639398 -5.201000
      vertex -1.029865 -0.569279 -5.201000
    endloop
  endfacet
  facet normal 0.000000 0.000000 0.000000
    outer loop
      vertex -1.199500 -0.399998 -5.201000
      vertex -1.029865 -0.569279 -5.201000
      vertex -0.959600 -0.399998 -5.201000
    endloop
  endfacet
  facet normal 0.000000 0.000000 0.000000
    outer loop
      vertex -1.999166 -0.399998 -5.201000
      vertex -1.759267 -0.399998 -5.201000
      vertex -1.829532 -0.230717 -5.201000
    endloop
  endfacet
  facet normal 0.000000 0.000000 0.000000
    outer loop
      vertex -1.999166 -0.399998 -5.201000
      vertex -1.829532 -0.230717 -5.201000
      vertex -1.999166 -0.160598 -5.201000
    endloop
  endfacet
  facet normal 0.000000 0.000000 0.000000
    outer loop
      vertex -1.999166 -0.399998 -5.201000
      vertex -1.999166 -0.160598 -5.201000
      vertex -2.168802 -0.230717 -5.201000
    endloop
  endfacet
  facet normal 0.000000 0.000000 0.000000
    outer loop
      vertex -1.999166 -0.399998 -5.201000
      vertex -2.168802 -0.230717 -5.201000
      vertex -2.239067 -0.399998 -5.201000
    endloop
  endfacet
  facet normal 0.000000 0.000000 0.000000
    outer loop
      vertex -1.999166 -0.399998 -5.201000
      vertex -2.239067 -0.399998 -5.201000
      vertex -2.168802 -0.569279 -5.201000
    endloop
  endfacet
  facet normal 0.000000 0.000000 0.000000
    outer loop
      vertex -1.999166 -0.399998 -5.201000
      vertex -2.168802 -0.569279 -5.201000
      vertex -1.999166 -0.639398 -5.201000
    endloop
  endfacet
  facet normal 0.000000 0.000000 0.000000
    outer loop
      vertex -1.999166 -0.399998 -5.201000
      vertex -1.999166 -0.639398 -5.201000
      vertex -1.829532 -0.569279 -5.201000
    endloop
  endfacet
  facet normal 0.000000 0.000000 0.000000
    outer loop
      vertex -1.999166 -0.399998 -5.201000
      vertex -1.829532 -0.569279 -5.201000
      vertex -1.759267 -0.399998 -5.201000
    endloop
  endfacet
endsolid MYSOLID
