solid MYSOLID
  facet normal 0.000000 0.000000 0.000000
    outer loop
      vertex -2.239300 -0.400000 2.961000
      vertex -2.286148 -0.512854 2.961000
      vertex -2.399250 -0.400000 2.961000
    endloop
  endfacet
  facet normal 0.000000 0.000000 0.000000
    outer loop
      vertex -2.286148 -0.512854 2.961000
      vertex -2.399250 -0.559600 2.961000
      vertex -2.399250 -0.400000 2.961000
    endloop
  endfacet
  facet normal 0.000000 0.000000 0.000000
    outer loop
      vertex -2.399250 -0.559600 2.961000
      vertex -2.512352 -0.512854 2.961000
      vertex -2.399250 -0.400000 2.961000
    endloop
  endfacet
  facet normal 0.000000 0.000000 0.000000
    outer loop
      vertex -2.512352 -0.512854 2.961000
      vertex -2.559200 -0.400000 2.961000
      vertex -2.399250 -0.400000 2.961000
    endloop
  endfacet
  facet normal 0.000000 0.000000 0.000000
    outer loop
      vertex -2.559200 -0.400000 2.961000
      vertex -2.512352 -0.287146 2.961000
      vertex -2.399250 -0.400000 2.961000
    endloop
  endfacet
  facet normal 0.000000 0.000000 0.000000
    outer loop
      vertex -2.512352 -0.287146 2.961000
      vertex -2.399250 -0.240400 2.961000
      vertex -2.399250 -0.400000 2.961000
    endloop
  endfacet
  facet normal 0.000000 0.000000 0.000000
    outer loop
      vertex -2.399250 -0.240400 2.961000
      vertex -2.286148 -0.287146 2.961000
      vertex -2.399250 -0.400000 2.961000
    endloop
  endfacet
  facet normal 0.000000 0.000000 0.000000
    outer loop
      vertex -2.286148 -0.287146 2.961000
      vertex -2.239300 -0.400000 2.961000
      vertex -2.399250 -0.400000 2.961000
    endloop
  endfacet
  facet normal 0.000000 0.000000 0.000000
    outer loop
      vertex -1.439550 -0.400000 2.961000
      vertex -1.486398 -0.512854 2.961000
      vertex -1.599500 -0.400000 2.961000
    endloop
  endfacet
  facet normal 0.000000 0.000000 0.000000
    outer loop
      vertex -1.486398 -0.512854 2.961000
      vertex -1.599500 -0.559600 2.961000
      vertex -1.599500 -0.400000 2.961000
    endloop
  endfacet
  facet normal 0.000000 0.000000 0.000000
    outer loop
      vertex -1.599500 -0.559600 2.961000
      vertex -1.712602 -0.512854 2.961000
      vertex -1.599500 -0.400000 2.961000
    endloop
  endfacet
  facet normal 0.000000 0.000000 0.000000
    outer loop
      vertex -1.712602 -0.512854 2.961000
      vertex -1.759450 -0.400000 2.961000
      vertex -1.599500 -0.400000 2.961000
    endloop
  endfacet
  facet normal 0.000000 0.000000 0.000000
    outer loop
      vertex -1.759450 -0.400000 2.961000
      vertex -1.712602 -0.287146 2.961000
      vertex -1.599500 -0.400000 2.961000
    endloop
  endfacet
  facet normal 0.000000 0.000000 0.000000
    outer loop
      vertex -1.712602 -0.287146 2.961000
      vertex -1.599500 -0.240400 2.961000
      vertex -1.599500 -0.400000 2.961000
    endloop
  endfacet
  facet normal 0.000000 0.000000 0.000000
    outer loop
      vertex -1.599500 -0.240400 2.961000
      vertex -1.486398 -0.287146 2.961000
      vertex -1.599500 -0.400000 2.961000
    endloop
  endfacet
  facet normal 0.000000 0.000000 0.000000
    outer loop
      vertex -1.486398 -0.287146 2.961000
      vertex -1.439550 -0.400000 2.961000
      vertex -1.599500 -0.400000 2.961000
    endloop
  endfacet
  facet normal 0.000000 0.000000 0.000000
    outer loop
      vertex -0.639800 -0.400000 2.961000
      vertex -0.686648 -0.512854 2.961000
      vertex -0.799750 -0.400000 2.961000
    endloop
  endfacet
  facet normal 0.000000 0.000000 0.000000
    outer loop
      vertex -0.686648 -0.512854 2.961000
      vertex -0.799750 -0.559600 2.961000
      vertex -0.799750 -0.400000 2.961000
    endloop
  endfacet
  facet normal 0.000000 0.000000 0.000000
    outer loop
      vertex -0.799750 -0.559600 2.961000
      vertex -0.912852 -0.512854 2.961000
      vertex -0.799750 -0.400000 2.961000
    endloop
  endfacet
  facet normal 0.000000 0.000000 0.000000
    outer loop
      vertex -0.912852 -0.512854 2.961000
      vertex -0.959700 -0.400000 2.961000
      vertex -0.799750 -0.400000 2.961000
    endloop
  endfacet
  facet normal 0.000000 0.000000 0.000000
    outer loop
      vertex -0.959700 -0.400000 2.961000
      vertex -0.912852 -0.287146 2.961000
      vertex -0.799750 -0.400000 2.961000
    endloop
  endfacet
  facet normal 0.000000 0.000000 0.000000
    outer loop
      vertex -0.912852 -0.287146 2.961000
      vertex -0.799750 -0.240400 2.961000
      vertex -0.799750 -0.400000 2.961000
    endloop
  endfacet
  facet normal 0.000000 0.000000 0.000000
    outer loop
      vertex -0.799750 -0.240400 2.961000
      vertex -0.686648 -0.287146 2.961000
      vertex -0.799750 -0.400000 2.961000
    endloop
  endfacet
  facet normal 0.000000 0.000000 0.000000
    outer loop
      vertex -0.686648 -0.287146 2.961000
      vertex -0.639800 -0.400000 2.961000
      vertex -0.799750 -0.400000 2.961000
    endloop
  endfacet
  facet normal 0.000000 0.000000 0.000000
    outer loop
      vertex 0.159950 -0.400000 2.961000
      vertex 0.113102 -0.512854 2.961000
      vertex 0.000000 -0.400000 2.961000
    endloop
  endfacet
  facet normal 0.000000 0.000000 0.000000
    outer loop
      vertex 0.113102 -0.512854 2.961000
      vertex 0.000000 -0.559600 2.961000
      vertex 0.000000 -0.400000 2.961000
    endloop
  endfacet
  facet normal 0.000000 0.000000 0.000000
    outer loop
      vertex 0.000000 -0.559600 2.961000
      vertex -0.113102 -0.512854 2.961000
      vertex 0.000000 -0.400000 2.961000
    endloop
  endfacet
  facet normal 0.000000 0.000000 0.000000
    outer loop
      vertex -0.113102 -0.512854 2.961000
      vertex -0.159950 -0.400000 2.961000
      vertex 0.000000 -0.400000 2.961000
    endloop
  endfacet
  facet normal 0.000000 0.000000 0.000000
    outer loop
      vertex -0.159950 -0.400000 2.961000
      vertex -0.113102 -0.287146 2.961000
      vertex 0.000000 -0.400000 2.961000
    endloop
  endfacet
  facet normal 0.000000 0.000000 0.000000
    outer loop
      vertex -0.113102 -0.287146 2.961000
      vertex -0.000000 -0.240400 2.961000
      vertex 0.000000 -0.400000 2.961000
    endloop
  endfacet
  facet normal 0.000000 0.000000 0.000000
    outer loop
      vertex -0.000000 -0.240400 2.961000
      vertex 0.113102 -0.287146 2.961000
      vertex 0.000000 -0.400000 2.961000
    endloop
  endfacet
  facet normal 0.000000 0.000000 0.000000
    outer loop
      vertex 0.113102 -0.287146 2.961000
      vertex 0.159950 -0.400000 2.961000
      vertex 0.000000 -0.400000 2.961000
    endloop
  endfacet
  facet normal 0.000000 0.000000 0.000000
    outer loop
      vertex 0.959700 -0.400000 2.961000
      vertex 0.912852 -0.512854 2.961000
      vertex 0.799750 -0.400000 2.961000
    endloop
  endfacet
  facet normal 0.000000 0.000000 0.000000
    outer loop
      vertex 0.912852 -0.512854 2.961000
      vertex 0.799750 -0.559600 2.961000
      vertex 0.799750 -0.400000 2.961000
    endloop
  endfacet
  facet normal 0.000000 0.000000 0.000000
    outer loop
      vertex 0.799750 -0.559600 2.961000
      vertex 0.686648 -0.512854 2.961000
      vertex 0.799750 -0.400000 2.961000
    endloop
  endfacet
  facet normal 0.000000 0.000000 0.000000
    outer loop
      vertex 0.686648 -0.512854 2.961000
      vertex 0.639800 -0.400000 2.961000
      vertex 0.799750 -0.400000 2.961000
    endloop
  endfacet
  facet normal 0.000000 0.000000 0.000000
    outer loop
      vertex 0.639800 -0.400000 2.961000
      vertex 0.686648 -0.287146 2.961000
      vertex 0.799750 -0.400000 2.961000
    endloop
  endfacet
  facet normal 0.000000 0.000000 0.000000
    outer loop
      vertex 0.686648 -0.287146 2.961000
      vertex 0.799750 -0.240400 2.961000
      vertex 0.799750 -0.400000 2.961000
    endloop
  endfacet
  facet normal 0.000000 0.000000 0.000000
    outer loop
      vertex 0.799750 -0.240400 2.961000
      vertex 0.912852 -0.287146 2.961000
      vertex 0.799750 -0.400000 2.961000
    endloop
  endfacet
  facet normal 0.000000 0.000000 0.000000
    outer loop
      vertex 0.912852 -0.287146 2.961000
      vertex 0.959700 -0.400000 2.961000
      vertex 0.799750 -0.400000 2.961000
    endloop
  endfacet
  facet normal 0.000000 0.000000 0.000000
    outer loop
      vertex 1.759450 -0.400000 2.961000
      vertex 1.712602 -0.512854 2.961000
      vertex 1.599500 -0.400000 2.961000
    endloop
  endfacet
  facet normal 0.000000 0.000000 0.000000
    outer loop
      vertex 1.712602 -0.512854 2.961000
      vertex 1.599500 -0.559600 2.961000
      vertex 1.599500 -0.400000 2.961000
    endloop
  endfacet
  facet normal 0.000000 0.000000 0.000000
    outer loop
      vertex 1.599500 -0.559600 2.961000
      vertex 1.486398 -0.512854 2.961000
      vertex 1.599500 -0.400000 2.961000
    endloop
  endfacet
  facet normal 0.000000 0.000000 0.000000
    outer loop
      vertex 1.486398 -0.512854 2.961000
      vertex 1.439550 -0.400000 2.961000
      vertex 1.599500 -0.400000 2.961000
    endloop
  endfacet
  facet normal 0.000000 0.000000 0.000000
    outer loop
      vertex 1.439550 -0.400000 2.961000
      vertex 1.486398 -0.287146 2.961000
      vertex 1.599500 -0.400000 2.961000
    endloop
  endfacet
  facet normal 0.000000 0.000000 0.000000
    outer loop
      vertex 1.486398 -0.287146 2.961000
      vertex 1.599500 -0.240400 2.961000
      vertex 1.599500 -0.400000 2.961000
    endloop
  endfacet
  facet normal 0.000000 0.000000 0.000000
    outer loop
      vertex 1.599500 -0.240400 2.961000
      vertex 1.712602 -0.287146 2.961000
      vertex 1.599500 -0.400000 2.961000
    endloop
  endfacet
  facet normal 0.000000 0.000000 0.000000
    outer loop
      vertex 1.712602 -0.287146 2.961000
      vertex 1.759450 -0.400000 2.961000
      vertex 1.599500 -0.400000 2.961000
    endloop
  endfacet
  facet normal 0.000000 0.000000 0.000000
    outer loop
      vertex 2.559200 -0.400000 2.961000
      vertex 2.512352 -0.512854 2.961000
      vertex 2.399250 -0.400000 2.961000
    endloop
  endfacet
  facet normal 0.000000 0.000000 0.000000
    outer loop
      vertex 2.512352 -0.512854 2.961000
      vertex 2.399250 -0.559600 2.961000
      vertex 2.399250 -0.400000 2.961000
    endloop
  endfacet
  facet normal 0.000000 0.000000 0.000000
    outer loop
      vertex 2.399250 -0.559600 2.961000
      vertex 2.286148 -0.512854 2.961000
      vertex 2.399250 -0.400000 2.961000
    endloop
  endfacet
  facet normal 0.000000 0.000000 0.000000
    outer loop
      vertex 2.286148 -0.512854 2.961000
      vertex 2.239300 -0.400000 2.961000
      vertex 2.399250 -0.400000 2.961000
    endloop
  endfacet
  facet normal 0.000000 0.000000 0.000000
    outer loop
      vertex 2.239300 -0.400000 2.961000
      vertex 2.286148 -0.287146 2.961000
      vertex 2.399250 -0.400000 2.961000
    endloop
  endfacet
  facet normal 0.000000 0.000000 0.000000
    outer loop
      vertex 2.286148 -0.287146 2.961000
      vertex 2.399250 -0.240400 2.961000
      vertex 2.399250 -0.400000 2.961000
    endloop
  endfacet
  facet normal 0.000000 0.000000 0.000000
    outer loop
      vertex 2.399250 -0.240400 2.961000
      vertex 2.512352 -0.287146 2.961000
      vertex 2.399250 -0.400000 2.961000
    endloop
  endfacet
  facet normal 0.000000 0.000000 0.000000
    outer loop
      vertex 2.512352 -0.287146 2.961000
      vertex 2.559200 -0.400000 2.961000
      vertex 2.399250 -0.400000 2.961000
    endloop
  endfacet
  facet normal 0.000000 0.000000 0.000000
    outer loop
      vertex -3.199000 -0.799000 3.279000
      vertex 3.199000 -0.799000 3.279000
      vertex 3.199000 -0.001000 3.279000
    endloop
  endfacet
  facet normal 0.000000 0.000000 0.000000
    outer loop
      vertex -3.199000 -0.799000 3.279000
      vertex 3.199000 -0.001000 3.279000
      vertex -3.199000 -0.001000 3.279000
    endloop
  endfacet
  facet normal 0.000000 0.000000 0.000000
    outer loop
      vertex 3.159012 -0.040900 2.961000
      vertex 3.039050 -0.160600 2.961000
      vertex -3.039050 -0.160600 2.961000
    endloop
  endfacet
  facet normal 0.000000 0.000000 0.000000
    outer loop
      vertex 3.159012 -0.040900 2.961000
      vertex -3.039050 -0.160600 2.961000
      vertex -3.159012 -0.040900 2.961000
    endloop
  endfacet
  facet normal 0.000000 0.000000 0.000000
    outer loop
      vertex -3.159012 -0.040900 2.961000
      vertex -3.039050 -0.160600 2.961000
      vertex -3.039050 -0.639400 2.961000
    endloop
  endfacet
  facet normal 0.000000 0.000000 0.000000
    outer loop
      vertex -3.159012 -0.040900 2.961000
      vertex -3.039050 -0.639400 2.961000
      vertex -3.159012 -0.759100 2.961000
    endloop
  endfacet
  facet normal 0.000000 0.000000 0.000000
    outer loop
      vertex -3.159012 -0.759100 2.961000
      vertex -3.039050 -0.639400 2.961000
      vertex 3.039050 -0.639400 2.961000
    endloop
  endfacet
  facet normal 0.000000 0.000000 0.000000
    outer loop
      vertex -3.159012 -0.759100 2.961000
      vertex 3.039050 -0.639400 2.961000
      vertex 3.159012 -0.759100 2.961000
    endloop
  endfacet
  facet normal 0.000000 0.000000 0.000000
    outer loop
      vertex 3.159012 -0.759100 2.961000
      vertex 3.039050 -0.639400 2.961000
      vertex 3.039050 -0.160600 2.961000
    endloop
  endfacet
  facet normal 0.000000 0.000000 0.000000
    outer loop
      vertex 3.159012 -0.759100 2.961000
      vertex 3.039050 -0.160600 2.961000
      vertex 3.159012 -0.040900 2.961000
    endloop
  endfacet
  facet normal 0.000000 0.000000 0.000000
    outer loop
      vertex 3.199000 -0.001000 3.000750
      vertex 3.159012 -0.040900 3.000750
      vertex -3.159012 -0.040900 3.000750
    endloop
  endfacet
  facet normal 0.000000 0.000000 0.000000
    outer loop
      vertex 3.199000 -0.001000 3.000750
      vertex -3.159012 -0.040900 3.000750
      vertex -3.199000 -0.001000 3.000750
    endloop
  endfacet
  facet normal 0.000000 0.000000 0.000000
    outer loop
      vertex -3.199000 -0.001000 3.000750
      vertex -3.159012 -0.040900 3.000750
      vertex -3.159012 -0.759100 3.000750
    endloop
  endfacet
  facet normal 0.000000 0.000000 0.000000
    outer loop
      vertex -3.199000 -0.001000 3.000750
      vertex -3.159012 -0.759100 3.000750
      vertex -3.199000 -0.799000 3.000750
    endloop
  endfacet
  facet normal 0.000000 0.000000 0.000000
    outer loop
      vertex -3.199000 -0.799000 3.000750
      vertex -3.159012 -0.759100 3.000750
      vertex 3.159012 -0.759100 3.000750
    endloop
  endfacet
  facet normal 0.000000 0.000000 0.000000
    outer loop
      vertex -3.199000 -0.799000 3.000750
      vertex 3.159012 -0.759100 3.000750
      vertex 3.199000 -0.799000 3.000750
    endloop
  endfacet
  facet normal 0.000000 0.000000 0.000000
    outer loop
      vertex 3.199000 -0.799000 3.000750
      vertex 3.159012 -0.759100 3.000750
      vertex 3.159012 -0.040900 3.000750
    endloop
  endfacet
  facet normal 0.000000 0.000000 0.000000
    outer loop
      vertex 3.199000 -0.799000 3.000750
      vertex 3.159012 -0.040900 3.000750
      vertex 3.199000 -0.001000 3.000750
    endloop
  endfacet
  facet normal 0.000000 0.000000 0.000000
    outer loop
      vertex 3.199000 -0.799000 3.279000
      vertex 3.199000 -0.799000 3.000750
      vertex 3.199000 -0.001000 3.000750
    endloop
  endfacet
  facet normal 0.000000 0.000000 0.000000
    outer loop
      vertex 3.199000 -0.799000 3.279000
      vertex 3.199000 -0.001000 3.000750
      vertex 3.199000 -0.001000 3.279000
    endloop
  endfacet
  facet normal 0.000000 0.000000 0.000000
    outer loop
      vertex -3.199000 -0.799000 3.279000
      vertex -3.199000 -0.799000 3.000750
      vertex 3.199000 -0.799000 3.000750
    endloop
  endfacet
  facet normal 0.000000 0.000000 0.000000
    outer loop
      vertex -3.199000 -0.799000 3.279000
      vertex 3.199000 -0.799000 3.000750
      vertex 3.199000 -0.799000 3.279000
    endloop
  endfacet
  facet normal 0.000000 0.000000 0.000000
    outer loop
      vertex -3.199000 -0.001000 3.279000
      vertex -3.199000 -0.001000 3.000750
      vertex -3.199000 -0.799000 3.000750
    endloop
  endfacet
  facet normal 0.000000 0.000000 0.000000
    outer loop
      vertex -3.199000 -0.001000 3.279000
      vertex -3.199000 -0.799000 3.000750
      vertex -3.199000 -0.799000 3.279000
    endloop
  endfacet
  facet normal 0.000000 0.000000 0.000000
    outer loop
      vertex 3.199000 -0.001000 3.279000
      vertex 3.199000 -0.001000 3.000750
      vertex -3.199000 -0.001000 3.000750
    endloop
  endfacet
  facet normal 0.000000 0.000000 0.000000
    outer loop
      vertex 3.199000 -0.001000 3.279000
      vertex -3.199000 -0.001000 3.000750
      vertex -3.199000 -0.001000 3.279000
    endloop
  endfacet
  facet normal 0.000000 0.000000 0.000000
    outer loop
      vertex -3.039050 -0.160600 3.120000
      vertex 3.039050 -0.160600 3.120000
      vertex 3.039050 -0.639400 3.120000
    endloop
  endfacet
  facet normal 0.000000 0.000000 0.000000
    outer loop
      vertex -3.039050 -0.160600 3.120000
      vertex 3.039050 -0.639400 3.120000
      vertex -3.039050 -0.639400 3.120000
    endloop
  endfacet
  facet normal 0.000000 0.000000 0.000000
    outer loop
      vertex -3.039050 -0.160600 3.120000
      vertex -3.039050 -0.160600 2.961000
      vertex 3.039050 -0.160600 2.961000
    endloop
  endfacet
  facet normal 0.000000 0.000000 0.000000
    outer loop
      vertex -3.039050 -0.160600 3.120000
      vertex 3.039050 -0.160600 2.961000
      vertex 3.039050 -0.160600 3.120000
    endloop
  endfacet
  facet normal 0.000000 0.000000 0.000000
    outer loop
      vertex -3.039050 -0.639400 3.120000
      vertex -3.039050 -0.639400 2.961000
      vertex -3.039050 -0.160600 2.961000
    endloop
  endfacet
  facet normal 0.000000 0.000000 0.000000
    outer loop
      vertex -3.039050 -0.639400 3.120000
      vertex -3.039050 -0.160600 2.961000
      vertex -3.039050 -0.160600 3.120000
    endloop
  endfacet
  facet normal 0.000000 0.000000 0.000000
    outer loop
      vertex 3.039050 -0.639400 3.120000
      vertex 3.039050 -0.639400 2.961000
      vertex -3.039050 -0.639400 2.961000
    endloop
  endfacet
  facet normal 0.000000 0.000000 0.000000
    outer loop
      vertex 3.039050 -0.639400 3.120000
      vertex -3.039050 -0.639400 2.961000
      vertex -3.039050 -0.639400 3.120000
    endloop
  endfacet
  facet normal 0.000000 0.000000 0.000000
    outer loop
      vertex 3.039050 -0.160600 3.120000
      vertex 3.039050 -0.160600 2.961000
      vertex 3.039050 -0.639400 2.961000
    endloop
  endfacet
  facet normal 0.000000 0.000000 0.000000
    outer loop
      vertex 3.039050 -0.160600 3.120000
      vertex 3.039050 -0.639400 2.961000
      vertex 3.039050 -0.639400 3.120000
    endloop
  endfacet
  facet normal 0.000000 0.000000 0.000000
    outer loop
      vertex 3.159012 -0.759100 3.000750
      vertex 3.159012 -0.759100 2.961000
      vertex 3.159012 -0.040900 2.961000
    endloop
  endfacet
  facet normal 0.000000 0.000000 0.000000
    outer loop
      vertex 3.159012 -0.759100 3.000750
      vertex 3.159012 -0.040900 2.961000
      vertex 3.159012 -0.040900 3.000750
    endloop
  endfacet
  facet normal 0.000000 0.000000 0.000000
    outer loop
      vertex -3.159012 -0.759100 3.000750
      vertex -3.159012 -0.759100 2.961000
      vertex 3.159012 -0.759100 2.961000
    endloop
  endfacet
  facet normal 0.000000 0.000000 0.000000
    outer loop
      vertex -3.159012 -0.759100 3.000750
      vertex 3.159012 -0.759100 2.961000
      vertex 3.159012 -0.759100 3.000750
    endloop
  endfacet
  facet normal 0.000000 0.000000 0.000000
    outer loop
      vertex -3.159012 -0.040900 3.000750
      vertex -3.159012 -0.040900 2.961000
      vertex -3.159012 -0.759100 2.961000
    endloop
  endfacet
  facet normal 0.000000 0.000000 0.000000
    outer loop
      vertex -3.159012 -0.040900 3.000750
      vertex -3.159012 -0.759100 2.961000
      vertex -3.159012 -0.759100 3.000750
    endloop
  endfacet
  facet normal 0.000000 0.000000 0.000000
    outer loop
      vertex 3.159012 -0.040900 3.000750
      vertex 3.159012 -0.040900 2.961000
      vertex -3.159012 -0.040900 2.961000
    endloop
  endfacet
  facet normal 0.000000 0.000000 0.000000
    outer loop
      vertex 3.159012 -0.040900 3.000750
      vertex -3.159012 -0.040900 2.961000
      vertex -3.159012 -0.040900 3.000750
    endloop
  endfacet
  facet normal 0.000000 0.000000 0.000000
    outer loop
      vertex -2.239300 -0.400000 2.961000
      vertex -2.239300 -0.400000 3.120000
      vertex -2.286148 -0.512854 3.120000
    endloop
  endfacet
  facet normal 0.000000 0.000000 0.000000
    outer loop
      vertex -2.239300 -0.400000 2.961000
      vertex -2.286148 -0.512854 3.120000
      vertex -2.286148 -0.512854 2.961000
    endloop
  endfacet
  facet normal 0.000000 0.000000 0.000000
    outer loop
      vertex -2.286148 -0.512854 2.961000
      vertex -2.286148 -0.512854 3.120000
      vertex -2.399250 -0.559600 3.120000
    endloop
  endfacet
  facet normal 0.000000 0.000000 0.000000
    outer loop
      vertex -2.286148 -0.512854 2.961000
      vertex -2.399250 -0.559600 3.120000
      vertex -2.399250 -0.559600 2.961000
    endloop
  endfacet
  facet normal 0.000000 0.000000 0.000000
    outer loop
      vertex -2.399250 -0.559600 2.961000
      vertex -2.399250 -0.559600 3.120000
      vertex -2.512352 -0.512854 3.120000
    endloop
  endfacet
  facet normal 0.000000 0.000000 0.000000
    outer loop
      vertex -2.399250 -0.559600 2.961000
      vertex -2.512352 -0.512854 3.120000
      vertex -2.512352 -0.512854 2.961000
    endloop
  endfacet
  facet normal 0.000000 0.000000 0.000000
    outer loop
      vertex -2.512352 -0.512854 2.961000
      vertex -2.512352 -0.512854 3.120000
      vertex -2.559200 -0.400000 3.120000
    endloop
  endfacet
  facet normal 0.000000 0.000000 0.000000
    outer loop
      vertex -2.512352 -0.512854 2.961000
      vertex -2.559200 -0.400000 3.120000
      vertex -2.559200 -0.400000 2.961000
    endloop
  endfacet
  facet normal 0.000000 0.000000 0.000000
    outer loop
      vertex -2.559200 -0.400000 2.961000
      vertex -2.559200 -0.400000 3.120000
      vertex -2.512352 -0.287146 3.120000
    endloop
  endfacet
  facet normal 0.000000 0.000000 0.000000
    outer loop
      vertex -2.559200 -0.400000 2.961000
      vertex -2.512352 -0.287146 3.120000
      vertex -2.512352 -0.287146 2.961000
    endloop
  endfacet
  facet normal 0.000000 0.000000 0.000000
    outer loop
      vertex -2.512352 -0.287146 2.961000
      vertex -2.512352 -0.287146 3.120000
      vertex -2.399250 -0.240400 3.120000
    endloop
  endfacet
  facet normal 0.000000 0.000000 0.000000
    outer loop
      vertex -2.512352 -0.287146 2.961000
      vertex -2.399250 -0.240400 3.120000
      vertex -2.399250 -0.240400 2.961000
    endloop
  endfacet
  facet normal 0.000000 0.000000 0.000000
    outer loop
      vertex -2.399250 -0.240400 2.961000
      vertex -2.399250 -0.240400 3.120000
      vertex -2.286148 -0.287146 3.120000
    endloop
  endfacet
  facet normal 0.000000 0.000000 0.000000
    outer loop
      vertex -2.399250 -0.240400 2.961000
      vertex -2.286148 -0.287146 3.120000
      vertex -2.286148 -0.287146 2.961000
    endloop
  endfacet
  facet normal 0.000000 0.000000 0.000000
    outer loop
      vertex -2.286148 -0.287146 2.961000
      vertex -2.286148 -0.287146 3.120000
      vertex -2.239300 -0.400000 3.120000
    endloop
  endfacet
  facet normal 0.000000 0.000000 0.000000
    outer loop
      vertex -2.286148 -0.287146 2.961000
      vertex -2.239300 -0.400000 3.120000
      vertex -2.239300 -0.400000 2.961000
    endloop
  endfacet
  facet normal 0.000000 0.000000 0.000000
    outer loop
      vertex -1.439550 -0.400000 2.961000
      vertex -1.439550 -0.400000 3.120000
      vertex -1.486398 -0.512854 3.120000
    endloop
  endfacet
  facet normal 0.000000 0.000000 0.000000
    outer loop
      vertex -1.439550 -0.400000 2.961000
      vertex -1.486398 -0.512854 3.120000
      vertex -1.486398 -0.512854 2.961000
    endloop
  endfacet
  facet normal 0.000000 0.000000 0.000000
    outer loop
      vertex -1.486398 -0.512854 2.961000
      vertex -1.486398 -0.512854 3.120000
      vertex -1.599500 -0.559600 3.120000
    endloop
  endfacet
  facet normal 0.000000 0.000000 0.000000
    outer loop
      vertex -1.486398 -0.512854 2.961000
      vertex -1.599500 -0.559600 3.120000
      vertex -1.599500 -0.559600 2.961000
    endloop
  endfacet
  facet normal 0.000000 0.000000 0.000000
    outer loop
      vertex -1.599500 -0.559600 2.961000
      vertex -1.599500 -0.559600 3.120000
      vertex -1.712602 -0.512854 3.120000
    endloop
  endfacet
  facet normal 0.000000 0.000000 0.000000
    outer loop
      vertex -1.599500 -0.559600 2.961000
      vertex -1.712602 -0.512854 3.120000
      vertex -1.712602 -0.512854 2.961000
    endloop
  endfacet
  facet normal 0.000000 0.000000 0.000000
    outer loop
      vertex -1.712602 -0.512854 2.961000
      vertex -1.712602 -0.512854 3.120000
      vertex -1.759450 -0.400000 3.120000
    endloop
  endfacet
  facet normal 0.000000 0.000000 0.000000
    outer loop
      vertex -1.712602 -0.512854 2.961000
      vertex -1.759450 -0.400000 3.120000
      vertex -1.759450 -0.400000 2.961000
    endloop
  endfacet
  facet normal 0.000000 0.000000 0.000000
    outer loop
      vertex -1.759450 -0.400000 2.961000
      vertex -1.759450 -0.400000 3.120000
      vertex -1.712602 -0.287146 3.120000
    endloop
  endfacet
  facet normal 0.000000 0.000000 0.000000
    outer loop
      vertex -1.759450 -0.400000 2.961000
      vertex -1.712602 -0.287146 3.120000
      vertex -1.712602 -0.287146 2.961000
    endloop
  endfacet
  facet normal 0.000000 0.000000 0.000000
    outer loop
      vertex -1.712602 -0.287146 2.961000
      vertex -1.712602 -0.287146 3.120000
      vertex -1.599500 -0.240400 3.120000
    endloop
  endfacet
  facet normal 0.000000 0.000000 0.000000
    outer loop
      vertex -1.712602 -0.287146 2.961000
      vertex -1.599500 -0.240400 3.120000
      vertex -1.599500 -0.240400 2.961000
    endloop
  endfacet
  facet normal 0.000000 0.000000 0.000000
    outer loop
      vertex -1.599500 -0.240400 2.961000
      vertex -1.599500 -0.240400 3.120000
      vertex -1.486398 -0.287146 3.120000
    endloop
  endfacet
  facet normal 0.000000 0.000000 0.000000
    outer loop
      vertex -1.599500 -0.240400 2.961000
      vertex -1.486398 -0.287146 3.120000
      vertex -1.486398 -0.287146 2.961000
    endloop
  endfacet
  facet normal 0.000000 0.000000 0.000000
    outer loop
      vertex -1.486398 -0.287146 2.961000
      vertex -1.486398 -0.287146 3.120000
      vertex -1.439550 -0.400000 3.120000
    endloop
  endfacet
  facet normal 0.000000 0.000000 0.000000
    outer loop
      vertex -1.486398 -0.287146 2.961000
      vertex -1.439550 -0.400000 3.120000
      vertex -1.439550 -0.400000 2.961000
    endloop
  endfacet
  facet normal 0.000000 0.000000 0.000000
    outer loop
      vertex -0.639800 -0.400000 2.961000
      vertex -0.639800 -0.400000 3.120000
      vertex -0.686648 -0.512854 3.120000
    endloop
  endfacet
  facet normal 0.000000 0.000000 0.000000
    outer loop
      vertex -0.639800 -0.400000 2.961000
      vertex -0.686648 -0.512854 3.120000
      vertex -0.686648 -0.512854 2.961000
    endloop
  endfacet
  facet normal 0.000000 0.000000 0.000000
    outer loop
      vertex -0.686648 -0.512854 2.961000
      vertex -0.686648 -0.512854 3.120000
      vertex -0.799750 -0.559600 3.120000
    endloop
  endfacet
  facet normal 0.000000 0.000000 0.000000
    outer loop
      vertex -0.686648 -0.512854 2.961000
      vertex -0.799750 -0.559600 3.120000
      vertex -0.799750 -0.559600 2.961000
    endloop
  endfacet
  facet normal 0.000000 0.000000 0.000000
    outer loop
      vertex -0.799750 -0.559600 2.961000
      vertex -0.799750 -0.559600 3.120000
      vertex -0.912852 -0.512854 3.120000
    endloop
  endfacet
  facet normal 0.000000 0.000000 0.000000
    outer loop
      vertex -0.799750 -0.559600 2.961000
      vertex -0.912852 -0.512854 3.120000
      vertex -0.912852 -0.512854 2.961000
    endloop
  endfacet
  facet normal 0.000000 0.000000 0.000000
    outer loop
      vertex -0.912852 -0.512854 2.961000
      vertex -0.912852 -0.512854 3.120000
      vertex -0.959700 -0.400000 3.120000
    endloop
  endfacet
  facet normal 0.000000 0.000000 0.000000
    outer loop
      vertex -0.912852 -0.512854 2.961000
      vertex -0.959700 -0.400000 3.120000
      vertex -0.959700 -0.400000 2.961000
    endloop
  endfacet
  facet normal 0.000000 0.000000 0.000000
    outer loop
      vertex -0.959700 -0.400000 2.961000
      vertex -0.959700 -0.400000 3.120000
      vertex -0.912852 -0.287146 3.120000
    endloop
  endfacet
  facet normal 0.000000 0.000000 0.000000
    outer loop
      vertex -0.959700 -0.400000 2.961000
      vertex -0.912852 -0.287146 3.120000
      vertex -0.912852 -0.287146 2.961000
    endloop
  endfacet
  facet normal 0.000000 0.000000 0.000000
    outer loop
      vertex -0.912852 -0.287146 2.961000
      vertex -0.912852 -0.287146 3.120000
      vertex -0.799750 -0.240400 3.120000
    endloop
  endfacet
  facet normal 0.000000 0.000000 0.000000
    outer loop
      vertex -0.912852 -0.287146 2.961000
      vertex -0.799750 -0.240400 3.120000
      vertex -0.799750 -0.240400 2.961000
    endloop
  endfacet
  facet normal 0.000000 0.000000 0.000000
    outer loop
      vertex -0.799750 -0.240400 2.961000
      vertex -0.799750 -0.240400 3.120000
      vertex -0.686648 -0.287146 3.120000
    endloop
  endfacet
  facet normal 0.000000 0.000000 0.000000
    outer loop
      vertex -0.799750 -0.240400 2.961000
      vertex -0.686648 -0.287146 3.120000
      vertex -0.686648 -0.287146 2.961000
    endloop
  endfacet
  facet normal 0.000000 0.000000 0.000000
    outer loop
      vertex -0.686648 -0.287146 2.961000
      vertex -0.686648 -0.287146 3.120000
      vertex -0.639800 -0.400000 3.120000
    endloop
  endfacet
  facet normal 0.000000 0.000000 0.000000
    outer loop
      vertex -0.686648 -0.287146 2.961000
      vertex -0.639800 -0.400000 3.120000
      vertex -0.639800 -0.400000 2.961000
    endloop
  endfacet
  facet normal 0.000000 0.000000 0.000000
    outer loop
      vertex 0.159950 -0.400000 2.961000
      vertex 0.159950 -0.400000 3.120000
      vertex 0.113102 -0.512854 3.120000
    endloop
  endfacet
  facet normal 0.000000 0.000000 0.000000
    outer loop
      vertex 0.159950 -0.400000 2.961000
      vertex 0.113102 -0.512854 3.120000
      vertex 0.113102 -0.512854 2.961000
    endloop
  endfacet
  facet normal 0.000000 0.000000 0.000000
    outer loop
      vertex 0.113102 -0.512854 2.961000
      vertex 0.113102 -0.512854 3.120000
      vertex 0.000000 -0.559600 3.120000
    endloop
  endfacet
  facet normal 0.000000 0.000000 0.000000
    outer loop
      vertex 0.113102 -0.512854 2.961000
      vertex 0.000000 -0.559600 3.120000
      vertex 0.000000 -0.559600 2.961000
    endloop
  endfacet
  facet normal 0.000000 0.000000 0.000000
    outer loop
      vertex 0.000000 -0.559600 2.961000
      vertex 0.000000 -0.559600 3.120000
      vertex -0.113102 -0.512854 3.120000
    endloop
  endfacet
  facet normal 0.000000 0.000000 0.000000
    outer loop
      vertex 0.000000 -0.559600 2.961000
      vertex -0.113102 -0.512854 3.120000
      vertex -0.113102 -0.512854 2.961000
    endloop
  endfacet
  facet normal 0.000000 0.000000 0.000000
    outer loop
      vertex -0.113102 -0.512854 2.961000
      vertex -0.113102 -0.512854 3.120000
      vertex -0.159950 -0.400000 3.120000
    endloop
  endfacet
  facet normal 0.000000 0.000000 0.000000
    outer loop
      vertex -0.113102 -0.512854 2.961000
      vertex -0.159950 -0.400000 3.120000
      vertex -0.159950 -0.400000 2.961000
    endloop
  endfacet
  facet normal 0.000000 0.000000 0.000000
    outer loop
      vertex -0.159950 -0.400000 2.961000
      vertex -0.159950 -0.400000 3.120000
      vertex -0.113102 -0.287146 3.120000
    endloop
  endfacet
  facet normal 0.000000 0.000000 0.000000
    outer loop
      vertex -0.159950 -0.400000 2.961000
      vertex -0.113102 -0.287146 3.120000
      vertex -0.113102 -0.287146 2.961000
    endloop
  endfacet
  facet normal 0.000000 0.000000 0.000000
    outer loop
      vertex -0.113102 -0.287146 2.961000
      vertex -0.113102 -0.287146 3.120000
      vertex -0.000000 -0.240400 3.120000
    endloop
  endfacet
  facet normal 0.000000 0.000000 0.000000
    outer loop
      vertex -0.113102 -0.287146 2.961000
      vertex -0.000000 -0.240400 3.120000
      vertex -0.000000 -0.240400 2.961000
    endloop
  endfacet
  facet normal 0.000000 0.000000 0.000000
    outer loop
      vertex -0.000000 -0.240400 2.961000
      vertex -0.000000 -0.240400 3.120000
      vertex 0.113102 -0.287146 3.120000
    endloop
  endfacet
  facet normal 0.000000 0.000000 0.000000
    outer loop
      vertex -0.000000 -0.240400 2.961000
      vertex 0.113102 -0.287146 3.120000
      vertex 0.113102 -0.287146 2.961000
    endloop
  endfacet
  facet normal 0.000000 0.000000 0.000000
    outer loop
      vertex 0.113102 -0.287146 2.961000
      vertex 0.113102 -0.287146 3.120000
      vertex 0.159950 -0.400000 3.120000
    endloop
  endfacet
  facet normal 0.000000 0.000000 0.000000
    outer loop
      vertex 0.113102 -0.287146 2.961000
      vertex 0.159950 -0.400000 3.120000
      vertex 0.159950 -0.400000 2.961000
    endloop
  endfacet
  facet normal 0.000000 0.000000 0.000000
    outer loop
      vertex 0.959700 -0.400000 2.961000
      vertex 0.959700 -0.400000 3.120000
      vertex 0.912852 -0.512854 3.120000
    endloop
  endfacet
  facet normal 0.000000 0.000000 0.000000
    outer loop
      vertex 0.959700 -0.400000 2.961000
      vertex 0.912852 -0.512854 3.120000
      vertex 0.912852 -0.512854 2.961000
    endloop
  endfacet
  facet normal 0.000000 0.000000 0.000000
    outer loop
      vertex 0.912852 -0.512854 2.961000
      vertex 0.912852 -0.512854 3.120000
      vertex 0.799750 -0.559600 3.120000
    endloop
  endfacet
  facet normal 0.000000 0.000000 0.000000
    outer loop
      vertex 0.912852 -0.512854 2.961000
      vertex 0.799750 -0.559600 3.120000
      vertex 0.799750 -0.559600 2.961000
    endloop
  endfacet
  facet normal 0.000000 0.000000 0.000000
    outer loop
      vertex 0.799750 -0.559600 2.961000
      vertex 0.799750 -0.559600 3.120000
      vertex 0.686648 -0.512854 3.120000
    endloop
  endfacet
  facet normal 0.000000 0.000000 0.000000
    outer loop
      vertex 0.799750 -0.559600 2.961000
      vertex 0.686648 -0.512854 3.120000
      vertex 0.686648 -0.512854 2.961000
    endloop
  endfacet
  facet normal 0.000000 0.000000 0.000000
    outer loop
      vertex 0.686648 -0.512854 2.961000
      vertex 0.686648 -0.512854 3.120000
      vertex 0.639800 -0.400000 3.120000
    endloop
  endfacet
  facet normal 0.000000 0.000000 0.000000
    outer loop
      vertex 0.686648 -0.512854 2.961000
      vertex 0.639800 -0.400000 3.120000
      vertex 0.639800 -0.400000 2.961000
    endloop
  endfacet
  facet normal 0.000000 0.000000 0.000000
    outer loop
      vertex 0.639800 -0.400000 2.961000
      vertex 0.639800 -0.400000 3.120000
      vertex 0.686648 -0.287146 3.120000
    endloop
  endfacet
  facet normal 0.000000 0.000000 0.000000
    outer loop
      vertex 0.639800 -0.400000 2.961000
      vertex 0.686648 -0.287146 3.120000
      vertex 0.686648 -0.287146 2.961000
    endloop
  endfacet
  facet normal 0.000000 0.000000 0.000000
    outer loop
      vertex 0.686648 -0.287146 2.961000
      vertex 0.686648 -0.287146 3.120000
      vertex 0.799750 -0.240400 3.120000
    endloop
  endfacet
  facet normal 0.000000 0.000000 0.000000
    outer loop
      vertex 0.686648 -0.287146 2.961000
      vertex 0.799750 -0.240400 3.120000
      vertex 0.799750 -0.240400 2.961000
    endloop
  endfacet
  facet normal 0.000000 0.000000 0.000000
    outer loop
      vertex 0.799750 -0.240400 2.961000
      vertex 0.799750 -0.240400 3.120000
      vertex 0.912852 -0.287146 3.120000
    endloop
  endfacet
  facet normal 0.000000 0.000000 0.000000
    outer loop
      vertex 0.799750 -0.240400 2.961000
      vertex 0.912852 -0.287146 3.120000
      vertex 0.912852 -0.287146 2.961000
    endloop
  endfacet
  facet normal 0.000000 0.000000 0.000000
    outer loop
      vertex 0.912852 -0.287146 2.961000
      vertex 0.912852 -0.287146 3.120000
      vertex 0.959700 -0.400000 3.120000
    endloop
  endfacet
  facet normal 0.000000 0.000000 0.000000
    outer loop
      vertex 0.912852 -0.287146 2.961000
      vertex 0.959700 -0.400000 3.120000
      vertex 0.959700 -0.400000 2.961000
    endloop
  endfacet
  facet normal 0.000000 0.000000 0.000000
    outer loop
      vertex 1.759450 -0.400000 2.961000
      vertex 1.759450 -0.400000 3.120000
      vertex 1.712602 -0.512854 3.120000
    endloop
  endfacet
  facet normal 0.000000 0.000000 0.000000
    outer loop
      vertex 1.759450 -0.400000 2.961000
      vertex 1.712602 -0.512854 3.120000
      vertex 1.712602 -0.512854 2.961000
    endloop
  endfacet
  facet normal 0.000000 0.000000 0.000000
    outer loop
      vertex 1.712602 -0.512854 2.961000
      vertex 1.712602 -0.512854 3.120000
      vertex 1.599500 -0.559600 3.120000
    endloop
  endfacet
  facet normal 0.000000 0.000000 0.000000
    outer loop
      vertex 1.712602 -0.512854 2.961000
      vertex 1.599500 -0.559600 3.120000
      vertex 1.599500 -0.559600 2.961000
    endloop
  endfacet
  facet normal 0.000000 0.000000 0.000000
    outer loop
      vertex 1.599500 -0.559600 2.961000
      vertex 1.599500 -0.559600 3.120000
      vertex 1.486398 -0.512854 3.120000
    endloop
  endfacet
  facet normal 0.000000 0.000000 0.000000
    outer loop
      vertex 1.599500 -0.559600 2.961000
      vertex 1.486398 -0.512854 3.120000
      vertex 1.486398 -0.512854 2.961000
    endloop
  endfacet
  facet normal 0.000000 0.000000 0.000000
    outer loop
      vertex 1.486398 -0.512854 2.961000
      vertex 1.486398 -0.512854 3.120000
      vertex 1.439550 -0.400000 3.120000
    endloop
  endfacet
  facet normal 0.000000 0.000000 0.000000
    outer loop
      vertex 1.486398 -0.512854 2.961000
      vertex 1.439550 -0.400000 3.120000
      vertex 1.439550 -0.400000 2.961000
    endloop
  endfacet
  facet normal 0.000000 0.000000 0.000000
    outer loop
      vertex 1.439550 -0.400000 2.961000
      vertex 1.439550 -0.400000 3.120000
      vertex 1.486398 -0.287146 3.120000
    endloop
  endfacet
  facet normal 0.000000 0.000000 0.000000
    outer loop
      vertex 1.439550 -0.400000 2.961000
      vertex 1.486398 -0.287146 3.120000
      vertex 1.486398 -0.287146 2.961000
    endloop
  endfacet
  facet normal 0.000000 0.000000 0.000000
    outer loop
      vertex 1.486398 -0.287146 2.961000
      vertex 1.486398 -0.287146 3.120000
      vertex 1.599500 -0.240400 3.120000
    endloop
  endfacet
  facet normal 0.000000 0.000000 0.000000
    outer loop
      vertex 1.486398 -0.287146 2.961000
      vertex 1.599500 -0.240400 3.120000
      vertex 1.599500 -0.240400 2.961000
    endloop
  endfacet
  facet normal 0.000000 0.000000 0.000000
    outer loop
      vertex 1.599500 -0.240400 2.961000
      vertex 1.599500 -0.240400 3.120000
      vertex 1.712602 -0.287146 3.120000
    endloop
  endfacet
  facet normal 0.000000 0.000000 0.000000
    outer loop
      vertex 1.599500 -0.240400 2.961000
      vertex 1.712602 -0.287146 3.120000
      vertex 1.712602 -0.287146 2.961000
    endloop
  endfacet
  facet normal 0.000000 0.000000 0.000000
    outer loop
      vertex 1.712602 -0.287146 2.961000
      vertex 1.712602 -0.287146 3.120000
      vertex 1.759450 -0.400000 3.120000
    endloop
  endfacet
  facet normal 0.000000 0.000000 0.000000
    outer loop
      vertex 1.712602 -0.287146 2.961000
      vertex 1.759450 -0.400000 3.120000
      vertex 1.759450 -0.400000 2.961000
    endloop
  endfacet
  facet normal 0.000000 0.000000 0.000000
    outer loop
      vertex 2.559200 -0.400000 2.961000
      vertex 2.559200 -0.400000 3.120000
      vertex 2.512352 -0.512854 3.120000
    endloop
  endfacet
  facet normal 0.000000 0.000000 0.000000
    outer loop
      vertex 2.559200 -0.400000 2.961000
      vertex 2.512352 -0.512854 3.120000
      vertex 2.512352 -0.512854 2.961000
    endloop
  endfacet
  facet normal 0.000000 0.000000 0.000000
    outer loop
      vertex 2.512352 -0.512854 2.961000
      vertex 2.512352 -0.512854 3.120000
      vertex 2.399250 -0.559600 3.120000
    endloop
  endfacet
  facet normal 0.000000 0.000000 0.000000
    outer loop
      vertex 2.512352 -0.512854 2.961000
      vertex 2.399250 -0.559600 3.120000
      vertex 2.399250 -0.559600 2.961000
    endloop
  endfacet
  facet normal 0.000000 0.000000 0.000000
    outer loop
      vertex 2.399250 -0.559600 2.961000
      vertex 2.399250 -0.559600 3.120000
      vertex 2.286148 -0.512854 3.120000
    endloop
  endfacet
  facet normal 0.000000 0.000000 0.000000
    outer loop
      vertex 2.399250 -0.559600 2.961000
      vertex 2.286148 -0.512854 3.120000
      vertex 2.286148 -0.512854 2.961000
    endloop
  endfacet
  facet normal 0.000000 0.000000 0.000000
    outer loop
      vertex 2.286148 -0.512854 2.961000
      vertex 2.286148 -0.512854 3.120000
      vertex 2.239300 -0.400000 3.120000
    endloop
  endfacet
  facet normal 0.000000 0.000000 0.000000
    outer loop
      vertex 2.286148 -0.512854 2.961000
      vertex 2.239300 -0.400000 3.120000
      vertex 2.239300 -0.400000 2.961000
    endloop
  endfacet
  facet normal 0.000000 0.000000 0.000000
    outer loop
      vertex 2.239300 -0.400000 2.961000
      vertex 2.239300 -0.400000 3.120000
      vertex 2.286148 -0.287146 3.120000
    endloop
  endfacet
  facet normal 0.000000 0.000000 0.000000
    outer loop
      vertex 2.239300 -0.400000 2.961000
      vertex 2.286148 -0.287146 3.120000
      vertex 2.286148 -0.287146 2.961000
    endloop
  endfacet
  facet normal 0.000000 0.000000 0.000000
    outer loop
      vertex 2.286148 -0.287146 2.961000
      vertex 2.286148 -0.287146 3.120000
      vertex 2.399250 -0.240400 3.120000
    endloop
  endfacet
  facet normal 0.000000 0.000000 0.000000
    outer loop
      vertex 2.286148 -0.287146 2.961000
      vertex 2.399250 -0.240400 3.120000
      vertex 2.399250 -0.240400 2.961000
    endloop
  endfacet
  facet normal 0.000000 0.000000 0.000000
    outer loop
      vertex 2.399250 -0.240400 2.961000
      vertex 2.399250 -0.240400 3.120000
      vertex 2.512352 -0.287146 3.120000
    endloop
  endfacet
  facet normal 0.000000 0.000000 0.000000
    outer loop
      vertex 2.399250 -0.240400 2.961000
      vertex 2.512352 -0.287146 3.120000
      vertex 2.512352 -0.287146 2.961000
    endloop
  endfacet
  facet normal 0.000000 0.000000 0.000000
    outer loop
      vertex 2.512352 -0.287146 2.961000
      vertex 2.512352 -0.287146 3.120000
      vertex 2.559200 -0.400000 3.120000
    endloop
  endfacet
  facet normal 0.000000 0.000000 0.000000
    outer loop
      vertex 2.512352 -0.287146 2.961000
      vertex 2.559200 -0.400000 3.120000
      vertex 2.559200 -0.400000 2.961000
    endloop
  endfacet
  facet normal 0.000000 0.000000 0.000000
    outer loop
      vertex 2.559200 -0.400000 2.641000
      vertex 2.512352 -0.512854 2.641000
      vertex 2.399250 -0.400000 2.641000
    endloop
  endfacet
  facet normal 0.000000 0.000000 0.000000
    outer loop
      vertex 2.512352 -0.512854 2.641000
      vertex 2.399250 -0.559600 2.641000
      vertex 2.399250 -0.400000 2.641000
    endloop
  endfacet
  facet normal 0.000000 0.000000 0.000000
    outer loop
      vertex 2.399250 -0.559600 2.641000
      vertex 2.286148 -0.512854 2.641000
      vertex 2.399250 -0.400000 2.641000
    endloop
  endfacet
  facet normal 0.000000 0.000000 0.000000
    outer loop
      vertex 2.286148 -0.512854 2.641000
      vertex 2.239300 -0.400000 2.641000
      vertex 2.399250 -0.400000 2.641000
    endloop
  endfacet
  facet normal 0.000000 0.000000 0.000000
    outer loop
      vertex 2.239300 -0.400000 2.641000
      vertex 2.286148 -0.287146 2.641000
      vertex 2.399250 -0.400000 2.641000
    endloop
  endfacet
  facet normal 0.000000 0.000000 0.000000
    outer loop
      vertex 2.286148 -0.287146 2.641000
      vertex 2.399250 -0.240400 2.641000
      vertex 2.399250 -0.400000 2.641000
    endloop
  endfacet
  facet normal 0.000000 0.000000 0.000000
    outer loop
      vertex 2.399250 -0.240400 2.641000
      vertex 2.512352 -0.287146 2.641000
      vertex 2.399250 -0.400000 2.641000
    endloop
  endfacet
  facet normal 0.000000 0.000000 0.000000
    outer loop
      vertex 2.512352 -0.287146 2.641000
      vertex 2.559200 -0.400000 2.641000
      vertex 2.399250 -0.400000 2.641000
    endloop
  endfacet
  facet normal 0.000000 0.000000 0.000000
    outer loop
      vertex 1.759450 -0.400000 2.641000
      vertex 1.712602 -0.512854 2.641000
      vertex 1.599500 -0.400000 2.641000
    endloop
  endfacet
  facet normal 0.000000 0.000000 0.000000
    outer loop
      vertex 1.712602 -0.512854 2.641000
      vertex 1.599500 -0.559600 2.641000
      vertex 1.599500 -0.400000 2.641000
    endloop
  endfacet
  facet normal 0.000000 0.000000 0.000000
    outer loop
      vertex 1.599500 -0.559600 2.641000
      vertex 1.486398 -0.512854 2.641000
      vertex 1.599500 -0.400000 2.641000
    endloop
  endfacet
  facet normal 0.000000 0.000000 0.000000
    outer loop
      vertex 1.486398 -0.512854 2.641000
      vertex 1.439550 -0.400000 2.641000
      vertex 1.599500 -0.400000 2.641000
    endloop
  endfacet
  facet normal 0.000000 0.000000 0.000000
    outer loop
      vertex 1.439550 -0.400000 2.641000
      vertex 1.486398 -0.287146 2.641000
      vertex 1.599500 -0.400000 2.641000
    endloop
  endfacet
  facet normal 0.000000 0.000000 0.000000
    outer loop
      vertex 1.486398 -0.287146 2.641000
      vertex 1.599500 -0.240400 2.641000
      vertex 1.599500 -0.400000 2.641000
    endloop
  endfacet
  facet normal 0.000000 0.000000 0.000000
    outer loop
      vertex 1.599500 -0.240400 2.641000
      vertex 1.712602 -0.287146 2.641000
      vertex 1.599500 -0.400000 2.641000
    endloop
  endfacet
  facet normal 0.000000 0.000000 0.000000
    outer loop
      vertex 1.712602 -0.287146 2.641000
      vertex 1.759450 -0.400000 2.641000
      vertex 1.599500 -0.400000 2.641000
    endloop
  endfacet
  facet normal 0.000000 0.000000 0.000000
    outer loop
      vertex 0.959700 -0.400000 2.641000
      vertex 0.912852 -0.512854 2.641000
      vertex 0.799750 -0.400000 2.641000
    endloop
  endfacet
  facet normal 0.000000 0.000000 0.000000
    outer loop
      vertex 0.912852 -0.512854 2.641000
      vertex 0.799750 -0.559600 2.641000
      vertex 0.799750 -0.400000 2.641000
    endloop
  endfacet
  facet normal 0.000000 0.000000 0.000000
    outer loop
      vertex 0.799750 -0.559600 2.641000
      vertex 0.686648 -0.512854 2.641000
      vertex 0.799750 -0.400000 2.641000
    endloop
  endfacet
  facet normal 0.000000 0.000000 0.000000
    outer loop
      vertex 0.686648 -0.512854 2.641000
      vertex 0.639800 -0.400000 2.641000
      vertex 0.799750 -0.400000 2.641000
    endloop
  endfacet
  facet normal 0.000000 0.000000 0.000000
    outer loop
      vertex 0.639800 -0.400000 2.641000
      vertex 0.686648 -0.287146 2.641000
      vertex 0.799750 -0.400000 2.641000
    endloop
  endfacet
  facet normal 0.000000 0.000000 0.000000
    outer loop
      vertex 0.686648 -0.287146 2.641000
      vertex 0.799750 -0.240400 2.641000
      vertex 0.799750 -0.400000 2.641000
    endloop
  endfacet
  facet normal 0.000000 0.000000 0.000000
    outer loop
      vertex 0.799750 -0.240400 2.641000
      vertex 0.912852 -0.287146 2.641000
      vertex 0.799750 -0.400000 2.641000
    endloop
  endfacet
  facet normal 0.000000 0.000000 0.000000
    outer loop
      vertex 0.912852 -0.287146 2.641000
      vertex 0.959700 -0.400000 2.641000
      vertex 0.799750 -0.400000 2.641000
    endloop
  endfacet
  facet normal 0.000000 0.000000 0.000000
    outer loop
      vertex 0.159950 -0.400000 2.641000
      vertex 0.113102 -0.512854 2.641000
      vertex 0.000000 -0.400000 2.641000
    endloop
  endfacet
  facet normal 0.000000 0.000000 0.000000
    outer loop
      vertex 0.113102 -0.512854 2.641000
      vertex 0.000000 -0.559600 2.641000
      vertex 0.000000 -0.400000 2.641000
    endloop
  endfacet
  facet normal 0.000000 0.000000 0.000000
    outer loop
      vertex 0.000000 -0.559600 2.641000
      vertex -0.113102 -0.512854 2.641000
      vertex 0.000000 -0.400000 2.641000
    endloop
  endfacet
  facet normal 0.000000 0.000000 0.000000
    outer loop
      vertex -0.113102 -0.512854 2.641000
      vertex -0.159950 -0.400000 2.641000
      vertex 0.000000 -0.400000 2.641000
    endloop
  endfacet
  facet normal 0.000000 0.000000 0.000000
    outer loop
      vertex -0.159950 -0.400000 2.641000
      vertex -0.113102 -0.287146 2.641000
      vertex 0.000000 -0.400000 2.641000
    endloop
  endfacet
  facet normal 0.000000 0.000000 0.000000
    outer loop
      vertex -0.113102 -0.287146 2.641000
      vertex -0.000000 -0.240400 2.641000
      vertex 0.000000 -0.400000 2.641000
    endloop
  endfacet
  facet normal 0.000000 0.000000 0.000000
    outer loop
      vertex -0.000000 -0.240400 2.641000
      vertex 0.113102 -0.287146 2.641000
      vertex 0.000000 -0.400000 2.641000
    endloop
  endfacet
  facet normal 0.000000 0.000000 0.000000
    outer loop
      vertex 0.113102 -0.287146 2.641000
      vertex 0.159950 -0.400000 2.641000
      vertex 0.000000 -0.400000 2.641000
    endloop
  endfacet
  facet normal 0.000000 0.000000 0.000000
    outer loop
      vertex -0.639800 -0.400000 2.641000
      vertex -0.686648 -0.512854 2.641000
      vertex -0.799750 -0.400000 2.641000
    endloop
  endfacet
  facet normal 0.000000 0.000000 0.000000
    outer loop
      vertex -0.686648 -0.512854 2.641000
      vertex -0.799750 -0.559600 2.641000
      vertex -0.799750 -0.400000 2.641000
    endloop
  endfacet
  facet normal 0.000000 0.000000 0.000000
    outer loop
      vertex -0.799750 -0.559600 2.641000
      vertex -0.912852 -0.512854 2.641000
      vertex -0.799750 -0.400000 2.641000
    endloop
  endfacet
  facet normal 0.000000 0.000000 0.000000
    outer loop
      vertex -0.912852 -0.512854 2.641000
      vertex -0.959700 -0.400000 2.641000
      vertex -0.799750 -0.400000 2.641000
    endloop
  endfacet
  facet normal 0.000000 0.000000 0.000000
    outer loop
      vertex -0.959700 -0.400000 2.641000
      vertex -0.912852 -0.287146 2.641000
      vertex -0.799750 -0.400000 2.641000
    endloop
  endfacet
  facet normal 0.000000 0.000000 0.000000
    outer loop
      vertex -0.912852 -0.287146 2.641000
      vertex -0.799750 -0.240400 2.641000
      vertex -0.799750 -0.400000 2.641000
    endloop
  endfacet
  facet normal 0.000000 0.000000 0.000000
    outer loop
      vertex -0.799750 -0.240400 2.641000
      vertex -0.686648 -0.287146 2.641000
      vertex -0.799750 -0.400000 2.641000
    endloop
  endfacet
  facet normal 0.000000 0.000000 0.000000
    outer loop
      vertex -0.686648 -0.287146 2.641000
      vertex -0.639800 -0.400000 2.641000
      vertex -0.799750 -0.400000 2.641000
    endloop
  endfacet
  facet normal 0.000000 0.000000 0.000000
    outer loop
      vertex -1.439550 -0.400000 2.641000
      vertex -1.486398 -0.512854 2.641000
      vertex -1.599500 -0.400000 2.641000
    endloop
  endfacet
  facet normal 0.000000 0.000000 0.000000
    outer loop
      vertex -1.486398 -0.512854 2.641000
      vertex -1.599500 -0.559600 2.641000
      vertex -1.599500 -0.400000 2.641000
    endloop
  endfacet
  facet normal 0.000000 0.000000 0.000000
    outer loop
      vertex -1.599500 -0.559600 2.641000
      vertex -1.712602 -0.512854 2.641000
      vertex -1.599500 -0.400000 2.641000
    endloop
  endfacet
  facet normal 0.000000 0.000000 0.000000
    outer loop
      vertex -1.712602 -0.512854 2.641000
      vertex -1.759450 -0.400000 2.641000
      vertex -1.599500 -0.400000 2.641000
    endloop
  endfacet
  facet normal 0.000000 0.000000 0.000000
    outer loop
      vertex -1.759450 -0.400000 2.641000
      vertex -1.712602 -0.287146 2.641000
      vertex -1.599500 -0.400000 2.641000
    endloop
  endfacet
  facet normal 0.000000 0.000000 0.000000
    outer loop
      vertex -1.712602 -0.287146 2.641000
      vertex -1.599500 -0.240400 2.641000
      vertex -1.599500 -0.400000 2.641000
    endloop
  endfacet
  facet normal 0.000000 0.000000 0.000000
    outer loop
      vertex -1.599500 -0.240400 2.641000
      vertex -1.486398 -0.287146 2.641000
      vertex -1.599500 -0.400000 2.641000
    endloop
  endfacet
  facet normal 0.000000 0.000000 0.000000
    outer loop
      vertex -1.486398 -0.287146 2.641000
      vertex -1.439550 -0.400000 2.641000
      vertex -1.599500 -0.400000 2.641000
    endloop
  endfacet
  facet normal 0.000000 0.000000 0.000000
    outer loop
      vertex -2.239300 -0.400000 2.641000
      vertex -2.286148 -0.512854 2.641000
      vertex -2.399250 -0.400000 2.641000
    endloop
  endfacet
  facet normal 0.000000 0.000000 0.000000
    outer loop
      vertex -2.286148 -0.512854 2.641000
      vertex -2.399250 -0.559600 2.641000
      vertex -2.399250 -0.400000 2.641000
    endloop
  endfacet
  facet normal 0.000000 0.000000 0.000000
    outer loop
      vertex -2.399250 -0.559600 2.641000
      vertex -2.512352 -0.512854 2.641000
      vertex -2.399250 -0.400000 2.641000
    endloop
  endfacet
  facet normal 0.000000 0.000000 0.000000
    outer loop
      vertex -2.512352 -0.512854 2.641000
      vertex -2.559200 -0.400000 2.641000
      vertex -2.399250 -0.400000 2.641000
    endloop
  endfacet
  facet normal 0.000000 0.000000 0.000000
    outer loop
      vertex -2.559200 -0.400000 2.641000
      vertex -2.512352 -0.287146 2.641000
      vertex -2.399250 -0.400000 2.641000
    endloop
  endfacet
  facet normal 0.000000 0.000000 0.000000
    outer loop
      vertex -2.512352 -0.287146 2.641000
      vertex -2.399250 -0.240400 2.641000
      vertex -2.399250 -0.400000 2.641000
    endloop
  endfacet
  facet normal 0.000000 0.000000 0.000000
    outer loop
      vertex -2.399250 -0.240400 2.641000
      vertex -2.286148 -0.287146 2.641000
      vertex -2.399250 -0.400000 2.641000
    endloop
  endfacet
  facet normal 0.000000 0.000000 0.000000
    outer loop
      vertex -2.286148 -0.287146 2.641000
      vertex -2.239300 -0.400000 2.641000
      vertex -2.399250 -0.400000 2.641000
    endloop
  endfacet
  facet normal 0.000000 0.000000 0.000000
    outer loop
      vertex 3.199000 -0.001000 2.641000
      vertex 3.039050 -0.160600 2.641000
      vertex -3.039050 -0.160600 2.641000
    endloop
  endfacet
  facet normal 0.000000 0.000000 0.000000
    outer loop
      vertex 3.199000 -0.001000 2.641000
      vertex -3.039050 -0.160600 2.641000
      vertex -3.199000 -0.001000 2.641000
    endloop
  endfacet
  facet normal 0.000000 0.000000 0.000000
    outer loop
      vertex -3.199000 -0.001000 2.641000
      vertex -3.039050 -0.160600 2.641000
      vertex -3.039050 -0.639400 2.641000
    endloop
  endfacet
  facet normal 0.000000 0.000000 0.000000
    outer loop
      vertex -3.199000 -0.001000 2.641000
      vertex -3.039050 -0.639400 2.641000
      vertex -3.199000 -0.799000 2.641000
    endloop
  endfacet
  facet normal 0.000000 0.000000 0.000000
    outer loop
      vertex -3.199000 -0.799000 2.641000
      vertex -3.039050 -0.639400 2.641000
      vertex 3.039050 -0.639400 2.641000
    endloop
  endfacet
  facet normal 0.000000 0.000000 0.000000
    outer loop
      vertex -3.199000 -0.799000 2.641000
      vertex 3.039050 -0.639400 2.641000
      vertex 3.199000 -0.799000 2.641000
    endloop
  endfacet
  facet normal 0.000000 0.000000 0.000000
    outer loop
      vertex 3.199000 -0.799000 2.641000
      vertex 3.039050 -0.639400 2.641000
      vertex 3.039050 -0.160600 2.641000
    endloop
  endfacet
  facet normal 0.000000 0.000000 0.000000
    outer loop
      vertex 3.199000 -0.799000 2.641000
      vertex 3.039050 -0.160600 2.641000
      vertex 3.199000 -0.001000 2.641000
    endloop
  endfacet
  facet normal 0.000000 0.000000 0.000000
    outer loop
      vertex 2.559200 -0.400000 2.641000
      vertex 2.559200 -0.400000 2.800333
      vertex 2.512352 -0.512854 2.800333
    endloop
  endfacet
  facet normal 0.000000 0.000000 0.000000
    outer loop
      vertex 2.559200 -0.400000 2.641000
      vertex 2.512352 -0.512854 2.800333
      vertex 2.512352 -0.512854 2.641000
    endloop
  endfacet
  facet normal 0.000000 0.000000 0.000000
    outer loop
      vertex 2.512352 -0.512854 2.641000
      vertex 2.512352 -0.512854 2.800333
      vertex 2.399250 -0.559600 2.800333
    endloop
  endfacet
  facet normal 0.000000 0.000000 0.000000
    outer loop
      vertex 2.512352 -0.512854 2.641000
      vertex 2.399250 -0.559600 2.800333
      vertex 2.399250 -0.559600 2.641000
    endloop
  endfacet
  facet normal 0.000000 0.000000 0.000000
    outer loop
      vertex 2.399250 -0.559600 2.641000
      vertex 2.399250 -0.559600 2.800333
      vertex 2.286148 -0.512854 2.800333
    endloop
  endfacet
  facet normal 0.000000 0.000000 0.000000
    outer loop
      vertex 2.399250 -0.559600 2.641000
      vertex 2.286148 -0.512854 2.800333
      vertex 2.286148 -0.512854 2.641000
    endloop
  endfacet
  facet normal 0.000000 0.000000 0.000000
    outer loop
      vertex 2.286148 -0.512854 2.641000
      vertex 2.286148 -0.512854 2.800333
      vertex 2.239300 -0.400000 2.800333
    endloop
  endfacet
  facet normal 0.000000 0.000000 0.000000
    outer loop
      vertex 2.286148 -0.512854 2.641000
      vertex 2.239300 -0.400000 2.800333
      vertex 2.239300 -0.400000 2.641000
    endloop
  endfacet
  facet normal 0.000000 0.000000 0.000000
    outer loop
      vertex 2.239300 -0.400000 2.641000
      vertex 2.239300 -0.400000 2.800333
      vertex 2.286148 -0.287146 2.800333
    endloop
  endfacet
  facet normal 0.000000 0.000000 0.000000
    outer loop
      vertex 2.239300 -0.400000 2.641000
      vertex 2.286148 -0.287146 2.800333
      vertex 2.286148 -0.287146 2.641000
    endloop
  endfacet
  facet normal 0.000000 0.000000 0.000000
    outer loop
      vertex 2.286148 -0.287146 2.641000
      vertex 2.286148 -0.287146 2.800333
      vertex 2.399250 -0.240400 2.800333
    endloop
  endfacet
  facet normal 0.000000 0.000000 0.000000
    outer loop
      vertex 2.286148 -0.287146 2.641000
      vertex 2.399250 -0.240400 2.800333
      vertex 2.399250 -0.240400 2.641000
    endloop
  endfacet
  facet normal 0.000000 0.000000 0.000000
    outer loop
      vertex 2.399250 -0.240400 2.641000
      vertex 2.399250 -0.240400 2.800333
      vertex 2.512352 -0.287146 2.800333
    endloop
  endfacet
  facet normal 0.000000 0.000000 0.000000
    outer loop
      vertex 2.399250 -0.240400 2.641000
      vertex 2.512352 -0.287146 2.800333
      vertex 2.512352 -0.287146 2.641000
    endloop
  endfacet
  facet normal 0.000000 0.000000 0.000000
    outer loop
      vertex 2.512352 -0.287146 2.641000
      vertex 2.512352 -0.287146 2.800333
      vertex 2.559200 -0.400000 2.800333
    endloop
  endfacet
  facet normal 0.000000 0.000000 0.000000
    outer loop
      vertex 2.512352 -0.287146 2.641000
      vertex 2.559200 -0.400000 2.800333
      vertex 2.559200 -0.400000 2.641000
    endloop
  endfacet
  facet normal 0.000000 0.000000 0.000000
    outer loop
      vertex 1.759450 -0.400000 2.641000
      vertex 1.759450 -0.400000 2.800333
      vertex 1.712602 -0.512854 2.800333
    endloop
  endfacet
  facet normal 0.000000 0.000000 0.000000
    outer loop
      vertex 1.759450 -0.400000 2.641000
      vertex 1.712602 -0.512854 2.800333
      vertex 1.712602 -0.512854 2.641000
    endloop
  endfacet
  facet normal 0.000000 0.000000 0.000000
    outer loop
      vertex 1.712602 -0.512854 2.641000
      vertex 1.712602 -0.512854 2.800333
      vertex 1.599500 -0.559600 2.800333
    endloop
  endfacet
  facet normal 0.000000 0.000000 0.000000
    outer loop
      vertex 1.712602 -0.512854 2.641000
      vertex 1.599500 -0.559600 2.800333
      vertex 1.599500 -0.559600 2.641000
    endloop
  endfacet
  facet normal 0.000000 0.000000 0.000000
    outer loop
      vertex 1.599500 -0.559600 2.641000
      vertex 1.599500 -0.559600 2.800333
      vertex 1.486398 -0.512854 2.800333
    endloop
  endfacet
  facet normal 0.000000 0.000000 0.000000
    outer loop
      vertex 1.599500 -0.559600 2.641000
      vertex 1.486398 -0.512854 2.800333
      vertex 1.486398 -0.512854 2.641000
    endloop
  endfacet
  facet normal 0.000000 0.000000 0.000000
    outer loop
      vertex 1.486398 -0.512854 2.641000
      vertex 1.486398 -0.512854 2.800333
      vertex 1.439550 -0.400000 2.800333
    endloop
  endfacet
  facet normal 0.000000 0.000000 0.000000
    outer loop
      vertex 1.486398 -0.512854 2.641000
      vertex 1.439550 -0.400000 2.800333
      vertex 1.439550 -0.400000 2.641000
    endloop
  endfacet
  facet normal 0.000000 0.000000 0.000000
    outer loop
      vertex 1.439550 -0.400000 2.641000
      vertex 1.439550 -0.400000 2.800333
      vertex 1.486398 -0.287146 2.800333
    endloop
  endfacet
  facet normal 0.000000 0.000000 0.000000
    outer loop
      vertex 1.439550 -0.400000 2.641000
      vertex 1.486398 -0.287146 2.800333
      vertex 1.486398 -0.287146 2.641000
    endloop
  endfacet
  facet normal 0.000000 0.000000 0.000000
    outer loop
      vertex 1.486398 -0.287146 2.641000
      vertex 1.486398 -0.287146 2.800333
      vertex 1.599500 -0.240400 2.800333
    endloop
  endfacet
  facet normal 0.000000 0.000000 0.000000
    outer loop
      vertex 1.486398 -0.287146 2.641000
      vertex 1.599500 -0.240400 2.800333
      vertex 1.599500 -0.240400 2.641000
    endloop
  endfacet
  facet normal 0.000000 0.000000 0.000000
    outer loop
      vertex 1.599500 -0.240400 2.641000
      vertex 1.599500 -0.240400 2.800333
      vertex 1.712602 -0.287146 2.800333
    endloop
  endfacet
  facet normal 0.000000 0.000000 0.000000
    outer loop
      vertex 1.599500 -0.240400 2.641000
      vertex 1.712602 -0.287146 2.800333
      vertex 1.712602 -0.287146 2.641000
    endloop
  endfacet
  facet normal 0.000000 0.000000 0.000000
    outer loop
      vertex 1.712602 -0.287146 2.641000
      vertex 1.712602 -0.287146 2.800333
      vertex 1.759450 -0.400000 2.800333
    endloop
  endfacet
  facet normal 0.000000 0.000000 0.000000
    outer loop
      vertex 1.712602 -0.287146 2.641000
      vertex 1.759450 -0.400000 2.800333
      vertex 1.759450 -0.400000 2.641000
    endloop
  endfacet
  facet normal 0.000000 0.000000 0.000000
    outer loop
      vertex 0.959700 -0.400000 2.641000
      vertex 0.959700 -0.400000 2.800333
      vertex 0.912852 -0.512854 2.800333
    endloop
  endfacet
  facet normal 0.000000 0.000000 0.000000
    outer loop
      vertex 0.959700 -0.400000 2.641000
      vertex 0.912852 -0.512854 2.800333
      vertex 0.912852 -0.512854 2.641000
    endloop
  endfacet
  facet normal 0.000000 0.000000 0.000000
    outer loop
      vertex 0.912852 -0.512854 2.641000
      vertex 0.912852 -0.512854 2.800333
      vertex 0.799750 -0.559600 2.800333
    endloop
  endfacet
  facet normal 0.000000 0.000000 0.000000
    outer loop
      vertex 0.912852 -0.512854 2.641000
      vertex 0.799750 -0.559600 2.800333
      vertex 0.799750 -0.559600 2.641000
    endloop
  endfacet
  facet normal 0.000000 0.000000 0.000000
    outer loop
      vertex 0.799750 -0.559600 2.641000
      vertex 0.799750 -0.559600 2.800333
      vertex 0.686648 -0.512854 2.800333
    endloop
  endfacet
  facet normal 0.000000 0.000000 0.000000
    outer loop
      vertex 0.799750 -0.559600 2.641000
      vertex 0.686648 -0.512854 2.800333
      vertex 0.686648 -0.512854 2.641000
    endloop
  endfacet
  facet normal 0.000000 0.000000 0.000000
    outer loop
      vertex 0.686648 -0.512854 2.641000
      vertex 0.686648 -0.512854 2.800333
      vertex 0.639800 -0.400000 2.800333
    endloop
  endfacet
  facet normal 0.000000 0.000000 0.000000
    outer loop
      vertex 0.686648 -0.512854 2.641000
      vertex 0.639800 -0.400000 2.800333
      vertex 0.639800 -0.400000 2.641000
    endloop
  endfacet
  facet normal 0.000000 0.000000 0.000000
    outer loop
      vertex 0.639800 -0.400000 2.641000
      vertex 0.639800 -0.400000 2.800333
      vertex 0.686648 -0.287146 2.800333
    endloop
  endfacet
  facet normal 0.000000 0.000000 0.000000
    outer loop
      vertex 0.639800 -0.400000 2.641000
      vertex 0.686648 -0.287146 2.800333
      vertex 0.686648 -0.287146 2.641000
    endloop
  endfacet
  facet normal 0.000000 0.000000 0.000000
    outer loop
      vertex 0.686648 -0.287146 2.641000
      vertex 0.686648 -0.287146 2.800333
      vertex 0.799750 -0.240400 2.800333
    endloop
  endfacet
  facet normal 0.000000 0.000000 0.000000
    outer loop
      vertex 0.686648 -0.287146 2.641000
      vertex 0.799750 -0.240400 2.800333
      vertex 0.799750 -0.240400 2.641000
    endloop
  endfacet
  facet normal 0.000000 0.000000 0.000000
    outer loop
      vertex 0.799750 -0.240400 2.641000
      vertex 0.799750 -0.240400 2.800333
      vertex 0.912852 -0.287146 2.800333
    endloop
  endfacet
  facet normal 0.000000 0.000000 0.000000
    outer loop
      vertex 0.799750 -0.240400 2.641000
      vertex 0.912852 -0.287146 2.800333
      vertex 0.912852 -0.287146 2.641000
    endloop
  endfacet
  facet normal 0.000000 0.000000 0.000000
    outer loop
      vertex 0.912852 -0.287146 2.641000
      vertex 0.912852 -0.287146 2.800333
      vertex 0.959700 -0.400000 2.800333
    endloop
  endfacet
  facet normal 0.000000 0.000000 0.000000
    outer loop
      vertex 0.912852 -0.287146 2.641000
      vertex 0.959700 -0.400000 2.800333
      vertex 0.959700 -0.400000 2.641000
    endloop
  endfacet
  facet normal 0.000000 0.000000 0.000000
    outer loop
      vertex 0.159950 -0.400000 2.641000
      vertex 0.159950 -0.400000 2.800333
      vertex 0.113102 -0.512854 2.800333
    endloop
  endfacet
  facet normal 0.000000 0.000000 0.000000
    outer loop
      vertex 0.159950 -0.400000 2.641000
      vertex 0.113102 -0.512854 2.800333
      vertex 0.113102 -0.512854 2.641000
    endloop
  endfacet
  facet normal 0.000000 0.000000 0.000000
    outer loop
      vertex 0.113102 -0.512854 2.641000
      vertex 0.113102 -0.512854 2.800333
      vertex 0.000000 -0.559600 2.800333
    endloop
  endfacet
  facet normal 0.000000 0.000000 0.000000
    outer loop
      vertex 0.113102 -0.512854 2.641000
      vertex 0.000000 -0.559600 2.800333
      vertex 0.000000 -0.559600 2.641000
    endloop
  endfacet
  facet normal 0.000000 0.000000 0.000000
    outer loop
      vertex 0.000000 -0.559600 2.641000
      vertex 0.000000 -0.559600 2.800333
      vertex -0.113102 -0.512854 2.800333
    endloop
  endfacet
  facet normal 0.000000 0.000000 0.000000
    outer loop
      vertex 0.000000 -0.559600 2.641000
      vertex -0.113102 -0.512854 2.800333
      vertex -0.113102 -0.512854 2.641000
    endloop
  endfacet
  facet normal 0.000000 0.000000 0.000000
    outer loop
      vertex -0.113102 -0.512854 2.641000
      vertex -0.113102 -0.512854 2.800333
      vertex -0.159950 -0.400000 2.800333
    endloop
  endfacet
  facet normal 0.000000 0.000000 0.000000
    outer loop
      vertex -0.113102 -0.512854 2.641000
      vertex -0.159950 -0.400000 2.800333
      vertex -0.159950 -0.400000 2.641000
    endloop
  endfacet
  facet normal 0.000000 0.000000 0.000000
    outer loop
      vertex -0.159950 -0.400000 2.641000
      vertex -0.159950 -0.400000 2.800333
      vertex -0.113102 -0.287146 2.800333
    endloop
  endfacet
  facet normal 0.000000 0.000000 0.000000
    outer loop
      vertex -0.159950 -0.400000 2.641000
      vertex -0.113102 -0.287146 2.800333
      vertex -0.113102 -0.287146 2.641000
    endloop
  endfacet
  facet normal 0.000000 0.000000 0.000000
    outer loop
      vertex -0.113102 -0.287146 2.641000
      vertex -0.113102 -0.287146 2.800333
      vertex -0.000000 -0.240400 2.800333
    endloop
  endfacet
  facet normal 0.000000 0.000000 0.000000
    outer loop
      vertex -0.113102 -0.287146 2.641000
      vertex -0.000000 -0.240400 2.800333
      vertex -0.000000 -0.240400 2.641000
    endloop
  endfacet
  facet normal 0.000000 0.000000 0.000000
    outer loop
      vertex -0.000000 -0.240400 2.641000
      vertex -0.000000 -0.240400 2.800333
      vertex 0.113102 -0.287146 2.800333
    endloop
  endfacet
  facet normal 0.000000 0.000000 0.000000
    outer loop
      vertex -0.000000 -0.240400 2.641000
      vertex 0.113102 -0.287146 2.800333
      vertex 0.113102 -0.287146 2.641000
    endloop
  endfacet
  facet normal 0.000000 0.000000 0.000000
    outer loop
      vertex 0.113102 -0.287146 2.641000
      vertex 0.113102 -0.287146 2.800333
      vertex 0.159950 -0.400000 2.800333
    endloop
  endfacet
  facet normal 0.000000 0.000000 0.000000
    outer loop
      vertex 0.113102 -0.287146 2.641000
      vertex 0.159950 -0.400000 2.800333
      vertex 0.159950 -0.400000 2.641000
    endloop
  endfacet
  facet normal 0.000000 0.000000 0.000000
    outer loop
      vertex -0.639800 -0.400000 2.641000
      vertex -0.639800 -0.400000 2.800333
      vertex -0.686648 -0.512854 2.800333
    endloop
  endfacet
  facet normal 0.000000 0.000000 0.000000
    outer loop
      vertex -0.639800 -0.400000 2.641000
      vertex -0.686648 -0.512854 2.800333
      vertex -0.686648 -0.512854 2.641000
    endloop
  endfacet
  facet normal 0.000000 0.000000 0.000000
    outer loop
      vertex -0.686648 -0.512854 2.641000
      vertex -0.686648 -0.512854 2.800333
      vertex -0.799750 -0.559600 2.800333
    endloop
  endfacet
  facet normal 0.000000 0.000000 0.000000
    outer loop
      vertex -0.686648 -0.512854 2.641000
      vertex -0.799750 -0.559600 2.800333
      vertex -0.799750 -0.559600 2.641000
    endloop
  endfacet
  facet normal 0.000000 0.000000 0.000000
    outer loop
      vertex -0.799750 -0.559600 2.641000
      vertex -0.799750 -0.559600 2.800333
      vertex -0.912852 -0.512854 2.800333
    endloop
  endfacet
  facet normal 0.000000 0.000000 0.000000
    outer loop
      vertex -0.799750 -0.559600 2.641000
      vertex -0.912852 -0.512854 2.800333
      vertex -0.912852 -0.512854 2.641000
    endloop
  endfacet
  facet normal 0.000000 0.000000 0.000000
    outer loop
      vertex -0.912852 -0.512854 2.641000
      vertex -0.912852 -0.512854 2.800333
      vertex -0.959700 -0.400000 2.800333
    endloop
  endfacet
  facet normal 0.000000 0.000000 0.000000
    outer loop
      vertex -0.912852 -0.512854 2.641000
      vertex -0.959700 -0.400000 2.800333
      vertex -0.959700 -0.400000 2.641000
    endloop
  endfacet
  facet normal 0.000000 0.000000 0.000000
    outer loop
      vertex -0.959700 -0.400000 2.641000
      vertex -0.959700 -0.400000 2.800333
      vertex -0.912852 -0.287146 2.800333
    endloop
  endfacet
  facet normal 0.000000 0.000000 0.000000
    outer loop
      vertex -0.959700 -0.400000 2.641000
      vertex -0.912852 -0.287146 2.800333
      vertex -0.912852 -0.287146 2.641000
    endloop
  endfacet
  facet normal 0.000000 0.000000 0.000000
    outer loop
      vertex -0.912852 -0.287146 2.641000
      vertex -0.912852 -0.287146 2.800333
      vertex -0.799750 -0.240400 2.800333
    endloop
  endfacet
  facet normal 0.000000 0.000000 0.000000
    outer loop
      vertex -0.912852 -0.287146 2.641000
      vertex -0.799750 -0.240400 2.800333
      vertex -0.799750 -0.240400 2.641000
    endloop
  endfacet
  facet normal 0.000000 0.000000 0.000000
    outer loop
      vertex -0.799750 -0.240400 2.641000
      vertex -0.799750 -0.240400 2.800333
      vertex -0.686648 -0.287146 2.800333
    endloop
  endfacet
  facet normal 0.000000 0.000000 0.000000
    outer loop
      vertex -0.799750 -0.240400 2.641000
      vertex -0.686648 -0.287146 2.800333
      vertex -0.686648 -0.287146 2.641000
    endloop
  endfacet
  facet normal 0.000000 0.000000 0.000000
    outer loop
      vertex -0.686648 -0.287146 2.641000
      vertex -0.686648 -0.287146 2.800333
      vertex -0.639800 -0.400000 2.800333
    endloop
  endfacet
  facet normal 0.000000 0.000000 0.000000
    outer loop
      vertex -0.686648 -0.287146 2.641000
      vertex -0.639800 -0.400000 2.800333
      vertex -0.639800 -0.400000 2.641000
    endloop
  endfacet
  facet normal 0.000000 0.000000 0.000000
    outer loop
      vertex -1.439550 -0.400000 2.641000
      vertex -1.439550 -0.400000 2.800333
      vertex -1.486398 -0.512854 2.800333
    endloop
  endfacet
  facet normal 0.000000 0.000000 0.000000
    outer loop
      vertex -1.439550 -0.400000 2.641000
      vertex -1.486398 -0.512854 2.800333
      vertex -1.486398 -0.512854 2.641000
    endloop
  endfacet
  facet normal 0.000000 0.000000 0.000000
    outer loop
      vertex -1.486398 -0.512854 2.641000
      vertex -1.486398 -0.512854 2.800333
      vertex -1.599500 -0.559600 2.800333
    endloop
  endfacet
  facet normal 0.000000 0.000000 0.000000
    outer loop
      vertex -1.486398 -0.512854 2.641000
      vertex -1.599500 -0.559600 2.800333
      vertex -1.599500 -0.559600 2.641000
    endloop
  endfacet
  facet normal 0.000000 0.000000 0.000000
    outer loop
      vertex -1.599500 -0.559600 2.641000
      vertex -1.599500 -0.559600 2.800333
      vertex -1.712602 -0.512854 2.800333
    endloop
  endfacet
  facet normal 0.000000 0.000000 0.000000
    outer loop
      vertex -1.599500 -0.559600 2.641000
      vertex -1.712602 -0.512854 2.800333
      vertex -1.712602 -0.512854 2.641000
    endloop
  endfacet
  facet normal 0.000000 0.000000 0.000000
    outer loop
      vertex -1.712602 -0.512854 2.641000
      vertex -1.712602 -0.512854 2.800333
      vertex -1.759450 -0.400000 2.800333
    endloop
  endfacet
  facet normal 0.000000 0.000000 0.000000
    outer loop
      vertex -1.712602 -0.512854 2.641000
      vertex -1.759450 -0.400000 2.800333
      vertex -1.759450 -0.400000 2.641000
    endloop
  endfacet
  facet normal 0.000000 0.000000 0.000000
    outer loop
      vertex -1.759450 -0.400000 2.641000
      vertex -1.759450 -0.400000 2.800333
      vertex -1.712602 -0.287146 2.800333
    endloop
  endfacet
  facet normal 0.000000 0.000000 0.000000
    outer loop
      vertex -1.759450 -0.400000 2.641000
      vertex -1.712602 -0.287146 2.800333
      vertex -1.712602 -0.287146 2.641000
    endloop
  endfacet
  facet normal 0.000000 0.000000 0.000000
    outer loop
      vertex -1.712602 -0.287146 2.641000
      vertex -1.712602 -0.287146 2.800333
      vertex -1.599500 -0.240400 2.800333
    endloop
  endfacet
  facet normal 0.000000 0.000000 0.000000
    outer loop
      vertex -1.712602 -0.287146 2.641000
      vertex -1.599500 -0.240400 2.800333
      vertex -1.599500 -0.240400 2.641000
    endloop
  endfacet
  facet normal 0.000000 0.000000 0.000000
    outer loop
      vertex -1.599500 -0.240400 2.641000
      vertex -1.599500 -0.240400 2.800333
      vertex -1.486398 -0.287146 2.800333
    endloop
  endfacet
  facet normal 0.000000 0.000000 0.000000
    outer loop
      vertex -1.599500 -0.240400 2.641000
      vertex -1.486398 -0.287146 2.800333
      vertex -1.486398 -0.287146 2.641000
    endloop
  endfacet
  facet normal 0.000000 0.000000 0.000000
    outer loop
      vertex -1.486398 -0.287146 2.641000
      vertex -1.486398 -0.287146 2.800333
      vertex -1.439550 -0.400000 2.800333
    endloop
  endfacet
  facet normal 0.000000 0.000000 0.000000
    outer loop
      vertex -1.486398 -0.287146 2.641000
      vertex -1.439550 -0.400000 2.800333
      vertex -1.439550 -0.400000 2.641000
    endloop
  endfacet
  facet normal 0.000000 0.000000 0.000000
    outer loop
      vertex -2.239300 -0.400000 2.641000
      vertex -2.239300 -0.400000 2.800333
      vertex -2.286148 -0.512854 2.800333
    endloop
  endfacet
  facet normal 0.000000 0.000000 0.000000
    outer loop
      vertex -2.239300 -0.400000 2.641000
      vertex -2.286148 -0.512854 2.800333
      vertex -2.286148 -0.512854 2.641000
    endloop
  endfacet
  facet normal 0.000000 0.000000 0.000000
    outer loop
      vertex -2.286148 -0.512854 2.641000
      vertex -2.286148 -0.512854 2.800333
      vertex -2.399250 -0.559600 2.800333
    endloop
  endfacet
  facet normal 0.000000 0.000000 0.000000
    outer loop
      vertex -2.286148 -0.512854 2.641000
      vertex -2.399250 -0.559600 2.800333
      vertex -2.399250 -0.559600 2.641000
    endloop
  endfacet
  facet normal 0.000000 0.000000 0.000000
    outer loop
      vertex -2.399250 -0.559600 2.641000
      vertex -2.399250 -0.559600 2.800333
      vertex -2.512352 -0.512854 2.800333
    endloop
  endfacet
  facet normal 0.000000 0.000000 0.000000
    outer loop
      vertex -2.399250 -0.559600 2.641000
      vertex -2.512352 -0.512854 2.800333
      vertex -2.512352 -0.512854 2.641000
    endloop
  endfacet
  facet normal 0.000000 0.000000 0.000000
    outer loop
      vertex -2.512352 -0.512854 2.641000
      vertex -2.512352 -0.512854 2.800333
      vertex -2.559200 -0.400000 2.800333
    endloop
  endfacet
  facet normal 0.000000 0.000000 0.000000
    outer loop
      vertex -2.512352 -0.512854 2.641000
      vertex -2.559200 -0.400000 2.800333
      vertex -2.559200 -0.400000 2.641000
    endloop
  endfacet
  facet normal 0.000000 0.000000 0.000000
    outer loop
      vertex -2.559200 -0.400000 2.641000
      vertex -2.559200 -0.400000 2.800333
      vertex -2.512352 -0.287146 2.800333
    endloop
  endfacet
  facet normal 0.000000 0.000000 0.000000
    outer loop
      vertex -2.559200 -0.400000 2.641000
      vertex -2.512352 -0.287146 2.800333
      vertex -2.512352 -0.287146 2.641000
    endloop
  endfacet
  facet normal 0.000000 0.000000 0.000000
    outer loop
      vertex -2.512352 -0.287146 2.641000
      vertex -2.512352 -0.287146 2.800333
      vertex -2.399250 -0.240400 2.800333
    endloop
  endfacet
  facet normal 0.000000 0.000000 0.000000
    outer loop
      vertex -2.512352 -0.287146 2.641000
      vertex -2.399250 -0.240400 2.800333
      vertex -2.399250 -0.240400 2.641000
    endloop
  endfacet
  facet normal 0.000000 0.000000 0.000000
    outer loop
      vertex -2.399250 -0.240400 2.641000
      vertex -2.399250 -0.240400 2.800333
      vertex -2.286148 -0.287146 2.800333
    endloop
  endfacet
  facet normal 0.000000 0.000000 0.000000
    outer loop
      vertex -2.399250 -0.240400 2.641000
      vertex -2.286148 -0.287146 2.800333
      vertex -2.286148 -0.287146 2.641000
    endloop
  endfacet
  facet normal 0.000000 0.000000 0.000000
    outer loop
      vertex -2.286148 -0.287146 2.641000
      vertex -2.286148 -0.287146 2.800333
      vertex -2.239300 -0.400000 2.800333
    endloop
  endfacet
  facet normal 0.000000 0.000000 0.000000
    outer loop
      vertex -2.286148 -0.287146 2.641000
      vertex -2.239300 -0.400000 2.800333
      vertex -2.239300 -0.400000 2.641000
    endloop
  endfacet
  facet normal 0.000000 0.000000 0.000000
    outer loop
      vertex -3.039050 -0.160600 2.800333
      vertex 3.039050 -0.160600 2.800333
      vertex 3.039050 -0.639400 2.800333
    endloop
  endfacet
  facet normal 0.000000 0.000000 0.000000
    outer loop
      vertex -3.039050 -0.160600 2.800333
      vertex 3.039050 -0.639400 2.800333
      vertex -3.039050 -0.639400 2.800333
    endloop
  endfacet
  facet normal 0.000000 0.000000 0.000000
    outer loop
      vertex -3.039050 -0.160600 2.800333
      vertex -3.039050 -0.160600 2.641000
      vertex 3.039050 -0.160600 2.641000
    endloop
  endfacet
  facet normal 0.000000 0.000000 0.000000
    outer loop
      vertex -3.039050 -0.160600 2.800333
      vertex 3.039050 -0.160600 2.641000
      vertex 3.039050 -0.160600 2.800333
    endloop
  endfacet
  facet normal 0.000000 0.000000 0.000000
    outer loop
      vertex -3.039050 -0.639400 2.800333
      vertex -3.039050 -0.639400 2.641000
      vertex -3.039050 -0.160600 2.641000
    endloop
  endfacet
  facet normal 0.000000 0.000000 0.000000
    outer loop
      vertex -3.039050 -0.639400 2.800333
      vertex -3.039050 -0.160600 2.641000
      vertex -3.039050 -0.160600 2.800333
    endloop
  endfacet
  facet normal 0.000000 0.000000 0.000000
    outer loop
      vertex 3.039050 -0.639400 2.800333
      vertex 3.039050 -0.639400 2.641000
      vertex -3.039050 -0.639400 2.641000
    endloop
  endfacet
  facet normal 0.000000 0.000000 0.000000
    outer loop
      vertex 3.039050 -0.639400 2.800333
      vertex -3.039050 -0.639400 2.641000
      vertex -3.039050 -0.639400 2.800333
    endloop
  endfacet
  facet normal 0.000000 0.000000 0.000000
    outer loop
      vertex 3.039050 -0.160600 2.800333
      vertex 3.039050 -0.160600 2.641000
      vertex 3.039050 -0.639400 2.641000
    endloop
  endfacet
  facet normal 0.000000 0.000000 0.000000
    outer loop
      vertex 3.039050 -0.160600 2.800333
      vertex 3.039050 -0.639400 2.641000
      vertex 3.039050 -0.639400 2.800333
    endloop
  endfacet
  facet normal 0.000000 0.000000 0.000000
    outer loop
      vertex 3.199000 -0.799000 2.959667
      vertex 3.199000 -0.799000 2.641000
      vertex 3.199000 -0.001000 2.641000
    endloop
  endfacet
  facet normal 0.000000 0.000000 0.000000
    outer loop
      vertex 3.199000 -0.799000 2.959667
      vertex 3.199000 -0.001000 2.641000
      vertex 3.199000 -0.001000 2.959667
    endloop
  endfacet
  facet normal 0.000000 0.000000 0.000000
    outer loop
      vertex -3.199000 -0.799000 2.959667
      vertex -3.199000 -0.799000 2.641000
      vertex 3.199000 -0.799000 2.641000
    endloop
  endfacet
  facet normal 0.000000 0.000000 0.000000
    outer loop
      vertex -3.199000 -0.799000 2.959667
      vertex 3.199000 -0.799000 2.641000
      vertex 3.199000 -0.799000 2.959667
    endloop
  endfacet
  facet normal 0.000000 0.000000 0.000000
    outer loop
      vertex -3.199000 -0.001000 2.959667
      vertex -3.199000 -0.001000 2.641000
      vertex -3.199000 -0.799000 2.641000
    endloop
  endfacet
  facet normal 0.000000 0.000000 0.000000
    outer loop
      vertex -3.199000 -0.001000 2.959667
      vertex -3.199000 -0.799000 2.641000
      vertex -3.199000 -0.799000 2.959667
    endloop
  endfacet
  facet normal 0.000000 0.000000 0.000000
    outer loop
      vertex 3.199000 -0.001000 2.959667
      vertex 3.199000 -0.001000 2.641000
      vertex -3.199000 -0.001000 2.641000
    endloop
  endfacet
  facet normal 0.000000 0.000000 0.000000
    outer loop
      vertex 3.199000 -0.001000 2.959667
      vertex -3.199000 -0.001000 2.641000
      vertex -3.199000 -0.001000 2.959667
    endloop
  endfacet
  facet normal 0.000000 0.000000 0.000000
    outer loop
      vertex -3.199000 -0.799000 2.959667
      vertex 3.199000 -0.799000 2.959667
      vertex 3.199000 -0.001000 2.959667
    endloop
  endfacet
  facet normal 0.000000 0.000000 0.000000
    outer loop
      vertex -3.199000 -0.799000 2.959667
      vertex 3.199000 -0.001000 2.959667
      vertex -3.199000 -0.001000 2.959667
    endloop
  endfacet
  facet normal 0.000000 0.000000 0.000000
    outer loop
      vertex 3.039050 -0.400000 3.119000
      vertex 3.039050 -0.400000 2.959667
      vertex 2.968777 -0.230719 2.959667
    endloop
  endfacet
  facet normal 0.000000 0.000000 0.000000
    outer loop
      vertex 3.039050 -0.400000 3.119000
      vertex 2.968777 -0.230719 2.959667
      vertex 2.968777 -0.230719 3.119000
    endloop
  endfacet
  facet normal 0.000000 0.000000 0.000000
    outer loop
      vertex 2.968777 -0.230719 3.119000
      vertex 2.968777 -0.230719 2.959667
      vertex 2.799125 -0.160600 2.959667
    endloop
  endfacet
  facet normal 0.000000 0.000000 0.000000
    outer loop
      vertex 2.968777 -0.230719 3.119000
      vertex 2.799125 -0.160600 2.959667
      vertex 2.799125 -0.160600 3.119000
    endloop
  endfacet
  facet normal 0.000000 0.000000 0.000000
    outer loop
      vertex 2.799125 -0.160600 3.119000
      vertex 2.799125 -0.160600 2.959667
      vertex 2.629472 -0.230719 2.959667
    endloop
  endfacet
  facet normal 0.000000 0.000000 0.000000
    outer loop
      vertex 2.799125 -0.160600 3.119000
      vertex 2.629472 -0.230719 2.959667
      vertex 2.629472 -0.230719 3.119000
    endloop
  endfacet
  facet normal 0.000000 0.000000 0.000000
    outer loop
      vertex 2.629472 -0.230719 3.119000
      vertex 2.629472 -0.230719 2.959667
      vertex 2.559200 -0.400000 2.959667
    endloop
  endfacet
  facet normal 0.000000 0.000000 0.000000
    outer loop
      vertex 2.629472 -0.230719 3.119000
      vertex 2.559200 -0.400000 2.959667
      vertex 2.559200 -0.400000 3.119000
    endloop
  endfacet
  facet normal 0.000000 0.000000 0.000000
    outer loop
      vertex 2.559200 -0.400000 3.119000
      vertex 2.559200 -0.400000 2.959667
      vertex 2.629472 -0.569281 2.959667
    endloop
  endfacet
  facet normal 0.000000 0.000000 0.000000
    outer loop
      vertex 2.559200 -0.400000 3.119000
      vertex 2.629472 -0.569281 2.959667
      vertex 2.629472 -0.569281 3.119000
    endloop
  endfacet
  facet normal 0.000000 0.000000 0.000000
    outer loop
      vertex 2.629472 -0.569281 3.119000
      vertex 2.629472 -0.569281 2.959667
      vertex 2.799125 -0.639400 2.959667
    endloop
  endfacet
  facet normal 0.000000 0.000000 0.000000
    outer loop
      vertex 2.629472 -0.569281 3.119000
      vertex 2.799125 -0.639400 2.959667
      vertex 2.799125 -0.639400 3.119000
    endloop
  endfacet
  facet normal 0.000000 0.000000 0.000000
    outer loop
      vertex 2.799125 -0.639400 3.119000
      vertex 2.799125 -0.639400 2.959667
      vertex 2.968778 -0.569281 2.959667
    endloop
  endfacet
  facet normal 0.000000 0.000000 0.000000
    outer loop
      vertex 2.799125 -0.639400 3.119000
      vertex 2.968778 -0.569281 2.959667
      vertex 2.968778 -0.569281 3.119000
    endloop
  endfacet
  facet normal 0.000000 0.000000 0.000000
    outer loop
      vertex 2.968778 -0.569281 3.119000
      vertex 2.968778 -0.569281 2.959667
      vertex 3.039050 -0.400000 2.959667
    endloop
  endfacet
  facet normal 0.000000 0.000000 0.000000
    outer loop
      vertex 2.968778 -0.569281 3.119000
      vertex 3.039050 -0.400000 2.959667
      vertex 3.039050 -0.400000 3.119000
    endloop
  endfacet
  facet normal 0.000000 0.000000 0.000000
    outer loop
      vertex 2.239300 -0.400000 3.119000
      vertex 2.239300 -0.400000 2.959667
      vertex 2.169028 -0.230719 2.959667
    endloop
  endfacet
  facet normal 0.000000 0.000000 0.000000
    outer loop
      vertex 2.239300 -0.400000 3.119000
      vertex 2.169028 -0.230719 2.959667
      vertex 2.169028 -0.230719 3.119000
    endloop
  endfacet
  facet normal 0.000000 0.000000 0.000000
    outer loop
      vertex 2.169028 -0.230719 3.119000
      vertex 2.169028 -0.230719 2.959667
      vertex 1.999375 -0.160600 2.959667
    endloop
  endfacet
  facet normal 0.000000 0.000000 0.000000
    outer loop
      vertex 2.169028 -0.230719 3.119000
      vertex 1.999375 -0.160600 2.959667
      vertex 1.999375 -0.160600 3.119000
    endloop
  endfacet
  facet normal 0.000000 0.000000 0.000000
    outer loop
      vertex 1.999375 -0.160600 3.119000
      vertex 1.999375 -0.160600 2.959667
      vertex 1.829722 -0.230719 2.959667
    endloop
  endfacet
  facet normal 0.000000 0.000000 0.000000
    outer loop
      vertex 1.999375 -0.160600 3.119000
      vertex 1.829722 -0.230719 2.959667
      vertex 1.829722 -0.230719 3.119000
    endloop
  endfacet
  facet normal 0.000000 0.000000 0.000000
    outer loop
      vertex 1.829722 -0.230719 3.119000
      vertex 1.829722 -0.230719 2.959667
      vertex 1.759450 -0.400000 2.959667
    endloop
  endfacet
  facet normal 0.000000 0.000000 0.000000
    outer loop
      vertex 1.829722 -0.230719 3.119000
      vertex 1.759450 -0.400000 2.959667
      vertex 1.759450 -0.400000 3.119000
    endloop
  endfacet
  facet normal 0.000000 0.000000 0.000000
    outer loop
      vertex 1.759450 -0.400000 3.119000
      vertex 1.759450 -0.400000 2.959667
      vertex 1.829722 -0.569281 2.959667
    endloop
  endfacet
  facet normal 0.000000 0.000000 0.000000
    outer loop
      vertex 1.759450 -0.400000 3.119000
      vertex 1.829722 -0.569281 2.959667
      vertex 1.829722 -0.569281 3.119000
    endloop
  endfacet
  facet normal 0.000000 0.000000 0.000000
    outer loop
      vertex 1.829722 -0.569281 3.119000
      vertex 1.829722 -0.569281 2.959667
      vertex 1.999375 -0.639400 2.959667
    endloop
  endfacet
  facet normal 0.000000 0.000000 0.000000
    outer loop
      vertex 1.829722 -0.569281 3.119000
      vertex 1.999375 -0.639400 2.959667
      vertex 1.999375 -0.639400 3.119000
    endloop
  endfacet
  facet normal 0.000000 0.000000 0.000000
    outer loop
      vertex 1.999375 -0.639400 3.119000
      vertex 1.999375 -0.639400 2.959667
      vertex 2.169028 -0.569281 2.959667
    endloop
  endfacet
  facet normal 0.000000 0.000000 0.000000
    outer loop
      vertex 1.999375 -0.639400 3.119000
      vertex 2.169028 -0.569281 2.959667
      vertex 2.169028 -0.569281 3.119000
    endloop
  endfacet
  facet normal 0.000000 0.000000 0.000000
    outer loop
      vertex 2.169028 -0.569281 3.119000
      vertex 2.169028 -0.569281 2.959667
      vertex 2.239300 -0.400000 2.959667
    endloop
  endfacet
  facet normal 0.000000 0.000000 0.000000
    outer loop
      vertex 2.169028 -0.569281 3.119000
      vertex 2.239300 -0.400000 2.959667
      vertex 2.239300 -0.400000 3.119000
    endloop
  endfacet
  facet normal 0.000000 0.000000 0.000000
    outer loop
      vertex 1.439550 -0.400000 3.119000
      vertex 1.439550 -0.400000 2.959667
      vertex 1.369278 -0.230719 2.959667
    endloop
  endfacet
  facet normal 0.000000 0.000000 0.000000
    outer loop
      vertex 1.439550 -0.400000 3.119000
      vertex 1.369278 -0.230719 2.959667
      vertex 1.369278 -0.230719 3.119000
    endloop
  endfacet
  facet normal 0.000000 0.000000 0.000000
    outer loop
      vertex 1.369278 -0.230719 3.119000
      vertex 1.369278 -0.230719 2.959667
      vertex 1.199625 -0.160600 2.959667
    endloop
  endfacet
  facet normal 0.000000 0.000000 0.000000
    outer loop
      vertex 1.369278 -0.230719 3.119000
      vertex 1.199625 -0.160600 2.959667
      vertex 1.199625 -0.160600 3.119000
    endloop
  endfacet
  facet normal 0.000000 0.000000 0.000000
    outer loop
      vertex 1.199625 -0.160600 3.119000
      vertex 1.199625 -0.160600 2.959667
      vertex 1.029972 -0.230719 2.959667
    endloop
  endfacet
  facet normal 0.000000 0.000000 0.000000
    outer loop
      vertex 1.199625 -0.160600 3.119000
      vertex 1.029972 -0.230719 2.959667
      vertex 1.029972 -0.230719 3.119000
    endloop
  endfacet
  facet normal 0.000000 0.000000 0.000000
    outer loop
      vertex 1.029972 -0.230719 3.119000
      vertex 1.029972 -0.230719 2.959667
      vertex 0.959700 -0.400000 2.959667
    endloop
  endfacet
  facet normal 0.000000 0.000000 0.000000
    outer loop
      vertex 1.029972 -0.230719 3.119000
      vertex 0.959700 -0.400000 2.959667
      vertex 0.959700 -0.400000 3.119000
    endloop
  endfacet
  facet normal 0.000000 0.000000 0.000000
    outer loop
      vertex 0.959700 -0.400000 3.119000
      vertex 0.959700 -0.400000 2.959667
      vertex 1.029972 -0.569281 2.959667
    endloop
  endfacet
  facet normal 0.000000 0.000000 0.000000
    outer loop
      vertex 0.959700 -0.400000 3.119000
      vertex 1.029972 -0.569281 2.959667
      vertex 1.029972 -0.569281 3.119000
    endloop
  endfacet
  facet normal 0.000000 0.000000 0.000000
    outer loop
      vertex 1.029972 -0.569281 3.119000
      vertex 1.029972 -0.569281 2.959667
      vertex 1.199625 -0.639400 2.959667
    endloop
  endfacet
  facet normal 0.000000 0.000000 0.000000
    outer loop
      vertex 1.029972 -0.569281 3.119000
      vertex 1.199625 -0.639400 2.959667
      vertex 1.199625 -0.639400 3.119000
    endloop
  endfacet
  facet normal 0.000000 0.000000 0.000000
    outer loop
      vertex 1.199625 -0.639400 3.119000
      vertex 1.199625 -0.639400 2.959667
      vertex 1.369278 -0.569281 2.959667
    endloop
  endfacet
  facet normal 0.000000 0.000000 0.000000
    outer loop
      vertex 1.199625 -0.639400 3.119000
      vertex 1.369278 -0.569281 2.959667
      vertex 1.369278 -0.569281 3.119000
    endloop
  endfacet
  facet normal 0.000000 0.000000 0.000000
    outer loop
      vertex 1.369278 -0.569281 3.119000
      vertex 1.369278 -0.569281 2.959667
      vertex 1.439550 -0.400000 2.959667
    endloop
  endfacet
  facet normal 0.000000 0.000000 0.000000
    outer loop
      vertex 1.369278 -0.569281 3.119000
      vertex 1.439550 -0.400000 2.959667
      vertex 1.439550 -0.400000 3.119000
    endloop
  endfacet
  facet normal 0.000000 0.000000 0.000000
    outer loop
      vertex 0.639800 -0.400000 3.119000
      vertex 0.639800 -0.400000 2.959667
      vertex 0.569528 -0.230719 2.959667
    endloop
  endfacet
  facet normal 0.000000 0.000000 0.000000
    outer loop
      vertex 0.639800 -0.400000 3.119000
      vertex 0.569528 -0.230719 2.959667
      vertex 0.569528 -0.230719 3.119000
    endloop
  endfacet
  facet normal 0.000000 0.000000 0.000000
    outer loop
      vertex 0.569528 -0.230719 3.119000
      vertex 0.569528 -0.230719 2.959667
      vertex 0.399875 -0.160600 2.959667
    endloop
  endfacet
  facet normal 0.000000 0.000000 0.000000
    outer loop
      vertex 0.569528 -0.230719 3.119000
      vertex 0.399875 -0.160600 2.959667
      vertex 0.399875 -0.160600 3.119000
    endloop
  endfacet
  facet normal 0.000000 0.000000 0.000000
    outer loop
      vertex 0.399875 -0.160600 3.119000
      vertex 0.399875 -0.160600 2.959667
      vertex 0.230222 -0.230719 2.959667
    endloop
  endfacet
  facet normal 0.000000 0.000000 0.000000
    outer loop
      vertex 0.399875 -0.160600 3.119000
      vertex 0.230222 -0.230719 2.959667
      vertex 0.230222 -0.230719 3.119000
    endloop
  endfacet
  facet normal 0.000000 0.000000 0.000000
    outer loop
      vertex 0.230222 -0.230719 3.119000
      vertex 0.230222 -0.230719 2.959667
      vertex 0.159950 -0.400000 2.959667
    endloop
  endfacet
  facet normal 0.000000 0.000000 0.000000
    outer loop
      vertex 0.230222 -0.230719 3.119000
      vertex 0.159950 -0.400000 2.959667
      vertex 0.159950 -0.400000 3.119000
    endloop
  endfacet
  facet normal 0.000000 0.000000 0.000000
    outer loop
      vertex 0.159950 -0.400000 3.119000
      vertex 0.159950 -0.400000 2.959667
      vertex 0.230222 -0.569281 2.959667
    endloop
  endfacet
  facet normal 0.000000 0.000000 0.000000
    outer loop
      vertex 0.159950 -0.400000 3.119000
      vertex 0.230222 -0.569281 2.959667
      vertex 0.230222 -0.569281 3.119000
    endloop
  endfacet
  facet normal 0.000000 0.000000 0.000000
    outer loop
      vertex 0.230222 -0.569281 3.119000
      vertex 0.230222 -0.569281 2.959667
      vertex 0.399875 -0.639400 2.959667
    endloop
  endfacet
  facet normal 0.000000 0.000000 0.000000
    outer loop
      vertex 0.230222 -0.569281 3.119000
      vertex 0.399875 -0.639400 2.959667
      vertex 0.399875 -0.639400 3.119000
    endloop
  endfacet
  facet normal 0.000000 0.000000 0.000000
    outer loop
      vertex 0.399875 -0.639400 3.119000
      vertex 0.399875 -0.639400 2.959667
      vertex 0.569528 -0.569281 2.959667
    endloop
  endfacet
  facet normal 0.000000 0.000000 0.000000
    outer loop
      vertex 0.399875 -0.639400 3.119000
      vertex 0.569528 -0.569281 2.959667
      vertex 0.569528 -0.569281 3.119000
    endloop
  endfacet
  facet normal 0.000000 0.000000 0.000000
    outer loop
      vertex 0.569528 -0.569281 3.119000
      vertex 0.569528 -0.569281 2.959667
      vertex 0.639800 -0.400000 2.959667
    endloop
  endfacet
  facet normal 0.000000 0.000000 0.000000
    outer loop
      vertex 0.569528 -0.569281 3.119000
      vertex 0.639800 -0.400000 2.959667
      vertex 0.639800 -0.400000 3.119000
    endloop
  endfacet
  facet normal 0.000000 0.000000 0.000000
    outer loop
      vertex -0.159950 -0.400000 3.119000
      vertex -0.159950 -0.400000 2.959667
      vertex -0.230222 -0.230719 2.959667
    endloop
  endfacet
  facet normal 0.000000 0.000000 0.000000
    outer loop
      vertex -0.159950 -0.400000 3.119000
      vertex -0.230222 -0.230719 2.959667
      vertex -0.230222 -0.230719 3.119000
    endloop
  endfacet
  facet normal 0.000000 0.000000 0.000000
    outer loop
      vertex -0.230222 -0.230719 3.119000
      vertex -0.230222 -0.230719 2.959667
      vertex -0.399875 -0.160600 2.959667
    endloop
  endfacet
  facet normal 0.000000 0.000000 0.000000
    outer loop
      vertex -0.230222 -0.230719 3.119000
      vertex -0.399875 -0.160600 2.959667
      vertex -0.399875 -0.160600 3.119000
    endloop
  endfacet
  facet normal 0.000000 0.000000 0.000000
    outer loop
      vertex -0.399875 -0.160600 3.119000
      vertex -0.399875 -0.160600 2.959667
      vertex -0.569528 -0.230719 2.959667
    endloop
  endfacet
  facet normal 0.000000 0.000000 0.000000
    outer loop
      vertex -0.399875 -0.160600 3.119000
      vertex -0.569528 -0.230719 2.959667
      vertex -0.569528 -0.230719 3.119000
    endloop
  endfacet
  facet normal 0.000000 0.000000 0.000000
    outer loop
      vertex -0.569528 -0.230719 3.119000
      vertex -0.569528 -0.230719 2.959667
      vertex -0.639800 -0.400000 2.959667
    endloop
  endfacet
  facet normal 0.000000 0.000000 0.000000
    outer loop
      vertex -0.569528 -0.230719 3.119000
      vertex -0.639800 -0.400000 2.959667
      vertex -0.639800 -0.400000 3.119000
    endloop
  endfacet
  facet normal 0.000000 0.000000 0.000000
    outer loop
      vertex -0.639800 -0.400000 3.119000
      vertex -0.639800 -0.400000 2.959667
      vertex -0.569528 -0.569281 2.959667
    endloop
  endfacet
  facet normal 0.000000 0.000000 0.000000
    outer loop
      vertex -0.639800 -0.400000 3.119000
      vertex -0.569528 -0.569281 2.959667
      vertex -0.569528 -0.569281 3.119000
    endloop
  endfacet
  facet normal 0.000000 0.000000 0.000000
    outer loop
      vertex -0.569528 -0.569281 3.119000
      vertex -0.569528 -0.569281 2.959667
      vertex -0.399875 -0.639400 2.959667
    endloop
  endfacet
  facet normal 0.000000 0.000000 0.000000
    outer loop
      vertex -0.569528 -0.569281 3.119000
      vertex -0.399875 -0.639400 2.959667
      vertex -0.399875 -0.639400 3.119000
    endloop
  endfacet
  facet normal 0.000000 0.000000 0.000000
    outer loop
      vertex -0.399875 -0.639400 3.119000
      vertex -0.399875 -0.639400 2.959667
      vertex -0.230222 -0.569281 2.959667
    endloop
  endfacet
  facet normal 0.000000 0.000000 0.000000
    outer loop
      vertex -0.399875 -0.639400 3.119000
      vertex -0.230222 -0.569281 2.959667
      vertex -0.230222 -0.569281 3.119000
    endloop
  endfacet
  facet normal 0.000000 0.000000 0.000000
    outer loop
      vertex -0.230222 -0.569281 3.119000
      vertex -0.230222 -0.569281 2.959667
      vertex -0.159950 -0.400000 2.959667
    endloop
  endfacet
  facet normal 0.000000 0.000000 0.000000
    outer loop
      vertex -0.230222 -0.569281 3.119000
      vertex -0.159950 -0.400000 2.959667
      vertex -0.159950 -0.400000 3.119000
    endloop
  endfacet
  facet normal 0.000000 0.000000 0.000000
    outer loop
      vertex -0.959700 -0.400000 3.119000
      vertex -0.959700 -0.400000 2.959667
      vertex -1.029972 -0.230719 2.959667
    endloop
  endfacet
  facet normal 0.000000 0.000000 0.000000
    outer loop
      vertex -0.959700 -0.400000 3.119000
      vertex -1.029972 -0.230719 2.959667
      vertex -1.029972 -0.230719 3.119000
    endloop
  endfacet
  facet normal 0.000000 0.000000 0.000000
    outer loop
      vertex -1.029972 -0.230719 3.119000
      vertex -1.029972 -0.230719 2.959667
      vertex -1.199625 -0.160600 2.959667
    endloop
  endfacet
  facet normal 0.000000 0.000000 0.000000
    outer loop
      vertex -1.029972 -0.230719 3.119000
      vertex -1.199625 -0.160600 2.959667
      vertex -1.199625 -0.160600 3.119000
    endloop
  endfacet
  facet normal 0.000000 0.000000 0.000000
    outer loop
      vertex -1.199625 -0.160600 3.119000
      vertex -1.199625 -0.160600 2.959667
      vertex -1.369278 -0.230719 2.959667
    endloop
  endfacet
  facet normal 0.000000 0.000000 0.000000
    outer loop
      vertex -1.199625 -0.160600 3.119000
      vertex -1.369278 -0.230719 2.959667
      vertex -1.369278 -0.230719 3.119000
    endloop
  endfacet
  facet normal 0.000000 0.000000 0.000000
    outer loop
      vertex -1.369278 -0.230719 3.119000
      vertex -1.369278 -0.230719 2.959667
      vertex -1.439550 -0.400000 2.959667
    endloop
  endfacet
  facet normal 0.000000 0.000000 0.000000
    outer loop
      vertex -1.369278 -0.230719 3.119000
      vertex -1.439550 -0.400000 2.959667
      vertex -1.439550 -0.400000 3.119000
    endloop
  endfacet
  facet normal 0.000000 0.000000 0.000000
    outer loop
      vertex -1.439550 -0.400000 3.119000
      vertex -1.439550 -0.400000 2.959667
      vertex -1.369278 -0.569281 2.959667
    endloop
  endfacet
  facet normal 0.000000 0.000000 0.000000
    outer loop
      vertex -1.439550 -0.400000 3.119000
      vertex -1.369278 -0.569281 2.959667
      vertex -1.369278 -0.569281 3.119000
    endloop
  endfacet
  facet normal 0.000000 0.000000 0.000000
    outer loop
      vertex -1.369278 -0.569281 3.119000
      vertex -1.369278 -0.569281 2.959667
      vertex -1.199625 -0.639400 2.959667
    endloop
  endfacet
  facet normal 0.000000 0.000000 0.000000
    outer loop
      vertex -1.369278 -0.569281 3.119000
      vertex -1.199625 -0.639400 2.959667
      vertex -1.199625 -0.639400 3.119000
    endloop
  endfacet
  facet normal 0.000000 0.000000 0.000000
    outer loop
      vertex -1.199625 -0.639400 3.119000
      vertex -1.199625 -0.639400 2.959667
      vertex -1.029972 -0.569281 2.959667
    endloop
  endfacet
  facet normal 0.000000 0.000000 0.000000
    outer loop
      vertex -1.199625 -0.639400 3.119000
      vertex -1.029972 -0.569281 2.959667
      vertex -1.029972 -0.569281 3.119000
    endloop
  endfacet
  facet normal 0.000000 0.000000 0.000000
    outer loop
      vertex -1.029972 -0.569281 3.119000
      vertex -1.029972 -0.569281 2.959667
      vertex -0.959700 -0.400000 2.959667
    endloop
  endfacet
  facet normal 0.000000 0.000000 0.000000
    outer loop
      vertex -1.029972 -0.569281 3.119000
      vertex -0.959700 -0.400000 2.959667
      vertex -0.959700 -0.400000 3.119000
    endloop
  endfacet
  facet normal 0.000000 0.000000 0.000000
    outer loop
      vertex -1.759450 -0.400000 3.119000
      vertex -1.759450 -0.400000 2.959667
      vertex -1.829722 -0.230719 2.959667
    endloop
  endfacet
  facet normal 0.000000 0.000000 0.000000
    outer loop
      vertex -1.759450 -0.400000 3.119000
      vertex -1.829722 -0.230719 2.959667
      vertex -1.829722 -0.230719 3.119000
    endloop
  endfacet
  facet normal 0.000000 0.000000 0.000000
    outer loop
      vertex -1.829722 -0.230719 3.119000
      vertex -1.829722 -0.230719 2.959667
      vertex -1.999375 -0.160600 2.959667
    endloop
  endfacet
  facet normal 0.000000 0.000000 0.000000
    outer loop
      vertex -1.829722 -0.230719 3.119000
      vertex -1.999375 -0.160600 2.959667
      vertex -1.999375 -0.160600 3.119000
    endloop
  endfacet
  facet normal 0.000000 0.000000 0.000000
    outer loop
      vertex -1.999375 -0.160600 3.119000
      vertex -1.999375 -0.160600 2.959667
      vertex -2.169028 -0.230719 2.959667
    endloop
  endfacet
  facet normal 0.000000 0.000000 0.000000
    outer loop
      vertex -1.999375 -0.160600 3.119000
      vertex -2.169028 -0.230719 2.959667
      vertex -2.169028 -0.230719 3.119000
    endloop
  endfacet
  facet normal 0.000000 0.000000 0.000000
    outer loop
      vertex -2.169028 -0.230719 3.119000
      vertex -2.169028 -0.230719 2.959667
      vertex -2.239300 -0.400000 2.959667
    endloop
  endfacet
  facet normal 0.000000 0.000000 0.000000
    outer loop
      vertex -2.169028 -0.230719 3.119000
      vertex -2.239300 -0.400000 2.959667
      vertex -2.239300 -0.400000 3.119000
    endloop
  endfacet
  facet normal 0.000000 0.000000 0.000000
    outer loop
      vertex -2.239300 -0.400000 3.119000
      vertex -2.239300 -0.400000 2.959667
      vertex -2.169028 -0.569281 2.959667
    endloop
  endfacet
  facet normal 0.000000 0.000000 0.000000
    outer loop
      vertex -2.239300 -0.400000 3.119000
      vertex -2.169028 -0.569281 2.959667
      vertex -2.169028 -0.569281 3.119000
    endloop
  endfacet
  facet normal 0.000000 0.000000 0.000000
    outer loop
      vertex -2.169028 -0.569281 3.119000
      vertex -2.169028 -0.569281 2.959667
      vertex -1.999375 -0.639400 2.959667
    endloop
  endfacet
  facet normal 0.000000 0.000000 0.000000
    outer loop
      vertex -2.169028 -0.569281 3.119000
      vertex -1.999375 -0.639400 2.959667
      vertex -1.999375 -0.639400 3.119000
    endloop
  endfacet
  facet normal 0.000000 0.000000 0.000000
    outer loop
      vertex -1.999375 -0.639400 3.119000
      vertex -1.999375 -0.639400 2.959667
      vertex -1.829722 -0.569281 2.959667
    endloop
  endfacet
  facet normal 0.000000 0.000000 0.000000
    outer loop
      vertex -1.999375 -0.639400 3.119000
      vertex -1.829722 -0.569281 2.959667
      vertex -1.829722 -0.569281 3.119000
    endloop
  endfacet
  facet normal 0.000000 0.000000 0.000000
    outer loop
      vertex -1.829722 -0.569281 3.119000
      vertex -1.829722 -0.569281 2.959667
      vertex -1.759450 -0.400000 2.959667
    endloop
  endfacet
  facet normal 0.000000 0.000000 0.000000
    outer loop
      vertex -1.829722 -0.569281 3.119000
      vertex -1.759450 -0.400000 2.959667
      vertex -1.759450 -0.400000 3.119000
    endloop
  endfacet
  facet normal 0.000000 0.000000 0.000000
    outer loop
      vertex -2.559200 -0.400000 3.119000
      vertex -2.559200 -0.400000 2.959667
      vertex -2.629472 -0.230719 2.959667
    endloop
  endfacet
  facet normal 0.000000 0.000000 0.000000
    outer loop
      vertex -2.559200 -0.400000 3.119000
      vertex -2.629472 -0.230719 2.959667
      vertex -2.629472 -0.230719 3.119000
    endloop
  endfacet
  facet normal 0.000000 0.000000 0.000000
    outer loop
      vertex -2.629472 -0.230719 3.119000
      vertex -2.629472 -0.230719 2.959667
      vertex -2.799125 -0.160600 2.959667
    endloop
  endfacet
  facet normal 0.000000 0.000000 0.000000
    outer loop
      vertex -2.629472 -0.230719 3.119000
      vertex -2.799125 -0.160600 2.959667
      vertex -2.799125 -0.160600 3.119000
    endloop
  endfacet
  facet normal 0.000000 0.000000 0.000000
    outer loop
      vertex -2.799125 -0.160600 3.119000
      vertex -2.799125 -0.160600 2.959667
      vertex -2.968777 -0.230719 2.959667
    endloop
  endfacet
  facet normal 0.000000 0.000000 0.000000
    outer loop
      vertex -2.799125 -0.160600 3.119000
      vertex -2.968777 -0.230719 2.959667
      vertex -2.968777 -0.230719 3.119000
    endloop
  endfacet
  facet normal 0.000000 0.000000 0.000000
    outer loop
      vertex -2.968777 -0.230719 3.119000
      vertex -2.968777 -0.230719 2.959667
      vertex -3.039050 -0.400000 2.959667
    endloop
  endfacet
  facet normal 0.000000 0.000000 0.000000
    outer loop
      vertex -2.968777 -0.230719 3.119000
      vertex -3.039050 -0.400000 2.959667
      vertex -3.039050 -0.400000 3.119000
    endloop
  endfacet
  facet normal 0.000000 0.000000 0.000000
    outer loop
      vertex -3.039050 -0.400000 3.119000
      vertex -3.039050 -0.400000 2.959667
      vertex -2.968777 -0.569281 2.959667
    endloop
  endfacet
  facet normal 0.000000 0.000000 0.000000
    outer loop
      vertex -3.039050 -0.400000 3.119000
      vertex -2.968777 -0.569281 2.959667
      vertex -2.968777 -0.569281 3.119000
    endloop
  endfacet
  facet normal 0.000000 0.000000 0.000000
    outer loop
      vertex -2.968777 -0.569281 3.119000
      vertex -2.968777 -0.569281 2.959667
      vertex -2.799125 -0.639400 2.959667
    endloop
  endfacet
  facet normal 0.000000 0.000000 0.000000
    outer loop
      vertex -2.968777 -0.569281 3.119000
      vertex -2.799125 -0.639400 2.959667
      vertex -2.799125 -0.639400 3.119000
    endloop
  endfacet
  facet normal 0.000000 0.000000 0.000000
    outer loop
      vertex -2.799125 -0.639400 3.119000
      vertex -2.799125 -0.639400 2.959667
      vertex -2.629472 -0.569281 2.959667
    endloop
  endfacet
  facet normal 0.000000 0.000000 0.000000
    outer loop
      vertex -2.799125 -0.639400 3.119000
      vertex -2.629472 -0.569281 2.959667
      vertex -2.629472 -0.569281 3.119000
    endloop
  endfacet
  facet normal 0.000000 0.000000 0.000000
    outer loop
      vertex -2.629472 -0.569281 3.119000
      vertex -2.629472 -0.569281 2.959667
      vertex -2.559200 -0.400000 2.959667
    endloop
  endfacet
  facet normal 0.000000 0.000000 0.000000
    outer loop
      vertex -2.629472 -0.569281 3.119000
      vertex -2.559200 -0.400000 2.959667
      vertex -2.559200 -0.400000 3.119000
    endloop
  endfacet
  facet normal 0.000000 0.000000 0.000000
    outer loop
      vertex 2.799125 -0.400000 3.119000
      vertex 3.039050 -0.400000 3.119000
      vertex 2.968777 -0.230719 3.119000
    endloop
  endfacet
  facet normal 0.000000 0.000000 0.000000
    outer loop
      vertex 2.799125 -0.400000 3.119000
      vertex 2.968777 -0.230719 3.119000
      vertex 2.799125 -0.160600 3.119000
    endloop
  endfacet
  facet normal 0.000000 0.000000 0.000000
    outer loop
      vertex 2.799125 -0.400000 3.119000
      vertex 2.799125 -0.160600 3.119000
      vertex 2.629472 -0.230719 3.119000
    endloop
  endfacet
  facet normal 0.000000 0.000000 0.000000
    outer loop
      vertex 2.799125 -0.400000 3.119000
      vertex 2.629472 -0.230719 3.119000
      vertex 2.559200 -0.400000 3.119000
    endloop
  endfacet
  facet normal 0.000000 0.000000 0.000000
    outer loop
      vertex 2.799125 -0.400000 3.119000
      vertex 2.559200 -0.400000 3.119000
      vertex 2.629472 -0.569281 3.119000
    endloop
  endfacet
  facet normal 0.000000 0.000000 0.000000
    outer loop
      vertex 2.799125 -0.400000 3.119000
      vertex 2.629472 -0.569281 3.119000
      vertex 2.799125 -0.639400 3.119000
    endloop
  endfacet
  facet normal 0.000000 0.000000 0.000000
    outer loop
      vertex 2.799125 -0.400000 3.119000
      vertex 2.799125 -0.639400 3.119000
      vertex 2.968778 -0.569281 3.119000
    endloop
  endfacet
  facet normal 0.000000 0.000000 0.000000
    outer loop
      vertex 2.799125 -0.400000 3.119000
      vertex 2.968778 -0.569281 3.119000
      vertex 3.039050 -0.400000 3.119000
    endloop
  endfacet
  facet normal 0.000000 0.000000 0.000000
    outer loop
      vertex 1.999375 -0.400000 3.119000
      vertex 2.239300 -0.400000 3.119000
      vertex 2.169028 -0.230719 3.119000
    endloop
  endfacet
  facet normal 0.000000 0.000000 0.000000
    outer loop
      vertex 1.999375 -0.400000 3.119000
      vertex 2.169028 -0.230719 3.119000
      vertex 1.999375 -0.160600 3.119000
    endloop
  endfacet
  facet normal 0.000000 0.000000 0.000000
    outer loop
      vertex 1.999375 -0.400000 3.119000
      vertex 1.999375 -0.160600 3.119000
      vertex 1.829722 -0.230719 3.119000
    endloop
  endfacet
  facet normal 0.000000 0.000000 0.000000
    outer loop
      vertex 1.999375 -0.400000 3.119000
      vertex 1.829722 -0.230719 3.119000
      vertex 1.759450 -0.400000 3.119000
    endloop
  endfacet
  facet normal 0.000000 0.000000 0.000000
    outer loop
      vertex 1.999375 -0.400000 3.119000
      vertex 1.759450 -0.400000 3.119000
      vertex 1.829722 -0.569281 3.119000
    endloop
  endfacet
  facet normal 0.000000 0.000000 0.000000
    outer loop
      vertex 1.999375 -0.400000 3.119000
      vertex 1.829722 -0.569281 3.119000
      vertex 1.999375 -0.639400 3.119000
    endloop
  endfacet
  facet normal 0.000000 0.000000 0.000000
    outer loop
      vertex 1.999375 -0.400000 3.119000
      vertex 1.999375 -0.639400 3.119000
      vertex 2.169028 -0.569281 3.119000
    endloop
  endfacet
  facet normal 0.000000 0.000000 0.000000
    outer loop
      vertex 1.999375 -0.400000 3.119000
      vertex 2.169028 -0.569281 3.119000
      vertex 2.239300 -0.400000 3.119000
    endloop
  endfacet
  facet normal 0.000000 0.000000 0.000000
    outer loop
      vertex 1.199625 -0.400000 3.119000
      vertex 1.439550 -0.400000 3.119000
      vertex 1.369278 -0.230719 3.119000
    endloop
  endfacet
  facet normal 0.000000 0.000000 0.000000
    outer loop
      vertex 1.199625 -0.400000 3.119000
      vertex 1.369278 -0.230719 3.119000
      vertex 1.199625 -0.160600 3.119000
    endloop
  endfacet
  facet normal 0.000000 0.000000 0.000000
    outer loop
      vertex 1.199625 -0.400000 3.119000
      vertex 1.199625 -0.160600 3.119000
      vertex 1.029972 -0.230719 3.119000
    endloop
  endfacet
  facet normal 0.000000 0.000000 0.000000
    outer loop
      vertex 1.199625 -0.400000 3.119000
      vertex 1.029972 -0.230719 3.119000
      vertex 0.959700 -0.400000 3.119000
    endloop
  endfacet
  facet normal 0.000000 0.000000 0.000000
    outer loop
      vertex 1.199625 -0.400000 3.119000
      vertex 0.959700 -0.400000 3.119000
      vertex 1.029972 -0.569281 3.119000
    endloop
  endfacet
  facet normal 0.000000 0.000000 0.000000
    outer loop
      vertex 1.199625 -0.400000 3.119000
      vertex 1.029972 -0.569281 3.119000
      vertex 1.199625 -0.639400 3.119000
    endloop
  endfacet
  facet normal 0.000000 0.000000 0.000000
    outer loop
      vertex 1.199625 -0.400000 3.119000
      vertex 1.199625 -0.639400 3.119000
      vertex 1.369278 -0.569281 3.119000
    endloop
  endfacet
  facet normal 0.000000 0.000000 0.000000
    outer loop
      vertex 1.199625 -0.400000 3.119000
      vertex 1.369278 -0.569281 3.119000
      vertex 1.439550 -0.400000 3.119000
    endloop
  endfacet
  facet normal 0.000000 0.000000 0.000000
    outer loop
      vertex 0.399875 -0.400000 3.119000
      vertex 0.639800 -0.400000 3.119000
      vertex 0.569528 -0.230719 3.119000
    endloop
  endfacet
  facet normal 0.000000 0.000000 0.000000
    outer loop
      vertex 0.399875 -0.400000 3.119000
      vertex 0.569528 -0.230719 3.119000
      vertex 0.399875 -0.160600 3.119000
    endloop
  endfacet
  facet normal 0.000000 0.000000 0.000000
    outer loop
      vertex 0.399875 -0.400000 3.119000
      vertex 0.399875 -0.160600 3.119000
      vertex 0.230222 -0.230719 3.119000
    endloop
  endfacet
  facet normal 0.000000 0.000000 0.000000
    outer loop
      vertex 0.399875 -0.400000 3.119000
      vertex 0.230222 -0.230719 3.119000
      vertex 0.159950 -0.400000 3.119000
    endloop
  endfacet
  facet normal 0.000000 0.000000 0.000000
    outer loop
      vertex 0.399875 -0.400000 3.119000
      vertex 0.159950 -0.400000 3.119000
      vertex 0.230222 -0.569281 3.119000
    endloop
  endfacet
  facet normal 0.000000 0.000000 0.000000
    outer loop
      vertex 0.399875 -0.400000 3.119000
      vertex 0.230222 -0.569281 3.119000
      vertex 0.399875 -0.639400 3.119000
    endloop
  endfacet
  facet normal 0.000000 0.000000 0.000000
    outer loop
      vertex 0.399875 -0.400000 3.119000
      vertex 0.399875 -0.639400 3.119000
      vertex 0.569528 -0.569281 3.119000
    endloop
  endfacet
  facet normal 0.000000 0.000000 0.000000
    outer loop
      vertex 0.399875 -0.400000 3.119000
      vertex 0.569528 -0.569281 3.119000
      vertex 0.639800 -0.400000 3.119000
    endloop
  endfacet
  facet normal 0.000000 0.000000 0.000000
    outer loop
      vertex -0.399875 -0.400000 3.119000
      vertex -0.159950 -0.400000 3.119000
      vertex -0.230222 -0.230719 3.119000
    endloop
  endfacet
  facet normal 0.000000 0.000000 0.000000
    outer loop
      vertex -0.399875 -0.400000 3.119000
      vertex -0.230222 -0.230719 3.119000
      vertex -0.399875 -0.160600 3.119000
    endloop
  endfacet
  facet normal 0.000000 0.000000 0.000000
    outer loop
      vertex -0.399875 -0.400000 3.119000
      vertex -0.399875 -0.160600 3.119000
      vertex -0.569528 -0.230719 3.119000
    endloop
  endfacet
  facet normal 0.000000 0.000000 0.000000
    outer loop
      vertex -0.399875 -0.400000 3.119000
      vertex -0.569528 -0.230719 3.119000
      vertex -0.639800 -0.400000 3.119000
    endloop
  endfacet
  facet normal 0.000000 0.000000 0.000000
    outer loop
      vertex -0.399875 -0.400000 3.119000
      vertex -0.639800 -0.400000 3.119000
      vertex -0.569528 -0.569281 3.119000
    endloop
  endfacet
  facet normal 0.000000 0.000000 0.000000
    outer loop
      vertex -0.399875 -0.400000 3.119000
      vertex -0.569528 -0.569281 3.119000
      vertex -0.399875 -0.639400 3.119000
    endloop
  endfacet
  facet normal 0.000000 0.000000 0.000000
    outer loop
      vertex -0.399875 -0.400000 3.119000
      vertex -0.399875 -0.639400 3.119000
      vertex -0.230222 -0.569281 3.119000
    endloop
  endfacet
  facet normal 0.000000 0.000000 0.000000
    outer loop
      vertex -0.399875 -0.400000 3.119000
      vertex -0.230222 -0.569281 3.119000
      vertex -0.159950 -0.400000 3.119000
    endloop
  endfacet
  facet normal 0.000000 0.000000 0.000000
    outer loop
      vertex -1.199625 -0.400000 3.119000
      vertex -0.959700 -0.400000 3.119000
      vertex -1.029972 -0.230719 3.119000
    endloop
  endfacet
  facet normal 0.000000 0.000000 0.000000
    outer loop
      vertex -1.199625 -0.400000 3.119000
      vertex -1.029972 -0.230719 3.119000
      vertex -1.199625 -0.160600 3.119000
    endloop
  endfacet
  facet normal 0.000000 0.000000 0.000000
    outer loop
      vertex -1.199625 -0.400000 3.119000
      vertex -1.199625 -0.160600 3.119000
      vertex -1.369278 -0.230719 3.119000
    endloop
  endfacet
  facet normal 0.000000 0.000000 0.000000
    outer loop
      vertex -1.199625 -0.400000 3.119000
      vertex -1.369278 -0.230719 3.119000
      vertex -1.439550 -0.400000 3.119000
    endloop
  endfacet
  facet normal 0.000000 0.000000 0.000000
    outer loop
      vertex -1.199625 -0.400000 3.119000
      vertex -1.439550 -0.400000 3.119000
      vertex -1.369278 -0.569281 3.119000
    endloop
  endfacet
  facet normal 0.000000 0.000000 0.000000
    outer loop
      vertex -1.199625 -0.400000 3.119000
      vertex -1.369278 -0.569281 3.119000
      vertex -1.199625 -0.639400 3.119000
    endloop
  endfacet
  facet normal 0.000000 0.000000 0.000000
    outer loop
      vertex -1.199625 -0.400000 3.119000
      vertex -1.199625 -0.639400 3.119000
      vertex -1.029972 -0.569281 3.119000
    endloop
  endfacet
  facet normal 0.000000 0.000000 0.000000
    outer loop
      vertex -1.199625 -0.400000 3.119000
      vertex -1.029972 -0.569281 3.119000
      vertex -0.959700 -0.400000 3.119000
    endloop
  endfacet
  facet normal 0.000000 0.000000 0.000000
    outer loop
      vertex -1.999375 -0.400000 3.119000
      vertex -1.759450 -0.400000 3.119000
      vertex -1.829722 -0.230719 3.119000
    endloop
  endfacet
  facet normal 0.000000 0.000000 0.000000
    outer loop
      vertex -1.999375 -0.400000 3.119000
      vertex -1.829722 -0.230719 3.119000
      vertex -1.999375 -0.160600 3.119000
    endloop
  endfacet
  facet normal 0.000000 0.000000 0.000000
    outer loop
      vertex -1.999375 -0.400000 3.119000
      vertex -1.999375 -0.160600 3.119000
      vertex -2.169028 -0.230719 3.119000
    endloop
  endfacet
  facet normal 0.000000 0.000000 0.000000
    outer loop
      vertex -1.999375 -0.400000 3.119000
      vertex -2.169028 -0.230719 3.119000
      vertex -2.239300 -0.400000 3.119000
    endloop
  endfacet
  facet normal 0.000000 0.000000 0.000000
    outer loop
      vertex -1.999375 -0.400000 3.119000
      vertex -2.239300 -0.400000 3.119000
      vertex -2.169028 -0.569281 3.119000
    endloop
  endfacet
  facet normal 0.000000 0.000000 0.000000
    outer loop
      vertex -1.999375 -0.400000 3.119000
      vertex -2.169028 -0.569281 3.119000
      vertex -1.999375 -0.639400 3.119000
    endloop
  endfacet
  facet normal 0.000000 0.000000 0.000000
    outer loop
      vertex -1.999375 -0.400000 3.119000
      vertex -1.999375 -0.639400 3.119000
      vertex -1.829722 -0.569281 3.119000
    endloop
  endfacet
  facet normal 0.000000 0.000000 0.000000
    outer loop
      vertex -1.999375 -0.400000 3.119000
      vertex -1.829722 -0.569281 3.119000
      vertex -1.759450 -0.400000 3.119000
    endloop
  endfacet
  facet normal 0.000000 0.000000 0.000000
    outer loop
      vertex -2.799125 -0.400000 3.119000
      vertex -2.559200 -0.400000 3.119000
      vertex -2.629472 -0.230719 3.119000
    endloop
  endfacet
  facet normal 0.000000 0.000000 0.000000
    outer loop
      vertex -2.799125 -0.400000 3.119000
      vertex -2.629472 -0.230719 3.119000
      vertex -2.799125 -0.160600 3.119000
    endloop
  endfacet
  facet normal 0.000000 0.000000 0.000000
    outer loop
      vertex -2.799125 -0.400000 3.119000
      vertex -2.799125 -0.160600 3.119000
      vertex -2.968777 -0.230719 3.119000
    endloop
  endfacet
  facet normal 0.000000 0.000000 0.000000
    outer loop
      vertex -2.799125 -0.400000 3.119000
      vertex -2.968777 -0.230719 3.119000
      vertex -3.039050 -0.400000 3.119000
    endloop
  endfacet
  facet normal 0.000000 0.000000 0.000000
    outer loop
      vertex -2.799125 -0.400000 3.119000
      vertex -3.039050 -0.400000 3.119000
      vertex -2.968777 -0.569281 3.119000
    endloop
  endfacet
  facet normal 0.000000 0.000000 0.000000
    outer loop
      vertex -2.799125 -0.400000 3.119000
      vertex -2.968777 -0.569281 3.119000
      vertex -2.799125 -0.639400 3.119000
    endloop
  endfacet
  facet normal 0.000000 0.000000 0.000000
    outer loop
      vertex -2.799125 -0.400000 3.119000
      vertex -2.799125 -0.639400 3.119000
      vertex -2.629472 -0.569281 3.119000
    endloop
  endfacet
  facet normal 0.000000 0.000000 0.000000
    outer loop
      vertex -2.799125 -0.400000 3.119000
      vertex -2.629472 -0.569281 3.119000
      vertex -2.559200 -0.400000 3.119000
    endloop
  endfacet
  facet normal 0.000000 0.000000 0.000000
    outer loop
      vertex 2.559200 -0.400000 2.321000
      vertex 2.512352 -0.512854 2.321000
      vertex 2.399250 -0.400000 2.321000
    endloop
  endfacet
  facet normal 0.000000 0.000000 0.000000
    outer loop
      vertex 2.512352 -0.512854 2.321000
      vertex 2.399250 -0.559600 2.321000
      vertex 2.399250 -0.400000 2.321000
    endloop
  endfacet
  facet normal 0.000000 0.000000 0.000000
    outer loop
      vertex 2.399250 -0.559600 2.321000
      vertex 2.286148 -0.512854 2.321000
      vertex 2.399250 -0.400000 2.321000
    endloop
  endfacet
  facet normal 0.000000 0.000000 0.000000
    outer loop
      vertex 2.286148 -0.512854 2.321000
      vertex 2.239300 -0.400000 2.321000
      vertex 2.399250 -0.400000 2.321000
    endloop
  endfacet
  facet normal 0.000000 0.000000 0.000000
    outer loop
      vertex 2.239300 -0.400000 2.321000
      vertex 2.286148 -0.287146 2.321000
      vertex 2.399250 -0.400000 2.321000
    endloop
  endfacet
  facet normal 0.000000 0.000000 0.000000
    outer loop
      vertex 2.286148 -0.287146 2.321000
      vertex 2.399250 -0.240400 2.321000
      vertex 2.399250 -0.400000 2.321000
    endloop
  endfacet
  facet normal 0.000000 0.000000 0.000000
    outer loop
      vertex 2.399250 -0.240400 2.321000
      vertex 2.512352 -0.287146 2.321000
      vertex 2.399250 -0.400000 2.321000
    endloop
  endfacet
  facet normal 0.000000 0.000000 0.000000
    outer loop
      vertex 2.512352 -0.287146 2.321000
      vertex 2.559200 -0.400000 2.321000
      vertex 2.399250 -0.400000 2.321000
    endloop
  endfacet
  facet normal 0.000000 0.000000 0.000000
    outer loop
      vertex 1.759450 -0.400000 2.321000
      vertex 1.712602 -0.512854 2.321000
      vertex 1.599500 -0.400000 2.321000
    endloop
  endfacet
  facet normal 0.000000 0.000000 0.000000
    outer loop
      vertex 1.712602 -0.512854 2.321000
      vertex 1.599500 -0.559600 2.321000
      vertex 1.599500 -0.400000 2.321000
    endloop
  endfacet
  facet normal 0.000000 0.000000 0.000000
    outer loop
      vertex 1.599500 -0.559600 2.321000
      vertex 1.486398 -0.512854 2.321000
      vertex 1.599500 -0.400000 2.321000
    endloop
  endfacet
  facet normal 0.000000 0.000000 0.000000
    outer loop
      vertex 1.486398 -0.512854 2.321000
      vertex 1.439550 -0.400000 2.321000
      vertex 1.599500 -0.400000 2.321000
    endloop
  endfacet
  facet normal 0.000000 0.000000 0.000000
    outer loop
      vertex 1.439550 -0.400000 2.321000
      vertex 1.486398 -0.287146 2.321000
      vertex 1.599500 -0.400000 2.321000
    endloop
  endfacet
  facet normal 0.000000 0.000000 0.000000
    outer loop
      vertex 1.486398 -0.287146 2.321000
      vertex 1.599500 -0.240400 2.321000
      vertex 1.599500 -0.400000 2.321000
    endloop
  endfacet
  facet normal 0.000000 0.000000 0.000000
    outer loop
      vertex 1.599500 -0.240400 2.321000
      vertex 1.712602 -0.287146 2.321000
      vertex 1.599500 -0.400000 2.321000
    endloop
  endfacet
  facet normal 0.000000 0.000000 0.000000
    outer loop
      vertex 1.712602 -0.287146 2.321000
      vertex 1.759450 -0.400000 2.321000
      vertex 1.599500 -0.400000 2.321000
    endloop
  endfacet
  facet normal 0.000000 0.000000 0.000000
    outer loop
      vertex 0.959700 -0.400000 2.321000
      vertex 0.912852 -0.512854 2.321000
      vertex 0.799750 -0.400000 2.321000
    endloop
  endfacet
  facet normal 0.000000 0.000000 0.000000
    outer loop
      vertex 0.912852 -0.512854 2.321000
      vertex 0.799750 -0.559600 2.321000
      vertex 0.799750 -0.400000 2.321000
    endloop
  endfacet
  facet normal 0.000000 0.000000 0.000000
    outer loop
      vertex 0.799750 -0.559600 2.321000
      vertex 0.686648 -0.512854 2.321000
      vertex 0.799750 -0.400000 2.321000
    endloop
  endfacet
  facet normal 0.000000 0.000000 0.000000
    outer loop
      vertex 0.686648 -0.512854 2.321000
      vertex 0.639800 -0.400000 2.321000
      vertex 0.799750 -0.400000 2.321000
    endloop
  endfacet
  facet normal 0.000000 0.000000 0.000000
    outer loop
      vertex 0.639800 -0.400000 2.321000
      vertex 0.686648 -0.287146 2.321000
      vertex 0.799750 -0.400000 2.321000
    endloop
  endfacet
  facet normal 0.000000 0.000000 0.000000
    outer loop
      vertex 0.686648 -0.287146 2.321000
      vertex 0.799750 -0.240400 2.321000
      vertex 0.799750 -0.400000 2.321000
    endloop
  endfacet
  facet normal 0.000000 0.000000 0.000000
    outer loop
      vertex 0.799750 -0.240400 2.321000
      vertex 0.912852 -0.287146 2.321000
      vertex 0.799750 -0.400000 2.321000
    endloop
  endfacet
  facet normal 0.000000 0.000000 0.000000
    outer loop
      vertex 0.912852 -0.287146 2.321000
      vertex 0.959700 -0.400000 2.321000
      vertex 0.799750 -0.400000 2.321000
    endloop
  endfacet
  facet normal 0.000000 0.000000 0.000000
    outer loop
      vertex 0.159950 -0.400000 2.321000
      vertex 0.113102 -0.512854 2.321000
      vertex 0.000000 -0.400000 2.321000
    endloop
  endfacet
  facet normal 0.000000 0.000000 0.000000
    outer loop
      vertex 0.113102 -0.512854 2.321000
      vertex 0.000000 -0.559600 2.321000
      vertex 0.000000 -0.400000 2.321000
    endloop
  endfacet
  facet normal 0.000000 0.000000 0.000000
    outer loop
      vertex 0.000000 -0.559600 2.321000
      vertex -0.113102 -0.512854 2.321000
      vertex 0.000000 -0.400000 2.321000
    endloop
  endfacet
  facet normal 0.000000 0.000000 0.000000
    outer loop
      vertex -0.113102 -0.512854 2.321000
      vertex -0.159950 -0.400000 2.321000
      vertex 0.000000 -0.400000 2.321000
    endloop
  endfacet
  facet normal 0.000000 0.000000 0.000000
    outer loop
      vertex -0.159950 -0.400000 2.321000
      vertex -0.113102 -0.287146 2.321000
      vertex 0.000000 -0.400000 2.321000
    endloop
  endfacet
  facet normal 0.000000 0.000000 0.000000
    outer loop
      vertex -0.113102 -0.287146 2.321000
      vertex -0.000000 -0.240400 2.321000
      vertex 0.000000 -0.400000 2.321000
    endloop
  endfacet
  facet normal 0.000000 0.000000 0.000000
    outer loop
      vertex -0.000000 -0.240400 2.321000
      vertex 0.113102 -0.287146 2.321000
      vertex 0.000000 -0.400000 2.321000
    endloop
  endfacet
  facet normal 0.000000 0.000000 0.000000
    outer loop
      vertex 0.113102 -0.287146 2.321000
      vertex 0.159950 -0.400000 2.321000
      vertex 0.000000 -0.400000 2.321000
    endloop
  endfacet
  facet normal 0.000000 0.000000 0.000000
    outer loop
      vertex -0.639800 -0.400000 2.321000
      vertex -0.686648 -0.512854 2.321000
      vertex -0.799750 -0.400000 2.321000
    endloop
  endfacet
  facet normal 0.000000 0.000000 0.000000
    outer loop
      vertex -0.686648 -0.512854 2.321000
      vertex -0.799750 -0.559600 2.321000
      vertex -0.799750 -0.400000 2.321000
    endloop
  endfacet
  facet normal 0.000000 0.000000 0.000000
    outer loop
      vertex -0.799750 -0.559600 2.321000
      vertex -0.912852 -0.512854 2.321000
      vertex -0.799750 -0.400000 2.321000
    endloop
  endfacet
  facet normal 0.000000 0.000000 0.000000
    outer loop
      vertex -0.912852 -0.512854 2.321000
      vertex -0.959700 -0.400000 2.321000
      vertex -0.799750 -0.400000 2.321000
    endloop
  endfacet
  facet normal 0.000000 0.000000 0.000000
    outer loop
      vertex -0.959700 -0.400000 2.321000
      vertex -0.912852 -0.287146 2.321000
      vertex -0.799750 -0.400000 2.321000
    endloop
  endfacet
  facet normal 0.000000 0.000000 0.000000
    outer loop
      vertex -0.912852 -0.287146 2.321000
      vertex -0.799750 -0.240400 2.321000
      vertex -0.799750 -0.400000 2.321000
    endloop
  endfacet
  facet normal 0.000000 0.000000 0.000000
    outer loop
      vertex -0.799750 -0.240400 2.321000
      vertex -0.686648 -0.287146 2.321000
      vertex -0.799750 -0.400000 2.321000
    endloop
  endfacet
  facet normal 0.000000 0.000000 0.000000
    outer loop
      vertex -0.686648 -0.287146 2.321000
      vertex -0.639800 -0.400000 2.321000
      vertex -0.799750 -0.400000 2.321000
    endloop
  endfacet
  facet normal 0.000000 0.000000 0.000000
    outer loop
      vertex -1.439550 -0.400000 2.321000
      vertex -1.486398 -0.512854 2.321000
      vertex -1.599500 -0.400000 2.321000
    endloop
  endfacet
  facet normal 0.000000 0.000000 0.000000
    outer loop
      vertex -1.486398 -0.512854 2.321000
      vertex -1.599500 -0.559600 2.321000
      vertex -1.599500 -0.400000 2.321000
    endloop
  endfacet
  facet normal 0.000000 0.000000 0.000000
    outer loop
      vertex -1.599500 -0.559600 2.321000
      vertex -1.712602 -0.512854 2.321000
      vertex -1.599500 -0.400000 2.321000
    endloop
  endfacet
  facet normal 0.000000 0.000000 0.000000
    outer loop
      vertex -1.712602 -0.512854 2.321000
      vertex -1.759450 -0.400000 2.321000
      vertex -1.599500 -0.400000 2.321000
    endloop
  endfacet
  facet normal 0.000000 0.000000 0.000000
    outer loop
      vertex -1.759450 -0.400000 2.321000
      vertex -1.712602 -0.287146 2.321000
      vertex -1.599500 -0.400000 2.321000
    endloop
  endfacet
  facet normal 0.000000 0.000000 0.000000
    outer loop
      vertex -1.712602 -0.287146 2.321000
      vertex -1.599500 -0.240400 2.321000
      vertex -1.599500 -0.400000 2.321000
    endloop
  endfacet
  facet normal 0.000000 0.000000 0.000000
    outer loop
      vertex -1.599500 -0.240400 2.321000
      vertex -1.486398 -0.287146 2.321000
      vertex -1.599500 -0.400000 2.321000
    endloop
  endfacet
  facet normal 0.000000 0.000000 0.000000
    outer loop
      vertex -1.486398 -0.287146 2.321000
      vertex -1.439550 -0.400000 2.321000
      vertex -1.599500 -0.400000 2.321000
    endloop
  endfacet
  facet normal 0.000000 0.000000 0.000000
    outer loop
      vertex -2.239300 -0.400000 2.321000
      vertex -2.286148 -0.512854 2.321000
      vertex -2.399250 -0.400000 2.321000
    endloop
  endfacet
  facet normal 0.000000 0.000000 0.000000
    outer loop
      vertex -2.286148 -0.512854 2.321000
      vertex -2.399250 -0.559600 2.321000
      vertex -2.399250 -0.400000 2.321000
    endloop
  endfacet
  facet normal 0.000000 0.000000 0.000000
    outer loop
      vertex -2.399250 -0.559600 2.321000
      vertex -2.512352 -0.512854 2.321000
      vertex -2.399250 -0.400000 2.321000
    endloop
  endfacet
  facet normal 0.000000 0.000000 0.000000
    outer loop
      vertex -2.512352 -0.512854 2.321000
      vertex -2.559200 -0.400000 2.321000
      vertex -2.399250 -0.400000 2.321000
    endloop
  endfacet
  facet normal 0.000000 0.000000 0.000000
    outer loop
      vertex -2.559200 -0.400000 2.321000
      vertex -2.512352 -0.287146 2.321000
      vertex -2.399250 -0.400000 2.321000
    endloop
  endfacet
  facet normal 0.000000 0.000000 0.000000
    outer loop
      vertex -2.512352 -0.287146 2.321000
      vertex -2.399250 -0.240400 2.321000
      vertex -2.399250 -0.400000 2.321000
    endloop
  endfacet
  facet normal 0.000000 0.000000 0.000000
    outer loop
      vertex -2.399250 -0.240400 2.321000
      vertex -2.286148 -0.287146 2.321000
      vertex -2.399250 -0.400000 2.321000
    endloop
  endfacet
  facet normal 0.000000 0.000000 0.000000
    outer loop
      vertex -2.286148 -0.287146 2.321000
      vertex -2.239300 -0.400000 2.321000
      vertex -2.399250 -0.400000 2.321000
    endloop
  endfacet
  facet normal 0.000000 0.000000 0.000000
    outer loop
      vertex 3.199000 -0.001000 2.321000
      vertex 3.039050 -0.160600 2.321000
      vertex -3.039050 -0.160600 2.321000
    endloop
  endfacet
  facet normal 0.000000 0.000000 0.000000
    outer loop
      vertex 3.199000 -0.001000 2.321000
      vertex -3.039050 -0.160600 2.321000
      vertex -3.199000 -0.001000 2.321000
    endloop
  endfacet
  facet normal 0.000000 0.000000 0.000000
    outer loop
      vertex -3.199000 -0.001000 2.321000
      vertex -3.039050 -0.160600 2.321000
      vertex -3.039050 -0.639400 2.321000
    endloop
  endfacet
  facet normal 0.000000 0.000000 0.000000
    outer loop
      vertex -3.199000 -0.001000 2.321000
      vertex -3.039050 -0.639400 2.321000
      vertex -3.199000 -0.799000 2.321000
    endloop
  endfacet
  facet normal 0.000000 0.000000 0.000000
    outer loop
      vertex -3.199000 -0.799000 2.321000
      vertex -3.039050 -0.639400 2.321000
      vertex 3.039050 -0.639400 2.321000
    endloop
  endfacet
  facet normal 0.000000 0.000000 0.000000
    outer loop
      vertex -3.199000 -0.799000 2.321000
      vertex 3.039050 -0.639400 2.321000
      vertex 3.199000 -0.799000 2.321000
    endloop
  endfacet
  facet normal 0.000000 0.000000 0.000000
    outer loop
      vertex 3.199000 -0.799000 2.321000
      vertex 3.039050 -0.639400 2.321000
      vertex 3.039050 -0.160600 2.321000
    endloop
  endfacet
  facet normal 0.000000 0.000000 0.000000
    outer loop
      vertex 3.199000 -0.799000 2.321000
      vertex 3.039050 -0.160600 2.321000
      vertex 3.199000 -0.001000 2.321000
    endloop
  endfacet
  facet normal 0.000000 0.000000 0.000000
    outer loop
      vertex 2.559200 -0.400000 2.321000
      vertex 2.559200 -0.400000 2.480333
      vertex 2.512352 -0.512854 2.480333
    endloop
  endfacet
  facet normal 0.000000 0.000000 0.000000
    outer loop
      vertex 2.559200 -0.400000 2.321000
      vertex 2.512352 -0.512854 2.480333
      vertex 2.512352 -0.512854 2.321000
    endloop
  endfacet
  facet normal 0.000000 0.000000 0.000000
    outer loop
      vertex 2.512352 -0.512854 2.321000
      vertex 2.512352 -0.512854 2.480333
      vertex 2.399250 -0.559600 2.480333
    endloop
  endfacet
  facet normal 0.000000 0.000000 0.000000
    outer loop
      vertex 2.512352 -0.512854 2.321000
      vertex 2.399250 -0.559600 2.480333
      vertex 2.399250 -0.559600 2.321000
    endloop
  endfacet
  facet normal 0.000000 0.000000 0.000000
    outer loop
      vertex 2.399250 -0.559600 2.321000
      vertex 2.399250 -0.559600 2.480333
      vertex 2.286148 -0.512854 2.480333
    endloop
  endfacet
  facet normal 0.000000 0.000000 0.000000
    outer loop
      vertex 2.399250 -0.559600 2.321000
      vertex 2.286148 -0.512854 2.480333
      vertex 2.286148 -0.512854 2.321000
    endloop
  endfacet
  facet normal 0.000000 0.000000 0.000000
    outer loop
      vertex 2.286148 -0.512854 2.321000
      vertex 2.286148 -0.512854 2.480333
      vertex 2.239300 -0.400000 2.480333
    endloop
  endfacet
  facet normal 0.000000 0.000000 0.000000
    outer loop
      vertex 2.286148 -0.512854 2.321000
      vertex 2.239300 -0.400000 2.480333
      vertex 2.239300 -0.400000 2.321000
    endloop
  endfacet
  facet normal 0.000000 0.000000 0.000000
    outer loop
      vertex 2.239300 -0.400000 2.321000
      vertex 2.239300 -0.400000 2.480333
      vertex 2.286148 -0.287146 2.480333
    endloop
  endfacet
  facet normal 0.000000 0.000000 0.000000
    outer loop
      vertex 2.239300 -0.400000 2.321000
      vertex 2.286148 -0.287146 2.480333
      vertex 2.286148 -0.287146 2.321000
    endloop
  endfacet
  facet normal 0.000000 0.000000 0.000000
    outer loop
      vertex 2.286148 -0.287146 2.321000
      vertex 2.286148 -0.287146 2.480333
      vertex 2.399250 -0.240400 2.480333
    endloop
  endfacet
  facet normal 0.000000 0.000000 0.000000
    outer loop
      vertex 2.286148 -0.287146 2.321000
      vertex 2.399250 -0.240400 2.480333
      vertex 2.399250 -0.240400 2.321000
    endloop
  endfacet
  facet normal 0.000000 0.000000 0.000000
    outer loop
      vertex 2.399250 -0.240400 2.321000
      vertex 2.399250 -0.240400 2.480333
      vertex 2.512352 -0.287146 2.480333
    endloop
  endfacet
  facet normal 0.000000 0.000000 0.000000
    outer loop
      vertex 2.399250 -0.240400 2.321000
      vertex 2.512352 -0.287146 2.480333
      vertex 2.512352 -0.287146 2.321000
    endloop
  endfacet
  facet normal 0.000000 0.000000 0.000000
    outer loop
      vertex 2.512352 -0.287146 2.321000
      vertex 2.512352 -0.287146 2.480333
      vertex 2.559200 -0.400000 2.480333
    endloop
  endfacet
  facet normal 0.000000 0.000000 0.000000
    outer loop
      vertex 2.512352 -0.287146 2.321000
      vertex 2.559200 -0.400000 2.480333
      vertex 2.559200 -0.400000 2.321000
    endloop
  endfacet
  facet normal 0.000000 0.000000 0.000000
    outer loop
      vertex 1.759450 -0.400000 2.321000
      vertex 1.759450 -0.400000 2.480333
      vertex 1.712602 -0.512854 2.480333
    endloop
  endfacet
  facet normal 0.000000 0.000000 0.000000
    outer loop
      vertex 1.759450 -0.400000 2.321000
      vertex 1.712602 -0.512854 2.480333
      vertex 1.712602 -0.512854 2.321000
    endloop
  endfacet
  facet normal 0.000000 0.000000 0.000000
    outer loop
      vertex 1.712602 -0.512854 2.321000
      vertex 1.712602 -0.512854 2.480333
      vertex 1.599500 -0.559600 2.480333
    endloop
  endfacet
  facet normal 0.000000 0.000000 0.000000
    outer loop
      vertex 1.712602 -0.512854 2.321000
      vertex 1.599500 -0.559600 2.480333
      vertex 1.599500 -0.559600 2.321000
    endloop
  endfacet
  facet normal 0.000000 0.000000 0.000000
    outer loop
      vertex 1.599500 -0.559600 2.321000
      vertex 1.599500 -0.559600 2.480333
      vertex 1.486398 -0.512854 2.480333
    endloop
  endfacet
  facet normal 0.000000 0.000000 0.000000
    outer loop
      vertex 1.599500 -0.559600 2.321000
      vertex 1.486398 -0.512854 2.480333
      vertex 1.486398 -0.512854 2.321000
    endloop
  endfacet
  facet normal 0.000000 0.000000 0.000000
    outer loop
      vertex 1.486398 -0.512854 2.321000
      vertex 1.486398 -0.512854 2.480333
      vertex 1.439550 -0.400000 2.480333
    endloop
  endfacet
  facet normal 0.000000 0.000000 0.000000
    outer loop
      vertex 1.486398 -0.512854 2.321000
      vertex 1.439550 -0.400000 2.480333
      vertex 1.439550 -0.400000 2.321000
    endloop
  endfacet
  facet normal 0.000000 0.000000 0.000000
    outer loop
      vertex 1.439550 -0.400000 2.321000
      vertex 1.439550 -0.400000 2.480333
      vertex 1.486398 -0.287146 2.480333
    endloop
  endfacet
  facet normal 0.000000 0.000000 0.000000
    outer loop
      vertex 1.439550 -0.400000 2.321000
      vertex 1.486398 -0.287146 2.480333
      vertex 1.486398 -0.287146 2.321000
    endloop
  endfacet
  facet normal 0.000000 0.000000 0.000000
    outer loop
      vertex 1.486398 -0.287146 2.321000
      vertex 1.486398 -0.287146 2.480333
      vertex 1.599500 -0.240400 2.480333
    endloop
  endfacet
  facet normal 0.000000 0.000000 0.000000
    outer loop
      vertex 1.486398 -0.287146 2.321000
      vertex 1.599500 -0.240400 2.480333
      vertex 1.599500 -0.240400 2.321000
    endloop
  endfacet
  facet normal 0.000000 0.000000 0.000000
    outer loop
      vertex 1.599500 -0.240400 2.321000
      vertex 1.599500 -0.240400 2.480333
      vertex 1.712602 -0.287146 2.480333
    endloop
  endfacet
  facet normal 0.000000 0.000000 0.000000
    outer loop
      vertex 1.599500 -0.240400 2.321000
      vertex 1.712602 -0.287146 2.480333
      vertex 1.712602 -0.287146 2.321000
    endloop
  endfacet
  facet normal 0.000000 0.000000 0.000000
    outer loop
      vertex 1.712602 -0.287146 2.321000
      vertex 1.712602 -0.287146 2.480333
      vertex 1.759450 -0.400000 2.480333
    endloop
  endfacet
  facet normal 0.000000 0.000000 0.000000
    outer loop
      vertex 1.712602 -0.287146 2.321000
      vertex 1.759450 -0.400000 2.480333
      vertex 1.759450 -0.400000 2.321000
    endloop
  endfacet
  facet normal 0.000000 0.000000 0.000000
    outer loop
      vertex 0.959700 -0.400000 2.321000
      vertex 0.959700 -0.400000 2.480333
      vertex 0.912852 -0.512854 2.480333
    endloop
  endfacet
  facet normal 0.000000 0.000000 0.000000
    outer loop
      vertex 0.959700 -0.400000 2.321000
      vertex 0.912852 -0.512854 2.480333
      vertex 0.912852 -0.512854 2.321000
    endloop
  endfacet
  facet normal 0.000000 0.000000 0.000000
    outer loop
      vertex 0.912852 -0.512854 2.321000
      vertex 0.912852 -0.512854 2.480333
      vertex 0.799750 -0.559600 2.480333
    endloop
  endfacet
  facet normal 0.000000 0.000000 0.000000
    outer loop
      vertex 0.912852 -0.512854 2.321000
      vertex 0.799750 -0.559600 2.480333
      vertex 0.799750 -0.559600 2.321000
    endloop
  endfacet
  facet normal 0.000000 0.000000 0.000000
    outer loop
      vertex 0.799750 -0.559600 2.321000
      vertex 0.799750 -0.559600 2.480333
      vertex 0.686648 -0.512854 2.480333
    endloop
  endfacet
  facet normal 0.000000 0.000000 0.000000
    outer loop
      vertex 0.799750 -0.559600 2.321000
      vertex 0.686648 -0.512854 2.480333
      vertex 0.686648 -0.512854 2.321000
    endloop
  endfacet
  facet normal 0.000000 0.000000 0.000000
    outer loop
      vertex 0.686648 -0.512854 2.321000
      vertex 0.686648 -0.512854 2.480333
      vertex 0.639800 -0.400000 2.480333
    endloop
  endfacet
  facet normal 0.000000 0.000000 0.000000
    outer loop
      vertex 0.686648 -0.512854 2.321000
      vertex 0.639800 -0.400000 2.480333
      vertex 0.639800 -0.400000 2.321000
    endloop
  endfacet
  facet normal 0.000000 0.000000 0.000000
    outer loop
      vertex 0.639800 -0.400000 2.321000
      vertex 0.639800 -0.400000 2.480333
      vertex 0.686648 -0.287146 2.480333
    endloop
  endfacet
  facet normal 0.000000 0.000000 0.000000
    outer loop
      vertex 0.639800 -0.400000 2.321000
      vertex 0.686648 -0.287146 2.480333
      vertex 0.686648 -0.287146 2.321000
    endloop
  endfacet
  facet normal 0.000000 0.000000 0.000000
    outer loop
      vertex 0.686648 -0.287146 2.321000
      vertex 0.686648 -0.287146 2.480333
      vertex 0.799750 -0.240400 2.480333
    endloop
  endfacet
  facet normal 0.000000 0.000000 0.000000
    outer loop
      vertex 0.686648 -0.287146 2.321000
      vertex 0.799750 -0.240400 2.480333
      vertex 0.799750 -0.240400 2.321000
    endloop
  endfacet
  facet normal 0.000000 0.000000 0.000000
    outer loop
      vertex 0.799750 -0.240400 2.321000
      vertex 0.799750 -0.240400 2.480333
      vertex 0.912852 -0.287146 2.480333
    endloop
  endfacet
  facet normal 0.000000 0.000000 0.000000
    outer loop
      vertex 0.799750 -0.240400 2.321000
      vertex 0.912852 -0.287146 2.480333
      vertex 0.912852 -0.287146 2.321000
    endloop
  endfacet
  facet normal 0.000000 0.000000 0.000000
    outer loop
      vertex 0.912852 -0.287146 2.321000
      vertex 0.912852 -0.287146 2.480333
      vertex 0.959700 -0.400000 2.480333
    endloop
  endfacet
  facet normal 0.000000 0.000000 0.000000
    outer loop
      vertex 0.912852 -0.287146 2.321000
      vertex 0.959700 -0.400000 2.480333
      vertex 0.959700 -0.400000 2.321000
    endloop
  endfacet
  facet normal 0.000000 0.000000 0.000000
    outer loop
      vertex 0.159950 -0.400000 2.321000
      vertex 0.159950 -0.400000 2.480333
      vertex 0.113102 -0.512854 2.480333
    endloop
  endfacet
  facet normal 0.000000 0.000000 0.000000
    outer loop
      vertex 0.159950 -0.400000 2.321000
      vertex 0.113102 -0.512854 2.480333
      vertex 0.113102 -0.512854 2.321000
    endloop
  endfacet
  facet normal 0.000000 0.000000 0.000000
    outer loop
      vertex 0.113102 -0.512854 2.321000
      vertex 0.113102 -0.512854 2.480333
      vertex 0.000000 -0.559600 2.480333
    endloop
  endfacet
  facet normal 0.000000 0.000000 0.000000
    outer loop
      vertex 0.113102 -0.512854 2.321000
      vertex 0.000000 -0.559600 2.480333
      vertex 0.000000 -0.559600 2.321000
    endloop
  endfacet
  facet normal 0.000000 0.000000 0.000000
    outer loop
      vertex 0.000000 -0.559600 2.321000
      vertex 0.000000 -0.559600 2.480333
      vertex -0.113102 -0.512854 2.480333
    endloop
  endfacet
  facet normal 0.000000 0.000000 0.000000
    outer loop
      vertex 0.000000 -0.559600 2.321000
      vertex -0.113102 -0.512854 2.480333
      vertex -0.113102 -0.512854 2.321000
    endloop
  endfacet
  facet normal 0.000000 0.000000 0.000000
    outer loop
      vertex -0.113102 -0.512854 2.321000
      vertex -0.113102 -0.512854 2.480333
      vertex -0.159950 -0.400000 2.480333
    endloop
  endfacet
  facet normal 0.000000 0.000000 0.000000
    outer loop
      vertex -0.113102 -0.512854 2.321000
      vertex -0.159950 -0.400000 2.480333
      vertex -0.159950 -0.400000 2.321000
    endloop
  endfacet
  facet normal 0.000000 0.000000 0.000000
    outer loop
      vertex -0.159950 -0.400000 2.321000
      vertex -0.159950 -0.400000 2.480333
      vertex -0.113102 -0.287146 2.480333
    endloop
  endfacet
  facet normal 0.000000 0.000000 0.000000
    outer loop
      vertex -0.159950 -0.400000 2.321000
      vertex -0.113102 -0.287146 2.480333
      vertex -0.113102 -0.287146 2.321000
    endloop
  endfacet
  facet normal 0.000000 0.000000 0.000000
    outer loop
      vertex -0.113102 -0.287146 2.321000
      vertex -0.113102 -0.287146 2.480333
      vertex -0.000000 -0.240400 2.480333
    endloop
  endfacet
  facet normal 0.000000 0.000000 0.000000
    outer loop
      vertex -0.113102 -0.287146 2.321000
      vertex -0.000000 -0.240400 2.480333
      vertex -0.000000 -0.240400 2.321000
    endloop
  endfacet
  facet normal 0.000000 0.000000 0.000000
    outer loop
      vertex -0.000000 -0.240400 2.321000
      vertex -0.000000 -0.240400 2.480333
      vertex 0.113102 -0.287146 2.480333
    endloop
  endfacet
  facet normal 0.000000 0.000000 0.000000
    outer loop
      vertex -0.000000 -0.240400 2.321000
      vertex 0.113102 -0.287146 2.480333
      vertex 0.113102 -0.287146 2.321000
    endloop
  endfacet
  facet normal 0.000000 0.000000 0.000000
    outer loop
      vertex 0.113102 -0.287146 2.321000
      vertex 0.113102 -0.287146 2.480333
      vertex 0.159950 -0.400000 2.480333
    endloop
  endfacet
  facet normal 0.000000 0.000000 0.000000
    outer loop
      vertex 0.113102 -0.287146 2.321000
      vertex 0.159950 -0.400000 2.480333
      vertex 0.159950 -0.400000 2.321000
    endloop
  endfacet
  facet normal 0.000000 0.000000 0.000000
    outer loop
      vertex -0.639800 -0.400000 2.321000
      vertex -0.639800 -0.400000 2.480333
      vertex -0.686648 -0.512854 2.480333
    endloop
  endfacet
  facet normal 0.000000 0.000000 0.000000
    outer loop
      vertex -0.639800 -0.400000 2.321000
      vertex -0.686648 -0.512854 2.480333
      vertex -0.686648 -0.512854 2.321000
    endloop
  endfacet
  facet normal 0.000000 0.000000 0.000000
    outer loop
      vertex -0.686648 -0.512854 2.321000
      vertex -0.686648 -0.512854 2.480333
      vertex -0.799750 -0.559600 2.480333
    endloop
  endfacet
  facet normal 0.000000 0.000000 0.000000
    outer loop
      vertex -0.686648 -0.512854 2.321000
      vertex -0.799750 -0.559600 2.480333
      vertex -0.799750 -0.559600 2.321000
    endloop
  endfacet
  facet normal 0.000000 0.000000 0.000000
    outer loop
      vertex -0.799750 -0.559600 2.321000
      vertex -0.799750 -0.559600 2.480333
      vertex -0.912852 -0.512854 2.480333
    endloop
  endfacet
  facet normal 0.000000 0.000000 0.000000
    outer loop
      vertex -0.799750 -0.559600 2.321000
      vertex -0.912852 -0.512854 2.480333
      vertex -0.912852 -0.512854 2.321000
    endloop
  endfacet
  facet normal 0.000000 0.000000 0.000000
    outer loop
      vertex -0.912852 -0.512854 2.321000
      vertex -0.912852 -0.512854 2.480333
      vertex -0.959700 -0.400000 2.480333
    endloop
  endfacet
  facet normal 0.000000 0.000000 0.000000
    outer loop
      vertex -0.912852 -0.512854 2.321000
      vertex -0.959700 -0.400000 2.480333
      vertex -0.959700 -0.400000 2.321000
    endloop
  endfacet
  facet normal 0.000000 0.000000 0.000000
    outer loop
      vertex -0.959700 -0.400000 2.321000
      vertex -0.959700 -0.400000 2.480333
      vertex -0.912852 -0.287146 2.480333
    endloop
  endfacet
  facet normal 0.000000 0.000000 0.000000
    outer loop
      vertex -0.959700 -0.400000 2.321000
      vertex -0.912852 -0.287146 2.480333
      vertex -0.912852 -0.287146 2.321000
    endloop
  endfacet
  facet normal 0.000000 0.000000 0.000000
    outer loop
      vertex -0.912852 -0.287146 2.321000
      vertex -0.912852 -0.287146 2.480333
      vertex -0.799750 -0.240400 2.480333
    endloop
  endfacet
  facet normal 0.000000 0.000000 0.000000
    outer loop
      vertex -0.912852 -0.287146 2.321000
      vertex -0.799750 -0.240400 2.480333
      vertex -0.799750 -0.240400 2.321000
    endloop
  endfacet
  facet normal 0.000000 0.000000 0.000000
    outer loop
      vertex -0.799750 -0.240400 2.321000
      vertex -0.799750 -0.240400 2.480333
      vertex -0.686648 -0.287146 2.480333
    endloop
  endfacet
  facet normal 0.000000 0.000000 0.000000
    outer loop
      vertex -0.799750 -0.240400 2.321000
      vertex -0.686648 -0.287146 2.480333
      vertex -0.686648 -0.287146 2.321000
    endloop
  endfacet
  facet normal 0.000000 0.000000 0.000000
    outer loop
      vertex -0.686648 -0.287146 2.321000
      vertex -0.686648 -0.287146 2.480333
      vertex -0.639800 -0.400000 2.480333
    endloop
  endfacet
  facet normal 0.000000 0.000000 0.000000
    outer loop
      vertex -0.686648 -0.287146 2.321000
      vertex -0.639800 -0.400000 2.480333
      vertex -0.639800 -0.400000 2.321000
    endloop
  endfacet
  facet normal 0.000000 0.000000 0.000000
    outer loop
      vertex -1.439550 -0.400000 2.321000
      vertex -1.439550 -0.400000 2.480333
      vertex -1.486398 -0.512854 2.480333
    endloop
  endfacet
  facet normal 0.000000 0.000000 0.000000
    outer loop
      vertex -1.439550 -0.400000 2.321000
      vertex -1.486398 -0.512854 2.480333
      vertex -1.486398 -0.512854 2.321000
    endloop
  endfacet
  facet normal 0.000000 0.000000 0.000000
    outer loop
      vertex -1.486398 -0.512854 2.321000
      vertex -1.486398 -0.512854 2.480333
      vertex -1.599500 -0.559600 2.480333
    endloop
  endfacet
  facet normal 0.000000 0.000000 0.000000
    outer loop
      vertex -1.486398 -0.512854 2.321000
      vertex -1.599500 -0.559600 2.480333
      vertex -1.599500 -0.559600 2.321000
    endloop
  endfacet
  facet normal 0.000000 0.000000 0.000000
    outer loop
      vertex -1.599500 -0.559600 2.321000
      vertex -1.599500 -0.559600 2.480333
      vertex -1.712602 -0.512854 2.480333
    endloop
  endfacet
  facet normal 0.000000 0.000000 0.000000
    outer loop
      vertex -1.599500 -0.559600 2.321000
      vertex -1.712602 -0.512854 2.480333
      vertex -1.712602 -0.512854 2.321000
    endloop
  endfacet
  facet normal 0.000000 0.000000 0.000000
    outer loop
      vertex -1.712602 -0.512854 2.321000
      vertex -1.712602 -0.512854 2.480333
      vertex -1.759450 -0.400000 2.480333
    endloop
  endfacet
  facet normal 0.000000 0.000000 0.000000
    outer loop
      vertex -1.712602 -0.512854 2.321000
      vertex -1.759450 -0.400000 2.480333
      vertex -1.759450 -0.400000 2.321000
    endloop
  endfacet
  facet normal 0.000000 0.000000 0.000000
    outer loop
      vertex -1.759450 -0.400000 2.321000
      vertex -1.759450 -0.400000 2.480333
      vertex -1.712602 -0.287146 2.480333
    endloop
  endfacet
  facet normal 0.000000 0.000000 0.000000
    outer loop
      vertex -1.759450 -0.400000 2.321000
      vertex -1.712602 -0.287146 2.480333
      vertex -1.712602 -0.287146 2.321000
    endloop
  endfacet
  facet normal 0.000000 0.000000 0.000000
    outer loop
      vertex -1.712602 -0.287146 2.321000
      vertex -1.712602 -0.287146 2.480333
      vertex -1.599500 -0.240400 2.480333
    endloop
  endfacet
  facet normal 0.000000 0.000000 0.000000
    outer loop
      vertex -1.712602 -0.287146 2.321000
      vertex -1.599500 -0.240400 2.480333
      vertex -1.599500 -0.240400 2.321000
    endloop
  endfacet
  facet normal 0.000000 0.000000 0.000000
    outer loop
      vertex -1.599500 -0.240400 2.321000
      vertex -1.599500 -0.240400 2.480333
      vertex -1.486398 -0.287146 2.480333
    endloop
  endfacet
  facet normal 0.000000 0.000000 0.000000
    outer loop
      vertex -1.599500 -0.240400 2.321000
      vertex -1.486398 -0.287146 2.480333
      vertex -1.486398 -0.287146 2.321000
    endloop
  endfacet
  facet normal 0.000000 0.000000 0.000000
    outer loop
      vertex -1.486398 -0.287146 2.321000
      vertex -1.486398 -0.287146 2.480333
      vertex -1.439550 -0.400000 2.480333
    endloop
  endfacet
  facet normal 0.000000 0.000000 0.000000
    outer loop
      vertex -1.486398 -0.287146 2.321000
      vertex -1.439550 -0.400000 2.480333
      vertex -1.439550 -0.400000 2.321000
    endloop
  endfacet
  facet normal 0.000000 0.000000 0.000000
    outer loop
      vertex -2.239300 -0.400000 2.321000
      vertex -2.239300 -0.400000 2.480333
      vertex -2.286148 -0.512854 2.480333
    endloop
  endfacet
  facet normal 0.000000 0.000000 0.000000
    outer loop
      vertex -2.239300 -0.400000 2.321000
      vertex -2.286148 -0.512854 2.480333
      vertex -2.286148 -0.512854 2.321000
    endloop
  endfacet
  facet normal 0.000000 0.000000 0.000000
    outer loop
      vertex -2.286148 -0.512854 2.321000
      vertex -2.286148 -0.512854 2.480333
      vertex -2.399250 -0.559600 2.480333
    endloop
  endfacet
  facet normal 0.000000 0.000000 0.000000
    outer loop
      vertex -2.286148 -0.512854 2.321000
      vertex -2.399250 -0.559600 2.480333
      vertex -2.399250 -0.559600 2.321000
    endloop
  endfacet
  facet normal 0.000000 0.000000 0.000000
    outer loop
      vertex -2.399250 -0.559600 2.321000
      vertex -2.399250 -0.559600 2.480333
      vertex -2.512352 -0.512854 2.480333
    endloop
  endfacet
  facet normal 0.000000 0.000000 0.000000
    outer loop
      vertex -2.399250 -0.559600 2.321000
      vertex -2.512352 -0.512854 2.480333
      vertex -2.512352 -0.512854 2.321000
    endloop
  endfacet
  facet normal 0.000000 0.000000 0.000000
    outer loop
      vertex -2.512352 -0.512854 2.321000
      vertex -2.512352 -0.512854 2.480333
      vertex -2.559200 -0.400000 2.480333
    endloop
  endfacet
  facet normal 0.000000 0.000000 0.000000
    outer loop
      vertex -2.512352 -0.512854 2.321000
      vertex -2.559200 -0.400000 2.480333
      vertex -2.559200 -0.400000 2.321000
    endloop
  endfacet
  facet normal 0.000000 0.000000 0.000000
    outer loop
      vertex -2.559200 -0.400000 2.321000
      vertex -2.559200 -0.400000 2.480333
      vertex -2.512352 -0.287146 2.480333
    endloop
  endfacet
  facet normal 0.000000 0.000000 0.000000
    outer loop
      vertex -2.559200 -0.400000 2.321000
      vertex -2.512352 -0.287146 2.480333
      vertex -2.512352 -0.287146 2.321000
    endloop
  endfacet
  facet normal 0.000000 0.000000 0.000000
    outer loop
      vertex -2.512352 -0.287146 2.321000
      vertex -2.512352 -0.287146 2.480333
      vertex -2.399250 -0.240400 2.480333
    endloop
  endfacet
  facet normal 0.000000 0.000000 0.000000
    outer loop
      vertex -2.512352 -0.287146 2.321000
      vertex -2.399250 -0.240400 2.480333
      vertex -2.399250 -0.240400 2.321000
    endloop
  endfacet
  facet normal 0.000000 0.000000 0.000000
    outer loop
      vertex -2.399250 -0.240400 2.321000
      vertex -2.399250 -0.240400 2.480333
      vertex -2.286148 -0.287146 2.480333
    endloop
  endfacet
  facet normal 0.000000 0.000000 0.000000
    outer loop
      vertex -2.399250 -0.240400 2.321000
      vertex -2.286148 -0.287146 2.480333
      vertex -2.286148 -0.287146 2.321000
    endloop
  endfacet
  facet normal 0.000000 0.000000 0.000000
    outer loop
      vertex -2.286148 -0.287146 2.321000
      vertex -2.286148 -0.287146 2.480333
      vertex -2.239300 -0.400000 2.480333
    endloop
  endfacet
  facet normal 0.000000 0.000000 0.000000
    outer loop
      vertex -2.286148 -0.287146 2.321000
      vertex -2.239300 -0.400000 2.480333
      vertex -2.239300 -0.400000 2.321000
    endloop
  endfacet
  facet normal 0.000000 0.000000 0.000000
    outer loop
      vertex -3.039050 -0.160600 2.480333
      vertex 3.039050 -0.160600 2.480333
      vertex 3.039050 -0.639400 2.480333
    endloop
  endfacet
  facet normal 0.000000 0.000000 0.000000
    outer loop
      vertex -3.039050 -0.160600 2.480333
      vertex 3.039050 -0.639400 2.480333
      vertex -3.039050 -0.639400 2.480333
    endloop
  endfacet
  facet normal 0.000000 0.000000 0.000000
    outer loop
      vertex -3.039050 -0.160600 2.480333
      vertex -3.039050 -0.160600 2.321000
      vertex 3.039050 -0.160600 2.321000
    endloop
  endfacet
  facet normal 0.000000 0.000000 0.000000
    outer loop
      vertex -3.039050 -0.160600 2.480333
      vertex 3.039050 -0.160600 2.321000
      vertex 3.039050 -0.160600 2.480333
    endloop
  endfacet
  facet normal 0.000000 0.000000 0.000000
    outer loop
      vertex -3.039050 -0.639400 2.480333
      vertex -3.039050 -0.639400 2.321000
      vertex -3.039050 -0.160600 2.321000
    endloop
  endfacet
  facet normal 0.000000 0.000000 0.000000
    outer loop
      vertex -3.039050 -0.639400 2.480333
      vertex -3.039050 -0.160600 2.321000
      vertex -3.039050 -0.160600 2.480333
    endloop
  endfacet
  facet normal 0.000000 0.000000 0.000000
    outer loop
      vertex 3.039050 -0.639400 2.480333
      vertex 3.039050 -0.639400 2.321000
      vertex -3.039050 -0.639400 2.321000
    endloop
  endfacet
  facet normal 0.000000 0.000000 0.000000
    outer loop
      vertex 3.039050 -0.639400 2.480333
      vertex -3.039050 -0.639400 2.321000
      vertex -3.039050 -0.639400 2.480333
    endloop
  endfacet
  facet normal 0.000000 0.000000 0.000000
    outer loop
      vertex 3.039050 -0.160600 2.480333
      vertex 3.039050 -0.160600 2.321000
      vertex 3.039050 -0.639400 2.321000
    endloop
  endfacet
  facet normal 0.000000 0.000000 0.000000
    outer loop
      vertex 3.039050 -0.160600 2.480333
      vertex 3.039050 -0.639400 2.321000
      vertex 3.039050 -0.639400 2.480333
    endloop
  endfacet
  facet normal 0.000000 0.000000 0.000000
    outer loop
      vertex 3.199000 -0.799000 2.639667
      vertex 3.199000 -0.799000 2.321000
      vertex 3.199000 -0.001000 2.321000
    endloop
  endfacet
  facet normal 0.000000 0.000000 0.000000
    outer loop
      vertex 3.199000 -0.799000 2.639667
      vertex 3.199000 -0.001000 2.321000
      vertex 3.199000 -0.001000 2.639667
    endloop
  endfacet
  facet normal 0.000000 0.000000 0.000000
    outer loop
      vertex -3.199000 -0.799000 2.639667
      vertex -3.199000 -0.799000 2.321000
      vertex 3.199000 -0.799000 2.321000
    endloop
  endfacet
  facet normal 0.000000 0.000000 0.000000
    outer loop
      vertex -3.199000 -0.799000 2.639667
      vertex 3.199000 -0.799000 2.321000
      vertex 3.199000 -0.799000 2.639667
    endloop
  endfacet
  facet normal 0.000000 0.000000 0.000000
    outer loop
      vertex -3.199000 -0.001000 2.639667
      vertex -3.199000 -0.001000 2.321000
      vertex -3.199000 -0.799000 2.321000
    endloop
  endfacet
  facet normal 0.000000 0.000000 0.000000
    outer loop
      vertex -3.199000 -0.001000 2.639667
      vertex -3.199000 -0.799000 2.321000
      vertex -3.199000 -0.799000 2.639667
    endloop
  endfacet
  facet normal 0.000000 0.000000 0.000000
    outer loop
      vertex 3.199000 -0.001000 2.639667
      vertex 3.199000 -0.001000 2.321000
      vertex -3.199000 -0.001000 2.321000
    endloop
  endfacet
  facet normal 0.000000 0.000000 0.000000
    outer loop
      vertex 3.199000 -0.001000 2.639667
      vertex -3.199000 -0.001000 2.321000
      vertex -3.199000 -0.001000 2.639667
    endloop
  endfacet
  facet normal 0.000000 0.000000 0.000000
    outer loop
      vertex -3.199000 -0.799000 2.639667
      vertex 3.199000 -0.799000 2.639667
      vertex 3.199000 -0.001000 2.639667
    endloop
  endfacet
  facet normal 0.000000 0.000000 0.000000
    outer loop
      vertex -3.199000 -0.799000 2.639667
      vertex 3.199000 -0.001000 2.639667
      vertex -3.199000 -0.001000 2.639667
    endloop
  endfacet
  facet normal 0.000000 0.000000 0.000000
    outer loop
      vertex 3.039050 -0.400000 2.799000
      vertex 3.039050 -0.400000 2.639667
      vertex 2.968777 -0.230719 2.639667
    endloop
  endfacet
  facet normal 0.000000 0.000000 0.000000
    outer loop
      vertex 3.039050 -0.400000 2.799000
      vertex 2.968777 -0.230719 2.639667
      vertex 2.968777 -0.230719 2.799000
    endloop
  endfacet
  facet normal 0.000000 0.000000 0.000000
    outer loop
      vertex 2.968777 -0.230719 2.799000
      vertex 2.968777 -0.230719 2.639667
      vertex 2.799125 -0.160600 2.639667
    endloop
  endfacet
  facet normal 0.000000 0.000000 0.000000
    outer loop
      vertex 2.968777 -0.230719 2.799000
      vertex 2.799125 -0.160600 2.639667
      vertex 2.799125 -0.160600 2.799000
    endloop
  endfacet
  facet normal 0.000000 0.000000 0.000000
    outer loop
      vertex 2.799125 -0.160600 2.799000
      vertex 2.799125 -0.160600 2.639667
      vertex 2.629472 -0.230719 2.639667
    endloop
  endfacet
  facet normal 0.000000 0.000000 0.000000
    outer loop
      vertex 2.799125 -0.160600 2.799000
      vertex 2.629472 -0.230719 2.639667
      vertex 2.629472 -0.230719 2.799000
    endloop
  endfacet
  facet normal 0.000000 0.000000 0.000000
    outer loop
      vertex 2.629472 -0.230719 2.799000
      vertex 2.629472 -0.230719 2.639667
      vertex 2.559200 -0.400000 2.639667
    endloop
  endfacet
  facet normal 0.000000 0.000000 0.000000
    outer loop
      vertex 2.629472 -0.230719 2.799000
      vertex 2.559200 -0.400000 2.639667
      vertex 2.559200 -0.400000 2.799000
    endloop
  endfacet
  facet normal 0.000000 0.000000 0.000000
    outer loop
      vertex 2.559200 -0.400000 2.799000
      vertex 2.559200 -0.400000 2.639667
      vertex 2.629472 -0.569281 2.639667
    endloop
  endfacet
  facet normal 0.000000 0.000000 0.000000
    outer loop
      vertex 2.559200 -0.400000 2.799000
      vertex 2.629472 -0.569281 2.639667
      vertex 2.629472 -0.569281 2.799000
    endloop
  endfacet
  facet normal 0.000000 0.000000 0.000000
    outer loop
      vertex 2.629472 -0.569281 2.799000
      vertex 2.629472 -0.569281 2.639667
      vertex 2.799125 -0.639400 2.639667
    endloop
  endfacet
  facet normal 0.000000 0.000000 0.000000
    outer loop
      vertex 2.629472 -0.569281 2.799000
      vertex 2.799125 -0.639400 2.639667
      vertex 2.799125 -0.639400 2.799000
    endloop
  endfacet
  facet normal 0.000000 0.000000 0.000000
    outer loop
      vertex 2.799125 -0.639400 2.799000
      vertex 2.799125 -0.639400 2.639667
      vertex 2.968778 -0.569281 2.639667
    endloop
  endfacet
  facet normal 0.000000 0.000000 0.000000
    outer loop
      vertex 2.799125 -0.639400 2.799000
      vertex 2.968778 -0.569281 2.639667
      vertex 2.968778 -0.569281 2.799000
    endloop
  endfacet
  facet normal 0.000000 0.000000 0.000000
    outer loop
      vertex 2.968778 -0.569281 2.799000
      vertex 2.968778 -0.569281 2.639667
      vertex 3.039050 -0.400000 2.639667
    endloop
  endfacet
  facet normal 0.000000 0.000000 0.000000
    outer loop
      vertex 2.968778 -0.569281 2.799000
      vertex 3.039050 -0.400000 2.639667
      vertex 3.039050 -0.400000 2.799000
    endloop
  endfacet
  facet normal 0.000000 0.000000 0.000000
    outer loop
      vertex 2.239300 -0.400000 2.799000
      vertex 2.239300 -0.400000 2.639667
      vertex 2.169028 -0.230719 2.639667
    endloop
  endfacet
  facet normal 0.000000 0.000000 0.000000
    outer loop
      vertex 2.239300 -0.400000 2.799000
      vertex 2.169028 -0.230719 2.639667
      vertex 2.169028 -0.230719 2.799000
    endloop
  endfacet
  facet normal 0.000000 0.000000 0.000000
    outer loop
      vertex 2.169028 -0.230719 2.799000
      vertex 2.169028 -0.230719 2.639667
      vertex 1.999375 -0.160600 2.639667
    endloop
  endfacet
  facet normal 0.000000 0.000000 0.000000
    outer loop
      vertex 2.169028 -0.230719 2.799000
      vertex 1.999375 -0.160600 2.639667
      vertex 1.999375 -0.160600 2.799000
    endloop
  endfacet
  facet normal 0.000000 0.000000 0.000000
    outer loop
      vertex 1.999375 -0.160600 2.799000
      vertex 1.999375 -0.160600 2.639667
      vertex 1.829722 -0.230719 2.639667
    endloop
  endfacet
  facet normal 0.000000 0.000000 0.000000
    outer loop
      vertex 1.999375 -0.160600 2.799000
      vertex 1.829722 -0.230719 2.639667
      vertex 1.829722 -0.230719 2.799000
    endloop
  endfacet
  facet normal 0.000000 0.000000 0.000000
    outer loop
      vertex 1.829722 -0.230719 2.799000
      vertex 1.829722 -0.230719 2.639667
      vertex 1.759450 -0.400000 2.639667
    endloop
  endfacet
  facet normal 0.000000 0.000000 0.000000
    outer loop
      vertex 1.829722 -0.230719 2.799000
      vertex 1.759450 -0.400000 2.639667
      vertex 1.759450 -0.400000 2.799000
    endloop
  endfacet
  facet normal 0.000000 0.000000 0.000000
    outer loop
      vertex 1.759450 -0.400000 2.799000
      vertex 1.759450 -0.400000 2.639667
      vertex 1.829722 -0.569281 2.639667
    endloop
  endfacet
  facet normal 0.000000 0.000000 0.000000
    outer loop
      vertex 1.759450 -0.400000 2.799000
      vertex 1.829722 -0.569281 2.639667
      vertex 1.829722 -0.569281 2.799000
    endloop
  endfacet
  facet normal 0.000000 0.000000 0.000000
    outer loop
      vertex 1.829722 -0.569281 2.799000
      vertex 1.829722 -0.569281 2.639667
      vertex 1.999375 -0.639400 2.639667
    endloop
  endfacet
  facet normal 0.000000 0.000000 0.000000
    outer loop
      vertex 1.829722 -0.569281 2.799000
      vertex 1.999375 -0.639400 2.639667
      vertex 1.999375 -0.639400 2.799000
    endloop
  endfacet
  facet normal 0.000000 0.000000 0.000000
    outer loop
      vertex 1.999375 -0.639400 2.799000
      vertex 1.999375 -0.639400 2.639667
      vertex 2.169028 -0.569281 2.639667
    endloop
  endfacet
  facet normal 0.000000 0.000000 0.000000
    outer loop
      vertex 1.999375 -0.639400 2.799000
      vertex 2.169028 -0.569281 2.639667
      vertex 2.169028 -0.569281 2.799000
    endloop
  endfacet
  facet normal 0.000000 0.000000 0.000000
    outer loop
      vertex 2.169028 -0.569281 2.799000
      vertex 2.169028 -0.569281 2.639667
      vertex 2.239300 -0.400000 2.639667
    endloop
  endfacet
  facet normal 0.000000 0.000000 0.000000
    outer loop
      vertex 2.169028 -0.569281 2.799000
      vertex 2.239300 -0.400000 2.639667
      vertex 2.239300 -0.400000 2.799000
    endloop
  endfacet
  facet normal 0.000000 0.000000 0.000000
    outer loop
      vertex 1.439550 -0.400000 2.799000
      vertex 1.439550 -0.400000 2.639667
      vertex 1.369278 -0.230719 2.639667
    endloop
  endfacet
  facet normal 0.000000 0.000000 0.000000
    outer loop
      vertex 1.439550 -0.400000 2.799000
      vertex 1.369278 -0.230719 2.639667
      vertex 1.369278 -0.230719 2.799000
    endloop
  endfacet
  facet normal 0.000000 0.000000 0.000000
    outer loop
      vertex 1.369278 -0.230719 2.799000
      vertex 1.369278 -0.230719 2.639667
      vertex 1.199625 -0.160600 2.639667
    endloop
  endfacet
  facet normal 0.000000 0.000000 0.000000
    outer loop
      vertex 1.369278 -0.230719 2.799000
      vertex 1.199625 -0.160600 2.639667
      vertex 1.199625 -0.160600 2.799000
    endloop
  endfacet
  facet normal 0.000000 0.000000 0.000000
    outer loop
      vertex 1.199625 -0.160600 2.799000
      vertex 1.199625 -0.160600 2.639667
      vertex 1.029972 -0.230719 2.639667
    endloop
  endfacet
  facet normal 0.000000 0.000000 0.000000
    outer loop
      vertex 1.199625 -0.160600 2.799000
      vertex 1.029972 -0.230719 2.639667
      vertex 1.029972 -0.230719 2.799000
    endloop
  endfacet
  facet normal 0.000000 0.000000 0.000000
    outer loop
      vertex 1.029972 -0.230719 2.799000
      vertex 1.029972 -0.230719 2.639667
      vertex 0.959700 -0.400000 2.639667
    endloop
  endfacet
  facet normal 0.000000 0.000000 0.000000
    outer loop
      vertex 1.029972 -0.230719 2.799000
      vertex 0.959700 -0.400000 2.639667
      vertex 0.959700 -0.400000 2.799000
    endloop
  endfacet
  facet normal 0.000000 0.000000 0.000000
    outer loop
      vertex 0.959700 -0.400000 2.799000
      vertex 0.959700 -0.400000 2.639667
      vertex 1.029972 -0.569281 2.639667
    endloop
  endfacet
  facet normal 0.000000 0.000000 0.000000
    outer loop
      vertex 0.959700 -0.400000 2.799000
      vertex 1.029972 -0.569281 2.639667
      vertex 1.029972 -0.569281 2.799000
    endloop
  endfacet
  facet normal 0.000000 0.000000 0.000000
    outer loop
      vertex 1.029972 -0.569281 2.799000
      vertex 1.029972 -0.569281 2.639667
      vertex 1.199625 -0.639400 2.639667
    endloop
  endfacet
  facet normal 0.000000 0.000000 0.000000
    outer loop
      vertex 1.029972 -0.569281 2.799000
      vertex 1.199625 -0.639400 2.639667
      vertex 1.199625 -0.639400 2.799000
    endloop
  endfacet
  facet normal 0.000000 0.000000 0.000000
    outer loop
      vertex 1.199625 -0.639400 2.799000
      vertex 1.199625 -0.639400 2.639667
      vertex 1.369278 -0.569281 2.639667
    endloop
  endfacet
  facet normal 0.000000 0.000000 0.000000
    outer loop
      vertex 1.199625 -0.639400 2.799000
      vertex 1.369278 -0.569281 2.639667
      vertex 1.369278 -0.569281 2.799000
    endloop
  endfacet
  facet normal 0.000000 0.000000 0.000000
    outer loop
      vertex 1.369278 -0.569281 2.799000
      vertex 1.369278 -0.569281 2.639667
      vertex 1.439550 -0.400000 2.639667
    endloop
  endfacet
  facet normal 0.000000 0.000000 0.000000
    outer loop
      vertex 1.369278 -0.569281 2.799000
      vertex 1.439550 -0.400000 2.639667
      vertex 1.439550 -0.400000 2.799000
    endloop
  endfacet
  facet normal 0.000000 0.000000 0.000000
    outer loop
      vertex 0.639800 -0.400000 2.799000
      vertex 0.639800 -0.400000 2.639667
      vertex 0.569528 -0.230719 2.639667
    endloop
  endfacet
  facet normal 0.000000 0.000000 0.000000
    outer loop
      vertex 0.639800 -0.400000 2.799000
      vertex 0.569528 -0.230719 2.639667
      vertex 0.569528 -0.230719 2.799000
    endloop
  endfacet
  facet normal 0.000000 0.000000 0.000000
    outer loop
      vertex 0.569528 -0.230719 2.799000
      vertex 0.569528 -0.230719 2.639667
      vertex 0.399875 -0.160600 2.639667
    endloop
  endfacet
  facet normal 0.000000 0.000000 0.000000
    outer loop
      vertex 0.569528 -0.230719 2.799000
      vertex 0.399875 -0.160600 2.639667
      vertex 0.399875 -0.160600 2.799000
    endloop
  endfacet
  facet normal 0.000000 0.000000 0.000000
    outer loop
      vertex 0.399875 -0.160600 2.799000
      vertex 0.399875 -0.160600 2.639667
      vertex 0.230222 -0.230719 2.639667
    endloop
  endfacet
  facet normal 0.000000 0.000000 0.000000
    outer loop
      vertex 0.399875 -0.160600 2.799000
      vertex 0.230222 -0.230719 2.639667
      vertex 0.230222 -0.230719 2.799000
    endloop
  endfacet
  facet normal 0.000000 0.000000 0.000000
    outer loop
      vertex 0.230222 -0.230719 2.799000
      vertex 0.230222 -0.230719 2.639667
      vertex 0.159950 -0.400000 2.639667
    endloop
  endfacet
  facet normal 0.000000 0.000000 0.000000
    outer loop
      vertex 0.230222 -0.230719 2.799000
      vertex 0.159950 -0.400000 2.639667
      vertex 0.159950 -0.400000 2.799000
    endloop
  endfacet
  facet normal 0.000000 0.000000 0.000000
    outer loop
      vertex 0.159950 -0.400000 2.799000
      vertex 0.159950 -0.400000 2.639667
      vertex 0.230222 -0.569281 2.639667
    endloop
  endfacet
  facet normal 0.000000 0.000000 0.000000
    outer loop
      vertex 0.159950 -0.400000 2.799000
      vertex 0.230222 -0.569281 2.639667
      vertex 0.230222 -0.569281 2.799000
    endloop
  endfacet
  facet normal 0.000000 0.000000 0.000000
    outer loop
      vertex 0.230222 -0.569281 2.799000
      vertex 0.230222 -0.569281 2.639667
      vertex 0.399875 -0.639400 2.639667
    endloop
  endfacet
  facet normal 0.000000 0.000000 0.000000
    outer loop
      vertex 0.230222 -0.569281 2.799000
      vertex 0.399875 -0.639400 2.639667
      vertex 0.399875 -0.639400 2.799000
    endloop
  endfacet
  facet normal 0.000000 0.000000 0.000000
    outer loop
      vertex 0.399875 -0.639400 2.799000
      vertex 0.399875 -0.639400 2.639667
      vertex 0.569528 -0.569281 2.639667
    endloop
  endfacet
  facet normal 0.000000 0.000000 0.000000
    outer loop
      vertex 0.399875 -0.639400 2.799000
      vertex 0.569528 -0.569281 2.639667
      vertex 0.569528 -0.569281 2.799000
    endloop
  endfacet
  facet normal 0.000000 0.000000 0.000000
    outer loop
      vertex 0.569528 -0.569281 2.799000
      vertex 0.569528 -0.569281 2.639667
      vertex 0.639800 -0.400000 2.639667
    endloop
  endfacet
  facet normal 0.000000 0.000000 0.000000
    outer loop
      vertex 0.569528 -0.569281 2.799000
      vertex 0.639800 -0.400000 2.639667
      vertex 0.639800 -0.400000 2.799000
    endloop
  endfacet
  facet normal 0.000000 0.000000 0.000000
    outer loop
      vertex -0.159950 -0.400000 2.799000
      vertex -0.159950 -0.400000 2.639667
      vertex -0.230222 -0.230719 2.639667
    endloop
  endfacet
  facet normal 0.000000 0.000000 0.000000
    outer loop
      vertex -0.159950 -0.400000 2.799000
      vertex -0.230222 -0.230719 2.639667
      vertex -0.230222 -0.230719 2.799000
    endloop
  endfacet
  facet normal 0.000000 0.000000 0.000000
    outer loop
      vertex -0.230222 -0.230719 2.799000
      vertex -0.230222 -0.230719 2.639667
      vertex -0.399875 -0.160600 2.639667
    endloop
  endfacet
  facet normal 0.000000 0.000000 0.000000
    outer loop
      vertex -0.230222 -0.230719 2.799000
      vertex -0.399875 -0.160600 2.639667
      vertex -0.399875 -0.160600 2.799000
    endloop
  endfacet
  facet normal 0.000000 0.000000 0.000000
    outer loop
      vertex -0.399875 -0.160600 2.799000
      vertex -0.399875 -0.160600 2.639667
      vertex -0.569528 -0.230719 2.639667
    endloop
  endfacet
  facet normal 0.000000 0.000000 0.000000
    outer loop
      vertex -0.399875 -0.160600 2.799000
      vertex -0.569528 -0.230719 2.639667
      vertex -0.569528 -0.230719 2.799000
    endloop
  endfacet
  facet normal 0.000000 0.000000 0.000000
    outer loop
      vertex -0.569528 -0.230719 2.799000
      vertex -0.569528 -0.230719 2.639667
      vertex -0.639800 -0.400000 2.639667
    endloop
  endfacet
  facet normal 0.000000 0.000000 0.000000
    outer loop
      vertex -0.569528 -0.230719 2.799000
      vertex -0.639800 -0.400000 2.639667
      vertex -0.639800 -0.400000 2.799000
    endloop
  endfacet
  facet normal 0.000000 0.000000 0.000000
    outer loop
      vertex -0.639800 -0.400000 2.799000
      vertex -0.639800 -0.400000 2.639667
      vertex -0.569528 -0.569281 2.639667
    endloop
  endfacet
  facet normal 0.000000 0.000000 0.000000
    outer loop
      vertex -0.639800 -0.400000 2.799000
      vertex -0.569528 -0.569281 2.639667
      vertex -0.569528 -0.569281 2.799000
    endloop
  endfacet
  facet normal 0.000000 0.000000 0.000000
    outer loop
      vertex -0.569528 -0.569281 2.799000
      vertex -0.569528 -0.569281 2.639667
      vertex -0.399875 -0.639400 2.639667
    endloop
  endfacet
  facet normal 0.000000 0.000000 0.000000
    outer loop
      vertex -0.569528 -0.569281 2.799000
      vertex -0.399875 -0.639400 2.639667
      vertex -0.399875 -0.639400 2.799000
    endloop
  endfacet
  facet normal 0.000000 0.000000 0.000000
    outer loop
      vertex -0.399875 -0.639400 2.799000
      vertex -0.399875 -0.639400 2.639667
      vertex -0.230222 -0.569281 2.639667
    endloop
  endfacet
  facet normal 0.000000 0.000000 0.000000
    outer loop
      vertex -0.399875 -0.639400 2.799000
      vertex -0.230222 -0.569281 2.639667
      vertex -0.230222 -0.569281 2.799000
    endloop
  endfacet
  facet normal 0.000000 0.000000 0.000000
    outer loop
      vertex -0.230222 -0.569281 2.799000
      vertex -0.230222 -0.569281 2.639667
      vertex -0.159950 -0.400000 2.639667
    endloop
  endfacet
  facet normal 0.000000 0.000000 0.000000
    outer loop
      vertex -0.230222 -0.569281 2.799000
      vertex -0.159950 -0.400000 2.639667
      vertex -0.159950 -0.400000 2.799000
    endloop
  endfacet
  facet normal 0.000000 0.000000 0.000000
    outer loop
      vertex -0.959700 -0.400000 2.799000
      vertex -0.959700 -0.400000 2.639667
      vertex -1.029972 -0.230719 2.639667
    endloop
  endfacet
  facet normal 0.000000 0.000000 0.000000
    outer loop
      vertex -0.959700 -0.400000 2.799000
      vertex -1.029972 -0.230719 2.639667
      vertex -1.029972 -0.230719 2.799000
    endloop
  endfacet
  facet normal 0.000000 0.000000 0.000000
    outer loop
      vertex -1.029972 -0.230719 2.799000
      vertex -1.029972 -0.230719 2.639667
      vertex -1.199625 -0.160600 2.639667
    endloop
  endfacet
  facet normal 0.000000 0.000000 0.000000
    outer loop
      vertex -1.029972 -0.230719 2.799000
      vertex -1.199625 -0.160600 2.639667
      vertex -1.199625 -0.160600 2.799000
    endloop
  endfacet
  facet normal 0.000000 0.000000 0.000000
    outer loop
      vertex -1.199625 -0.160600 2.799000
      vertex -1.199625 -0.160600 2.639667
      vertex -1.369278 -0.230719 2.639667
    endloop
  endfacet
  facet normal 0.000000 0.000000 0.000000
    outer loop
      vertex -1.199625 -0.160600 2.799000
      vertex -1.369278 -0.230719 2.639667
      vertex -1.369278 -0.230719 2.799000
    endloop
  endfacet
  facet normal 0.000000 0.000000 0.000000
    outer loop
      vertex -1.369278 -0.230719 2.799000
      vertex -1.369278 -0.230719 2.639667
      vertex -1.439550 -0.400000 2.639667
    endloop
  endfacet
  facet normal 0.000000 0.000000 0.000000
    outer loop
      vertex -1.369278 -0.230719 2.799000
      vertex -1.439550 -0.400000 2.639667
      vertex -1.439550 -0.400000 2.799000
    endloop
  endfacet
  facet normal 0.000000 0.000000 0.000000
    outer loop
      vertex -1.439550 -0.400000 2.799000
      vertex -1.439550 -0.400000 2.639667
      vertex -1.369278 -0.569281 2.639667
    endloop
  endfacet
  facet normal 0.000000 0.000000 0.000000
    outer loop
      vertex -1.439550 -0.400000 2.799000
      vertex -1.369278 -0.569281 2.639667
      vertex -1.369278 -0.569281 2.799000
    endloop
  endfacet
  facet normal 0.000000 0.000000 0.000000
    outer loop
      vertex -1.369278 -0.569281 2.799000
      vertex -1.369278 -0.569281 2.639667
      vertex -1.199625 -0.639400 2.639667
    endloop
  endfacet
  facet normal 0.000000 0.000000 0.000000
    outer loop
      vertex -1.369278 -0.569281 2.799000
      vertex -1.199625 -0.639400 2.639667
      vertex -1.199625 -0.639400 2.799000
    endloop
  endfacet
  facet normal 0.000000 0.000000 0.000000
    outer loop
      vertex -1.199625 -0.639400 2.799000
      vertex -1.199625 -0.639400 2.639667
      vertex -1.029972 -0.569281 2.639667
    endloop
  endfacet
  facet normal 0.000000 0.000000 0.000000
    outer loop
      vertex -1.199625 -0.639400 2.799000
      vertex -1.029972 -0.569281 2.639667
      vertex -1.029972 -0.569281 2.799000
    endloop
  endfacet
  facet normal 0.000000 0.000000 0.000000
    outer loop
      vertex -1.029972 -0.569281 2.799000
      vertex -1.029972 -0.569281 2.639667
      vertex -0.959700 -0.400000 2.639667
    endloop
  endfacet
  facet normal 0.000000 0.000000 0.000000
    outer loop
      vertex -1.029972 -0.569281 2.799000
      vertex -0.959700 -0.400000 2.639667
      vertex -0.959700 -0.400000 2.799000
    endloop
  endfacet
  facet normal 0.000000 0.000000 0.000000
    outer loop
      vertex -1.759450 -0.400000 2.799000
      vertex -1.759450 -0.400000 2.639667
      vertex -1.829722 -0.230719 2.639667
    endloop
  endfacet
  facet normal 0.000000 0.000000 0.000000
    outer loop
      vertex -1.759450 -0.400000 2.799000
      vertex -1.829722 -0.230719 2.639667
      vertex -1.829722 -0.230719 2.799000
    endloop
  endfacet
  facet normal 0.000000 0.000000 0.000000
    outer loop
      vertex -1.829722 -0.230719 2.799000
      vertex -1.829722 -0.230719 2.639667
      vertex -1.999375 -0.160600 2.639667
    endloop
  endfacet
  facet normal 0.000000 0.000000 0.000000
    outer loop
      vertex -1.829722 -0.230719 2.799000
      vertex -1.999375 -0.160600 2.639667
      vertex -1.999375 -0.160600 2.799000
    endloop
  endfacet
  facet normal 0.000000 0.000000 0.000000
    outer loop
      vertex -1.999375 -0.160600 2.799000
      vertex -1.999375 -0.160600 2.639667
      vertex -2.169028 -0.230719 2.639667
    endloop
  endfacet
  facet normal 0.000000 0.000000 0.000000
    outer loop
      vertex -1.999375 -0.160600 2.799000
      vertex -2.169028 -0.230719 2.639667
      vertex -2.169028 -0.230719 2.799000
    endloop
  endfacet
  facet normal 0.000000 0.000000 0.000000
    outer loop
      vertex -2.169028 -0.230719 2.799000
      vertex -2.169028 -0.230719 2.639667
      vertex -2.239300 -0.400000 2.639667
    endloop
  endfacet
  facet normal 0.000000 0.000000 0.000000
    outer loop
      vertex -2.169028 -0.230719 2.799000
      vertex -2.239300 -0.400000 2.639667
      vertex -2.239300 -0.400000 2.799000
    endloop
  endfacet
  facet normal 0.000000 0.000000 0.000000
    outer loop
      vertex -2.239300 -0.400000 2.799000
      vertex -2.239300 -0.400000 2.639667
      vertex -2.169028 -0.569281 2.639667
    endloop
  endfacet
  facet normal 0.000000 0.000000 0.000000
    outer loop
      vertex -2.239300 -0.400000 2.799000
      vertex -2.169028 -0.569281 2.639667
      vertex -2.169028 -0.569281 2.799000
    endloop
  endfacet
  facet normal 0.000000 0.000000 0.000000
    outer loop
      vertex -2.169028 -0.569281 2.799000
      vertex -2.169028 -0.569281 2.639667
      vertex -1.999375 -0.639400 2.639667
    endloop
  endfacet
  facet normal 0.000000 0.000000 0.000000
    outer loop
      vertex -2.169028 -0.569281 2.799000
      vertex -1.999375 -0.639400 2.639667
      vertex -1.999375 -0.639400 2.799000
    endloop
  endfacet
  facet normal 0.000000 0.000000 0.000000
    outer loop
      vertex -1.999375 -0.639400 2.799000
      vertex -1.999375 -0.639400 2.639667
      vertex -1.829722 -0.569281 2.639667
    endloop
  endfacet
  facet normal 0.000000 0.000000 0.000000
    outer loop
      vertex -1.999375 -0.639400 2.799000
      vertex -1.829722 -0.569281 2.639667
      vertex -1.829722 -0.569281 2.799000
    endloop
  endfacet
  facet normal 0.000000 0.000000 0.000000
    outer loop
      vertex -1.829722 -0.569281 2.799000
      vertex -1.829722 -0.569281 2.639667
      vertex -1.759450 -0.400000 2.639667
    endloop
  endfacet
  facet normal 0.000000 0.000000 0.000000
    outer loop
      vertex -1.829722 -0.569281 2.799000
      vertex -1.759450 -0.400000 2.639667
      vertex -1.759450 -0.400000 2.799000
    endloop
  endfacet
  facet normal 0.000000 0.000000 0.000000
    outer loop
      vertex -2.559200 -0.400000 2.799000
      vertex -2.559200 -0.400000 2.639667
      vertex -2.629472 -0.230719 2.639667
    endloop
  endfacet
  facet normal 0.000000 0.000000 0.000000
    outer loop
      vertex -2.559200 -0.400000 2.799000
      vertex -2.629472 -0.230719 2.639667
      vertex -2.629472 -0.230719 2.799000
    endloop
  endfacet
  facet normal 0.000000 0.000000 0.000000
    outer loop
      vertex -2.629472 -0.230719 2.799000
      vertex -2.629472 -0.230719 2.639667
      vertex -2.799125 -0.160600 2.639667
    endloop
  endfacet
  facet normal 0.000000 0.000000 0.000000
    outer loop
      vertex -2.629472 -0.230719 2.799000
      vertex -2.799125 -0.160600 2.639667
      vertex -2.799125 -0.160600 2.799000
    endloop
  endfacet
  facet normal 0.000000 0.000000 0.000000
    outer loop
      vertex -2.799125 -0.160600 2.799000
      vertex -2.799125 -0.160600 2.639667
      vertex -2.968777 -0.230719 2.639667
    endloop
  endfacet
  facet normal 0.000000 0.000000 0.000000
    outer loop
      vertex -2.799125 -0.160600 2.799000
      vertex -2.968777 -0.230719 2.639667
      vertex -2.968777 -0.230719 2.799000
    endloop
  endfacet
  facet normal 0.000000 0.000000 0.000000
    outer loop
      vertex -2.968777 -0.230719 2.799000
      vertex -2.968777 -0.230719 2.639667
      vertex -3.039050 -0.400000 2.639667
    endloop
  endfacet
  facet normal 0.000000 0.000000 0.000000
    outer loop
      vertex -2.968777 -0.230719 2.799000
      vertex -3.039050 -0.400000 2.639667
      vertex -3.039050 -0.400000 2.799000
    endloop
  endfacet
  facet normal 0.000000 0.000000 0.000000
    outer loop
      vertex -3.039050 -0.400000 2.799000
      vertex -3.039050 -0.400000 2.639667
      vertex -2.968777 -0.569281 2.639667
    endloop
  endfacet
  facet normal 0.000000 0.000000 0.000000
    outer loop
      vertex -3.039050 -0.400000 2.799000
      vertex -2.968777 -0.569281 2.639667
      vertex -2.968777 -0.569281 2.799000
    endloop
  endfacet
  facet normal 0.000000 0.000000 0.000000
    outer loop
      vertex -2.968777 -0.569281 2.799000
      vertex -2.968777 -0.569281 2.639667
      vertex -2.799125 -0.639400 2.639667
    endloop
  endfacet
  facet normal 0.000000 0.000000 0.000000
    outer loop
      vertex -2.968777 -0.569281 2.799000
      vertex -2.799125 -0.639400 2.639667
      vertex -2.799125 -0.639400 2.799000
    endloop
  endfacet
  facet normal 0.000000 0.000000 0.000000
    outer loop
      vertex -2.799125 -0.639400 2.799000
      vertex -2.799125 -0.639400 2.639667
      vertex -2.629472 -0.569281 2.639667
    endloop
  endfacet
  facet normal 0.000000 0.000000 0.000000
    outer loop
      vertex -2.799125 -0.639400 2.799000
      vertex -2.629472 -0.569281 2.639667
      vertex -2.629472 -0.569281 2.799000
    endloop
  endfacet
  facet normal 0.000000 0.000000 0.000000
    outer loop
      vertex -2.629472 -0.569281 2.799000
      vertex -2.629472 -0.569281 2.639667
      vertex -2.559200 -0.400000 2.639667
    endloop
  endfacet
  facet normal 0.000000 0.000000 0.000000
    outer loop
      vertex -2.629472 -0.569281 2.799000
      vertex -2.559200 -0.400000 2.639667
      vertex -2.559200 -0.400000 2.799000
    endloop
  endfacet
  facet normal 0.000000 0.000000 0.000000
    outer loop
      vertex 2.799125 -0.400000 2.799000
      vertex 3.039050 -0.400000 2.799000
      vertex 2.968777 -0.230719 2.799000
    endloop
  endfacet
  facet normal 0.000000 0.000000 0.000000
    outer loop
      vertex 2.799125 -0.400000 2.799000
      vertex 2.968777 -0.230719 2.799000
      vertex 2.799125 -0.160600 2.799000
    endloop
  endfacet
  facet normal 0.000000 0.000000 0.000000
    outer loop
      vertex 2.799125 -0.400000 2.799000
      vertex 2.799125 -0.160600 2.799000
      vertex 2.629472 -0.230719 2.799000
    endloop
  endfacet
  facet normal 0.000000 0.000000 0.000000
    outer loop
      vertex 2.799125 -0.400000 2.799000
      vertex 2.629472 -0.230719 2.799000
      vertex 2.559200 -0.400000 2.799000
    endloop
  endfacet
  facet normal 0.000000 0.000000 0.000000
    outer loop
      vertex 2.799125 -0.400000 2.799000
      vertex 2.559200 -0.400000 2.799000
      vertex 2.629472 -0.569281 2.799000
    endloop
  endfacet
  facet normal 0.000000 0.000000 0.000000
    outer loop
      vertex 2.799125 -0.400000 2.799000
      vertex 2.629472 -0.569281 2.799000
      vertex 2.799125 -0.639400 2.799000
    endloop
  endfacet
  facet normal 0.000000 0.000000 0.000000
    outer loop
      vertex 2.799125 -0.400000 2.799000
      vertex 2.799125 -0.639400 2.799000
      vertex 2.968778 -0.569281 2.799000
    endloop
  endfacet
  facet normal 0.000000 0.000000 0.000000
    outer loop
      vertex 2.799125 -0.400000 2.799000
      vertex 2.968778 -0.569281 2.799000
      vertex 3.039050 -0.400000 2.799000
    endloop
  endfacet
  facet normal 0.000000 0.000000 0.000000
    outer loop
      vertex 1.999375 -0.400000 2.799000
      vertex 2.239300 -0.400000 2.799000
      vertex 2.169028 -0.230719 2.799000
    endloop
  endfacet
  facet normal 0.000000 0.000000 0.000000
    outer loop
      vertex 1.999375 -0.400000 2.799000
      vertex 2.169028 -0.230719 2.799000
      vertex 1.999375 -0.160600 2.799000
    endloop
  endfacet
  facet normal 0.000000 0.000000 0.000000
    outer loop
      vertex 1.999375 -0.400000 2.799000
      vertex 1.999375 -0.160600 2.799000
      vertex 1.829722 -0.230719 2.799000
    endloop
  endfacet
  facet normal 0.000000 0.000000 0.000000
    outer loop
      vertex 1.999375 -0.400000 2.799000
      vertex 1.829722 -0.230719 2.799000
      vertex 1.759450 -0.400000 2.799000
    endloop
  endfacet
  facet normal 0.000000 0.000000 0.000000
    outer loop
      vertex 1.999375 -0.400000 2.799000
      vertex 1.759450 -0.400000 2.799000
      vertex 1.829722 -0.569281 2.799000
    endloop
  endfacet
  facet normal 0.000000 0.000000 0.000000
    outer loop
      vertex 1.999375 -0.400000 2.799000
      vertex 1.829722 -0.569281 2.799000
      vertex 1.999375 -0.639400 2.799000
    endloop
  endfacet
  facet normal 0.000000 0.000000 0.000000
    outer loop
      vertex 1.999375 -0.400000 2.799000
      vertex 1.999375 -0.639400 2.799000
      vertex 2.169028 -0.569281 2.799000
    endloop
  endfacet
  facet normal 0.000000 0.000000 0.000000
    outer loop
      vertex 1.999375 -0.400000 2.799000
      vertex 2.169028 -0.569281 2.799000
      vertex 2.239300 -0.400000 2.799000
    endloop
  endfacet
  facet normal 0.000000 0.000000 0.000000
    outer loop
      vertex 1.199625 -0.400000 2.799000
      vertex 1.439550 -0.400000 2.799000
      vertex 1.369278 -0.230719 2.799000
    endloop
  endfacet
  facet normal 0.000000 0.000000 0.000000
    outer loop
      vertex 1.199625 -0.400000 2.799000
      vertex 1.369278 -0.230719 2.799000
      vertex 1.199625 -0.160600 2.799000
    endloop
  endfacet
  facet normal 0.000000 0.000000 0.000000
    outer loop
      vertex 1.199625 -0.400000 2.799000
      vertex 1.199625 -0.160600 2.799000
      vertex 1.029972 -0.230719 2.799000
    endloop
  endfacet
  facet normal 0.000000 0.000000 0.000000
    outer loop
      vertex 1.199625 -0.400000 2.799000
      vertex 1.029972 -0.230719 2.799000
      vertex 0.959700 -0.400000 2.799000
    endloop
  endfacet
  facet normal 0.000000 0.000000 0.000000
    outer loop
      vertex 1.199625 -0.400000 2.799000
      vertex 0.959700 -0.400000 2.799000
      vertex 1.029972 -0.569281 2.799000
    endloop
  endfacet
  facet normal 0.000000 0.000000 0.000000
    outer loop
      vertex 1.199625 -0.400000 2.799000
      vertex 1.029972 -0.569281 2.799000
      vertex 1.199625 -0.639400 2.799000
    endloop
  endfacet
  facet normal 0.000000 0.000000 0.000000
    outer loop
      vertex 1.199625 -0.400000 2.799000
      vertex 1.199625 -0.639400 2.799000
      vertex 1.369278 -0.569281 2.799000
    endloop
  endfacet
  facet normal 0.000000 0.000000 0.000000
    outer loop
      vertex 1.199625 -0.400000 2.799000
      vertex 1.369278 -0.569281 2.799000
      vertex 1.439550 -0.400000 2.799000
    endloop
  endfacet
  facet normal 0.000000 0.000000 0.000000
    outer loop
      vertex 0.399875 -0.400000 2.799000
      vertex 0.639800 -0.400000 2.799000
      vertex 0.569528 -0.230719 2.799000
    endloop
  endfacet
  facet normal 0.000000 0.000000 0.000000
    outer loop
      vertex 0.399875 -0.400000 2.799000
      vertex 0.569528 -0.230719 2.799000
      vertex 0.399875 -0.160600 2.799000
    endloop
  endfacet
  facet normal 0.000000 0.000000 0.000000
    outer loop
      vertex 0.399875 -0.400000 2.799000
      vertex 0.399875 -0.160600 2.799000
      vertex 0.230222 -0.230719 2.799000
    endloop
  endfacet
  facet normal 0.000000 0.000000 0.000000
    outer loop
      vertex 0.399875 -0.400000 2.799000
      vertex 0.230222 -0.230719 2.799000
      vertex 0.159950 -0.400000 2.799000
    endloop
  endfacet
  facet normal 0.000000 0.000000 0.000000
    outer loop
      vertex 0.399875 -0.400000 2.799000
      vertex 0.159950 -0.400000 2.799000
      vertex 0.230222 -0.569281 2.799000
    endloop
  endfacet
  facet normal 0.000000 0.000000 0.000000
    outer loop
      vertex 0.399875 -0.400000 2.799000
      vertex 0.230222 -0.569281 2.799000
      vertex 0.399875 -0.639400 2.799000
    endloop
  endfacet
  facet normal 0.000000 0.000000 0.000000
    outer loop
      vertex 0.399875 -0.400000 2.799000
      vertex 0.399875 -0.639400 2.799000
      vertex 0.569528 -0.569281 2.799000
    endloop
  endfacet
  facet normal 0.000000 0.000000 0.000000
    outer loop
      vertex 0.399875 -0.400000 2.799000
      vertex 0.569528 -0.569281 2.799000
      vertex 0.639800 -0.400000 2.799000
    endloop
  endfacet
  facet normal 0.000000 0.000000 0.000000
    outer loop
      vertex -0.399875 -0.400000 2.799000
      vertex -0.159950 -0.400000 2.799000
      vertex -0.230222 -0.230719 2.799000
    endloop
  endfacet
  facet normal 0.000000 0.000000 0.000000
    outer loop
      vertex -0.399875 -0.400000 2.799000
      vertex -0.230222 -0.230719 2.799000
      vertex -0.399875 -0.160600 2.799000
    endloop
  endfacet
  facet normal 0.000000 0.000000 0.000000
    outer loop
      vertex -0.399875 -0.400000 2.799000
      vertex -0.399875 -0.160600 2.799000
      vertex -0.569528 -0.230719 2.799000
    endloop
  endfacet
  facet normal 0.000000 0.000000 0.000000
    outer loop
      vertex -0.399875 -0.400000 2.799000
      vertex -0.569528 -0.230719 2.799000
      vertex -0.639800 -0.400000 2.799000
    endloop
  endfacet
  facet normal 0.000000 0.000000 0.000000
    outer loop
      vertex -0.399875 -0.400000 2.799000
      vertex -0.639800 -0.400000 2.799000
      vertex -0.569528 -0.569281 2.799000
    endloop
  endfacet
  facet normal 0.000000 0.000000 0.000000
    outer loop
      vertex -0.399875 -0.400000 2.799000
      vertex -0.569528 -0.569281 2.799000
      vertex -0.399875 -0.639400 2.799000
    endloop
  endfacet
  facet normal 0.000000 0.000000 0.000000
    outer loop
      vertex -0.399875 -0.400000 2.799000
      vertex -0.399875 -0.639400 2.799000
      vertex -0.230222 -0.569281 2.799000
    endloop
  endfacet
  facet normal 0.000000 0.000000 0.000000
    outer loop
      vertex -0.399875 -0.400000 2.799000
      vertex -0.230222 -0.569281 2.799000
      vertex -0.159950 -0.400000 2.799000
    endloop
  endfacet
  facet normal 0.000000 0.000000 0.000000
    outer loop
      vertex -1.199625 -0.400000 2.799000
      vertex -0.959700 -0.400000 2.799000
      vertex -1.029972 -0.230719 2.799000
    endloop
  endfacet
  facet normal 0.000000 0.000000 0.000000
    outer loop
      vertex -1.199625 -0.400000 2.799000
      vertex -1.029972 -0.230719 2.799000
      vertex -1.199625 -0.160600 2.799000
    endloop
  endfacet
  facet normal 0.000000 0.000000 0.000000
    outer loop
      vertex -1.199625 -0.400000 2.799000
      vertex -1.199625 -0.160600 2.799000
      vertex -1.369278 -0.230719 2.799000
    endloop
  endfacet
  facet normal 0.000000 0.000000 0.000000
    outer loop
      vertex -1.199625 -0.400000 2.799000
      vertex -1.369278 -0.230719 2.799000
      vertex -1.439550 -0.400000 2.799000
    endloop
  endfacet
  facet normal 0.000000 0.000000 0.000000
    outer loop
      vertex -1.199625 -0.400000 2.799000
      vertex -1.439550 -0.400000 2.799000
      vertex -1.369278 -0.569281 2.799000
    endloop
  endfacet
  facet normal 0.000000 0.000000 0.000000
    outer loop
      vertex -1.199625 -0.400000 2.799000
      vertex -1.369278 -0.569281 2.799000
      vertex -1.199625 -0.639400 2.799000
    endloop
  endfacet
  facet normal 0.000000 0.000000 0.000000
    outer loop
      vertex -1.199625 -0.400000 2.799000
      vertex -1.199625 -0.639400 2.799000
      vertex -1.029972 -0.569281 2.799000
    endloop
  endfacet
  facet normal 0.000000 0.000000 0.000000
    outer loop
      vertex -1.199625 -0.400000 2.799000
      vertex -1.029972 -0.569281 2.799000
      vertex -0.959700 -0.400000 2.799000
    endloop
  endfacet
  facet normal 0.000000 0.000000 0.000000
    outer loop
      vertex -1.999375 -0.400000 2.799000
      vertex -1.759450 -0.400000 2.799000
      vertex -1.829722 -0.230719 2.799000
    endloop
  endfacet
  facet normal 0.000000 0.000000 0.000000
    outer loop
      vertex -1.999375 -0.400000 2.799000
      vertex -1.829722 -0.230719 2.799000
      vertex -1.999375 -0.160600 2.799000
    endloop
  endfacet
  facet normal 0.000000 0.000000 0.000000
    outer loop
      vertex -1.999375 -0.400000 2.799000
      vertex -1.999375 -0.160600 2.799000
      vertex -2.169028 -0.230719 2.799000
    endloop
  endfacet
  facet normal 0.000000 0.000000 0.000000
    outer loop
      vertex -1.999375 -0.400000 2.799000
      vertex -2.169028 -0.230719 2.799000
      vertex -2.239300 -0.400000 2.799000
    endloop
  endfacet
  facet normal 0.000000 0.000000 0.000000
    outer loop
      vertex -1.999375 -0.400000 2.799000
      vertex -2.239300 -0.400000 2.799000
      vertex -2.169028 -0.569281 2.799000
    endloop
  endfacet
  facet normal 0.000000 0.000000 0.000000
    outer loop
      vertex -1.999375 -0.400000 2.799000
      vertex -2.169028 -0.569281 2.799000
      vertex -1.999375 -0.639400 2.799000
    endloop
  endfacet
  facet normal 0.000000 0.000000 0.000000
    outer loop
      vertex -1.999375 -0.400000 2.799000
      vertex -1.999375 -0.639400 2.799000
      vertex -1.829722 -0.569281 2.799000
    endloop
  endfacet
  facet normal 0.000000 0.000000 0.000000
    outer loop
      vertex -1.999375 -0.400000 2.799000
      vertex -1.829722 -0.569281 2.799000
      vertex -1.759450 -0.400000 2.799000
    endloop
  endfacet
  facet normal 0.000000 0.000000 0.000000
    outer loop
      vertex -2.799125 -0.400000 2.799000
      vertex -2.559200 -0.400000 2.799000
      vertex -2.629472 -0.230719 2.799000
    endloop
  endfacet
  facet normal 0.000000 0.000000 0.000000
    outer loop
      vertex -2.799125 -0.400000 2.799000
      vertex -2.629472 -0.230719 2.799000
      vertex -2.799125 -0.160600 2.799000
    endloop
  endfacet
  facet normal 0.000000 0.000000 0.000000
    outer loop
      vertex -2.799125 -0.400000 2.799000
      vertex -2.799125 -0.160600 2.799000
      vertex -2.968777 -0.230719 2.799000
    endloop
  endfacet
  facet normal 0.000000 0.000000 0.000000
    outer loop
      vertex -2.799125 -0.400000 2.799000
      vertex -2.968777 -0.230719 2.799000
      vertex -3.039050 -0.400000 2.799000
    endloop
  endfacet
  facet normal 0.000000 0.000000 0.000000
    outer loop
      vertex -2.799125 -0.400000 2.799000
      vertex -3.039050 -0.400000 2.799000
      vertex -2.968777 -0.569281 2.799000
    endloop
  endfacet
  facet normal 0.000000 0.000000 0.000000
    outer loop
      vertex -2.799125 -0.400000 2.799000
      vertex -2.968777 -0.569281 2.799000
      vertex -2.799125 -0.639400 2.799000
    endloop
  endfacet
  facet normal 0.000000 0.000000 0.000000
    outer loop
      vertex -2.799125 -0.400000 2.799000
      vertex -2.799125 -0.639400 2.799000
      vertex -2.629472 -0.569281 2.799000
    endloop
  endfacet
  facet normal 0.000000 0.000000 0.000000
    outer loop
      vertex -2.799125 -0.400000 2.799000
      vertex -2.629472 -0.569281 2.799000
      vertex -2.559200 -0.400000 2.799000
    endloop
  endfacet
endsolid MYSOLID
