solid MYSOLID
  facet normal 0.000000 0.000000 0.000000
    outer loop
      vertex -0.640733 -0.399999 -2.799002
      vertex -0.687577 -0.512853 -2.799002
      vertex -0.800667 -0.399999 -2.799002
    endloop
  endfacet
  facet normal 0.000000 0.000000 0.000000
    outer loop
      vertex -0.687577 -0.512853 -2.799002
      vertex -0.800667 -0.559599 -2.799002
      vertex -0.800667 -0.399999 -2.799002
    endloop
  endfacet
  facet normal 0.000000 0.000000 0.000000
    outer loop
      vertex -0.800667 -0.559599 -2.799002
      vertex -0.913757 -0.512853 -2.799002
      vertex -0.800667 -0.399999 -2.799002
    endloop
  endfacet
  facet normal 0.000000 0.000000 0.000000
    outer loop
      vertex -0.913757 -0.512853 -2.799002
      vertex -0.960600 -0.399999 -2.799002
      vertex -0.800667 -0.399999 -2.799002
    endloop
  endfacet
  facet normal 0.000000 0.000000 0.000000
    outer loop
      vertex -0.960600 -0.399999 -2.799002
      vertex -0.913757 -0.287145 -2.799002
      vertex -0.800667 -0.399999 -2.799002
    endloop
  endfacet
  facet normal 0.000000 0.000000 0.000000
    outer loop
      vertex -0.913757 -0.287145 -2.799002
      vertex -0.800667 -0.240399 -2.799002
      vertex -0.800667 -0.399999 -2.799002
    endloop
  endfacet
  facet normal 0.000000 0.000000 0.000000
    outer loop
      vertex -0.800667 -0.240399 -2.799002
      vertex -0.687577 -0.287145 -2.799002
      vertex -0.800667 -0.399999 -2.799002
    endloop
  endfacet
  facet normal 0.000000 0.000000 0.000000
    outer loop
      vertex -0.687577 -0.287145 -2.799002
      vertex -0.640733 -0.399999 -2.799002
      vertex -0.800667 -0.399999 -2.799002
    endloop
  endfacet
  facet normal 0.000000 0.000000 0.000000
    outer loop
      vertex -1.440400 -0.399999 -2.799002
      vertex -1.487243 -0.512853 -2.799002
      vertex -1.600333 -0.399999 -2.799002
    endloop
  endfacet
  facet normal 0.000000 0.000000 0.000000
    outer loop
      vertex -1.487243 -0.512853 -2.799002
      vertex -1.600333 -0.559599 -2.799002
      vertex -1.600333 -0.399999 -2.799002
    endloop
  endfacet
  facet normal 0.000000 0.000000 0.000000
    outer loop
      vertex -1.600333 -0.559599 -2.799002
      vertex -1.713423 -0.512853 -2.799002
      vertex -1.600333 -0.399999 -2.799002
    endloop
  endfacet
  facet normal 0.000000 0.000000 0.000000
    outer loop
      vertex -1.713423 -0.512853 -2.799002
      vertex -1.760267 -0.399999 -2.799002
      vertex -1.600333 -0.399999 -2.799002
    endloop
  endfacet
  facet normal 0.000000 0.000000 0.000000
    outer loop
      vertex -1.760267 -0.399999 -2.799002
      vertex -1.713423 -0.287145 -2.799002
      vertex -1.600333 -0.399999 -2.799002
    endloop
  endfacet
  facet normal 0.000000 0.000000 0.000000
    outer loop
      vertex -1.713423 -0.287145 -2.799002
      vertex -1.600333 -0.240399 -2.799002
      vertex -1.600333 -0.399999 -2.799002
    endloop
  endfacet
  facet normal 0.000000 0.000000 0.000000
    outer loop
      vertex -1.600333 -0.240399 -2.799002
      vertex -1.487243 -0.287145 -2.799002
      vertex -1.600333 -0.399999 -2.799002
    endloop
  endfacet
  facet normal 0.000000 0.000000 0.000000
    outer loop
      vertex -1.487243 -0.287145 -2.799002
      vertex -1.440400 -0.399999 -2.799002
      vertex -1.600333 -0.399999 -2.799002
    endloop
  endfacet
  facet normal 0.000000 0.000000 0.000000
    outer loop
      vertex -2.240067 -0.399999 -2.799002
      vertex -2.286910 -0.512853 -2.799002
      vertex -2.400000 -0.399999 -2.799002
    endloop
  endfacet
  facet normal 0.000000 0.000000 0.000000
    outer loop
      vertex -2.286910 -0.512853 -2.799002
      vertex -2.400000 -0.559599 -2.799002
      vertex -2.400000 -0.399999 -2.799002
    endloop
  endfacet
  facet normal 0.000000 0.000000 0.000000
    outer loop
      vertex -2.400000 -0.559599 -2.799002
      vertex -2.513090 -0.512853 -2.799002
      vertex -2.400000 -0.399999 -2.799002
    endloop
  endfacet
  facet normal 0.000000 0.000000 0.000000
    outer loop
      vertex -2.513090 -0.512853 -2.799002
      vertex -2.559933 -0.399999 -2.799002
      vertex -2.400000 -0.399999 -2.799002
    endloop
  endfacet
  facet normal 0.000000 0.000000 0.000000
    outer loop
      vertex -2.559933 -0.399999 -2.799002
      vertex -2.513090 -0.287145 -2.799002
      vertex -2.400000 -0.399999 -2.799002
    endloop
  endfacet
  facet normal 0.000000 0.000000 0.000000
    outer loop
      vertex -2.513090 -0.287145 -2.799002
      vertex -2.400000 -0.240399 -2.799002
      vertex -2.400000 -0.399999 -2.799002
    endloop
  endfacet
  facet normal 0.000000 0.000000 0.000000
    outer loop
      vertex -2.400000 -0.240399 -2.799002
      vertex -2.286910 -0.287145 -2.799002
      vertex -2.400000 -0.399999 -2.799002
    endloop
  endfacet
  facet normal 0.000000 0.000000 0.000000
    outer loop
      vertex -2.286910 -0.287145 -2.799002
      vertex -2.240067 -0.399999 -2.799002
      vertex -2.400000 -0.399999 -2.799002
    endloop
  endfacet
  facet normal 0.000000 0.000000 0.000000
    outer loop
      vertex -3.039733 -0.399999 -2.799002
      vertex -3.086576 -0.512853 -2.799002
      vertex -3.199667 -0.399999 -2.799002
    endloop
  endfacet
  facet normal 0.000000 0.000000 0.000000
    outer loop
      vertex -3.086576 -0.512853 -2.799002
      vertex -3.199667 -0.559599 -2.799002
      vertex -3.199667 -0.399999 -2.799002
    endloop
  endfacet
  facet normal 0.000000 0.000000 0.000000
    outer loop
      vertex -3.199667 -0.559599 -2.799002
      vertex -3.312757 -0.512853 -2.799002
      vertex -3.199667 -0.399999 -2.799002
    endloop
  endfacet
  facet normal 0.000000 0.000000 0.000000
    outer loop
      vertex -3.312757 -0.512853 -2.799002
      vertex -3.359600 -0.399999 -2.799002
      vertex -3.199667 -0.399999 -2.799002
    endloop
  endfacet
  facet normal 0.000000 0.000000 0.000000
    outer loop
      vertex -3.359600 -0.399999 -2.799002
      vertex -3.312757 -0.287145 -2.799002
      vertex -3.199667 -0.399999 -2.799002
    endloop
  endfacet
  facet normal 0.000000 0.000000 0.000000
    outer loop
      vertex -3.312757 -0.287145 -2.799002
      vertex -3.199667 -0.240399 -2.799002
      vertex -3.199667 -0.399999 -2.799002
    endloop
  endfacet
  facet normal 0.000000 0.000000 0.000000
    outer loop
      vertex -3.199667 -0.240399 -2.799002
      vertex -3.086577 -0.287145 -2.799002
      vertex -3.199667 -0.399999 -2.799002
    endloop
  endfacet
  facet normal 0.000000 0.000000 0.000000
    outer loop
      vertex -3.086577 -0.287145 -2.799002
      vertex -3.039733 -0.399999 -2.799002
      vertex -3.199667 -0.399999 -2.799002
    endloop
  endfacet
  facet normal 0.000000 0.000000 0.000000
    outer loop
      vertex -3.839400 -0.399999 -2.799002
      vertex -3.886243 -0.512853 -2.799002
      vertex -3.999333 -0.399999 -2.799002
    endloop
  endfacet
  facet normal 0.000000 0.000000 0.000000
    outer loop
      vertex -3.886243 -0.512853 -2.799002
      vertex -3.999333 -0.559599 -2.799002
      vertex -3.999333 -0.399999 -2.799002
    endloop
  endfacet
  facet normal 0.000000 0.000000 0.000000
    outer loop
      vertex -3.999333 -0.559599 -2.799002
      vertex -4.112423 -0.512853 -2.799002
      vertex -3.999333 -0.399999 -2.799002
    endloop
  endfacet
  facet normal 0.000000 0.000000 0.000000
    outer loop
      vertex -4.112423 -0.512853 -2.799002
      vertex -4.159266 -0.399999 -2.799002
      vertex -3.999333 -0.399999 -2.799002
    endloop
  endfacet
  facet normal 0.000000 0.000000 0.000000
    outer loop
      vertex -4.159266 -0.399999 -2.799002
      vertex -4.112423 -0.287145 -2.799002
      vertex -3.999333 -0.399999 -2.799002
    endloop
  endfacet
  facet normal 0.000000 0.000000 0.000000
    outer loop
      vertex -4.112423 -0.287145 -2.799002
      vertex -3.999333 -0.240399 -2.799002
      vertex -3.999333 -0.399999 -2.799002
    endloop
  endfacet
  facet normal 0.000000 0.000000 0.000000
    outer loop
      vertex -3.999333 -0.240399 -2.799002
      vertex -3.886243 -0.287145 -2.799002
      vertex -3.999333 -0.399999 -2.799002
    endloop
  endfacet
  facet normal 0.000000 0.000000 0.000000
    outer loop
      vertex -3.886243 -0.287145 -2.799002
      vertex -3.839400 -0.399999 -2.799002
      vertex -3.999333 -0.399999 -2.799002
    endloop
  endfacet
  facet normal 0.000000 0.000000 0.000000
    outer loop
      vertex -4.799000 -0.798999 -1.840717
      vertex -4.799000 -0.798999 -2.799002
      vertex -0.001000 -0.798999 -2.799002
    endloop
  endfacet
  facet normal 0.000000 0.000000 0.000000
    outer loop
      vertex -4.799000 -0.798999 -1.840717
      vertex -0.001000 -0.798999 -2.799002
      vertex -0.001000 -0.798999 -1.840717
    endloop
  endfacet
  facet normal 0.000000 0.000000 0.000000
    outer loop
      vertex -0.001000 -0.000999 -2.799002
      vertex -0.160933 -0.160599 -2.799002
      vertex -4.639067 -0.160599 -2.799002
    endloop
  endfacet
  facet normal 0.000000 0.000000 0.000000
    outer loop
      vertex -0.001000 -0.000999 -2.799002
      vertex -4.639067 -0.160599 -2.799002
      vertex -4.799000 -0.000999 -2.799002
    endloop
  endfacet
  facet normal 0.000000 0.000000 0.000000
    outer loop
      vertex -4.799000 -0.000999 -2.799002
      vertex -4.639067 -0.160599 -2.799002
      vertex -4.639067 -0.639399 -2.799002
    endloop
  endfacet
  facet normal 0.000000 0.000000 0.000000
    outer loop
      vertex -4.799000 -0.000999 -2.799002
      vertex -4.639067 -0.639399 -2.799002
      vertex -4.799000 -0.798999 -2.799002
    endloop
  endfacet
  facet normal 0.000000 0.000000 0.000000
    outer loop
      vertex -4.799000 -0.798999 -2.799002
      vertex -4.639067 -0.639399 -2.799002
      vertex -0.160933 -0.639399 -2.799002
    endloop
  endfacet
  facet normal 0.000000 0.000000 0.000000
    outer loop
      vertex -4.799000 -0.798999 -2.799002
      vertex -0.160933 -0.639399 -2.799002
      vertex -0.001000 -0.798999 -2.799002
    endloop
  endfacet
  facet normal 0.000000 0.000000 0.000000
    outer loop
      vertex -0.001000 -0.798999 -2.799002
      vertex -0.160933 -0.639399 -2.799002
      vertex -0.160933 -0.160599 -2.799002
    endloop
  endfacet
  facet normal 0.000000 0.000000 0.000000
    outer loop
      vertex -0.001000 -0.798999 -2.799002
      vertex -0.160933 -0.160599 -2.799002
      vertex -0.001000 -0.000999 -2.799002
    endloop
  endfacet
  facet normal 0.000000 0.000000 0.000000
    outer loop
      vertex -4.799000 -0.798999 -1.840717
      vertex -0.001000 -0.798999 -1.840717
      vertex -0.001000 -0.000999 -1.840717
    endloop
  endfacet
  facet normal 0.000000 0.000000 0.000000
    outer loop
      vertex -4.799000 -0.798999 -1.840717
      vertex -0.001000 -0.000999 -1.840717
      vertex -4.799000 -0.000999 -1.840717
    endloop
  endfacet
  facet normal 0.000000 0.000000 0.000000
    outer loop
      vertex -4.799000 -0.000999 -1.840717
      vertex -4.799000 -0.000999 -2.799002
      vertex -4.799000 -0.798999 -2.799002
    endloop
  endfacet
  facet normal 0.000000 0.000000 0.000000
    outer loop
      vertex -4.799000 -0.000999 -1.840717
      vertex -4.799000 -0.798999 -2.799002
      vertex -4.799000 -0.798999 -1.840717
    endloop
  endfacet
  facet normal 0.000000 0.000000 0.000000
    outer loop
      vertex -0.001000 -0.000999 -1.840717
      vertex -0.001000 -0.000999 -2.799002
      vertex -4.799000 -0.000999 -2.799002
    endloop
  endfacet
  facet normal 0.000000 0.000000 0.000000
    outer loop
      vertex -0.001000 -0.000999 -1.840717
      vertex -4.799000 -0.000999 -2.799002
      vertex -4.799000 -0.000999 -1.840717
    endloop
  endfacet
  facet normal 0.000000 0.000000 0.000000
    outer loop
      vertex -0.001000 -0.798999 -1.840717
      vertex -0.001000 -0.798999 -2.799002
      vertex -0.001000 -0.000999 -2.799002
    endloop
  endfacet
  facet normal 0.000000 0.000000 0.000000
    outer loop
      vertex -0.001000 -0.798999 -1.840717
      vertex -0.001000 -0.000999 -2.799002
      vertex -0.001000 -0.000999 -1.840717
    endloop
  endfacet
  facet normal 0.000000 0.000000 0.000000
    outer loop
      vertex -0.640733 -0.399999 -2.799002
      vertex -0.640733 -0.399999 -2.000431
      vertex -0.687577 -0.512853 -2.000431
    endloop
  endfacet
  facet normal 0.000000 0.000000 0.000000
    outer loop
      vertex -0.640733 -0.399999 -2.799002
      vertex -0.687577 -0.512853 -2.000431
      vertex -0.687577 -0.512853 -2.799002
    endloop
  endfacet
  facet normal 0.000000 0.000000 0.000000
    outer loop
      vertex -0.687577 -0.512853 -2.799002
      vertex -0.687577 -0.512853 -2.000431
      vertex -0.800667 -0.559599 -2.000431
    endloop
  endfacet
  facet normal 0.000000 0.000000 0.000000
    outer loop
      vertex -0.687577 -0.512853 -2.799002
      vertex -0.800667 -0.559599 -2.000431
      vertex -0.800667 -0.559599 -2.799002
    endloop
  endfacet
  facet normal 0.000000 0.000000 0.000000
    outer loop
      vertex -0.800667 -0.559599 -2.799002
      vertex -0.800667 -0.559599 -2.000431
      vertex -0.913757 -0.512853 -2.000431
    endloop
  endfacet
  facet normal 0.000000 0.000000 0.000000
    outer loop
      vertex -0.800667 -0.559599 -2.799002
      vertex -0.913757 -0.512853 -2.000431
      vertex -0.913757 -0.512853 -2.799002
    endloop
  endfacet
  facet normal 0.000000 0.000000 0.000000
    outer loop
      vertex -0.913757 -0.512853 -2.799002
      vertex -0.913757 -0.512853 -2.000431
      vertex -0.960600 -0.399999 -2.000431
    endloop
  endfacet
  facet normal 0.000000 0.000000 0.000000
    outer loop
      vertex -0.913757 -0.512853 -2.799002
      vertex -0.960600 -0.399999 -2.000431
      vertex -0.960600 -0.399999 -2.799002
    endloop
  endfacet
  facet normal 0.000000 0.000000 0.000000
    outer loop
      vertex -0.960600 -0.399999 -2.799002
      vertex -0.960600 -0.399999 -2.000431
      vertex -0.913757 -0.287145 -2.000431
    endloop
  endfacet
  facet normal 0.000000 0.000000 0.000000
    outer loop
      vertex -0.960600 -0.399999 -2.799002
      vertex -0.913757 -0.287145 -2.000431
      vertex -0.913757 -0.287145 -2.799002
    endloop
  endfacet
  facet normal 0.000000 0.000000 0.000000
    outer loop
      vertex -0.913757 -0.287145 -2.799002
      vertex -0.913757 -0.287145 -2.000431
      vertex -0.800667 -0.240399 -2.000431
    endloop
  endfacet
  facet normal 0.000000 0.000000 0.000000
    outer loop
      vertex -0.913757 -0.287145 -2.799002
      vertex -0.800667 -0.240399 -2.000431
      vertex -0.800667 -0.240399 -2.799002
    endloop
  endfacet
  facet normal 0.000000 0.000000 0.000000
    outer loop
      vertex -0.800667 -0.240399 -2.799002
      vertex -0.800667 -0.240399 -2.000431
      vertex -0.687577 -0.287145 -2.000431
    endloop
  endfacet
  facet normal 0.000000 0.000000 0.000000
    outer loop
      vertex -0.800667 -0.240399 -2.799002
      vertex -0.687577 -0.287145 -2.000431
      vertex -0.687577 -0.287145 -2.799002
    endloop
  endfacet
  facet normal 0.000000 0.000000 0.000000
    outer loop
      vertex -0.687577 -0.287145 -2.799002
      vertex -0.687577 -0.287145 -2.000431
      vertex -0.640733 -0.399999 -2.000431
    endloop
  endfacet
  facet normal 0.000000 0.000000 0.000000
    outer loop
      vertex -0.687577 -0.287145 -2.799002
      vertex -0.640733 -0.399999 -2.000431
      vertex -0.640733 -0.399999 -2.799002
    endloop
  endfacet
  facet normal 0.000000 0.000000 0.000000
    outer loop
      vertex -1.440400 -0.399999 -2.799002
      vertex -1.440400 -0.399999 -2.000431
      vertex -1.487243 -0.512853 -2.000431
    endloop
  endfacet
  facet normal 0.000000 0.000000 0.000000
    outer loop
      vertex -1.440400 -0.399999 -2.799002
      vertex -1.487243 -0.512853 -2.000431
      vertex -1.487243 -0.512853 -2.799002
    endloop
  endfacet
  facet normal 0.000000 0.000000 0.000000
    outer loop
      vertex -1.487243 -0.512853 -2.799002
      vertex -1.487243 -0.512853 -2.000431
      vertex -1.600333 -0.559599 -2.000431
    endloop
  endfacet
  facet normal 0.000000 0.000000 0.000000
    outer loop
      vertex -1.487243 -0.512853 -2.799002
      vertex -1.600333 -0.559599 -2.000431
      vertex -1.600333 -0.559599 -2.799002
    endloop
  endfacet
  facet normal 0.000000 0.000000 0.000000
    outer loop
      vertex -1.600333 -0.559599 -2.799002
      vertex -1.600333 -0.559599 -2.000431
      vertex -1.713423 -0.512853 -2.000431
    endloop
  endfacet
  facet normal 0.000000 0.000000 0.000000
    outer loop
      vertex -1.600333 -0.559599 -2.799002
      vertex -1.713423 -0.512853 -2.000431
      vertex -1.713423 -0.512853 -2.799002
    endloop
  endfacet
  facet normal 0.000000 0.000000 0.000000
    outer loop
      vertex -1.713423 -0.512853 -2.799002
      vertex -1.713423 -0.512853 -2.000431
      vertex -1.760267 -0.399999 -2.000431
    endloop
  endfacet
  facet normal 0.000000 0.000000 0.000000
    outer loop
      vertex -1.713423 -0.512853 -2.799002
      vertex -1.760267 -0.399999 -2.000431
      vertex -1.760267 -0.399999 -2.799002
    endloop
  endfacet
  facet normal 0.000000 0.000000 0.000000
    outer loop
      vertex -1.760267 -0.399999 -2.799002
      vertex -1.760267 -0.399999 -2.000431
      vertex -1.713423 -0.287145 -2.000431
    endloop
  endfacet
  facet normal 0.000000 0.000000 0.000000
    outer loop
      vertex -1.760267 -0.399999 -2.799002
      vertex -1.713423 -0.287145 -2.000431
      vertex -1.713423 -0.287145 -2.799002
    endloop
  endfacet
  facet normal 0.000000 0.000000 0.000000
    outer loop
      vertex -1.713423 -0.287145 -2.799002
      vertex -1.713423 -0.287145 -2.000431
      vertex -1.600333 -0.240399 -2.000431
    endloop
  endfacet
  facet normal 0.000000 0.000000 0.000000
    outer loop
      vertex -1.713423 -0.287145 -2.799002
      vertex -1.600333 -0.240399 -2.000431
      vertex -1.600333 -0.240399 -2.799002
    endloop
  endfacet
  facet normal 0.000000 0.000000 0.000000
    outer loop
      vertex -1.600333 -0.240399 -2.799002
      vertex -1.600333 -0.240399 -2.000431
      vertex -1.487243 -0.287145 -2.000431
    endloop
  endfacet
  facet normal 0.000000 0.000000 0.000000
    outer loop
      vertex -1.600333 -0.240399 -2.799002
      vertex -1.487243 -0.287145 -2.000431
      vertex -1.487243 -0.287145 -2.799002
    endloop
  endfacet
  facet normal 0.000000 0.000000 0.000000
    outer loop
      vertex -1.487243 -0.287145 -2.799002
      vertex -1.487243 -0.287145 -2.000431
      vertex -1.440400 -0.399999 -2.000431
    endloop
  endfacet
  facet normal 0.000000 0.000000 0.000000
    outer loop
      vertex -1.487243 -0.287145 -2.799002
      vertex -1.440400 -0.399999 -2.000431
      vertex -1.440400 -0.399999 -2.799002
    endloop
  endfacet
  facet normal 0.000000 0.000000 0.000000
    outer loop
      vertex -2.240067 -0.399999 -2.799002
      vertex -2.240067 -0.399999 -2.000431
      vertex -2.286910 -0.512853 -2.000431
    endloop
  endfacet
  facet normal 0.000000 0.000000 0.000000
    outer loop
      vertex -2.240067 -0.399999 -2.799002
      vertex -2.286910 -0.512853 -2.000431
      vertex -2.286910 -0.512853 -2.799002
    endloop
  endfacet
  facet normal 0.000000 0.000000 0.000000
    outer loop
      vertex -2.286910 -0.512853 -2.799002
      vertex -2.286910 -0.512853 -2.000431
      vertex -2.400000 -0.559599 -2.000431
    endloop
  endfacet
  facet normal 0.000000 0.000000 0.000000
    outer loop
      vertex -2.286910 -0.512853 -2.799002
      vertex -2.400000 -0.559599 -2.000431
      vertex -2.400000 -0.559599 -2.799002
    endloop
  endfacet
  facet normal 0.000000 0.000000 0.000000
    outer loop
      vertex -2.400000 -0.559599 -2.799002
      vertex -2.400000 -0.559599 -2.000431
      vertex -2.513090 -0.512853 -2.000431
    endloop
  endfacet
  facet normal 0.000000 0.000000 0.000000
    outer loop
      vertex -2.400000 -0.559599 -2.799002
      vertex -2.513090 -0.512853 -2.000431
      vertex -2.513090 -0.512853 -2.799002
    endloop
  endfacet
  facet normal 0.000000 0.000000 0.000000
    outer loop
      vertex -2.513090 -0.512853 -2.799002
      vertex -2.513090 -0.512853 -2.000431
      vertex -2.559933 -0.399999 -2.000431
    endloop
  endfacet
  facet normal 0.000000 0.000000 0.000000
    outer loop
      vertex -2.513090 -0.512853 -2.799002
      vertex -2.559933 -0.399999 -2.000431
      vertex -2.559933 -0.399999 -2.799002
    endloop
  endfacet
  facet normal 0.000000 0.000000 0.000000
    outer loop
      vertex -2.559933 -0.399999 -2.799002
      vertex -2.559933 -0.399999 -2.000431
      vertex -2.513090 -0.287145 -2.000431
    endloop
  endfacet
  facet normal 0.000000 0.000000 0.000000
    outer loop
      vertex -2.559933 -0.399999 -2.799002
      vertex -2.513090 -0.287145 -2.000431
      vertex -2.513090 -0.287145 -2.799002
    endloop
  endfacet
  facet normal 0.000000 0.000000 0.000000
    outer loop
      vertex -2.513090 -0.287145 -2.799002
      vertex -2.513090 -0.287145 -2.000431
      vertex -2.400000 -0.240399 -2.000431
    endloop
  endfacet
  facet normal 0.000000 0.000000 0.000000
    outer loop
      vertex -2.513090 -0.287145 -2.799002
      vertex -2.400000 -0.240399 -2.000431
      vertex -2.400000 -0.240399 -2.799002
    endloop
  endfacet
  facet normal 0.000000 0.000000 0.000000
    outer loop
      vertex -2.400000 -0.240399 -2.799002
      vertex -2.400000 -0.240399 -2.000431
      vertex -2.286910 -0.287145 -2.000431
    endloop
  endfacet
  facet normal 0.000000 0.000000 0.000000
    outer loop
      vertex -2.400000 -0.240399 -2.799002
      vertex -2.286910 -0.287145 -2.000431
      vertex -2.286910 -0.287145 -2.799002
    endloop
  endfacet
  facet normal 0.000000 0.000000 0.000000
    outer loop
      vertex -2.286910 -0.287145 -2.799002
      vertex -2.286910 -0.287145 -2.000431
      vertex -2.240067 -0.399999 -2.000431
    endloop
  endfacet
  facet normal 0.000000 0.000000 0.000000
    outer loop
      vertex -2.286910 -0.287145 -2.799002
      vertex -2.240067 -0.399999 -2.000431
      vertex -2.240067 -0.399999 -2.799002
    endloop
  endfacet
  facet normal 0.000000 0.000000 0.000000
    outer loop
      vertex -3.039733 -0.399999 -2.799002
      vertex -3.039733 -0.399999 -2.000431
      vertex -3.086576 -0.512853 -2.000431
    endloop
  endfacet
  facet normal 0.000000 0.000000 0.000000
    outer loop
      vertex -3.039733 -0.399999 -2.799002
      vertex -3.086576 -0.512853 -2.000431
      vertex -3.086576 -0.512853 -2.799002
    endloop
  endfacet
  facet normal 0.000000 0.000000 0.000000
    outer loop
      vertex -3.086576 -0.512853 -2.799002
      vertex -3.086576 -0.512853 -2.000431
      vertex -3.199667 -0.559599 -2.000431
    endloop
  endfacet
  facet normal 0.000000 0.000000 0.000000
    outer loop
      vertex -3.086576 -0.512853 -2.799002
      vertex -3.199667 -0.559599 -2.000431
      vertex -3.199667 -0.559599 -2.799002
    endloop
  endfacet
  facet normal 0.000000 0.000000 0.000000
    outer loop
      vertex -3.199667 -0.559599 -2.799002
      vertex -3.199667 -0.559599 -2.000431
      vertex -3.312757 -0.512853 -2.000431
    endloop
  endfacet
  facet normal 0.000000 0.000000 0.000000
    outer loop
      vertex -3.199667 -0.559599 -2.799002
      vertex -3.312757 -0.512853 -2.000431
      vertex -3.312757 -0.512853 -2.799002
    endloop
  endfacet
  facet normal 0.000000 0.000000 0.000000
    outer loop
      vertex -3.312757 -0.512853 -2.799002
      vertex -3.312757 -0.512853 -2.000431
      vertex -3.359600 -0.399999 -2.000431
    endloop
  endfacet
  facet normal 0.000000 0.000000 0.000000
    outer loop
      vertex -3.312757 -0.512853 -2.799002
      vertex -3.359600 -0.399999 -2.000431
      vertex -3.359600 -0.399999 -2.799002
    endloop
  endfacet
  facet normal 0.000000 0.000000 0.000000
    outer loop
      vertex -3.359600 -0.399999 -2.799002
      vertex -3.359600 -0.399999 -2.000431
      vertex -3.312757 -0.287145 -2.000431
    endloop
  endfacet
  facet normal 0.000000 0.000000 0.000000
    outer loop
      vertex -3.359600 -0.399999 -2.799002
      vertex -3.312757 -0.287145 -2.000431
      vertex -3.312757 -0.287145 -2.799002
    endloop
  endfacet
  facet normal 0.000000 0.000000 0.000000
    outer loop
      vertex -3.312757 -0.287145 -2.799002
      vertex -3.312757 -0.287145 -2.000431
      vertex -3.199667 -0.240399 -2.000431
    endloop
  endfacet
  facet normal 0.000000 0.000000 0.000000
    outer loop
      vertex -3.312757 -0.287145 -2.799002
      vertex -3.199667 -0.240399 -2.000431
      vertex -3.199667 -0.240399 -2.799002
    endloop
  endfacet
  facet normal 0.000000 0.000000 0.000000
    outer loop
      vertex -3.199667 -0.240399 -2.799002
      vertex -3.199667 -0.240399 -2.000431
      vertex -3.086577 -0.287145 -2.000431
    endloop
  endfacet
  facet normal 0.000000 0.000000 0.000000
    outer loop
      vertex -3.199667 -0.240399 -2.799002
      vertex -3.086577 -0.287145 -2.000431
      vertex -3.086577 -0.287145 -2.799002
    endloop
  endfacet
  facet normal 0.000000 0.000000 0.000000
    outer loop
      vertex -3.086577 -0.287145 -2.799002
      vertex -3.086577 -0.287145 -2.000431
      vertex -3.039733 -0.399999 -2.000431
    endloop
  endfacet
  facet normal 0.000000 0.000000 0.000000
    outer loop
      vertex -3.086577 -0.287145 -2.799002
      vertex -3.039733 -0.399999 -2.000431
      vertex -3.039733 -0.399999 -2.799002
    endloop
  endfacet
  facet normal 0.000000 0.000000 0.000000
    outer loop
      vertex -3.839400 -0.399999 -2.799002
      vertex -3.839400 -0.399999 -2.000431
      vertex -3.886243 -0.512853 -2.000431
    endloop
  endfacet
  facet normal 0.000000 0.000000 0.000000
    outer loop
      vertex -3.839400 -0.399999 -2.799002
      vertex -3.886243 -0.512853 -2.000431
      vertex -3.886243 -0.512853 -2.799002
    endloop
  endfacet
  facet normal 0.000000 0.000000 0.000000
    outer loop
      vertex -3.886243 -0.512853 -2.799002
      vertex -3.886243 -0.512853 -2.000431
      vertex -3.999333 -0.559599 -2.000431
    endloop
  endfacet
  facet normal 0.000000 0.000000 0.000000
    outer loop
      vertex -3.886243 -0.512853 -2.799002
      vertex -3.999333 -0.559599 -2.000431
      vertex -3.999333 -0.559599 -2.799002
    endloop
  endfacet
  facet normal 0.000000 0.000000 0.000000
    outer loop
      vertex -3.999333 -0.559599 -2.799002
      vertex -3.999333 -0.559599 -2.000431
      vertex -4.112423 -0.512853 -2.000431
    endloop
  endfacet
  facet normal 0.000000 0.000000 0.000000
    outer loop
      vertex -3.999333 -0.559599 -2.799002
      vertex -4.112423 -0.512853 -2.000431
      vertex -4.112423 -0.512853 -2.799002
    endloop
  endfacet
  facet normal 0.000000 0.000000 0.000000
    outer loop
      vertex -4.112423 -0.512853 -2.799002
      vertex -4.112423 -0.512853 -2.000431
      vertex -4.159266 -0.399999 -2.000431
    endloop
  endfacet
  facet normal 0.000000 0.000000 0.000000
    outer loop
      vertex -4.112423 -0.512853 -2.799002
      vertex -4.159266 -0.399999 -2.000431
      vertex -4.159266 -0.399999 -2.799002
    endloop
  endfacet
  facet normal 0.000000 0.000000 0.000000
    outer loop
      vertex -4.159266 -0.399999 -2.799002
      vertex -4.159266 -0.399999 -2.000431
      vertex -4.112423 -0.287145 -2.000431
    endloop
  endfacet
  facet normal 0.000000 0.000000 0.000000
    outer loop
      vertex -4.159266 -0.399999 -2.799002
      vertex -4.112423 -0.287145 -2.000431
      vertex -4.112423 -0.287145 -2.799002
    endloop
  endfacet
  facet normal 0.000000 0.000000 0.000000
    outer loop
      vertex -4.112423 -0.287145 -2.799002
      vertex -4.112423 -0.287145 -2.000431
      vertex -3.999333 -0.240399 -2.000431
    endloop
  endfacet
  facet normal 0.000000 0.000000 0.000000
    outer loop
      vertex -4.112423 -0.287145 -2.799002
      vertex -3.999333 -0.240399 -2.000431
      vertex -3.999333 -0.240399 -2.799002
    endloop
  endfacet
  facet normal 0.000000 0.000000 0.000000
    outer loop
      vertex -3.999333 -0.240399 -2.799002
      vertex -3.999333 -0.240399 -2.000431
      vertex -3.886243 -0.287145 -2.000431
    endloop
  endfacet
  facet normal 0.000000 0.000000 0.000000
    outer loop
      vertex -3.999333 -0.240399 -2.799002
      vertex -3.886243 -0.287145 -2.000431
      vertex -3.886243 -0.287145 -2.799002
    endloop
  endfacet
  facet normal 0.000000 0.000000 0.000000
    outer loop
      vertex -3.886243 -0.287145 -2.799002
      vertex -3.886243 -0.287145 -2.000431
      vertex -3.839400 -0.399999 -2.000431
    endloop
  endfacet
  facet normal 0.000000 0.000000 0.000000
    outer loop
      vertex -3.886243 -0.287145 -2.799002
      vertex -3.839400 -0.399999 -2.000431
      vertex -3.839400 -0.399999 -2.799002
    endloop
  endfacet
  facet normal 0.000000 0.000000 0.000000
    outer loop
      vertex -4.639067 -0.160599 -2.000431
      vertex -0.160933 -0.160599 -2.000431
      vertex -0.160933 -0.639399 -2.000431
    endloop
  endfacet
  facet normal 0.000000 0.000000 0.000000
    outer loop
      vertex -4.639067 -0.160599 -2.000431
      vertex -0.160933 -0.639399 -2.000431
      vertex -4.639067 -0.639399 -2.000431
    endloop
  endfacet
  facet normal 0.000000 0.000000 0.000000
    outer loop
      vertex -4.639067 -0.160599 -2.000431
      vertex -4.639067 -0.160599 -2.799002
      vertex -0.160933 -0.160599 -2.799002
    endloop
  endfacet
  facet normal 0.000000 0.000000 0.000000
    outer loop
      vertex -4.639067 -0.160599 -2.000431
      vertex -0.160933 -0.160599 -2.799002
      vertex -0.160933 -0.160599 -2.000431
    endloop
  endfacet
  facet normal 0.000000 0.000000 0.000000
    outer loop
      vertex -4.639067 -0.639399 -2.000431
      vertex -4.639067 -0.639399 -2.799002
      vertex -4.639067 -0.160599 -2.799002
    endloop
  endfacet
  facet normal 0.000000 0.000000 0.000000
    outer loop
      vertex -4.639067 -0.639399 -2.000431
      vertex -4.639067 -0.160599 -2.799002
      vertex -4.639067 -0.160599 -2.000431
    endloop
  endfacet
  facet normal 0.000000 0.000000 0.000000
    outer loop
      vertex -0.160933 -0.639399 -2.000431
      vertex -0.160933 -0.639399 -2.799002
      vertex -4.639067 -0.639399 -2.799002
    endloop
  endfacet
  facet normal 0.000000 0.000000 0.000000
    outer loop
      vertex -0.160933 -0.639399 -2.000431
      vertex -4.639067 -0.639399 -2.799002
      vertex -4.639067 -0.639399 -2.000431
    endloop
  endfacet
  facet normal 0.000000 0.000000 0.000000
    outer loop
      vertex -0.160933 -0.160599 -2.000431
      vertex -0.160933 -0.160599 -2.799002
      vertex -0.160933 -0.639399 -2.799002
    endloop
  endfacet
  facet normal 0.000000 0.000000 0.000000
    outer loop
      vertex -0.160933 -0.160599 -2.000431
      vertex -0.160933 -0.639399 -2.799002
      vertex -0.160933 -0.639399 -2.000431
    endloop
  endfacet
  facet normal 0.000000 0.000000 0.000000
    outer loop
      vertex -0.160933 -0.399999 -1.681002
      vertex -0.160933 -0.399999 -1.840717
      vertex -0.231198 -0.230717 -1.840717
    endloop
  endfacet
  facet normal 0.000000 0.000000 0.000000
    outer loop
      vertex -0.160933 -0.399999 -1.681002
      vertex -0.231198 -0.230717 -1.840717
      vertex -0.231198 -0.230717 -1.681002
    endloop
  endfacet
  facet normal 0.000000 0.000000 0.000000
    outer loop
      vertex -0.231198 -0.230717 -1.681002
      vertex -0.231198 -0.230717 -1.840717
      vertex -0.400833 -0.160599 -1.840717
    endloop
  endfacet
  facet normal 0.000000 0.000000 0.000000
    outer loop
      vertex -0.231198 -0.230717 -1.681002
      vertex -0.400833 -0.160599 -1.840717
      vertex -0.400833 -0.160599 -1.681002
    endloop
  endfacet
  facet normal 0.000000 0.000000 0.000000
    outer loop
      vertex -0.400833 -0.160599 -1.681002
      vertex -0.400833 -0.160599 -1.840717
      vertex -0.570468 -0.230717 -1.840717
    endloop
  endfacet
  facet normal 0.000000 0.000000 0.000000
    outer loop
      vertex -0.400833 -0.160599 -1.681002
      vertex -0.570468 -0.230717 -1.840717
      vertex -0.570468 -0.230717 -1.681002
    endloop
  endfacet
  facet normal 0.000000 0.000000 0.000000
    outer loop
      vertex -0.570468 -0.230717 -1.681002
      vertex -0.570468 -0.230717 -1.840717
      vertex -0.640733 -0.399999 -1.840717
    endloop
  endfacet
  facet normal 0.000000 0.000000 0.000000
    outer loop
      vertex -0.570468 -0.230717 -1.681002
      vertex -0.640733 -0.399999 -1.840717
      vertex -0.640733 -0.399999 -1.681002
    endloop
  endfacet
  facet normal 0.000000 0.000000 0.000000
    outer loop
      vertex -0.640733 -0.399999 -1.681002
      vertex -0.640733 -0.399999 -1.840717
      vertex -0.570468 -0.569280 -1.840717
    endloop
  endfacet
  facet normal 0.000000 0.000000 0.000000
    outer loop
      vertex -0.640733 -0.399999 -1.681002
      vertex -0.570468 -0.569280 -1.840717
      vertex -0.570468 -0.569280 -1.681002
    endloop
  endfacet
  facet normal 0.000000 0.000000 0.000000
    outer loop
      vertex -0.570468 -0.569280 -1.681002
      vertex -0.570468 -0.569280 -1.840717
      vertex -0.400833 -0.639399 -1.840717
    endloop
  endfacet
  facet normal 0.000000 0.000000 0.000000
    outer loop
      vertex -0.570468 -0.569280 -1.681002
      vertex -0.400833 -0.639399 -1.840717
      vertex -0.400833 -0.639399 -1.681002
    endloop
  endfacet
  facet normal 0.000000 0.000000 0.000000
    outer loop
      vertex -0.400833 -0.639399 -1.681002
      vertex -0.400833 -0.639399 -1.840717
      vertex -0.231198 -0.569280 -1.840717
    endloop
  endfacet
  facet normal 0.000000 0.000000 0.000000
    outer loop
      vertex -0.400833 -0.639399 -1.681002
      vertex -0.231198 -0.569280 -1.840717
      vertex -0.231198 -0.569280 -1.681002
    endloop
  endfacet
  facet normal 0.000000 0.000000 0.000000
    outer loop
      vertex -0.231198 -0.569280 -1.681002
      vertex -0.231198 -0.569280 -1.840717
      vertex -0.160933 -0.399999 -1.840717
    endloop
  endfacet
  facet normal 0.000000 0.000000 0.000000
    outer loop
      vertex -0.231198 -0.569280 -1.681002
      vertex -0.160933 -0.399999 -1.840717
      vertex -0.160933 -0.399999 -1.681002
    endloop
  endfacet
  facet normal 0.000000 0.000000 0.000000
    outer loop
      vertex -0.960600 -0.399999 -1.681002
      vertex -0.960600 -0.399999 -1.840717
      vertex -1.030865 -0.230717 -1.840717
    endloop
  endfacet
  facet normal 0.000000 0.000000 0.000000
    outer loop
      vertex -0.960600 -0.399999 -1.681002
      vertex -1.030865 -0.230717 -1.840717
      vertex -1.030865 -0.230717 -1.681002
    endloop
  endfacet
  facet normal 0.000000 0.000000 0.000000
    outer loop
      vertex -1.030865 -0.230717 -1.681002
      vertex -1.030865 -0.230717 -1.840717
      vertex -1.200500 -0.160599 -1.840717
    endloop
  endfacet
  facet normal 0.000000 0.000000 0.000000
    outer loop
      vertex -1.030865 -0.230717 -1.681002
      vertex -1.200500 -0.160599 -1.840717
      vertex -1.200500 -0.160599 -1.681002
    endloop
  endfacet
  facet normal 0.000000 0.000000 0.000000
    outer loop
      vertex -1.200500 -0.160599 -1.681002
      vertex -1.200500 -0.160599 -1.840717
      vertex -1.370135 -0.230717 -1.840717
    endloop
  endfacet
  facet normal 0.000000 0.000000 0.000000
    outer loop
      vertex -1.200500 -0.160599 -1.681002
      vertex -1.370135 -0.230717 -1.840717
      vertex -1.370135 -0.230717 -1.681002
    endloop
  endfacet
  facet normal 0.000000 0.000000 0.000000
    outer loop
      vertex -1.370135 -0.230717 -1.681002
      vertex -1.370135 -0.230717 -1.840717
      vertex -1.440400 -0.399999 -1.840717
    endloop
  endfacet
  facet normal 0.000000 0.000000 0.000000
    outer loop
      vertex -1.370135 -0.230717 -1.681002
      vertex -1.440400 -0.399999 -1.840717
      vertex -1.440400 -0.399999 -1.681002
    endloop
  endfacet
  facet normal 0.000000 0.000000 0.000000
    outer loop
      vertex -1.440400 -0.399999 -1.681002
      vertex -1.440400 -0.399999 -1.840717
      vertex -1.370135 -0.569280 -1.840717
    endloop
  endfacet
  facet normal 0.000000 0.000000 0.000000
    outer loop
      vertex -1.440400 -0.399999 -1.681002
      vertex -1.370135 -0.569280 -1.840717
      vertex -1.370135 -0.569280 -1.681002
    endloop
  endfacet
  facet normal 0.000000 0.000000 0.000000
    outer loop
      vertex -1.370135 -0.569280 -1.681002
      vertex -1.370135 -0.569280 -1.840717
      vertex -1.200500 -0.639399 -1.840717
    endloop
  endfacet
  facet normal 0.000000 0.000000 0.000000
    outer loop
      vertex -1.370135 -0.569280 -1.681002
      vertex -1.200500 -0.639399 -1.840717
      vertex -1.200500 -0.639399 -1.681002
    endloop
  endfacet
  facet normal 0.000000 0.000000 0.000000
    outer loop
      vertex -1.200500 -0.639399 -1.681002
      vertex -1.200500 -0.639399 -1.840717
      vertex -1.030865 -0.569280 -1.840717
    endloop
  endfacet
  facet normal 0.000000 0.000000 0.000000
    outer loop
      vertex -1.200500 -0.639399 -1.681002
      vertex -1.030865 -0.569280 -1.840717
      vertex -1.030865 -0.569280 -1.681002
    endloop
  endfacet
  facet normal 0.000000 0.000000 0.000000
    outer loop
      vertex -1.030865 -0.569280 -1.681002
      vertex -1.030865 -0.569280 -1.840717
      vertex -0.960600 -0.399999 -1.840717
    endloop
  endfacet
  facet normal 0.000000 0.000000 0.000000
    outer loop
      vertex -1.030865 -0.569280 -1.681002
      vertex -0.960600 -0.399999 -1.840717
      vertex -0.960600 -0.399999 -1.681002
    endloop
  endfacet
  facet normal 0.000000 0.000000 0.000000
    outer loop
      vertex -1.760267 -0.399999 -1.681002
      vertex -1.760267 -0.399999 -1.840717
      vertex -1.830532 -0.230717 -1.840717
    endloop
  endfacet
  facet normal 0.000000 0.000000 0.000000
    outer loop
      vertex -1.760267 -0.399999 -1.681002
      vertex -1.830532 -0.230717 -1.840717
      vertex -1.830532 -0.230717 -1.681002
    endloop
  endfacet
  facet normal 0.000000 0.000000 0.000000
    outer loop
      vertex -1.830532 -0.230717 -1.681002
      vertex -1.830532 -0.230717 -1.840717
      vertex -2.000167 -0.160599 -1.840717
    endloop
  endfacet
  facet normal 0.000000 0.000000 0.000000
    outer loop
      vertex -1.830532 -0.230717 -1.681002
      vertex -2.000167 -0.160599 -1.840717
      vertex -2.000167 -0.160599 -1.681002
    endloop
  endfacet
  facet normal 0.000000 0.000000 0.000000
    outer loop
      vertex -2.000167 -0.160599 -1.681002
      vertex -2.000167 -0.160599 -1.840717
      vertex -2.169801 -0.230717 -1.840717
    endloop
  endfacet
  facet normal 0.000000 0.000000 0.000000
    outer loop
      vertex -2.000167 -0.160599 -1.681002
      vertex -2.169801 -0.230717 -1.840717
      vertex -2.169801 -0.230717 -1.681002
    endloop
  endfacet
  facet normal 0.000000 0.000000 0.000000
    outer loop
      vertex -2.169801 -0.230717 -1.681002
      vertex -2.169801 -0.230717 -1.840717
      vertex -2.240067 -0.399999 -1.840717
    endloop
  endfacet
  facet normal 0.000000 0.000000 0.000000
    outer loop
      vertex -2.169801 -0.230717 -1.681002
      vertex -2.240067 -0.399999 -1.840717
      vertex -2.240067 -0.399999 -1.681002
    endloop
  endfacet
  facet normal 0.000000 0.000000 0.000000
    outer loop
      vertex -2.240067 -0.399999 -1.681002
      vertex -2.240067 -0.399999 -1.840717
      vertex -2.169801 -0.569280 -1.840717
    endloop
  endfacet
  facet normal 0.000000 0.000000 0.000000
    outer loop
      vertex -2.240067 -0.399999 -1.681002
      vertex -2.169801 -0.569280 -1.840717
      vertex -2.169801 -0.569280 -1.681002
    endloop
  endfacet
  facet normal 0.000000 0.000000 0.000000
    outer loop
      vertex -2.169801 -0.569280 -1.681002
      vertex -2.169801 -0.569280 -1.840717
      vertex -2.000167 -0.639399 -1.840717
    endloop
  endfacet
  facet normal 0.000000 0.000000 0.000000
    outer loop
      vertex -2.169801 -0.569280 -1.681002
      vertex -2.000167 -0.639399 -1.840717
      vertex -2.000167 -0.639399 -1.681002
    endloop
  endfacet
  facet normal 0.000000 0.000000 0.000000
    outer loop
      vertex -2.000167 -0.639399 -1.681002
      vertex -2.000167 -0.639399 -1.840717
      vertex -1.830532 -0.569280 -1.840717
    endloop
  endfacet
  facet normal 0.000000 0.000000 0.000000
    outer loop
      vertex -2.000167 -0.639399 -1.681002
      vertex -1.830532 -0.569280 -1.840717
      vertex -1.830532 -0.569280 -1.681002
    endloop
  endfacet
  facet normal 0.000000 0.000000 0.000000
    outer loop
      vertex -1.830532 -0.569280 -1.681002
      vertex -1.830532 -0.569280 -1.840717
      vertex -1.760267 -0.399999 -1.840717
    endloop
  endfacet
  facet normal 0.000000 0.000000 0.000000
    outer loop
      vertex -1.830532 -0.569280 -1.681002
      vertex -1.760267 -0.399999 -1.840717
      vertex -1.760267 -0.399999 -1.681002
    endloop
  endfacet
  facet normal 0.000000 0.000000 0.000000
    outer loop
      vertex -2.559933 -0.399999 -1.681002
      vertex -2.559933 -0.399999 -1.840717
      vertex -2.630198 -0.230717 -1.840717
    endloop
  endfacet
  facet normal 0.000000 0.000000 0.000000
    outer loop
      vertex -2.559933 -0.399999 -1.681002
      vertex -2.630198 -0.230717 -1.840717
      vertex -2.630198 -0.230717 -1.681002
    endloop
  endfacet
  facet normal 0.000000 0.000000 0.000000
    outer loop
      vertex -2.630198 -0.230717 -1.681002
      vertex -2.630198 -0.230717 -1.840717
      vertex -2.799833 -0.160599 -1.840717
    endloop
  endfacet
  facet normal 0.000000 0.000000 0.000000
    outer loop
      vertex -2.630198 -0.230717 -1.681002
      vertex -2.799833 -0.160599 -1.840717
      vertex -2.799833 -0.160599 -1.681002
    endloop
  endfacet
  facet normal 0.000000 0.000000 0.000000
    outer loop
      vertex -2.799833 -0.160599 -1.681002
      vertex -2.799833 -0.160599 -1.840717
      vertex -2.969468 -0.230717 -1.840717
    endloop
  endfacet
  facet normal 0.000000 0.000000 0.000000
    outer loop
      vertex -2.799833 -0.160599 -1.681002
      vertex -2.969468 -0.230717 -1.840717
      vertex -2.969468 -0.230717 -1.681002
    endloop
  endfacet
  facet normal 0.000000 0.000000 0.000000
    outer loop
      vertex -2.969468 -0.230717 -1.681002
      vertex -2.969468 -0.230717 -1.840717
      vertex -3.039733 -0.399999 -1.840717
    endloop
  endfacet
  facet normal 0.000000 0.000000 0.000000
    outer loop
      vertex -2.969468 -0.230717 -1.681002
      vertex -3.039733 -0.399999 -1.840717
      vertex -3.039733 -0.399999 -1.681002
    endloop
  endfacet
  facet normal 0.000000 0.000000 0.000000
    outer loop
      vertex -3.039733 -0.399999 -1.681002
      vertex -3.039733 -0.399999 -1.840717
      vertex -2.969468 -0.569280 -1.840717
    endloop
  endfacet
  facet normal 0.000000 0.000000 0.000000
    outer loop
      vertex -3.039733 -0.399999 -1.681002
      vertex -2.969468 -0.569280 -1.840717
      vertex -2.969468 -0.569280 -1.681002
    endloop
  endfacet
  facet normal 0.000000 0.000000 0.000000
    outer loop
      vertex -2.969468 -0.569280 -1.681002
      vertex -2.969468 -0.569280 -1.840717
      vertex -2.799833 -0.639399 -1.840717
    endloop
  endfacet
  facet normal 0.000000 0.000000 0.000000
    outer loop
      vertex -2.969468 -0.569280 -1.681002
      vertex -2.799833 -0.639399 -1.840717
      vertex -2.799833 -0.639399 -1.681002
    endloop
  endfacet
  facet normal 0.000000 0.000000 0.000000
    outer loop
      vertex -2.799833 -0.639399 -1.681002
      vertex -2.799833 -0.639399 -1.840717
      vertex -2.630198 -0.569280 -1.840717
    endloop
  endfacet
  facet normal 0.000000 0.000000 0.000000
    outer loop
      vertex -2.799833 -0.639399 -1.681002
      vertex -2.630198 -0.569280 -1.840717
      vertex -2.630198 -0.569280 -1.681002
    endloop
  endfacet
  facet normal 0.000000 0.000000 0.000000
    outer loop
      vertex -2.630198 -0.569280 -1.681002
      vertex -2.630198 -0.569280 -1.840717
      vertex -2.559933 -0.399999 -1.840717
    endloop
  endfacet
  facet normal 0.000000 0.000000 0.000000
    outer loop
      vertex -2.630198 -0.569280 -1.681002
      vertex -2.559933 -0.399999 -1.840717
      vertex -2.559933 -0.399999 -1.681002
    endloop
  endfacet
  facet normal 0.000000 0.000000 0.000000
    outer loop
      vertex -3.359600 -0.399999 -1.681002
      vertex -3.359600 -0.399999 -1.840717
      vertex -3.429865 -0.230717 -1.840717
    endloop
  endfacet
  facet normal 0.000000 0.000000 0.000000
    outer loop
      vertex -3.359600 -0.399999 -1.681002
      vertex -3.429865 -0.230717 -1.840717
      vertex -3.429865 -0.230717 -1.681002
    endloop
  endfacet
  facet normal 0.000000 0.000000 0.000000
    outer loop
      vertex -3.429865 -0.230717 -1.681002
      vertex -3.429865 -0.230717 -1.840717
      vertex -3.599500 -0.160599 -1.840717
    endloop
  endfacet
  facet normal 0.000000 0.000000 0.000000
    outer loop
      vertex -3.429865 -0.230717 -1.681002
      vertex -3.599500 -0.160599 -1.840717
      vertex -3.599500 -0.160599 -1.681002
    endloop
  endfacet
  facet normal 0.000000 0.000000 0.000000
    outer loop
      vertex -3.599500 -0.160599 -1.681002
      vertex -3.599500 -0.160599 -1.840717
      vertex -3.769135 -0.230717 -1.840717
    endloop
  endfacet
  facet normal 0.000000 0.000000 0.000000
    outer loop
      vertex -3.599500 -0.160599 -1.681002
      vertex -3.769135 -0.230717 -1.840717
      vertex -3.769135 -0.230717 -1.681002
    endloop
  endfacet
  facet normal 0.000000 0.000000 0.000000
    outer loop
      vertex -3.769135 -0.230717 -1.681002
      vertex -3.769135 -0.230717 -1.840717
      vertex -3.839400 -0.399999 -1.840717
    endloop
  endfacet
  facet normal 0.000000 0.000000 0.000000
    outer loop
      vertex -3.769135 -0.230717 -1.681002
      vertex -3.839400 -0.399999 -1.840717
      vertex -3.839400 -0.399999 -1.681002
    endloop
  endfacet
  facet normal 0.000000 0.000000 0.000000
    outer loop
      vertex -3.839400 -0.399999 -1.681002
      vertex -3.839400 -0.399999 -1.840717
      vertex -3.769135 -0.569280 -1.840717
    endloop
  endfacet
  facet normal 0.000000 0.000000 0.000000
    outer loop
      vertex -3.839400 -0.399999 -1.681002
      vertex -3.769135 -0.569280 -1.840717
      vertex -3.769135 -0.569280 -1.681002
    endloop
  endfacet
  facet normal 0.000000 0.000000 0.000000
    outer loop
      vertex -3.769135 -0.569280 -1.681002
      vertex -3.769135 -0.569280 -1.840717
      vertex -3.599500 -0.639399 -1.840717
    endloop
  endfacet
  facet normal 0.000000 0.000000 0.000000
    outer loop
      vertex -3.769135 -0.569280 -1.681002
      vertex -3.599500 -0.639399 -1.840717
      vertex -3.599500 -0.639399 -1.681002
    endloop
  endfacet
  facet normal 0.000000 0.000000 0.000000
    outer loop
      vertex -3.599500 -0.639399 -1.681002
      vertex -3.599500 -0.639399 -1.840717
      vertex -3.429865 -0.569280 -1.840717
    endloop
  endfacet
  facet normal 0.000000 0.000000 0.000000
    outer loop
      vertex -3.599500 -0.639399 -1.681002
      vertex -3.429865 -0.569280 -1.840717
      vertex -3.429865 -0.569280 -1.681002
    endloop
  endfacet
  facet normal 0.000000 0.000000 0.000000
    outer loop
      vertex -3.429865 -0.569280 -1.681002
      vertex -3.429865 -0.569280 -1.840717
      vertex -3.359600 -0.399999 -1.840717
    endloop
  endfacet
  facet normal 0.000000 0.000000 0.000000
    outer loop
      vertex -3.429865 -0.569280 -1.681002
      vertex -3.359600 -0.399999 -1.840717
      vertex -3.359600 -0.399999 -1.681002
    endloop
  endfacet
  facet normal 0.000000 0.000000 0.000000
    outer loop
      vertex -4.159266 -0.399999 -1.681002
      vertex -4.159266 -0.399999 -1.840717
      vertex -4.229532 -0.230717 -1.840717
    endloop
  endfacet
  facet normal 0.000000 0.000000 0.000000
    outer loop
      vertex -4.159266 -0.399999 -1.681002
      vertex -4.229532 -0.230717 -1.840717
      vertex -4.229532 -0.230717 -1.681002
    endloop
  endfacet
  facet normal 0.000000 0.000000 0.000000
    outer loop
      vertex -4.229532 -0.230717 -1.681002
      vertex -4.229532 -0.230717 -1.840717
      vertex -4.399167 -0.160599 -1.840717
    endloop
  endfacet
  facet normal 0.000000 0.000000 0.000000
    outer loop
      vertex -4.229532 -0.230717 -1.681002
      vertex -4.399167 -0.160599 -1.840717
      vertex -4.399167 -0.160599 -1.681002
    endloop
  endfacet
  facet normal 0.000000 0.000000 0.000000
    outer loop
      vertex -4.399167 -0.160599 -1.681002
      vertex -4.399167 -0.160599 -1.840717
      vertex -4.568801 -0.230717 -1.840717
    endloop
  endfacet
  facet normal 0.000000 0.000000 0.000000
    outer loop
      vertex -4.399167 -0.160599 -1.681002
      vertex -4.568801 -0.230717 -1.840717
      vertex -4.568801 -0.230717 -1.681002
    endloop
  endfacet
  facet normal 0.000000 0.000000 0.000000
    outer loop
      vertex -4.568801 -0.230717 -1.681002
      vertex -4.568801 -0.230717 -1.840717
      vertex -4.639067 -0.399999 -1.840717
    endloop
  endfacet
  facet normal 0.000000 0.000000 0.000000
    outer loop
      vertex -4.568801 -0.230717 -1.681002
      vertex -4.639067 -0.399999 -1.840717
      vertex -4.639067 -0.399999 -1.681002
    endloop
  endfacet
  facet normal 0.000000 0.000000 0.000000
    outer loop
      vertex -4.639067 -0.399999 -1.681002
      vertex -4.639067 -0.399999 -1.840717
      vertex -4.568801 -0.569280 -1.840717
    endloop
  endfacet
  facet normal 0.000000 0.000000 0.000000
    outer loop
      vertex -4.639067 -0.399999 -1.681002
      vertex -4.568801 -0.569280 -1.840717
      vertex -4.568801 -0.569280 -1.681002
    endloop
  endfacet
  facet normal 0.000000 0.000000 0.000000
    outer loop
      vertex -4.568801 -0.569280 -1.681002
      vertex -4.568801 -0.569280 -1.840717
      vertex -4.399167 -0.639399 -1.840717
    endloop
  endfacet
  facet normal 0.000000 0.000000 0.000000
    outer loop
      vertex -4.568801 -0.569280 -1.681002
      vertex -4.399167 -0.639399 -1.840717
      vertex -4.399167 -0.639399 -1.681002
    endloop
  endfacet
  facet normal 0.000000 0.000000 0.000000
    outer loop
      vertex -4.399167 -0.639399 -1.681002
      vertex -4.399167 -0.639399 -1.840717
      vertex -4.229532 -0.569280 -1.840717
    endloop
  endfacet
  facet normal 0.000000 0.000000 0.000000
    outer loop
      vertex -4.399167 -0.639399 -1.681002
      vertex -4.229532 -0.569280 -1.840717
      vertex -4.229532 -0.569280 -1.681002
    endloop
  endfacet
  facet normal 0.000000 0.000000 0.000000
    outer loop
      vertex -4.229532 -0.569280 -1.681002
      vertex -4.229532 -0.569280 -1.840717
      vertex -4.159266 -0.399999 -1.840717
    endloop
  endfacet
  facet normal 0.000000 0.000000 0.000000
    outer loop
      vertex -4.229532 -0.569280 -1.681002
      vertex -4.159266 -0.399999 -1.840717
      vertex -4.159266 -0.399999 -1.681002
    endloop
  endfacet
  facet normal 0.000000 0.000000 0.000000
    outer loop
      vertex -0.400833 -0.399999 -1.681002
      vertex -0.160933 -0.399999 -1.681002
      vertex -0.231198 -0.230717 -1.681002
    endloop
  endfacet
  facet normal 0.000000 0.000000 0.000000
    outer loop
      vertex -0.400833 -0.399999 -1.681002
      vertex -0.231198 -0.230717 -1.681002
      vertex -0.400833 -0.160599 -1.681002
    endloop
  endfacet
  facet normal 0.000000 0.000000 0.000000
    outer loop
      vertex -0.400833 -0.399999 -1.681002
      vertex -0.400833 -0.160599 -1.681002
      vertex -0.570468 -0.230717 -1.681002
    endloop
  endfacet
  facet normal 0.000000 0.000000 0.000000
    outer loop
      vertex -0.400833 -0.399999 -1.681002
      vertex -0.570468 -0.230717 -1.681002
      vertex -0.640733 -0.399999 -1.681002
    endloop
  endfacet
  facet normal 0.000000 0.000000 0.000000
    outer loop
      vertex -0.400833 -0.399999 -1.681002
      vertex -0.640733 -0.399999 -1.681002
      vertex -0.570468 -0.569280 -1.681002
    endloop
  endfacet
  facet normal 0.000000 0.000000 0.000000
    outer loop
      vertex -0.400833 -0.399999 -1.681002
      vertex -0.570468 -0.569280 -1.681002
      vertex -0.400833 -0.639399 -1.681002
    endloop
  endfacet
  facet normal 0.000000 0.000000 0.000000
    outer loop
      vertex -0.400833 -0.399999 -1.681002
      vertex -0.400833 -0.639399 -1.681002
      vertex -0.231198 -0.569280 -1.681002
    endloop
  endfacet
  facet normal 0.000000 0.000000 0.000000
    outer loop
      vertex -0.400833 -0.399999 -1.681002
      vertex -0.231198 -0.569280 -1.681002
      vertex -0.160933 -0.399999 -1.681002
    endloop
  endfacet
  facet normal 0.000000 0.000000 0.000000
    outer loop
      vertex -1.200500 -0.399999 -1.681002
      vertex -0.960600 -0.399999 -1.681002
      vertex -1.030865 -0.230717 -1.681002
    endloop
  endfacet
  facet normal 0.000000 0.000000 0.000000
    outer loop
      vertex -1.200500 -0.399999 -1.681002
      vertex -1.030865 -0.230717 -1.681002
      vertex -1.200500 -0.160599 -1.681002
    endloop
  endfacet
  facet normal 0.000000 0.000000 0.000000
    outer loop
      vertex -1.200500 -0.399999 -1.681002
      vertex -1.200500 -0.160599 -1.681002
      vertex -1.370135 -0.230717 -1.681002
    endloop
  endfacet
  facet normal 0.000000 0.000000 0.000000
    outer loop
      vertex -1.200500 -0.399999 -1.681002
      vertex -1.370135 -0.230717 -1.681002
      vertex -1.440400 -0.399999 -1.681002
    endloop
  endfacet
  facet normal 0.000000 0.000000 0.000000
    outer loop
      vertex -1.200500 -0.399999 -1.681002
      vertex -1.440400 -0.399999 -1.681002
      vertex -1.370135 -0.569280 -1.681002
    endloop
  endfacet
  facet normal 0.000000 0.000000 0.000000
    outer loop
      vertex -1.200500 -0.399999 -1.681002
      vertex -1.370135 -0.569280 -1.681002
      vertex -1.200500 -0.639399 -1.681002
    endloop
  endfacet
  facet normal 0.000000 0.000000 0.000000
    outer loop
      vertex -1.200500 -0.399999 -1.681002
      vertex -1.200500 -0.639399 -1.681002
      vertex -1.030865 -0.569280 -1.681002
    endloop
  endfacet
  facet normal 0.000000 0.000000 0.000000
    outer loop
      vertex -1.200500 -0.399999 -1.681002
      vertex -1.030865 -0.569280 -1.681002
      vertex -0.960600 -0.399999 -1.681002
    endloop
  endfacet
  facet normal 0.000000 0.000000 0.000000
    outer loop
      vertex -2.000167 -0.399999 -1.681002
      vertex -1.760267 -0.399999 -1.681002
      vertex -1.830532 -0.230717 -1.681002
    endloop
  endfacet
  facet normal 0.000000 0.000000 0.000000
    outer loop
      vertex -2.000167 -0.399999 -1.681002
      vertex -1.830532 -0.230717 -1.681002
      vertex -2.000167 -0.160599 -1.681002
    endloop
  endfacet
  facet normal 0.000000 0.000000 0.000000
    outer loop
      vertex -2.000167 -0.399999 -1.681002
      vertex -2.000167 -0.160599 -1.681002
      vertex -2.169801 -0.230717 -1.681002
    endloop
  endfacet
  facet normal 0.000000 0.000000 0.000000
    outer loop
      vertex -2.000167 -0.399999 -1.681002
      vertex -2.169801 -0.230717 -1.681002
      vertex -2.240067 -0.399999 -1.681002
    endloop
  endfacet
  facet normal 0.000000 0.000000 0.000000
    outer loop
      vertex -2.000167 -0.399999 -1.681002
      vertex -2.240067 -0.399999 -1.681002
      vertex -2.169801 -0.569280 -1.681002
    endloop
  endfacet
  facet normal 0.000000 0.000000 0.000000
    outer loop
      vertex -2.000167 -0.399999 -1.681002
      vertex -2.169801 -0.569280 -1.681002
      vertex -2.000167 -0.639399 -1.681002
    endloop
  endfacet
  facet normal 0.000000 0.000000 0.000000
    outer loop
      vertex -2.000167 -0.399999 -1.681002
      vertex -2.000167 -0.639399 -1.681002
      vertex -1.830532 -0.569280 -1.681002
    endloop
  endfacet
  facet normal 0.000000 0.000000 0.000000
    outer loop
      vertex -2.000167 -0.399999 -1.681002
      vertex -1.830532 -0.569280 -1.681002
      vertex -1.760267 -0.399999 -1.681002
    endloop
  endfacet
  facet normal 0.000000 0.000000 0.000000
    outer loop
      vertex -2.799833 -0.399999 -1.681002
      vertex -2.559933 -0.399999 -1.681002
      vertex -2.630198 -0.230717 -1.681002
    endloop
  endfacet
  facet normal 0.000000 0.000000 0.000000
    outer loop
      vertex -2.799833 -0.399999 -1.681002
      vertex -2.630198 -0.230717 -1.681002
      vertex -2.799833 -0.160599 -1.681002
    endloop
  endfacet
  facet normal 0.000000 0.000000 0.000000
    outer loop
      vertex -2.799833 -0.399999 -1.681002
      vertex -2.799833 -0.160599 -1.681002
      vertex -2.969468 -0.230717 -1.681002
    endloop
  endfacet
  facet normal 0.000000 0.000000 0.000000
    outer loop
      vertex -2.799833 -0.399999 -1.681002
      vertex -2.969468 -0.230717 -1.681002
      vertex -3.039733 -0.399999 -1.681002
    endloop
  endfacet
  facet normal 0.000000 0.000000 0.000000
    outer loop
      vertex -2.799833 -0.399999 -1.681002
      vertex -3.039733 -0.399999 -1.681002
      vertex -2.969468 -0.569280 -1.681002
    endloop
  endfacet
  facet normal 0.000000 0.000000 0.000000
    outer loop
      vertex -2.799833 -0.399999 -1.681002
      vertex -2.969468 -0.569280 -1.681002
      vertex -2.799833 -0.639399 -1.681002
    endloop
  endfacet
  facet normal 0.000000 0.000000 0.000000
    outer loop
      vertex -2.799833 -0.399999 -1.681002
      vertex -2.799833 -0.639399 -1.681002
      vertex -2.630198 -0.569280 -1.681002
    endloop
  endfacet
  facet normal 0.000000 0.000000 0.000000
    outer loop
      vertex -2.799833 -0.399999 -1.681002
      vertex -2.630198 -0.569280 -1.681002
      vertex -2.559933 -0.399999 -1.681002
    endloop
  endfacet
  facet normal 0.000000 0.000000 0.000000
    outer loop
      vertex -3.599500 -0.399999 -1.681002
      vertex -3.359600 -0.399999 -1.681002
      vertex -3.429865 -0.230717 -1.681002
    endloop
  endfacet
  facet normal 0.000000 0.000000 0.000000
    outer loop
      vertex -3.599500 -0.399999 -1.681002
      vertex -3.429865 -0.230717 -1.681002
      vertex -3.599500 -0.160599 -1.681002
    endloop
  endfacet
  facet normal 0.000000 0.000000 0.000000
    outer loop
      vertex -3.599500 -0.399999 -1.681002
      vertex -3.599500 -0.160599 -1.681002
      vertex -3.769135 -0.230717 -1.681002
    endloop
  endfacet
  facet normal 0.000000 0.000000 0.000000
    outer loop
      vertex -3.599500 -0.399999 -1.681002
      vertex -3.769135 -0.230717 -1.681002
      vertex -3.839400 -0.399999 -1.681002
    endloop
  endfacet
  facet normal 0.000000 0.000000 0.000000
    outer loop
      vertex -3.599500 -0.399999 -1.681002
      vertex -3.839400 -0.399999 -1.681002
      vertex -3.769135 -0.569280 -1.681002
    endloop
  endfacet
  facet normal 0.000000 0.000000 0.000000
    outer loop
      vertex -3.599500 -0.399999 -1.681002
      vertex -3.769135 -0.569280 -1.681002
      vertex -3.599500 -0.639399 -1.681002
    endloop
  endfacet
  facet normal 0.000000 0.000000 0.000000
    outer loop
      vertex -3.599500 -0.399999 -1.681002
      vertex -3.599500 -0.639399 -1.681002
      vertex -3.429865 -0.569280 -1.681002
    endloop
  endfacet
  facet normal 0.000000 0.000000 0.000000
    outer loop
      vertex -3.599500 -0.399999 -1.681002
      vertex -3.429865 -0.569280 -1.681002
      vertex -3.359600 -0.399999 -1.681002
    endloop
  endfacet
  facet normal 0.000000 0.000000 0.000000
    outer loop
      vertex -4.399167 -0.399999 -1.681002
      vertex -4.159266 -0.399999 -1.681002
      vertex -4.229532 -0.230717 -1.681002
    endloop
  endfacet
  facet normal 0.000000 0.000000 0.000000
    outer loop
      vertex -4.399167 -0.399999 -1.681002
      vertex -4.229532 -0.230717 -1.681002
      vertex -4.399167 -0.160599 -1.681002
    endloop
  endfacet
  facet normal 0.000000 0.000000 0.000000
    outer loop
      vertex -4.399167 -0.399999 -1.681002
      vertex -4.399167 -0.160599 -1.681002
      vertex -4.568801 -0.230717 -1.681002
    endloop
  endfacet
  facet normal 0.000000 0.000000 0.000000
    outer loop
      vertex -4.399167 -0.399999 -1.681002
      vertex -4.568801 -0.230717 -1.681002
      vertex -4.639067 -0.399999 -1.681002
    endloop
  endfacet
  facet normal 0.000000 0.000000 0.000000
    outer loop
      vertex -4.399167 -0.399999 -1.681002
      vertex -4.639067 -0.399999 -1.681002
      vertex -4.568801 -0.569280 -1.681002
    endloop
  endfacet
  facet normal 0.000000 0.000000 0.000000
    outer loop
      vertex -4.399167 -0.399999 -1.681002
      vertex -4.568801 -0.569280 -1.681002
      vertex -4.399167 -0.639399 -1.681002
    endloop
  endfacet
  facet normal 0.000000 0.000000 0.000000
    outer loop
      vertex -4.399167 -0.399999 -1.681002
      vertex -4.399167 -0.639399 -1.681002
      vertex -4.229532 -0.569280 -1.681002
    endloop
  endfacet
  facet normal 0.000000 0.000000 0.000000
    outer loop
      vertex -4.399167 -0.399999 -1.681002
      vertex -4.229532 -0.569280 -1.681002
      vertex -4.159266 -0.399999 -1.681002
    endloop
  endfacet
  facet normal 0.000000 0.000000 0.000000
    outer loop
      vertex 4.159266 -0.399999 -2.799001
      vertex 4.112423 -0.512853 -2.799001
      vertex 3.999333 -0.399999 -2.799001
    endloop
  endfacet
  facet normal 0.000000 0.000000 0.000000
    outer loop
      vertex 4.112423 -0.512853 -2.799001
      vertex 3.999333 -0.559599 -2.799001
      vertex 3.999333 -0.399999 -2.799001
    endloop
  endfacet
  facet normal 0.000000 0.000000 0.000000
    outer loop
      vertex 3.999333 -0.559599 -2.799001
      vertex 3.886243 -0.512853 -2.799001
      vertex 3.999333 -0.399999 -2.799001
    endloop
  endfacet
  facet normal 0.000000 0.000000 0.000000
    outer loop
      vertex 3.886243 -0.512853 -2.799001
      vertex 3.839400 -0.399999 -2.799001
      vertex 3.999333 -0.399999 -2.799001
    endloop
  endfacet
  facet normal 0.000000 0.000000 0.000000
    outer loop
      vertex 3.839400 -0.399999 -2.799001
      vertex 3.886243 -0.287145 -2.799001
      vertex 3.999333 -0.399999 -2.799001
    endloop
  endfacet
  facet normal 0.000000 0.000000 0.000000
    outer loop
      vertex 3.886243 -0.287145 -2.799001
      vertex 3.999333 -0.240399 -2.799001
      vertex 3.999333 -0.399999 -2.799001
    endloop
  endfacet
  facet normal 0.000000 0.000000 0.000000
    outer loop
      vertex 3.999333 -0.240399 -2.799001
      vertex 4.112423 -0.287145 -2.799001
      vertex 3.999333 -0.399999 -2.799001
    endloop
  endfacet
  facet normal 0.000000 0.000000 0.000000
    outer loop
      vertex 4.112423 -0.287145 -2.799001
      vertex 4.159266 -0.399999 -2.799001
      vertex 3.999333 -0.399999 -2.799001
    endloop
  endfacet
  facet normal 0.000000 0.000000 0.000000
    outer loop
      vertex 3.359600 -0.399999 -2.799001
      vertex 3.312757 -0.512853 -2.799001
      vertex 3.199667 -0.399999 -2.799001
    endloop
  endfacet
  facet normal 0.000000 0.000000 0.000000
    outer loop
      vertex 3.312757 -0.512853 -2.799001
      vertex 3.199667 -0.559599 -2.799001
      vertex 3.199667 -0.399999 -2.799001
    endloop
  endfacet
  facet normal 0.000000 0.000000 0.000000
    outer loop
      vertex 3.199667 -0.559599 -2.799001
      vertex 3.086577 -0.512853 -2.799001
      vertex 3.199667 -0.399999 -2.799001
    endloop
  endfacet
  facet normal 0.000000 0.000000 0.000000
    outer loop
      vertex 3.086577 -0.512853 -2.799001
      vertex 3.039733 -0.399999 -2.799001
      vertex 3.199667 -0.399999 -2.799001
    endloop
  endfacet
  facet normal 0.000000 0.000000 0.000000
    outer loop
      vertex 3.039733 -0.399999 -2.799001
      vertex 3.086577 -0.287145 -2.799001
      vertex 3.199667 -0.399999 -2.799001
    endloop
  endfacet
  facet normal 0.000000 0.000000 0.000000
    outer loop
      vertex 3.086577 -0.287145 -2.799001
      vertex 3.199667 -0.240399 -2.799001
      vertex 3.199667 -0.399999 -2.799001
    endloop
  endfacet
  facet normal 0.000000 0.000000 0.000000
    outer loop
      vertex 3.199667 -0.240399 -2.799001
      vertex 3.312757 -0.287145 -2.799001
      vertex 3.199667 -0.399999 -2.799001
    endloop
  endfacet
  facet normal 0.000000 0.000000 0.000000
    outer loop
      vertex 3.312757 -0.287145 -2.799001
      vertex 3.359600 -0.399999 -2.799001
      vertex 3.199667 -0.399999 -2.799001
    endloop
  endfacet
  facet normal 0.000000 0.000000 0.000000
    outer loop
      vertex 2.559933 -0.399999 -2.799001
      vertex 2.513090 -0.512853 -2.799001
      vertex 2.400000 -0.399999 -2.799001
    endloop
  endfacet
  facet normal 0.000000 0.000000 0.000000
    outer loop
      vertex 2.513090 -0.512853 -2.799001
      vertex 2.400000 -0.559599 -2.799001
      vertex 2.400000 -0.399999 -2.799001
    endloop
  endfacet
  facet normal 0.000000 0.000000 0.000000
    outer loop
      vertex 2.400000 -0.559599 -2.799001
      vertex 2.286910 -0.512853 -2.799001
      vertex 2.400000 -0.399999 -2.799001
    endloop
  endfacet
  facet normal 0.000000 0.000000 0.000000
    outer loop
      vertex 2.286910 -0.512853 -2.799001
      vertex 2.240067 -0.399999 -2.799001
      vertex 2.400000 -0.399999 -2.799001
    endloop
  endfacet
  facet normal 0.000000 0.000000 0.000000
    outer loop
      vertex 2.240067 -0.399999 -2.799001
      vertex 2.286910 -0.287145 -2.799001
      vertex 2.400000 -0.399999 -2.799001
    endloop
  endfacet
  facet normal 0.000000 0.000000 0.000000
    outer loop
      vertex 2.286910 -0.287145 -2.799001
      vertex 2.400000 -0.240399 -2.799001
      vertex 2.400000 -0.399999 -2.799001
    endloop
  endfacet
  facet normal 0.000000 0.000000 0.000000
    outer loop
      vertex 2.400000 -0.240399 -2.799001
      vertex 2.513090 -0.287145 -2.799001
      vertex 2.400000 -0.399999 -2.799001
    endloop
  endfacet
  facet normal 0.000000 0.000000 0.000000
    outer loop
      vertex 2.513090 -0.287145 -2.799001
      vertex 2.559933 -0.399999 -2.799001
      vertex 2.400000 -0.399999 -2.799001
    endloop
  endfacet
  facet normal 0.000000 0.000000 0.000000
    outer loop
      vertex 1.760267 -0.399999 -2.799001
      vertex 1.713423 -0.512853 -2.799001
      vertex 1.600333 -0.399999 -2.799001
    endloop
  endfacet
  facet normal 0.000000 0.000000 0.000000
    outer loop
      vertex 1.713423 -0.512853 -2.799001
      vertex 1.600333 -0.559599 -2.799001
      vertex 1.600333 -0.399999 -2.799001
    endloop
  endfacet
  facet normal 0.000000 0.000000 0.000000
    outer loop
      vertex 1.600333 -0.559599 -2.799001
      vertex 1.487243 -0.512853 -2.799001
      vertex 1.600333 -0.399999 -2.799001
    endloop
  endfacet
  facet normal 0.000000 0.000000 0.000000
    outer loop
      vertex 1.487243 -0.512853 -2.799001
      vertex 1.440400 -0.399999 -2.799001
      vertex 1.600333 -0.399999 -2.799001
    endloop
  endfacet
  facet normal 0.000000 0.000000 0.000000
    outer loop
      vertex 1.440400 -0.399999 -2.799001
      vertex 1.487243 -0.287145 -2.799001
      vertex 1.600333 -0.399999 -2.799001
    endloop
  endfacet
  facet normal 0.000000 0.000000 0.000000
    outer loop
      vertex 1.487243 -0.287145 -2.799001
      vertex 1.600333 -0.240399 -2.799001
      vertex 1.600333 -0.399999 -2.799001
    endloop
  endfacet
  facet normal 0.000000 0.000000 0.000000
    outer loop
      vertex 1.600333 -0.240399 -2.799001
      vertex 1.713423 -0.287145 -2.799001
      vertex 1.600333 -0.399999 -2.799001
    endloop
  endfacet
  facet normal 0.000000 0.000000 0.000000
    outer loop
      vertex 1.713423 -0.287145 -2.799001
      vertex 1.760267 -0.399999 -2.799001
      vertex 1.600333 -0.399999 -2.799001
    endloop
  endfacet
  facet normal 0.000000 0.000000 0.000000
    outer loop
      vertex 0.960600 -0.399999 -2.799001
      vertex 0.913757 -0.512853 -2.799001
      vertex 0.800667 -0.399999 -2.799001
    endloop
  endfacet
  facet normal 0.000000 0.000000 0.000000
    outer loop
      vertex 0.913757 -0.512853 -2.799001
      vertex 0.800667 -0.559599 -2.799001
      vertex 0.800667 -0.399999 -2.799001
    endloop
  endfacet
  facet normal 0.000000 0.000000 0.000000
    outer loop
      vertex 0.800667 -0.559599 -2.799001
      vertex 0.687577 -0.512853 -2.799001
      vertex 0.800667 -0.399999 -2.799001
    endloop
  endfacet
  facet normal 0.000000 0.000000 0.000000
    outer loop
      vertex 0.687577 -0.512853 -2.799001
      vertex 0.640733 -0.399999 -2.799001
      vertex 0.800667 -0.399999 -2.799001
    endloop
  endfacet
  facet normal 0.000000 0.000000 0.000000
    outer loop
      vertex 0.640733 -0.399999 -2.799001
      vertex 0.687577 -0.287145 -2.799001
      vertex 0.800667 -0.399999 -2.799001
    endloop
  endfacet
  facet normal 0.000000 0.000000 0.000000
    outer loop
      vertex 0.687577 -0.287145 -2.799001
      vertex 0.800667 -0.240399 -2.799001
      vertex 0.800667 -0.399999 -2.799001
    endloop
  endfacet
  facet normal 0.000000 0.000000 0.000000
    outer loop
      vertex 0.800667 -0.240399 -2.799001
      vertex 0.913757 -0.287145 -2.799001
      vertex 0.800667 -0.399999 -2.799001
    endloop
  endfacet
  facet normal 0.000000 0.000000 0.000000
    outer loop
      vertex 0.913757 -0.287145 -2.799001
      vertex 0.960600 -0.399999 -2.799001
      vertex 0.800667 -0.399999 -2.799001
    endloop
  endfacet
  facet normal 0.000000 0.000000 0.000000
    outer loop
      vertex 0.001000 -0.798999 -1.840716
      vertex 0.001000 -0.798999 -2.799001
      vertex 4.799000 -0.798999 -2.799001
    endloop
  endfacet
  facet normal 0.000000 0.000000 0.000000
    outer loop
      vertex 0.001000 -0.798999 -1.840716
      vertex 4.799000 -0.798999 -2.799001
      vertex 4.799000 -0.798999 -1.840716
    endloop
  endfacet
  facet normal 0.000000 0.000000 0.000000
    outer loop
      vertex 4.799000 -0.000999 -2.799001
      vertex 4.639067 -0.160599 -2.799001
      vertex 0.160933 -0.160599 -2.799001
    endloop
  endfacet
  facet normal 0.000000 0.000000 0.000000
    outer loop
      vertex 4.799000 -0.000999 -2.799001
      vertex 0.160933 -0.160599 -2.799001
      vertex 0.001000 -0.000999 -2.799001
    endloop
  endfacet
  facet normal 0.000000 0.000000 0.000000
    outer loop
      vertex 0.001000 -0.000999 -2.799001
      vertex 0.160933 -0.160599 -2.799001
      vertex 0.160933 -0.639399 -2.799001
    endloop
  endfacet
  facet normal 0.000000 0.000000 0.000000
    outer loop
      vertex 0.001000 -0.000999 -2.799001
      vertex 0.160933 -0.639399 -2.799001
      vertex 0.001000 -0.798999 -2.799001
    endloop
  endfacet
  facet normal 0.000000 0.000000 0.000000
    outer loop
      vertex 0.001000 -0.798999 -2.799001
      vertex 0.160933 -0.639399 -2.799001
      vertex 4.639067 -0.639399 -2.799001
    endloop
  endfacet
  facet normal 0.000000 0.000000 0.000000
    outer loop
      vertex 0.001000 -0.798999 -2.799001
      vertex 4.639067 -0.639399 -2.799001
      vertex 4.799000 -0.798999 -2.799001
    endloop
  endfacet
  facet normal 0.000000 0.000000 0.000000
    outer loop
      vertex 4.799000 -0.798999 -2.799001
      vertex 4.639067 -0.639399 -2.799001
      vertex 4.639067 -0.160599 -2.799001
    endloop
  endfacet
  facet normal 0.000000 0.000000 0.000000
    outer loop
      vertex 4.799000 -0.798999 -2.799001
      vertex 4.639067 -0.160599 -2.799001
      vertex 4.799000 -0.000999 -2.799001
    endloop
  endfacet
  facet normal 0.000000 0.000000 0.000000
    outer loop
      vertex 0.001000 -0.798999 -1.840716
      vertex 4.799000 -0.798999 -1.840716
      vertex 4.799000 -0.000999 -1.840716
    endloop
  endfacet
  facet normal 0.000000 0.000000 0.000000
    outer loop
      vertex 0.001000 -0.798999 -1.840716
      vertex 4.799000 -0.000999 -1.840716
      vertex 0.001000 -0.000999 -1.840716
    endloop
  endfacet
  facet normal 0.000000 0.000000 0.000000
    outer loop
      vertex 0.001000 -0.000999 -1.840716
      vertex 0.001000 -0.000999 -2.799001
      vertex 0.001000 -0.798999 -2.799001
    endloop
  endfacet
  facet normal 0.000000 0.000000 0.000000
    outer loop
      vertex 0.001000 -0.000999 -1.840716
      vertex 0.001000 -0.798999 -2.799001
      vertex 0.001000 -0.798999 -1.840716
    endloop
  endfacet
  facet normal 0.000000 0.000000 0.000000
    outer loop
      vertex 4.799000 -0.000999 -1.840716
      vertex 4.799000 -0.000999 -2.799001
      vertex 0.001000 -0.000999 -2.799001
    endloop
  endfacet
  facet normal 0.000000 0.000000 0.000000
    outer loop
      vertex 4.799000 -0.000999 -1.840716
      vertex 0.001000 -0.000999 -2.799001
      vertex 0.001000 -0.000999 -1.840716
    endloop
  endfacet
  facet normal 0.000000 0.000000 0.000000
    outer loop
      vertex 4.799000 -0.798999 -1.840716
      vertex 4.799000 -0.798999 -2.799001
      vertex 4.799000 -0.000999 -2.799001
    endloop
  endfacet
  facet normal 0.000000 0.000000 0.000000
    outer loop
      vertex 4.799000 -0.798999 -1.840716
      vertex 4.799000 -0.000999 -2.799001
      vertex 4.799000 -0.000999 -1.840716
    endloop
  endfacet
  facet normal 0.000000 0.000000 0.000000
    outer loop
      vertex 4.159266 -0.399999 -2.799001
      vertex 4.159266 -0.399999 -2.000430
      vertex 4.112423 -0.512853 -2.000430
    endloop
  endfacet
  facet normal 0.000000 0.000000 0.000000
    outer loop
      vertex 4.159266 -0.399999 -2.799001
      vertex 4.112423 -0.512853 -2.000430
      vertex 4.112423 -0.512853 -2.799001
    endloop
  endfacet
  facet normal 0.000000 0.000000 0.000000
    outer loop
      vertex 4.112423 -0.512853 -2.799001
      vertex 4.112423 -0.512853 -2.000430
      vertex 3.999333 -0.559599 -2.000430
    endloop
  endfacet
  facet normal 0.000000 0.000000 0.000000
    outer loop
      vertex 4.112423 -0.512853 -2.799001
      vertex 3.999333 -0.559599 -2.000430
      vertex 3.999333 -0.559599 -2.799001
    endloop
  endfacet
  facet normal 0.000000 0.000000 0.000000
    outer loop
      vertex 3.999333 -0.559599 -2.799001
      vertex 3.999333 -0.559599 -2.000430
      vertex 3.886243 -0.512853 -2.000430
    endloop
  endfacet
  facet normal 0.000000 0.000000 0.000000
    outer loop
      vertex 3.999333 -0.559599 -2.799001
      vertex 3.886243 -0.512853 -2.000430
      vertex 3.886243 -0.512853 -2.799001
    endloop
  endfacet
  facet normal 0.000000 0.000000 0.000000
    outer loop
      vertex 3.886243 -0.512853 -2.799001
      vertex 3.886243 -0.512853 -2.000430
      vertex 3.839400 -0.399999 -2.000430
    endloop
  endfacet
  facet normal 0.000000 0.000000 0.000000
    outer loop
      vertex 3.886243 -0.512853 -2.799001
      vertex 3.839400 -0.399999 -2.000430
      vertex 3.839400 -0.399999 -2.799001
    endloop
  endfacet
  facet normal 0.000000 0.000000 0.000000
    outer loop
      vertex 3.839400 -0.399999 -2.799001
      vertex 3.839400 -0.399999 -2.000430
      vertex 3.886243 -0.287145 -2.000430
    endloop
  endfacet
  facet normal 0.000000 0.000000 0.000000
    outer loop
      vertex 3.839400 -0.399999 -2.799001
      vertex 3.886243 -0.287145 -2.000430
      vertex 3.886243 -0.287145 -2.799001
    endloop
  endfacet
  facet normal 0.000000 0.000000 0.000000
    outer loop
      vertex 3.886243 -0.287145 -2.799001
      vertex 3.886243 -0.287145 -2.000430
      vertex 3.999333 -0.240399 -2.000430
    endloop
  endfacet
  facet normal 0.000000 0.000000 0.000000
    outer loop
      vertex 3.886243 -0.287145 -2.799001
      vertex 3.999333 -0.240399 -2.000430
      vertex 3.999333 -0.240399 -2.799001
    endloop
  endfacet
  facet normal 0.000000 0.000000 0.000000
    outer loop
      vertex 3.999333 -0.240399 -2.799001
      vertex 3.999333 -0.240399 -2.000430
      vertex 4.112423 -0.287145 -2.000430
    endloop
  endfacet
  facet normal 0.000000 0.000000 0.000000
    outer loop
      vertex 3.999333 -0.240399 -2.799001
      vertex 4.112423 -0.287145 -2.000430
      vertex 4.112423 -0.287145 -2.799001
    endloop
  endfacet
  facet normal 0.000000 0.000000 0.000000
    outer loop
      vertex 4.112423 -0.287145 -2.799001
      vertex 4.112423 -0.287145 -2.000430
      vertex 4.159266 -0.399999 -2.000430
    endloop
  endfacet
  facet normal 0.000000 0.000000 0.000000
    outer loop
      vertex 4.112423 -0.287145 -2.799001
      vertex 4.159266 -0.399999 -2.000430
      vertex 4.159266 -0.399999 -2.799001
    endloop
  endfacet
  facet normal 0.000000 0.000000 0.000000
    outer loop
      vertex 3.359600 -0.399999 -2.799001
      vertex 3.359600 -0.399999 -2.000430
      vertex 3.312757 -0.512853 -2.000430
    endloop
  endfacet
  facet normal 0.000000 0.000000 0.000000
    outer loop
      vertex 3.359600 -0.399999 -2.799001
      vertex 3.312757 -0.512853 -2.000430
      vertex 3.312757 -0.512853 -2.799001
    endloop
  endfacet
  facet normal 0.000000 0.000000 0.000000
    outer loop
      vertex 3.312757 -0.512853 -2.799001
      vertex 3.312757 -0.512853 -2.000430
      vertex 3.199667 -0.559599 -2.000430
    endloop
  endfacet
  facet normal 0.000000 0.000000 0.000000
    outer loop
      vertex 3.312757 -0.512853 -2.799001
      vertex 3.199667 -0.559599 -2.000430
      vertex 3.199667 -0.559599 -2.799001
    endloop
  endfacet
  facet normal 0.000000 0.000000 0.000000
    outer loop
      vertex 3.199667 -0.559599 -2.799001
      vertex 3.199667 -0.559599 -2.000430
      vertex 3.086577 -0.512853 -2.000430
    endloop
  endfacet
  facet normal 0.000000 0.000000 0.000000
    outer loop
      vertex 3.199667 -0.559599 -2.799001
      vertex 3.086577 -0.512853 -2.000430
      vertex 3.086577 -0.512853 -2.799001
    endloop
  endfacet
  facet normal 0.000000 0.000000 0.000000
    outer loop
      vertex 3.086577 -0.512853 -2.799001
      vertex 3.086577 -0.512853 -2.000430
      vertex 3.039733 -0.399999 -2.000430
    endloop
  endfacet
  facet normal 0.000000 0.000000 0.000000
    outer loop
      vertex 3.086577 -0.512853 -2.799001
      vertex 3.039733 -0.399999 -2.000430
      vertex 3.039733 -0.399999 -2.799001
    endloop
  endfacet
  facet normal 0.000000 0.000000 0.000000
    outer loop
      vertex 3.039733 -0.399999 -2.799001
      vertex 3.039733 -0.399999 -2.000430
      vertex 3.086577 -0.287145 -2.000430
    endloop
  endfacet
  facet normal 0.000000 0.000000 0.000000
    outer loop
      vertex 3.039733 -0.399999 -2.799001
      vertex 3.086577 -0.287145 -2.000430
      vertex 3.086577 -0.287145 -2.799001
    endloop
  endfacet
  facet normal 0.000000 0.000000 0.000000
    outer loop
      vertex 3.086577 -0.287145 -2.799001
      vertex 3.086577 -0.287145 -2.000430
      vertex 3.199667 -0.240399 -2.000430
    endloop
  endfacet
  facet normal 0.000000 0.000000 0.000000
    outer loop
      vertex 3.086577 -0.287145 -2.799001
      vertex 3.199667 -0.240399 -2.000430
      vertex 3.199667 -0.240399 -2.799001
    endloop
  endfacet
  facet normal 0.000000 0.000000 0.000000
    outer loop
      vertex 3.199667 -0.240399 -2.799001
      vertex 3.199667 -0.240399 -2.000430
      vertex 3.312757 -0.287145 -2.000430
    endloop
  endfacet
  facet normal 0.000000 0.000000 0.000000
    outer loop
      vertex 3.199667 -0.240399 -2.799001
      vertex 3.312757 -0.287145 -2.000430
      vertex 3.312757 -0.287145 -2.799001
    endloop
  endfacet
  facet normal 0.000000 0.000000 0.000000
    outer loop
      vertex 3.312757 -0.287145 -2.799001
      vertex 3.312757 -0.287145 -2.000430
      vertex 3.359600 -0.399999 -2.000430
    endloop
  endfacet
  facet normal 0.000000 0.000000 0.000000
    outer loop
      vertex 3.312757 -0.287145 -2.799001
      vertex 3.359600 -0.399999 -2.000430
      vertex 3.359600 -0.399999 -2.799001
    endloop
  endfacet
  facet normal 0.000000 0.000000 0.000000
    outer loop
      vertex 2.559933 -0.399999 -2.799001
      vertex 2.559933 -0.399999 -2.000430
      vertex 2.513090 -0.512853 -2.000430
    endloop
  endfacet
  facet normal 0.000000 0.000000 0.000000
    outer loop
      vertex 2.559933 -0.399999 -2.799001
      vertex 2.513090 -0.512853 -2.000430
      vertex 2.513090 -0.512853 -2.799001
    endloop
  endfacet
  facet normal 0.000000 0.000000 0.000000
    outer loop
      vertex 2.513090 -0.512853 -2.799001
      vertex 2.513090 -0.512853 -2.000430
      vertex 2.400000 -0.559599 -2.000430
    endloop
  endfacet
  facet normal 0.000000 0.000000 0.000000
    outer loop
      vertex 2.513090 -0.512853 -2.799001
      vertex 2.400000 -0.559599 -2.000430
      vertex 2.400000 -0.559599 -2.799001
    endloop
  endfacet
  facet normal 0.000000 0.000000 0.000000
    outer loop
      vertex 2.400000 -0.559599 -2.799001
      vertex 2.400000 -0.559599 -2.000430
      vertex 2.286910 -0.512853 -2.000430
    endloop
  endfacet
  facet normal 0.000000 0.000000 0.000000
    outer loop
      vertex 2.400000 -0.559599 -2.799001
      vertex 2.286910 -0.512853 -2.000430
      vertex 2.286910 -0.512853 -2.799001
    endloop
  endfacet
  facet normal 0.000000 0.000000 0.000000
    outer loop
      vertex 2.286910 -0.512853 -2.799001
      vertex 2.286910 -0.512853 -2.000430
      vertex 2.240067 -0.399999 -2.000430
    endloop
  endfacet
  facet normal 0.000000 0.000000 0.000000
    outer loop
      vertex 2.286910 -0.512853 -2.799001
      vertex 2.240067 -0.399999 -2.000430
      vertex 2.240067 -0.399999 -2.799001
    endloop
  endfacet
  facet normal 0.000000 0.000000 0.000000
    outer loop
      vertex 2.240067 -0.399999 -2.799001
      vertex 2.240067 -0.399999 -2.000430
      vertex 2.286910 -0.287145 -2.000430
    endloop
  endfacet
  facet normal 0.000000 0.000000 0.000000
    outer loop
      vertex 2.240067 -0.399999 -2.799001
      vertex 2.286910 -0.287145 -2.000430
      vertex 2.286910 -0.287145 -2.799001
    endloop
  endfacet
  facet normal 0.000000 0.000000 0.000000
    outer loop
      vertex 2.286910 -0.287145 -2.799001
      vertex 2.286910 -0.287145 -2.000430
      vertex 2.400000 -0.240399 -2.000430
    endloop
  endfacet
  facet normal 0.000000 0.000000 0.000000
    outer loop
      vertex 2.286910 -0.287145 -2.799001
      vertex 2.400000 -0.240399 -2.000430
      vertex 2.400000 -0.240399 -2.799001
    endloop
  endfacet
  facet normal 0.000000 0.000000 0.000000
    outer loop
      vertex 2.400000 -0.240399 -2.799001
      vertex 2.400000 -0.240399 -2.000430
      vertex 2.513090 -0.287145 -2.000430
    endloop
  endfacet
  facet normal 0.000000 0.000000 0.000000
    outer loop
      vertex 2.400000 -0.240399 -2.799001
      vertex 2.513090 -0.287145 -2.000430
      vertex 2.513090 -0.287145 -2.799001
    endloop
  endfacet
  facet normal 0.000000 0.000000 0.000000
    outer loop
      vertex 2.513090 -0.287145 -2.799001
      vertex 2.513090 -0.287145 -2.000430
      vertex 2.559933 -0.399999 -2.000430
    endloop
  endfacet
  facet normal 0.000000 0.000000 0.000000
    outer loop
      vertex 2.513090 -0.287145 -2.799001
      vertex 2.559933 -0.399999 -2.000430
      vertex 2.559933 -0.399999 -2.799001
    endloop
  endfacet
  facet normal 0.000000 0.000000 0.000000
    outer loop
      vertex 1.760267 -0.399999 -2.799001
      vertex 1.760267 -0.399999 -2.000430
      vertex 1.713423 -0.512853 -2.000430
    endloop
  endfacet
  facet normal 0.000000 0.000000 0.000000
    outer loop
      vertex 1.760267 -0.399999 -2.799001
      vertex 1.713423 -0.512853 -2.000430
      vertex 1.713423 -0.512853 -2.799001
    endloop
  endfacet
  facet normal 0.000000 0.000000 0.000000
    outer loop
      vertex 1.713423 -0.512853 -2.799001
      vertex 1.713423 -0.512853 -2.000430
      vertex 1.600333 -0.559599 -2.000430
    endloop
  endfacet
  facet normal 0.000000 0.000000 0.000000
    outer loop
      vertex 1.713423 -0.512853 -2.799001
      vertex 1.600333 -0.559599 -2.000430
      vertex 1.600333 -0.559599 -2.799001
    endloop
  endfacet
  facet normal 0.000000 0.000000 0.000000
    outer loop
      vertex 1.600333 -0.559599 -2.799001
      vertex 1.600333 -0.559599 -2.000430
      vertex 1.487243 -0.512853 -2.000430
    endloop
  endfacet
  facet normal 0.000000 0.000000 0.000000
    outer loop
      vertex 1.600333 -0.559599 -2.799001
      vertex 1.487243 -0.512853 -2.000430
      vertex 1.487243 -0.512853 -2.799001
    endloop
  endfacet
  facet normal 0.000000 0.000000 0.000000
    outer loop
      vertex 1.487243 -0.512853 -2.799001
      vertex 1.487243 -0.512853 -2.000430
      vertex 1.440400 -0.399999 -2.000430
    endloop
  endfacet
  facet normal 0.000000 0.000000 0.000000
    outer loop
      vertex 1.487243 -0.512853 -2.799001
      vertex 1.440400 -0.399999 -2.000430
      vertex 1.440400 -0.399999 -2.799001
    endloop
  endfacet
  facet normal 0.000000 0.000000 0.000000
    outer loop
      vertex 1.440400 -0.399999 -2.799001
      vertex 1.440400 -0.399999 -2.000430
      vertex 1.487243 -0.287145 -2.000430
    endloop
  endfacet
  facet normal 0.000000 0.000000 0.000000
    outer loop
      vertex 1.440400 -0.399999 -2.799001
      vertex 1.487243 -0.287145 -2.000430
      vertex 1.487243 -0.287145 -2.799001
    endloop
  endfacet
  facet normal 0.000000 0.000000 0.000000
    outer loop
      vertex 1.487243 -0.287145 -2.799001
      vertex 1.487243 -0.287145 -2.000430
      vertex 1.600333 -0.240399 -2.000430
    endloop
  endfacet
  facet normal 0.000000 0.000000 0.000000
    outer loop
      vertex 1.487243 -0.287145 -2.799001
      vertex 1.600333 -0.240399 -2.000430
      vertex 1.600333 -0.240399 -2.799001
    endloop
  endfacet
  facet normal 0.000000 0.000000 0.000000
    outer loop
      vertex 1.600333 -0.240399 -2.799001
      vertex 1.600333 -0.240399 -2.000430
      vertex 1.713423 -0.287145 -2.000430
    endloop
  endfacet
  facet normal 0.000000 0.000000 0.000000
    outer loop
      vertex 1.600333 -0.240399 -2.799001
      vertex 1.713423 -0.287145 -2.000430
      vertex 1.713423 -0.287145 -2.799001
    endloop
  endfacet
  facet normal 0.000000 0.000000 0.000000
    outer loop
      vertex 1.713423 -0.287145 -2.799001
      vertex 1.713423 -0.287145 -2.000430
      vertex 1.760267 -0.399999 -2.000430
    endloop
  endfacet
  facet normal 0.000000 0.000000 0.000000
    outer loop
      vertex 1.713423 -0.287145 -2.799001
      vertex 1.760267 -0.399999 -2.000430
      vertex 1.760267 -0.399999 -2.799001
    endloop
  endfacet
  facet normal 0.000000 0.000000 0.000000
    outer loop
      vertex 0.960600 -0.399999 -2.799001
      vertex 0.960600 -0.399999 -2.000430
      vertex 0.913757 -0.512853 -2.000430
    endloop
  endfacet
  facet normal 0.000000 0.000000 0.000000
    outer loop
      vertex 0.960600 -0.399999 -2.799001
      vertex 0.913757 -0.512853 -2.000430
      vertex 0.913757 -0.512853 -2.799001
    endloop
  endfacet
  facet normal 0.000000 0.000000 0.000000
    outer loop
      vertex 0.913757 -0.512853 -2.799001
      vertex 0.913757 -0.512853 -2.000430
      vertex 0.800667 -0.559599 -2.000430
    endloop
  endfacet
  facet normal 0.000000 0.000000 0.000000
    outer loop
      vertex 0.913757 -0.512853 -2.799001
      vertex 0.800667 -0.559599 -2.000430
      vertex 0.800667 -0.559599 -2.799001
    endloop
  endfacet
  facet normal 0.000000 0.000000 0.000000
    outer loop
      vertex 0.800667 -0.559599 -2.799001
      vertex 0.800667 -0.559599 -2.000430
      vertex 0.687577 -0.512853 -2.000430
    endloop
  endfacet
  facet normal 0.000000 0.000000 0.000000
    outer loop
      vertex 0.800667 -0.559599 -2.799001
      vertex 0.687577 -0.512853 -2.000430
      vertex 0.687577 -0.512853 -2.799001
    endloop
  endfacet
  facet normal 0.000000 0.000000 0.000000
    outer loop
      vertex 0.687577 -0.512853 -2.799001
      vertex 0.687577 -0.512853 -2.000430
      vertex 0.640733 -0.399999 -2.000430
    endloop
  endfacet
  facet normal 0.000000 0.000000 0.000000
    outer loop
      vertex 0.687577 -0.512853 -2.799001
      vertex 0.640733 -0.399999 -2.000430
      vertex 0.640733 -0.399999 -2.799001
    endloop
  endfacet
  facet normal 0.000000 0.000000 0.000000
    outer loop
      vertex 0.640733 -0.399999 -2.799001
      vertex 0.640733 -0.399999 -2.000430
      vertex 0.687577 -0.287145 -2.000430
    endloop
  endfacet
  facet normal 0.000000 0.000000 0.000000
    outer loop
      vertex 0.640733 -0.399999 -2.799001
      vertex 0.687577 -0.287145 -2.000430
      vertex 0.687577 -0.287145 -2.799001
    endloop
  endfacet
  facet normal 0.000000 0.000000 0.000000
    outer loop
      vertex 0.687577 -0.287145 -2.799001
      vertex 0.687577 -0.287145 -2.000430
      vertex 0.800667 -0.240399 -2.000430
    endloop
  endfacet
  facet normal 0.000000 0.000000 0.000000
    outer loop
      vertex 0.687577 -0.287145 -2.799001
      vertex 0.800667 -0.240399 -2.000430
      vertex 0.800667 -0.240399 -2.799001
    endloop
  endfacet
  facet normal 0.000000 0.000000 0.000000
    outer loop
      vertex 0.800667 -0.240399 -2.799001
      vertex 0.800667 -0.240399 -2.000430
      vertex 0.913757 -0.287145 -2.000430
    endloop
  endfacet
  facet normal 0.000000 0.000000 0.000000
    outer loop
      vertex 0.800667 -0.240399 -2.799001
      vertex 0.913757 -0.287145 -2.000430
      vertex 0.913757 -0.287145 -2.799001
    endloop
  endfacet
  facet normal 0.000000 0.000000 0.000000
    outer loop
      vertex 0.913757 -0.287145 -2.799001
      vertex 0.913757 -0.287145 -2.000430
      vertex 0.960600 -0.399999 -2.000430
    endloop
  endfacet
  facet normal 0.000000 0.000000 0.000000
    outer loop
      vertex 0.913757 -0.287145 -2.799001
      vertex 0.960600 -0.399999 -2.000430
      vertex 0.960600 -0.399999 -2.799001
    endloop
  endfacet
  facet normal 0.000000 0.000000 0.000000
    outer loop
      vertex 0.160933 -0.160599 -2.000430
      vertex 4.639067 -0.160599 -2.000430
      vertex 4.639067 -0.639399 -2.000430
    endloop
  endfacet
  facet normal 0.000000 0.000000 0.000000
    outer loop
      vertex 0.160933 -0.160599 -2.000430
      vertex 4.639067 -0.639399 -2.000430
      vertex 0.160933 -0.639399 -2.000430
    endloop
  endfacet
  facet normal 0.000000 0.000000 0.000000
    outer loop
      vertex 0.160933 -0.160599 -2.000430
      vertex 0.160933 -0.160599 -2.799001
      vertex 4.639067 -0.160599 -2.799001
    endloop
  endfacet
  facet normal 0.000000 0.000000 0.000000
    outer loop
      vertex 0.160933 -0.160599 -2.000430
      vertex 4.639067 -0.160599 -2.799001
      vertex 4.639067 -0.160599 -2.000430
    endloop
  endfacet
  facet normal 0.000000 0.000000 0.000000
    outer loop
      vertex 0.160933 -0.639399 -2.000430
      vertex 0.160933 -0.639399 -2.799001
      vertex 0.160933 -0.160599 -2.799001
    endloop
  endfacet
  facet normal 0.000000 0.000000 0.000000
    outer loop
      vertex 0.160933 -0.639399 -2.000430
      vertex 0.160933 -0.160599 -2.799001
      vertex 0.160933 -0.160599 -2.000430
    endloop
  endfacet
  facet normal 0.000000 0.000000 0.000000
    outer loop
      vertex 4.639067 -0.639399 -2.000430
      vertex 4.639067 -0.639399 -2.799001
      vertex 0.160933 -0.639399 -2.799001
    endloop
  endfacet
  facet normal 0.000000 0.000000 0.000000
    outer loop
      vertex 4.639067 -0.639399 -2.000430
      vertex 0.160933 -0.639399 -2.799001
      vertex 0.160933 -0.639399 -2.000430
    endloop
  endfacet
  facet normal 0.000000 0.000000 0.000000
    outer loop
      vertex 4.639067 -0.160599 -2.000430
      vertex 4.639067 -0.160599 -2.799001
      vertex 4.639067 -0.639399 -2.799001
    endloop
  endfacet
  facet normal 0.000000 0.000000 0.000000
    outer loop
      vertex 4.639067 -0.160599 -2.000430
      vertex 4.639067 -0.639399 -2.799001
      vertex 4.639067 -0.639399 -2.000430
    endloop
  endfacet
  facet normal 0.000000 0.000000 0.000000
    outer loop
      vertex 4.639067 -0.399999 -1.681001
      vertex 4.639067 -0.399999 -1.840716
      vertex 4.568801 -0.230717 -1.840716
    endloop
  endfacet
  facet normal 0.000000 0.000000 0.000000
    outer loop
      vertex 4.639067 -0.399999 -1.681001
      vertex 4.568801 -0.230717 -1.840716
      vertex 4.568801 -0.230717 -1.681001
    endloop
  endfacet
  facet normal 0.000000 0.000000 0.000000
    outer loop
      vertex 4.568801 -0.230717 -1.681001
      vertex 4.568801 -0.230717 -1.840716
      vertex 4.399167 -0.160599 -1.840716
    endloop
  endfacet
  facet normal 0.000000 0.000000 0.000000
    outer loop
      vertex 4.568801 -0.230717 -1.681001
      vertex 4.399167 -0.160599 -1.840716
      vertex 4.399167 -0.160599 -1.681001
    endloop
  endfacet
  facet normal 0.000000 0.000000 0.000000
    outer loop
      vertex 4.399167 -0.160599 -1.681001
      vertex 4.399167 -0.160599 -1.840716
      vertex 4.229532 -0.230717 -1.840716
    endloop
  endfacet
  facet normal 0.000000 0.000000 0.000000
    outer loop
      vertex 4.399167 -0.160599 -1.681001
      vertex 4.229532 -0.230717 -1.840716
      vertex 4.229532 -0.230717 -1.681001
    endloop
  endfacet
  facet normal 0.000000 0.000000 0.000000
    outer loop
      vertex 4.229532 -0.230717 -1.681001
      vertex 4.229532 -0.230717 -1.840716
      vertex 4.159266 -0.399999 -1.840716
    endloop
  endfacet
  facet normal 0.000000 0.000000 0.000000
    outer loop
      vertex 4.229532 -0.230717 -1.681001
      vertex 4.159266 -0.399999 -1.840716
      vertex 4.159266 -0.399999 -1.681001
    endloop
  endfacet
  facet normal 0.000000 0.000000 0.000000
    outer loop
      vertex 4.159266 -0.399999 -1.681001
      vertex 4.159266 -0.399999 -1.840716
      vertex 4.229532 -0.569280 -1.840716
    endloop
  endfacet
  facet normal 0.000000 0.000000 0.000000
    outer loop
      vertex 4.159266 -0.399999 -1.681001
      vertex 4.229532 -0.569280 -1.840716
      vertex 4.229532 -0.569280 -1.681001
    endloop
  endfacet
  facet normal 0.000000 0.000000 0.000000
    outer loop
      vertex 4.229532 -0.569280 -1.681001
      vertex 4.229532 -0.569280 -1.840716
      vertex 4.399167 -0.639399 -1.840716
    endloop
  endfacet
  facet normal 0.000000 0.000000 0.000000
    outer loop
      vertex 4.229532 -0.569280 -1.681001
      vertex 4.399167 -0.639399 -1.840716
      vertex 4.399167 -0.639399 -1.681001
    endloop
  endfacet
  facet normal 0.000000 0.000000 0.000000
    outer loop
      vertex 4.399167 -0.639399 -1.681001
      vertex 4.399167 -0.639399 -1.840716
      vertex 4.568801 -0.569280 -1.840716
    endloop
  endfacet
  facet normal 0.000000 0.000000 0.000000
    outer loop
      vertex 4.399167 -0.639399 -1.681001
      vertex 4.568801 -0.569280 -1.840716
      vertex 4.568801 -0.569280 -1.681001
    endloop
  endfacet
  facet normal 0.000000 0.000000 0.000000
    outer loop
      vertex 4.568801 -0.569280 -1.681001
      vertex 4.568801 -0.569280 -1.840716
      vertex 4.639067 -0.399999 -1.840716
    endloop
  endfacet
  facet normal 0.000000 0.000000 0.000000
    outer loop
      vertex 4.568801 -0.569280 -1.681001
      vertex 4.639067 -0.399999 -1.840716
      vertex 4.639067 -0.399999 -1.681001
    endloop
  endfacet
  facet normal 0.000000 0.000000 0.000000
    outer loop
      vertex 3.839400 -0.399999 -1.681001
      vertex 3.839400 -0.399999 -1.840716
      vertex 3.769135 -0.230717 -1.840716
    endloop
  endfacet
  facet normal 0.000000 0.000000 0.000000
    outer loop
      vertex 3.839400 -0.399999 -1.681001
      vertex 3.769135 -0.230717 -1.840716
      vertex 3.769135 -0.230717 -1.681001
    endloop
  endfacet
  facet normal 0.000000 0.000000 0.000000
    outer loop
      vertex 3.769135 -0.230717 -1.681001
      vertex 3.769135 -0.230717 -1.840716
      vertex 3.599500 -0.160599 -1.840716
    endloop
  endfacet
  facet normal 0.000000 0.000000 0.000000
    outer loop
      vertex 3.769135 -0.230717 -1.681001
      vertex 3.599500 -0.160599 -1.840716
      vertex 3.599500 -0.160599 -1.681001
    endloop
  endfacet
  facet normal 0.000000 0.000000 0.000000
    outer loop
      vertex 3.599500 -0.160599 -1.681001
      vertex 3.599500 -0.160599 -1.840716
      vertex 3.429865 -0.230717 -1.840716
    endloop
  endfacet
  facet normal 0.000000 0.000000 0.000000
    outer loop
      vertex 3.599500 -0.160599 -1.681001
      vertex 3.429865 -0.230717 -1.840716
      vertex 3.429865 -0.230717 -1.681001
    endloop
  endfacet
  facet normal 0.000000 0.000000 0.000000
    outer loop
      vertex 3.429865 -0.230717 -1.681001
      vertex 3.429865 -0.230717 -1.840716
      vertex 3.359600 -0.399999 -1.840716
    endloop
  endfacet
  facet normal 0.000000 0.000000 0.000000
    outer loop
      vertex 3.429865 -0.230717 -1.681001
      vertex 3.359600 -0.399999 -1.840716
      vertex 3.359600 -0.399999 -1.681001
    endloop
  endfacet
  facet normal 0.000000 0.000000 0.000000
    outer loop
      vertex 3.359600 -0.399999 -1.681001
      vertex 3.359600 -0.399999 -1.840716
      vertex 3.429865 -0.569280 -1.840716
    endloop
  endfacet
  facet normal 0.000000 0.000000 0.000000
    outer loop
      vertex 3.359600 -0.399999 -1.681001
      vertex 3.429865 -0.569280 -1.840716
      vertex 3.429865 -0.569280 -1.681001
    endloop
  endfacet
  facet normal 0.000000 0.000000 0.000000
    outer loop
      vertex 3.429865 -0.569280 -1.681001
      vertex 3.429865 -0.569280 -1.840716
      vertex 3.599500 -0.639399 -1.840716
    endloop
  endfacet
  facet normal 0.000000 0.000000 0.000000
    outer loop
      vertex 3.429865 -0.569280 -1.681001
      vertex 3.599500 -0.639399 -1.840716
      vertex 3.599500 -0.639399 -1.681001
    endloop
  endfacet
  facet normal 0.000000 0.000000 0.000000
    outer loop
      vertex 3.599500 -0.639399 -1.681001
      vertex 3.599500 -0.639399 -1.840716
      vertex 3.769135 -0.569280 -1.840716
    endloop
  endfacet
  facet normal 0.000000 0.000000 0.000000
    outer loop
      vertex 3.599500 -0.639399 -1.681001
      vertex 3.769135 -0.569280 -1.840716
      vertex 3.769135 -0.569280 -1.681001
    endloop
  endfacet
  facet normal 0.000000 0.000000 0.000000
    outer loop
      vertex 3.769135 -0.569280 -1.681001
      vertex 3.769135 -0.569280 -1.840716
      vertex 3.839400 -0.399999 -1.840716
    endloop
  endfacet
  facet normal 0.000000 0.000000 0.000000
    outer loop
      vertex 3.769135 -0.569280 -1.681001
      vertex 3.839400 -0.399999 -1.840716
      vertex 3.839400 -0.399999 -1.681001
    endloop
  endfacet
  facet normal 0.000000 0.000000 0.000000
    outer loop
      vertex 3.039733 -0.399999 -1.681001
      vertex 3.039733 -0.399999 -1.840716
      vertex 2.969468 -0.230717 -1.840716
    endloop
  endfacet
  facet normal 0.000000 0.000000 0.000000
    outer loop
      vertex 3.039733 -0.399999 -1.681001
      vertex 2.969468 -0.230717 -1.840716
      vertex 2.969468 -0.230717 -1.681001
    endloop
  endfacet
  facet normal 0.000000 0.000000 0.000000
    outer loop
      vertex 2.969468 -0.230717 -1.681001
      vertex 2.969468 -0.230717 -1.840716
      vertex 2.799833 -0.160599 -1.840716
    endloop
  endfacet
  facet normal 0.000000 0.000000 0.000000
    outer loop
      vertex 2.969468 -0.230717 -1.681001
      vertex 2.799833 -0.160599 -1.840716
      vertex 2.799833 -0.160599 -1.681001
    endloop
  endfacet
  facet normal 0.000000 0.000000 0.000000
    outer loop
      vertex 2.799833 -0.160599 -1.681001
      vertex 2.799833 -0.160599 -1.840716
      vertex 2.630198 -0.230717 -1.840716
    endloop
  endfacet
  facet normal 0.000000 0.000000 0.000000
    outer loop
      vertex 2.799833 -0.160599 -1.681001
      vertex 2.630198 -0.230717 -1.840716
      vertex 2.630198 -0.230717 -1.681001
    endloop
  endfacet
  facet normal 0.000000 0.000000 0.000000
    outer loop
      vertex 2.630198 -0.230717 -1.681001
      vertex 2.630198 -0.230717 -1.840716
      vertex 2.559933 -0.399999 -1.840716
    endloop
  endfacet
  facet normal 0.000000 0.000000 0.000000
    outer loop
      vertex 2.630198 -0.230717 -1.681001
      vertex 2.559933 -0.399999 -1.840716
      vertex 2.559933 -0.399999 -1.681001
    endloop
  endfacet
  facet normal 0.000000 0.000000 0.000000
    outer loop
      vertex 2.559933 -0.399999 -1.681001
      vertex 2.559933 -0.399999 -1.840716
      vertex 2.630198 -0.569280 -1.840716
    endloop
  endfacet
  facet normal 0.000000 0.000000 0.000000
    outer loop
      vertex 2.559933 -0.399999 -1.681001
      vertex 2.630198 -0.569280 -1.840716
      vertex 2.630198 -0.569280 -1.681001
    endloop
  endfacet
  facet normal 0.000000 0.000000 0.000000
    outer loop
      vertex 2.630198 -0.569280 -1.681001
      vertex 2.630198 -0.569280 -1.840716
      vertex 2.799833 -0.639399 -1.840716
    endloop
  endfacet
  facet normal 0.000000 0.000000 0.000000
    outer loop
      vertex 2.630198 -0.569280 -1.681001
      vertex 2.799833 -0.639399 -1.840716
      vertex 2.799833 -0.639399 -1.681001
    endloop
  endfacet
  facet normal 0.000000 0.000000 0.000000
    outer loop
      vertex 2.799833 -0.639399 -1.681001
      vertex 2.799833 -0.639399 -1.840716
      vertex 2.969468 -0.569280 -1.840716
    endloop
  endfacet
  facet normal 0.000000 0.000000 0.000000
    outer loop
      vertex 2.799833 -0.639399 -1.681001
      vertex 2.969468 -0.569280 -1.840716
      vertex 2.969468 -0.569280 -1.681001
    endloop
  endfacet
  facet normal 0.000000 0.000000 0.000000
    outer loop
      vertex 2.969468 -0.569280 -1.681001
      vertex 2.969468 -0.569280 -1.840716
      vertex 3.039733 -0.399999 -1.840716
    endloop
  endfacet
  facet normal 0.000000 0.000000 0.000000
    outer loop
      vertex 2.969468 -0.569280 -1.681001
      vertex 3.039733 -0.399999 -1.840716
      vertex 3.039733 -0.399999 -1.681001
    endloop
  endfacet
  facet normal 0.000000 0.000000 0.000000
    outer loop
      vertex 2.240067 -0.399999 -1.681001
      vertex 2.240067 -0.399999 -1.840716
      vertex 2.169801 -0.230717 -1.840716
    endloop
  endfacet
  facet normal 0.000000 0.000000 0.000000
    outer loop
      vertex 2.240067 -0.399999 -1.681001
      vertex 2.169801 -0.230717 -1.840716
      vertex 2.169801 -0.230717 -1.681001
    endloop
  endfacet
  facet normal 0.000000 0.000000 0.000000
    outer loop
      vertex 2.169801 -0.230717 -1.681001
      vertex 2.169801 -0.230717 -1.840716
      vertex 2.000167 -0.160599 -1.840716
    endloop
  endfacet
  facet normal 0.000000 0.000000 0.000000
    outer loop
      vertex 2.169801 -0.230717 -1.681001
      vertex 2.000167 -0.160599 -1.840716
      vertex 2.000167 -0.160599 -1.681001
    endloop
  endfacet
  facet normal 0.000000 0.000000 0.000000
    outer loop
      vertex 2.000167 -0.160599 -1.681001
      vertex 2.000167 -0.160599 -1.840716
      vertex 1.830532 -0.230717 -1.840716
    endloop
  endfacet
  facet normal 0.000000 0.000000 0.000000
    outer loop
      vertex 2.000167 -0.160599 -1.681001
      vertex 1.830532 -0.230717 -1.840716
      vertex 1.830532 -0.230717 -1.681001
    endloop
  endfacet
  facet normal 0.000000 0.000000 0.000000
    outer loop
      vertex 1.830532 -0.230717 -1.681001
      vertex 1.830532 -0.230717 -1.840716
      vertex 1.760267 -0.399999 -1.840716
    endloop
  endfacet
  facet normal 0.000000 0.000000 0.000000
    outer loop
      vertex 1.830532 -0.230717 -1.681001
      vertex 1.760267 -0.399999 -1.840716
      vertex 1.760267 -0.399999 -1.681001
    endloop
  endfacet
  facet normal 0.000000 0.000000 0.000000
    outer loop
      vertex 1.760267 -0.399999 -1.681001
      vertex 1.760267 -0.399999 -1.840716
      vertex 1.830532 -0.569280 -1.840716
    endloop
  endfacet
  facet normal 0.000000 0.000000 0.000000
    outer loop
      vertex 1.760267 -0.399999 -1.681001
      vertex 1.830532 -0.569280 -1.840716
      vertex 1.830532 -0.569280 -1.681001
    endloop
  endfacet
  facet normal 0.000000 0.000000 0.000000
    outer loop
      vertex 1.830532 -0.569280 -1.681001
      vertex 1.830532 -0.569280 -1.840716
      vertex 2.000167 -0.639399 -1.840716
    endloop
  endfacet
  facet normal 0.000000 0.000000 0.000000
    outer loop
      vertex 1.830532 -0.569280 -1.681001
      vertex 2.000167 -0.639399 -1.840716
      vertex 2.000167 -0.639399 -1.681001
    endloop
  endfacet
  facet normal 0.000000 0.000000 0.000000
    outer loop
      vertex 2.000167 -0.639399 -1.681001
      vertex 2.000167 -0.639399 -1.840716
      vertex 2.169801 -0.569280 -1.840716
    endloop
  endfacet
  facet normal 0.000000 0.000000 0.000000
    outer loop
      vertex 2.000167 -0.639399 -1.681001
      vertex 2.169801 -0.569280 -1.840716
      vertex 2.169801 -0.569280 -1.681001
    endloop
  endfacet
  facet normal 0.000000 0.000000 0.000000
    outer loop
      vertex 2.169801 -0.569280 -1.681001
      vertex 2.169801 -0.569280 -1.840716
      vertex 2.240067 -0.399999 -1.840716
    endloop
  endfacet
  facet normal 0.000000 0.000000 0.000000
    outer loop
      vertex 2.169801 -0.569280 -1.681001
      vertex 2.240067 -0.399999 -1.840716
      vertex 2.240067 -0.399999 -1.681001
    endloop
  endfacet
  facet normal 0.000000 0.000000 0.000000
    outer loop
      vertex 1.440400 -0.399999 -1.681001
      vertex 1.440400 -0.399999 -1.840716
      vertex 1.370135 -0.230717 -1.840716
    endloop
  endfacet
  facet normal 0.000000 0.000000 0.000000
    outer loop
      vertex 1.440400 -0.399999 -1.681001
      vertex 1.370135 -0.230717 -1.840716
      vertex 1.370135 -0.230717 -1.681001
    endloop
  endfacet
  facet normal 0.000000 0.000000 0.000000
    outer loop
      vertex 1.370135 -0.230717 -1.681001
      vertex 1.370135 -0.230717 -1.840716
      vertex 1.200500 -0.160599 -1.840716
    endloop
  endfacet
  facet normal 0.000000 0.000000 0.000000
    outer loop
      vertex 1.370135 -0.230717 -1.681001
      vertex 1.200500 -0.160599 -1.840716
      vertex 1.200500 -0.160599 -1.681001
    endloop
  endfacet
  facet normal 0.000000 0.000000 0.000000
    outer loop
      vertex 1.200500 -0.160599 -1.681001
      vertex 1.200500 -0.160599 -1.840716
      vertex 1.030865 -0.230717 -1.840716
    endloop
  endfacet
  facet normal 0.000000 0.000000 0.000000
    outer loop
      vertex 1.200500 -0.160599 -1.681001
      vertex 1.030865 -0.230717 -1.840716
      vertex 1.030865 -0.230717 -1.681001
    endloop
  endfacet
  facet normal 0.000000 0.000000 0.000000
    outer loop
      vertex 1.030865 -0.230717 -1.681001
      vertex 1.030865 -0.230717 -1.840716
      vertex 0.960600 -0.399999 -1.840716
    endloop
  endfacet
  facet normal 0.000000 0.000000 0.000000
    outer loop
      vertex 1.030865 -0.230717 -1.681001
      vertex 0.960600 -0.399999 -1.840716
      vertex 0.960600 -0.399999 -1.681001
    endloop
  endfacet
  facet normal 0.000000 0.000000 0.000000
    outer loop
      vertex 0.960600 -0.399999 -1.681001
      vertex 0.960600 -0.399999 -1.840716
      vertex 1.030865 -0.569280 -1.840716
    endloop
  endfacet
  facet normal 0.000000 0.000000 0.000000
    outer loop
      vertex 0.960600 -0.399999 -1.681001
      vertex 1.030865 -0.569280 -1.840716
      vertex 1.030865 -0.569280 -1.681001
    endloop
  endfacet
  facet normal 0.000000 0.000000 0.000000
    outer loop
      vertex 1.030865 -0.569280 -1.681001
      vertex 1.030865 -0.569280 -1.840716
      vertex 1.200500 -0.639399 -1.840716
    endloop
  endfacet
  facet normal 0.000000 0.000000 0.000000
    outer loop
      vertex 1.030865 -0.569280 -1.681001
      vertex 1.200500 -0.639399 -1.840716
      vertex 1.200500 -0.639399 -1.681001
    endloop
  endfacet
  facet normal 0.000000 0.000000 0.000000
    outer loop
      vertex 1.200500 -0.639399 -1.681001
      vertex 1.200500 -0.639399 -1.840716
      vertex 1.370135 -0.569280 -1.840716
    endloop
  endfacet
  facet normal 0.000000 0.000000 0.000000
    outer loop
      vertex 1.200500 -0.639399 -1.681001
      vertex 1.370135 -0.569280 -1.840716
      vertex 1.370135 -0.569280 -1.681001
    endloop
  endfacet
  facet normal 0.000000 0.000000 0.000000
    outer loop
      vertex 1.370135 -0.569280 -1.681001
      vertex 1.370135 -0.569280 -1.840716
      vertex 1.440400 -0.399999 -1.840716
    endloop
  endfacet
  facet normal 0.000000 0.000000 0.000000
    outer loop
      vertex 1.370135 -0.569280 -1.681001
      vertex 1.440400 -0.399999 -1.840716
      vertex 1.440400 -0.399999 -1.681001
    endloop
  endfacet
  facet normal 0.000000 0.000000 0.000000
    outer loop
      vertex 0.640733 -0.399999 -1.681001
      vertex 0.640733 -0.399999 -1.840716
      vertex 0.570468 -0.230717 -1.840716
    endloop
  endfacet
  facet normal 0.000000 0.000000 0.000000
    outer loop
      vertex 0.640733 -0.399999 -1.681001
      vertex 0.570468 -0.230717 -1.840716
      vertex 0.570468 -0.230717 -1.681001
    endloop
  endfacet
  facet normal 0.000000 0.000000 0.000000
    outer loop
      vertex 0.570468 -0.230717 -1.681001
      vertex 0.570468 -0.230717 -1.840716
      vertex 0.400833 -0.160599 -1.840716
    endloop
  endfacet
  facet normal 0.000000 0.000000 0.000000
    outer loop
      vertex 0.570468 -0.230717 -1.681001
      vertex 0.400833 -0.160599 -1.840716
      vertex 0.400833 -0.160599 -1.681001
    endloop
  endfacet
  facet normal 0.000000 0.000000 0.000000
    outer loop
      vertex 0.400833 -0.160599 -1.681001
      vertex 0.400833 -0.160599 -1.840716
      vertex 0.231198 -0.230717 -1.840716
    endloop
  endfacet
  facet normal 0.000000 0.000000 0.000000
    outer loop
      vertex 0.400833 -0.160599 -1.681001
      vertex 0.231198 -0.230717 -1.840716
      vertex 0.231198 -0.230717 -1.681001
    endloop
  endfacet
  facet normal 0.000000 0.000000 0.000000
    outer loop
      vertex 0.231198 -0.230717 -1.681001
      vertex 0.231198 -0.230717 -1.840716
      vertex 0.160933 -0.399999 -1.840716
    endloop
  endfacet
  facet normal 0.000000 0.000000 0.000000
    outer loop
      vertex 0.231198 -0.230717 -1.681001
      vertex 0.160933 -0.399999 -1.840716
      vertex 0.160933 -0.399999 -1.681001
    endloop
  endfacet
  facet normal 0.000000 0.000000 0.000000
    outer loop
      vertex 0.160933 -0.399999 -1.681001
      vertex 0.160933 -0.399999 -1.840716
      vertex 0.231198 -0.569280 -1.840716
    endloop
  endfacet
  facet normal 0.000000 0.000000 0.000000
    outer loop
      vertex 0.160933 -0.399999 -1.681001
      vertex 0.231198 -0.569280 -1.840716
      vertex 0.231198 -0.569280 -1.681001
    endloop
  endfacet
  facet normal 0.000000 0.000000 0.000000
    outer loop
      vertex 0.231198 -0.569280 -1.681001
      vertex 0.231198 -0.569280 -1.840716
      vertex 0.400833 -0.639399 -1.840716
    endloop
  endfacet
  facet normal 0.000000 0.000000 0.000000
    outer loop
      vertex 0.231198 -0.569280 -1.681001
      vertex 0.400833 -0.639399 -1.840716
      vertex 0.400833 -0.639399 -1.681001
    endloop
  endfacet
  facet normal 0.000000 0.000000 0.000000
    outer loop
      vertex 0.400833 -0.639399 -1.681001
      vertex 0.400833 -0.639399 -1.840716
      vertex 0.570468 -0.569280 -1.840716
    endloop
  endfacet
  facet normal 0.000000 0.000000 0.000000
    outer loop
      vertex 0.400833 -0.639399 -1.681001
      vertex 0.570468 -0.569280 -1.840716
      vertex 0.570468 -0.569280 -1.681001
    endloop
  endfacet
  facet normal 0.000000 0.000000 0.000000
    outer loop
      vertex 0.570468 -0.569280 -1.681001
      vertex 0.570468 -0.569280 -1.840716
      vertex 0.640733 -0.399999 -1.840716
    endloop
  endfacet
  facet normal 0.000000 0.000000 0.000000
    outer loop
      vertex 0.570468 -0.569280 -1.681001
      vertex 0.640733 -0.399999 -1.840716
      vertex 0.640733 -0.399999 -1.681001
    endloop
  endfacet
  facet normal 0.000000 0.000000 0.000000
    outer loop
      vertex 4.399167 -0.399999 -1.681001
      vertex 4.639067 -0.399999 -1.681001
      vertex 4.568801 -0.230717 -1.681001
    endloop
  endfacet
  facet normal 0.000000 0.000000 0.000000
    outer loop
      vertex 4.399167 -0.399999 -1.681001
      vertex 4.568801 -0.230717 -1.681001
      vertex 4.399167 -0.160599 -1.681001
    endloop
  endfacet
  facet normal 0.000000 0.000000 0.000000
    outer loop
      vertex 4.399167 -0.399999 -1.681001
      vertex 4.399167 -0.160599 -1.681001
      vertex 4.229532 -0.230717 -1.681001
    endloop
  endfacet
  facet normal 0.000000 0.000000 0.000000
    outer loop
      vertex 4.399167 -0.399999 -1.681001
      vertex 4.229532 -0.230717 -1.681001
      vertex 4.159266 -0.399999 -1.681001
    endloop
  endfacet
  facet normal 0.000000 0.000000 0.000000
    outer loop
      vertex 4.399167 -0.399999 -1.681001
      vertex 4.159266 -0.399999 -1.681001
      vertex 4.229532 -0.569280 -1.681001
    endloop
  endfacet
  facet normal 0.000000 0.000000 0.000000
    outer loop
      vertex 4.399167 -0.399999 -1.681001
      vertex 4.229532 -0.569280 -1.681001
      vertex 4.399167 -0.639399 -1.681001
    endloop
  endfacet
  facet normal 0.000000 0.000000 0.000000
    outer loop
      vertex 4.399167 -0.399999 -1.681001
      vertex 4.399167 -0.639399 -1.681001
      vertex 4.568801 -0.569280 -1.681001
    endloop
  endfacet
  facet normal 0.000000 0.000000 0.000000
    outer loop
      vertex 4.399167 -0.399999 -1.681001
      vertex 4.568801 -0.569280 -1.681001
      vertex 4.639067 -0.399999 -1.681001
    endloop
  endfacet
  facet normal 0.000000 0.000000 0.000000
    outer loop
      vertex 3.599500 -0.399999 -1.681001
      vertex 3.839400 -0.399999 -1.681001
      vertex 3.769135 -0.230717 -1.681001
    endloop
  endfacet
  facet normal 0.000000 0.000000 0.000000
    outer loop
      vertex 3.599500 -0.399999 -1.681001
      vertex 3.769135 -0.230717 -1.681001
      vertex 3.599500 -0.160599 -1.681001
    endloop
  endfacet
  facet normal 0.000000 0.000000 0.000000
    outer loop
      vertex 3.599500 -0.399999 -1.681001
      vertex 3.599500 -0.160599 -1.681001
      vertex 3.429865 -0.230717 -1.681001
    endloop
  endfacet
  facet normal 0.000000 0.000000 0.000000
    outer loop
      vertex 3.599500 -0.399999 -1.681001
      vertex 3.429865 -0.230717 -1.681001
      vertex 3.359600 -0.399999 -1.681001
    endloop
  endfacet
  facet normal 0.000000 0.000000 0.000000
    outer loop
      vertex 3.599500 -0.399999 -1.681001
      vertex 3.359600 -0.399999 -1.681001
      vertex 3.429865 -0.569280 -1.681001
    endloop
  endfacet
  facet normal 0.000000 0.000000 0.000000
    outer loop
      vertex 3.599500 -0.399999 -1.681001
      vertex 3.429865 -0.569280 -1.681001
      vertex 3.599500 -0.639399 -1.681001
    endloop
  endfacet
  facet normal 0.000000 0.000000 0.000000
    outer loop
      vertex 3.599500 -0.399999 -1.681001
      vertex 3.599500 -0.639399 -1.681001
      vertex 3.769135 -0.569280 -1.681001
    endloop
  endfacet
  facet normal 0.000000 0.000000 0.000000
    outer loop
      vertex 3.599500 -0.399999 -1.681001
      vertex 3.769135 -0.569280 -1.681001
      vertex 3.839400 -0.399999 -1.681001
    endloop
  endfacet
  facet normal 0.000000 0.000000 0.000000
    outer loop
      vertex 2.799833 -0.399999 -1.681001
      vertex 3.039733 -0.399999 -1.681001
      vertex 2.969468 -0.230717 -1.681001
    endloop
  endfacet
  facet normal 0.000000 0.000000 0.000000
    outer loop
      vertex 2.799833 -0.399999 -1.681001
      vertex 2.969468 -0.230717 -1.681001
      vertex 2.799833 -0.160599 -1.681001
    endloop
  endfacet
  facet normal 0.000000 0.000000 0.000000
    outer loop
      vertex 2.799833 -0.399999 -1.681001
      vertex 2.799833 -0.160599 -1.681001
      vertex 2.630198 -0.230717 -1.681001
    endloop
  endfacet
  facet normal 0.000000 0.000000 0.000000
    outer loop
      vertex 2.799833 -0.399999 -1.681001
      vertex 2.630198 -0.230717 -1.681001
      vertex 2.559933 -0.399999 -1.681001
    endloop
  endfacet
  facet normal 0.000000 0.000000 0.000000
    outer loop
      vertex 2.799833 -0.399999 -1.681001
      vertex 2.559933 -0.399999 -1.681001
      vertex 2.630198 -0.569280 -1.681001
    endloop
  endfacet
  facet normal 0.000000 0.000000 0.000000
    outer loop
      vertex 2.799833 -0.399999 -1.681001
      vertex 2.630198 -0.569280 -1.681001
      vertex 2.799833 -0.639399 -1.681001
    endloop
  endfacet
  facet normal 0.000000 0.000000 0.000000
    outer loop
      vertex 2.799833 -0.399999 -1.681001
      vertex 2.799833 -0.639399 -1.681001
      vertex 2.969468 -0.569280 -1.681001
    endloop
  endfacet
  facet normal 0.000000 0.000000 0.000000
    outer loop
      vertex 2.799833 -0.399999 -1.681001
      vertex 2.969468 -0.569280 -1.681001
      vertex 3.039733 -0.399999 -1.681001
    endloop
  endfacet
  facet normal 0.000000 0.000000 0.000000
    outer loop
      vertex 2.000167 -0.399999 -1.681001
      vertex 2.240067 -0.399999 -1.681001
      vertex 2.169801 -0.230717 -1.681001
    endloop
  endfacet
  facet normal 0.000000 0.000000 0.000000
    outer loop
      vertex 2.000167 -0.399999 -1.681001
      vertex 2.169801 -0.230717 -1.681001
      vertex 2.000167 -0.160599 -1.681001
    endloop
  endfacet
  facet normal 0.000000 0.000000 0.000000
    outer loop
      vertex 2.000167 -0.399999 -1.681001
      vertex 2.000167 -0.160599 -1.681001
      vertex 1.830532 -0.230717 -1.681001
    endloop
  endfacet
  facet normal 0.000000 0.000000 0.000000
    outer loop
      vertex 2.000167 -0.399999 -1.681001
      vertex 1.830532 -0.230717 -1.681001
      vertex 1.760267 -0.399999 -1.681001
    endloop
  endfacet
  facet normal 0.000000 0.000000 0.000000
    outer loop
      vertex 2.000167 -0.399999 -1.681001
      vertex 1.760267 -0.399999 -1.681001
      vertex 1.830532 -0.569280 -1.681001
    endloop
  endfacet
  facet normal 0.000000 0.000000 0.000000
    outer loop
      vertex 2.000167 -0.399999 -1.681001
      vertex 1.830532 -0.569280 -1.681001
      vertex 2.000167 -0.639399 -1.681001
    endloop
  endfacet
  facet normal 0.000000 0.000000 0.000000
    outer loop
      vertex 2.000167 -0.399999 -1.681001
      vertex 2.000167 -0.639399 -1.681001
      vertex 2.169801 -0.569280 -1.681001
    endloop
  endfacet
  facet normal 0.000000 0.000000 0.000000
    outer loop
      vertex 2.000167 -0.399999 -1.681001
      vertex 2.169801 -0.569280 -1.681001
      vertex 2.240067 -0.399999 -1.681001
    endloop
  endfacet
  facet normal 0.000000 0.000000 0.000000
    outer loop
      vertex 1.200500 -0.399999 -1.681001
      vertex 1.440400 -0.399999 -1.681001
      vertex 1.370135 -0.230717 -1.681001
    endloop
  endfacet
  facet normal 0.000000 0.000000 0.000000
    outer loop
      vertex 1.200500 -0.399999 -1.681001
      vertex 1.370135 -0.230717 -1.681001
      vertex 1.200500 -0.160599 -1.681001
    endloop
  endfacet
  facet normal 0.000000 0.000000 0.000000
    outer loop
      vertex 1.200500 -0.399999 -1.681001
      vertex 1.200500 -0.160599 -1.681001
      vertex 1.030865 -0.230717 -1.681001
    endloop
  endfacet
  facet normal 0.000000 0.000000 0.000000
    outer loop
      vertex 1.200500 -0.399999 -1.681001
      vertex 1.030865 -0.230717 -1.681001
      vertex 0.960600 -0.399999 -1.681001
    endloop
  endfacet
  facet normal 0.000000 0.000000 0.000000
    outer loop
      vertex 1.200500 -0.399999 -1.681001
      vertex 0.960600 -0.399999 -1.681001
      vertex 1.030865 -0.569280 -1.681001
    endloop
  endfacet
  facet normal 0.000000 0.000000 0.000000
    outer loop
      vertex 1.200500 -0.399999 -1.681001
      vertex 1.030865 -0.569280 -1.681001
      vertex 1.200500 -0.639399 -1.681001
    endloop
  endfacet
  facet normal 0.000000 0.000000 0.000000
    outer loop
      vertex 1.200500 -0.399999 -1.681001
      vertex 1.200500 -0.639399 -1.681001
      vertex 1.370135 -0.569280 -1.681001
    endloop
  endfacet
  facet normal 0.000000 0.000000 0.000000
    outer loop
      vertex 1.200500 -0.399999 -1.681001
      vertex 1.370135 -0.569280 -1.681001
      vertex 1.440400 -0.399999 -1.681001
    endloop
  endfacet
  facet normal 0.000000 0.000000 0.000000
    outer loop
      vertex 0.400833 -0.399999 -1.681001
      vertex 0.640733 -0.399999 -1.681001
      vertex 0.570468 -0.230717 -1.681001
    endloop
  endfacet
  facet normal 0.000000 0.000000 0.000000
    outer loop
      vertex 0.400833 -0.399999 -1.681001
      vertex 0.570468 -0.230717 -1.681001
      vertex 0.400833 -0.160599 -1.681001
    endloop
  endfacet
  facet normal 0.000000 0.000000 0.000000
    outer loop
      vertex 0.400833 -0.399999 -1.681001
      vertex 0.400833 -0.160599 -1.681001
      vertex 0.231198 -0.230717 -1.681001
    endloop
  endfacet
  facet normal 0.000000 0.000000 0.000000
    outer loop
      vertex 0.400833 -0.399999 -1.681001
      vertex 0.231198 -0.230717 -1.681001
      vertex 0.160933 -0.399999 -1.681001
    endloop
  endfacet
  facet normal 0.000000 0.000000 0.000000
    outer loop
      vertex 0.400833 -0.399999 -1.681001
      vertex 0.160933 -0.399999 -1.681001
      vertex 0.231198 -0.569280 -1.681001
    endloop
  endfacet
  facet normal 0.000000 0.000000 0.000000
    outer loop
      vertex 0.400833 -0.399999 -1.681001
      vertex 0.231198 -0.569280 -1.681001
      vertex 0.400833 -0.639399 -1.681001
    endloop
  endfacet
  facet normal 0.000000 0.000000 0.000000
    outer loop
      vertex 0.400833 -0.399999 -1.681001
      vertex 0.400833 -0.639399 -1.681001
      vertex 0.570468 -0.569280 -1.681001
    endloop
  endfacet
  facet normal 0.000000 0.000000 0.000000
    outer loop
      vertex 0.400833 -0.399999 -1.681001
      vertex 0.570468 -0.569280 -1.681001
      vertex 0.640733 -0.399999 -1.681001
    endloop
  endfacet
  facet normal 0.000000 0.000000 0.000000
    outer loop
      vertex -1.599000 -0.798999 -4.079002
      vertex -0.801000 -0.798999 -4.079002
      vertex -0.801000 -0.798999 -3.120717
    endloop
  endfacet
  facet normal 0.000000 0.000000 0.000000
    outer loop
      vertex -1.599000 -0.798999 -4.079002
      vertex -0.801000 -0.798999 -3.120717
      vertex -1.599000 -0.798999 -3.120717
    endloop
  endfacet
  facet normal 0.000000 0.000000 0.000000
    outer loop
      vertex -0.801000 -0.798999 -4.079002
      vertex -0.960600 -0.639399 -4.079002
      vertex -0.960600 -0.160599 -4.079002
    endloop
  endfacet
  facet normal 0.000000 0.000000 0.000000
    outer loop
      vertex -0.801000 -0.798999 -4.079002
      vertex -0.960600 -0.160599 -4.079002
      vertex -0.801000 -0.000999 -4.079002
    endloop
  endfacet
  facet normal 0.000000 0.000000 0.000000
    outer loop
      vertex -0.801000 -0.000999 -4.079002
      vertex -0.960600 -0.160599 -4.079002
      vertex -1.439400 -0.160599 -4.079002
    endloop
  endfacet
  facet normal 0.000000 0.000000 0.000000
    outer loop
      vertex -0.801000 -0.000999 -4.079002
      vertex -1.439400 -0.160599 -4.079002
      vertex -1.599000 -0.000999 -4.079002
    endloop
  endfacet
  facet normal 0.000000 0.000000 0.000000
    outer loop
      vertex -1.599000 -0.000999 -4.079002
      vertex -1.439400 -0.160599 -4.079002
      vertex -1.439400 -0.639399 -4.079002
    endloop
  endfacet
  facet normal 0.000000 0.000000 0.000000
    outer loop
      vertex -1.599000 -0.000999 -4.079002
      vertex -1.439400 -0.639399 -4.079002
      vertex -1.599000 -0.798999 -4.079002
    endloop
  endfacet
  facet normal 0.000000 0.000000 0.000000
    outer loop
      vertex -1.599000 -0.798999 -4.079002
      vertex -1.439400 -0.639399 -4.079002
      vertex -0.960600 -0.639399 -4.079002
    endloop
  endfacet
  facet normal 0.000000 0.000000 0.000000
    outer loop
      vertex -1.599000 -0.798999 -4.079002
      vertex -0.960600 -0.639399 -4.079002
      vertex -0.801000 -0.798999 -4.079002
    endloop
  endfacet
  facet normal 0.000000 0.000000 0.000000
    outer loop
      vertex -0.960600 -0.160599 -3.280431
      vertex -0.960600 -0.639399 -3.280431
      vertex -1.439400 -0.639399 -3.280431
    endloop
  endfacet
  facet normal 0.000000 0.000000 0.000000
    outer loop
      vertex -0.960600 -0.160599 -3.280431
      vertex -1.439400 -0.639399 -3.280431
      vertex -1.439400 -0.160599 -3.280431
    endloop
  endfacet
  facet normal 0.000000 0.000000 0.000000
    outer loop
      vertex -0.960600 -0.160599 -3.280431
      vertex -0.960600 -0.160599 -4.079002
      vertex -0.960600 -0.639399 -4.079002
    endloop
  endfacet
  facet normal 0.000000 0.000000 0.000000
    outer loop
      vertex -0.960600 -0.160599 -3.280431
      vertex -0.960600 -0.639399 -4.079002
      vertex -0.960600 -0.639399 -3.280431
    endloop
  endfacet
  facet normal 0.000000 0.000000 0.000000
    outer loop
      vertex -1.439400 -0.160599 -3.280431
      vertex -1.439400 -0.160599 -4.079002
      vertex -0.960600 -0.160599 -4.079002
    endloop
  endfacet
  facet normal 0.000000 0.000000 0.000000
    outer loop
      vertex -1.439400 -0.160599 -3.280431
      vertex -0.960600 -0.160599 -4.079002
      vertex -0.960600 -0.160599 -3.280431
    endloop
  endfacet
  facet normal 0.000000 0.000000 0.000000
    outer loop
      vertex -1.439400 -0.639399 -3.280431
      vertex -1.439400 -0.639399 -4.079002
      vertex -1.439400 -0.160599 -4.079002
    endloop
  endfacet
  facet normal 0.000000 0.000000 0.000000
    outer loop
      vertex -1.439400 -0.639399 -3.280431
      vertex -1.439400 -0.160599 -4.079002
      vertex -1.439400 -0.160599 -3.280431
    endloop
  endfacet
  facet normal 0.000000 0.000000 0.000000
    outer loop
      vertex -0.960600 -0.639399 -3.280431
      vertex -0.960600 -0.639399 -4.079002
      vertex -1.439400 -0.639399 -4.079002
    endloop
  endfacet
  facet normal 0.000000 0.000000 0.000000
    outer loop
      vertex -0.960600 -0.639399 -3.280431
      vertex -1.439400 -0.639399 -4.079002
      vertex -1.439400 -0.639399 -3.280431
    endloop
  endfacet
  facet normal 0.000000 0.000000 0.000000
    outer loop
      vertex -0.801000 -0.798999 -4.079002
      vertex -0.801000 -0.000999 -4.079002
      vertex -0.801000 -0.000999 -3.120717
    endloop
  endfacet
  facet normal 0.000000 0.000000 0.000000
    outer loop
      vertex -0.801000 -0.798999 -4.079002
      vertex -0.801000 -0.000999 -3.120717
      vertex -0.801000 -0.798999 -3.120717
    endloop
  endfacet
  facet normal 0.000000 0.000000 0.000000
    outer loop
      vertex -1.599000 -0.000999 -4.079002
      vertex -1.599000 -0.798999 -4.079002
      vertex -1.599000 -0.798999 -3.120717
    endloop
  endfacet
  facet normal 0.000000 0.000000 0.000000
    outer loop
      vertex -1.599000 -0.000999 -4.079002
      vertex -1.599000 -0.798999 -3.120717
      vertex -1.599000 -0.000999 -3.120717
    endloop
  endfacet
  facet normal 0.000000 0.000000 0.000000
    outer loop
      vertex -0.801000 -0.000999 -4.079002
      vertex -1.599000 -0.000999 -4.079002
      vertex -1.599000 -0.000999 -3.120717
    endloop
  endfacet
  facet normal 0.000000 0.000000 0.000000
    outer loop
      vertex -0.801000 -0.000999 -4.079002
      vertex -1.599000 -0.000999 -3.120717
      vertex -0.801000 -0.000999 -3.120717
    endloop
  endfacet
  facet normal 0.000000 0.000000 0.000000
    outer loop
      vertex -1.599000 -0.000999 -3.120717
      vertex -1.599000 -0.798999 -3.120717
      vertex -0.801000 -0.798999 -3.120717
    endloop
  endfacet
  facet normal 0.000000 0.000000 0.000000
    outer loop
      vertex -1.599000 -0.000999 -3.120717
      vertex -0.801000 -0.798999 -3.120717
      vertex -0.801000 -0.000999 -3.120717
    endloop
  endfacet
  facet normal 0.000000 0.000000 0.000000
    outer loop
      vertex -1.200000 -0.639399 -2.961002
      vertex -1.200000 -0.639399 -3.120717
      vertex -1.030719 -0.569280 -3.120717
    endloop
  endfacet
  facet normal 0.000000 0.000000 0.000000
    outer loop
      vertex -1.200000 -0.639399 -2.961002
      vertex -1.030719 -0.569280 -3.120717
      vertex -1.030719 -0.569280 -2.961002
    endloop
  endfacet
  facet normal 0.000000 0.000000 0.000000
    outer loop
      vertex -1.030719 -0.569280 -2.961002
      vertex -1.030719 -0.569280 -3.120717
      vertex -0.960600 -0.399999 -3.120717
    endloop
  endfacet
  facet normal 0.000000 0.000000 0.000000
    outer loop
      vertex -1.030719 -0.569280 -2.961002
      vertex -0.960600 -0.399999 -3.120717
      vertex -0.960600 -0.399999 -2.961002
    endloop
  endfacet
  facet normal 0.000000 0.000000 0.000000
    outer loop
      vertex -0.960600 -0.399999 -2.961002
      vertex -0.960600 -0.399999 -3.120717
      vertex -1.030719 -0.230717 -3.120717
    endloop
  endfacet
  facet normal 0.000000 0.000000 0.000000
    outer loop
      vertex -0.960600 -0.399999 -2.961002
      vertex -1.030719 -0.230717 -3.120717
      vertex -1.030719 -0.230717 -2.961002
    endloop
  endfacet
  facet normal 0.000000 0.000000 0.000000
    outer loop
      vertex -1.030719 -0.230717 -2.961002
      vertex -1.030719 -0.230717 -3.120717
      vertex -1.200000 -0.160599 -3.120717
    endloop
  endfacet
  facet normal 0.000000 0.000000 0.000000
    outer loop
      vertex -1.030719 -0.230717 -2.961002
      vertex -1.200000 -0.160599 -3.120717
      vertex -1.200000 -0.160599 -2.961002
    endloop
  endfacet
  facet normal 0.000000 0.000000 0.000000
    outer loop
      vertex -1.200000 -0.160599 -2.961002
      vertex -1.200000 -0.160599 -3.120717
      vertex -1.369281 -0.230717 -3.120717
    endloop
  endfacet
  facet normal 0.000000 0.000000 0.000000
    outer loop
      vertex -1.200000 -0.160599 -2.961002
      vertex -1.369281 -0.230717 -3.120717
      vertex -1.369281 -0.230717 -2.961002
    endloop
  endfacet
  facet normal 0.000000 0.000000 0.000000
    outer loop
      vertex -1.369281 -0.230717 -2.961002
      vertex -1.369281 -0.230717 -3.120717
      vertex -1.439400 -0.399999 -3.120717
    endloop
  endfacet
  facet normal 0.000000 0.000000 0.000000
    outer loop
      vertex -1.369281 -0.230717 -2.961002
      vertex -1.439400 -0.399999 -3.120717
      vertex -1.439400 -0.399999 -2.961002
    endloop
  endfacet
  facet normal 0.000000 0.000000 0.000000
    outer loop
      vertex -1.439400 -0.399999 -2.961002
      vertex -1.439400 -0.399999 -3.120717
      vertex -1.369281 -0.569280 -3.120717
    endloop
  endfacet
  facet normal 0.000000 0.000000 0.000000
    outer loop
      vertex -1.439400 -0.399999 -2.961002
      vertex -1.369281 -0.569280 -3.120717
      vertex -1.369281 -0.569280 -2.961002
    endloop
  endfacet
  facet normal 0.000000 0.000000 0.000000
    outer loop
      vertex -1.369281 -0.569280 -2.961002
      vertex -1.369281 -0.569280 -3.120717
      vertex -1.200000 -0.639399 -3.120717
    endloop
  endfacet
  facet normal 0.000000 0.000000 0.000000
    outer loop
      vertex -1.369281 -0.569280 -2.961002
      vertex -1.200000 -0.639399 -3.120717
      vertex -1.200000 -0.639399 -2.961002
    endloop
  endfacet
  facet normal 0.000000 0.000000 0.000000
    outer loop
      vertex -1.200000 -0.399999 -2.961002
      vertex -1.200000 -0.639399 -2.961002
      vertex -1.030719 -0.569280 -2.961002
    endloop
  endfacet
  facet normal 0.000000 0.000000 0.000000
    outer loop
      vertex -1.200000 -0.399999 -2.961002
      vertex -1.030719 -0.569280 -2.961002
      vertex -0.960600 -0.399999 -2.961002
    endloop
  endfacet
  facet normal 0.000000 0.000000 0.000000
    outer loop
      vertex -1.200000 -0.399999 -2.961002
      vertex -0.960600 -0.399999 -2.961002
      vertex -1.030719 -0.230717 -2.961002
    endloop
  endfacet
  facet normal 0.000000 0.000000 0.000000
    outer loop
      vertex -1.200000 -0.399999 -2.961002
      vertex -1.030719 -0.230717 -2.961002
      vertex -1.200000 -0.160599 -2.961002
    endloop
  endfacet
  facet normal 0.000000 0.000000 0.000000
    outer loop
      vertex -1.200000 -0.399999 -2.961002
      vertex -1.200000 -0.160599 -2.961002
      vertex -1.369281 -0.230717 -2.961002
    endloop
  endfacet
  facet normal 0.000000 0.000000 0.000000
    outer loop
      vertex -1.200000 -0.399999 -2.961002
      vertex -1.369281 -0.230717 -2.961002
      vertex -1.439400 -0.399999 -2.961002
    endloop
  endfacet
  facet normal 0.000000 0.000000 0.000000
    outer loop
      vertex -1.200000 -0.399999 -2.961002
      vertex -1.439400 -0.399999 -2.961002
      vertex -1.369281 -0.569280 -2.961002
    endloop
  endfacet
  facet normal 0.000000 0.000000 0.000000
    outer loop
      vertex -1.200000 -0.399999 -2.961002
      vertex -1.369281 -0.569280 -2.961002
      vertex -1.200000 -0.639399 -2.961002
    endloop
  endfacet
  facet normal 0.000000 0.000000 0.000000
    outer loop
      vertex -1.599000 -0.798998 -5.039000
      vertex -0.801000 -0.798998 -5.039000
      vertex -0.801000 -0.798998 -4.080714
    endloop
  endfacet
  facet normal 0.000000 0.000000 0.000000
    outer loop
      vertex -1.599000 -0.798998 -5.039000
      vertex -0.801000 -0.798998 -4.080714
      vertex -1.599000 -0.798998 -4.080714
    endloop
  endfacet
  facet normal 0.000000 0.000000 0.000000
    outer loop
      vertex -0.801000 -0.798998 -5.039000
      vertex -0.960600 -0.639398 -5.039000
      vertex -0.960600 -0.160598 -5.039000
    endloop
  endfacet
  facet normal 0.000000 0.000000 0.000000
    outer loop
      vertex -0.801000 -0.798998 -5.039000
      vertex -0.960600 -0.160598 -5.039000
      vertex -0.801000 -0.000998 -5.039000
    endloop
  endfacet
  facet normal 0.000000 0.000000 0.000000
    outer loop
      vertex -0.801000 -0.000998 -5.039000
      vertex -0.960600 -0.160598 -5.039000
      vertex -1.439400 -0.160598 -5.039000
    endloop
  endfacet
  facet normal 0.000000 0.000000 0.000000
    outer loop
      vertex -0.801000 -0.000998 -5.039000
      vertex -1.439400 -0.160598 -5.039000
      vertex -1.599000 -0.000998 -5.039000
    endloop
  endfacet
  facet normal 0.000000 0.000000 0.000000
    outer loop
      vertex -1.599000 -0.000998 -5.039000
      vertex -1.439400 -0.160598 -5.039000
      vertex -1.439400 -0.639398 -5.039000
    endloop
  endfacet
  facet normal 0.000000 0.000000 0.000000
    outer loop
      vertex -1.599000 -0.000998 -5.039000
      vertex -1.439400 -0.639398 -5.039000
      vertex -1.599000 -0.798998 -5.039000
    endloop
  endfacet
  facet normal 0.000000 0.000000 0.000000
    outer loop
      vertex -1.599000 -0.798998 -5.039000
      vertex -1.439400 -0.639398 -5.039000
      vertex -0.960600 -0.639398 -5.039000
    endloop
  endfacet
  facet normal 0.000000 0.000000 0.000000
    outer loop
      vertex -1.599000 -0.798998 -5.039000
      vertex -0.960600 -0.639398 -5.039000
      vertex -0.801000 -0.798998 -5.039000
    endloop
  endfacet
  facet normal 0.000000 0.000000 0.000000
    outer loop
      vertex -0.960600 -0.160598 -4.240428
      vertex -0.960600 -0.639398 -4.240428
      vertex -1.439400 -0.639398 -4.240428
    endloop
  endfacet
  facet normal 0.000000 0.000000 0.000000
    outer loop
      vertex -0.960600 -0.160598 -4.240428
      vertex -1.439400 -0.639398 -4.240428
      vertex -1.439400 -0.160598 -4.240428
    endloop
  endfacet
  facet normal 0.000000 0.000000 0.000000
    outer loop
      vertex -0.960600 -0.160598 -4.240428
      vertex -0.960600 -0.160598 -5.039000
      vertex -0.960600 -0.639398 -5.039000
    endloop
  endfacet
  facet normal 0.000000 0.000000 0.000000
    outer loop
      vertex -0.960600 -0.160598 -4.240428
      vertex -0.960600 -0.639398 -5.039000
      vertex -0.960600 -0.639398 -4.240428
    endloop
  endfacet
  facet normal 0.000000 0.000000 0.000000
    outer loop
      vertex -1.439400 -0.160598 -4.240428
      vertex -1.439400 -0.160598 -5.039000
      vertex -0.960600 -0.160598 -5.039000
    endloop
  endfacet
  facet normal 0.000000 0.000000 0.000000
    outer loop
      vertex -1.439400 -0.160598 -4.240428
      vertex -0.960600 -0.160598 -5.039000
      vertex -0.960600 -0.160598 -4.240428
    endloop
  endfacet
  facet normal 0.000000 0.000000 0.000000
    outer loop
      vertex -1.439400 -0.639398 -4.240428
      vertex -1.439400 -0.639398 -5.039000
      vertex -1.439400 -0.160598 -5.039000
    endloop
  endfacet
  facet normal 0.000000 0.000000 0.000000
    outer loop
      vertex -1.439400 -0.639398 -4.240428
      vertex -1.439400 -0.160598 -5.039000
      vertex -1.439400 -0.160598 -4.240428
    endloop
  endfacet
  facet normal 0.000000 0.000000 0.000000
    outer loop
      vertex -0.960600 -0.639398 -4.240428
      vertex -0.960600 -0.639398 -5.039000
      vertex -1.439400 -0.639398 -5.039000
    endloop
  endfacet
  facet normal 0.000000 0.000000 0.000000
    outer loop
      vertex -0.960600 -0.639398 -4.240428
      vertex -1.439400 -0.639398 -5.039000
      vertex -1.439400 -0.639398 -4.240428
    endloop
  endfacet
  facet normal 0.000000 0.000000 0.000000
    outer loop
      vertex -0.801000 -0.798998 -5.039000
      vertex -0.801000 -0.000998 -5.039000
      vertex -0.801000 -0.000998 -4.080714
    endloop
  endfacet
  facet normal 0.000000 0.000000 0.000000
    outer loop
      vertex -0.801000 -0.798998 -5.039000
      vertex -0.801000 -0.000998 -4.080714
      vertex -0.801000 -0.798998 -4.080714
    endloop
  endfacet
  facet normal 0.000000 0.000000 0.000000
    outer loop
      vertex -1.599000 -0.000998 -5.039000
      vertex -1.599000 -0.798998 -5.039000
      vertex -1.599000 -0.798998 -4.080714
    endloop
  endfacet
  facet normal 0.000000 0.000000 0.000000
    outer loop
      vertex -1.599000 -0.000998 -5.039000
      vertex -1.599000 -0.798998 -4.080714
      vertex -1.599000 -0.000998 -4.080714
    endloop
  endfacet
  facet normal 0.000000 0.000000 0.000000
    outer loop
      vertex -0.801000 -0.000998 -5.039000
      vertex -1.599000 -0.000998 -5.039000
      vertex -1.599000 -0.000998 -4.080714
    endloop
  endfacet
  facet normal 0.000000 0.000000 0.000000
    outer loop
      vertex -0.801000 -0.000998 -5.039000
      vertex -1.599000 -0.000998 -4.080714
      vertex -0.801000 -0.000998 -4.080714
    endloop
  endfacet
  facet normal 0.000000 0.000000 0.000000
    outer loop
      vertex -1.599000 -0.000998 -4.080714
      vertex -1.599000 -0.798998 -4.080714
      vertex -0.801000 -0.798998 -4.080714
    endloop
  endfacet
  facet normal 0.000000 0.000000 0.000000
    outer loop
      vertex -1.599000 -0.000998 -4.080714
      vertex -0.801000 -0.798998 -4.080714
      vertex -0.801000 -0.000998 -4.080714
    endloop
  endfacet
  facet normal 0.000000 0.000000 0.000000
    outer loop
      vertex -1.200000 -0.639398 -3.921000
      vertex -1.200000 -0.639398 -4.080714
      vertex -1.030719 -0.569280 -4.080714
    endloop
  endfacet
  facet normal 0.000000 0.000000 0.000000
    outer loop
      vertex -1.200000 -0.639398 -3.921000
      vertex -1.030719 -0.569280 -4.080714
      vertex -1.030719 -0.569280 -3.921000
    endloop
  endfacet
  facet normal 0.000000 0.000000 0.000000
    outer loop
      vertex -1.030719 -0.569280 -3.921000
      vertex -1.030719 -0.569280 -4.080714
      vertex -0.960600 -0.399998 -4.080714
    endloop
  endfacet
  facet normal 0.000000 0.000000 0.000000
    outer loop
      vertex -1.030719 -0.569280 -3.921000
      vertex -0.960600 -0.399998 -4.080714
      vertex -0.960600 -0.399998 -3.921000
    endloop
  endfacet
  facet normal 0.000000 0.000000 0.000000
    outer loop
      vertex -0.960600 -0.399998 -3.921000
      vertex -0.960600 -0.399998 -4.080714
      vertex -1.030719 -0.230717 -4.080714
    endloop
  endfacet
  facet normal 0.000000 0.000000 0.000000
    outer loop
      vertex -0.960600 -0.399998 -3.921000
      vertex -1.030719 -0.230717 -4.080714
      vertex -1.030719 -0.230717 -3.921000
    endloop
  endfacet
  facet normal 0.000000 0.000000 0.000000
    outer loop
      vertex -1.030719 -0.230717 -3.921000
      vertex -1.030719 -0.230717 -4.080714
      vertex -1.200000 -0.160598 -4.080714
    endloop
  endfacet
  facet normal 0.000000 0.000000 0.000000
    outer loop
      vertex -1.030719 -0.230717 -3.921000
      vertex -1.200000 -0.160598 -4.080714
      vertex -1.200000 -0.160598 -3.921000
    endloop
  endfacet
  facet normal 0.000000 0.000000 0.000000
    outer loop
      vertex -1.200000 -0.160598 -3.921000
      vertex -1.200000 -0.160598 -4.080714
      vertex -1.369281 -0.230717 -4.080714
    endloop
  endfacet
  facet normal 0.000000 0.000000 0.000000
    outer loop
      vertex -1.200000 -0.160598 -3.921000
      vertex -1.369281 -0.230717 -4.080714
      vertex -1.369281 -0.230717 -3.921000
    endloop
  endfacet
  facet normal 0.000000 0.000000 0.000000
    outer loop
      vertex -1.369281 -0.230717 -3.921000
      vertex -1.369281 -0.230717 -4.080714
      vertex -1.439400 -0.399998 -4.080714
    endloop
  endfacet
  facet normal 0.000000 0.000000 0.000000
    outer loop
      vertex -1.369281 -0.230717 -3.921000
      vertex -1.439400 -0.399998 -4.080714
      vertex -1.439400 -0.399998 -3.921000
    endloop
  endfacet
  facet normal 0.000000 0.000000 0.000000
    outer loop
      vertex -1.439400 -0.399998 -3.921000
      vertex -1.439400 -0.399998 -4.080714
      vertex -1.369281 -0.569280 -4.080714
    endloop
  endfacet
  facet normal 0.000000 0.000000 0.000000
    outer loop
      vertex -1.439400 -0.399998 -3.921000
      vertex -1.369281 -0.569280 -4.080714
      vertex -1.369281 -0.569280 -3.921000
    endloop
  endfacet
  facet normal 0.000000 0.000000 0.000000
    outer loop
      vertex -1.369281 -0.569280 -3.921000
      vertex -1.369281 -0.569280 -4.080714
      vertex -1.200000 -0.639398 -4.080714
    endloop
  endfacet
  facet normal 0.000000 0.000000 0.000000
    outer loop
      vertex -1.369281 -0.569280 -3.921000
      vertex -1.200000 -0.639398 -4.080714
      vertex -1.200000 -0.639398 -3.921000
    endloop
  endfacet
  facet normal 0.000000 0.000000 0.000000
    outer loop
      vertex -1.200000 -0.399998 -3.921000
      vertex -1.200000 -0.639398 -3.921000
      vertex -1.030719 -0.569280 -3.921000
    endloop
  endfacet
  facet normal 0.000000 0.000000 0.000000
    outer loop
      vertex -1.200000 -0.399998 -3.921000
      vertex -1.030719 -0.569280 -3.921000
      vertex -0.960600 -0.399998 -3.921000
    endloop
  endfacet
  facet normal 0.000000 0.000000 0.000000
    outer loop
      vertex -1.200000 -0.399998 -3.921000
      vertex -0.960600 -0.399998 -3.921000
      vertex -1.030719 -0.230717 -3.921000
    endloop
  endfacet
  facet normal 0.000000 0.000000 0.000000
    outer loop
      vertex -1.200000 -0.399998 -3.921000
      vertex -1.030719 -0.230717 -3.921000
      vertex -1.200000 -0.160598 -3.921000
    endloop
  endfacet
  facet normal 0.000000 0.000000 0.000000
    outer loop
      vertex -1.200000 -0.399998 -3.921000
      vertex -1.200000 -0.160598 -3.921000
      vertex -1.369281 -0.230717 -3.921000
    endloop
  endfacet
  facet normal 0.000000 0.000000 0.000000
    outer loop
      vertex -1.200000 -0.399998 -3.921000
      vertex -1.369281 -0.230717 -3.921000
      vertex -1.439400 -0.399998 -3.921000
    endloop
  endfacet
  facet normal 0.000000 0.000000 0.000000
    outer loop
      vertex -1.200000 -0.399998 -3.921000
      vertex -1.439400 -0.399998 -3.921000
      vertex -1.369281 -0.569280 -3.921000
    endloop
  endfacet
  facet normal 0.000000 0.000000 0.000000
    outer loop
      vertex -1.200000 -0.399998 -3.921000
      vertex -1.369281 -0.569280 -3.921000
      vertex -1.200000 -0.639398 -3.921000
    endloop
  endfacet
  facet normal 0.000000 0.000000 0.000000
    outer loop
      vertex -4.400000 -0.320200 2.080284
      vertex -4.461076 -0.320200 2.092442
      vertex -4.559600 -0.320200 2.080284
    endloop
  endfacet
  facet normal 0.000000 0.000000 0.000000
    outer loop
      vertex -4.461076 -0.320200 2.092442
      vertex -4.512854 -0.320200 2.127063
      vertex -4.559600 -0.320200 2.080284
    endloop
  endfacet
  facet normal 0.000000 0.000000 0.000000
    outer loop
      vertex -4.512854 -0.320200 2.127063
      vertex -4.547451 -0.320200 2.178878
      vertex -4.559600 -0.320200 2.080284
    endloop
  endfacet
  facet normal 0.000000 0.000000 0.000000
    outer loop
      vertex -4.547451 -0.320200 2.178878
      vertex -4.559600 -0.320200 2.239998
      vertex -4.559600 -0.320200 2.080284
    endloop
  endfacet
  facet normal 0.000000 0.000000 0.000000
    outer loop
      vertex -4.240400 -0.320200 2.239998
      vertex -4.252549 -0.320200 2.178878
      vertex -4.240400 -0.320200 2.080284
    endloop
  endfacet
  facet normal 0.000000 0.000000 0.000000
    outer loop
      vertex -4.252549 -0.320200 2.178878
      vertex -4.287146 -0.320200 2.127063
      vertex -4.240400 -0.320200 2.080284
    endloop
  endfacet
  facet normal 0.000000 0.000000 0.000000
    outer loop
      vertex -4.287146 -0.320200 2.127063
      vertex -4.338923 -0.320200 2.092442
      vertex -4.240400 -0.320200 2.080284
    endloop
  endfacet
  facet normal 0.000000 0.000000 0.000000
    outer loop
      vertex -4.338923 -0.320200 2.092442
      vertex -4.400000 -0.320200 2.080284
      vertex -4.240400 -0.320200 2.080284
    endloop
  endfacet
  facet normal 0.000000 0.000000 0.000000
    outer loop
      vertex -4.400000 -0.320200 2.399713
      vertex -4.338923 -0.320200 2.387555
      vertex -4.240400 -0.320200 2.399713
    endloop
  endfacet
  facet normal 0.000000 0.000000 0.000000
    outer loop
      vertex -4.338923 -0.320200 2.387555
      vertex -4.287146 -0.320200 2.352933
      vertex -4.240400 -0.320200 2.399713
    endloop
  endfacet
  facet normal 0.000000 0.000000 0.000000
    outer loop
      vertex -4.287146 -0.320200 2.352933
      vertex -4.252549 -0.320200 2.301118
      vertex -4.240400 -0.320200 2.399713
    endloop
  endfacet
  facet normal 0.000000 0.000000 0.000000
    outer loop
      vertex -4.252549 -0.320200 2.301118
      vertex -4.240400 -0.320200 2.239998
      vertex -4.240400 -0.320200 2.399713
    endloop
  endfacet
  facet normal 0.000000 0.000000 0.000000
    outer loop
      vertex -4.559600 -0.320200 2.239998
      vertex -4.547451 -0.320200 2.301118
      vertex -4.559600 -0.320200 2.399713
    endloop
  endfacet
  facet normal 0.000000 0.000000 0.000000
    outer loop
      vertex -4.547451 -0.320200 2.301118
      vertex -4.512854 -0.320200 2.352933
      vertex -4.559600 -0.320200 2.399713
    endloop
  endfacet
  facet normal 0.000000 0.000000 0.000000
    outer loop
      vertex -4.512854 -0.320200 2.352933
      vertex -4.461076 -0.320200 2.387555
      vertex -4.559600 -0.320200 2.399713
    endloop
  endfacet
  facet normal 0.000000 0.000000 0.000000
    outer loop
      vertex -4.461076 -0.320200 2.387555
      vertex -4.400000 -0.320200 2.399713
      vertex -4.559600 -0.320200 2.399713
    endloop
  endfacet
  facet normal 0.000000 0.000000 0.000000
    outer loop
      vertex -4.400000 -0.160600 2.479570
      vertex -4.491614 -0.160600 2.461334
      vertex -4.639400 -0.160600 2.479570
    endloop
  endfacet
  facet normal 0.000000 0.000000 0.000000
    outer loop
      vertex -4.491614 -0.160600 2.461334
      vertex -4.569281 -0.160600 2.409401
      vertex -4.639400 -0.160600 2.479570
    endloop
  endfacet
  facet normal 0.000000 0.000000 0.000000
    outer loop
      vertex -4.569281 -0.160600 2.409401
      vertex -4.621177 -0.160600 2.331678
      vertex -4.639400 -0.160600 2.479570
    endloop
  endfacet
  facet normal 0.000000 0.000000 0.000000
    outer loop
      vertex -4.621177 -0.160600 2.331678
      vertex -4.639400 -0.160600 2.239998
      vertex -4.639400 -0.160600 2.479570
    endloop
  endfacet
  facet normal 0.000000 0.000000 0.000000
    outer loop
      vertex -4.160600 -0.160600 2.239998
      vertex -4.178823 -0.160600 2.331678
      vertex -4.160600 -0.160600 2.479570
    endloop
  endfacet
  facet normal 0.000000 0.000000 0.000000
    outer loop
      vertex -4.178823 -0.160600 2.331678
      vertex -4.230719 -0.160600 2.409401
      vertex -4.160600 -0.160600 2.479570
    endloop
  endfacet
  facet normal 0.000000 0.000000 0.000000
    outer loop
      vertex -4.230719 -0.160600 2.409401
      vertex -4.308385 -0.160600 2.461334
      vertex -4.160600 -0.160600 2.479570
    endloop
  endfacet
  facet normal 0.000000 0.000000 0.000000
    outer loop
      vertex -4.308385 -0.160600 2.461334
      vertex -4.400000 -0.160600 2.479570
      vertex -4.160600 -0.160600 2.479570
    endloop
  endfacet
  facet normal 0.000000 0.000000 0.000000
    outer loop
      vertex -4.400000 -0.160600 2.000427
      vertex -4.308385 -0.160600 2.018663
      vertex -4.160600 -0.160600 2.000427
    endloop
  endfacet
  facet normal 0.000000 0.000000 0.000000
    outer loop
      vertex -4.308385 -0.160600 2.018663
      vertex -4.230719 -0.160600 2.070596
      vertex -4.160600 -0.160600 2.000427
    endloop
  endfacet
  facet normal 0.000000 0.000000 0.000000
    outer loop
      vertex -4.230719 -0.160600 2.070596
      vertex -4.178823 -0.160600 2.148318
      vertex -4.160600 -0.160600 2.000427
    endloop
  endfacet
  facet normal 0.000000 0.000000 0.000000
    outer loop
      vertex -4.178823 -0.160600 2.148318
      vertex -4.160600 -0.160600 2.239998
      vertex -4.160600 -0.160600 2.000427
    endloop
  endfacet
  facet normal 0.000000 0.000000 0.000000
    outer loop
      vertex -4.639400 -0.160600 2.239998
      vertex -4.621177 -0.160600 2.148318
      vertex -4.639400 -0.160600 2.000427
    endloop
  endfacet
  facet normal 0.000000 0.000000 0.000000
    outer loop
      vertex -4.621177 -0.160600 2.148318
      vertex -4.569281 -0.160600 2.070596
      vertex -4.639400 -0.160600 2.000427
    endloop
  endfacet
  facet normal 0.000000 0.000000 0.000000
    outer loop
      vertex -4.569281 -0.160600 2.070596
      vertex -4.491614 -0.160600 2.018663
      vertex -4.639400 -0.160600 2.000427
    endloop
  endfacet
  facet normal 0.000000 0.000000 0.000000
    outer loop
      vertex -4.491614 -0.160600 2.018663
      vertex -4.400000 -0.160600 2.000427
      vertex -4.639400 -0.160600 2.000427
    endloop
  endfacet
  facet normal 0.000000 0.000000 0.000000
    outer loop
      vertex -4.799000 -0.799000 1.680998
      vertex -4.639400 -0.639400 1.680998
      vertex -4.160600 -0.639400 1.680998
    endloop
  endfacet
  facet normal 0.000000 0.000000 0.000000
    outer loop
      vertex -4.799000 -0.799000 1.680998
      vertex -4.160600 -0.639400 1.680998
      vertex -4.001000 -0.799000 1.680998
    endloop
  endfacet
  facet normal 0.000000 0.000000 0.000000
    outer loop
      vertex -4.001000 -0.799000 1.680998
      vertex -4.160600 -0.639400 1.680998
      vertex -4.160600 -0.160600 1.680998
    endloop
  endfacet
  facet normal 0.000000 0.000000 0.000000
    outer loop
      vertex -4.001000 -0.799000 1.680998
      vertex -4.160600 -0.160600 1.680998
      vertex -4.001000 -0.001000 1.680998
    endloop
  endfacet
  facet normal 0.000000 0.000000 0.000000
    outer loop
      vertex -4.001000 -0.001000 1.680998
      vertex -4.160600 -0.160600 1.680998
      vertex -4.639400 -0.160600 1.680998
    endloop
  endfacet
  facet normal 0.000000 0.000000 0.000000
    outer loop
      vertex -4.001000 -0.001000 1.680998
      vertex -4.639400 -0.160600 1.680998
      vertex -4.799000 -0.001000 1.680998
    endloop
  endfacet
  facet normal 0.000000 0.000000 0.000000
    outer loop
      vertex -4.799000 -0.001000 1.680998
      vertex -4.639400 -0.160600 1.680998
      vertex -4.639400 -0.639400 1.680998
    endloop
  endfacet
  facet normal 0.000000 0.000000 0.000000
    outer loop
      vertex -4.799000 -0.001000 1.680998
      vertex -4.639400 -0.639400 1.680998
      vertex -4.799000 -0.799000 1.680998
    endloop
  endfacet
  facet normal 0.000000 0.000000 0.000000
    outer loop
      vertex -4.639400 -0.320200 1.840713
      vertex -4.639400 -0.160600 1.840713
      vertex -4.160600 -0.160600 1.840713
    endloop
  endfacet
  facet normal 0.000000 0.000000 0.000000
    outer loop
      vertex -4.639400 -0.320200 1.840713
      vertex -4.160600 -0.160600 1.840713
      vertex -4.160600 -0.320200 1.840713
    endloop
  endfacet
  facet normal 0.000000 0.000000 0.000000
    outer loop
      vertex -4.160600 -0.799000 2.000427
      vertex -4.639400 -0.799000 2.000427
      vertex -4.799000 -0.799000 1.680998
    endloop
  endfacet
  facet normal 0.000000 0.000000 0.000000
    outer loop
      vertex -4.160600 -0.799000 2.000427
      vertex -4.799000 -0.799000 1.680998
      vertex -4.001000 -0.799000 1.680998
    endloop
  endfacet
  facet normal 0.000000 0.000000 0.000000
    outer loop
      vertex -4.160600 -0.799000 2.479570
      vertex -4.160600 -0.799000 2.000427
      vertex -4.001000 -0.799000 1.680998
    endloop
  endfacet
  facet normal 0.000000 0.000000 0.000000
    outer loop
      vertex -4.160600 -0.799000 2.479570
      vertex -4.001000 -0.799000 1.680998
      vertex -4.001000 -0.799000 2.639284
    endloop
  endfacet
  facet normal 0.000000 0.000000 0.000000
    outer loop
      vertex -4.639400 -0.799000 2.479570
      vertex -4.160600 -0.799000 2.479570
      vertex -4.001000 -0.799000 2.639284
    endloop
  endfacet
  facet normal 0.000000 0.000000 0.000000
    outer loop
      vertex -4.639400 -0.799000 2.479570
      vertex -4.001000 -0.799000 2.639284
      vertex -4.799000 -0.799000 2.639284
    endloop
  endfacet
  facet normal 0.000000 0.000000 0.000000
    outer loop
      vertex -4.639400 -0.799000 2.000427
      vertex -4.639400 -0.799000 2.479570
      vertex -4.799000 -0.799000 2.639284
    endloop
  endfacet
  facet normal 0.000000 0.000000 0.000000
    outer loop
      vertex -4.639400 -0.799000 2.000427
      vertex -4.799000 -0.799000 2.639284
      vertex -4.799000 -0.799000 1.680998
    endloop
  endfacet
  facet normal 0.000000 0.000000 0.000000
    outer loop
      vertex -4.639400 -0.639400 1.680998
      vertex -4.639400 -0.639400 2.000427
      vertex -4.160600 -0.639400 2.000427
    endloop
  endfacet
  facet normal 0.000000 0.000000 0.000000
    outer loop
      vertex -4.639400 -0.639400 1.680998
      vertex -4.160600 -0.639400 2.000427
      vertex -4.160600 -0.639400 1.680998
    endloop
  endfacet
  facet normal 0.000000 0.000000 0.000000
    outer loop
      vertex -4.240400 -0.320200 2.080284
      vertex -4.559600 -0.320200 2.080284
      vertex -4.639400 -0.320200 1.840713
    endloop
  endfacet
  facet normal 0.000000 0.000000 0.000000
    outer loop
      vertex -4.240400 -0.320200 2.080284
      vertex -4.639400 -0.320200 1.840713
      vertex -4.160600 -0.320200 1.840713
    endloop
  endfacet
  facet normal 0.000000 0.000000 0.000000
    outer loop
      vertex -4.240400 -0.320200 2.399713
      vertex -4.240400 -0.320200 2.080284
      vertex -4.160600 -0.320200 1.840713
    endloop
  endfacet
  facet normal 0.000000 0.000000 0.000000
    outer loop
      vertex -4.240400 -0.320200 2.399713
      vertex -4.160600 -0.320200 1.840713
      vertex -4.160600 -0.320200 2.479570
    endloop
  endfacet
  facet normal 0.000000 0.000000 0.000000
    outer loop
      vertex -4.559600 -0.320200 2.399713
      vertex -4.240400 -0.320200 2.399713
      vertex -4.160600 -0.320200 2.479570
    endloop
  endfacet
  facet normal 0.000000 0.000000 0.000000
    outer loop
      vertex -4.559600 -0.320200 2.399713
      vertex -4.160600 -0.320200 2.479570
      vertex -4.639400 -0.320200 2.479570
    endloop
  endfacet
  facet normal 0.000000 0.000000 0.000000
    outer loop
      vertex -4.559600 -0.320200 2.080284
      vertex -4.559600 -0.320200 2.399713
      vertex -4.639400 -0.320200 2.479570
    endloop
  endfacet
  facet normal 0.000000 0.000000 0.000000
    outer loop
      vertex -4.559600 -0.320200 2.080284
      vertex -4.639400 -0.320200 2.479570
      vertex -4.639400 -0.320200 1.840713
    endloop
  endfacet
  facet normal 0.000000 0.000000 0.000000
    outer loop
      vertex -4.799000 -0.160600 1.840713
      vertex -4.639400 -0.160600 2.000427
      vertex -4.160600 -0.160600 2.000427
    endloop
  endfacet
  facet normal 0.000000 0.000000 0.000000
    outer loop
      vertex -4.799000 -0.160600 1.840713
      vertex -4.160600 -0.160600 2.000427
      vertex -4.001000 -0.160600 1.840713
    endloop
  endfacet
  facet normal 0.000000 0.000000 0.000000
    outer loop
      vertex -4.001000 -0.160600 1.840713
      vertex -4.160600 -0.160600 2.000427
      vertex -4.160600 -0.160600 2.479570
    endloop
  endfacet
  facet normal 0.000000 0.000000 0.000000
    outer loop
      vertex -4.001000 -0.160600 1.840713
      vertex -4.160600 -0.160600 2.479570
      vertex -4.001000 -0.160600 2.639284
    endloop
  endfacet
  facet normal 0.000000 0.000000 0.000000
    outer loop
      vertex -4.001000 -0.160600 2.639284
      vertex -4.160600 -0.160600 2.479570
      vertex -4.639400 -0.160600 2.479570
    endloop
  endfacet
  facet normal 0.000000 0.000000 0.000000
    outer loop
      vertex -4.001000 -0.160600 2.639284
      vertex -4.639400 -0.160600 2.479570
      vertex -4.799000 -0.160600 2.639284
    endloop
  endfacet
  facet normal 0.000000 0.000000 0.000000
    outer loop
      vertex -4.799000 -0.160600 2.639284
      vertex -4.639400 -0.160600 2.479570
      vertex -4.639400 -0.160600 2.000427
    endloop
  endfacet
  facet normal 0.000000 0.000000 0.000000
    outer loop
      vertex -4.799000 -0.160600 2.639284
      vertex -4.639400 -0.160600 2.000427
      vertex -4.799000 -0.160600 1.840713
    endloop
  endfacet
  facet normal 0.000000 0.000000 0.000000
    outer loop
      vertex -4.160600 -0.160600 1.840713
      vertex -4.639400 -0.160600 1.840713
      vertex -4.639400 -0.160600 1.680998
    endloop
  endfacet
  facet normal 0.000000 0.000000 0.000000
    outer loop
      vertex -4.160600 -0.160600 1.840713
      vertex -4.639400 -0.160600 1.680998
      vertex -4.160600 -0.160600 1.680998
    endloop
  endfacet
  facet normal 0.000000 0.000000 0.000000
    outer loop
      vertex -4.799000 -0.001000 1.680998
      vertex -4.799000 -0.001000 1.840713
      vertex -4.001000 -0.001000 1.840713
    endloop
  endfacet
  facet normal 0.000000 0.000000 0.000000
    outer loop
      vertex -4.799000 -0.001000 1.680998
      vertex -4.001000 -0.001000 1.840713
      vertex -4.001000 -0.001000 1.680998
    endloop
  endfacet
  facet normal 0.000000 0.000000 0.000000
    outer loop
      vertex -4.799000 -0.799000 1.680998
      vertex -4.799000 -0.160600 1.840713
      vertex -4.799000 -0.001000 1.840713
    endloop
  endfacet
  facet normal 0.000000 0.000000 0.000000
    outer loop
      vertex -4.799000 -0.799000 1.680998
      vertex -4.799000 -0.001000 1.840713
      vertex -4.799000 -0.001000 1.680998
    endloop
  endfacet
  facet normal 0.000000 0.000000 0.000000
    outer loop
      vertex -4.799000 -0.799000 1.680998
      vertex -4.799000 -0.799000 2.639284
      vertex -4.799000 -0.160600 2.639284
    endloop
  endfacet
  facet normal 0.000000 0.000000 0.000000
    outer loop
      vertex -4.799000 -0.799000 1.680998
      vertex -4.799000 -0.160600 2.639284
      vertex -4.799000 -0.160600 1.840713
    endloop
  endfacet
  facet normal 0.000000 0.000000 0.000000
    outer loop
      vertex -4.639400 -0.160600 1.840713
      vertex -4.639400 -0.320200 1.840713
      vertex -4.639400 -0.639400 1.680998
    endloop
  endfacet
  facet normal 0.000000 0.000000 0.000000
    outer loop
      vertex -4.639400 -0.160600 1.840713
      vertex -4.639400 -0.639400 1.680998
      vertex -4.639400 -0.160600 1.680998
    endloop
  endfacet
  facet normal 0.000000 0.000000 0.000000
    outer loop
      vertex -4.639400 -0.639400 1.680998
      vertex -4.639400 -0.320200 1.840713
      vertex -4.639400 -0.320200 2.479570
    endloop
  endfacet
  facet normal 0.000000 0.000000 0.000000
    outer loop
      vertex -4.639400 -0.639400 1.680998
      vertex -4.639400 -0.320200 2.479570
      vertex -4.639400 -0.639400 2.000427
    endloop
  endfacet
  facet normal 0.000000 0.000000 0.000000
    outer loop
      vertex -4.639400 -0.320200 2.479570
      vertex -4.639400 -0.799000 2.479570
      vertex -4.639400 -0.799000 2.000427
    endloop
  endfacet
  facet normal 0.000000 0.000000 0.000000
    outer loop
      vertex -4.639400 -0.320200 2.479570
      vertex -4.639400 -0.799000 2.000427
      vertex -4.639400 -0.639400 2.000427
    endloop
  endfacet
  facet normal 0.000000 0.000000 0.000000
    outer loop
      vertex -4.160600 -0.639400 1.680998
      vertex -4.160600 -0.320200 1.840713
      vertex -4.160600 -0.160600 1.840713
    endloop
  endfacet
  facet normal 0.000000 0.000000 0.000000
    outer loop
      vertex -4.160600 -0.639400 1.680998
      vertex -4.160600 -0.160600 1.840713
      vertex -4.160600 -0.160600 1.680998
    endloop
  endfacet
  facet normal 0.000000 0.000000 0.000000
    outer loop
      vertex -4.160600 -0.320200 2.479570
      vertex -4.160600 -0.320200 1.840713
      vertex -4.160600 -0.639400 1.680998
    endloop
  endfacet
  facet normal 0.000000 0.000000 0.000000
    outer loop
      vertex -4.160600 -0.320200 2.479570
      vertex -4.160600 -0.639400 1.680998
      vertex -4.160600 -0.639400 2.000427
    endloop
  endfacet
  facet normal 0.000000 0.000000 0.000000
    outer loop
      vertex -4.160600 -0.799000 2.000427
      vertex -4.160600 -0.799000 2.479570
      vertex -4.160600 -0.320200 2.479570
    endloop
  endfacet
  facet normal 0.000000 0.000000 0.000000
    outer loop
      vertex -4.160600 -0.799000 2.000427
      vertex -4.160600 -0.320200 2.479570
      vertex -4.160600 -0.639400 2.000427
    endloop
  endfacet
  facet normal 0.000000 0.000000 0.000000
    outer loop
      vertex -4.001000 -0.001000 1.840713
      vertex -4.001000 -0.160600 1.840713
      vertex -4.001000 -0.799000 1.680998
    endloop
  endfacet
  facet normal 0.000000 0.000000 0.000000
    outer loop
      vertex -4.001000 -0.001000 1.840713
      vertex -4.001000 -0.799000 1.680998
      vertex -4.001000 -0.001000 1.680998
    endloop
  endfacet
  facet normal 0.000000 0.000000 0.000000
    outer loop
      vertex -4.001000 -0.160600 2.639284
      vertex -4.001000 -0.799000 2.639284
      vertex -4.001000 -0.799000 1.680998
    endloop
  endfacet
  facet normal 0.000000 0.000000 0.000000
    outer loop
      vertex -4.001000 -0.160600 2.639284
      vertex -4.001000 -0.799000 1.680998
      vertex -4.001000 -0.160600 1.840713
    endloop
  endfacet
  facet normal 0.000000 0.000000 0.000000
    outer loop
      vertex -4.001000 -0.160600 1.840713
      vertex -4.001000 -0.001000 1.840713
      vertex -4.799000 -0.001000 1.840713
    endloop
  endfacet
  facet normal 0.000000 0.000000 0.000000
    outer loop
      vertex -4.001000 -0.160600 1.840713
      vertex -4.799000 -0.001000 1.840713
      vertex -4.799000 -0.160600 1.840713
    endloop
  endfacet
  facet normal 0.000000 0.000000 0.000000
    outer loop
      vertex -4.160600 -0.799000 2.000427
      vertex -4.160600 -0.639400 2.000427
      vertex -4.639400 -0.639400 2.000427
    endloop
  endfacet
  facet normal 0.000000 0.000000 0.000000
    outer loop
      vertex -4.160600 -0.799000 2.000427
      vertex -4.639400 -0.639400 2.000427
      vertex -4.639400 -0.799000 2.000427
    endloop
  endfacet
  facet normal 0.000000 0.000000 0.000000
    outer loop
      vertex -4.639400 -0.799000 2.479570
      vertex -4.639400 -0.320200 2.479570
      vertex -4.160600 -0.320200 2.479570
    endloop
  endfacet
  facet normal 0.000000 0.000000 0.000000
    outer loop
      vertex -4.639400 -0.799000 2.479570
      vertex -4.160600 -0.320200 2.479570
      vertex -4.160600 -0.799000 2.479570
    endloop
  endfacet
  facet normal 0.000000 0.000000 0.000000
    outer loop
      vertex -4.001000 -0.799000 2.639284
      vertex -4.001000 -0.160600 2.639284
      vertex -4.799000 -0.160600 2.639284
    endloop
  endfacet
  facet normal 0.000000 0.000000 0.000000
    outer loop
      vertex -4.001000 -0.799000 2.639284
      vertex -4.799000 -0.160600 2.639284
      vertex -4.799000 -0.799000 2.639284
    endloop
  endfacet
  facet normal 0.000000 0.000000 0.000000
    outer loop
      vertex -4.559600 -0.320200 2.239998
      vertex -4.559600 -0.160600 2.239998
      vertex -4.547451 -0.160600 2.301118
    endloop
  endfacet
  facet normal 0.000000 0.000000 0.000000
    outer loop
      vertex -4.559600 -0.320200 2.239998
      vertex -4.547451 -0.160600 2.301118
      vertex -4.547451 -0.320200 2.301118
    endloop
  endfacet
  facet normal 0.000000 0.000000 0.000000
    outer loop
      vertex -4.547451 -0.320200 2.301118
      vertex -4.547451 -0.160600 2.301118
      vertex -4.512854 -0.160600 2.352933
    endloop
  endfacet
  facet normal 0.000000 0.000000 0.000000
    outer loop
      vertex -4.547451 -0.320200 2.301118
      vertex -4.512854 -0.160600 2.352933
      vertex -4.512854 -0.320200 2.352933
    endloop
  endfacet
  facet normal 0.000000 0.000000 0.000000
    outer loop
      vertex -4.512854 -0.320200 2.352933
      vertex -4.512854 -0.160600 2.352933
      vertex -4.461076 -0.160600 2.387555
    endloop
  endfacet
  facet normal 0.000000 0.000000 0.000000
    outer loop
      vertex -4.512854 -0.320200 2.352933
      vertex -4.461076 -0.160600 2.387555
      vertex -4.461076 -0.320200 2.387555
    endloop
  endfacet
  facet normal 0.000000 0.000000 0.000000
    outer loop
      vertex -4.461076 -0.320200 2.387555
      vertex -4.461076 -0.160600 2.387555
      vertex -4.400000 -0.160600 2.399713
    endloop
  endfacet
  facet normal 0.000000 0.000000 0.000000
    outer loop
      vertex -4.461076 -0.320200 2.387555
      vertex -4.400000 -0.160600 2.399713
      vertex -4.400000 -0.320200 2.399713
    endloop
  endfacet
  facet normal 0.000000 0.000000 0.000000
    outer loop
      vertex -4.400000 -0.320200 2.399713
      vertex -4.400000 -0.160600 2.399713
      vertex -4.338923 -0.160600 2.387555
    endloop
  endfacet
  facet normal 0.000000 0.000000 0.000000
    outer loop
      vertex -4.400000 -0.320200 2.399713
      vertex -4.338923 -0.160600 2.387555
      vertex -4.338923 -0.320200 2.387555
    endloop
  endfacet
  facet normal 0.000000 0.000000 0.000000
    outer loop
      vertex -4.338923 -0.320200 2.387555
      vertex -4.338923 -0.160600 2.387555
      vertex -4.287146 -0.160600 2.352933
    endloop
  endfacet
  facet normal 0.000000 0.000000 0.000000
    outer loop
      vertex -4.338923 -0.320200 2.387555
      vertex -4.287146 -0.160600 2.352933
      vertex -4.287146 -0.320200 2.352933
    endloop
  endfacet
  facet normal 0.000000 0.000000 0.000000
    outer loop
      vertex -4.287146 -0.320200 2.352933
      vertex -4.287146 -0.160600 2.352933
      vertex -4.252549 -0.160600 2.301118
    endloop
  endfacet
  facet normal 0.000000 0.000000 0.000000
    outer loop
      vertex -4.287146 -0.320200 2.352933
      vertex -4.252549 -0.160600 2.301118
      vertex -4.252549 -0.320200 2.301118
    endloop
  endfacet
  facet normal 0.000000 0.000000 0.000000
    outer loop
      vertex -4.252549 -0.320200 2.301118
      vertex -4.252549 -0.160600 2.301118
      vertex -4.240400 -0.160600 2.239998
    endloop
  endfacet
  facet normal 0.000000 0.000000 0.000000
    outer loop
      vertex -4.252549 -0.320200 2.301118
      vertex -4.240400 -0.160600 2.239998
      vertex -4.240400 -0.320200 2.239998
    endloop
  endfacet
  facet normal 0.000000 0.000000 0.000000
    outer loop
      vertex -4.240400 -0.320200 2.239998
      vertex -4.240400 -0.160600 2.239998
      vertex -4.252549 -0.160600 2.178878
    endloop
  endfacet
  facet normal 0.000000 0.000000 0.000000
    outer loop
      vertex -4.240400 -0.320200 2.239998
      vertex -4.252549 -0.160600 2.178878
      vertex -4.252549 -0.320200 2.178878
    endloop
  endfacet
  facet normal 0.000000 0.000000 0.000000
    outer loop
      vertex -4.252549 -0.320200 2.178878
      vertex -4.252549 -0.160600 2.178878
      vertex -4.287146 -0.160600 2.127063
    endloop
  endfacet
  facet normal 0.000000 0.000000 0.000000
    outer loop
      vertex -4.252549 -0.320200 2.178878
      vertex -4.287146 -0.160600 2.127063
      vertex -4.287146 -0.320200 2.127063
    endloop
  endfacet
  facet normal 0.000000 0.000000 0.000000
    outer loop
      vertex -4.287146 -0.320200 2.127063
      vertex -4.287146 -0.160600 2.127063
      vertex -4.338923 -0.160600 2.092442
    endloop
  endfacet
  facet normal 0.000000 0.000000 0.000000
    outer loop
      vertex -4.287146 -0.320200 2.127063
      vertex -4.338923 -0.160600 2.092442
      vertex -4.338923 -0.320200 2.092442
    endloop
  endfacet
  facet normal 0.000000 0.000000 0.000000
    outer loop
      vertex -4.338923 -0.320200 2.092442
      vertex -4.338923 -0.160600 2.092442
      vertex -4.400000 -0.160600 2.080284
    endloop
  endfacet
  facet normal 0.000000 0.000000 0.000000
    outer loop
      vertex -4.338923 -0.320200 2.092442
      vertex -4.400000 -0.160600 2.080284
      vertex -4.400000 -0.320200 2.080284
    endloop
  endfacet
  facet normal 0.000000 0.000000 0.000000
    outer loop
      vertex -4.400000 -0.320200 2.080284
      vertex -4.400000 -0.160600 2.080284
      vertex -4.461076 -0.160600 2.092442
    endloop
  endfacet
  facet normal 0.000000 0.000000 0.000000
    outer loop
      vertex -4.400000 -0.320200 2.080284
      vertex -4.461076 -0.160600 2.092442
      vertex -4.461076 -0.320200 2.092442
    endloop
  endfacet
  facet normal 0.000000 0.000000 0.000000
    outer loop
      vertex -4.461076 -0.320200 2.092442
      vertex -4.461076 -0.160600 2.092442
      vertex -4.512854 -0.160600 2.127063
    endloop
  endfacet
  facet normal 0.000000 0.000000 0.000000
    outer loop
      vertex -4.461076 -0.320200 2.092442
      vertex -4.512854 -0.160600 2.127063
      vertex -4.512854 -0.320200 2.127063
    endloop
  endfacet
  facet normal 0.000000 0.000000 0.000000
    outer loop
      vertex -4.512854 -0.320200 2.127063
      vertex -4.512854 -0.160600 2.127063
      vertex -4.547451 -0.160600 2.178878
    endloop
  endfacet
  facet normal 0.000000 0.000000 0.000000
    outer loop
      vertex -4.512854 -0.320200 2.127063
      vertex -4.547451 -0.160600 2.178878
      vertex -4.547451 -0.320200 2.178878
    endloop
  endfacet
  facet normal 0.000000 0.000000 0.000000
    outer loop
      vertex -4.547451 -0.320200 2.178878
      vertex -4.547451 -0.160600 2.178878
      vertex -4.559600 -0.160600 2.239998
    endloop
  endfacet
  facet normal 0.000000 0.000000 0.000000
    outer loop
      vertex -4.547451 -0.320200 2.178878
      vertex -4.559600 -0.160600 2.239998
      vertex -4.559600 -0.320200 2.239998
    endloop
  endfacet
  facet normal 0.000000 0.000000 0.000000
    outer loop
      vertex -4.639400 -0.400000 2.798998
      vertex -4.639400 -0.400000 2.639284
      vertex -4.569281 -0.569281 2.639284
    endloop
  endfacet
  facet normal 0.000000 0.000000 0.000000
    outer loop
      vertex -4.639400 -0.400000 2.798998
      vertex -4.569281 -0.569281 2.639284
      vertex -4.569281 -0.569281 2.798998
    endloop
  endfacet
  facet normal 0.000000 0.000000 0.000000
    outer loop
      vertex -4.569281 -0.569281 2.798998
      vertex -4.569281 -0.569281 2.639284
      vertex -4.400000 -0.639400 2.639284
    endloop
  endfacet
  facet normal 0.000000 0.000000 0.000000
    outer loop
      vertex -4.569281 -0.569281 2.798998
      vertex -4.400000 -0.639400 2.639284
      vertex -4.400000 -0.639400 2.798998
    endloop
  endfacet
  facet normal 0.000000 0.000000 0.000000
    outer loop
      vertex -4.400000 -0.639400 2.798998
      vertex -4.400000 -0.639400 2.639284
      vertex -4.230719 -0.569281 2.639284
    endloop
  endfacet
  facet normal 0.000000 0.000000 0.000000
    outer loop
      vertex -4.400000 -0.639400 2.798998
      vertex -4.230719 -0.569281 2.639284
      vertex -4.230719 -0.569281 2.798998
    endloop
  endfacet
  facet normal 0.000000 0.000000 0.000000
    outer loop
      vertex -4.230719 -0.569281 2.798998
      vertex -4.230719 -0.569281 2.639284
      vertex -4.160600 -0.400000 2.639284
    endloop
  endfacet
  facet normal 0.000000 0.000000 0.000000
    outer loop
      vertex -4.230719 -0.569281 2.798998
      vertex -4.160600 -0.400000 2.639284
      vertex -4.160600 -0.400000 2.798998
    endloop
  endfacet
  facet normal 0.000000 0.000000 0.000000
    outer loop
      vertex -4.160600 -0.400000 2.798998
      vertex -4.160600 -0.400000 2.639284
      vertex -4.230719 -0.230718 2.639284
    endloop
  endfacet
  facet normal 0.000000 0.000000 0.000000
    outer loop
      vertex -4.160600 -0.400000 2.798998
      vertex -4.230719 -0.230718 2.639284
      vertex -4.230719 -0.230718 2.798998
    endloop
  endfacet
  facet normal 0.000000 0.000000 0.000000
    outer loop
      vertex -4.230719 -0.230718 2.798998
      vertex -4.230719 -0.230718 2.639284
      vertex -4.400000 -0.160600 2.639284
    endloop
  endfacet
  facet normal 0.000000 0.000000 0.000000
    outer loop
      vertex -4.230719 -0.230718 2.798998
      vertex -4.400000 -0.160600 2.639284
      vertex -4.400000 -0.160600 2.798998
    endloop
  endfacet
  facet normal 0.000000 0.000000 0.000000
    outer loop
      vertex -4.400000 -0.160600 2.798998
      vertex -4.400000 -0.160600 2.639284
      vertex -4.569281 -0.230718 2.639284
    endloop
  endfacet
  facet normal 0.000000 0.000000 0.000000
    outer loop
      vertex -4.400000 -0.160600 2.798998
      vertex -4.569281 -0.230718 2.639284
      vertex -4.569281 -0.230718 2.798998
    endloop
  endfacet
  facet normal 0.000000 0.000000 0.000000
    outer loop
      vertex -4.569281 -0.230718 2.798998
      vertex -4.569281 -0.230718 2.639284
      vertex -4.639400 -0.400000 2.639284
    endloop
  endfacet
  facet normal 0.000000 0.000000 0.000000
    outer loop
      vertex -4.569281 -0.230718 2.798998
      vertex -4.639400 -0.400000 2.639284
      vertex -4.639400 -0.400000 2.798998
    endloop
  endfacet
  facet normal 0.000000 0.000000 0.000000
    outer loop
      vertex -4.559600 -0.001000 2.239998
      vertex -4.639400 -0.001000 2.239998
      vertex -4.569281 -0.001000 2.409401
    endloop
  endfacet
  facet normal 0.000000 0.000000 0.000000
    outer loop
      vertex -4.559600 -0.001000 2.239998
      vertex -4.569281 -0.001000 2.409401
      vertex -4.512854 -0.001000 2.352933
    endloop
  endfacet
  facet normal 0.000000 0.000000 0.000000
    outer loop
      vertex -4.512854 -0.001000 2.352933
      vertex -4.569281 -0.001000 2.409401
      vertex -4.400000 -0.001000 2.479570
    endloop
  endfacet
  facet normal 0.000000 0.000000 0.000000
    outer loop
      vertex -4.512854 -0.001000 2.352933
      vertex -4.400000 -0.001000 2.479570
      vertex -4.400000 -0.001000 2.399713
    endloop
  endfacet
  facet normal 0.000000 0.000000 0.000000
    outer loop
      vertex -4.400000 -0.001000 2.399713
      vertex -4.400000 -0.001000 2.479570
      vertex -4.230719 -0.001000 2.409401
    endloop
  endfacet
  facet normal 0.000000 0.000000 0.000000
    outer loop
      vertex -4.400000 -0.001000 2.399713
      vertex -4.230719 -0.001000 2.409401
      vertex -4.287146 -0.001000 2.352933
    endloop
  endfacet
  facet normal 0.000000 0.000000 0.000000
    outer loop
      vertex -4.287146 -0.001000 2.352933
      vertex -4.230719 -0.001000 2.409401
      vertex -4.160600 -0.001000 2.239998
    endloop
  endfacet
  facet normal 0.000000 0.000000 0.000000
    outer loop
      vertex -4.287146 -0.001000 2.352933
      vertex -4.160600 -0.001000 2.239998
      vertex -4.240400 -0.001000 2.239998
    endloop
  endfacet
  facet normal 0.000000 0.000000 0.000000
    outer loop
      vertex -4.240400 -0.001000 2.239998
      vertex -4.160600 -0.001000 2.239998
      vertex -4.230719 -0.001000 2.070596
    endloop
  endfacet
  facet normal 0.000000 0.000000 0.000000
    outer loop
      vertex -4.240400 -0.001000 2.239998
      vertex -4.230719 -0.001000 2.070596
      vertex -4.287146 -0.001000 2.127063
    endloop
  endfacet
  facet normal 0.000000 0.000000 0.000000
    outer loop
      vertex -4.287146 -0.001000 2.127063
      vertex -4.230719 -0.001000 2.070596
      vertex -4.400000 -0.001000 2.000427
    endloop
  endfacet
  facet normal 0.000000 0.000000 0.000000
    outer loop
      vertex -4.287146 -0.001000 2.127063
      vertex -4.400000 -0.001000 2.000427
      vertex -4.400000 -0.001000 2.080284
    endloop
  endfacet
  facet normal 0.000000 0.000000 0.000000
    outer loop
      vertex -4.400000 -0.001000 2.080284
      vertex -4.400000 -0.001000 2.000427
      vertex -4.569281 -0.001000 2.070596
    endloop
  endfacet
  facet normal 0.000000 0.000000 0.000000
    outer loop
      vertex -4.400000 -0.001000 2.080284
      vertex -4.569281 -0.001000 2.070596
      vertex -4.512854 -0.001000 2.127063
    endloop
  endfacet
  facet normal 0.000000 0.000000 0.000000
    outer loop
      vertex -4.512854 -0.001000 2.127063
      vertex -4.569281 -0.001000 2.070596
      vertex -4.639400 -0.001000 2.239998
    endloop
  endfacet
  facet normal 0.000000 0.000000 0.000000
    outer loop
      vertex -4.512854 -0.001000 2.127063
      vertex -4.639400 -0.001000 2.239998
      vertex -4.559600 -0.001000 2.239998
    endloop
  endfacet
  facet normal 0.000000 0.000000 0.000000
    outer loop
      vertex -4.639400 -0.001000 2.239998
      vertex -4.639400 -0.160600 2.239998
      vertex -4.569281 -0.160600 2.409401
    endloop
  endfacet
  facet normal 0.000000 0.000000 0.000000
    outer loop
      vertex -4.639400 -0.001000 2.239998
      vertex -4.569281 -0.160600 2.409401
      vertex -4.569281 -0.001000 2.409401
    endloop
  endfacet
  facet normal 0.000000 0.000000 0.000000
    outer loop
      vertex -4.569281 -0.001000 2.409401
      vertex -4.569281 -0.160600 2.409401
      vertex -4.400000 -0.160600 2.479570
    endloop
  endfacet
  facet normal 0.000000 0.000000 0.000000
    outer loop
      vertex -4.569281 -0.001000 2.409401
      vertex -4.400000 -0.160600 2.479570
      vertex -4.400000 -0.001000 2.479570
    endloop
  endfacet
  facet normal 0.000000 0.000000 0.000000
    outer loop
      vertex -4.400000 -0.001000 2.479570
      vertex -4.400000 -0.160600 2.479570
      vertex -4.230719 -0.160600 2.409401
    endloop
  endfacet
  facet normal 0.000000 0.000000 0.000000
    outer loop
      vertex -4.400000 -0.001000 2.479570
      vertex -4.230719 -0.160600 2.409401
      vertex -4.230719 -0.001000 2.409401
    endloop
  endfacet
  facet normal 0.000000 0.000000 0.000000
    outer loop
      vertex -4.230719 -0.001000 2.409401
      vertex -4.230719 -0.160600 2.409401
      vertex -4.160600 -0.160600 2.239998
    endloop
  endfacet
  facet normal 0.000000 0.000000 0.000000
    outer loop
      vertex -4.230719 -0.001000 2.409401
      vertex -4.160600 -0.160600 2.239998
      vertex -4.160600 -0.001000 2.239998
    endloop
  endfacet
  facet normal 0.000000 0.000000 0.000000
    outer loop
      vertex -4.160600 -0.001000 2.239998
      vertex -4.160600 -0.160600 2.239998
      vertex -4.230719 -0.160600 2.070596
    endloop
  endfacet
  facet normal 0.000000 0.000000 0.000000
    outer loop
      vertex -4.160600 -0.001000 2.239998
      vertex -4.230719 -0.160600 2.070596
      vertex -4.230719 -0.001000 2.070596
    endloop
  endfacet
  facet normal 0.000000 0.000000 0.000000
    outer loop
      vertex -4.230719 -0.001000 2.070596
      vertex -4.230719 -0.160600 2.070596
      vertex -4.400000 -0.160600 2.000427
    endloop
  endfacet
  facet normal 0.000000 0.000000 0.000000
    outer loop
      vertex -4.230719 -0.001000 2.070596
      vertex -4.400000 -0.160600 2.000427
      vertex -4.400000 -0.001000 2.000427
    endloop
  endfacet
  facet normal 0.000000 0.000000 0.000000
    outer loop
      vertex -4.400000 -0.001000 2.000427
      vertex -4.400000 -0.160600 2.000427
      vertex -4.569281 -0.160600 2.070596
    endloop
  endfacet
  facet normal 0.000000 0.000000 0.000000
    outer loop
      vertex -4.400000 -0.001000 2.000427
      vertex -4.569281 -0.160600 2.070596
      vertex -4.569281 -0.001000 2.070596
    endloop
  endfacet
  facet normal 0.000000 0.000000 0.000000
    outer loop
      vertex -4.569281 -0.001000 2.070596
      vertex -4.569281 -0.160600 2.070596
      vertex -4.639400 -0.160600 2.239998
    endloop
  endfacet
  facet normal 0.000000 0.000000 0.000000
    outer loop
      vertex -4.569281 -0.001000 2.070596
      vertex -4.639400 -0.160600 2.239998
      vertex -4.639400 -0.001000 2.239998
    endloop
  endfacet
  facet normal 0.000000 0.000000 0.000000
    outer loop
      vertex -4.559600 -0.160600 2.239998
      vertex -4.559600 -0.001000 2.239998
      vertex -4.512854 -0.001000 2.352933
    endloop
  endfacet
  facet normal 0.000000 0.000000 0.000000
    outer loop
      vertex -4.559600 -0.160600 2.239998
      vertex -4.512854 -0.001000 2.352933
      vertex -4.512854 -0.160600 2.352933
    endloop
  endfacet
  facet normal 0.000000 0.000000 0.000000
    outer loop
      vertex -4.512854 -0.160600 2.352933
      vertex -4.512854 -0.001000 2.352933
      vertex -4.400000 -0.001000 2.399713
    endloop
  endfacet
  facet normal 0.000000 0.000000 0.000000
    outer loop
      vertex -4.512854 -0.160600 2.352933
      vertex -4.400000 -0.001000 2.399713
      vertex -4.400000 -0.160600 2.399713
    endloop
  endfacet
  facet normal 0.000000 0.000000 0.000000
    outer loop
      vertex -4.400000 -0.160600 2.399713
      vertex -4.400000 -0.001000 2.399713
      vertex -4.287146 -0.001000 2.352933
    endloop
  endfacet
  facet normal 0.000000 0.000000 0.000000
    outer loop
      vertex -4.400000 -0.160600 2.399713
      vertex -4.287146 -0.001000 2.352933
      vertex -4.287146 -0.160600 2.352933
    endloop
  endfacet
  facet normal 0.000000 0.000000 0.000000
    outer loop
      vertex -4.287146 -0.160600 2.352933
      vertex -4.287146 -0.001000 2.352933
      vertex -4.240400 -0.001000 2.239998
    endloop
  endfacet
  facet normal 0.000000 0.000000 0.000000
    outer loop
      vertex -4.287146 -0.160600 2.352933
      vertex -4.240400 -0.001000 2.239998
      vertex -4.240400 -0.160600 2.239998
    endloop
  endfacet
  facet normal 0.000000 0.000000 0.000000
    outer loop
      vertex -4.240400 -0.160600 2.239998
      vertex -4.240400 -0.001000 2.239998
      vertex -4.287146 -0.001000 2.127063
    endloop
  endfacet
  facet normal 0.000000 0.000000 0.000000
    outer loop
      vertex -4.240400 -0.160600 2.239998
      vertex -4.287146 -0.001000 2.127063
      vertex -4.287146 -0.160600 2.127063
    endloop
  endfacet
  facet normal 0.000000 0.000000 0.000000
    outer loop
      vertex -4.287146 -0.160600 2.127063
      vertex -4.287146 -0.001000 2.127063
      vertex -4.400000 -0.001000 2.080284
    endloop
  endfacet
  facet normal 0.000000 0.000000 0.000000
    outer loop
      vertex -4.287146 -0.160600 2.127063
      vertex -4.400000 -0.001000 2.080284
      vertex -4.400000 -0.160600 2.080284
    endloop
  endfacet
  facet normal 0.000000 0.000000 0.000000
    outer loop
      vertex -4.400000 -0.160600 2.080284
      vertex -4.400000 -0.001000 2.080284
      vertex -4.512854 -0.001000 2.127063
    endloop
  endfacet
  facet normal 0.000000 0.000000 0.000000
    outer loop
      vertex -4.400000 -0.160600 2.080284
      vertex -4.512854 -0.001000 2.127063
      vertex -4.512854 -0.160600 2.127063
    endloop
  endfacet
  facet normal 0.000000 0.000000 0.000000
    outer loop
      vertex -4.512854 -0.160600 2.127063
      vertex -4.512854 -0.001000 2.127063
      vertex -4.559600 -0.001000 2.239998
    endloop
  endfacet
  facet normal 0.000000 0.000000 0.000000
    outer loop
      vertex -4.512854 -0.160600 2.127063
      vertex -4.559600 -0.001000 2.239998
      vertex -4.559600 -0.160600 2.239998
    endloop
  endfacet
  facet normal 0.000000 0.000000 0.000000
    outer loop
      vertex -4.400000 -0.400000 2.798998
      vertex -4.639400 -0.400000 2.798998
      vertex -4.569281 -0.569281 2.798998
    endloop
  endfacet
  facet normal 0.000000 0.000000 0.000000
    outer loop
      vertex -4.400000 -0.400000 2.798998
      vertex -4.569281 -0.569281 2.798998
      vertex -4.400000 -0.639400 2.798998
    endloop
  endfacet
  facet normal 0.000000 0.000000 0.000000
    outer loop
      vertex -4.400000 -0.400000 2.798998
      vertex -4.400000 -0.639400 2.798998
      vertex -4.230719 -0.569281 2.798998
    endloop
  endfacet
  facet normal 0.000000 0.000000 0.000000
    outer loop
      vertex -4.400000 -0.400000 2.798998
      vertex -4.230719 -0.569281 2.798998
      vertex -4.160600 -0.400000 2.798998
    endloop
  endfacet
  facet normal 0.000000 0.000000 0.000000
    outer loop
      vertex -4.400000 -0.400000 2.798998
      vertex -4.160600 -0.400000 2.798998
      vertex -4.230719 -0.230718 2.798998
    endloop
  endfacet
  facet normal 0.000000 0.000000 0.000000
    outer loop
      vertex -4.400000 -0.400000 2.798998
      vertex -4.230719 -0.230718 2.798998
      vertex -4.400000 -0.160600 2.798998
    endloop
  endfacet
  facet normal 0.000000 0.000000 0.000000
    outer loop
      vertex -4.400000 -0.400000 2.798998
      vertex -4.400000 -0.160600 2.798998
      vertex -4.569281 -0.230718 2.798998
    endloop
  endfacet
  facet normal 0.000000 0.000000 0.000000
    outer loop
      vertex -4.400000 -0.400000 2.798998
      vertex -4.569281 -0.230718 2.798998
      vertex -4.639400 -0.400000 2.798998
    endloop
  endfacet
  facet normal 0.000000 0.000000 0.000000
    outer loop
      vertex -3.840200 -0.400000 2.640998
      vertex -3.887004 -0.512854 2.640998
      vertex -4.000000 -0.400000 2.640998
    endloop
  endfacet
  facet normal 0.000000 0.000000 0.000000
    outer loop
      vertex -3.887004 -0.512854 2.640998
      vertex -4.000000 -0.559600 2.640998
      vertex -4.000000 -0.400000 2.640998
    endloop
  endfacet
  facet normal 0.000000 0.000000 0.000000
    outer loop
      vertex -4.000000 -0.559600 2.640998
      vertex -4.112996 -0.512854 2.640998
      vertex -4.000000 -0.400000 2.640998
    endloop
  endfacet
  facet normal 0.000000 0.000000 0.000000
    outer loop
      vertex -4.112996 -0.512854 2.640998
      vertex -4.159800 -0.400000 2.640998
      vertex -4.000000 -0.400000 2.640998
    endloop
  endfacet
  facet normal 0.000000 0.000000 0.000000
    outer loop
      vertex -4.159800 -0.400000 2.640998
      vertex -4.112996 -0.287145 2.640998
      vertex -4.000000 -0.400000 2.640998
    endloop
  endfacet
  facet normal 0.000000 0.000000 0.000000
    outer loop
      vertex -4.112996 -0.287145 2.640998
      vertex -4.000000 -0.240400 2.640998
      vertex -4.000000 -0.400000 2.640998
    endloop
  endfacet
  facet normal 0.000000 0.000000 0.000000
    outer loop
      vertex -4.000000 -0.240400 2.640998
      vertex -3.887004 -0.287145 2.640998
      vertex -4.000000 -0.400000 2.640998
    endloop
  endfacet
  facet normal 0.000000 0.000000 0.000000
    outer loop
      vertex -3.887004 -0.287145 2.640998
      vertex -3.840200 -0.400000 2.640998
      vertex -4.000000 -0.400000 2.640998
    endloop
  endfacet
  facet normal 0.000000 0.000000 0.000000
    outer loop
      vertex -4.799000 -0.799000 2.959665
      vertex -4.799000 -0.799000 2.640998
      vertex -3.201000 -0.799000 2.640998
    endloop
  endfacet
  facet normal 0.000000 0.000000 0.000000
    outer loop
      vertex -4.799000 -0.799000 2.959665
      vertex -3.201000 -0.799000 2.640998
      vertex -3.201000 -0.799000 2.959665
    endloop
  endfacet
  facet normal 0.000000 0.000000 0.000000
    outer loop
      vertex -3.201000 -0.001000 2.640998
      vertex -3.360800 -0.160600 2.640998
      vertex -4.639200 -0.160600 2.640998
    endloop
  endfacet
  facet normal 0.000000 0.000000 0.000000
    outer loop
      vertex -3.201000 -0.001000 2.640998
      vertex -4.639200 -0.160600 2.640998
      vertex -4.799000 -0.001000 2.640998
    endloop
  endfacet
  facet normal 0.000000 0.000000 0.000000
    outer loop
      vertex -4.799000 -0.001000 2.640998
      vertex -4.639200 -0.160600 2.640998
      vertex -4.639200 -0.639400 2.640998
    endloop
  endfacet
  facet normal 0.000000 0.000000 0.000000
    outer loop
      vertex -4.799000 -0.001000 2.640998
      vertex -4.639200 -0.639400 2.640998
      vertex -4.799000 -0.799000 2.640998
    endloop
  endfacet
  facet normal 0.000000 0.000000 0.000000
    outer loop
      vertex -4.799000 -0.799000 2.640998
      vertex -4.639200 -0.639400 2.640998
      vertex -3.360800 -0.639400 2.640998
    endloop
  endfacet
  facet normal 0.000000 0.000000 0.000000
    outer loop
      vertex -4.799000 -0.799000 2.640998
      vertex -3.360800 -0.639400 2.640998
      vertex -3.201000 -0.799000 2.640998
    endloop
  endfacet
  facet normal 0.000000 0.000000 0.000000
    outer loop
      vertex -3.201000 -0.799000 2.640998
      vertex -3.360800 -0.639400 2.640998
      vertex -3.360800 -0.160600 2.640998
    endloop
  endfacet
  facet normal 0.000000 0.000000 0.000000
    outer loop
      vertex -3.201000 -0.799000 2.640998
      vertex -3.360800 -0.160600 2.640998
      vertex -3.201000 -0.001000 2.640998
    endloop
  endfacet
  facet normal 0.000000 0.000000 0.000000
    outer loop
      vertex -3.840200 -0.400000 2.640998
      vertex -3.840200 -0.400000 2.800331
      vertex -3.887004 -0.512854 2.800331
    endloop
  endfacet
  facet normal 0.000000 0.000000 0.000000
    outer loop
      vertex -3.840200 -0.400000 2.640998
      vertex -3.887004 -0.512854 2.800331
      vertex -3.887004 -0.512854 2.640998
    endloop
  endfacet
  facet normal 0.000000 0.000000 0.000000
    outer loop
      vertex -3.887004 -0.512854 2.640998
      vertex -3.887004 -0.512854 2.800331
      vertex -4.000000 -0.559600 2.800331
    endloop
  endfacet
  facet normal 0.000000 0.000000 0.000000
    outer loop
      vertex -3.887004 -0.512854 2.640998
      vertex -4.000000 -0.559600 2.800331
      vertex -4.000000 -0.559600 2.640998
    endloop
  endfacet
  facet normal 0.000000 0.000000 0.000000
    outer loop
      vertex -4.000000 -0.559600 2.640998
      vertex -4.000000 -0.559600 2.800331
      vertex -4.112996 -0.512854 2.800331
    endloop
  endfacet
  facet normal 0.000000 0.000000 0.000000
    outer loop
      vertex -4.000000 -0.559600 2.640998
      vertex -4.112996 -0.512854 2.800331
      vertex -4.112996 -0.512854 2.640998
    endloop
  endfacet
  facet normal 0.000000 0.000000 0.000000
    outer loop
      vertex -4.112996 -0.512854 2.640998
      vertex -4.112996 -0.512854 2.800331
      vertex -4.159800 -0.400000 2.800331
    endloop
  endfacet
  facet normal 0.000000 0.000000 0.000000
    outer loop
      vertex -4.112996 -0.512854 2.640998
      vertex -4.159800 -0.400000 2.800331
      vertex -4.159800 -0.400000 2.640998
    endloop
  endfacet
  facet normal 0.000000 0.000000 0.000000
    outer loop
      vertex -4.159800 -0.400000 2.640998
      vertex -4.159800 -0.400000 2.800331
      vertex -4.112996 -0.287145 2.800331
    endloop
  endfacet
  facet normal 0.000000 0.000000 0.000000
    outer loop
      vertex -4.159800 -0.400000 2.640998
      vertex -4.112996 -0.287145 2.800331
      vertex -4.112996 -0.287145 2.640998
    endloop
  endfacet
  facet normal 0.000000 0.000000 0.000000
    outer loop
      vertex -4.112996 -0.287145 2.640998
      vertex -4.112996 -0.287145 2.800331
      vertex -4.000000 -0.240400 2.800331
    endloop
  endfacet
  facet normal 0.000000 0.000000 0.000000
    outer loop
      vertex -4.112996 -0.287145 2.640998
      vertex -4.000000 -0.240400 2.800331
      vertex -4.000000 -0.240400 2.640998
    endloop
  endfacet
  facet normal 0.000000 0.000000 0.000000
    outer loop
      vertex -4.000000 -0.240400 2.640998
      vertex -4.000000 -0.240400 2.800331
      vertex -3.887004 -0.287145 2.800331
    endloop
  endfacet
  facet normal 0.000000 0.000000 0.000000
    outer loop
      vertex -4.000000 -0.240400 2.640998
      vertex -3.887004 -0.287145 2.800331
      vertex -3.887004 -0.287145 2.640998
    endloop
  endfacet
  facet normal 0.000000 0.000000 0.000000
    outer loop
      vertex -3.887004 -0.287145 2.640998
      vertex -3.887004 -0.287145 2.800331
      vertex -3.840200 -0.400000 2.800331
    endloop
  endfacet
  facet normal 0.000000 0.000000 0.000000
    outer loop
      vertex -3.887004 -0.287145 2.640998
      vertex -3.840200 -0.400000 2.800331
      vertex -3.840200 -0.400000 2.640998
    endloop
  endfacet
  facet normal 0.000000 0.000000 0.000000
    outer loop
      vertex -4.639200 -0.160600 2.800331
      vertex -3.360800 -0.160600 2.800331
      vertex -3.360800 -0.639400 2.800331
    endloop
  endfacet
  facet normal 0.000000 0.000000 0.000000
    outer loop
      vertex -4.639200 -0.160600 2.800331
      vertex -3.360800 -0.639400 2.800331
      vertex -4.639200 -0.639400 2.800331
    endloop
  endfacet
  facet normal 0.000000 0.000000 0.000000
    outer loop
      vertex -4.639200 -0.160600 2.800331
      vertex -4.639200 -0.160600 2.640998
      vertex -3.360800 -0.160600 2.640998
    endloop
  endfacet
  facet normal 0.000000 0.000000 0.000000
    outer loop
      vertex -4.639200 -0.160600 2.800331
      vertex -3.360800 -0.160600 2.640998
      vertex -3.360800 -0.160600 2.800331
    endloop
  endfacet
  facet normal 0.000000 0.000000 0.000000
    outer loop
      vertex -4.639200 -0.639400 2.800331
      vertex -4.639200 -0.639400 2.640998
      vertex -4.639200 -0.160600 2.640998
    endloop
  endfacet
  facet normal 0.000000 0.000000 0.000000
    outer loop
      vertex -4.639200 -0.639400 2.800331
      vertex -4.639200 -0.160600 2.640998
      vertex -4.639200 -0.160600 2.800331
    endloop
  endfacet
  facet normal 0.000000 0.000000 0.000000
    outer loop
      vertex -3.360800 -0.639400 2.800331
      vertex -3.360800 -0.639400 2.640998
      vertex -4.639200 -0.639400 2.640998
    endloop
  endfacet
  facet normal 0.000000 0.000000 0.000000
    outer loop
      vertex -3.360800 -0.639400 2.800331
      vertex -4.639200 -0.639400 2.640998
      vertex -4.639200 -0.639400 2.800331
    endloop
  endfacet
  facet normal 0.000000 0.000000 0.000000
    outer loop
      vertex -3.360800 -0.160600 2.800331
      vertex -3.360800 -0.160600 2.640998
      vertex -3.360800 -0.639400 2.640998
    endloop
  endfacet
  facet normal 0.000000 0.000000 0.000000
    outer loop
      vertex -3.360800 -0.160600 2.800331
      vertex -3.360800 -0.639400 2.640998
      vertex -3.360800 -0.639400 2.800331
    endloop
  endfacet
  facet normal 0.000000 0.000000 0.000000
    outer loop
      vertex -3.201000 -0.799000 2.640998
      vertex -3.201000 -0.001000 2.640998
      vertex -3.201000 -0.001000 2.959665
    endloop
  endfacet
  facet normal 0.000000 0.000000 0.000000
    outer loop
      vertex -3.201000 -0.799000 2.640998
      vertex -3.201000 -0.001000 2.959665
      vertex -3.201000 -0.799000 2.959665
    endloop
  endfacet
  facet normal 0.000000 0.000000 0.000000
    outer loop
      vertex -4.799000 -0.001000 2.640998
      vertex -4.799000 -0.799000 2.640998
      vertex -4.799000 -0.799000 2.959665
    endloop
  endfacet
  facet normal 0.000000 0.000000 0.000000
    outer loop
      vertex -4.799000 -0.001000 2.640998
      vertex -4.799000 -0.799000 2.959665
      vertex -4.799000 -0.001000 2.959665
    endloop
  endfacet
  facet normal 0.000000 0.000000 0.000000
    outer loop
      vertex -3.201000 -0.001000 2.640998
      vertex -4.799000 -0.001000 2.640998
      vertex -4.799000 -0.001000 2.959665
    endloop
  endfacet
  facet normal 0.000000 0.000000 0.000000
    outer loop
      vertex -3.201000 -0.001000 2.640998
      vertex -4.799000 -0.001000 2.959665
      vertex -3.201000 -0.001000 2.959665
    endloop
  endfacet
  facet normal 0.000000 0.000000 0.000000
    outer loop
      vertex -4.799000 -0.001000 2.959665
      vertex -4.799000 -0.799000 2.959665
      vertex -3.201000 -0.799000 2.959665
    endloop
  endfacet
  facet normal 0.000000 0.000000 0.000000
    outer loop
      vertex -4.799000 -0.001000 2.959665
      vertex -3.201000 -0.799000 2.959665
      vertex -3.201000 -0.001000 2.959665
    endloop
  endfacet
  facet normal 0.000000 0.000000 0.000000
    outer loop
      vertex -4.159800 -0.400000 3.118998
      vertex -4.159800 -0.400000 2.959665
      vertex -4.230006 -0.230718 2.959665
    endloop
  endfacet
  facet normal 0.000000 0.000000 0.000000
    outer loop
      vertex -4.159800 -0.400000 3.118998
      vertex -4.230006 -0.230718 2.959665
      vertex -4.230006 -0.230718 3.118998
    endloop
  endfacet
  facet normal 0.000000 0.000000 0.000000
    outer loop
      vertex -4.230006 -0.230718 3.118998
      vertex -4.230006 -0.230718 2.959665
      vertex -4.399500 -0.160600 2.959665
    endloop
  endfacet
  facet normal 0.000000 0.000000 0.000000
    outer loop
      vertex -4.230006 -0.230718 3.118998
      vertex -4.399500 -0.160600 2.959665
      vertex -4.399500 -0.160600 3.118998
    endloop
  endfacet
  facet normal 0.000000 0.000000 0.000000
    outer loop
      vertex -4.399500 -0.160600 3.118998
      vertex -4.399500 -0.160600 2.959665
      vertex -4.568994 -0.230718 2.959665
    endloop
  endfacet
  facet normal 0.000000 0.000000 0.000000
    outer loop
      vertex -4.399500 -0.160600 3.118998
      vertex -4.568994 -0.230718 2.959665
      vertex -4.568994 -0.230718 3.118998
    endloop
  endfacet
  facet normal 0.000000 0.000000 0.000000
    outer loop
      vertex -4.568994 -0.230718 3.118998
      vertex -4.568994 -0.230718 2.959665
      vertex -4.639200 -0.400000 2.959665
    endloop
  endfacet
  facet normal 0.000000 0.000000 0.000000
    outer loop
      vertex -4.568994 -0.230718 3.118998
      vertex -4.639200 -0.400000 2.959665
      vertex -4.639200 -0.400000 3.118998
    endloop
  endfacet
  facet normal 0.000000 0.000000 0.000000
    outer loop
      vertex -4.639200 -0.400000 3.118998
      vertex -4.639200 -0.400000 2.959665
      vertex -4.568994 -0.569281 2.959665
    endloop
  endfacet
  facet normal 0.000000 0.000000 0.000000
    outer loop
      vertex -4.639200 -0.400000 3.118998
      vertex -4.568994 -0.569281 2.959665
      vertex -4.568994 -0.569281 3.118998
    endloop
  endfacet
  facet normal 0.000000 0.000000 0.000000
    outer loop
      vertex -4.568994 -0.569281 3.118998
      vertex -4.568994 -0.569281 2.959665
      vertex -4.399500 -0.639400 2.959665
    endloop
  endfacet
  facet normal 0.000000 0.000000 0.000000
    outer loop
      vertex -4.568994 -0.569281 3.118998
      vertex -4.399500 -0.639400 2.959665
      vertex -4.399500 -0.639400 3.118998
    endloop
  endfacet
  facet normal 0.000000 0.000000 0.000000
    outer loop
      vertex -4.399500 -0.639400 3.118998
      vertex -4.399500 -0.639400 2.959665
      vertex -4.230006 -0.569281 2.959665
    endloop
  endfacet
  facet normal 0.000000 0.000000 0.000000
    outer loop
      vertex -4.399500 -0.639400 3.118998
      vertex -4.230006 -0.569281 2.959665
      vertex -4.230006 -0.569281 3.118998
    endloop
  endfacet
  facet normal 0.000000 0.000000 0.000000
    outer loop
      vertex -4.230006 -0.569281 3.118998
      vertex -4.230006 -0.569281 2.959665
      vertex -4.159800 -0.400000 2.959665
    endloop
  endfacet
  facet normal 0.000000 0.000000 0.000000
    outer loop
      vertex -4.230006 -0.569281 3.118998
      vertex -4.159800 -0.400000 2.959665
      vertex -4.159800 -0.400000 3.118998
    endloop
  endfacet
  facet normal 0.000000 0.000000 0.000000
    outer loop
      vertex -3.360800 -0.400000 3.118998
      vertex -3.360800 -0.400000 2.959665
      vertex -3.431006 -0.230718 2.959665
    endloop
  endfacet
  facet normal 0.000000 0.000000 0.000000
    outer loop
      vertex -3.360800 -0.400000 3.118998
      vertex -3.431006 -0.230718 2.959665
      vertex -3.431006 -0.230718 3.118998
    endloop
  endfacet
  facet normal 0.000000 0.000000 0.000000
    outer loop
      vertex -3.431006 -0.230718 3.118998
      vertex -3.431006 -0.230718 2.959665
      vertex -3.600500 -0.160600 2.959665
    endloop
  endfacet
  facet normal 0.000000 0.000000 0.000000
    outer loop
      vertex -3.431006 -0.230718 3.118998
      vertex -3.600500 -0.160600 2.959665
      vertex -3.600500 -0.160600 3.118998
    endloop
  endfacet
  facet normal 0.000000 0.000000 0.000000
    outer loop
      vertex -3.600500 -0.160600 3.118998
      vertex -3.600500 -0.160600 2.959665
      vertex -3.769994 -0.230718 2.959665
    endloop
  endfacet
  facet normal 0.000000 0.000000 0.000000
    outer loop
      vertex -3.600500 -0.160600 3.118998
      vertex -3.769994 -0.230718 2.959665
      vertex -3.769994 -0.230718 3.118998
    endloop
  endfacet
  facet normal 0.000000 0.000000 0.000000
    outer loop
      vertex -3.769994 -0.230718 3.118998
      vertex -3.769994 -0.230718 2.959665
      vertex -3.840200 -0.400000 2.959665
    endloop
  endfacet
  facet normal 0.000000 0.000000 0.000000
    outer loop
      vertex -3.769994 -0.230718 3.118998
      vertex -3.840200 -0.400000 2.959665
      vertex -3.840200 -0.400000 3.118998
    endloop
  endfacet
  facet normal 0.000000 0.000000 0.000000
    outer loop
      vertex -3.840200 -0.400000 3.118998
      vertex -3.840200 -0.400000 2.959665
      vertex -3.769994 -0.569281 2.959665
    endloop
  endfacet
  facet normal 0.000000 0.000000 0.000000
    outer loop
      vertex -3.840200 -0.400000 3.118998
      vertex -3.769994 -0.569281 2.959665
      vertex -3.769994 -0.569281 3.118998
    endloop
  endfacet
  facet normal 0.000000 0.000000 0.000000
    outer loop
      vertex -3.769994 -0.569281 3.118998
      vertex -3.769994 -0.569281 2.959665
      vertex -3.600500 -0.639400 2.959665
    endloop
  endfacet
  facet normal 0.000000 0.000000 0.000000
    outer loop
      vertex -3.769994 -0.569281 3.118998
      vertex -3.600500 -0.639400 2.959665
      vertex -3.600500 -0.639400 3.118998
    endloop
  endfacet
  facet normal 0.000000 0.000000 0.000000
    outer loop
      vertex -3.600500 -0.639400 3.118998
      vertex -3.600500 -0.639400 2.959665
      vertex -3.431006 -0.569281 2.959665
    endloop
  endfacet
  facet normal 0.000000 0.000000 0.000000
    outer loop
      vertex -3.600500 -0.639400 3.118998
      vertex -3.431006 -0.569281 2.959665
      vertex -3.431006 -0.569281 3.118998
    endloop
  endfacet
  facet normal 0.000000 0.000000 0.000000
    outer loop
      vertex -3.431006 -0.569281 3.118998
      vertex -3.431006 -0.569281 2.959665
      vertex -3.360800 -0.400000 2.959665
    endloop
  endfacet
  facet normal 0.000000 0.000000 0.000000
    outer loop
      vertex -3.431006 -0.569281 3.118998
      vertex -3.360800 -0.400000 2.959665
      vertex -3.360800 -0.400000 3.118998
    endloop
  endfacet
  facet normal 0.000000 0.000000 0.000000
    outer loop
      vertex -4.399500 -0.400000 3.118998
      vertex -4.159800 -0.400000 3.118998
      vertex -4.230006 -0.230718 3.118998
    endloop
  endfacet
  facet normal 0.000000 0.000000 0.000000
    outer loop
      vertex -4.399500 -0.400000 3.118998
      vertex -4.230006 -0.230718 3.118998
      vertex -4.399500 -0.160600 3.118998
    endloop
  endfacet
  facet normal 0.000000 0.000000 0.000000
    outer loop
      vertex -4.399500 -0.400000 3.118998
      vertex -4.399500 -0.160600 3.118998
      vertex -4.568994 -0.230718 3.118998
    endloop
  endfacet
  facet normal 0.000000 0.000000 0.000000
    outer loop
      vertex -4.399500 -0.400000 3.118998
      vertex -4.568994 -0.230718 3.118998
      vertex -4.639200 -0.400000 3.118998
    endloop
  endfacet
  facet normal 0.000000 0.000000 0.000000
    outer loop
      vertex -4.399500 -0.400000 3.118998
      vertex -4.639200 -0.400000 3.118998
      vertex -4.568994 -0.569281 3.118998
    endloop
  endfacet
  facet normal 0.000000 0.000000 0.000000
    outer loop
      vertex -4.399500 -0.400000 3.118998
      vertex -4.568994 -0.569281 3.118998
      vertex -4.399500 -0.639400 3.118998
    endloop
  endfacet
  facet normal 0.000000 0.000000 0.000000
    outer loop
      vertex -4.399500 -0.400000 3.118998
      vertex -4.399500 -0.639400 3.118998
      vertex -4.230006 -0.569281 3.118998
    endloop
  endfacet
  facet normal 0.000000 0.000000 0.000000
    outer loop
      vertex -4.399500 -0.400000 3.118998
      vertex -4.230006 -0.569281 3.118998
      vertex -4.159800 -0.400000 3.118998
    endloop
  endfacet
  facet normal 0.000000 0.000000 0.000000
    outer loop
      vertex -3.600500 -0.400000 3.118998
      vertex -3.360800 -0.400000 3.118998
      vertex -3.431006 -0.230718 3.118998
    endloop
  endfacet
  facet normal 0.000000 0.000000 0.000000
    outer loop
      vertex -3.600500 -0.400000 3.118998
      vertex -3.431006 -0.230718 3.118998
      vertex -3.600500 -0.160600 3.118998
    endloop
  endfacet
  facet normal 0.000000 0.000000 0.000000
    outer loop
      vertex -3.600500 -0.400000 3.118998
      vertex -3.600500 -0.160600 3.118998
      vertex -3.769994 -0.230718 3.118998
    endloop
  endfacet
  facet normal 0.000000 0.000000 0.000000
    outer loop
      vertex -3.600500 -0.400000 3.118998
      vertex -3.769994 -0.230718 3.118998
      vertex -3.840200 -0.400000 3.118998
    endloop
  endfacet
  facet normal 0.000000 0.000000 0.000000
    outer loop
      vertex -3.600500 -0.400000 3.118998
      vertex -3.840200 -0.400000 3.118998
      vertex -3.769994 -0.569281 3.118998
    endloop
  endfacet
  facet normal 0.000000 0.000000 0.000000
    outer loop
      vertex -3.600500 -0.400000 3.118998
      vertex -3.769994 -0.569281 3.118998
      vertex -3.600500 -0.639400 3.118998
    endloop
  endfacet
  facet normal 0.000000 0.000000 0.000000
    outer loop
      vertex -3.600500 -0.400000 3.118998
      vertex -3.600500 -0.639400 3.118998
      vertex -3.431006 -0.569281 3.118998
    endloop
  endfacet
  facet normal 0.000000 0.000000 0.000000
    outer loop
      vertex -3.600500 -0.400000 3.118998
      vertex -3.431006 -0.569281 3.118998
      vertex -3.360800 -0.400000 3.118998
    endloop
  endfacet
  facet normal 0.000000 0.000000 0.000000
    outer loop
      vertex -3.840200 -0.399999 -1.839002
      vertex -3.887004 -0.512853 -1.839002
      vertex -4.000000 -0.399999 -1.839002
    endloop
  endfacet
  facet normal 0.000000 0.000000 0.000000
    outer loop
      vertex -3.887004 -0.512853 -1.839002
      vertex -4.000000 -0.559599 -1.839002
      vertex -4.000000 -0.399999 -1.839002
    endloop
  endfacet
  facet normal 0.000000 0.000000 0.000000
    outer loop
      vertex -4.000000 -0.559599 -1.839002
      vertex -4.112996 -0.512853 -1.839002
      vertex -4.000000 -0.399999 -1.839002
    endloop
  endfacet
  facet normal 0.000000 0.000000 0.000000
    outer loop
      vertex -4.112996 -0.512853 -1.839002
      vertex -4.159800 -0.399999 -1.839002
      vertex -4.000000 -0.399999 -1.839002
    endloop
  endfacet
  facet normal 0.000000 0.000000 0.000000
    outer loop
      vertex -4.159800 -0.399999 -1.839002
      vertex -4.112996 -0.287145 -1.839002
      vertex -4.000000 -0.399999 -1.839002
    endloop
  endfacet
  facet normal 0.000000 0.000000 0.000000
    outer loop
      vertex -4.112996 -0.287145 -1.839002
      vertex -4.000000 -0.240399 -1.839002
      vertex -4.000000 -0.399999 -1.839002
    endloop
  endfacet
  facet normal 0.000000 0.000000 0.000000
    outer loop
      vertex -4.000000 -0.240399 -1.839002
      vertex -3.887004 -0.287145 -1.839002
      vertex -4.000000 -0.399999 -1.839002
    endloop
  endfacet
  facet normal 0.000000 0.000000 0.000000
    outer loop
      vertex -3.887004 -0.287145 -1.839002
      vertex -3.840200 -0.399999 -1.839002
      vertex -4.000000 -0.399999 -1.839002
    endloop
  endfacet
  facet normal 0.000000 0.000000 0.000000
    outer loop
      vertex -4.799000 -0.798999 -1.839002
      vertex -3.201000 -0.798999 -1.839002
      vertex -3.201000 -0.798999 -0.880716
    endloop
  endfacet
  facet normal 0.000000 0.000000 0.000000
    outer loop
      vertex -4.799000 -0.798999 -1.839002
      vertex -3.201000 -0.798999 -0.880716
      vertex -4.799000 -0.798999 -0.880716
    endloop
  endfacet
  facet normal 0.000000 0.000000 0.000000
    outer loop
      vertex -3.201000 -0.000999 -1.839002
      vertex -3.360800 -0.160599 -1.839002
      vertex -4.639200 -0.160599 -1.839002
    endloop
  endfacet
  facet normal 0.000000 0.000000 0.000000
    outer loop
      vertex -3.201000 -0.000999 -1.839002
      vertex -4.639200 -0.160599 -1.839002
      vertex -4.799000 -0.000999 -1.839002
    endloop
  endfacet
  facet normal 0.000000 0.000000 0.000000
    outer loop
      vertex -4.799000 -0.000999 -1.839002
      vertex -4.639200 -0.160599 -1.839002
      vertex -4.639200 -0.639399 -1.839002
    endloop
  endfacet
  facet normal 0.000000 0.000000 0.000000
    outer loop
      vertex -4.799000 -0.000999 -1.839002
      vertex -4.639200 -0.639399 -1.839002
      vertex -4.799000 -0.798999 -1.839002
    endloop
  endfacet
  facet normal 0.000000 0.000000 0.000000
    outer loop
      vertex -4.799000 -0.798999 -1.839002
      vertex -4.639200 -0.639399 -1.839002
      vertex -3.360800 -0.639399 -1.839002
    endloop
  endfacet
  facet normal 0.000000 0.000000 0.000000
    outer loop
      vertex -4.799000 -0.798999 -1.839002
      vertex -3.360800 -0.639399 -1.839002
      vertex -3.201000 -0.798999 -1.839002
    endloop
  endfacet
  facet normal 0.000000 0.000000 0.000000
    outer loop
      vertex -3.201000 -0.798999 -1.839002
      vertex -3.360800 -0.639399 -1.839002
      vertex -3.360800 -0.160599 -1.839002
    endloop
  endfacet
  facet normal 0.000000 0.000000 0.000000
    outer loop
      vertex -3.201000 -0.798999 -1.839002
      vertex -3.360800 -0.160599 -1.839002
      vertex -3.201000 -0.000999 -1.839002
    endloop
  endfacet
  facet normal 0.000000 0.000000 0.000000
    outer loop
      vertex -3.840200 -0.399999 -1.839002
      vertex -3.840200 -0.399999 -1.040431
      vertex -3.887004 -0.512853 -1.040431
    endloop
  endfacet
  facet normal 0.000000 0.000000 0.000000
    outer loop
      vertex -3.840200 -0.399999 -1.839002
      vertex -3.887004 -0.512853 -1.040431
      vertex -3.887004 -0.512853 -1.839002
    endloop
  endfacet
  facet normal 0.000000 0.000000 0.000000
    outer loop
      vertex -3.887004 -0.512853 -1.839002
      vertex -3.887004 -0.512853 -1.040431
      vertex -4.000000 -0.559599 -1.040431
    endloop
  endfacet
  facet normal 0.000000 0.000000 0.000000
    outer loop
      vertex -3.887004 -0.512853 -1.839002
      vertex -4.000000 -0.559599 -1.040431
      vertex -4.000000 -0.559599 -1.839002
    endloop
  endfacet
  facet normal 0.000000 0.000000 0.000000
    outer loop
      vertex -4.000000 -0.559599 -1.839002
      vertex -4.000000 -0.559599 -1.040431
      vertex -4.112996 -0.512853 -1.040431
    endloop
  endfacet
  facet normal 0.000000 0.000000 0.000000
    outer loop
      vertex -4.000000 -0.559599 -1.839002
      vertex -4.112996 -0.512853 -1.040431
      vertex -4.112996 -0.512853 -1.839002
    endloop
  endfacet
  facet normal 0.000000 0.000000 0.000000
    outer loop
      vertex -4.112996 -0.512853 -1.839002
      vertex -4.112996 -0.512853 -1.040431
      vertex -4.159800 -0.399999 -1.040431
    endloop
  endfacet
  facet normal 0.000000 0.000000 0.000000
    outer loop
      vertex -4.112996 -0.512853 -1.839002
      vertex -4.159800 -0.399999 -1.040431
      vertex -4.159800 -0.399999 -1.839002
    endloop
  endfacet
  facet normal 0.000000 0.000000 0.000000
    outer loop
      vertex -4.159800 -0.399999 -1.839002
      vertex -4.159800 -0.399999 -1.040431
      vertex -4.112996 -0.287145 -1.040431
    endloop
  endfacet
  facet normal 0.000000 0.000000 0.000000
    outer loop
      vertex -4.159800 -0.399999 -1.839002
      vertex -4.112996 -0.287145 -1.040431
      vertex -4.112996 -0.287145 -1.839002
    endloop
  endfacet
  facet normal 0.000000 0.000000 0.000000
    outer loop
      vertex -4.112996 -0.287145 -1.839002
      vertex -4.112996 -0.287145 -1.040431
      vertex -4.000000 -0.240399 -1.040431
    endloop
  endfacet
  facet normal 0.000000 0.000000 0.000000
    outer loop
      vertex -4.112996 -0.287145 -1.839002
      vertex -4.000000 -0.240399 -1.040431
      vertex -4.000000 -0.240399 -1.839002
    endloop
  endfacet
  facet normal 0.000000 0.000000 0.000000
    outer loop
      vertex -4.000000 -0.240399 -1.839002
      vertex -4.000000 -0.240399 -1.040431
      vertex -3.887004 -0.287145 -1.040431
    endloop
  endfacet
  facet normal 0.000000 0.000000 0.000000
    outer loop
      vertex -4.000000 -0.240399 -1.839002
      vertex -3.887004 -0.287145 -1.040431
      vertex -3.887004 -0.287145 -1.839002
    endloop
  endfacet
  facet normal 0.000000 0.000000 0.000000
    outer loop
      vertex -3.887004 -0.287145 -1.839002
      vertex -3.887004 -0.287145 -1.040431
      vertex -3.840200 -0.399999 -1.040431
    endloop
  endfacet
  facet normal 0.000000 0.000000 0.000000
    outer loop
      vertex -3.887004 -0.287145 -1.839002
      vertex -3.840200 -0.399999 -1.040431
      vertex -3.840200 -0.399999 -1.839002
    endloop
  endfacet
  facet normal 0.000000 0.000000 0.000000
    outer loop
      vertex -4.639200 -0.160599 -1.040431
      vertex -3.360800 -0.160599 -1.040431
      vertex -3.360800 -0.639399 -1.040431
    endloop
  endfacet
  facet normal 0.000000 0.000000 0.000000
    outer loop
      vertex -4.639200 -0.160599 -1.040431
      vertex -3.360800 -0.639399 -1.040431
      vertex -4.639200 -0.639399 -1.040431
    endloop
  endfacet
  facet normal 0.000000 0.000000 0.000000
    outer loop
      vertex -4.639200 -0.160599 -1.040431
      vertex -4.639200 -0.160599 -1.839002
      vertex -3.360800 -0.160599 -1.839002
    endloop
  endfacet
  facet normal 0.000000 0.000000 0.000000
    outer loop
      vertex -4.639200 -0.160599 -1.040431
      vertex -3.360800 -0.160599 -1.839002
      vertex -3.360800 -0.160599 -1.040431
    endloop
  endfacet
  facet normal 0.000000 0.000000 0.000000
    outer loop
      vertex -4.639200 -0.639399 -1.040431
      vertex -4.639200 -0.639399 -1.839002
      vertex -4.639200 -0.160599 -1.839002
    endloop
  endfacet
  facet normal 0.000000 0.000000 0.000000
    outer loop
      vertex -4.639200 -0.639399 -1.040431
      vertex -4.639200 -0.160599 -1.839002
      vertex -4.639200 -0.160599 -1.040431
    endloop
  endfacet
  facet normal 0.000000 0.000000 0.000000
    outer loop
      vertex -3.360800 -0.639399 -1.040431
      vertex -3.360800 -0.639399 -1.839002
      vertex -4.639200 -0.639399 -1.839002
    endloop
  endfacet
  facet normal 0.000000 0.000000 0.000000
    outer loop
      vertex -3.360800 -0.639399 -1.040431
      vertex -4.639200 -0.639399 -1.839002
      vertex -4.639200 -0.639399 -1.040431
    endloop
  endfacet
  facet normal 0.000000 0.000000 0.000000
    outer loop
      vertex -3.360800 -0.160599 -1.040431
      vertex -3.360800 -0.160599 -1.839002
      vertex -3.360800 -0.639399 -1.839002
    endloop
  endfacet
  facet normal 0.000000 0.000000 0.000000
    outer loop
      vertex -3.360800 -0.160599 -1.040431
      vertex -3.360800 -0.639399 -1.839002
      vertex -3.360800 -0.639399 -1.040431
    endloop
  endfacet
  facet normal 0.000000 0.000000 0.000000
    outer loop
      vertex -3.201000 -0.798999 -1.839002
      vertex -3.201000 -0.000999 -1.839002
      vertex -3.201000 -0.000999 -0.880716
    endloop
  endfacet
  facet normal 0.000000 0.000000 0.000000
    outer loop
      vertex -3.201000 -0.798999 -1.839002
      vertex -3.201000 -0.000999 -0.880716
      vertex -3.201000 -0.798999 -0.880716
    endloop
  endfacet
  facet normal 0.000000 0.000000 0.000000
    outer loop
      vertex -4.799000 -0.000999 -1.839002
      vertex -4.799000 -0.798999 -1.839002
      vertex -4.799000 -0.798999 -0.880716
    endloop
  endfacet
  facet normal 0.000000 0.000000 0.000000
    outer loop
      vertex -4.799000 -0.000999 -1.839002
      vertex -4.799000 -0.798999 -0.880716
      vertex -4.799000 -0.000999 -0.880716
    endloop
  endfacet
  facet normal 0.000000 0.000000 0.000000
    outer loop
      vertex -3.201000 -0.000999 -1.839002
      vertex -4.799000 -0.000999 -1.839002
      vertex -4.799000 -0.000999 -0.880716
    endloop
  endfacet
  facet normal 0.000000 0.000000 0.000000
    outer loop
      vertex -3.201000 -0.000999 -1.839002
      vertex -4.799000 -0.000999 -0.880716
      vertex -3.201000 -0.000999 -0.880716
    endloop
  endfacet
  facet normal 0.000000 0.000000 0.000000
    outer loop
      vertex -4.799000 -0.000999 -0.880716
      vertex -4.799000 -0.798999 -0.880716
      vertex -3.201000 -0.798999 -0.880716
    endloop
  endfacet
  facet normal 0.000000 0.000000 0.000000
    outer loop
      vertex -4.799000 -0.000999 -0.880716
      vertex -3.201000 -0.798999 -0.880716
      vertex -3.201000 -0.000999 -0.880716
    endloop
  endfacet
  facet normal 0.000000 0.000000 0.000000
    outer loop
      vertex -3.360800 -0.399999 -0.721002
      vertex -3.360800 -0.399999 -0.880716
      vertex -3.431006 -0.230718 -0.880716
    endloop
  endfacet
  facet normal 0.000000 0.000000 0.000000
    outer loop
      vertex -3.360800 -0.399999 -0.721002
      vertex -3.431006 -0.230718 -0.880716
      vertex -3.431006 -0.230718 -0.721002
    endloop
  endfacet
  facet normal 0.000000 0.000000 0.000000
    outer loop
      vertex -3.431006 -0.230718 -0.721002
      vertex -3.431006 -0.230718 -0.880716
      vertex -3.600500 -0.160599 -0.880716
    endloop
  endfacet
  facet normal 0.000000 0.000000 0.000000
    outer loop
      vertex -3.431006 -0.230718 -0.721002
      vertex -3.600500 -0.160599 -0.880716
      vertex -3.600500 -0.160599 -0.721002
    endloop
  endfacet
  facet normal 0.000000 0.000000 0.000000
    outer loop
      vertex -3.600500 -0.160599 -0.721002
      vertex -3.600500 -0.160599 -0.880716
      vertex -3.769994 -0.230718 -0.880716
    endloop
  endfacet
  facet normal 0.000000 0.000000 0.000000
    outer loop
      vertex -3.600500 -0.160599 -0.721002
      vertex -3.769994 -0.230718 -0.880716
      vertex -3.769994 -0.230718 -0.721002
    endloop
  endfacet
  facet normal 0.000000 0.000000 0.000000
    outer loop
      vertex -3.769994 -0.230718 -0.721002
      vertex -3.769994 -0.230718 -0.880716
      vertex -3.840200 -0.399999 -0.880716
    endloop
  endfacet
  facet normal 0.000000 0.000000 0.000000
    outer loop
      vertex -3.769994 -0.230718 -0.721002
      vertex -3.840200 -0.399999 -0.880716
      vertex -3.840200 -0.399999 -0.721002
    endloop
  endfacet
  facet normal 0.000000 0.000000 0.000000
    outer loop
      vertex -3.840200 -0.399999 -0.721002
      vertex -3.840200 -0.399999 -0.880716
      vertex -3.769994 -0.569281 -0.880716
    endloop
  endfacet
  facet normal 0.000000 0.000000 0.000000
    outer loop
      vertex -3.840200 -0.399999 -0.721002
      vertex -3.769994 -0.569281 -0.880716
      vertex -3.769994 -0.569281 -0.721002
    endloop
  endfacet
  facet normal 0.000000 0.000000 0.000000
    outer loop
      vertex -3.769994 -0.569281 -0.721002
      vertex -3.769994 -0.569281 -0.880716
      vertex -3.600500 -0.639399 -0.880716
    endloop
  endfacet
  facet normal 0.000000 0.000000 0.000000
    outer loop
      vertex -3.769994 -0.569281 -0.721002
      vertex -3.600500 -0.639399 -0.880716
      vertex -3.600500 -0.639399 -0.721002
    endloop
  endfacet
  facet normal 0.000000 0.000000 0.000000
    outer loop
      vertex -3.600500 -0.639399 -0.721002
      vertex -3.600500 -0.639399 -0.880716
      vertex -3.431006 -0.569280 -0.880716
    endloop
  endfacet
  facet normal 0.000000 0.000000 0.000000
    outer loop
      vertex -3.600500 -0.639399 -0.721002
      vertex -3.431006 -0.569280 -0.880716
      vertex -3.431006 -0.569280 -0.721002
    endloop
  endfacet
  facet normal 0.000000 0.000000 0.000000
    outer loop
      vertex -3.431006 -0.569280 -0.721002
      vertex -3.431006 -0.569280 -0.880716
      vertex -3.360800 -0.399999 -0.880716
    endloop
  endfacet
  facet normal 0.000000 0.000000 0.000000
    outer loop
      vertex -3.431006 -0.569280 -0.721002
      vertex -3.360800 -0.399999 -0.880716
      vertex -3.360800 -0.399999 -0.721002
    endloop
  endfacet
  facet normal 0.000000 0.000000 0.000000
    outer loop
      vertex -4.159800 -0.399999 -0.721002
      vertex -4.159800 -0.399999 -0.880716
      vertex -4.230006 -0.230718 -0.880716
    endloop
  endfacet
  facet normal 0.000000 0.000000 0.000000
    outer loop
      vertex -4.159800 -0.399999 -0.721002
      vertex -4.230006 -0.230718 -0.880716
      vertex -4.230006 -0.230718 -0.721002
    endloop
  endfacet
  facet normal 0.000000 0.000000 0.000000
    outer loop
      vertex -4.230006 -0.230718 -0.721002
      vertex -4.230006 -0.230718 -0.880716
      vertex -4.399500 -0.160599 -0.880716
    endloop
  endfacet
  facet normal 0.000000 0.000000 0.000000
    outer loop
      vertex -4.230006 -0.230718 -0.721002
      vertex -4.399500 -0.160599 -0.880716
      vertex -4.399500 -0.160599 -0.721002
    endloop
  endfacet
  facet normal 0.000000 0.000000 0.000000
    outer loop
      vertex -4.399500 -0.160599 -0.721002
      vertex -4.399500 -0.160599 -0.880716
      vertex -4.568994 -0.230718 -0.880716
    endloop
  endfacet
  facet normal 0.000000 0.000000 0.000000
    outer loop
      vertex -4.399500 -0.160599 -0.721002
      vertex -4.568994 -0.230718 -0.880716
      vertex -4.568994 -0.230718 -0.721002
    endloop
  endfacet
  facet normal 0.000000 0.000000 0.000000
    outer loop
      vertex -4.568994 -0.230718 -0.721002
      vertex -4.568994 -0.230718 -0.880716
      vertex -4.639200 -0.399999 -0.880716
    endloop
  endfacet
  facet normal 0.000000 0.000000 0.000000
    outer loop
      vertex -4.568994 -0.230718 -0.721002
      vertex -4.639200 -0.399999 -0.880716
      vertex -4.639200 -0.399999 -0.721002
    endloop
  endfacet
  facet normal 0.000000 0.000000 0.000000
    outer loop
      vertex -4.639200 -0.399999 -0.721002
      vertex -4.639200 -0.399999 -0.880716
      vertex -4.568994 -0.569281 -0.880716
    endloop
  endfacet
  facet normal 0.000000 0.000000 0.000000
    outer loop
      vertex -4.639200 -0.399999 -0.721002
      vertex -4.568994 -0.569281 -0.880716
      vertex -4.568994 -0.569281 -0.721002
    endloop
  endfacet
  facet normal 0.000000 0.000000 0.000000
    outer loop
      vertex -4.568994 -0.569281 -0.721002
      vertex -4.568994 -0.569281 -0.880716
      vertex -4.399500 -0.639399 -0.880716
    endloop
  endfacet
  facet normal 0.000000 0.000000 0.000000
    outer loop
      vertex -4.568994 -0.569281 -0.721002
      vertex -4.399500 -0.639399 -0.880716
      vertex -4.399500 -0.639399 -0.721002
    endloop
  endfacet
  facet normal 0.000000 0.000000 0.000000
    outer loop
      vertex -4.399500 -0.639399 -0.721002
      vertex -4.399500 -0.639399 -0.880716
      vertex -4.230006 -0.569280 -0.880716
    endloop
  endfacet
  facet normal 0.000000 0.000000 0.000000
    outer loop
      vertex -4.399500 -0.639399 -0.721002
      vertex -4.230006 -0.569280 -0.880716
      vertex -4.230006 -0.569280 -0.721002
    endloop
  endfacet
  facet normal 0.000000 0.000000 0.000000
    outer loop
      vertex -4.230006 -0.569280 -0.721002
      vertex -4.230006 -0.569280 -0.880716
      vertex -4.159800 -0.399999 -0.880716
    endloop
  endfacet
  facet normal 0.000000 0.000000 0.000000
    outer loop
      vertex -4.230006 -0.569280 -0.721002
      vertex -4.159800 -0.399999 -0.880716
      vertex -4.159800 -0.399999 -0.721002
    endloop
  endfacet
  facet normal 0.000000 0.000000 0.000000
    outer loop
      vertex -3.600500 -0.399999 -0.721002
      vertex -3.360800 -0.399999 -0.721002
      vertex -3.431006 -0.230718 -0.721002
    endloop
  endfacet
  facet normal 0.000000 0.000000 0.000000
    outer loop
      vertex -3.600500 -0.399999 -0.721002
      vertex -3.431006 -0.230718 -0.721002
      vertex -3.600500 -0.160599 -0.721002
    endloop
  endfacet
  facet normal 0.000000 0.000000 0.000000
    outer loop
      vertex -3.600500 -0.399999 -0.721002
      vertex -3.600500 -0.160599 -0.721002
      vertex -3.769994 -0.230718 -0.721002
    endloop
  endfacet
  facet normal 0.000000 0.000000 0.000000
    outer loop
      vertex -3.600500 -0.399999 -0.721002
      vertex -3.769994 -0.230718 -0.721002
      vertex -3.840200 -0.399999 -0.721002
    endloop
  endfacet
  facet normal 0.000000 0.000000 0.000000
    outer loop
      vertex -3.600500 -0.399999 -0.721002
      vertex -3.840200 -0.399999 -0.721002
      vertex -3.769994 -0.569281 -0.721002
    endloop
  endfacet
  facet normal 0.000000 0.000000 0.000000
    outer loop
      vertex -3.600500 -0.399999 -0.721002
      vertex -3.769994 -0.569281 -0.721002
      vertex -3.600500 -0.639399 -0.721002
    endloop
  endfacet
  facet normal 0.000000 0.000000 0.000000
    outer loop
      vertex -3.600500 -0.399999 -0.721002
      vertex -3.600500 -0.639399 -0.721002
      vertex -3.431006 -0.569280 -0.721002
    endloop
  endfacet
  facet normal 0.000000 0.000000 0.000000
    outer loop
      vertex -3.600500 -0.399999 -0.721002
      vertex -3.431006 -0.569280 -0.721002
      vertex -3.360800 -0.399999 -0.721002
    endloop
  endfacet
  facet normal 0.000000 0.000000 0.000000
    outer loop
      vertex -4.399500 -0.399999 -0.721002
      vertex -4.159800 -0.399999 -0.721002
      vertex -4.230006 -0.230718 -0.721002
    endloop
  endfacet
  facet normal 0.000000 0.000000 0.000000
    outer loop
      vertex -4.399500 -0.399999 -0.721002
      vertex -4.230006 -0.230718 -0.721002
      vertex -4.399500 -0.160599 -0.721002
    endloop
  endfacet
  facet normal 0.000000 0.000000 0.000000
    outer loop
      vertex -4.399500 -0.399999 -0.721002
      vertex -4.399500 -0.160599 -0.721002
      vertex -4.568994 -0.230718 -0.721002
    endloop
  endfacet
  facet normal 0.000000 0.000000 0.000000
    outer loop
      vertex -4.399500 -0.399999 -0.721002
      vertex -4.568994 -0.230718 -0.721002
      vertex -4.639200 -0.399999 -0.721002
    endloop
  endfacet
  facet normal 0.000000 0.000000 0.000000
    outer loop
      vertex -4.399500 -0.399999 -0.721002
      vertex -4.639200 -0.399999 -0.721002
      vertex -4.568994 -0.569281 -0.721002
    endloop
  endfacet
  facet normal 0.000000 0.000000 0.000000
    outer loop
      vertex -4.399500 -0.399999 -0.721002
      vertex -4.568994 -0.569281 -0.721002
      vertex -4.399500 -0.639399 -0.721002
    endloop
  endfacet
  facet normal 0.000000 0.000000 0.000000
    outer loop
      vertex -4.399500 -0.399999 -0.721002
      vertex -4.399500 -0.639399 -0.721002
      vertex -4.230006 -0.569280 -0.721002
    endloop
  endfacet
  facet normal 0.000000 0.000000 0.000000
    outer loop
      vertex -4.399500 -0.399999 -0.721002
      vertex -4.230006 -0.569280 -0.721002
      vertex -4.159800 -0.399999 -0.721002
    endloop
  endfacet
  facet normal 0.000000 0.000000 0.000000
    outer loop
      vertex -3.201000 -0.799000 3.278998
      vertex -3.201000 -0.001000 3.278998
      vertex -4.799000 -0.001000 3.278998
    endloop
  endfacet
  facet normal 0.000000 0.000000 0.000000
    outer loop
      vertex -3.201000 -0.799000 3.278998
      vertex -4.799000 -0.001000 3.278998
      vertex -4.799000 -0.799000 3.278998
    endloop
  endfacet
  facet normal 0.000000 0.000000 0.000000
    outer loop
      vertex -4.759050 -0.040900 2.960998
      vertex -4.639200 -0.160600 2.960998
      vertex -4.639200 -0.639400 2.960998
    endloop
  endfacet
  facet normal 0.000000 0.000000 0.000000
    outer loop
      vertex -4.759050 -0.040900 2.960998
      vertex -4.639200 -0.639400 2.960998
      vertex -4.759050 -0.759100 2.960998
    endloop
  endfacet
  facet normal 0.000000 0.000000 0.000000
    outer loop
      vertex -3.240950 -0.759100 2.960998
      vertex -3.360800 -0.639400 2.960998
      vertex -3.360800 -0.160600 2.960998
    endloop
  endfacet
  facet normal 0.000000 0.000000 0.000000
    outer loop
      vertex -3.240950 -0.759100 2.960998
      vertex -3.360800 -0.160600 2.960998
      vertex -3.240950 -0.040900 2.960998
    endloop
  endfacet
  facet normal 0.000000 0.000000 0.000000
    outer loop
      vertex -3.240950 -0.040900 2.960998
      vertex -3.360800 -0.160600 2.960998
      vertex -4.639200 -0.160600 2.960998
    endloop
  endfacet
  facet normal 0.000000 0.000000 0.000000
    outer loop
      vertex -3.240950 -0.040900 2.960998
      vertex -4.639200 -0.160600 2.960998
      vertex -4.759050 -0.040900 2.960998
    endloop
  endfacet
  facet normal 0.000000 0.000000 0.000000
    outer loop
      vertex -4.759050 -0.759100 2.960998
      vertex -4.639200 -0.639400 2.960998
      vertex -3.360800 -0.639400 2.960998
    endloop
  endfacet
  facet normal 0.000000 0.000000 0.000000
    outer loop
      vertex -4.759050 -0.759100 2.960998
      vertex -3.360800 -0.639400 2.960998
      vertex -3.240950 -0.759100 2.960998
    endloop
  endfacet
  facet normal 0.000000 0.000000 0.000000
    outer loop
      vertex -4.799000 -0.001000 3.000748
      vertex -4.759050 -0.040900 3.000748
      vertex -4.759050 -0.759100 3.000748
    endloop
  endfacet
  facet normal 0.000000 0.000000 0.000000
    outer loop
      vertex -4.799000 -0.001000 3.000748
      vertex -4.759050 -0.759100 3.000748
      vertex -4.799000 -0.799000 3.000748
    endloop
  endfacet
  facet normal 0.000000 0.000000 0.000000
    outer loop
      vertex -3.201000 -0.799000 3.000748
      vertex -3.240950 -0.759100 3.000748
      vertex -3.240950 -0.040900 3.000748
    endloop
  endfacet
  facet normal 0.000000 0.000000 0.000000
    outer loop
      vertex -3.201000 -0.799000 3.000748
      vertex -3.240950 -0.040900 3.000748
      vertex -3.201000 -0.001000 3.000748
    endloop
  endfacet
  facet normal 0.000000 0.000000 0.000000
    outer loop
      vertex -3.201000 -0.001000 3.000748
      vertex -3.240950 -0.040900 3.000748
      vertex -4.759050 -0.040900 3.000748
    endloop
  endfacet
  facet normal 0.000000 0.000000 0.000000
    outer loop
      vertex -3.201000 -0.001000 3.000748
      vertex -4.759050 -0.040900 3.000748
      vertex -4.799000 -0.001000 3.000748
    endloop
  endfacet
  facet normal 0.000000 0.000000 0.000000
    outer loop
      vertex -4.799000 -0.799000 3.000748
      vertex -4.759050 -0.759100 3.000748
      vertex -3.240950 -0.759100 3.000748
    endloop
  endfacet
  facet normal 0.000000 0.000000 0.000000
    outer loop
      vertex -4.799000 -0.799000 3.000748
      vertex -3.240950 -0.759100 3.000748
      vertex -3.201000 -0.799000 3.000748
    endloop
  endfacet
  facet normal 0.000000 0.000000 0.000000
    outer loop
      vertex -4.799000 -0.001000 3.000748
      vertex -4.799000 -0.001000 3.278998
      vertex -3.201000 -0.001000 3.278998
    endloop
  endfacet
  facet normal 0.000000 0.000000 0.000000
    outer loop
      vertex -4.799000 -0.001000 3.000748
      vertex -3.201000 -0.001000 3.278998
      vertex -3.201000 -0.001000 3.000748
    endloop
  endfacet
  facet normal 0.000000 0.000000 0.000000
    outer loop
      vertex -4.799000 -0.799000 3.000748
      vertex -4.799000 -0.799000 3.278998
      vertex -4.799000 -0.001000 3.278998
    endloop
  endfacet
  facet normal 0.000000 0.000000 0.000000
    outer loop
      vertex -4.799000 -0.799000 3.000748
      vertex -4.799000 -0.001000 3.278998
      vertex -4.799000 -0.001000 3.000748
    endloop
  endfacet
  facet normal 0.000000 0.000000 0.000000
    outer loop
      vertex -3.201000 -0.799000 3.000748
      vertex -3.201000 -0.799000 3.278998
      vertex -4.799000 -0.799000 3.278998
    endloop
  endfacet
  facet normal 0.000000 0.000000 0.000000
    outer loop
      vertex -3.201000 -0.799000 3.000748
      vertex -4.799000 -0.799000 3.278998
      vertex -4.799000 -0.799000 3.000748
    endloop
  endfacet
  facet normal 0.000000 0.000000 0.000000
    outer loop
      vertex -3.201000 -0.001000 3.000748
      vertex -3.201000 -0.001000 3.278998
      vertex -3.201000 -0.799000 3.278998
    endloop
  endfacet
  facet normal 0.000000 0.000000 0.000000
    outer loop
      vertex -3.201000 -0.001000 3.000748
      vertex -3.201000 -0.799000 3.278998
      vertex -3.201000 -0.799000 3.000748
    endloop
  endfacet
  facet normal 0.000000 0.000000 0.000000
    outer loop
      vertex -4.759050 -0.040900 2.960998
      vertex -4.759050 -0.040900 3.000748
      vertex -3.240950 -0.040900 3.000748
    endloop
  endfacet
  facet normal 0.000000 0.000000 0.000000
    outer loop
      vertex -4.759050 -0.040900 2.960998
      vertex -3.240950 -0.040900 3.000748
      vertex -3.240950 -0.040900 2.960998
    endloop
  endfacet
  facet normal 0.000000 0.000000 0.000000
    outer loop
      vertex -4.759050 -0.759100 2.960998
      vertex -4.759050 -0.759100 3.000748
      vertex -4.759050 -0.040900 3.000748
    endloop
  endfacet
  facet normal 0.000000 0.000000 0.000000
    outer loop
      vertex -4.759050 -0.759100 2.960998
      vertex -4.759050 -0.040900 3.000748
      vertex -4.759050 -0.040900 2.960998
    endloop
  endfacet
  facet normal 0.000000 0.000000 0.000000
    outer loop
      vertex -3.240950 -0.759100 2.960998
      vertex -3.240950 -0.759100 3.000748
      vertex -4.759050 -0.759100 3.000748
    endloop
  endfacet
  facet normal 0.000000 0.000000 0.000000
    outer loop
      vertex -3.240950 -0.759100 2.960998
      vertex -4.759050 -0.759100 3.000748
      vertex -4.759050 -0.759100 2.960998
    endloop
  endfacet
  facet normal 0.000000 0.000000 0.000000
    outer loop
      vertex -3.240950 -0.040900 2.960998
      vertex -3.240950 -0.040900 3.000748
      vertex -3.240950 -0.759100 3.000748
    endloop
  endfacet
  facet normal 0.000000 0.000000 0.000000
    outer loop
      vertex -3.240950 -0.040900 2.960998
      vertex -3.240950 -0.759100 3.000748
      vertex -3.240950 -0.759100 2.960998
    endloop
  endfacet
  facet normal 0.000000 0.000000 0.000000
    outer loop
      vertex -4.639200 -0.160600 3.119998
      vertex -3.360800 -0.160600 3.119998
      vertex -3.360800 -0.639400 3.119998
    endloop
  endfacet
  facet normal 0.000000 0.000000 0.000000
    outer loop
      vertex -4.639200 -0.160600 3.119998
      vertex -3.360800 -0.639400 3.119998
      vertex -4.639200 -0.639400 3.119998
    endloop
  endfacet
  facet normal 0.000000 0.000000 0.000000
    outer loop
      vertex -4.639200 -0.160600 3.119998
      vertex -4.639200 -0.160600 2.960998
      vertex -3.360800 -0.160600 2.960998
    endloop
  endfacet
  facet normal 0.000000 0.000000 0.000000
    outer loop
      vertex -4.639200 -0.160600 3.119998
      vertex -3.360800 -0.160600 2.960998
      vertex -3.360800 -0.160600 3.119998
    endloop
  endfacet
  facet normal 0.000000 0.000000 0.000000
    outer loop
      vertex -4.639200 -0.639400 3.119998
      vertex -4.639200 -0.639400 2.960998
      vertex -4.639200 -0.160600 2.960998
    endloop
  endfacet
  facet normal 0.000000 0.000000 0.000000
    outer loop
      vertex -4.639200 -0.639400 3.119998
      vertex -4.639200 -0.160600 2.960998
      vertex -4.639200 -0.160600 3.119998
    endloop
  endfacet
  facet normal 0.000000 0.000000 0.000000
    outer loop
      vertex -3.360800 -0.639400 3.119998
      vertex -3.360800 -0.639400 2.960998
      vertex -4.639200 -0.639400 2.960998
    endloop
  endfacet
  facet normal 0.000000 0.000000 0.000000
    outer loop
      vertex -3.360800 -0.639400 3.119998
      vertex -4.639200 -0.639400 2.960998
      vertex -4.639200 -0.639400 3.119998
    endloop
  endfacet
  facet normal 0.000000 0.000000 0.000000
    outer loop
      vertex -3.360800 -0.160600 3.119998
      vertex -3.360800 -0.160600 2.960998
      vertex -3.360800 -0.639400 2.960998
    endloop
  endfacet
  facet normal 0.000000 0.000000 0.000000
    outer loop
      vertex -3.360800 -0.160600 3.119998
      vertex -3.360800 -0.639400 2.960998
      vertex -3.360800 -0.639400 3.119998
    endloop
  endfacet
  facet normal 0.000000 0.000000 0.000000
    outer loop
      vertex -3.999000 -0.799000 1.680998
      vertex -3.201000 -0.799000 1.680998
      vertex -3.201000 -0.799000 2.639283
    endloop
  endfacet
  facet normal 0.000000 0.000000 0.000000
    outer loop
      vertex -3.999000 -0.799000 1.680998
      vertex -3.201000 -0.799000 2.639283
      vertex -3.999000 -0.799000 2.639283
    endloop
  endfacet
  facet normal 0.000000 0.000000 0.000000
    outer loop
      vertex -3.201000 -0.799000 1.680998
      vertex -3.360600 -0.639400 1.680998
      vertex -3.360600 -0.160600 1.680998
    endloop
  endfacet
  facet normal 0.000000 0.000000 0.000000
    outer loop
      vertex -3.201000 -0.799000 1.680998
      vertex -3.360600 -0.160600 1.680998
      vertex -3.201000 -0.001000 1.680998
    endloop
  endfacet
  facet normal 0.000000 0.000000 0.000000
    outer loop
      vertex -3.201000 -0.001000 1.680998
      vertex -3.360600 -0.160600 1.680998
      vertex -3.839400 -0.160600 1.680998
    endloop
  endfacet
  facet normal 0.000000 0.000000 0.000000
    outer loop
      vertex -3.201000 -0.001000 1.680998
      vertex -3.839400 -0.160600 1.680998
      vertex -3.999000 -0.001000 1.680998
    endloop
  endfacet
  facet normal 0.000000 0.000000 0.000000
    outer loop
      vertex -3.999000 -0.001000 1.680998
      vertex -3.839400 -0.160600 1.680998
      vertex -3.839400 -0.639400 1.680998
    endloop
  endfacet
  facet normal 0.000000 0.000000 0.000000
    outer loop
      vertex -3.999000 -0.001000 1.680998
      vertex -3.839400 -0.639400 1.680998
      vertex -3.999000 -0.799000 1.680998
    endloop
  endfacet
  facet normal 0.000000 0.000000 0.000000
    outer loop
      vertex -3.999000 -0.799000 1.680998
      vertex -3.839400 -0.639400 1.680998
      vertex -3.360600 -0.639400 1.680998
    endloop
  endfacet
  facet normal 0.000000 0.000000 0.000000
    outer loop
      vertex -3.999000 -0.799000 1.680998
      vertex -3.360600 -0.639400 1.680998
      vertex -3.201000 -0.799000 1.680998
    endloop
  endfacet
  facet normal 0.000000 0.000000 0.000000
    outer loop
      vertex -3.360600 -0.160600 2.479569
      vertex -3.360600 -0.639400 2.479569
      vertex -3.839400 -0.639400 2.479569
    endloop
  endfacet
  facet normal 0.000000 0.000000 0.000000
    outer loop
      vertex -3.360600 -0.160600 2.479569
      vertex -3.839400 -0.639400 2.479569
      vertex -3.839400 -0.160600 2.479569
    endloop
  endfacet
  facet normal 0.000000 0.000000 0.000000
    outer loop
      vertex -3.360600 -0.160600 2.479569
      vertex -3.360600 -0.160600 1.680998
      vertex -3.360600 -0.639400 1.680998
    endloop
  endfacet
  facet normal 0.000000 0.000000 0.000000
    outer loop
      vertex -3.360600 -0.160600 2.479569
      vertex -3.360600 -0.639400 1.680998
      vertex -3.360600 -0.639400 2.479569
    endloop
  endfacet
  facet normal 0.000000 0.000000 0.000000
    outer loop
      vertex -3.839400 -0.160600 2.479569
      vertex -3.839400 -0.160600 1.680998
      vertex -3.360600 -0.160600 1.680998
    endloop
  endfacet
  facet normal 0.000000 0.000000 0.000000
    outer loop
      vertex -3.839400 -0.160600 2.479569
      vertex -3.360600 -0.160600 1.680998
      vertex -3.360600 -0.160600 2.479569
    endloop
  endfacet
  facet normal 0.000000 0.000000 0.000000
    outer loop
      vertex -3.839400 -0.639400 2.479569
      vertex -3.839400 -0.639400 1.680998
      vertex -3.839400 -0.160600 1.680998
    endloop
  endfacet
  facet normal 0.000000 0.000000 0.000000
    outer loop
      vertex -3.839400 -0.639400 2.479569
      vertex -3.839400 -0.160600 1.680998
      vertex -3.839400 -0.160600 2.479569
    endloop
  endfacet
  facet normal 0.000000 0.000000 0.000000
    outer loop
      vertex -3.360600 -0.639400 2.479569
      vertex -3.360600 -0.639400 1.680998
      vertex -3.839400 -0.639400 1.680998
    endloop
  endfacet
  facet normal 0.000000 0.000000 0.000000
    outer loop
      vertex -3.360600 -0.639400 2.479569
      vertex -3.839400 -0.639400 1.680998
      vertex -3.839400 -0.639400 2.479569
    endloop
  endfacet
  facet normal 0.000000 0.000000 0.000000
    outer loop
      vertex -3.201000 -0.799000 1.680998
      vertex -3.201000 -0.001000 1.680998
      vertex -3.201000 -0.001000 2.639283
    endloop
  endfacet
  facet normal 0.000000 0.000000 0.000000
    outer loop
      vertex -3.201000 -0.799000 1.680998
      vertex -3.201000 -0.001000 2.639283
      vertex -3.201000 -0.799000 2.639283
    endloop
  endfacet
  facet normal 0.000000 0.000000 0.000000
    outer loop
      vertex -3.999000 -0.001000 1.680998
      vertex -3.999000 -0.799000 1.680998
      vertex -3.999000 -0.799000 2.639283
    endloop
  endfacet
  facet normal 0.000000 0.000000 0.000000
    outer loop
      vertex -3.999000 -0.001000 1.680998
      vertex -3.999000 -0.799000 2.639283
      vertex -3.999000 -0.001000 2.639283
    endloop
  endfacet
  facet normal 0.000000 0.000000 0.000000
    outer loop
      vertex -3.201000 -0.001000 1.680998
      vertex -3.999000 -0.001000 1.680998
      vertex -3.999000 -0.001000 2.639283
    endloop
  endfacet
  facet normal 0.000000 0.000000 0.000000
    outer loop
      vertex -3.201000 -0.001000 1.680998
      vertex -3.999000 -0.001000 2.639283
      vertex -3.201000 -0.001000 2.639283
    endloop
  endfacet
  facet normal 0.000000 0.000000 0.000000
    outer loop
      vertex -3.999000 -0.001000 2.639283
      vertex -3.999000 -0.799000 2.639283
      vertex -3.201000 -0.799000 2.639283
    endloop
  endfacet
  facet normal 0.000000 0.000000 0.000000
    outer loop
      vertex -3.999000 -0.001000 2.639283
      vertex -3.201000 -0.799000 2.639283
      vertex -3.201000 -0.001000 2.639283
    endloop
  endfacet
  facet normal 0.000000 0.000000 0.000000
    outer loop
      vertex -3.600000 -0.639400 2.798998
      vertex -3.600000 -0.639400 2.639283
      vertex -3.430719 -0.569281 2.639283
    endloop
  endfacet
  facet normal 0.000000 0.000000 0.000000
    outer loop
      vertex -3.600000 -0.639400 2.798998
      vertex -3.430719 -0.569281 2.639283
      vertex -3.430719 -0.569281 2.798998
    endloop
  endfacet
  facet normal 0.000000 0.000000 0.000000
    outer loop
      vertex -3.430719 -0.569281 2.798998
      vertex -3.430719 -0.569281 2.639283
      vertex -3.360600 -0.400000 2.639283
    endloop
  endfacet
  facet normal 0.000000 0.000000 0.000000
    outer loop
      vertex -3.430719 -0.569281 2.798998
      vertex -3.360600 -0.400000 2.639283
      vertex -3.360600 -0.400000 2.798998
    endloop
  endfacet
  facet normal 0.000000 0.000000 0.000000
    outer loop
      vertex -3.360600 -0.400000 2.798998
      vertex -3.360600 -0.400000 2.639283
      vertex -3.430719 -0.230719 2.639283
    endloop
  endfacet
  facet normal 0.000000 0.000000 0.000000
    outer loop
      vertex -3.360600 -0.400000 2.798998
      vertex -3.430719 -0.230719 2.639283
      vertex -3.430719 -0.230719 2.798998
    endloop
  endfacet
  facet normal 0.000000 0.000000 0.000000
    outer loop
      vertex -3.430719 -0.230719 2.798998
      vertex -3.430719 -0.230719 2.639283
      vertex -3.600000 -0.160600 2.639283
    endloop
  endfacet
  facet normal 0.000000 0.000000 0.000000
    outer loop
      vertex -3.430719 -0.230719 2.798998
      vertex -3.600000 -0.160600 2.639283
      vertex -3.600000 -0.160600 2.798998
    endloop
  endfacet
  facet normal 0.000000 0.000000 0.000000
    outer loop
      vertex -3.600000 -0.160600 2.798998
      vertex -3.600000 -0.160600 2.639283
      vertex -3.769281 -0.230719 2.639283
    endloop
  endfacet
  facet normal 0.000000 0.000000 0.000000
    outer loop
      vertex -3.600000 -0.160600 2.798998
      vertex -3.769281 -0.230719 2.639283
      vertex -3.769281 -0.230719 2.798998
    endloop
  endfacet
  facet normal 0.000000 0.000000 0.000000
    outer loop
      vertex -3.769281 -0.230719 2.798998
      vertex -3.769281 -0.230719 2.639283
      vertex -3.839400 -0.400000 2.639283
    endloop
  endfacet
  facet normal 0.000000 0.000000 0.000000
    outer loop
      vertex -3.769281 -0.230719 2.798998
      vertex -3.839400 -0.400000 2.639283
      vertex -3.839400 -0.400000 2.798998
    endloop
  endfacet
  facet normal 0.000000 0.000000 0.000000
    outer loop
      vertex -3.839400 -0.400000 2.798998
      vertex -3.839400 -0.400000 2.639283
      vertex -3.769281 -0.569281 2.639283
    endloop
  endfacet
  facet normal 0.000000 0.000000 0.000000
    outer loop
      vertex -3.839400 -0.400000 2.798998
      vertex -3.769281 -0.569281 2.639283
      vertex -3.769281 -0.569281 2.798998
    endloop
  endfacet
  facet normal 0.000000 0.000000 0.000000
    outer loop
      vertex -3.769281 -0.569281 2.798998
      vertex -3.769281 -0.569281 2.639283
      vertex -3.600000 -0.639400 2.639283
    endloop
  endfacet
  facet normal 0.000000 0.000000 0.000000
    outer loop
      vertex -3.769281 -0.569281 2.798998
      vertex -3.600000 -0.639400 2.639283
      vertex -3.600000 -0.639400 2.798998
    endloop
  endfacet
  facet normal 0.000000 0.000000 0.000000
    outer loop
      vertex -3.600000 -0.400000 2.798998
      vertex -3.600000 -0.639400 2.798998
      vertex -3.430719 -0.569281 2.798998
    endloop
  endfacet
  facet normal 0.000000 0.000000 0.000000
    outer loop
      vertex -3.600000 -0.400000 2.798998
      vertex -3.430719 -0.569281 2.798998
      vertex -3.360600 -0.400000 2.798998
    endloop
  endfacet
  facet normal 0.000000 0.000000 0.000000
    outer loop
      vertex -3.600000 -0.400000 2.798998
      vertex -3.360600 -0.400000 2.798998
      vertex -3.430719 -0.230719 2.798998
    endloop
  endfacet
  facet normal 0.000000 0.000000 0.000000
    outer loop
      vertex -3.600000 -0.400000 2.798998
      vertex -3.430719 -0.230719 2.798998
      vertex -3.600000 -0.160600 2.798998
    endloop
  endfacet
  facet normal 0.000000 0.000000 0.000000
    outer loop
      vertex -3.600000 -0.400000 2.798998
      vertex -3.600000 -0.160600 2.798998
      vertex -3.769281 -0.230719 2.798998
    endloop
  endfacet
  facet normal 0.000000 0.000000 0.000000
    outer loop
      vertex -3.600000 -0.400000 2.798998
      vertex -3.769281 -0.230719 2.798998
      vertex -3.839400 -0.400000 2.798998
    endloop
  endfacet
  facet normal 0.000000 0.000000 0.000000
    outer loop
      vertex -3.600000 -0.400000 2.798998
      vertex -3.839400 -0.400000 2.798998
      vertex -3.769281 -0.569281 2.798998
    endloop
  endfacet
  facet normal 0.000000 0.000000 0.000000
    outer loop
      vertex -3.600000 -0.400000 2.798998
      vertex -3.769281 -0.569281 2.798998
      vertex -3.600000 -0.639400 2.798998
    endloop
  endfacet
  facet normal 0.000000 0.000000 0.000000
    outer loop
      vertex -3.840200 -0.400000 1.360998
      vertex -3.887004 -0.512854 1.360998
      vertex -4.000000 -0.400000 1.360998
    endloop
  endfacet
  facet normal 0.000000 0.000000 0.000000
    outer loop
      vertex -3.887004 -0.512854 1.360998
      vertex -4.000000 -0.559600 1.360998
      vertex -4.000000 -0.400000 1.360998
    endloop
  endfacet
  facet normal 0.000000 0.000000 0.000000
    outer loop
      vertex -4.000000 -0.559600 1.360998
      vertex -4.112996 -0.512854 1.360998
      vertex -4.000000 -0.400000 1.360998
    endloop
  endfacet
  facet normal 0.000000 0.000000 0.000000
    outer loop
      vertex -4.112996 -0.512854 1.360998
      vertex -4.159800 -0.400000 1.360998
      vertex -4.000000 -0.400000 1.360998
    endloop
  endfacet
  facet normal 0.000000 0.000000 0.000000
    outer loop
      vertex -4.159800 -0.400000 1.360998
      vertex -4.112996 -0.287146 1.360998
      vertex -4.000000 -0.400000 1.360998
    endloop
  endfacet
  facet normal 0.000000 0.000000 0.000000
    outer loop
      vertex -4.112996 -0.287146 1.360998
      vertex -4.000000 -0.240400 1.360998
      vertex -4.000000 -0.400000 1.360998
    endloop
  endfacet
  facet normal 0.000000 0.000000 0.000000
    outer loop
      vertex -4.000000 -0.240400 1.360998
      vertex -3.887004 -0.287146 1.360998
      vertex -4.000000 -0.400000 1.360998
    endloop
  endfacet
  facet normal 0.000000 0.000000 0.000000
    outer loop
      vertex -3.887004 -0.287146 1.360998
      vertex -3.840200 -0.400000 1.360998
      vertex -4.000000 -0.400000 1.360998
    endloop
  endfacet
  facet normal 0.000000 0.000000 0.000000
    outer loop
      vertex -4.799000 -0.799000 1.679665
      vertex -4.799000 -0.799000 1.360998
      vertex -3.201000 -0.799000 1.360998
    endloop
  endfacet
  facet normal 0.000000 0.000000 0.000000
    outer loop
      vertex -4.799000 -0.799000 1.679665
      vertex -3.201000 -0.799000 1.360998
      vertex -3.201000 -0.799000 1.679665
    endloop
  endfacet
  facet normal 0.000000 0.000000 0.000000
    outer loop
      vertex -3.201000 -0.001000 1.360998
      vertex -3.360800 -0.160600 1.360998
      vertex -4.639200 -0.160600 1.360998
    endloop
  endfacet
  facet normal 0.000000 0.000000 0.000000
    outer loop
      vertex -3.201000 -0.001000 1.360998
      vertex -4.639200 -0.160600 1.360998
      vertex -4.799000 -0.001000 1.360998
    endloop
  endfacet
  facet normal 0.000000 0.000000 0.000000
    outer loop
      vertex -4.799000 -0.001000 1.360998
      vertex -4.639200 -0.160600 1.360998
      vertex -4.639200 -0.639400 1.360998
    endloop
  endfacet
  facet normal 0.000000 0.000000 0.000000
    outer loop
      vertex -4.799000 -0.001000 1.360998
      vertex -4.639200 -0.639400 1.360998
      vertex -4.799000 -0.799000 1.360998
    endloop
  endfacet
  facet normal 0.000000 0.000000 0.000000
    outer loop
      vertex -4.799000 -0.799000 1.360998
      vertex -4.639200 -0.639400 1.360998
      vertex -3.360800 -0.639400 1.360998
    endloop
  endfacet
  facet normal 0.000000 0.000000 0.000000
    outer loop
      vertex -4.799000 -0.799000 1.360998
      vertex -3.360800 -0.639400 1.360998
      vertex -3.201000 -0.799000 1.360998
    endloop
  endfacet
  facet normal 0.000000 0.000000 0.000000
    outer loop
      vertex -3.201000 -0.799000 1.360998
      vertex -3.360800 -0.639400 1.360998
      vertex -3.360800 -0.160600 1.360998
    endloop
  endfacet
  facet normal 0.000000 0.000000 0.000000
    outer loop
      vertex -3.201000 -0.799000 1.360998
      vertex -3.360800 -0.160600 1.360998
      vertex -3.201000 -0.001000 1.360998
    endloop
  endfacet
  facet normal 0.000000 0.000000 0.000000
    outer loop
      vertex -3.840200 -0.400000 1.360998
      vertex -3.840200 -0.400000 1.520331
      vertex -3.887004 -0.512854 1.520331
    endloop
  endfacet
  facet normal 0.000000 0.000000 0.000000
    outer loop
      vertex -3.840200 -0.400000 1.360998
      vertex -3.887004 -0.512854 1.520331
      vertex -3.887004 -0.512854 1.360998
    endloop
  endfacet
  facet normal 0.000000 0.000000 0.000000
    outer loop
      vertex -3.887004 -0.512854 1.360998
      vertex -3.887004 -0.512854 1.520331
      vertex -4.000000 -0.559600 1.520331
    endloop
  endfacet
  facet normal 0.000000 0.000000 0.000000
    outer loop
      vertex -3.887004 -0.512854 1.360998
      vertex -4.000000 -0.559600 1.520331
      vertex -4.000000 -0.559600 1.360998
    endloop
  endfacet
  facet normal 0.000000 0.000000 0.000000
    outer loop
      vertex -4.000000 -0.559600 1.360998
      vertex -4.000000 -0.559600 1.520331
      vertex -4.112996 -0.512854 1.520331
    endloop
  endfacet
  facet normal 0.000000 0.000000 0.000000
    outer loop
      vertex -4.000000 -0.559600 1.360998
      vertex -4.112996 -0.512854 1.520331
      vertex -4.112996 -0.512854 1.360998
    endloop
  endfacet
  facet normal 0.000000 0.000000 0.000000
    outer loop
      vertex -4.112996 -0.512854 1.360998
      vertex -4.112996 -0.512854 1.520331
      vertex -4.159800 -0.400000 1.520331
    endloop
  endfacet
  facet normal 0.000000 0.000000 0.000000
    outer loop
      vertex -4.112996 -0.512854 1.360998
      vertex -4.159800 -0.400000 1.520331
      vertex -4.159800 -0.400000 1.360998
    endloop
  endfacet
  facet normal 0.000000 0.000000 0.000000
    outer loop
      vertex -4.159800 -0.400000 1.360998
      vertex -4.159800 -0.400000 1.520331
      vertex -4.112996 -0.287146 1.520331
    endloop
  endfacet
  facet normal 0.000000 0.000000 0.000000
    outer loop
      vertex -4.159800 -0.400000 1.360998
      vertex -4.112996 -0.287146 1.520331
      vertex -4.112996 -0.287146 1.360998
    endloop
  endfacet
  facet normal 0.000000 0.000000 0.000000
    outer loop
      vertex -4.112996 -0.287146 1.360998
      vertex -4.112996 -0.287146 1.520331
      vertex -4.000000 -0.240400 1.520331
    endloop
  endfacet
  facet normal 0.000000 0.000000 0.000000
    outer loop
      vertex -4.112996 -0.287146 1.360998
      vertex -4.000000 -0.240400 1.520331
      vertex -4.000000 -0.240400 1.360998
    endloop
  endfacet
  facet normal 0.000000 0.000000 0.000000
    outer loop
      vertex -4.000000 -0.240400 1.360998
      vertex -4.000000 -0.240400 1.520331
      vertex -3.887004 -0.287146 1.520331
    endloop
  endfacet
  facet normal 0.000000 0.000000 0.000000
    outer loop
      vertex -4.000000 -0.240400 1.360998
      vertex -3.887004 -0.287146 1.520331
      vertex -3.887004 -0.287146 1.360998
    endloop
  endfacet
  facet normal 0.000000 0.000000 0.000000
    outer loop
      vertex -3.887004 -0.287146 1.360998
      vertex -3.887004 -0.287146 1.520331
      vertex -3.840200 -0.400000 1.520331
    endloop
  endfacet
  facet normal 0.000000 0.000000 0.000000
    outer loop
      vertex -3.887004 -0.287146 1.360998
      vertex -3.840200 -0.400000 1.520331
      vertex -3.840200 -0.400000 1.360998
    endloop
  endfacet
  facet normal 0.000000 0.000000 0.000000
    outer loop
      vertex -4.639200 -0.160600 1.520331
      vertex -3.360800 -0.160600 1.520331
      vertex -3.360800 -0.639400 1.520331
    endloop
  endfacet
  facet normal 0.000000 0.000000 0.000000
    outer loop
      vertex -4.639200 -0.160600 1.520331
      vertex -3.360800 -0.639400 1.520331
      vertex -4.639200 -0.639400 1.520331
    endloop
  endfacet
  facet normal 0.000000 0.000000 0.000000
    outer loop
      vertex -4.639200 -0.160600 1.520331
      vertex -4.639200 -0.160600 1.360998
      vertex -3.360800 -0.160600 1.360998
    endloop
  endfacet
  facet normal 0.000000 0.000000 0.000000
    outer loop
      vertex -4.639200 -0.160600 1.520331
      vertex -3.360800 -0.160600 1.360998
      vertex -3.360800 -0.160600 1.520331
    endloop
  endfacet
  facet normal 0.000000 0.000000 0.000000
    outer loop
      vertex -4.639200 -0.639400 1.520331
      vertex -4.639200 -0.639400 1.360998
      vertex -4.639200 -0.160600 1.360998
    endloop
  endfacet
  facet normal 0.000000 0.000000 0.000000
    outer loop
      vertex -4.639200 -0.639400 1.520331
      vertex -4.639200 -0.160600 1.360998
      vertex -4.639200 -0.160600 1.520331
    endloop
  endfacet
  facet normal 0.000000 0.000000 0.000000
    outer loop
      vertex -3.360800 -0.639400 1.520331
      vertex -3.360800 -0.639400 1.360998
      vertex -4.639200 -0.639400 1.360998
    endloop
  endfacet
  facet normal 0.000000 0.000000 0.000000
    outer loop
      vertex -3.360800 -0.639400 1.520331
      vertex -4.639200 -0.639400 1.360998
      vertex -4.639200 -0.639400 1.520331
    endloop
  endfacet
  facet normal 0.000000 0.000000 0.000000
    outer loop
      vertex -3.360800 -0.160600 1.520331
      vertex -3.360800 -0.160600 1.360998
      vertex -3.360800 -0.639400 1.360998
    endloop
  endfacet
  facet normal 0.000000 0.000000 0.000000
    outer loop
      vertex -3.360800 -0.160600 1.520331
      vertex -3.360800 -0.639400 1.360998
      vertex -3.360800 -0.639400 1.520331
    endloop
  endfacet
  facet normal 0.000000 0.000000 0.000000
    outer loop
      vertex -3.201000 -0.799000 1.360998
      vertex -3.201000 -0.001000 1.360998
      vertex -3.201000 -0.001000 1.679665
    endloop
  endfacet
  facet normal 0.000000 0.000000 0.000000
    outer loop
      vertex -3.201000 -0.799000 1.360998
      vertex -3.201000 -0.001000 1.679665
      vertex -3.201000 -0.799000 1.679665
    endloop
  endfacet
  facet normal 0.000000 0.000000 0.000000
    outer loop
      vertex -4.799000 -0.001000 1.360998
      vertex -4.799000 -0.799000 1.360998
      vertex -4.799000 -0.799000 1.679665
    endloop
  endfacet
  facet normal 0.000000 0.000000 0.000000
    outer loop
      vertex -4.799000 -0.001000 1.360998
      vertex -4.799000 -0.799000 1.679665
      vertex -4.799000 -0.001000 1.679665
    endloop
  endfacet
  facet normal 0.000000 0.000000 0.000000
    outer loop
      vertex -3.201000 -0.001000 1.360998
      vertex -4.799000 -0.001000 1.360998
      vertex -4.799000 -0.001000 1.679665
    endloop
  endfacet
  facet normal 0.000000 0.000000 0.000000
    outer loop
      vertex -3.201000 -0.001000 1.360998
      vertex -4.799000 -0.001000 1.679665
      vertex -3.201000 -0.001000 1.679665
    endloop
  endfacet
  facet normal 0.000000 0.000000 0.000000
    outer loop
      vertex -4.799000 -0.001000 1.679665
      vertex -4.799000 -0.799000 1.679665
      vertex -3.201000 -0.799000 1.679665
    endloop
  endfacet
  facet normal 0.000000 0.000000 0.000000
    outer loop
      vertex -4.799000 -0.001000 1.679665
      vertex -3.201000 -0.799000 1.679665
      vertex -3.201000 -0.001000 1.679665
    endloop
  endfacet
  facet normal 0.000000 0.000000 0.000000
    outer loop
      vertex -4.159800 -0.400000 1.838998
      vertex -4.159800 -0.400000 1.679665
      vertex -4.230006 -0.230719 1.679665
    endloop
  endfacet
  facet normal 0.000000 0.000000 0.000000
    outer loop
      vertex -4.159800 -0.400000 1.838998
      vertex -4.230006 -0.230719 1.679665
      vertex -4.230006 -0.230719 1.838998
    endloop
  endfacet
  facet normal 0.000000 0.000000 0.000000
    outer loop
      vertex -4.230006 -0.230719 1.838998
      vertex -4.230006 -0.230719 1.679665
      vertex -4.399500 -0.160600 1.679665
    endloop
  endfacet
  facet normal 0.000000 0.000000 0.000000
    outer loop
      vertex -4.230006 -0.230719 1.838998
      vertex -4.399500 -0.160600 1.679665
      vertex -4.399500 -0.160600 1.838998
    endloop
  endfacet
  facet normal 0.000000 0.000000 0.000000
    outer loop
      vertex -4.399500 -0.160600 1.838998
      vertex -4.399500 -0.160600 1.679665
      vertex -4.568994 -0.230719 1.679665
    endloop
  endfacet
  facet normal 0.000000 0.000000 0.000000
    outer loop
      vertex -4.399500 -0.160600 1.838998
      vertex -4.568994 -0.230719 1.679665
      vertex -4.568994 -0.230719 1.838998
    endloop
  endfacet
  facet normal 0.000000 0.000000 0.000000
    outer loop
      vertex -4.568994 -0.230719 1.838998
      vertex -4.568994 -0.230719 1.679665
      vertex -4.639200 -0.400000 1.679665
    endloop
  endfacet
  facet normal 0.000000 0.000000 0.000000
    outer loop
      vertex -4.568994 -0.230719 1.838998
      vertex -4.639200 -0.400000 1.679665
      vertex -4.639200 -0.400000 1.838998
    endloop
  endfacet
  facet normal 0.000000 0.000000 0.000000
    outer loop
      vertex -4.639200 -0.400000 1.838998
      vertex -4.639200 -0.400000 1.679665
      vertex -4.568994 -0.569281 1.679665
    endloop
  endfacet
  facet normal 0.000000 0.000000 0.000000
    outer loop
      vertex -4.639200 -0.400000 1.838998
      vertex -4.568994 -0.569281 1.679665
      vertex -4.568994 -0.569281 1.838998
    endloop
  endfacet
  facet normal 0.000000 0.000000 0.000000
    outer loop
      vertex -4.568994 -0.569281 1.838998
      vertex -4.568994 -0.569281 1.679665
      vertex -4.399500 -0.639400 1.679665
    endloop
  endfacet
  facet normal 0.000000 0.000000 0.000000
    outer loop
      vertex -4.568994 -0.569281 1.838998
      vertex -4.399500 -0.639400 1.679665
      vertex -4.399500 -0.639400 1.838998
    endloop
  endfacet
  facet normal 0.000000 0.000000 0.000000
    outer loop
      vertex -4.399500 -0.639400 1.838998
      vertex -4.399500 -0.639400 1.679665
      vertex -4.230006 -0.569281 1.679665
    endloop
  endfacet
  facet normal 0.000000 0.000000 0.000000
    outer loop
      vertex -4.399500 -0.639400 1.838998
      vertex -4.230006 -0.569281 1.679665
      vertex -4.230006 -0.569281 1.838998
    endloop
  endfacet
  facet normal 0.000000 0.000000 0.000000
    outer loop
      vertex -4.230006 -0.569281 1.838998
      vertex -4.230006 -0.569281 1.679665
      vertex -4.159800 -0.400000 1.679665
    endloop
  endfacet
  facet normal 0.000000 0.000000 0.000000
    outer loop
      vertex -4.230006 -0.569281 1.838998
      vertex -4.159800 -0.400000 1.679665
      vertex -4.159800 -0.400000 1.838998
    endloop
  endfacet
  facet normal 0.000000 0.000000 0.000000
    outer loop
      vertex -3.360800 -0.400000 1.838998
      vertex -3.360800 -0.400000 1.679665
      vertex -3.431006 -0.230719 1.679665
    endloop
  endfacet
  facet normal 0.000000 0.000000 0.000000
    outer loop
      vertex -3.360800 -0.400000 1.838998
      vertex -3.431006 -0.230719 1.679665
      vertex -3.431006 -0.230719 1.838998
    endloop
  endfacet
  facet normal 0.000000 0.000000 0.000000
    outer loop
      vertex -3.431006 -0.230719 1.838998
      vertex -3.431006 -0.230719 1.679665
      vertex -3.600500 -0.160600 1.679665
    endloop
  endfacet
  facet normal 0.000000 0.000000 0.000000
    outer loop
      vertex -3.431006 -0.230719 1.838998
      vertex -3.600500 -0.160600 1.679665
      vertex -3.600500 -0.160600 1.838998
    endloop
  endfacet
  facet normal 0.000000 0.000000 0.000000
    outer loop
      vertex -3.600500 -0.160600 1.838998
      vertex -3.600500 -0.160600 1.679665
      vertex -3.769994 -0.230719 1.679665
    endloop
  endfacet
  facet normal 0.000000 0.000000 0.000000
    outer loop
      vertex -3.600500 -0.160600 1.838998
      vertex -3.769994 -0.230719 1.679665
      vertex -3.769994 -0.230719 1.838998
    endloop
  endfacet
  facet normal 0.000000 0.000000 0.000000
    outer loop
      vertex -3.769994 -0.230719 1.838998
      vertex -3.769994 -0.230719 1.679665
      vertex -3.840200 -0.400000 1.679665
    endloop
  endfacet
  facet normal 0.000000 0.000000 0.000000
    outer loop
      vertex -3.769994 -0.230719 1.838998
      vertex -3.840200 -0.400000 1.679665
      vertex -3.840200 -0.400000 1.838998
    endloop
  endfacet
  facet normal 0.000000 0.000000 0.000000
    outer loop
      vertex -3.840200 -0.400000 1.838998
      vertex -3.840200 -0.400000 1.679665
      vertex -3.769994 -0.569281 1.679665
    endloop
  endfacet
  facet normal 0.000000 0.000000 0.000000
    outer loop
      vertex -3.840200 -0.400000 1.838998
      vertex -3.769994 -0.569281 1.679665
      vertex -3.769994 -0.569281 1.838998
    endloop
  endfacet
  facet normal 0.000000 0.000000 0.000000
    outer loop
      vertex -3.769994 -0.569281 1.838998
      vertex -3.769994 -0.569281 1.679665
      vertex -3.600500 -0.639400 1.679665
    endloop
  endfacet
  facet normal 0.000000 0.000000 0.000000
    outer loop
      vertex -3.769994 -0.569281 1.838998
      vertex -3.600500 -0.639400 1.679665
      vertex -3.600500 -0.639400 1.838998
    endloop
  endfacet
  facet normal 0.000000 0.000000 0.000000
    outer loop
      vertex -3.600500 -0.639400 1.838998
      vertex -3.600500 -0.639400 1.679665
      vertex -3.431006 -0.569281 1.679665
    endloop
  endfacet
  facet normal 0.000000 0.000000 0.000000
    outer loop
      vertex -3.600500 -0.639400 1.838998
      vertex -3.431006 -0.569281 1.679665
      vertex -3.431006 -0.569281 1.838998
    endloop
  endfacet
  facet normal 0.000000 0.000000 0.000000
    outer loop
      vertex -3.431006 -0.569281 1.838998
      vertex -3.431006 -0.569281 1.679665
      vertex -3.360800 -0.400000 1.679665
    endloop
  endfacet
  facet normal 0.000000 0.000000 0.000000
    outer loop
      vertex -3.431006 -0.569281 1.838998
      vertex -3.360800 -0.400000 1.679665
      vertex -3.360800 -0.400000 1.838998
    endloop
  endfacet
  facet normal 0.000000 0.000000 0.000000
    outer loop
      vertex -4.399500 -0.400000 1.838998
      vertex -4.159800 -0.400000 1.838998
      vertex -4.230006 -0.230719 1.838998
    endloop
  endfacet
  facet normal 0.000000 0.000000 0.000000
    outer loop
      vertex -4.399500 -0.400000 1.838998
      vertex -4.230006 -0.230719 1.838998
      vertex -4.399500 -0.160600 1.838998
    endloop
  endfacet
  facet normal 0.000000 0.000000 0.000000
    outer loop
      vertex -4.399500 -0.400000 1.838998
      vertex -4.399500 -0.160600 1.838998
      vertex -4.568994 -0.230719 1.838998
    endloop
  endfacet
  facet normal 0.000000 0.000000 0.000000
    outer loop
      vertex -4.399500 -0.400000 1.838998
      vertex -4.568994 -0.230719 1.838998
      vertex -4.639200 -0.400000 1.838998
    endloop
  endfacet
  facet normal 0.000000 0.000000 0.000000
    outer loop
      vertex -4.399500 -0.400000 1.838998
      vertex -4.639200 -0.400000 1.838998
      vertex -4.568994 -0.569281 1.838998
    endloop
  endfacet
  facet normal 0.000000 0.000000 0.000000
    outer loop
      vertex -4.399500 -0.400000 1.838998
      vertex -4.568994 -0.569281 1.838998
      vertex -4.399500 -0.639400 1.838998
    endloop
  endfacet
  facet normal 0.000000 0.000000 0.000000
    outer loop
      vertex -4.399500 -0.400000 1.838998
      vertex -4.399500 -0.639400 1.838998
      vertex -4.230006 -0.569281 1.838998
    endloop
  endfacet
  facet normal 0.000000 0.000000 0.000000
    outer loop
      vertex -4.399500 -0.400000 1.838998
      vertex -4.230006 -0.569281 1.838998
      vertex -4.159800 -0.400000 1.838998
    endloop
  endfacet
  facet normal 0.000000 0.000000 0.000000
    outer loop
      vertex -3.600500 -0.400000 1.838998
      vertex -3.360800 -0.400000 1.838998
      vertex -3.431006 -0.230719 1.838998
    endloop
  endfacet
  facet normal 0.000000 0.000000 0.000000
    outer loop
      vertex -3.600500 -0.400000 1.838998
      vertex -3.431006 -0.230719 1.838998
      vertex -3.600500 -0.160600 1.838998
    endloop
  endfacet
  facet normal 0.000000 0.000000 0.000000
    outer loop
      vertex -3.600500 -0.400000 1.838998
      vertex -3.600500 -0.160600 1.838998
      vertex -3.769994 -0.230719 1.838998
    endloop
  endfacet
  facet normal 0.000000 0.000000 0.000000
    outer loop
      vertex -3.600500 -0.400000 1.838998
      vertex -3.769994 -0.230719 1.838998
      vertex -3.840200 -0.400000 1.838998
    endloop
  endfacet
  facet normal 0.000000 0.000000 0.000000
    outer loop
      vertex -3.600500 -0.400000 1.838998
      vertex -3.840200 -0.400000 1.838998
      vertex -3.769994 -0.569281 1.838998
    endloop
  endfacet
  facet normal 0.000000 0.000000 0.000000
    outer loop
      vertex -3.600500 -0.400000 1.838998
      vertex -3.769994 -0.569281 1.838998
      vertex -3.600500 -0.639400 1.838998
    endloop
  endfacet
  facet normal 0.000000 0.000000 0.000000
    outer loop
      vertex -3.600500 -0.400000 1.838998
      vertex -3.600500 -0.639400 1.838998
      vertex -3.431006 -0.569281 1.838998
    endloop
  endfacet
  facet normal 0.000000 0.000000 0.000000
    outer loop
      vertex -3.600500 -0.400000 1.838998
      vertex -3.431006 -0.569281 1.838998
      vertex -3.360800 -0.400000 1.838998
    endloop
  endfacet
  facet normal 0.000000 0.000000 0.000000
    outer loop
      vertex 4.159800 -0.399999 -1.839002
      vertex 4.112996 -0.512853 -1.839002
      vertex 4.000000 -0.399999 -1.839002
    endloop
  endfacet
  facet normal 0.000000 0.000000 0.000000
    outer loop
      vertex 4.112996 -0.512853 -1.839002
      vertex 4.000000 -0.559599 -1.839002
      vertex 4.000000 -0.399999 -1.839002
    endloop
  endfacet
  facet normal 0.000000 0.000000 0.000000
    outer loop
      vertex 4.000000 -0.559599 -1.839002
      vertex 3.887004 -0.512853 -1.839002
      vertex 4.000000 -0.399999 -1.839002
    endloop
  endfacet
  facet normal 0.000000 0.000000 0.000000
    outer loop
      vertex 3.887004 -0.512853 -1.839002
      vertex 3.840200 -0.399999 -1.839002
      vertex 4.000000 -0.399999 -1.839002
    endloop
  endfacet
  facet normal 0.000000 0.000000 0.000000
    outer loop
      vertex 3.840200 -0.399999 -1.839002
      vertex 3.887004 -0.287145 -1.839002
      vertex 4.000000 -0.399999 -1.839002
    endloop
  endfacet
  facet normal 0.000000 0.000000 0.000000
    outer loop
      vertex 3.887004 -0.287145 -1.839002
      vertex 4.000000 -0.240399 -1.839002
      vertex 4.000000 -0.399999 -1.839002
    endloop
  endfacet
  facet normal 0.000000 0.000000 0.000000
    outer loop
      vertex 4.000000 -0.240399 -1.839002
      vertex 4.112996 -0.287145 -1.839002
      vertex 4.000000 -0.399999 -1.839002
    endloop
  endfacet
  facet normal 0.000000 0.000000 0.000000
    outer loop
      vertex 4.112996 -0.287145 -1.839002
      vertex 4.159800 -0.399999 -1.839002
      vertex 4.000000 -0.399999 -1.839002
    endloop
  endfacet
  facet normal 0.000000 0.000000 0.000000
    outer loop
      vertex 3.201000 -0.798999 -1.839002
      vertex 4.799000 -0.798999 -1.839002
      vertex 4.799000 -0.798999 -0.880716
    endloop
  endfacet
  facet normal 0.000000 0.000000 0.000000
    outer loop
      vertex 3.201000 -0.798999 -1.839002
      vertex 4.799000 -0.798999 -0.880716
      vertex 3.201000 -0.798999 -0.880716
    endloop
  endfacet
  facet normal 0.000000 0.000000 0.000000
    outer loop
      vertex 4.799000 -0.000999 -1.839002
      vertex 4.639200 -0.160599 -1.839002
      vertex 3.360800 -0.160599 -1.839002
    endloop
  endfacet
  facet normal 0.000000 0.000000 0.000000
    outer loop
      vertex 4.799000 -0.000999 -1.839002
      vertex 3.360800 -0.160599 -1.839002
      vertex 3.201000 -0.000999 -1.839002
    endloop
  endfacet
  facet normal 0.000000 0.000000 0.000000
    outer loop
      vertex 3.201000 -0.000999 -1.839002
      vertex 3.360800 -0.160599 -1.839002
      vertex 3.360800 -0.639399 -1.839002
    endloop
  endfacet
  facet normal 0.000000 0.000000 0.000000
    outer loop
      vertex 3.201000 -0.000999 -1.839002
      vertex 3.360800 -0.639399 -1.839002
      vertex 3.201000 -0.798999 -1.839002
    endloop
  endfacet
  facet normal 0.000000 0.000000 0.000000
    outer loop
      vertex 3.201000 -0.798999 -1.839002
      vertex 3.360800 -0.639399 -1.839002
      vertex 4.639200 -0.639399 -1.839002
    endloop
  endfacet
  facet normal 0.000000 0.000000 0.000000
    outer loop
      vertex 3.201000 -0.798999 -1.839002
      vertex 4.639200 -0.639399 -1.839002
      vertex 4.799000 -0.798999 -1.839002
    endloop
  endfacet
  facet normal 0.000000 0.000000 0.000000
    outer loop
      vertex 4.799000 -0.798999 -1.839002
      vertex 4.639200 -0.639399 -1.839002
      vertex 4.639200 -0.160599 -1.839002
    endloop
  endfacet
  facet normal 0.000000 0.000000 0.000000
    outer loop
      vertex 4.799000 -0.798999 -1.839002
      vertex 4.639200 -0.160599 -1.839002
      vertex 4.799000 -0.000999 -1.839002
    endloop
  endfacet
  facet normal 0.000000 0.000000 0.000000
    outer loop
      vertex 4.159800 -0.399999 -1.839002
      vertex 4.159800 -0.399999 -1.040430
      vertex 4.112996 -0.512853 -1.040430
    endloop
  endfacet
  facet normal 0.000000 0.000000 0.000000
    outer loop
      vertex 4.159800 -0.399999 -1.839002
      vertex 4.112996 -0.512853 -1.040430
      vertex 4.112996 -0.512853 -1.839002
    endloop
  endfacet
  facet normal 0.000000 0.000000 0.000000
    outer loop
      vertex 4.112996 -0.512853 -1.839002
      vertex 4.112996 -0.512853 -1.040430
      vertex 4.000000 -0.559599 -1.040430
    endloop
  endfacet
  facet normal 0.000000 0.000000 0.000000
    outer loop
      vertex 4.112996 -0.512853 -1.839002
      vertex 4.000000 -0.559599 -1.040430
      vertex 4.000000 -0.559599 -1.839002
    endloop
  endfacet
  facet normal 0.000000 0.000000 0.000000
    outer loop
      vertex 4.000000 -0.559599 -1.839002
      vertex 4.000000 -0.559599 -1.040430
      vertex 3.887004 -0.512853 -1.040430
    endloop
  endfacet
  facet normal 0.000000 0.000000 0.000000
    outer loop
      vertex 4.000000 -0.559599 -1.839002
      vertex 3.887004 -0.512853 -1.040430
      vertex 3.887004 -0.512853 -1.839002
    endloop
  endfacet
  facet normal 0.000000 0.000000 0.000000
    outer loop
      vertex 3.887004 -0.512853 -1.839002
      vertex 3.887004 -0.512853 -1.040430
      vertex 3.840200 -0.399999 -1.040430
    endloop
  endfacet
  facet normal 0.000000 0.000000 0.000000
    outer loop
      vertex 3.887004 -0.512853 -1.839002
      vertex 3.840200 -0.399999 -1.040430
      vertex 3.840200 -0.399999 -1.839002
    endloop
  endfacet
  facet normal 0.000000 0.000000 0.000000
    outer loop
      vertex 3.840200 -0.399999 -1.839002
      vertex 3.840200 -0.399999 -1.040430
      vertex 3.887004 -0.287145 -1.040430
    endloop
  endfacet
  facet normal 0.000000 0.000000 0.000000
    outer loop
      vertex 3.840200 -0.399999 -1.839002
      vertex 3.887004 -0.287145 -1.040430
      vertex 3.887004 -0.287145 -1.839002
    endloop
  endfacet
  facet normal 0.000000 0.000000 0.000000
    outer loop
      vertex 3.887004 -0.287145 -1.839002
      vertex 3.887004 -0.287145 -1.040430
      vertex 4.000000 -0.240399 -1.040430
    endloop
  endfacet
  facet normal 0.000000 0.000000 0.000000
    outer loop
      vertex 3.887004 -0.287145 -1.839002
      vertex 4.000000 -0.240399 -1.040430
      vertex 4.000000 -0.240399 -1.839002
    endloop
  endfacet
  facet normal 0.000000 0.000000 0.000000
    outer loop
      vertex 4.000000 -0.240399 -1.839002
      vertex 4.000000 -0.240399 -1.040430
      vertex 4.112996 -0.287145 -1.040430
    endloop
  endfacet
  facet normal 0.000000 0.000000 0.000000
    outer loop
      vertex 4.000000 -0.240399 -1.839002
      vertex 4.112996 -0.287145 -1.040430
      vertex 4.112996 -0.287145 -1.839002
    endloop
  endfacet
  facet normal 0.000000 0.000000 0.000000
    outer loop
      vertex 4.112996 -0.287145 -1.839002
      vertex 4.112996 -0.287145 -1.040430
      vertex 4.159800 -0.399999 -1.040430
    endloop
  endfacet
  facet normal 0.000000 0.000000 0.000000
    outer loop
      vertex 4.112996 -0.287145 -1.839002
      vertex 4.159800 -0.399999 -1.040430
      vertex 4.159800 -0.399999 -1.839002
    endloop
  endfacet
  facet normal 0.000000 0.000000 0.000000
    outer loop
      vertex 3.360800 -0.160599 -1.040430
      vertex 4.639200 -0.160599 -1.040430
      vertex 4.639200 -0.639399 -1.040430
    endloop
  endfacet
  facet normal 0.000000 0.000000 0.000000
    outer loop
      vertex 3.360800 -0.160599 -1.040430
      vertex 4.639200 -0.639399 -1.040430
      vertex 3.360800 -0.639399 -1.040430
    endloop
  endfacet
  facet normal 0.000000 0.000000 0.000000
    outer loop
      vertex 3.360800 -0.160599 -1.040430
      vertex 3.360800 -0.160599 -1.839002
      vertex 4.639200 -0.160599 -1.839002
    endloop
  endfacet
  facet normal 0.000000 0.000000 0.000000
    outer loop
      vertex 3.360800 -0.160599 -1.040430
      vertex 4.639200 -0.160599 -1.839002
      vertex 4.639200 -0.160599 -1.040430
    endloop
  endfacet
  facet normal 0.000000 0.000000 0.000000
    outer loop
      vertex 3.360800 -0.639399 -1.040430
      vertex 3.360800 -0.639399 -1.839002
      vertex 3.360800 -0.160599 -1.839002
    endloop
  endfacet
  facet normal 0.000000 0.000000 0.000000
    outer loop
      vertex 3.360800 -0.639399 -1.040430
      vertex 3.360800 -0.160599 -1.839002
      vertex 3.360800 -0.160599 -1.040430
    endloop
  endfacet
  facet normal 0.000000 0.000000 0.000000
    outer loop
      vertex 4.639200 -0.639399 -1.040430
      vertex 4.639200 -0.639399 -1.839002
      vertex 3.360800 -0.639399 -1.839002
    endloop
  endfacet
  facet normal 0.000000 0.000000 0.000000
    outer loop
      vertex 4.639200 -0.639399 -1.040430
      vertex 3.360800 -0.639399 -1.839002
      vertex 3.360800 -0.639399 -1.040430
    endloop
  endfacet
  facet normal 0.000000 0.000000 0.000000
    outer loop
      vertex 4.639200 -0.160599 -1.040430
      vertex 4.639200 -0.160599 -1.839002
      vertex 4.639200 -0.639399 -1.839002
    endloop
  endfacet
  facet normal 0.000000 0.000000 0.000000
    outer loop
      vertex 4.639200 -0.160599 -1.040430
      vertex 4.639200 -0.639399 -1.839002
      vertex 4.639200 -0.639399 -1.040430
    endloop
  endfacet
  facet normal 0.000000 0.000000 0.000000
    outer loop
      vertex 4.799000 -0.798999 -1.839002
      vertex 4.799000 -0.000999 -1.839002
      vertex 4.799000 -0.000999 -0.880716
    endloop
  endfacet
  facet normal 0.000000 0.000000 0.000000
    outer loop
      vertex 4.799000 -0.798999 -1.839002
      vertex 4.799000 -0.000999 -0.880716
      vertex 4.799000 -0.798999 -0.880716
    endloop
  endfacet
  facet normal 0.000000 0.000000 0.000000
    outer loop
      vertex 3.201000 -0.000999 -1.839002
      vertex 3.201000 -0.798999 -1.839002
      vertex 3.201000 -0.798999 -0.880716
    endloop
  endfacet
  facet normal 0.000000 0.000000 0.000000
    outer loop
      vertex 3.201000 -0.000999 -1.839002
      vertex 3.201000 -0.798999 -0.880716
      vertex 3.201000 -0.000999 -0.880716
    endloop
  endfacet
  facet normal 0.000000 0.000000 0.000000
    outer loop
      vertex 4.799000 -0.000999 -1.839002
      vertex 3.201000 -0.000999 -1.839002
      vertex 3.201000 -0.000999 -0.880716
    endloop
  endfacet
  facet normal 0.000000 0.000000 0.000000
    outer loop
      vertex 4.799000 -0.000999 -1.839002
      vertex 3.201000 -0.000999 -0.880716
      vertex 4.799000 -0.000999 -0.880716
    endloop
  endfacet
  facet normal 0.000000 0.000000 0.000000
    outer loop
      vertex 3.201000 -0.000999 -0.880716
      vertex 3.201000 -0.798999 -0.880716
      vertex 4.799000 -0.798999 -0.880716
    endloop
  endfacet
  facet normal 0.000000 0.000000 0.000000
    outer loop
      vertex 3.201000 -0.000999 -0.880716
      vertex 4.799000 -0.798999 -0.880716
      vertex 4.799000 -0.000999 -0.880716
    endloop
  endfacet
  facet normal 0.000000 0.000000 0.000000
    outer loop
      vertex 4.639200 -0.399999 -0.721002
      vertex 4.639200 -0.399999 -0.880716
      vertex 4.568994 -0.230717 -0.880716
    endloop
  endfacet
  facet normal 0.000000 0.000000 0.000000
    outer loop
      vertex 4.639200 -0.399999 -0.721002
      vertex 4.568994 -0.230717 -0.880716
      vertex 4.568994 -0.230717 -0.721002
    endloop
  endfacet
  facet normal 0.000000 0.000000 0.000000
    outer loop
      vertex 4.568994 -0.230717 -0.721002
      vertex 4.568994 -0.230717 -0.880716
      vertex 4.399500 -0.160599 -0.880716
    endloop
  endfacet
  facet normal 0.000000 0.000000 0.000000
    outer loop
      vertex 4.568994 -0.230717 -0.721002
      vertex 4.399500 -0.160599 -0.880716
      vertex 4.399500 -0.160599 -0.721002
    endloop
  endfacet
  facet normal 0.000000 0.000000 0.000000
    outer loop
      vertex 4.399500 -0.160599 -0.721002
      vertex 4.399500 -0.160599 -0.880716
      vertex 4.230006 -0.230717 -0.880716
    endloop
  endfacet
  facet normal 0.000000 0.000000 0.000000
    outer loop
      vertex 4.399500 -0.160599 -0.721002
      vertex 4.230006 -0.230717 -0.880716
      vertex 4.230006 -0.230717 -0.721002
    endloop
  endfacet
  facet normal 0.000000 0.000000 0.000000
    outer loop
      vertex 4.230006 -0.230717 -0.721002
      vertex 4.230006 -0.230717 -0.880716
      vertex 4.159800 -0.399999 -0.880716
    endloop
  endfacet
  facet normal 0.000000 0.000000 0.000000
    outer loop
      vertex 4.230006 -0.230717 -0.721002
      vertex 4.159800 -0.399999 -0.880716
      vertex 4.159800 -0.399999 -0.721002
    endloop
  endfacet
  facet normal 0.000000 0.000000 0.000000
    outer loop
      vertex 4.159800 -0.399999 -0.721002
      vertex 4.159800 -0.399999 -0.880716
      vertex 4.230006 -0.569280 -0.880716
    endloop
  endfacet
  facet normal 0.000000 0.000000 0.000000
    outer loop
      vertex 4.159800 -0.399999 -0.721002
      vertex 4.230006 -0.569280 -0.880716
      vertex 4.230006 -0.569280 -0.721002
    endloop
  endfacet
  facet normal 0.000000 0.000000 0.000000
    outer loop
      vertex 4.230006 -0.569280 -0.721002
      vertex 4.230006 -0.569280 -0.880716
      vertex 4.399500 -0.639399 -0.880716
    endloop
  endfacet
  facet normal 0.000000 0.000000 0.000000
    outer loop
      vertex 4.230006 -0.569280 -0.721002
      vertex 4.399500 -0.639399 -0.880716
      vertex 4.399500 -0.639399 -0.721002
    endloop
  endfacet
  facet normal 0.000000 0.000000 0.000000
    outer loop
      vertex 4.399500 -0.639399 -0.721002
      vertex 4.399500 -0.639399 -0.880716
      vertex 4.568994 -0.569280 -0.880716
    endloop
  endfacet
  facet normal 0.000000 0.000000 0.000000
    outer loop
      vertex 4.399500 -0.639399 -0.721002
      vertex 4.568994 -0.569280 -0.880716
      vertex 4.568994 -0.569280 -0.721002
    endloop
  endfacet
  facet normal 0.000000 0.000000 0.000000
    outer loop
      vertex 4.568994 -0.569280 -0.721002
      vertex 4.568994 -0.569280 -0.880716
      vertex 4.639200 -0.399999 -0.880716
    endloop
  endfacet
  facet normal 0.000000 0.000000 0.000000
    outer loop
      vertex 4.568994 -0.569280 -0.721002
      vertex 4.639200 -0.399999 -0.880716
      vertex 4.639200 -0.399999 -0.721002
    endloop
  endfacet
  facet normal 0.000000 0.000000 0.000000
    outer loop
      vertex 3.840200 -0.399999 -0.721002
      vertex 3.840200 -0.399999 -0.880716
      vertex 3.769994 -0.230717 -0.880716
    endloop
  endfacet
  facet normal 0.000000 0.000000 0.000000
    outer loop
      vertex 3.840200 -0.399999 -0.721002
      vertex 3.769994 -0.230717 -0.880716
      vertex 3.769994 -0.230717 -0.721002
    endloop
  endfacet
  facet normal 0.000000 0.000000 0.000000
    outer loop
      vertex 3.769994 -0.230717 -0.721002
      vertex 3.769994 -0.230717 -0.880716
      vertex 3.600500 -0.160599 -0.880716
    endloop
  endfacet
  facet normal 0.000000 0.000000 0.000000
    outer loop
      vertex 3.769994 -0.230717 -0.721002
      vertex 3.600500 -0.160599 -0.880716
      vertex 3.600500 -0.160599 -0.721002
    endloop
  endfacet
  facet normal 0.000000 0.000000 0.000000
    outer loop
      vertex 3.600500 -0.160599 -0.721002
      vertex 3.600500 -0.160599 -0.880716
      vertex 3.431006 -0.230717 -0.880716
    endloop
  endfacet
  facet normal 0.000000 0.000000 0.000000
    outer loop
      vertex 3.600500 -0.160599 -0.721002
      vertex 3.431006 -0.230717 -0.880716
      vertex 3.431006 -0.230717 -0.721002
    endloop
  endfacet
  facet normal 0.000000 0.000000 0.000000
    outer loop
      vertex 3.431006 -0.230717 -0.721002
      vertex 3.431006 -0.230717 -0.880716
      vertex 3.360800 -0.399999 -0.880716
    endloop
  endfacet
  facet normal 0.000000 0.000000 0.000000
    outer loop
      vertex 3.431006 -0.230717 -0.721002
      vertex 3.360800 -0.399999 -0.880716
      vertex 3.360800 -0.399999 -0.721002
    endloop
  endfacet
  facet normal 0.000000 0.000000 0.000000
    outer loop
      vertex 3.360800 -0.399999 -0.721002
      vertex 3.360800 -0.399999 -0.880716
      vertex 3.431006 -0.569280 -0.880716
    endloop
  endfacet
  facet normal 0.000000 0.000000 0.000000
    outer loop
      vertex 3.360800 -0.399999 -0.721002
      vertex 3.431006 -0.569280 -0.880716
      vertex 3.431006 -0.569280 -0.721002
    endloop
  endfacet
  facet normal 0.000000 0.000000 0.000000
    outer loop
      vertex 3.431006 -0.569280 -0.721002
      vertex 3.431006 -0.569280 -0.880716
      vertex 3.600500 -0.639399 -0.880716
    endloop
  endfacet
  facet normal 0.000000 0.000000 0.000000
    outer loop
      vertex 3.431006 -0.569280 -0.721002
      vertex 3.600500 -0.639399 -0.880716
      vertex 3.600500 -0.639399 -0.721002
    endloop
  endfacet
  facet normal 0.000000 0.000000 0.000000
    outer loop
      vertex 3.600500 -0.639399 -0.721002
      vertex 3.600500 -0.639399 -0.880716
      vertex 3.769994 -0.569280 -0.880716
    endloop
  endfacet
  facet normal 0.000000 0.000000 0.000000
    outer loop
      vertex 3.600500 -0.639399 -0.721002
      vertex 3.769994 -0.569280 -0.880716
      vertex 3.769994 -0.569280 -0.721002
    endloop
  endfacet
  facet normal 0.000000 0.000000 0.000000
    outer loop
      vertex 3.769994 -0.569280 -0.721002
      vertex 3.769994 -0.569280 -0.880716
      vertex 3.840200 -0.399999 -0.880716
    endloop
  endfacet
  facet normal 0.000000 0.000000 0.000000
    outer loop
      vertex 3.769994 -0.569280 -0.721002
      vertex 3.840200 -0.399999 -0.880716
      vertex 3.840200 -0.399999 -0.721002
    endloop
  endfacet
  facet normal 0.000000 0.000000 0.000000
    outer loop
      vertex 4.399500 -0.399999 -0.721002
      vertex 4.639200 -0.399999 -0.721002
      vertex 4.568994 -0.230717 -0.721002
    endloop
  endfacet
  facet normal 0.000000 0.000000 0.000000
    outer loop
      vertex 4.399500 -0.399999 -0.721002
      vertex 4.568994 -0.230717 -0.721002
      vertex 4.399500 -0.160599 -0.721002
    endloop
  endfacet
  facet normal 0.000000 0.000000 0.000000
    outer loop
      vertex 4.399500 -0.399999 -0.721002
      vertex 4.399500 -0.160599 -0.721002
      vertex 4.230006 -0.230717 -0.721002
    endloop
  endfacet
  facet normal 0.000000 0.000000 0.000000
    outer loop
      vertex 4.399500 -0.399999 -0.721002
      vertex 4.230006 -0.230717 -0.721002
      vertex 4.159800 -0.399999 -0.721002
    endloop
  endfacet
  facet normal 0.000000 0.000000 0.000000
    outer loop
      vertex 4.399500 -0.399999 -0.721002
      vertex 4.159800 -0.399999 -0.721002
      vertex 4.230006 -0.569280 -0.721002
    endloop
  endfacet
  facet normal 0.000000 0.000000 0.000000
    outer loop
      vertex 4.399500 -0.399999 -0.721002
      vertex 4.230006 -0.569280 -0.721002
      vertex 4.399500 -0.639399 -0.721002
    endloop
  endfacet
  facet normal 0.000000 0.000000 0.000000
    outer loop
      vertex 4.399500 -0.399999 -0.721002
      vertex 4.399500 -0.639399 -0.721002
      vertex 4.568994 -0.569280 -0.721002
    endloop
  endfacet
  facet normal 0.000000 0.000000 0.000000
    outer loop
      vertex 4.399500 -0.399999 -0.721002
      vertex 4.568994 -0.569280 -0.721002
      vertex 4.639200 -0.399999 -0.721002
    endloop
  endfacet
  facet normal 0.000000 0.000000 0.000000
    outer loop
      vertex 3.600500 -0.399999 -0.721002
      vertex 3.840200 -0.399999 -0.721002
      vertex 3.769994 -0.230717 -0.721002
    endloop
  endfacet
  facet normal 0.000000 0.000000 0.000000
    outer loop
      vertex 3.600500 -0.399999 -0.721002
      vertex 3.769994 -0.230717 -0.721002
      vertex 3.600500 -0.160599 -0.721002
    endloop
  endfacet
  facet normal 0.000000 0.000000 0.000000
    outer loop
      vertex 3.600500 -0.399999 -0.721002
      vertex 3.600500 -0.160599 -0.721002
      vertex 3.431006 -0.230717 -0.721002
    endloop
  endfacet
  facet normal 0.000000 0.000000 0.000000
    outer loop
      vertex 3.600500 -0.399999 -0.721002
      vertex 3.431006 -0.230717 -0.721002
      vertex 3.360800 -0.399999 -0.721002
    endloop
  endfacet
  facet normal 0.000000 0.000000 0.000000
    outer loop
      vertex 3.600500 -0.399999 -0.721002
      vertex 3.360800 -0.399999 -0.721002
      vertex 3.431006 -0.569280 -0.721002
    endloop
  endfacet
  facet normal 0.000000 0.000000 0.000000
    outer loop
      vertex 3.600500 -0.399999 -0.721002
      vertex 3.431006 -0.569280 -0.721002
      vertex 3.600500 -0.639399 -0.721002
    endloop
  endfacet
  facet normal 0.000000 0.000000 0.000000
    outer loop
      vertex 3.600500 -0.399999 -0.721002
      vertex 3.600500 -0.639399 -0.721002
      vertex 3.769994 -0.569280 -0.721002
    endloop
  endfacet
  facet normal 0.000000 0.000000 0.000000
    outer loop
      vertex 3.600500 -0.399999 -0.721002
      vertex 3.769994 -0.569280 -0.721002
      vertex 3.840200 -0.399999 -0.721002
    endloop
  endfacet
  facet normal 0.000000 0.000000 0.000000
    outer loop
      vertex -3.840200 -0.400000 1.040997
      vertex -3.887004 -0.512854 1.040997
      vertex -4.000000 -0.400000 1.040997
    endloop
  endfacet
  facet normal 0.000000 0.000000 0.000000
    outer loop
      vertex -3.887004 -0.512854 1.040997
      vertex -4.000000 -0.559600 1.040997
      vertex -4.000000 -0.400000 1.040997
    endloop
  endfacet
  facet normal 0.000000 0.000000 0.000000
    outer loop
      vertex -4.000000 -0.559600 1.040997
      vertex -4.112996 -0.512854 1.040997
      vertex -4.000000 -0.400000 1.040997
    endloop
  endfacet
  facet normal 0.000000 0.000000 0.000000
    outer loop
      vertex -4.112996 -0.512854 1.040997
      vertex -4.159800 -0.400000 1.040997
      vertex -4.000000 -0.400000 1.040997
    endloop
  endfacet
  facet normal 0.000000 0.000000 0.000000
    outer loop
      vertex -4.159800 -0.400000 1.040997
      vertex -4.112996 -0.287145 1.040997
      vertex -4.000000 -0.400000 1.040997
    endloop
  endfacet
  facet normal 0.000000 0.000000 0.000000
    outer loop
      vertex -4.112996 -0.287145 1.040997
      vertex -4.000000 -0.240400 1.040997
      vertex -4.000000 -0.400000 1.040997
    endloop
  endfacet
  facet normal 0.000000 0.000000 0.000000
    outer loop
      vertex -4.000000 -0.240400 1.040997
      vertex -3.887004 -0.287145 1.040997
      vertex -4.000000 -0.400000 1.040997
    endloop
  endfacet
  facet normal 0.000000 0.000000 0.000000
    outer loop
      vertex -3.887004 -0.287145 1.040997
      vertex -3.840200 -0.400000 1.040997
      vertex -4.000000 -0.400000 1.040997
    endloop
  endfacet
  facet normal 0.000000 0.000000 0.000000
    outer loop
      vertex -4.799000 -0.799000 1.359664
      vertex -4.799000 -0.799000 1.040997
      vertex -3.201000 -0.799000 1.040997
    endloop
  endfacet
  facet normal 0.000000 0.000000 0.000000
    outer loop
      vertex -4.799000 -0.799000 1.359664
      vertex -3.201000 -0.799000 1.040997
      vertex -3.201000 -0.799000 1.359664
    endloop
  endfacet
  facet normal 0.000000 0.000000 0.000000
    outer loop
      vertex -3.201000 -0.001000 1.040997
      vertex -3.360800 -0.160600 1.040997
      vertex -4.639200 -0.160600 1.040997
    endloop
  endfacet
  facet normal 0.000000 0.000000 0.000000
    outer loop
      vertex -3.201000 -0.001000 1.040997
      vertex -4.639200 -0.160600 1.040997
      vertex -4.799000 -0.001000 1.040997
    endloop
  endfacet
  facet normal 0.000000 0.000000 0.000000
    outer loop
      vertex -4.799000 -0.001000 1.040997
      vertex -4.639200 -0.160600 1.040997
      vertex -4.639200 -0.639400 1.040997
    endloop
  endfacet
  facet normal 0.000000 0.000000 0.000000
    outer loop
      vertex -4.799000 -0.001000 1.040997
      vertex -4.639200 -0.639400 1.040997
      vertex -4.799000 -0.799000 1.040997
    endloop
  endfacet
  facet normal 0.000000 0.000000 0.000000
    outer loop
      vertex -4.799000 -0.799000 1.040997
      vertex -4.639200 -0.639400 1.040997
      vertex -3.360800 -0.639400 1.040997
    endloop
  endfacet
  facet normal 0.000000 0.000000 0.000000
    outer loop
      vertex -4.799000 -0.799000 1.040997
      vertex -3.360800 -0.639400 1.040997
      vertex -3.201000 -0.799000 1.040997
    endloop
  endfacet
  facet normal 0.000000 0.000000 0.000000
    outer loop
      vertex -3.201000 -0.799000 1.040997
      vertex -3.360800 -0.639400 1.040997
      vertex -3.360800 -0.160600 1.040997
    endloop
  endfacet
  facet normal 0.000000 0.000000 0.000000
    outer loop
      vertex -3.201000 -0.799000 1.040997
      vertex -3.360800 -0.160600 1.040997
      vertex -3.201000 -0.001000 1.040997
    endloop
  endfacet
  facet normal 0.000000 0.000000 0.000000
    outer loop
      vertex -3.840200 -0.400000 1.040997
      vertex -3.840200 -0.400000 1.200331
      vertex -3.887004 -0.512854 1.200331
    endloop
  endfacet
  facet normal 0.000000 0.000000 0.000000
    outer loop
      vertex -3.840200 -0.400000 1.040997
      vertex -3.887004 -0.512854 1.200331
      vertex -3.887004 -0.512854 1.040997
    endloop
  endfacet
  facet normal 0.000000 0.000000 0.000000
    outer loop
      vertex -3.887004 -0.512854 1.040997
      vertex -3.887004 -0.512854 1.200331
      vertex -4.000000 -0.559600 1.200331
    endloop
  endfacet
  facet normal 0.000000 0.000000 0.000000
    outer loop
      vertex -3.887004 -0.512854 1.040997
      vertex -4.000000 -0.559600 1.200331
      vertex -4.000000 -0.559600 1.040997
    endloop
  endfacet
  facet normal 0.000000 0.000000 0.000000
    outer loop
      vertex -4.000000 -0.559600 1.040997
      vertex -4.000000 -0.559600 1.200331
      vertex -4.112996 -0.512854 1.200331
    endloop
  endfacet
  facet normal 0.000000 0.000000 0.000000
    outer loop
      vertex -4.000000 -0.559600 1.040997
      vertex -4.112996 -0.512854 1.200331
      vertex -4.112996 -0.512854 1.040997
    endloop
  endfacet
  facet normal 0.000000 0.000000 0.000000
    outer loop
      vertex -4.112996 -0.512854 1.040997
      vertex -4.112996 -0.512854 1.200331
      vertex -4.159800 -0.400000 1.200331
    endloop
  endfacet
  facet normal 0.000000 0.000000 0.000000
    outer loop
      vertex -4.112996 -0.512854 1.040997
      vertex -4.159800 -0.400000 1.200331
      vertex -4.159800 -0.400000 1.040997
    endloop
  endfacet
  facet normal 0.000000 0.000000 0.000000
    outer loop
      vertex -4.159800 -0.400000 1.040997
      vertex -4.159800 -0.400000 1.200331
      vertex -4.112996 -0.287145 1.200331
    endloop
  endfacet
  facet normal 0.000000 0.000000 0.000000
    outer loop
      vertex -4.159800 -0.400000 1.040997
      vertex -4.112996 -0.287145 1.200331
      vertex -4.112996 -0.287145 1.040997
    endloop
  endfacet
  facet normal 0.000000 0.000000 0.000000
    outer loop
      vertex -4.112996 -0.287145 1.040997
      vertex -4.112996 -0.287145 1.200331
      vertex -4.000000 -0.240400 1.200331
    endloop
  endfacet
  facet normal 0.000000 0.000000 0.000000
    outer loop
      vertex -4.112996 -0.287145 1.040997
      vertex -4.000000 -0.240400 1.200331
      vertex -4.000000 -0.240400 1.040997
    endloop
  endfacet
  facet normal 0.000000 0.000000 0.000000
    outer loop
      vertex -4.000000 -0.240400 1.040997
      vertex -4.000000 -0.240400 1.200331
      vertex -3.887004 -0.287145 1.200331
    endloop
  endfacet
  facet normal 0.000000 0.000000 0.000000
    outer loop
      vertex -4.000000 -0.240400 1.040997
      vertex -3.887004 -0.287145 1.200331
      vertex -3.887004 -0.287145 1.040997
    endloop
  endfacet
  facet normal 0.000000 0.000000 0.000000
    outer loop
      vertex -3.887004 -0.287145 1.040997
      vertex -3.887004 -0.287145 1.200331
      vertex -3.840200 -0.400000 1.200331
    endloop
  endfacet
  facet normal 0.000000 0.000000 0.000000
    outer loop
      vertex -3.887004 -0.287145 1.040997
      vertex -3.840200 -0.400000 1.200331
      vertex -3.840200 -0.400000 1.040997
    endloop
  endfacet
  facet normal 0.000000 0.000000 0.000000
    outer loop
      vertex -4.639200 -0.160600 1.200331
      vertex -3.360800 -0.160600 1.200331
      vertex -3.360800 -0.639400 1.200331
    endloop
  endfacet
  facet normal 0.000000 0.000000 0.000000
    outer loop
      vertex -4.639200 -0.160600 1.200331
      vertex -3.360800 -0.639400 1.200331
      vertex -4.639200 -0.639400 1.200331
    endloop
  endfacet
  facet normal 0.000000 0.000000 0.000000
    outer loop
      vertex -4.639200 -0.160600 1.200331
      vertex -4.639200 -0.160600 1.040997
      vertex -3.360800 -0.160600 1.040997
    endloop
  endfacet
  facet normal 0.000000 0.000000 0.000000
    outer loop
      vertex -4.639200 -0.160600 1.200331
      vertex -3.360800 -0.160600 1.040997
      vertex -3.360800 -0.160600 1.200331
    endloop
  endfacet
  facet normal 0.000000 0.000000 0.000000
    outer loop
      vertex -4.639200 -0.639400 1.200331
      vertex -4.639200 -0.639400 1.040997
      vertex -4.639200 -0.160600 1.040997
    endloop
  endfacet
  facet normal 0.000000 0.000000 0.000000
    outer loop
      vertex -4.639200 -0.639400 1.200331
      vertex -4.639200 -0.160600 1.040997
      vertex -4.639200 -0.160600 1.200331
    endloop
  endfacet
  facet normal 0.000000 0.000000 0.000000
    outer loop
      vertex -3.360800 -0.639400 1.200331
      vertex -3.360800 -0.639400 1.040997
      vertex -4.639200 -0.639400 1.040997
    endloop
  endfacet
  facet normal 0.000000 0.000000 0.000000
    outer loop
      vertex -3.360800 -0.639400 1.200331
      vertex -4.639200 -0.639400 1.040997
      vertex -4.639200 -0.639400 1.200331
    endloop
  endfacet
  facet normal 0.000000 0.000000 0.000000
    outer loop
      vertex -3.360800 -0.160600 1.200331
      vertex -3.360800 -0.160600 1.040997
      vertex -3.360800 -0.639400 1.040997
    endloop
  endfacet
  facet normal 0.000000 0.000000 0.000000
    outer loop
      vertex -3.360800 -0.160600 1.200331
      vertex -3.360800 -0.639400 1.040997
      vertex -3.360800 -0.639400 1.200331
    endloop
  endfacet
  facet normal 0.000000 0.000000 0.000000
    outer loop
      vertex -3.201000 -0.799000 1.040997
      vertex -3.201000 -0.001000 1.040997
      vertex -3.201000 -0.001000 1.359664
    endloop
  endfacet
  facet normal 0.000000 0.000000 0.000000
    outer loop
      vertex -3.201000 -0.799000 1.040997
      vertex -3.201000 -0.001000 1.359664
      vertex -3.201000 -0.799000 1.359664
    endloop
  endfacet
  facet normal 0.000000 0.000000 0.000000
    outer loop
      vertex -4.799000 -0.001000 1.040997
      vertex -4.799000 -0.799000 1.040997
      vertex -4.799000 -0.799000 1.359664
    endloop
  endfacet
  facet normal 0.000000 0.000000 0.000000
    outer loop
      vertex -4.799000 -0.001000 1.040997
      vertex -4.799000 -0.799000 1.359664
      vertex -4.799000 -0.001000 1.359664
    endloop
  endfacet
  facet normal 0.000000 0.000000 0.000000
    outer loop
      vertex -3.201000 -0.001000 1.040997
      vertex -4.799000 -0.001000 1.040997
      vertex -4.799000 -0.001000 1.359664
    endloop
  endfacet
  facet normal 0.000000 0.000000 0.000000
    outer loop
      vertex -3.201000 -0.001000 1.040997
      vertex -4.799000 -0.001000 1.359664
      vertex -3.201000 -0.001000 1.359664
    endloop
  endfacet
  facet normal 0.000000 0.000000 0.000000
    outer loop
      vertex -4.799000 -0.001000 1.359664
      vertex -4.799000 -0.799000 1.359664
      vertex -3.201000 -0.799000 1.359664
    endloop
  endfacet
  facet normal 0.000000 0.000000 0.000000
    outer loop
      vertex -4.799000 -0.001000 1.359664
      vertex -3.201000 -0.799000 1.359664
      vertex -3.201000 -0.001000 1.359664
    endloop
  endfacet
  facet normal 0.000000 0.000000 0.000000
    outer loop
      vertex -4.159800 -0.400000 1.518997
      vertex -4.159800 -0.400000 1.359664
      vertex -4.230006 -0.230718 1.359664
    endloop
  endfacet
  facet normal 0.000000 0.000000 0.000000
    outer loop
      vertex -4.159800 -0.400000 1.518997
      vertex -4.230006 -0.230718 1.359664
      vertex -4.230006 -0.230718 1.518997
    endloop
  endfacet
  facet normal 0.000000 0.000000 0.000000
    outer loop
      vertex -4.230006 -0.230718 1.518997
      vertex -4.230006 -0.230718 1.359664
      vertex -4.399500 -0.160600 1.359664
    endloop
  endfacet
  facet normal 0.000000 0.000000 0.000000
    outer loop
      vertex -4.230006 -0.230718 1.518997
      vertex -4.399500 -0.160600 1.359664
      vertex -4.399500 -0.160600 1.518997
    endloop
  endfacet
  facet normal 0.000000 0.000000 0.000000
    outer loop
      vertex -4.399500 -0.160600 1.518997
      vertex -4.399500 -0.160600 1.359664
      vertex -4.568994 -0.230718 1.359664
    endloop
  endfacet
  facet normal 0.000000 0.000000 0.000000
    outer loop
      vertex -4.399500 -0.160600 1.518997
      vertex -4.568994 -0.230718 1.359664
      vertex -4.568994 -0.230718 1.518997
    endloop
  endfacet
  facet normal 0.000000 0.000000 0.000000
    outer loop
      vertex -4.568994 -0.230718 1.518997
      vertex -4.568994 -0.230718 1.359664
      vertex -4.639200 -0.400000 1.359664
    endloop
  endfacet
  facet normal 0.000000 0.000000 0.000000
    outer loop
      vertex -4.568994 -0.230718 1.518997
      vertex -4.639200 -0.400000 1.359664
      vertex -4.639200 -0.400000 1.518997
    endloop
  endfacet
  facet normal 0.000000 0.000000 0.000000
    outer loop
      vertex -4.639200 -0.400000 1.518997
      vertex -4.639200 -0.400000 1.359664
      vertex -4.568994 -0.569281 1.359664
    endloop
  endfacet
  facet normal 0.000000 0.000000 0.000000
    outer loop
      vertex -4.639200 -0.400000 1.518997
      vertex -4.568994 -0.569281 1.359664
      vertex -4.568994 -0.569281 1.518997
    endloop
  endfacet
  facet normal 0.000000 0.000000 0.000000
    outer loop
      vertex -4.568994 -0.569281 1.518997
      vertex -4.568994 -0.569281 1.359664
      vertex -4.399500 -0.639400 1.359664
    endloop
  endfacet
  facet normal 0.000000 0.000000 0.000000
    outer loop
      vertex -4.568994 -0.569281 1.518997
      vertex -4.399500 -0.639400 1.359664
      vertex -4.399500 -0.639400 1.518997
    endloop
  endfacet
  facet normal 0.000000 0.000000 0.000000
    outer loop
      vertex -4.399500 -0.639400 1.518997
      vertex -4.399500 -0.639400 1.359664
      vertex -4.230006 -0.569281 1.359664
    endloop
  endfacet
  facet normal 0.000000 0.000000 0.000000
    outer loop
      vertex -4.399500 -0.639400 1.518997
      vertex -4.230006 -0.569281 1.359664
      vertex -4.230006 -0.569281 1.518997
    endloop
  endfacet
  facet normal 0.000000 0.000000 0.000000
    outer loop
      vertex -4.230006 -0.569281 1.518997
      vertex -4.230006 -0.569281 1.359664
      vertex -4.159800 -0.400000 1.359664
    endloop
  endfacet
  facet normal 0.000000 0.000000 0.000000
    outer loop
      vertex -4.230006 -0.569281 1.518997
      vertex -4.159800 -0.400000 1.359664
      vertex -4.159800 -0.400000 1.518997
    endloop
  endfacet
  facet normal 0.000000 0.000000 0.000000
    outer loop
      vertex -3.360800 -0.400000 1.518997
      vertex -3.360800 -0.400000 1.359664
      vertex -3.431006 -0.230718 1.359664
    endloop
  endfacet
  facet normal 0.000000 0.000000 0.000000
    outer loop
      vertex -3.360800 -0.400000 1.518997
      vertex -3.431006 -0.230718 1.359664
      vertex -3.431006 -0.230718 1.518997
    endloop
  endfacet
  facet normal 0.000000 0.000000 0.000000
    outer loop
      vertex -3.431006 -0.230718 1.518997
      vertex -3.431006 -0.230718 1.359664
      vertex -3.600500 -0.160600 1.359664
    endloop
  endfacet
  facet normal 0.000000 0.000000 0.000000
    outer loop
      vertex -3.431006 -0.230718 1.518997
      vertex -3.600500 -0.160600 1.359664
      vertex -3.600500 -0.160600 1.518997
    endloop
  endfacet
  facet normal 0.000000 0.000000 0.000000
    outer loop
      vertex -3.600500 -0.160600 1.518997
      vertex -3.600500 -0.160600 1.359664
      vertex -3.769994 -0.230718 1.359664
    endloop
  endfacet
  facet normal 0.000000 0.000000 0.000000
    outer loop
      vertex -3.600500 -0.160600 1.518997
      vertex -3.769994 -0.230718 1.359664
      vertex -3.769994 -0.230718 1.518997
    endloop
  endfacet
  facet normal 0.000000 0.000000 0.000000
    outer loop
      vertex -3.769994 -0.230718 1.518997
      vertex -3.769994 -0.230718 1.359664
      vertex -3.840200 -0.400000 1.359664
    endloop
  endfacet
  facet normal 0.000000 0.000000 0.000000
    outer loop
      vertex -3.769994 -0.230718 1.518997
      vertex -3.840200 -0.400000 1.359664
      vertex -3.840200 -0.400000 1.518997
    endloop
  endfacet
  facet normal 0.000000 0.000000 0.000000
    outer loop
      vertex -3.840200 -0.400000 1.518997
      vertex -3.840200 -0.400000 1.359664
      vertex -3.769994 -0.569281 1.359664
    endloop
  endfacet
  facet normal 0.000000 0.000000 0.000000
    outer loop
      vertex -3.840200 -0.400000 1.518997
      vertex -3.769994 -0.569281 1.359664
      vertex -3.769994 -0.569281 1.518997
    endloop
  endfacet
  facet normal 0.000000 0.000000 0.000000
    outer loop
      vertex -3.769994 -0.569281 1.518997
      vertex -3.769994 -0.569281 1.359664
      vertex -3.600500 -0.639400 1.359664
    endloop
  endfacet
  facet normal 0.000000 0.000000 0.000000
    outer loop
      vertex -3.769994 -0.569281 1.518997
      vertex -3.600500 -0.639400 1.359664
      vertex -3.600500 -0.639400 1.518997
    endloop
  endfacet
  facet normal 0.000000 0.000000 0.000000
    outer loop
      vertex -3.600500 -0.639400 1.518997
      vertex -3.600500 -0.639400 1.359664
      vertex -3.431006 -0.569281 1.359664
    endloop
  endfacet
  facet normal 0.000000 0.000000 0.000000
    outer loop
      vertex -3.600500 -0.639400 1.518997
      vertex -3.431006 -0.569281 1.359664
      vertex -3.431006 -0.569281 1.518997
    endloop
  endfacet
  facet normal 0.000000 0.000000 0.000000
    outer loop
      vertex -3.431006 -0.569281 1.518997
      vertex -3.431006 -0.569281 1.359664
      vertex -3.360800 -0.400000 1.359664
    endloop
  endfacet
  facet normal 0.000000 0.000000 0.000000
    outer loop
      vertex -3.431006 -0.569281 1.518997
      vertex -3.360800 -0.400000 1.359664
      vertex -3.360800 -0.400000 1.518997
    endloop
  endfacet
  facet normal 0.000000 0.000000 0.000000
    outer loop
      vertex -4.399500 -0.400000 1.518997
      vertex -4.159800 -0.400000 1.518997
      vertex -4.230006 -0.230718 1.518997
    endloop
  endfacet
  facet normal 0.000000 0.000000 0.000000
    outer loop
      vertex -4.399500 -0.400000 1.518997
      vertex -4.230006 -0.230718 1.518997
      vertex -4.399500 -0.160600 1.518997
    endloop
  endfacet
  facet normal 0.000000 0.000000 0.000000
    outer loop
      vertex -4.399500 -0.400000 1.518997
      vertex -4.399500 -0.160600 1.518997
      vertex -4.568994 -0.230718 1.518997
    endloop
  endfacet
  facet normal 0.000000 0.000000 0.000000
    outer loop
      vertex -4.399500 -0.400000 1.518997
      vertex -4.568994 -0.230718 1.518997
      vertex -4.639200 -0.400000 1.518997
    endloop
  endfacet
  facet normal 0.000000 0.000000 0.000000
    outer loop
      vertex -4.399500 -0.400000 1.518997
      vertex -4.639200 -0.400000 1.518997
      vertex -4.568994 -0.569281 1.518997
    endloop
  endfacet
  facet normal 0.000000 0.000000 0.000000
    outer loop
      vertex -4.399500 -0.400000 1.518997
      vertex -4.568994 -0.569281 1.518997
      vertex -4.399500 -0.639400 1.518997
    endloop
  endfacet
  facet normal 0.000000 0.000000 0.000000
    outer loop
      vertex -4.399500 -0.400000 1.518997
      vertex -4.399500 -0.639400 1.518997
      vertex -4.230006 -0.569281 1.518997
    endloop
  endfacet
  facet normal 0.000000 0.000000 0.000000
    outer loop
      vertex -4.399500 -0.400000 1.518997
      vertex -4.230006 -0.569281 1.518997
      vertex -4.159800 -0.400000 1.518997
    endloop
  endfacet
  facet normal 0.000000 0.000000 0.000000
    outer loop
      vertex -3.600500 -0.400000 1.518997
      vertex -3.360800 -0.400000 1.518997
      vertex -3.431006 -0.230718 1.518997
    endloop
  endfacet
  facet normal 0.000000 0.000000 0.000000
    outer loop
      vertex -3.600500 -0.400000 1.518997
      vertex -3.431006 -0.230718 1.518997
      vertex -3.600500 -0.160600 1.518997
    endloop
  endfacet
  facet normal 0.000000 0.000000 0.000000
    outer loop
      vertex -3.600500 -0.400000 1.518997
      vertex -3.600500 -0.160600 1.518997
      vertex -3.769994 -0.230718 1.518997
    endloop
  endfacet
  facet normal 0.000000 0.000000 0.000000
    outer loop
      vertex -3.600500 -0.400000 1.518997
      vertex -3.769994 -0.230718 1.518997
      vertex -3.840200 -0.400000 1.518997
    endloop
  endfacet
  facet normal 0.000000 0.000000 0.000000
    outer loop
      vertex -3.600500 -0.400000 1.518997
      vertex -3.840200 -0.400000 1.518997
      vertex -3.769994 -0.569281 1.518997
    endloop
  endfacet
  facet normal 0.000000 0.000000 0.000000
    outer loop
      vertex -3.600500 -0.400000 1.518997
      vertex -3.769994 -0.569281 1.518997
      vertex -3.600500 -0.639400 1.518997
    endloop
  endfacet
  facet normal 0.000000 0.000000 0.000000
    outer loop
      vertex -3.600500 -0.400000 1.518997
      vertex -3.600500 -0.639400 1.518997
      vertex -3.431006 -0.569281 1.518997
    endloop
  endfacet
  facet normal 0.000000 0.000000 0.000000
    outer loop
      vertex -3.600500 -0.400000 1.518997
      vertex -3.431006 -0.569281 1.518997
      vertex -3.360800 -0.400000 1.518997
    endloop
  endfacet
  facet normal 0.000000 0.000000 0.000000
    outer loop
      vertex -3.840200 -0.399999 -0.879002
      vertex -3.887004 -0.512853 -0.879002
      vertex -4.000000 -0.399999 -0.879002
    endloop
  endfacet
  facet normal 0.000000 0.000000 0.000000
    outer loop
      vertex -3.887004 -0.512853 -0.879002
      vertex -4.000000 -0.559599 -0.879002
      vertex -4.000000 -0.399999 -0.879002
    endloop
  endfacet
  facet normal 0.000000 0.000000 0.000000
    outer loop
      vertex -4.000000 -0.559599 -0.879002
      vertex -4.112996 -0.512853 -0.879002
      vertex -4.000000 -0.399999 -0.879002
    endloop
  endfacet
  facet normal 0.000000 0.000000 0.000000
    outer loop
      vertex -4.112996 -0.512853 -0.879002
      vertex -4.159800 -0.399999 -0.879002
      vertex -4.000000 -0.399999 -0.879002
    endloop
  endfacet
  facet normal 0.000000 0.000000 0.000000
    outer loop
      vertex -4.159800 -0.399999 -0.879002
      vertex -4.112996 -0.287145 -0.879002
      vertex -4.000000 -0.399999 -0.879002
    endloop
  endfacet
  facet normal 0.000000 0.000000 0.000000
    outer loop
      vertex -4.112996 -0.287145 -0.879002
      vertex -4.000000 -0.240399 -0.879002
      vertex -4.000000 -0.399999 -0.879002
    endloop
  endfacet
  facet normal 0.000000 0.000000 0.000000
    outer loop
      vertex -4.000000 -0.240399 -0.879002
      vertex -3.887004 -0.287145 -0.879002
      vertex -4.000000 -0.399999 -0.879002
    endloop
  endfacet
  facet normal 0.000000 0.000000 0.000000
    outer loop
      vertex -3.887004 -0.287145 -0.879002
      vertex -3.840200 -0.399999 -0.879002
      vertex -4.000000 -0.399999 -0.879002
    endloop
  endfacet
  facet normal 0.000000 0.000000 0.000000
    outer loop
      vertex -4.799000 -0.798999 -0.879002
      vertex -3.201000 -0.798999 -0.879002
      vertex -3.201000 -0.798999 0.079284
    endloop
  endfacet
  facet normal 0.000000 0.000000 0.000000
    outer loop
      vertex -4.799000 -0.798999 -0.879002
      vertex -3.201000 -0.798999 0.079284
      vertex -4.799000 -0.798999 0.079284
    endloop
  endfacet
  facet normal 0.000000 0.000000 0.000000
    outer loop
      vertex -3.201000 -0.000999 -0.879002
      vertex -3.360800 -0.160599 -0.879002
      vertex -4.639200 -0.160599 -0.879002
    endloop
  endfacet
  facet normal 0.000000 0.000000 0.000000
    outer loop
      vertex -3.201000 -0.000999 -0.879002
      vertex -4.639200 -0.160599 -0.879002
      vertex -4.799000 -0.000999 -0.879002
    endloop
  endfacet
  facet normal 0.000000 0.000000 0.000000
    outer loop
      vertex -4.799000 -0.000999 -0.879002
      vertex -4.639200 -0.160599 -0.879002
      vertex -4.639200 -0.639399 -0.879002
    endloop
  endfacet
  facet normal 0.000000 0.000000 0.000000
    outer loop
      vertex -4.799000 -0.000999 -0.879002
      vertex -4.639200 -0.639399 -0.879002
      vertex -4.799000 -0.798999 -0.879002
    endloop
  endfacet
  facet normal 0.000000 0.000000 0.000000
    outer loop
      vertex -4.799000 -0.798999 -0.879002
      vertex -4.639200 -0.639399 -0.879002
      vertex -3.360800 -0.639399 -0.879002
    endloop
  endfacet
  facet normal 0.000000 0.000000 0.000000
    outer loop
      vertex -4.799000 -0.798999 -0.879002
      vertex -3.360800 -0.639399 -0.879002
      vertex -3.201000 -0.798999 -0.879002
    endloop
  endfacet
  facet normal 0.000000 0.000000 0.000000
    outer loop
      vertex -3.201000 -0.798999 -0.879002
      vertex -3.360800 -0.639399 -0.879002
      vertex -3.360800 -0.160599 -0.879002
    endloop
  endfacet
  facet normal 0.000000 0.000000 0.000000
    outer loop
      vertex -3.201000 -0.798999 -0.879002
      vertex -3.360800 -0.160599 -0.879002
      vertex -3.201000 -0.000999 -0.879002
    endloop
  endfacet
  facet normal 0.000000 0.000000 0.000000
    outer loop
      vertex -3.840200 -0.399999 -0.879002
      vertex -3.840200 -0.399999 -0.080431
      vertex -3.887004 -0.512853 -0.080431
    endloop
  endfacet
  facet normal 0.000000 0.000000 0.000000
    outer loop
      vertex -3.840200 -0.399999 -0.879002
      vertex -3.887004 -0.512853 -0.080431
      vertex -3.887004 -0.512853 -0.879002
    endloop
  endfacet
  facet normal 0.000000 0.000000 0.000000
    outer loop
      vertex -3.887004 -0.512853 -0.879002
      vertex -3.887004 -0.512853 -0.080431
      vertex -4.000000 -0.559599 -0.080431
    endloop
  endfacet
  facet normal 0.000000 0.000000 0.000000
    outer loop
      vertex -3.887004 -0.512853 -0.879002
      vertex -4.000000 -0.559599 -0.080431
      vertex -4.000000 -0.559599 -0.879002
    endloop
  endfacet
  facet normal 0.000000 0.000000 0.000000
    outer loop
      vertex -4.000000 -0.559599 -0.879002
      vertex -4.000000 -0.559599 -0.080431
      vertex -4.112996 -0.512853 -0.080431
    endloop
  endfacet
  facet normal 0.000000 0.000000 0.000000
    outer loop
      vertex -4.000000 -0.559599 -0.879002
      vertex -4.112996 -0.512853 -0.080431
      vertex -4.112996 -0.512853 -0.879002
    endloop
  endfacet
  facet normal 0.000000 0.000000 0.000000
    outer loop
      vertex -4.112996 -0.512853 -0.879002
      vertex -4.112996 -0.512853 -0.080431
      vertex -4.159800 -0.399999 -0.080431
    endloop
  endfacet
  facet normal 0.000000 0.000000 0.000000
    outer loop
      vertex -4.112996 -0.512853 -0.879002
      vertex -4.159800 -0.399999 -0.080431
      vertex -4.159800 -0.399999 -0.879002
    endloop
  endfacet
  facet normal 0.000000 0.000000 0.000000
    outer loop
      vertex -4.159800 -0.399999 -0.879002
      vertex -4.159800 -0.399999 -0.080431
      vertex -4.112996 -0.287145 -0.080431
    endloop
  endfacet
  facet normal 0.000000 0.000000 0.000000
    outer loop
      vertex -4.159800 -0.399999 -0.879002
      vertex -4.112996 -0.287145 -0.080431
      vertex -4.112996 -0.287145 -0.879002
    endloop
  endfacet
  facet normal 0.000000 0.000000 0.000000
    outer loop
      vertex -4.112996 -0.287145 -0.879002
      vertex -4.112996 -0.287145 -0.080431
      vertex -4.000000 -0.240399 -0.080431
    endloop
  endfacet
  facet normal 0.000000 0.000000 0.000000
    outer loop
      vertex -4.112996 -0.287145 -0.879002
      vertex -4.000000 -0.240399 -0.080431
      vertex -4.000000 -0.240399 -0.879002
    endloop
  endfacet
  facet normal 0.000000 0.000000 0.000000
    outer loop
      vertex -4.000000 -0.240399 -0.879002
      vertex -4.000000 -0.240399 -0.080431
      vertex -3.887004 -0.287145 -0.080431
    endloop
  endfacet
  facet normal 0.000000 0.000000 0.000000
    outer loop
      vertex -4.000000 -0.240399 -0.879002
      vertex -3.887004 -0.287145 -0.080431
      vertex -3.887004 -0.287145 -0.879002
    endloop
  endfacet
  facet normal 0.000000 0.000000 0.000000
    outer loop
      vertex -3.887004 -0.287145 -0.879002
      vertex -3.887004 -0.287145 -0.080431
      vertex -3.840200 -0.399999 -0.080431
    endloop
  endfacet
  facet normal 0.000000 0.000000 0.000000
    outer loop
      vertex -3.887004 -0.287145 -0.879002
      vertex -3.840200 -0.399999 -0.080431
      vertex -3.840200 -0.399999 -0.879002
    endloop
  endfacet
  facet normal 0.000000 0.000000 0.000000
    outer loop
      vertex -4.639200 -0.160599 -0.080431
      vertex -3.360800 -0.160599 -0.080431
      vertex -3.360800 -0.639399 -0.080431
    endloop
  endfacet
  facet normal 0.000000 0.000000 0.000000
    outer loop
      vertex -4.639200 -0.160599 -0.080431
      vertex -3.360800 -0.639399 -0.080431
      vertex -4.639200 -0.639399 -0.080431
    endloop
  endfacet
  facet normal 0.000000 0.000000 0.000000
    outer loop
      vertex -4.639200 -0.160599 -0.080431
      vertex -4.639200 -0.160599 -0.879002
      vertex -3.360800 -0.160599 -0.879002
    endloop
  endfacet
  facet normal 0.000000 0.000000 0.000000
    outer loop
      vertex -4.639200 -0.160599 -0.080431
      vertex -3.360800 -0.160599 -0.879002
      vertex -3.360800 -0.160599 -0.080431
    endloop
  endfacet
  facet normal 0.000000 0.000000 0.000000
    outer loop
      vertex -4.639200 -0.639399 -0.080431
      vertex -4.639200 -0.639399 -0.879002
      vertex -4.639200 -0.160599 -0.879002
    endloop
  endfacet
  facet normal 0.000000 0.000000 0.000000
    outer loop
      vertex -4.639200 -0.639399 -0.080431
      vertex -4.639200 -0.160599 -0.879002
      vertex -4.639200 -0.160599 -0.080431
    endloop
  endfacet
  facet normal 0.000000 0.000000 0.000000
    outer loop
      vertex -3.360800 -0.639399 -0.080431
      vertex -3.360800 -0.639399 -0.879002
      vertex -4.639200 -0.639399 -0.879002
    endloop
  endfacet
  facet normal 0.000000 0.000000 0.000000
    outer loop
      vertex -3.360800 -0.639399 -0.080431
      vertex -4.639200 -0.639399 -0.879002
      vertex -4.639200 -0.639399 -0.080431
    endloop
  endfacet
  facet normal 0.000000 0.000000 0.000000
    outer loop
      vertex -3.360800 -0.160599 -0.080431
      vertex -3.360800 -0.160599 -0.879002
      vertex -3.360800 -0.639399 -0.879002
    endloop
  endfacet
  facet normal 0.000000 0.000000 0.000000
    outer loop
      vertex -3.360800 -0.160599 -0.080431
      vertex -3.360800 -0.639399 -0.879002
      vertex -3.360800 -0.639399 -0.080431
    endloop
  endfacet
  facet normal 0.000000 0.000000 0.000000
    outer loop
      vertex -3.201000 -0.798999 -0.879002
      vertex -3.201000 -0.000999 -0.879002
      vertex -3.201000 -0.000999 0.079284
    endloop
  endfacet
  facet normal 0.000000 0.000000 0.000000
    outer loop
      vertex -3.201000 -0.798999 -0.879002
      vertex -3.201000 -0.000999 0.079284
      vertex -3.201000 -0.798999 0.079284
    endloop
  endfacet
  facet normal 0.000000 0.000000 0.000000
    outer loop
      vertex -4.799000 -0.000999 -0.879002
      vertex -4.799000 -0.798999 -0.879002
      vertex -4.799000 -0.798999 0.079284
    endloop
  endfacet
  facet normal 0.000000 0.000000 0.000000
    outer loop
      vertex -4.799000 -0.000999 -0.879002
      vertex -4.799000 -0.798999 0.079284
      vertex -4.799000 -0.000999 0.079284
    endloop
  endfacet
  facet normal 0.000000 0.000000 0.000000
    outer loop
      vertex -3.201000 -0.000999 -0.879002
      vertex -4.799000 -0.000999 -0.879002
      vertex -4.799000 -0.000999 0.079284
    endloop
  endfacet
  facet normal 0.000000 0.000000 0.000000
    outer loop
      vertex -3.201000 -0.000999 -0.879002
      vertex -4.799000 -0.000999 0.079284
      vertex -3.201000 -0.000999 0.079284
    endloop
  endfacet
  facet normal 0.000000 0.000000 0.000000
    outer loop
      vertex -4.799000 -0.000999 0.079284
      vertex -4.799000 -0.798999 0.079284
      vertex -3.201000 -0.798999 0.079284
    endloop
  endfacet
  facet normal 0.000000 0.000000 0.000000
    outer loop
      vertex -4.799000 -0.000999 0.079284
      vertex -3.201000 -0.798999 0.079284
      vertex -3.201000 -0.000999 0.079284
    endloop
  endfacet
  facet normal 0.000000 0.000000 0.000000
    outer loop
      vertex -3.360800 -0.399999 0.238998
      vertex -3.360800 -0.399999 0.079284
      vertex -3.431006 -0.230718 0.079284
    endloop
  endfacet
  facet normal 0.000000 0.000000 0.000000
    outer loop
      vertex -3.360800 -0.399999 0.238998
      vertex -3.431006 -0.230718 0.079284
      vertex -3.431006 -0.230718 0.238998
    endloop
  endfacet
  facet normal 0.000000 0.000000 0.000000
    outer loop
      vertex -3.431006 -0.230718 0.238998
      vertex -3.431006 -0.230718 0.079284
      vertex -3.600500 -0.160599 0.079284
    endloop
  endfacet
  facet normal 0.000000 0.000000 0.000000
    outer loop
      vertex -3.431006 -0.230718 0.238998
      vertex -3.600500 -0.160599 0.079284
      vertex -3.600500 -0.160599 0.238998
    endloop
  endfacet
  facet normal 0.000000 0.000000 0.000000
    outer loop
      vertex -3.600500 -0.160599 0.238998
      vertex -3.600500 -0.160599 0.079284
      vertex -3.769994 -0.230718 0.079284
    endloop
  endfacet
  facet normal 0.000000 0.000000 0.000000
    outer loop
      vertex -3.600500 -0.160599 0.238998
      vertex -3.769994 -0.230718 0.079284
      vertex -3.769994 -0.230718 0.238998
    endloop
  endfacet
  facet normal 0.000000 0.000000 0.000000
    outer loop
      vertex -3.769994 -0.230718 0.238998
      vertex -3.769994 -0.230718 0.079284
      vertex -3.840200 -0.399999 0.079284
    endloop
  endfacet
  facet normal 0.000000 0.000000 0.000000
    outer loop
      vertex -3.769994 -0.230718 0.238998
      vertex -3.840200 -0.399999 0.079284
      vertex -3.840200 -0.399999 0.238998
    endloop
  endfacet
  facet normal 0.000000 0.000000 0.000000
    outer loop
      vertex -3.840200 -0.399999 0.238998
      vertex -3.840200 -0.399999 0.079284
      vertex -3.769994 -0.569281 0.079284
    endloop
  endfacet
  facet normal 0.000000 0.000000 0.000000
    outer loop
      vertex -3.840200 -0.399999 0.238998
      vertex -3.769994 -0.569281 0.079284
      vertex -3.769994 -0.569281 0.238998
    endloop
  endfacet
  facet normal 0.000000 0.000000 0.000000
    outer loop
      vertex -3.769994 -0.569281 0.238998
      vertex -3.769994 -0.569281 0.079284
      vertex -3.600500 -0.639399 0.079284
    endloop
  endfacet
  facet normal 0.000000 0.000000 0.000000
    outer loop
      vertex -3.769994 -0.569281 0.238998
      vertex -3.600500 -0.639399 0.079284
      vertex -3.600500 -0.639399 0.238998
    endloop
  endfacet
  facet normal 0.000000 0.000000 0.000000
    outer loop
      vertex -3.600500 -0.639399 0.238998
      vertex -3.600500 -0.639399 0.079284
      vertex -3.431006 -0.569280 0.079284
    endloop
  endfacet
  facet normal 0.000000 0.000000 0.000000
    outer loop
      vertex -3.600500 -0.639399 0.238998
      vertex -3.431006 -0.569280 0.079284
      vertex -3.431006 -0.569280 0.238998
    endloop
  endfacet
  facet normal 0.000000 0.000000 0.000000
    outer loop
      vertex -3.431006 -0.569280 0.238998
      vertex -3.431006 -0.569280 0.079284
      vertex -3.360800 -0.399999 0.079284
    endloop
  endfacet
  facet normal 0.000000 0.000000 0.000000
    outer loop
      vertex -3.431006 -0.569280 0.238998
      vertex -3.360800 -0.399999 0.079284
      vertex -3.360800 -0.399999 0.238998
    endloop
  endfacet
  facet normal 0.000000 0.000000 0.000000
    outer loop
      vertex -4.159800 -0.399999 0.238998
      vertex -4.159800 -0.399999 0.079284
      vertex -4.230006 -0.230718 0.079284
    endloop
  endfacet
  facet normal 0.000000 0.000000 0.000000
    outer loop
      vertex -4.159800 -0.399999 0.238998
      vertex -4.230006 -0.230718 0.079284
      vertex -4.230006 -0.230718 0.238998
    endloop
  endfacet
  facet normal 0.000000 0.000000 0.000000
    outer loop
      vertex -4.230006 -0.230718 0.238998
      vertex -4.230006 -0.230718 0.079284
      vertex -4.399500 -0.160599 0.079284
    endloop
  endfacet
  facet normal 0.000000 0.000000 0.000000
    outer loop
      vertex -4.230006 -0.230718 0.238998
      vertex -4.399500 -0.160599 0.079284
      vertex -4.399500 -0.160599 0.238998
    endloop
  endfacet
  facet normal 0.000000 0.000000 0.000000
    outer loop
      vertex -4.399500 -0.160599 0.238998
      vertex -4.399500 -0.160599 0.079284
      vertex -4.568994 -0.230718 0.079284
    endloop
  endfacet
  facet normal 0.000000 0.000000 0.000000
    outer loop
      vertex -4.399500 -0.160599 0.238998
      vertex -4.568994 -0.230718 0.079284
      vertex -4.568994 -0.230718 0.238998
    endloop
  endfacet
  facet normal 0.000000 0.000000 0.000000
    outer loop
      vertex -4.568994 -0.230718 0.238998
      vertex -4.568994 -0.230718 0.079284
      vertex -4.639200 -0.399999 0.079284
    endloop
  endfacet
  facet normal 0.000000 0.000000 0.000000
    outer loop
      vertex -4.568994 -0.230718 0.238998
      vertex -4.639200 -0.399999 0.079284
      vertex -4.639200 -0.399999 0.238998
    endloop
  endfacet
  facet normal 0.000000 0.000000 0.000000
    outer loop
      vertex -4.639200 -0.399999 0.238998
      vertex -4.639200 -0.399999 0.079284
      vertex -4.568994 -0.569281 0.079284
    endloop
  endfacet
  facet normal 0.000000 0.000000 0.000000
    outer loop
      vertex -4.639200 -0.399999 0.238998
      vertex -4.568994 -0.569281 0.079284
      vertex -4.568994 -0.569281 0.238998
    endloop
  endfacet
  facet normal 0.000000 0.000000 0.000000
    outer loop
      vertex -4.568994 -0.569281 0.238998
      vertex -4.568994 -0.569281 0.079284
      vertex -4.399500 -0.639399 0.079284
    endloop
  endfacet
  facet normal 0.000000 0.000000 0.000000
    outer loop
      vertex -4.568994 -0.569281 0.238998
      vertex -4.399500 -0.639399 0.079284
      vertex -4.399500 -0.639399 0.238998
    endloop
  endfacet
  facet normal 0.000000 0.000000 0.000000
    outer loop
      vertex -4.399500 -0.639399 0.238998
      vertex -4.399500 -0.639399 0.079284
      vertex -4.230006 -0.569280 0.079284
    endloop
  endfacet
  facet normal 0.000000 0.000000 0.000000
    outer loop
      vertex -4.399500 -0.639399 0.238998
      vertex -4.230006 -0.569280 0.079284
      vertex -4.230006 -0.569280 0.238998
    endloop
  endfacet
  facet normal 0.000000 0.000000 0.000000
    outer loop
      vertex -4.230006 -0.569280 0.238998
      vertex -4.230006 -0.569280 0.079284
      vertex -4.159800 -0.399999 0.079284
    endloop
  endfacet
  facet normal 0.000000 0.000000 0.000000
    outer loop
      vertex -4.230006 -0.569280 0.238998
      vertex -4.159800 -0.399999 0.079284
      vertex -4.159800 -0.399999 0.238998
    endloop
  endfacet
  facet normal 0.000000 0.000000 0.000000
    outer loop
      vertex -3.600500 -0.399999 0.238998
      vertex -3.360800 -0.399999 0.238998
      vertex -3.431006 -0.230718 0.238998
    endloop
  endfacet
  facet normal 0.000000 0.000000 0.000000
    outer loop
      vertex -3.600500 -0.399999 0.238998
      vertex -3.431006 -0.230718 0.238998
      vertex -3.600500 -0.160599 0.238998
    endloop
  endfacet
  facet normal 0.000000 0.000000 0.000000
    outer loop
      vertex -3.600500 -0.399999 0.238998
      vertex -3.600500 -0.160599 0.238998
      vertex -3.769994 -0.230718 0.238998
    endloop
  endfacet
  facet normal 0.000000 0.000000 0.000000
    outer loop
      vertex -3.600500 -0.399999 0.238998
      vertex -3.769994 -0.230718 0.238998
      vertex -3.840200 -0.399999 0.238998
    endloop
  endfacet
  facet normal 0.000000 0.000000 0.000000
    outer loop
      vertex -3.600500 -0.399999 0.238998
      vertex -3.840200 -0.399999 0.238998
      vertex -3.769994 -0.569281 0.238998
    endloop
  endfacet
  facet normal 0.000000 0.000000 0.000000
    outer loop
      vertex -3.600500 -0.399999 0.238998
      vertex -3.769994 -0.569281 0.238998
      vertex -3.600500 -0.639399 0.238998
    endloop
  endfacet
  facet normal 0.000000 0.000000 0.000000
    outer loop
      vertex -3.600500 -0.399999 0.238998
      vertex -3.600500 -0.639399 0.238998
      vertex -3.431006 -0.569280 0.238998
    endloop
  endfacet
  facet normal 0.000000 0.000000 0.000000
    outer loop
      vertex -3.600500 -0.399999 0.238998
      vertex -3.431006 -0.569280 0.238998
      vertex -3.360800 -0.399999 0.238998
    endloop
  endfacet
  facet normal 0.000000 0.000000 0.000000
    outer loop
      vertex -4.399500 -0.399999 0.238998
      vertex -4.159800 -0.399999 0.238998
      vertex -4.230006 -0.230718 0.238998
    endloop
  endfacet
  facet normal 0.000000 0.000000 0.000000
    outer loop
      vertex -4.399500 -0.399999 0.238998
      vertex -4.230006 -0.230718 0.238998
      vertex -4.399500 -0.160599 0.238998
    endloop
  endfacet
  facet normal 0.000000 0.000000 0.000000
    outer loop
      vertex -4.399500 -0.399999 0.238998
      vertex -4.399500 -0.160599 0.238998
      vertex -4.568994 -0.230718 0.238998
    endloop
  endfacet
  facet normal 0.000000 0.000000 0.000000
    outer loop
      vertex -4.399500 -0.399999 0.238998
      vertex -4.568994 -0.230718 0.238998
      vertex -4.639200 -0.399999 0.238998
    endloop
  endfacet
  facet normal 0.000000 0.000000 0.000000
    outer loop
      vertex -4.399500 -0.399999 0.238998
      vertex -4.639200 -0.399999 0.238998
      vertex -4.568994 -0.569281 0.238998
    endloop
  endfacet
  facet normal 0.000000 0.000000 0.000000
    outer loop
      vertex -4.399500 -0.399999 0.238998
      vertex -4.568994 -0.569281 0.238998
      vertex -4.399500 -0.639399 0.238998
    endloop
  endfacet
  facet normal 0.000000 0.000000 0.000000
    outer loop
      vertex -4.399500 -0.399999 0.238998
      vertex -4.399500 -0.639399 0.238998
      vertex -4.230006 -0.569280 0.238998
    endloop
  endfacet
  facet normal 0.000000 0.000000 0.000000
    outer loop
      vertex -4.399500 -0.399999 0.238998
      vertex -4.230006 -0.569280 0.238998
      vertex -4.159800 -0.399999 0.238998
    endloop
  endfacet
  facet normal 0.000000 0.000000 0.000000
    outer loop
      vertex -3.840200 -0.400000 0.080998
      vertex -3.887004 -0.512854 0.080998
      vertex -4.000000 -0.400000 0.080998
    endloop
  endfacet
  facet normal 0.000000 0.000000 0.000000
    outer loop
      vertex -3.887004 -0.512854 0.080998
      vertex -4.000000 -0.559600 0.080998
      vertex -4.000000 -0.400000 0.080998
    endloop
  endfacet
  facet normal 0.000000 0.000000 0.000000
    outer loop
      vertex -4.000000 -0.559600 0.080998
      vertex -4.112996 -0.512854 0.080998
      vertex -4.000000 -0.400000 0.080998
    endloop
  endfacet
  facet normal 0.000000 0.000000 0.000000
    outer loop
      vertex -4.112996 -0.512854 0.080998
      vertex -4.159800 -0.400000 0.080998
      vertex -4.000000 -0.400000 0.080998
    endloop
  endfacet
  facet normal 0.000000 0.000000 0.000000
    outer loop
      vertex -4.159800 -0.400000 0.080998
      vertex -4.112996 -0.287145 0.080998
      vertex -4.000000 -0.400000 0.080998
    endloop
  endfacet
  facet normal 0.000000 0.000000 0.000000
    outer loop
      vertex -4.112996 -0.287145 0.080998
      vertex -4.000000 -0.240400 0.080998
      vertex -4.000000 -0.400000 0.080998
    endloop
  endfacet
  facet normal 0.000000 0.000000 0.000000
    outer loop
      vertex -4.000000 -0.240400 0.080998
      vertex -3.887004 -0.287145 0.080998
      vertex -4.000000 -0.400000 0.080998
    endloop
  endfacet
  facet normal 0.000000 0.000000 0.000000
    outer loop
      vertex -3.887004 -0.287145 0.080998
      vertex -3.840200 -0.400000 0.080998
      vertex -4.000000 -0.400000 0.080998
    endloop
  endfacet
  facet normal 0.000000 0.000000 0.000000
    outer loop
      vertex -4.799000 -0.799000 0.080998
      vertex -3.201000 -0.799000 0.080998
      vertex -3.201000 -0.799000 1.039283
    endloop
  endfacet
  facet normal 0.000000 0.000000 0.000000
    outer loop
      vertex -4.799000 -0.799000 0.080998
      vertex -3.201000 -0.799000 1.039283
      vertex -4.799000 -0.799000 1.039283
    endloop
  endfacet
  facet normal 0.000000 0.000000 0.000000
    outer loop
      vertex -3.201000 -0.001000 0.080998
      vertex -3.360800 -0.160600 0.080998
      vertex -4.639200 -0.160600 0.080998
    endloop
  endfacet
  facet normal 0.000000 0.000000 0.000000
    outer loop
      vertex -3.201000 -0.001000 0.080998
      vertex -4.639200 -0.160600 0.080998
      vertex -4.799000 -0.001000 0.080998
    endloop
  endfacet
  facet normal 0.000000 0.000000 0.000000
    outer loop
      vertex -4.799000 -0.001000 0.080998
      vertex -4.639200 -0.160600 0.080998
      vertex -4.639200 -0.639400 0.080998
    endloop
  endfacet
  facet normal 0.000000 0.000000 0.000000
    outer loop
      vertex -4.799000 -0.001000 0.080998
      vertex -4.639200 -0.639400 0.080998
      vertex -4.799000 -0.799000 0.080998
    endloop
  endfacet
  facet normal 0.000000 0.000000 0.000000
    outer loop
      vertex -4.799000 -0.799000 0.080998
      vertex -4.639200 -0.639400 0.080998
      vertex -3.360800 -0.639400 0.080998
    endloop
  endfacet
  facet normal 0.000000 0.000000 0.000000
    outer loop
      vertex -4.799000 -0.799000 0.080998
      vertex -3.360800 -0.639400 0.080998
      vertex -3.201000 -0.799000 0.080998
    endloop
  endfacet
  facet normal 0.000000 0.000000 0.000000
    outer loop
      vertex -3.201000 -0.799000 0.080998
      vertex -3.360800 -0.639400 0.080998
      vertex -3.360800 -0.160600 0.080998
    endloop
  endfacet
  facet normal 0.000000 0.000000 0.000000
    outer loop
      vertex -3.201000 -0.799000 0.080998
      vertex -3.360800 -0.160600 0.080998
      vertex -3.201000 -0.001000 0.080998
    endloop
  endfacet
  facet normal 0.000000 0.000000 0.000000
    outer loop
      vertex -3.840200 -0.400000 0.080998
      vertex -3.840200 -0.400000 0.879569
      vertex -3.887004 -0.512854 0.879569
    endloop
  endfacet
  facet normal 0.000000 0.000000 0.000000
    outer loop
      vertex -3.840200 -0.400000 0.080998
      vertex -3.887004 -0.512854 0.879569
      vertex -3.887004 -0.512854 0.080998
    endloop
  endfacet
  facet normal 0.000000 0.000000 0.000000
    outer loop
      vertex -3.887004 -0.512854 0.080998
      vertex -3.887004 -0.512854 0.879569
      vertex -4.000000 -0.559600 0.879569
    endloop
  endfacet
  facet normal 0.000000 0.000000 0.000000
    outer loop
      vertex -3.887004 -0.512854 0.080998
      vertex -4.000000 -0.559600 0.879569
      vertex -4.000000 -0.559600 0.080998
    endloop
  endfacet
  facet normal 0.000000 0.000000 0.000000
    outer loop
      vertex -4.000000 -0.559600 0.080998
      vertex -4.000000 -0.559600 0.879569
      vertex -4.112996 -0.512854 0.879569
    endloop
  endfacet
  facet normal 0.000000 0.000000 0.000000
    outer loop
      vertex -4.000000 -0.559600 0.080998
      vertex -4.112996 -0.512854 0.879569
      vertex -4.112996 -0.512854 0.080998
    endloop
  endfacet
  facet normal 0.000000 0.000000 0.000000
    outer loop
      vertex -4.112996 -0.512854 0.080998
      vertex -4.112996 -0.512854 0.879569
      vertex -4.159800 -0.400000 0.879569
    endloop
  endfacet
  facet normal 0.000000 0.000000 0.000000
    outer loop
      vertex -4.112996 -0.512854 0.080998
      vertex -4.159800 -0.400000 0.879569
      vertex -4.159800 -0.400000 0.080998
    endloop
  endfacet
  facet normal 0.000000 0.000000 0.000000
    outer loop
      vertex -4.159800 -0.400000 0.080998
      vertex -4.159800 -0.400000 0.879569
      vertex -4.112996 -0.287145 0.879569
    endloop
  endfacet
  facet normal 0.000000 0.000000 0.000000
    outer loop
      vertex -4.159800 -0.400000 0.080998
      vertex -4.112996 -0.287145 0.879569
      vertex -4.112996 -0.287145 0.080998
    endloop
  endfacet
  facet normal 0.000000 0.000000 0.000000
    outer loop
      vertex -4.112996 -0.287145 0.080998
      vertex -4.112996 -0.287145 0.879569
      vertex -4.000000 -0.240400 0.879569
    endloop
  endfacet
  facet normal 0.000000 0.000000 0.000000
    outer loop
      vertex -4.112996 -0.287145 0.080998
      vertex -4.000000 -0.240400 0.879569
      vertex -4.000000 -0.240400 0.080998
    endloop
  endfacet
  facet normal 0.000000 0.000000 0.000000
    outer loop
      vertex -4.000000 -0.240400 0.080998
      vertex -4.000000 -0.240400 0.879569
      vertex -3.887004 -0.287145 0.879569
    endloop
  endfacet
  facet normal 0.000000 0.000000 0.000000
    outer loop
      vertex -4.000000 -0.240400 0.080998
      vertex -3.887004 -0.287145 0.879569
      vertex -3.887004 -0.287145 0.080998
    endloop
  endfacet
  facet normal 0.000000 0.000000 0.000000
    outer loop
      vertex -3.887004 -0.287145 0.080998
      vertex -3.887004 -0.287145 0.879569
      vertex -3.840200 -0.400000 0.879569
    endloop
  endfacet
  facet normal 0.000000 0.000000 0.000000
    outer loop
      vertex -3.887004 -0.287145 0.080998
      vertex -3.840200 -0.400000 0.879569
      vertex -3.840200 -0.400000 0.080998
    endloop
  endfacet
  facet normal 0.000000 0.000000 0.000000
    outer loop
      vertex -4.639200 -0.160600 0.879569
      vertex -3.360800 -0.160600 0.879569
      vertex -3.360800 -0.639400 0.879569
    endloop
  endfacet
  facet normal 0.000000 0.000000 0.000000
    outer loop
      vertex -4.639200 -0.160600 0.879569
      vertex -3.360800 -0.639400 0.879569
      vertex -4.639200 -0.639400 0.879569
    endloop
  endfacet
  facet normal 0.000000 0.000000 0.000000
    outer loop
      vertex -4.639200 -0.160600 0.879569
      vertex -4.639200 -0.160600 0.080998
      vertex -3.360800 -0.160600 0.080998
    endloop
  endfacet
  facet normal 0.000000 0.000000 0.000000
    outer loop
      vertex -4.639200 -0.160600 0.879569
      vertex -3.360800 -0.160600 0.080998
      vertex -3.360800 -0.160600 0.879569
    endloop
  endfacet
  facet normal 0.000000 0.000000 0.000000
    outer loop
      vertex -4.639200 -0.639400 0.879569
      vertex -4.639200 -0.639400 0.080998
      vertex -4.639200 -0.160600 0.080998
    endloop
  endfacet
  facet normal 0.000000 0.000000 0.000000
    outer loop
      vertex -4.639200 -0.639400 0.879569
      vertex -4.639200 -0.160600 0.080998
      vertex -4.639200 -0.160600 0.879569
    endloop
  endfacet
  facet normal 0.000000 0.000000 0.000000
    outer loop
      vertex -3.360800 -0.639400 0.879569
      vertex -3.360800 -0.639400 0.080998
      vertex -4.639200 -0.639400 0.080998
    endloop
  endfacet
  facet normal 0.000000 0.000000 0.000000
    outer loop
      vertex -3.360800 -0.639400 0.879569
      vertex -4.639200 -0.639400 0.080998
      vertex -4.639200 -0.639400 0.879569
    endloop
  endfacet
  facet normal 0.000000 0.000000 0.000000
    outer loop
      vertex -3.360800 -0.160600 0.879569
      vertex -3.360800 -0.160600 0.080998
      vertex -3.360800 -0.639400 0.080998
    endloop
  endfacet
  facet normal 0.000000 0.000000 0.000000
    outer loop
      vertex -3.360800 -0.160600 0.879569
      vertex -3.360800 -0.639400 0.080998
      vertex -3.360800 -0.639400 0.879569
    endloop
  endfacet
  facet normal 0.000000 0.000000 0.000000
    outer loop
      vertex -3.201000 -0.799000 0.080998
      vertex -3.201000 -0.001000 0.080998
      vertex -3.201000 -0.001000 1.039283
    endloop
  endfacet
  facet normal 0.000000 0.000000 0.000000
    outer loop
      vertex -3.201000 -0.799000 0.080998
      vertex -3.201000 -0.001000 1.039283
      vertex -3.201000 -0.799000 1.039283
    endloop
  endfacet
  facet normal 0.000000 0.000000 0.000000
    outer loop
      vertex -4.799000 -0.001000 0.080998
      vertex -4.799000 -0.799000 0.080998
      vertex -4.799000 -0.799000 1.039283
    endloop
  endfacet
  facet normal 0.000000 0.000000 0.000000
    outer loop
      vertex -4.799000 -0.001000 0.080998
      vertex -4.799000 -0.799000 1.039283
      vertex -4.799000 -0.001000 1.039283
    endloop
  endfacet
  facet normal 0.000000 0.000000 0.000000
    outer loop
      vertex -3.201000 -0.001000 0.080998
      vertex -4.799000 -0.001000 0.080998
      vertex -4.799000 -0.001000 1.039283
    endloop
  endfacet
  facet normal 0.000000 0.000000 0.000000
    outer loop
      vertex -3.201000 -0.001000 0.080998
      vertex -4.799000 -0.001000 1.039283
      vertex -3.201000 -0.001000 1.039283
    endloop
  endfacet
  facet normal 0.000000 0.000000 0.000000
    outer loop
      vertex -4.799000 -0.001000 1.039283
      vertex -4.799000 -0.799000 1.039283
      vertex -3.201000 -0.799000 1.039283
    endloop
  endfacet
  facet normal 0.000000 0.000000 0.000000
    outer loop
      vertex -4.799000 -0.001000 1.039283
      vertex -3.201000 -0.799000 1.039283
      vertex -3.201000 -0.001000 1.039283
    endloop
  endfacet
  facet normal 0.000000 0.000000 0.000000
    outer loop
      vertex -3.360800 -0.400000 1.198997
      vertex -3.360800 -0.400000 1.039283
      vertex -3.431006 -0.230718 1.039283
    endloop
  endfacet
  facet normal 0.000000 0.000000 0.000000
    outer loop
      vertex -3.360800 -0.400000 1.198997
      vertex -3.431006 -0.230718 1.039283
      vertex -3.431006 -0.230718 1.198997
    endloop
  endfacet
  facet normal 0.000000 0.000000 0.000000
    outer loop
      vertex -3.431006 -0.230718 1.198997
      vertex -3.431006 -0.230718 1.039283
      vertex -3.600500 -0.160600 1.039283
    endloop
  endfacet
  facet normal 0.000000 0.000000 0.000000
    outer loop
      vertex -3.431006 -0.230718 1.198997
      vertex -3.600500 -0.160600 1.039283
      vertex -3.600500 -0.160600 1.198997
    endloop
  endfacet
  facet normal 0.000000 0.000000 0.000000
    outer loop
      vertex -3.600500 -0.160600 1.198997
      vertex -3.600500 -0.160600 1.039283
      vertex -3.769994 -0.230718 1.039283
    endloop
  endfacet
  facet normal 0.000000 0.000000 0.000000
    outer loop
      vertex -3.600500 -0.160600 1.198997
      vertex -3.769994 -0.230718 1.039283
      vertex -3.769994 -0.230718 1.198997
    endloop
  endfacet
  facet normal 0.000000 0.000000 0.000000
    outer loop
      vertex -3.769994 -0.230718 1.198997
      vertex -3.769994 -0.230718 1.039283
      vertex -3.840200 -0.400000 1.039283
    endloop
  endfacet
  facet normal 0.000000 0.000000 0.000000
    outer loop
      vertex -3.769994 -0.230718 1.198997
      vertex -3.840200 -0.400000 1.039283
      vertex -3.840200 -0.400000 1.198997
    endloop
  endfacet
  facet normal 0.000000 0.000000 0.000000
    outer loop
      vertex -3.840200 -0.400000 1.198997
      vertex -3.840200 -0.400000 1.039283
      vertex -3.769994 -0.569281 1.039283
    endloop
  endfacet
  facet normal 0.000000 0.000000 0.000000
    outer loop
      vertex -3.840200 -0.400000 1.198997
      vertex -3.769994 -0.569281 1.039283
      vertex -3.769994 -0.569281 1.198997
    endloop
  endfacet
  facet normal 0.000000 0.000000 0.000000
    outer loop
      vertex -3.769994 -0.569281 1.198997
      vertex -3.769994 -0.569281 1.039283
      vertex -3.600500 -0.639400 1.039283
    endloop
  endfacet
  facet normal 0.000000 0.000000 0.000000
    outer loop
      vertex -3.769994 -0.569281 1.198997
      vertex -3.600500 -0.639400 1.039283
      vertex -3.600500 -0.639400 1.198997
    endloop
  endfacet
  facet normal 0.000000 0.000000 0.000000
    outer loop
      vertex -3.600500 -0.639400 1.198997
      vertex -3.600500 -0.639400 1.039283
      vertex -3.431006 -0.569281 1.039283
    endloop
  endfacet
  facet normal 0.000000 0.000000 0.000000
    outer loop
      vertex -3.600500 -0.639400 1.198997
      vertex -3.431006 -0.569281 1.039283
      vertex -3.431006 -0.569281 1.198997
    endloop
  endfacet
  facet normal 0.000000 0.000000 0.000000
    outer loop
      vertex -3.431006 -0.569281 1.198997
      vertex -3.431006 -0.569281 1.039283
      vertex -3.360800 -0.400000 1.039283
    endloop
  endfacet
  facet normal 0.000000 0.000000 0.000000
    outer loop
      vertex -3.431006 -0.569281 1.198997
      vertex -3.360800 -0.400000 1.039283
      vertex -3.360800 -0.400000 1.198997
    endloop
  endfacet
  facet normal 0.000000 0.000000 0.000000
    outer loop
      vertex -4.159800 -0.400000 1.198997
      vertex -4.159800 -0.400000 1.039283
      vertex -4.230006 -0.230718 1.039283
    endloop
  endfacet
  facet normal 0.000000 0.000000 0.000000
    outer loop
      vertex -4.159800 -0.400000 1.198997
      vertex -4.230006 -0.230718 1.039283
      vertex -4.230006 -0.230718 1.198997
    endloop
  endfacet
  facet normal 0.000000 0.000000 0.000000
    outer loop
      vertex -4.230006 -0.230718 1.198997
      vertex -4.230006 -0.230718 1.039283
      vertex -4.399500 -0.160600 1.039283
    endloop
  endfacet
  facet normal 0.000000 0.000000 0.000000
    outer loop
      vertex -4.230006 -0.230718 1.198997
      vertex -4.399500 -0.160600 1.039283
      vertex -4.399500 -0.160600 1.198997
    endloop
  endfacet
  facet normal 0.000000 0.000000 0.000000
    outer loop
      vertex -4.399500 -0.160600 1.198997
      vertex -4.399500 -0.160600 1.039283
      vertex -4.568994 -0.230718 1.039283
    endloop
  endfacet
  facet normal 0.000000 0.000000 0.000000
    outer loop
      vertex -4.399500 -0.160600 1.198997
      vertex -4.568994 -0.230718 1.039283
      vertex -4.568994 -0.230718 1.198997
    endloop
  endfacet
  facet normal 0.000000 0.000000 0.000000
    outer loop
      vertex -4.568994 -0.230718 1.198997
      vertex -4.568994 -0.230718 1.039283
      vertex -4.639200 -0.400000 1.039283
    endloop
  endfacet
  facet normal 0.000000 0.000000 0.000000
    outer loop
      vertex -4.568994 -0.230718 1.198997
      vertex -4.639200 -0.400000 1.039283
      vertex -4.639200 -0.400000 1.198997
    endloop
  endfacet
  facet normal 0.000000 0.000000 0.000000
    outer loop
      vertex -4.639200 -0.400000 1.198997
      vertex -4.639200 -0.400000 1.039283
      vertex -4.568994 -0.569281 1.039283
    endloop
  endfacet
  facet normal 0.000000 0.000000 0.000000
    outer loop
      vertex -4.639200 -0.400000 1.198997
      vertex -4.568994 -0.569281 1.039283
      vertex -4.568994 -0.569281 1.198997
    endloop
  endfacet
  facet normal 0.000000 0.000000 0.000000
    outer loop
      vertex -4.568994 -0.569281 1.198997
      vertex -4.568994 -0.569281 1.039283
      vertex -4.399500 -0.639400 1.039283
    endloop
  endfacet
  facet normal 0.000000 0.000000 0.000000
    outer loop
      vertex -4.568994 -0.569281 1.198997
      vertex -4.399500 -0.639400 1.039283
      vertex -4.399500 -0.639400 1.198997
    endloop
  endfacet
  facet normal 0.000000 0.000000 0.000000
    outer loop
      vertex -4.399500 -0.639400 1.198997
      vertex -4.399500 -0.639400 1.039283
      vertex -4.230006 -0.569281 1.039283
    endloop
  endfacet
  facet normal 0.000000 0.000000 0.000000
    outer loop
      vertex -4.399500 -0.639400 1.198997
      vertex -4.230006 -0.569281 1.039283
      vertex -4.230006 -0.569281 1.198997
    endloop
  endfacet
  facet normal 0.000000 0.000000 0.000000
    outer loop
      vertex -4.230006 -0.569281 1.198997
      vertex -4.230006 -0.569281 1.039283
      vertex -4.159800 -0.400000 1.039283
    endloop
  endfacet
  facet normal 0.000000 0.000000 0.000000
    outer loop
      vertex -4.230006 -0.569281 1.198997
      vertex -4.159800 -0.400000 1.039283
      vertex -4.159800 -0.400000 1.198997
    endloop
  endfacet
  facet normal 0.000000 0.000000 0.000000
    outer loop
      vertex -3.600500 -0.400000 1.198997
      vertex -3.360800 -0.400000 1.198997
      vertex -3.431006 -0.230718 1.198997
    endloop
  endfacet
  facet normal 0.000000 0.000000 0.000000
    outer loop
      vertex -3.600500 -0.400000 1.198997
      vertex -3.431006 -0.230718 1.198997
      vertex -3.600500 -0.160600 1.198997
    endloop
  endfacet
  facet normal 0.000000 0.000000 0.000000
    outer loop
      vertex -3.600500 -0.400000 1.198997
      vertex -3.600500 -0.160600 1.198997
      vertex -3.769994 -0.230718 1.198997
    endloop
  endfacet
  facet normal 0.000000 0.000000 0.000000
    outer loop
      vertex -3.600500 -0.400000 1.198997
      vertex -3.769994 -0.230718 1.198997
      vertex -3.840200 -0.400000 1.198997
    endloop
  endfacet
  facet normal 0.000000 0.000000 0.000000
    outer loop
      vertex -3.600500 -0.400000 1.198997
      vertex -3.840200 -0.400000 1.198997
      vertex -3.769994 -0.569281 1.198997
    endloop
  endfacet
  facet normal 0.000000 0.000000 0.000000
    outer loop
      vertex -3.600500 -0.400000 1.198997
      vertex -3.769994 -0.569281 1.198997
      vertex -3.600500 -0.639400 1.198997
    endloop
  endfacet
  facet normal 0.000000 0.000000 0.000000
    outer loop
      vertex -3.600500 -0.400000 1.198997
      vertex -3.600500 -0.639400 1.198997
      vertex -3.431006 -0.569281 1.198997
    endloop
  endfacet
  facet normal 0.000000 0.000000 0.000000
    outer loop
      vertex -3.600500 -0.400000 1.198997
      vertex -3.431006 -0.569281 1.198997
      vertex -3.360800 -0.400000 1.198997
    endloop
  endfacet
  facet normal 0.000000 0.000000 0.000000
    outer loop
      vertex -4.399500 -0.400000 1.198997
      vertex -4.159800 -0.400000 1.198997
      vertex -4.230006 -0.230718 1.198997
    endloop
  endfacet
  facet normal 0.000000 0.000000 0.000000
    outer loop
      vertex -4.399500 -0.400000 1.198997
      vertex -4.230006 -0.230718 1.198997
      vertex -4.399500 -0.160600 1.198997
    endloop
  endfacet
  facet normal 0.000000 0.000000 0.000000
    outer loop
      vertex -4.399500 -0.400000 1.198997
      vertex -4.399500 -0.160600 1.198997
      vertex -4.568994 -0.230718 1.198997
    endloop
  endfacet
  facet normal 0.000000 0.000000 0.000000
    outer loop
      vertex -4.399500 -0.400000 1.198997
      vertex -4.568994 -0.230718 1.198997
      vertex -4.639200 -0.400000 1.198997
    endloop
  endfacet
  facet normal 0.000000 0.000000 0.000000
    outer loop
      vertex -4.399500 -0.400000 1.198997
      vertex -4.639200 -0.400000 1.198997
      vertex -4.568994 -0.569281 1.198997
    endloop
  endfacet
  facet normal 0.000000 0.000000 0.000000
    outer loop
      vertex -4.399500 -0.400000 1.198997
      vertex -4.568994 -0.569281 1.198997
      vertex -4.399500 -0.639400 1.198997
    endloop
  endfacet
  facet normal 0.000000 0.000000 0.000000
    outer loop
      vertex -4.399500 -0.400000 1.198997
      vertex -4.399500 -0.639400 1.198997
      vertex -4.230006 -0.569281 1.198997
    endloop
  endfacet
  facet normal 0.000000 0.000000 0.000000
    outer loop
      vertex -4.399500 -0.400000 1.198997
      vertex -4.230006 -0.569281 1.198997
      vertex -4.159800 -0.400000 1.198997
    endloop
  endfacet
  facet normal 0.000000 0.000000 0.000000
    outer loop
      vertex 4.159800 -0.399998 -0.879001
      vertex 4.112996 -0.512853 -0.879001
      vertex 4.000000 -0.399998 -0.879001
    endloop
  endfacet
  facet normal 0.000000 0.000000 0.000000
    outer loop
      vertex 4.112996 -0.512853 -0.879001
      vertex 4.000000 -0.559598 -0.879001
      vertex 4.000000 -0.399998 -0.879001
    endloop
  endfacet
  facet normal 0.000000 0.000000 0.000000
    outer loop
      vertex 4.000000 -0.559598 -0.879001
      vertex 3.887004 -0.512853 -0.879001
      vertex 4.000000 -0.399998 -0.879001
    endloop
  endfacet
  facet normal 0.000000 0.000000 0.000000
    outer loop
      vertex 3.887004 -0.512853 -0.879001
      vertex 3.840200 -0.399998 -0.879001
      vertex 4.000000 -0.399998 -0.879001
    endloop
  endfacet
  facet normal 0.000000 0.000000 0.000000
    outer loop
      vertex 3.840200 -0.399998 -0.879001
      vertex 3.887004 -0.287144 -0.879001
      vertex 4.000000 -0.399998 -0.879001
    endloop
  endfacet
  facet normal 0.000000 0.000000 0.000000
    outer loop
      vertex 3.887004 -0.287144 -0.879001
      vertex 4.000000 -0.240398 -0.879001
      vertex 4.000000 -0.399998 -0.879001
    endloop
  endfacet
  facet normal 0.000000 0.000000 0.000000
    outer loop
      vertex 4.000000 -0.240398 -0.879001
      vertex 4.112996 -0.287144 -0.879001
      vertex 4.000000 -0.399998 -0.879001
    endloop
  endfacet
  facet normal 0.000000 0.000000 0.000000
    outer loop
      vertex 4.112996 -0.287144 -0.879001
      vertex 4.159800 -0.399998 -0.879001
      vertex 4.000000 -0.399998 -0.879001
    endloop
  endfacet
  facet normal 0.000000 0.000000 0.000000
    outer loop
      vertex 3.201000 -0.798998 -0.879001
      vertex 4.799000 -0.798998 -0.879001
      vertex 4.799000 -0.798998 0.079285
    endloop
  endfacet
  facet normal 0.000000 0.000000 0.000000
    outer loop
      vertex 3.201000 -0.798998 -0.879001
      vertex 4.799000 -0.798998 0.079285
      vertex 3.201000 -0.798998 0.079285
    endloop
  endfacet
  facet normal 0.000000 0.000000 0.000000
    outer loop
      vertex 4.799000 -0.000998 -0.879001
      vertex 4.639200 -0.160598 -0.879001
      vertex 3.360800 -0.160598 -0.879001
    endloop
  endfacet
  facet normal 0.000000 0.000000 0.000000
    outer loop
      vertex 4.799000 -0.000998 -0.879001
      vertex 3.360800 -0.160598 -0.879001
      vertex 3.201000 -0.000998 -0.879001
    endloop
  endfacet
  facet normal 0.000000 0.000000 0.000000
    outer loop
      vertex 3.201000 -0.000998 -0.879001
      vertex 3.360800 -0.160598 -0.879001
      vertex 3.360800 -0.639398 -0.879001
    endloop
  endfacet
  facet normal 0.000000 0.000000 0.000000
    outer loop
      vertex 3.201000 -0.000998 -0.879001
      vertex 3.360800 -0.639398 -0.879001
      vertex 3.201000 -0.798998 -0.879001
    endloop
  endfacet
  facet normal 0.000000 0.000000 0.000000
    outer loop
      vertex 3.201000 -0.798998 -0.879001
      vertex 3.360800 -0.639398 -0.879001
      vertex 4.639200 -0.639398 -0.879001
    endloop
  endfacet
  facet normal 0.000000 0.000000 0.000000
    outer loop
      vertex 3.201000 -0.798998 -0.879001
      vertex 4.639200 -0.639398 -0.879001
      vertex 4.799000 -0.798998 -0.879001
    endloop
  endfacet
  facet normal 0.000000 0.000000 0.000000
    outer loop
      vertex 4.799000 -0.798998 -0.879001
      vertex 4.639200 -0.639398 -0.879001
      vertex 4.639200 -0.160598 -0.879001
    endloop
  endfacet
  facet normal 0.000000 0.000000 0.000000
    outer loop
      vertex 4.799000 -0.798998 -0.879001
      vertex 4.639200 -0.160598 -0.879001
      vertex 4.799000 -0.000998 -0.879001
    endloop
  endfacet
  facet normal 0.000000 0.000000 0.000000
    outer loop
      vertex 4.159800 -0.399998 -0.879001
      vertex 4.159800 -0.399998 -0.080430
      vertex 4.112996 -0.512853 -0.080430
    endloop
  endfacet
  facet normal 0.000000 0.000000 0.000000
    outer loop
      vertex 4.159800 -0.399998 -0.879001
      vertex 4.112996 -0.512853 -0.080430
      vertex 4.112996 -0.512853 -0.879001
    endloop
  endfacet
  facet normal 0.000000 0.000000 0.000000
    outer loop
      vertex 4.112996 -0.512853 -0.879001
      vertex 4.112996 -0.512853 -0.080430
      vertex 4.000000 -0.559598 -0.080430
    endloop
  endfacet
  facet normal 0.000000 0.000000 0.000000
    outer loop
      vertex 4.112996 -0.512853 -0.879001
      vertex 4.000000 -0.559598 -0.080430
      vertex 4.000000 -0.559598 -0.879001
    endloop
  endfacet
  facet normal 0.000000 0.000000 0.000000
    outer loop
      vertex 4.000000 -0.559598 -0.879001
      vertex 4.000000 -0.559598 -0.080430
      vertex 3.887004 -0.512853 -0.080430
    endloop
  endfacet
  facet normal 0.000000 0.000000 0.000000
    outer loop
      vertex 4.000000 -0.559598 -0.879001
      vertex 3.887004 -0.512853 -0.080430
      vertex 3.887004 -0.512853 -0.879001
    endloop
  endfacet
  facet normal 0.000000 0.000000 0.000000
    outer loop
      vertex 3.887004 -0.512853 -0.879001
      vertex 3.887004 -0.512853 -0.080430
      vertex 3.840200 -0.399998 -0.080430
    endloop
  endfacet
  facet normal 0.000000 0.000000 0.000000
    outer loop
      vertex 3.887004 -0.512853 -0.879001
      vertex 3.840200 -0.399998 -0.080430
      vertex 3.840200 -0.399998 -0.879001
    endloop
  endfacet
  facet normal 0.000000 0.000000 0.000000
    outer loop
      vertex 3.840200 -0.399998 -0.879001
      vertex 3.840200 -0.399998 -0.080430
      vertex 3.887004 -0.287144 -0.080430
    endloop
  endfacet
  facet normal 0.000000 0.000000 0.000000
    outer loop
      vertex 3.840200 -0.399998 -0.879001
      vertex 3.887004 -0.287144 -0.080430
      vertex 3.887004 -0.287144 -0.879001
    endloop
  endfacet
  facet normal 0.000000 0.000000 0.000000
    outer loop
      vertex 3.887004 -0.287144 -0.879001
      vertex 3.887004 -0.287144 -0.080430
      vertex 4.000000 -0.240398 -0.080430
    endloop
  endfacet
  facet normal 0.000000 0.000000 0.000000
    outer loop
      vertex 3.887004 -0.287144 -0.879001
      vertex 4.000000 -0.240398 -0.080430
      vertex 4.000000 -0.240398 -0.879001
    endloop
  endfacet
  facet normal 0.000000 0.000000 0.000000
    outer loop
      vertex 4.000000 -0.240398 -0.879001
      vertex 4.000000 -0.240398 -0.080430
      vertex 4.112996 -0.287144 -0.080430
    endloop
  endfacet
  facet normal 0.000000 0.000000 0.000000
    outer loop
      vertex 4.000000 -0.240398 -0.879001
      vertex 4.112996 -0.287144 -0.080430
      vertex 4.112996 -0.287144 -0.879001
    endloop
  endfacet
  facet normal 0.000000 0.000000 0.000000
    outer loop
      vertex 4.112996 -0.287144 -0.879001
      vertex 4.112996 -0.287144 -0.080430
      vertex 4.159800 -0.399998 -0.080430
    endloop
  endfacet
  facet normal 0.000000 0.000000 0.000000
    outer loop
      vertex 4.112996 -0.287144 -0.879001
      vertex 4.159800 -0.399998 -0.080430
      vertex 4.159800 -0.399998 -0.879001
    endloop
  endfacet
  facet normal 0.000000 0.000000 0.000000
    outer loop
      vertex 3.360800 -0.160598 -0.080430
      vertex 4.639200 -0.160598 -0.080430
      vertex 4.639200 -0.639398 -0.080430
    endloop
  endfacet
  facet normal 0.000000 0.000000 0.000000
    outer loop
      vertex 3.360800 -0.160598 -0.080430
      vertex 4.639200 -0.639398 -0.080430
      vertex 3.360800 -0.639398 -0.080430
    endloop
  endfacet
  facet normal 0.000000 0.000000 0.000000
    outer loop
      vertex 3.360800 -0.160598 -0.080430
      vertex 3.360800 -0.160598 -0.879001
      vertex 4.639200 -0.160598 -0.879001
    endloop
  endfacet
  facet normal 0.000000 0.000000 0.000000
    outer loop
      vertex 3.360800 -0.160598 -0.080430
      vertex 4.639200 -0.160598 -0.879001
      vertex 4.639200 -0.160598 -0.080430
    endloop
  endfacet
  facet normal 0.000000 0.000000 0.000000
    outer loop
      vertex 3.360800 -0.639398 -0.080430
      vertex 3.360800 -0.639398 -0.879001
      vertex 3.360800 -0.160598 -0.879001
    endloop
  endfacet
  facet normal 0.000000 0.000000 0.000000
    outer loop
      vertex 3.360800 -0.639398 -0.080430
      vertex 3.360800 -0.160598 -0.879001
      vertex 3.360800 -0.160598 -0.080430
    endloop
  endfacet
  facet normal 0.000000 0.000000 0.000000
    outer loop
      vertex 4.639200 -0.639398 -0.080430
      vertex 4.639200 -0.639398 -0.879001
      vertex 3.360800 -0.639398 -0.879001
    endloop
  endfacet
  facet normal 0.000000 0.000000 0.000000
    outer loop
      vertex 4.639200 -0.639398 -0.080430
      vertex 3.360800 -0.639398 -0.879001
      vertex 3.360800 -0.639398 -0.080430
    endloop
  endfacet
  facet normal 0.000000 0.000000 0.000000
    outer loop
      vertex 4.639200 -0.160598 -0.080430
      vertex 4.639200 -0.160598 -0.879001
      vertex 4.639200 -0.639398 -0.879001
    endloop
  endfacet
  facet normal 0.000000 0.000000 0.000000
    outer loop
      vertex 4.639200 -0.160598 -0.080430
      vertex 4.639200 -0.639398 -0.879001
      vertex 4.639200 -0.639398 -0.080430
    endloop
  endfacet
  facet normal 0.000000 0.000000 0.000000
    outer loop
      vertex 4.799000 -0.798998 -0.879001
      vertex 4.799000 -0.000998 -0.879001
      vertex 4.799000 -0.000998 0.079285
    endloop
  endfacet
  facet normal 0.000000 0.000000 0.000000
    outer loop
      vertex 4.799000 -0.798998 -0.879001
      vertex 4.799000 -0.000998 0.079285
      vertex 4.799000 -0.798998 0.079285
    endloop
  endfacet
  facet normal 0.000000 0.000000 0.000000
    outer loop
      vertex 3.201000 -0.000998 -0.879001
      vertex 3.201000 -0.798998 -0.879001
      vertex 3.201000 -0.798998 0.079285
    endloop
  endfacet
  facet normal 0.000000 0.000000 0.000000
    outer loop
      vertex 3.201000 -0.000998 -0.879001
      vertex 3.201000 -0.798998 0.079285
      vertex 3.201000 -0.000998 0.079285
    endloop
  endfacet
  facet normal 0.000000 0.000000 0.000000
    outer loop
      vertex 4.799000 -0.000998 -0.879001
      vertex 3.201000 -0.000998 -0.879001
      vertex 3.201000 -0.000998 0.079285
    endloop
  endfacet
  facet normal 0.000000 0.000000 0.000000
    outer loop
      vertex 4.799000 -0.000998 -0.879001
      vertex 3.201000 -0.000998 0.079285
      vertex 4.799000 -0.000998 0.079285
    endloop
  endfacet
  facet normal 0.000000 0.000000 0.000000
    outer loop
      vertex 3.201000 -0.000998 0.079285
      vertex 3.201000 -0.798998 0.079285
      vertex 4.799000 -0.798998 0.079285
    endloop
  endfacet
  facet normal 0.000000 0.000000 0.000000
    outer loop
      vertex 3.201000 -0.000998 0.079285
      vertex 4.799000 -0.798998 0.079285
      vertex 4.799000 -0.000998 0.079285
    endloop
  endfacet
  facet normal 0.000000 0.000000 0.000000
    outer loop
      vertex 4.639200 -0.399998 0.238999
      vertex 4.639200 -0.399998 0.079285
      vertex 4.568994 -0.230717 0.079285
    endloop
  endfacet
  facet normal 0.000000 0.000000 0.000000
    outer loop
      vertex 4.639200 -0.399998 0.238999
      vertex 4.568994 -0.230717 0.079285
      vertex 4.568994 -0.230717 0.238999
    endloop
  endfacet
  facet normal 0.000000 0.000000 0.000000
    outer loop
      vertex 4.568994 -0.230717 0.238999
      vertex 4.568994 -0.230717 0.079285
      vertex 4.399500 -0.160598 0.079285
    endloop
  endfacet
  facet normal 0.000000 0.000000 0.000000
    outer loop
      vertex 4.568994 -0.230717 0.238999
      vertex 4.399500 -0.160598 0.079285
      vertex 4.399500 -0.160598 0.238999
    endloop
  endfacet
  facet normal 0.000000 0.000000 0.000000
    outer loop
      vertex 4.399500 -0.160598 0.238999
      vertex 4.399500 -0.160598 0.079285
      vertex 4.230006 -0.230717 0.079285
    endloop
  endfacet
  facet normal 0.000000 0.000000 0.000000
    outer loop
      vertex 4.399500 -0.160598 0.238999
      vertex 4.230006 -0.230717 0.079285
      vertex 4.230006 -0.230717 0.238999
    endloop
  endfacet
  facet normal 0.000000 0.000000 0.000000
    outer loop
      vertex 4.230006 -0.230717 0.238999
      vertex 4.230006 -0.230717 0.079285
      vertex 4.159800 -0.399998 0.079285
    endloop
  endfacet
  facet normal 0.000000 0.000000 0.000000
    outer loop
      vertex 4.230006 -0.230717 0.238999
      vertex 4.159800 -0.399998 0.079285
      vertex 4.159800 -0.399998 0.238999
    endloop
  endfacet
  facet normal 0.000000 0.000000 0.000000
    outer loop
      vertex 4.159800 -0.399998 0.238999
      vertex 4.159800 -0.399998 0.079285
      vertex 4.230006 -0.569280 0.079285
    endloop
  endfacet
  facet normal 0.000000 0.000000 0.000000
    outer loop
      vertex 4.159800 -0.399998 0.238999
      vertex 4.230006 -0.569280 0.079285
      vertex 4.230006 -0.569280 0.238999
    endloop
  endfacet
  facet normal 0.000000 0.000000 0.000000
    outer loop
      vertex 4.230006 -0.569280 0.238999
      vertex 4.230006 -0.569280 0.079285
      vertex 4.399500 -0.639398 0.079285
    endloop
  endfacet
  facet normal 0.000000 0.000000 0.000000
    outer loop
      vertex 4.230006 -0.569280 0.238999
      vertex 4.399500 -0.639398 0.079285
      vertex 4.399500 -0.639398 0.238999
    endloop
  endfacet
  facet normal 0.000000 0.000000 0.000000
    outer loop
      vertex 4.399500 -0.639398 0.238999
      vertex 4.399500 -0.639398 0.079285
      vertex 4.568994 -0.569280 0.079285
    endloop
  endfacet
  facet normal 0.000000 0.000000 0.000000
    outer loop
      vertex 4.399500 -0.639398 0.238999
      vertex 4.568994 -0.569280 0.079285
      vertex 4.568994 -0.569280 0.238999
    endloop
  endfacet
  facet normal 0.000000 0.000000 0.000000
    outer loop
      vertex 4.568994 -0.569280 0.238999
      vertex 4.568994 -0.569280 0.079285
      vertex 4.639200 -0.399998 0.079285
    endloop
  endfacet
  facet normal 0.000000 0.000000 0.000000
    outer loop
      vertex 4.568994 -0.569280 0.238999
      vertex 4.639200 -0.399998 0.079285
      vertex 4.639200 -0.399998 0.238999
    endloop
  endfacet
  facet normal 0.000000 0.000000 0.000000
    outer loop
      vertex 3.840200 -0.399998 0.238999
      vertex 3.840200 -0.399998 0.079285
      vertex 3.769994 -0.230717 0.079285
    endloop
  endfacet
  facet normal 0.000000 0.000000 0.000000
    outer loop
      vertex 3.840200 -0.399998 0.238999
      vertex 3.769994 -0.230717 0.079285
      vertex 3.769994 -0.230717 0.238999
    endloop
  endfacet
  facet normal 0.000000 0.000000 0.000000
    outer loop
      vertex 3.769994 -0.230717 0.238999
      vertex 3.769994 -0.230717 0.079285
      vertex 3.600500 -0.160598 0.079285
    endloop
  endfacet
  facet normal 0.000000 0.000000 0.000000
    outer loop
      vertex 3.769994 -0.230717 0.238999
      vertex 3.600500 -0.160598 0.079285
      vertex 3.600500 -0.160598 0.238999
    endloop
  endfacet
  facet normal 0.000000 0.000000 0.000000
    outer loop
      vertex 3.600500 -0.160598 0.238999
      vertex 3.600500 -0.160598 0.079285
      vertex 3.431006 -0.230717 0.079285
    endloop
  endfacet
  facet normal 0.000000 0.000000 0.000000
    outer loop
      vertex 3.600500 -0.160598 0.238999
      vertex 3.431006 -0.230717 0.079285
      vertex 3.431006 -0.230717 0.238999
    endloop
  endfacet
  facet normal 0.000000 0.000000 0.000000
    outer loop
      vertex 3.431006 -0.230717 0.238999
      vertex 3.431006 -0.230717 0.079285
      vertex 3.360800 -0.399998 0.079285
    endloop
  endfacet
  facet normal 0.000000 0.000000 0.000000
    outer loop
      vertex 3.431006 -0.230717 0.238999
      vertex 3.360800 -0.399998 0.079285
      vertex 3.360800 -0.399998 0.238999
    endloop
  endfacet
  facet normal 0.000000 0.000000 0.000000
    outer loop
      vertex 3.360800 -0.399998 0.238999
      vertex 3.360800 -0.399998 0.079285
      vertex 3.431006 -0.569280 0.079285
    endloop
  endfacet
  facet normal 0.000000 0.000000 0.000000
    outer loop
      vertex 3.360800 -0.399998 0.238999
      vertex 3.431006 -0.569280 0.079285
      vertex 3.431006 -0.569280 0.238999
    endloop
  endfacet
  facet normal 0.000000 0.000000 0.000000
    outer loop
      vertex 3.431006 -0.569280 0.238999
      vertex 3.431006 -0.569280 0.079285
      vertex 3.600500 -0.639398 0.079285
    endloop
  endfacet
  facet normal 0.000000 0.000000 0.000000
    outer loop
      vertex 3.431006 -0.569280 0.238999
      vertex 3.600500 -0.639398 0.079285
      vertex 3.600500 -0.639398 0.238999
    endloop
  endfacet
  facet normal 0.000000 0.000000 0.000000
    outer loop
      vertex 3.600500 -0.639398 0.238999
      vertex 3.600500 -0.639398 0.079285
      vertex 3.769994 -0.569280 0.079285
    endloop
  endfacet
  facet normal 0.000000 0.000000 0.000000
    outer loop
      vertex 3.600500 -0.639398 0.238999
      vertex 3.769994 -0.569280 0.079285
      vertex 3.769994 -0.569280 0.238999
    endloop
  endfacet
  facet normal 0.000000 0.000000 0.000000
    outer loop
      vertex 3.769994 -0.569280 0.238999
      vertex 3.769994 -0.569280 0.079285
      vertex 3.840200 -0.399998 0.079285
    endloop
  endfacet
  facet normal 0.000000 0.000000 0.000000
    outer loop
      vertex 3.769994 -0.569280 0.238999
      vertex 3.840200 -0.399998 0.079285
      vertex 3.840200 -0.399998 0.238999
    endloop
  endfacet
  facet normal 0.000000 0.000000 0.000000
    outer loop
      vertex 4.399500 -0.399998 0.238999
      vertex 4.639200 -0.399998 0.238999
      vertex 4.568994 -0.230717 0.238999
    endloop
  endfacet
  facet normal 0.000000 0.000000 0.000000
    outer loop
      vertex 4.399500 -0.399998 0.238999
      vertex 4.568994 -0.230717 0.238999
      vertex 4.399500 -0.160598 0.238999
    endloop
  endfacet
  facet normal 0.000000 0.000000 0.000000
    outer loop
      vertex 4.399500 -0.399998 0.238999
      vertex 4.399500 -0.160598 0.238999
      vertex 4.230006 -0.230717 0.238999
    endloop
  endfacet
  facet normal 0.000000 0.000000 0.000000
    outer loop
      vertex 4.399500 -0.399998 0.238999
      vertex 4.230006 -0.230717 0.238999
      vertex 4.159800 -0.399998 0.238999
    endloop
  endfacet
  facet normal 0.000000 0.000000 0.000000
    outer loop
      vertex 4.399500 -0.399998 0.238999
      vertex 4.159800 -0.399998 0.238999
      vertex 4.230006 -0.569280 0.238999
    endloop
  endfacet
  facet normal 0.000000 0.000000 0.000000
    outer loop
      vertex 4.399500 -0.399998 0.238999
      vertex 4.230006 -0.569280 0.238999
      vertex 4.399500 -0.639398 0.238999
    endloop
  endfacet
  facet normal 0.000000 0.000000 0.000000
    outer loop
      vertex 4.399500 -0.399998 0.238999
      vertex 4.399500 -0.639398 0.238999
      vertex 4.568994 -0.569280 0.238999
    endloop
  endfacet
  facet normal 0.000000 0.000000 0.000000
    outer loop
      vertex 4.399500 -0.399998 0.238999
      vertex 4.568994 -0.569280 0.238999
      vertex 4.639200 -0.399998 0.238999
    endloop
  endfacet
  facet normal 0.000000 0.000000 0.000000
    outer loop
      vertex 3.600500 -0.399998 0.238999
      vertex 3.840200 -0.399998 0.238999
      vertex 3.769994 -0.230717 0.238999
    endloop
  endfacet
  facet normal 0.000000 0.000000 0.000000
    outer loop
      vertex 3.600500 -0.399998 0.238999
      vertex 3.769994 -0.230717 0.238999
      vertex 3.600500 -0.160598 0.238999
    endloop
  endfacet
  facet normal 0.000000 0.000000 0.000000
    outer loop
      vertex 3.600500 -0.399998 0.238999
      vertex 3.600500 -0.160598 0.238999
      vertex 3.431006 -0.230717 0.238999
    endloop
  endfacet
  facet normal 0.000000 0.000000 0.000000
    outer loop
      vertex 3.600500 -0.399998 0.238999
      vertex 3.431006 -0.230717 0.238999
      vertex 3.360800 -0.399998 0.238999
    endloop
  endfacet
  facet normal 0.000000 0.000000 0.000000
    outer loop
      vertex 3.600500 -0.399998 0.238999
      vertex 3.360800 -0.399998 0.238999
      vertex 3.431006 -0.569280 0.238999
    endloop
  endfacet
  facet normal 0.000000 0.000000 0.000000
    outer loop
      vertex 3.600500 -0.399998 0.238999
      vertex 3.431006 -0.569280 0.238999
      vertex 3.600500 -0.639398 0.238999
    endloop
  endfacet
  facet normal 0.000000 0.000000 0.000000
    outer loop
      vertex 3.600500 -0.399998 0.238999
      vertex 3.600500 -0.639398 0.238999
      vertex 3.769994 -0.569280 0.238999
    endloop
  endfacet
  facet normal 0.000000 0.000000 0.000000
    outer loop
      vertex 3.600500 -0.399998 0.238999
      vertex 3.769994 -0.569280 0.238999
      vertex 3.840200 -0.399998 0.238999
    endloop
  endfacet
  facet normal 0.000000 0.000000 0.000000
    outer loop
      vertex -3.040467 -0.399999 -3.759002
      vertex -3.087291 -0.512853 -3.759002
      vertex -3.200333 -0.399999 -3.759002
    endloop
  endfacet
  facet normal 0.000000 0.000000 0.000000
    outer loop
      vertex -3.087291 -0.512853 -3.759002
      vertex -3.200333 -0.559599 -3.759002
      vertex -3.200333 -0.399999 -3.759002
    endloop
  endfacet
  facet normal 0.000000 0.000000 0.000000
    outer loop
      vertex -3.200333 -0.559599 -3.759002
      vertex -3.313376 -0.512853 -3.759002
      vertex -3.200333 -0.399999 -3.759002
    endloop
  endfacet
  facet normal 0.000000 0.000000 0.000000
    outer loop
      vertex -3.313376 -0.512853 -3.759002
      vertex -3.360200 -0.399999 -3.759002
      vertex -3.200333 -0.399999 -3.759002
    endloop
  endfacet
  facet normal 0.000000 0.000000 0.000000
    outer loop
      vertex -3.360200 -0.399999 -3.759002
      vertex -3.313376 -0.287145 -3.759002
      vertex -3.200333 -0.399999 -3.759002
    endloop
  endfacet
  facet normal 0.000000 0.000000 0.000000
    outer loop
      vertex -3.313376 -0.287145 -3.759002
      vertex -3.200333 -0.240399 -3.759002
      vertex -3.200333 -0.399999 -3.759002
    endloop
  endfacet
  facet normal 0.000000 0.000000 0.000000
    outer loop
      vertex -3.200333 -0.240399 -3.759002
      vertex -3.087291 -0.287145 -3.759002
      vertex -3.200333 -0.399999 -3.759002
    endloop
  endfacet
  facet normal 0.000000 0.000000 0.000000
    outer loop
      vertex -3.087291 -0.287145 -3.759002
      vertex -3.040467 -0.399999 -3.759002
      vertex -3.200333 -0.399999 -3.759002
    endloop
  endfacet
  facet normal 0.000000 0.000000 0.000000
    outer loop
      vertex -3.839800 -0.399999 -3.759002
      vertex -3.886624 -0.512853 -3.759002
      vertex -3.999667 -0.399999 -3.759002
    endloop
  endfacet
  facet normal 0.000000 0.000000 0.000000
    outer loop
      vertex -3.886624 -0.512853 -3.759002
      vertex -3.999667 -0.559599 -3.759002
      vertex -3.999667 -0.399999 -3.759002
    endloop
  endfacet
  facet normal 0.000000 0.000000 0.000000
    outer loop
      vertex -3.999667 -0.559599 -3.759002
      vertex -4.112709 -0.512853 -3.759002
      vertex -3.999667 -0.399999 -3.759002
    endloop
  endfacet
  facet normal 0.000000 0.000000 0.000000
    outer loop
      vertex -4.112709 -0.512853 -3.759002
      vertex -4.159534 -0.399999 -3.759002
      vertex -3.999667 -0.399999 -3.759002
    endloop
  endfacet
  facet normal 0.000000 0.000000 0.000000
    outer loop
      vertex -4.159534 -0.399999 -3.759002
      vertex -4.112709 -0.287145 -3.759002
      vertex -3.999667 -0.399999 -3.759002
    endloop
  endfacet
  facet normal 0.000000 0.000000 0.000000
    outer loop
      vertex -4.112709 -0.287145 -3.759002
      vertex -3.999667 -0.240399 -3.759002
      vertex -3.999667 -0.399999 -3.759002
    endloop
  endfacet
  facet normal 0.000000 0.000000 0.000000
    outer loop
      vertex -3.999667 -0.240399 -3.759002
      vertex -3.886624 -0.287145 -3.759002
      vertex -3.999667 -0.399999 -3.759002
    endloop
  endfacet
  facet normal 0.000000 0.000000 0.000000
    outer loop
      vertex -3.886624 -0.287145 -3.759002
      vertex -3.839800 -0.399999 -3.759002
      vertex -3.999667 -0.399999 -3.759002
    endloop
  endfacet
  facet normal 0.000000 0.000000 0.000000
    outer loop
      vertex -2.401000 -0.798999 -2.800716
      vertex -4.799000 -0.798999 -2.800716
      vertex -4.799000 -0.798999 -3.759002
    endloop
  endfacet
  facet normal 0.000000 0.000000 0.000000
    outer loop
      vertex -2.401000 -0.798999 -2.800716
      vertex -4.799000 -0.798999 -3.759002
      vertex -2.401000 -0.798999 -3.759002
    endloop
  endfacet
  facet normal 0.000000 0.000000 0.000000
    outer loop
      vertex -2.401000 -0.000999 -3.759002
      vertex -2.560867 -0.160599 -3.759002
      vertex -4.639133 -0.160599 -3.759002
    endloop
  endfacet
  facet normal 0.000000 0.000000 0.000000
    outer loop
      vertex -2.401000 -0.000999 -3.759002
      vertex -4.639133 -0.160599 -3.759002
      vertex -4.799000 -0.000999 -3.759002
    endloop
  endfacet
  facet normal 0.000000 0.000000 0.000000
    outer loop
      vertex -4.799000 -0.000999 -3.759002
      vertex -4.639133 -0.160599 -3.759002
      vertex -4.639133 -0.639399 -3.759002
    endloop
  endfacet
  facet normal 0.000000 0.000000 0.000000
    outer loop
      vertex -4.799000 -0.000999 -3.759002
      vertex -4.639133 -0.639399 -3.759002
      vertex -4.799000 -0.798999 -3.759002
    endloop
  endfacet
  facet normal 0.000000 0.000000 0.000000
    outer loop
      vertex -4.799000 -0.798999 -3.759002
      vertex -4.639133 -0.639399 -3.759002
      vertex -2.560867 -0.639399 -3.759002
    endloop
  endfacet
  facet normal 0.000000 0.000000 0.000000
    outer loop
      vertex -4.799000 -0.798999 -3.759002
      vertex -2.560867 -0.639399 -3.759002
      vertex -2.401000 -0.798999 -3.759002
    endloop
  endfacet
  facet normal 0.000000 0.000000 0.000000
    outer loop
      vertex -2.401000 -0.798999 -3.759002
      vertex -2.560867 -0.639399 -3.759002
      vertex -2.560867 -0.160599 -3.759002
    endloop
  endfacet
  facet normal 0.000000 0.000000 0.000000
    outer loop
      vertex -2.401000 -0.798999 -3.759002
      vertex -2.560867 -0.160599 -3.759002
      vertex -2.401000 -0.000999 -3.759002
    endloop
  endfacet
  facet normal 0.000000 0.000000 0.000000
    outer loop
      vertex -3.040467 -0.399999 -3.759002
      vertex -3.040467 -0.399999 -2.960431
      vertex -3.087291 -0.512853 -2.960431
    endloop
  endfacet
  facet normal 0.000000 0.000000 0.000000
    outer loop
      vertex -3.040467 -0.399999 -3.759002
      vertex -3.087291 -0.512853 -2.960431
      vertex -3.087291 -0.512853 -3.759002
    endloop
  endfacet
  facet normal 0.000000 0.000000 0.000000
    outer loop
      vertex -3.087291 -0.512853 -3.759002
      vertex -3.087291 -0.512853 -2.960431
      vertex -3.200333 -0.559599 -2.960431
    endloop
  endfacet
  facet normal 0.000000 0.000000 0.000000
    outer loop
      vertex -3.087291 -0.512853 -3.759002
      vertex -3.200333 -0.559599 -2.960431
      vertex -3.200333 -0.559599 -3.759002
    endloop
  endfacet
  facet normal 0.000000 0.000000 0.000000
    outer loop
      vertex -3.200333 -0.559599 -3.759002
      vertex -3.200333 -0.559599 -2.960431
      vertex -3.313376 -0.512853 -2.960431
    endloop
  endfacet
  facet normal 0.000000 0.000000 0.000000
    outer loop
      vertex -3.200333 -0.559599 -3.759002
      vertex -3.313376 -0.512853 -2.960431
      vertex -3.313376 -0.512853 -3.759002
    endloop
  endfacet
  facet normal 0.000000 0.000000 0.000000
    outer loop
      vertex -3.313376 -0.512853 -3.759002
      vertex -3.313376 -0.512853 -2.960431
      vertex -3.360200 -0.399999 -2.960431
    endloop
  endfacet
  facet normal 0.000000 0.000000 0.000000
    outer loop
      vertex -3.313376 -0.512853 -3.759002
      vertex -3.360200 -0.399999 -2.960431
      vertex -3.360200 -0.399999 -3.759002
    endloop
  endfacet
  facet normal 0.000000 0.000000 0.000000
    outer loop
      vertex -3.360200 -0.399999 -3.759002
      vertex -3.360200 -0.399999 -2.960431
      vertex -3.313376 -0.287145 -2.960431
    endloop
  endfacet
  facet normal 0.000000 0.000000 0.000000
    outer loop
      vertex -3.360200 -0.399999 -3.759002
      vertex -3.313376 -0.287145 -2.960431
      vertex -3.313376 -0.287145 -3.759002
    endloop
  endfacet
  facet normal 0.000000 0.000000 0.000000
    outer loop
      vertex -3.313376 -0.287145 -3.759002
      vertex -3.313376 -0.287145 -2.960431
      vertex -3.200333 -0.240399 -2.960431
    endloop
  endfacet
  facet normal 0.000000 0.000000 0.000000
    outer loop
      vertex -3.313376 -0.287145 -3.759002
      vertex -3.200333 -0.240399 -2.960431
      vertex -3.200333 -0.240399 -3.759002
    endloop
  endfacet
  facet normal 0.000000 0.000000 0.000000
    outer loop
      vertex -3.200333 -0.240399 -3.759002
      vertex -3.200333 -0.240399 -2.960431
      vertex -3.087291 -0.287145 -2.960431
    endloop
  endfacet
  facet normal 0.000000 0.000000 0.000000
    outer loop
      vertex -3.200333 -0.240399 -3.759002
      vertex -3.087291 -0.287145 -2.960431
      vertex -3.087291 -0.287145 -3.759002
    endloop
  endfacet
  facet normal 0.000000 0.000000 0.000000
    outer loop
      vertex -3.087291 -0.287145 -3.759002
      vertex -3.087291 -0.287145 -2.960431
      vertex -3.040467 -0.399999 -2.960431
    endloop
  endfacet
  facet normal 0.000000 0.000000 0.000000
    outer loop
      vertex -3.087291 -0.287145 -3.759002
      vertex -3.040467 -0.399999 -2.960431
      vertex -3.040467 -0.399999 -3.759002
    endloop
  endfacet
  facet normal 0.000000 0.000000 0.000000
    outer loop
      vertex -3.839800 -0.399999 -3.759002
      vertex -3.839800 -0.399999 -2.960431
      vertex -3.886624 -0.512853 -2.960431
    endloop
  endfacet
  facet normal 0.000000 0.000000 0.000000
    outer loop
      vertex -3.839800 -0.399999 -3.759002
      vertex -3.886624 -0.512853 -2.960431
      vertex -3.886624 -0.512853 -3.759002
    endloop
  endfacet
  facet normal 0.000000 0.000000 0.000000
    outer loop
      vertex -3.886624 -0.512853 -3.759002
      vertex -3.886624 -0.512853 -2.960431
      vertex -3.999667 -0.559599 -2.960431
    endloop
  endfacet
  facet normal 0.000000 0.000000 0.000000
    outer loop
      vertex -3.886624 -0.512853 -3.759002
      vertex -3.999667 -0.559599 -2.960431
      vertex -3.999667 -0.559599 -3.759002
    endloop
  endfacet
  facet normal 0.000000 0.000000 0.000000
    outer loop
      vertex -3.999667 -0.559599 -3.759002
      vertex -3.999667 -0.559599 -2.960431
      vertex -4.112709 -0.512853 -2.960431
    endloop
  endfacet
  facet normal 0.000000 0.000000 0.000000
    outer loop
      vertex -3.999667 -0.559599 -3.759002
      vertex -4.112709 -0.512853 -2.960431
      vertex -4.112709 -0.512853 -3.759002
    endloop
  endfacet
  facet normal 0.000000 0.000000 0.000000
    outer loop
      vertex -4.112709 -0.512853 -3.759002
      vertex -4.112709 -0.512853 -2.960431
      vertex -4.159534 -0.399999 -2.960431
    endloop
  endfacet
  facet normal 0.000000 0.000000 0.000000
    outer loop
      vertex -4.112709 -0.512853 -3.759002
      vertex -4.159534 -0.399999 -2.960431
      vertex -4.159534 -0.399999 -3.759002
    endloop
  endfacet
  facet normal 0.000000 0.000000 0.000000
    outer loop
      vertex -4.159534 -0.399999 -3.759002
      vertex -4.159534 -0.399999 -2.960431
      vertex -4.112709 -0.287145 -2.960431
    endloop
  endfacet
  facet normal 0.000000 0.000000 0.000000
    outer loop
      vertex -4.159534 -0.399999 -3.759002
      vertex -4.112709 -0.287145 -2.960431
      vertex -4.112709 -0.287145 -3.759002
    endloop
  endfacet
  facet normal 0.000000 0.000000 0.000000
    outer loop
      vertex -4.112709 -0.287145 -3.759002
      vertex -4.112709 -0.287145 -2.960431
      vertex -3.999667 -0.240399 -2.960431
    endloop
  endfacet
  facet normal 0.000000 0.000000 0.000000
    outer loop
      vertex -4.112709 -0.287145 -3.759002
      vertex -3.999667 -0.240399 -2.960431
      vertex -3.999667 -0.240399 -3.759002
    endloop
  endfacet
  facet normal 0.000000 0.000000 0.000000
    outer loop
      vertex -3.999667 -0.240399 -3.759002
      vertex -3.999667 -0.240399 -2.960431
      vertex -3.886624 -0.287145 -2.960431
    endloop
  endfacet
  facet normal 0.000000 0.000000 0.000000
    outer loop
      vertex -3.999667 -0.240399 -3.759002
      vertex -3.886624 -0.287145 -2.960431
      vertex -3.886624 -0.287145 -3.759002
    endloop
  endfacet
  facet normal 0.000000 0.000000 0.000000
    outer loop
      vertex -3.886624 -0.287145 -3.759002
      vertex -3.886624 -0.287145 -2.960431
      vertex -3.839800 -0.399999 -2.960431
    endloop
  endfacet
  facet normal 0.000000 0.000000 0.000000
    outer loop
      vertex -3.886624 -0.287145 -3.759002
      vertex -3.839800 -0.399999 -2.960431
      vertex -3.839800 -0.399999 -3.759002
    endloop
  endfacet
  facet normal 0.000000 0.000000 0.000000
    outer loop
      vertex -4.639133 -0.160599 -2.960431
      vertex -2.560867 -0.160599 -2.960431
      vertex -2.560867 -0.639399 -2.960431
    endloop
  endfacet
  facet normal 0.000000 0.000000 0.000000
    outer loop
      vertex -4.639133 -0.160599 -2.960431
      vertex -2.560867 -0.639399 -2.960431
      vertex -4.639133 -0.639399 -2.960431
    endloop
  endfacet
  facet normal 0.000000 0.000000 0.000000
    outer loop
      vertex -4.639133 -0.160599 -2.960431
      vertex -4.639133 -0.160599 -3.759002
      vertex -2.560867 -0.160599 -3.759002
    endloop
  endfacet
  facet normal 0.000000 0.000000 0.000000
    outer loop
      vertex -4.639133 -0.160599 -2.960431
      vertex -2.560867 -0.160599 -3.759002
      vertex -2.560867 -0.160599 -2.960431
    endloop
  endfacet
  facet normal 0.000000 0.000000 0.000000
    outer loop
      vertex -4.639133 -0.639399 -2.960431
      vertex -4.639133 -0.639399 -3.759002
      vertex -4.639133 -0.160599 -3.759002
    endloop
  endfacet
  facet normal 0.000000 0.000000 0.000000
    outer loop
      vertex -4.639133 -0.639399 -2.960431
      vertex -4.639133 -0.160599 -3.759002
      vertex -4.639133 -0.160599 -2.960431
    endloop
  endfacet
  facet normal 0.000000 0.000000 0.000000
    outer loop
      vertex -2.560867 -0.639399 -2.960431
      vertex -2.560867 -0.639399 -3.759002
      vertex -4.639133 -0.639399 -3.759002
    endloop
  endfacet
  facet normal 0.000000 0.000000 0.000000
    outer loop
      vertex -2.560867 -0.639399 -2.960431
      vertex -4.639133 -0.639399 -3.759002
      vertex -4.639133 -0.639399 -2.960431
    endloop
  endfacet
  facet normal 0.000000 0.000000 0.000000
    outer loop
      vertex -2.560867 -0.160599 -2.960431
      vertex -2.560867 -0.160599 -3.759002
      vertex -2.560867 -0.639399 -3.759002
    endloop
  endfacet
  facet normal 0.000000 0.000000 0.000000
    outer loop
      vertex -2.560867 -0.160599 -2.960431
      vertex -2.560867 -0.639399 -3.759002
      vertex -2.560867 -0.639399 -2.960431
    endloop
  endfacet
  facet normal 0.000000 0.000000 0.000000
    outer loop
      vertex -2.401000 -0.798999 -3.759002
      vertex -2.401000 -0.000999 -3.759002
      vertex -2.401000 -0.000999 -2.800716
    endloop
  endfacet
  facet normal 0.000000 0.000000 0.000000
    outer loop
      vertex -2.401000 -0.798999 -3.759002
      vertex -2.401000 -0.000999 -2.800716
      vertex -2.401000 -0.798999 -2.800716
    endloop
  endfacet
  facet normal 0.000000 0.000000 0.000000
    outer loop
      vertex -4.799000 -0.000999 -3.759002
      vertex -4.799000 -0.798999 -3.759002
      vertex -4.799000 -0.798999 -2.800716
    endloop
  endfacet
  facet normal 0.000000 0.000000 0.000000
    outer loop
      vertex -4.799000 -0.000999 -3.759002
      vertex -4.799000 -0.798999 -2.800716
      vertex -4.799000 -0.000999 -2.800716
    endloop
  endfacet
  facet normal 0.000000 0.000000 0.000000
    outer loop
      vertex -2.401000 -0.000999 -3.759002
      vertex -4.799000 -0.000999 -3.759002
      vertex -4.799000 -0.000999 -2.800716
    endloop
  endfacet
  facet normal 0.000000 0.000000 0.000000
    outer loop
      vertex -2.401000 -0.000999 -3.759002
      vertex -4.799000 -0.000999 -2.800716
      vertex -2.401000 -0.000999 -2.800716
    endloop
  endfacet
  facet normal 0.000000 0.000000 0.000000
    outer loop
      vertex -4.799000 -0.000999 -2.800716
      vertex -4.799000 -0.798999 -2.800716
      vertex -2.401000 -0.798999 -2.800716
    endloop
  endfacet
  facet normal 0.000000 0.000000 0.000000
    outer loop
      vertex -4.799000 -0.000999 -2.800716
      vertex -2.401000 -0.798999 -2.800716
      vertex -2.401000 -0.000999 -2.800716
    endloop
  endfacet
  facet normal 0.000000 0.000000 0.000000
    outer loop
      vertex -2.560867 -0.399999 -2.641002
      vertex -2.560867 -0.399999 -2.800716
      vertex -2.631102 -0.230717 -2.800716
    endloop
  endfacet
  facet normal 0.000000 0.000000 0.000000
    outer loop
      vertex -2.560867 -0.399999 -2.641002
      vertex -2.631102 -0.230717 -2.800716
      vertex -2.631102 -0.230717 -2.641002
    endloop
  endfacet
  facet normal 0.000000 0.000000 0.000000
    outer loop
      vertex -2.631102 -0.230717 -2.641002
      vertex -2.631102 -0.230717 -2.800716
      vertex -2.800666 -0.160599 -2.800716
    endloop
  endfacet
  facet normal 0.000000 0.000000 0.000000
    outer loop
      vertex -2.631102 -0.230717 -2.641002
      vertex -2.800666 -0.160599 -2.800716
      vertex -2.800666 -0.160599 -2.641002
    endloop
  endfacet
  facet normal 0.000000 0.000000 0.000000
    outer loop
      vertex -2.800666 -0.160599 -2.641002
      vertex -2.800666 -0.160599 -2.800716
      vertex -2.970231 -0.230717 -2.800716
    endloop
  endfacet
  facet normal 0.000000 0.000000 0.000000
    outer loop
      vertex -2.800666 -0.160599 -2.641002
      vertex -2.970231 -0.230717 -2.800716
      vertex -2.970231 -0.230717 -2.641002
    endloop
  endfacet
  facet normal 0.000000 0.000000 0.000000
    outer loop
      vertex -2.970231 -0.230717 -2.641002
      vertex -2.970231 -0.230717 -2.800716
      vertex -3.040467 -0.399999 -2.800716
    endloop
  endfacet
  facet normal 0.000000 0.000000 0.000000
    outer loop
      vertex -2.970231 -0.230717 -2.641002
      vertex -3.040467 -0.399999 -2.800716
      vertex -3.040467 -0.399999 -2.641002
    endloop
  endfacet
  facet normal 0.000000 0.000000 0.000000
    outer loop
      vertex -3.040467 -0.399999 -2.641002
      vertex -3.040467 -0.399999 -2.800716
      vertex -2.970231 -0.569280 -2.800716
    endloop
  endfacet
  facet normal 0.000000 0.000000 0.000000
    outer loop
      vertex -3.040467 -0.399999 -2.641002
      vertex -2.970231 -0.569280 -2.800716
      vertex -2.970231 -0.569280 -2.641002
    endloop
  endfacet
  facet normal 0.000000 0.000000 0.000000
    outer loop
      vertex -2.970231 -0.569280 -2.641002
      vertex -2.970231 -0.569280 -2.800716
      vertex -2.800666 -0.639399 -2.800716
    endloop
  endfacet
  facet normal 0.000000 0.000000 0.000000
    outer loop
      vertex -2.970231 -0.569280 -2.641002
      vertex -2.800666 -0.639399 -2.800716
      vertex -2.800666 -0.639399 -2.641002
    endloop
  endfacet
  facet normal 0.000000 0.000000 0.000000
    outer loop
      vertex -2.800666 -0.639399 -2.641002
      vertex -2.800666 -0.639399 -2.800716
      vertex -2.631102 -0.569280 -2.800716
    endloop
  endfacet
  facet normal 0.000000 0.000000 0.000000
    outer loop
      vertex -2.800666 -0.639399 -2.641002
      vertex -2.631102 -0.569280 -2.800716
      vertex -2.631102 -0.569280 -2.641002
    endloop
  endfacet
  facet normal 0.000000 0.000000 0.000000
    outer loop
      vertex -2.631102 -0.569280 -2.641002
      vertex -2.631102 -0.569280 -2.800716
      vertex -2.560867 -0.399999 -2.800716
    endloop
  endfacet
  facet normal 0.000000 0.000000 0.000000
    outer loop
      vertex -2.631102 -0.569280 -2.641002
      vertex -2.560867 -0.399999 -2.800716
      vertex -2.560867 -0.399999 -2.641002
    endloop
  endfacet
  facet normal 0.000000 0.000000 0.000000
    outer loop
      vertex -3.360200 -0.399999 -2.641002
      vertex -3.360200 -0.399999 -2.800716
      vertex -3.430436 -0.230717 -2.800716
    endloop
  endfacet
  facet normal 0.000000 0.000000 0.000000
    outer loop
      vertex -3.360200 -0.399999 -2.641002
      vertex -3.430436 -0.230717 -2.800716
      vertex -3.430436 -0.230717 -2.641002
    endloop
  endfacet
  facet normal 0.000000 0.000000 0.000000
    outer loop
      vertex -3.430436 -0.230717 -2.641002
      vertex -3.430436 -0.230717 -2.800716
      vertex -3.600000 -0.160599 -2.800716
    endloop
  endfacet
  facet normal 0.000000 0.000000 0.000000
    outer loop
      vertex -3.430436 -0.230717 -2.641002
      vertex -3.600000 -0.160599 -2.800716
      vertex -3.600000 -0.160599 -2.641002
    endloop
  endfacet
  facet normal 0.000000 0.000000 0.000000
    outer loop
      vertex -3.600000 -0.160599 -2.641002
      vertex -3.600000 -0.160599 -2.800716
      vertex -3.769564 -0.230717 -2.800716
    endloop
  endfacet
  facet normal 0.000000 0.000000 0.000000
    outer loop
      vertex -3.600000 -0.160599 -2.641002
      vertex -3.769564 -0.230717 -2.800716
      vertex -3.769564 -0.230717 -2.641002
    endloop
  endfacet
  facet normal 0.000000 0.000000 0.000000
    outer loop
      vertex -3.769564 -0.230717 -2.641002
      vertex -3.769564 -0.230717 -2.800716
      vertex -3.839800 -0.399999 -2.800716
    endloop
  endfacet
  facet normal 0.000000 0.000000 0.000000
    outer loop
      vertex -3.769564 -0.230717 -2.641002
      vertex -3.839800 -0.399999 -2.800716
      vertex -3.839800 -0.399999 -2.641002
    endloop
  endfacet
  facet normal 0.000000 0.000000 0.000000
    outer loop
      vertex -3.839800 -0.399999 -2.641002
      vertex -3.839800 -0.399999 -2.800716
      vertex -3.769564 -0.569280 -2.800716
    endloop
  endfacet
  facet normal 0.000000 0.000000 0.000000
    outer loop
      vertex -3.839800 -0.399999 -2.641002
      vertex -3.769564 -0.569280 -2.800716
      vertex -3.769564 -0.569280 -2.641002
    endloop
  endfacet
  facet normal 0.000000 0.000000 0.000000
    outer loop
      vertex -3.769564 -0.569280 -2.641002
      vertex -3.769564 -0.569280 -2.800716
      vertex -3.600000 -0.639399 -2.800716
    endloop
  endfacet
  facet normal 0.000000 0.000000 0.000000
    outer loop
      vertex -3.769564 -0.569280 -2.641002
      vertex -3.600000 -0.639399 -2.800716
      vertex -3.600000 -0.639399 -2.641002
    endloop
  endfacet
  facet normal 0.000000 0.000000 0.000000
    outer loop
      vertex -3.600000 -0.639399 -2.641002
      vertex -3.600000 -0.639399 -2.800716
      vertex -3.430436 -0.569280 -2.800716
    endloop
  endfacet
  facet normal 0.000000 0.000000 0.000000
    outer loop
      vertex -3.600000 -0.639399 -2.641002
      vertex -3.430436 -0.569280 -2.800716
      vertex -3.430436 -0.569280 -2.641002
    endloop
  endfacet
  facet normal 0.000000 0.000000 0.000000
    outer loop
      vertex -3.430436 -0.569280 -2.641002
      vertex -3.430436 -0.569280 -2.800716
      vertex -3.360200 -0.399999 -2.800716
    endloop
  endfacet
  facet normal 0.000000 0.000000 0.000000
    outer loop
      vertex -3.430436 -0.569280 -2.641002
      vertex -3.360200 -0.399999 -2.800716
      vertex -3.360200 -0.399999 -2.641002
    endloop
  endfacet
  facet normal 0.000000 0.000000 0.000000
    outer loop
      vertex -4.159534 -0.399999 -2.641002
      vertex -4.159534 -0.399999 -2.800716
      vertex -4.229769 -0.230717 -2.800716
    endloop
  endfacet
  facet normal 0.000000 0.000000 0.000000
    outer loop
      vertex -4.159534 -0.399999 -2.641002
      vertex -4.229769 -0.230717 -2.800716
      vertex -4.229769 -0.230717 -2.641002
    endloop
  endfacet
  facet normal 0.000000 0.000000 0.000000
    outer loop
      vertex -4.229769 -0.230717 -2.641002
      vertex -4.229769 -0.230717 -2.800716
      vertex -4.399333 -0.160599 -2.800716
    endloop
  endfacet
  facet normal 0.000000 0.000000 0.000000
    outer loop
      vertex -4.229769 -0.230717 -2.641002
      vertex -4.399333 -0.160599 -2.800716
      vertex -4.399333 -0.160599 -2.641002
    endloop
  endfacet
  facet normal 0.000000 0.000000 0.000000
    outer loop
      vertex -4.399333 -0.160599 -2.641002
      vertex -4.399333 -0.160599 -2.800716
      vertex -4.568898 -0.230717 -2.800716
    endloop
  endfacet
  facet normal 0.000000 0.000000 0.000000
    outer loop
      vertex -4.399333 -0.160599 -2.641002
      vertex -4.568898 -0.230717 -2.800716
      vertex -4.568898 -0.230717 -2.641002
    endloop
  endfacet
  facet normal 0.000000 0.000000 0.000000
    outer loop
      vertex -4.568898 -0.230717 -2.641002
      vertex -4.568898 -0.230717 -2.800716
      vertex -4.639133 -0.399999 -2.800716
    endloop
  endfacet
  facet normal 0.000000 0.000000 0.000000
    outer loop
      vertex -4.568898 -0.230717 -2.641002
      vertex -4.639133 -0.399999 -2.800716
      vertex -4.639133 -0.399999 -2.641002
    endloop
  endfacet
  facet normal 0.000000 0.000000 0.000000
    outer loop
      vertex -4.639133 -0.399999 -2.641002
      vertex -4.639133 -0.399999 -2.800716
      vertex -4.568897 -0.569280 -2.800716
    endloop
  endfacet
  facet normal 0.000000 0.000000 0.000000
    outer loop
      vertex -4.639133 -0.399999 -2.641002
      vertex -4.568897 -0.569280 -2.800716
      vertex -4.568897 -0.569280 -2.641002
    endloop
  endfacet
  facet normal 0.000000 0.000000 0.000000
    outer loop
      vertex -4.568897 -0.569280 -2.641002
      vertex -4.568897 -0.569280 -2.800716
      vertex -4.399333 -0.639399 -2.800716
    endloop
  endfacet
  facet normal 0.000000 0.000000 0.000000
    outer loop
      vertex -4.568897 -0.569280 -2.641002
      vertex -4.399333 -0.639399 -2.800716
      vertex -4.399333 -0.639399 -2.641002
    endloop
  endfacet
  facet normal 0.000000 0.000000 0.000000
    outer loop
      vertex -4.399333 -0.639399 -2.641002
      vertex -4.399333 -0.639399 -2.800716
      vertex -4.229769 -0.569280 -2.800716
    endloop
  endfacet
  facet normal 0.000000 0.000000 0.000000
    outer loop
      vertex -4.399333 -0.639399 -2.641002
      vertex -4.229769 -0.569280 -2.800716
      vertex -4.229769 -0.569280 -2.641002
    endloop
  endfacet
  facet normal 0.000000 0.000000 0.000000
    outer loop
      vertex -4.229769 -0.569280 -2.641002
      vertex -4.229769 -0.569280 -2.800716
      vertex -4.159534 -0.399999 -2.800716
    endloop
  endfacet
  facet normal 0.000000 0.000000 0.000000
    outer loop
      vertex -4.229769 -0.569280 -2.641002
      vertex -4.159534 -0.399999 -2.800716
      vertex -4.159534 -0.399999 -2.641002
    endloop
  endfacet
  facet normal 0.000000 0.000000 0.000000
    outer loop
      vertex -2.800666 -0.399999 -2.641002
      vertex -2.560867 -0.399999 -2.641002
      vertex -2.631102 -0.230717 -2.641002
    endloop
  endfacet
  facet normal 0.000000 0.000000 0.000000
    outer loop
      vertex -2.800666 -0.399999 -2.641002
      vertex -2.631102 -0.230717 -2.641002
      vertex -2.800666 -0.160599 -2.641002
    endloop
  endfacet
  facet normal 0.000000 0.000000 0.000000
    outer loop
      vertex -2.800666 -0.399999 -2.641002
      vertex -2.800666 -0.160599 -2.641002
      vertex -2.970231 -0.230717 -2.641002
    endloop
  endfacet
  facet normal 0.000000 0.000000 0.000000
    outer loop
      vertex -2.800666 -0.399999 -2.641002
      vertex -2.970231 -0.230717 -2.641002
      vertex -3.040467 -0.399999 -2.641002
    endloop
  endfacet
  facet normal 0.000000 0.000000 0.000000
    outer loop
      vertex -2.800666 -0.399999 -2.641002
      vertex -3.040467 -0.399999 -2.641002
      vertex -2.970231 -0.569280 -2.641002
    endloop
  endfacet
  facet normal 0.000000 0.000000 0.000000
    outer loop
      vertex -2.800666 -0.399999 -2.641002
      vertex -2.970231 -0.569280 -2.641002
      vertex -2.800666 -0.639399 -2.641002
    endloop
  endfacet
  facet normal 0.000000 0.000000 0.000000
    outer loop
      vertex -2.800666 -0.399999 -2.641002
      vertex -2.800666 -0.639399 -2.641002
      vertex -2.631102 -0.569280 -2.641002
    endloop
  endfacet
  facet normal 0.000000 0.000000 0.000000
    outer loop
      vertex -2.800666 -0.399999 -2.641002
      vertex -2.631102 -0.569280 -2.641002
      vertex -2.560867 -0.399999 -2.641002
    endloop
  endfacet
  facet normal 0.000000 0.000000 0.000000
    outer loop
      vertex -3.600000 -0.399999 -2.641002
      vertex -3.360200 -0.399999 -2.641002
      vertex -3.430436 -0.230717 -2.641002
    endloop
  endfacet
  facet normal 0.000000 0.000000 0.000000
    outer loop
      vertex -3.600000 -0.399999 -2.641002
      vertex -3.430436 -0.230717 -2.641002
      vertex -3.600000 -0.160599 -2.641002
    endloop
  endfacet
  facet normal 0.000000 0.000000 0.000000
    outer loop
      vertex -3.600000 -0.399999 -2.641002
      vertex -3.600000 -0.160599 -2.641002
      vertex -3.769564 -0.230717 -2.641002
    endloop
  endfacet
  facet normal 0.000000 0.000000 0.000000
    outer loop
      vertex -3.600000 -0.399999 -2.641002
      vertex -3.769564 -0.230717 -2.641002
      vertex -3.839800 -0.399999 -2.641002
    endloop
  endfacet
  facet normal 0.000000 0.000000 0.000000
    outer loop
      vertex -3.600000 -0.399999 -2.641002
      vertex -3.839800 -0.399999 -2.641002
      vertex -3.769564 -0.569280 -2.641002
    endloop
  endfacet
  facet normal 0.000000 0.000000 0.000000
    outer loop
      vertex -3.600000 -0.399999 -2.641002
      vertex -3.769564 -0.569280 -2.641002
      vertex -3.600000 -0.639399 -2.641002
    endloop
  endfacet
  facet normal 0.000000 0.000000 0.000000
    outer loop
      vertex -3.600000 -0.399999 -2.641002
      vertex -3.600000 -0.639399 -2.641002
      vertex -3.430436 -0.569280 -2.641002
    endloop
  endfacet
  facet normal 0.000000 0.000000 0.000000
    outer loop
      vertex -3.600000 -0.399999 -2.641002
      vertex -3.430436 -0.569280 -2.641002
      vertex -3.360200 -0.399999 -2.641002
    endloop
  endfacet
  facet normal 0.000000 0.000000 0.000000
    outer loop
      vertex -4.399333 -0.399999 -2.641002
      vertex -4.159534 -0.399999 -2.641002
      vertex -4.229769 -0.230717 -2.641002
    endloop
  endfacet
  facet normal 0.000000 0.000000 0.000000
    outer loop
      vertex -4.399333 -0.399999 -2.641002
      vertex -4.229769 -0.230717 -2.641002
      vertex -4.399333 -0.160599 -2.641002
    endloop
  endfacet
  facet normal 0.000000 0.000000 0.000000
    outer loop
      vertex -4.399333 -0.399999 -2.641002
      vertex -4.399333 -0.160599 -2.641002
      vertex -4.568898 -0.230717 -2.641002
    endloop
  endfacet
  facet normal 0.000000 0.000000 0.000000
    outer loop
      vertex -4.399333 -0.399999 -2.641002
      vertex -4.568898 -0.230717 -2.641002
      vertex -4.639133 -0.399999 -2.641002
    endloop
  endfacet
  facet normal 0.000000 0.000000 0.000000
    outer loop
      vertex -4.399333 -0.399999 -2.641002
      vertex -4.639133 -0.399999 -2.641002
      vertex -4.568897 -0.569280 -2.641002
    endloop
  endfacet
  facet normal 0.000000 0.000000 0.000000
    outer loop
      vertex -4.399333 -0.399999 -2.641002
      vertex -4.568897 -0.569280 -2.641002
      vertex -4.399333 -0.639399 -2.641002
    endloop
  endfacet
  facet normal 0.000000 0.000000 0.000000
    outer loop
      vertex -4.399333 -0.399999 -2.641002
      vertex -4.399333 -0.639399 -2.641002
      vertex -4.229769 -0.569280 -2.641002
    endloop
  endfacet
  facet normal 0.000000 0.000000 0.000000
    outer loop
      vertex -4.399333 -0.399999 -2.641002
      vertex -4.229769 -0.569280 -2.641002
      vertex -4.159534 -0.399999 -2.641002
    endloop
  endfacet
  facet normal 0.000000 0.000000 0.000000
    outer loop
      vertex 4.159800 -0.399999 0.080998
      vertex 4.112996 -0.512853 0.080998
      vertex 4.000000 -0.399999 0.080998
    endloop
  endfacet
  facet normal 0.000000 0.000000 0.000000
    outer loop
      vertex 4.112996 -0.512853 0.080998
      vertex 4.000000 -0.559599 0.080998
      vertex 4.000000 -0.399999 0.080998
    endloop
  endfacet
  facet normal 0.000000 0.000000 0.000000
    outer loop
      vertex 4.000000 -0.559599 0.080998
      vertex 3.887004 -0.512853 0.080998
      vertex 4.000000 -0.399999 0.080998
    endloop
  endfacet
  facet normal 0.000000 0.000000 0.000000
    outer loop
      vertex 3.887004 -0.512853 0.080998
      vertex 3.840200 -0.399999 0.080998
      vertex 4.000000 -0.399999 0.080998
    endloop
  endfacet
  facet normal 0.000000 0.000000 0.000000
    outer loop
      vertex 3.840200 -0.399999 0.080998
      vertex 3.887004 -0.287145 0.080998
      vertex 4.000000 -0.399999 0.080998
    endloop
  endfacet
  facet normal 0.000000 0.000000 0.000000
    outer loop
      vertex 3.887004 -0.287145 0.080998
      vertex 4.000000 -0.240399 0.080998
      vertex 4.000000 -0.399999 0.080998
    endloop
  endfacet
  facet normal 0.000000 0.000000 0.000000
    outer loop
      vertex 4.000000 -0.240399 0.080998
      vertex 4.112996 -0.287145 0.080998
      vertex 4.000000 -0.399999 0.080998
    endloop
  endfacet
  facet normal 0.000000 0.000000 0.000000
    outer loop
      vertex 4.112996 -0.287145 0.080998
      vertex 4.159800 -0.399999 0.080998
      vertex 4.000000 -0.399999 0.080998
    endloop
  endfacet
  facet normal 0.000000 0.000000 0.000000
    outer loop
      vertex 3.201000 -0.798999 0.080998
      vertex 4.799000 -0.798999 0.080998
      vertex 4.799000 -0.798999 1.039284
    endloop
  endfacet
  facet normal 0.000000 0.000000 0.000000
    outer loop
      vertex 3.201000 -0.798999 0.080998
      vertex 4.799000 -0.798999 1.039284
      vertex 3.201000 -0.798999 1.039284
    endloop
  endfacet
  facet normal 0.000000 0.000000 0.000000
    outer loop
      vertex 4.799000 -0.000999 0.080998
      vertex 4.639200 -0.160599 0.080998
      vertex 3.360800 -0.160599 0.080998
    endloop
  endfacet
  facet normal 0.000000 0.000000 0.000000
    outer loop
      vertex 4.799000 -0.000999 0.080998
      vertex 3.360800 -0.160599 0.080998
      vertex 3.201000 -0.000999 0.080998
    endloop
  endfacet
  facet normal 0.000000 0.000000 0.000000
    outer loop
      vertex 3.201000 -0.000999 0.080998
      vertex 3.360800 -0.160599 0.080998
      vertex 3.360800 -0.639399 0.080998
    endloop
  endfacet
  facet normal 0.000000 0.000000 0.000000
    outer loop
      vertex 3.201000 -0.000999 0.080998
      vertex 3.360800 -0.639399 0.080998
      vertex 3.201000 -0.798999 0.080998
    endloop
  endfacet
  facet normal 0.000000 0.000000 0.000000
    outer loop
      vertex 3.201000 -0.798999 0.080998
      vertex 3.360800 -0.639399 0.080998
      vertex 4.639200 -0.639399 0.080998
    endloop
  endfacet
  facet normal 0.000000 0.000000 0.000000
    outer loop
      vertex 3.201000 -0.798999 0.080998
      vertex 4.639200 -0.639399 0.080998
      vertex 4.799000 -0.798999 0.080998
    endloop
  endfacet
  facet normal 0.000000 0.000000 0.000000
    outer loop
      vertex 4.799000 -0.798999 0.080998
      vertex 4.639200 -0.639399 0.080998
      vertex 4.639200 -0.160599 0.080998
    endloop
  endfacet
  facet normal 0.000000 0.000000 0.000000
    outer loop
      vertex 4.799000 -0.798999 0.080998
      vertex 4.639200 -0.160599 0.080998
      vertex 4.799000 -0.000999 0.080998
    endloop
  endfacet
  facet normal 0.000000 0.000000 0.000000
    outer loop
      vertex 4.159800 -0.399999 0.080998
      vertex 4.159800 -0.399999 0.879570
      vertex 4.112996 -0.512853 0.879570
    endloop
  endfacet
  facet normal 0.000000 0.000000 0.000000
    outer loop
      vertex 4.159800 -0.399999 0.080998
      vertex 4.112996 -0.512853 0.879570
      vertex 4.112996 -0.512853 0.080998
    endloop
  endfacet
  facet normal 0.000000 0.000000 0.000000
    outer loop
      vertex 4.112996 -0.512853 0.080998
      vertex 4.112996 -0.512853 0.879570
      vertex 4.000000 -0.559599 0.879570
    endloop
  endfacet
  facet normal 0.000000 0.000000 0.000000
    outer loop
      vertex 4.112996 -0.512853 0.080998
      vertex 4.000000 -0.559599 0.879570
      vertex 4.000000 -0.559599 0.080998
    endloop
  endfacet
  facet normal 0.000000 0.000000 0.000000
    outer loop
      vertex 4.000000 -0.559599 0.080998
      vertex 4.000000 -0.559599 0.879570
      vertex 3.887004 -0.512853 0.879570
    endloop
  endfacet
  facet normal 0.000000 0.000000 0.000000
    outer loop
      vertex 4.000000 -0.559599 0.080998
      vertex 3.887004 -0.512853 0.879570
      vertex 3.887004 -0.512853 0.080998
    endloop
  endfacet
  facet normal 0.000000 0.000000 0.000000
    outer loop
      vertex 3.887004 -0.512853 0.080998
      vertex 3.887004 -0.512853 0.879570
      vertex 3.840200 -0.399999 0.879570
    endloop
  endfacet
  facet normal 0.000000 0.000000 0.000000
    outer loop
      vertex 3.887004 -0.512853 0.080998
      vertex 3.840200 -0.399999 0.879570
      vertex 3.840200 -0.399999 0.080998
    endloop
  endfacet
  facet normal 0.000000 0.000000 0.000000
    outer loop
      vertex 3.840200 -0.399999 0.080998
      vertex 3.840200 -0.399999 0.879570
      vertex 3.887004 -0.287145 0.879570
    endloop
  endfacet
  facet normal 0.000000 0.000000 0.000000
    outer loop
      vertex 3.840200 -0.399999 0.080998
      vertex 3.887004 -0.287145 0.879570
      vertex 3.887004 -0.287145 0.080998
    endloop
  endfacet
  facet normal 0.000000 0.000000 0.000000
    outer loop
      vertex 3.887004 -0.287145 0.080998
      vertex 3.887004 -0.287145 0.879570
      vertex 4.000000 -0.240399 0.879570
    endloop
  endfacet
  facet normal 0.000000 0.000000 0.000000
    outer loop
      vertex 3.887004 -0.287145 0.080998
      vertex 4.000000 -0.240399 0.879570
      vertex 4.000000 -0.240399 0.080998
    endloop
  endfacet
  facet normal 0.000000 0.000000 0.000000
    outer loop
      vertex 4.000000 -0.240399 0.080998
      vertex 4.000000 -0.240399 0.879570
      vertex 4.112996 -0.287145 0.879570
    endloop
  endfacet
  facet normal 0.000000 0.000000 0.000000
    outer loop
      vertex 4.000000 -0.240399 0.080998
      vertex 4.112996 -0.287145 0.879570
      vertex 4.112996 -0.287145 0.080998
    endloop
  endfacet
  facet normal 0.000000 0.000000 0.000000
    outer loop
      vertex 4.112996 -0.287145 0.080998
      vertex 4.112996 -0.287145 0.879570
      vertex 4.159800 -0.399999 0.879570
    endloop
  endfacet
  facet normal 0.000000 0.000000 0.000000
    outer loop
      vertex 4.112996 -0.287145 0.080998
      vertex 4.159800 -0.399999 0.879570
      vertex 4.159800 -0.399999 0.080998
    endloop
  endfacet
  facet normal 0.000000 0.000000 0.000000
    outer loop
      vertex 3.360800 -0.160599 0.879570
      vertex 4.639200 -0.160599 0.879570
      vertex 4.639200 -0.639399 0.879570
    endloop
  endfacet
  facet normal 0.000000 0.000000 0.000000
    outer loop
      vertex 3.360800 -0.160599 0.879570
      vertex 4.639200 -0.639399 0.879570
      vertex 3.360800 -0.639399 0.879570
    endloop
  endfacet
  facet normal 0.000000 0.000000 0.000000
    outer loop
      vertex 3.360800 -0.160599 0.879570
      vertex 3.360800 -0.160599 0.080998
      vertex 4.639200 -0.160599 0.080998
    endloop
  endfacet
  facet normal 0.000000 0.000000 0.000000
    outer loop
      vertex 3.360800 -0.160599 0.879570
      vertex 4.639200 -0.160599 0.080998
      vertex 4.639200 -0.160599 0.879570
    endloop
  endfacet
  facet normal 0.000000 0.000000 0.000000
    outer loop
      vertex 3.360800 -0.639399 0.879570
      vertex 3.360800 -0.639399 0.080998
      vertex 3.360800 -0.160599 0.080998
    endloop
  endfacet
  facet normal 0.000000 0.000000 0.000000
    outer loop
      vertex 3.360800 -0.639399 0.879570
      vertex 3.360800 -0.160599 0.080998
      vertex 3.360800 -0.160599 0.879570
    endloop
  endfacet
  facet normal 0.000000 0.000000 0.000000
    outer loop
      vertex 4.639200 -0.639399 0.879570
      vertex 4.639200 -0.639399 0.080998
      vertex 3.360800 -0.639399 0.080998
    endloop
  endfacet
  facet normal 0.000000 0.000000 0.000000
    outer loop
      vertex 4.639200 -0.639399 0.879570
      vertex 3.360800 -0.639399 0.080998
      vertex 3.360800 -0.639399 0.879570
    endloop
  endfacet
  facet normal 0.000000 0.000000 0.000000
    outer loop
      vertex 4.639200 -0.160599 0.879570
      vertex 4.639200 -0.160599 0.080998
      vertex 4.639200 -0.639399 0.080998
    endloop
  endfacet
  facet normal 0.000000 0.000000 0.000000
    outer loop
      vertex 4.639200 -0.160599 0.879570
      vertex 4.639200 -0.639399 0.080998
      vertex 4.639200 -0.639399 0.879570
    endloop
  endfacet
  facet normal 0.000000 0.000000 0.000000
    outer loop
      vertex 4.799000 -0.798999 0.080998
      vertex 4.799000 -0.000999 0.080998
      vertex 4.799000 -0.000999 1.039284
    endloop
  endfacet
  facet normal 0.000000 0.000000 0.000000
    outer loop
      vertex 4.799000 -0.798999 0.080998
      vertex 4.799000 -0.000999 1.039284
      vertex 4.799000 -0.798999 1.039284
    endloop
  endfacet
  facet normal 0.000000 0.000000 0.000000
    outer loop
      vertex 3.201000 -0.000999 0.080998
      vertex 3.201000 -0.798999 0.080998
      vertex 3.201000 -0.798999 1.039284
    endloop
  endfacet
  facet normal 0.000000 0.000000 0.000000
    outer loop
      vertex 3.201000 -0.000999 0.080998
      vertex 3.201000 -0.798999 1.039284
      vertex 3.201000 -0.000999 1.039284
    endloop
  endfacet
  facet normal 0.000000 0.000000 0.000000
    outer loop
      vertex 4.799000 -0.000999 0.080998
      vertex 3.201000 -0.000999 0.080998
      vertex 3.201000 -0.000999 1.039284
    endloop
  endfacet
  facet normal 0.000000 0.000000 0.000000
    outer loop
      vertex 4.799000 -0.000999 0.080998
      vertex 3.201000 -0.000999 1.039284
      vertex 4.799000 -0.000999 1.039284
    endloop
  endfacet
  facet normal 0.000000 0.000000 0.000000
    outer loop
      vertex 3.201000 -0.000999 1.039284
      vertex 3.201000 -0.798999 1.039284
      vertex 4.799000 -0.798999 1.039284
    endloop
  endfacet
  facet normal 0.000000 0.000000 0.000000
    outer loop
      vertex 3.201000 -0.000999 1.039284
      vertex 4.799000 -0.798999 1.039284
      vertex 4.799000 -0.000999 1.039284
    endloop
  endfacet
  facet normal 0.000000 0.000000 0.000000
    outer loop
      vertex 4.639200 -0.399999 1.198998
      vertex 4.639200 -0.399999 1.039284
      vertex 4.568994 -0.230717 1.039284
    endloop
  endfacet
  facet normal 0.000000 0.000000 0.000000
    outer loop
      vertex 4.639200 -0.399999 1.198998
      vertex 4.568994 -0.230717 1.039284
      vertex 4.568994 -0.230717 1.198998
    endloop
  endfacet
  facet normal 0.000000 0.000000 0.000000
    outer loop
      vertex 4.568994 -0.230717 1.198998
      vertex 4.568994 -0.230717 1.039284
      vertex 4.399500 -0.160599 1.039284
    endloop
  endfacet
  facet normal 0.000000 0.000000 0.000000
    outer loop
      vertex 4.568994 -0.230717 1.198998
      vertex 4.399500 -0.160599 1.039284
      vertex 4.399500 -0.160599 1.198998
    endloop
  endfacet
  facet normal 0.000000 0.000000 0.000000
    outer loop
      vertex 4.399500 -0.160599 1.198998
      vertex 4.399500 -0.160599 1.039284
      vertex 4.230006 -0.230717 1.039284
    endloop
  endfacet
  facet normal 0.000000 0.000000 0.000000
    outer loop
      vertex 4.399500 -0.160599 1.198998
      vertex 4.230006 -0.230717 1.039284
      vertex 4.230006 -0.230717 1.198998
    endloop
  endfacet
  facet normal 0.000000 0.000000 0.000000
    outer loop
      vertex 4.230006 -0.230717 1.198998
      vertex 4.230006 -0.230717 1.039284
      vertex 4.159800 -0.399999 1.039284
    endloop
  endfacet
  facet normal 0.000000 0.000000 0.000000
    outer loop
      vertex 4.230006 -0.230717 1.198998
      vertex 4.159800 -0.399999 1.039284
      vertex 4.159800 -0.399999 1.198998
    endloop
  endfacet
  facet normal 0.000000 0.000000 0.000000
    outer loop
      vertex 4.159800 -0.399999 1.198998
      vertex 4.159800 -0.399999 1.039284
      vertex 4.230006 -0.569280 1.039284
    endloop
  endfacet
  facet normal 0.000000 0.000000 0.000000
    outer loop
      vertex 4.159800 -0.399999 1.198998
      vertex 4.230006 -0.569280 1.039284
      vertex 4.230006 -0.569280 1.198998
    endloop
  endfacet
  facet normal 0.000000 0.000000 0.000000
    outer loop
      vertex 4.230006 -0.569280 1.198998
      vertex 4.230006 -0.569280 1.039284
      vertex 4.399500 -0.639399 1.039284
    endloop
  endfacet
  facet normal 0.000000 0.000000 0.000000
    outer loop
      vertex 4.230006 -0.569280 1.198998
      vertex 4.399500 -0.639399 1.039284
      vertex 4.399500 -0.639399 1.198998
    endloop
  endfacet
  facet normal 0.000000 0.000000 0.000000
    outer loop
      vertex 4.399500 -0.639399 1.198998
      vertex 4.399500 -0.639399 1.039284
      vertex 4.568994 -0.569280 1.039284
    endloop
  endfacet
  facet normal 0.000000 0.000000 0.000000
    outer loop
      vertex 4.399500 -0.639399 1.198998
      vertex 4.568994 -0.569280 1.039284
      vertex 4.568994 -0.569280 1.198998
    endloop
  endfacet
  facet normal 0.000000 0.000000 0.000000
    outer loop
      vertex 4.568994 -0.569280 1.198998
      vertex 4.568994 -0.569280 1.039284
      vertex 4.639200 -0.399999 1.039284
    endloop
  endfacet
  facet normal 0.000000 0.000000 0.000000
    outer loop
      vertex 4.568994 -0.569280 1.198998
      vertex 4.639200 -0.399999 1.039284
      vertex 4.639200 -0.399999 1.198998
    endloop
  endfacet
  facet normal 0.000000 0.000000 0.000000
    outer loop
      vertex 3.840200 -0.399999 1.198998
      vertex 3.840200 -0.399999 1.039284
      vertex 3.769994 -0.230717 1.039284
    endloop
  endfacet
  facet normal 0.000000 0.000000 0.000000
    outer loop
      vertex 3.840200 -0.399999 1.198998
      vertex 3.769994 -0.230717 1.039284
      vertex 3.769994 -0.230717 1.198998
    endloop
  endfacet
  facet normal 0.000000 0.000000 0.000000
    outer loop
      vertex 3.769994 -0.230717 1.198998
      vertex 3.769994 -0.230717 1.039284
      vertex 3.600500 -0.160599 1.039284
    endloop
  endfacet
  facet normal 0.000000 0.000000 0.000000
    outer loop
      vertex 3.769994 -0.230717 1.198998
      vertex 3.600500 -0.160599 1.039284
      vertex 3.600500 -0.160599 1.198998
    endloop
  endfacet
  facet normal 0.000000 0.000000 0.000000
    outer loop
      vertex 3.600500 -0.160599 1.198998
      vertex 3.600500 -0.160599 1.039284
      vertex 3.431006 -0.230717 1.039284
    endloop
  endfacet
  facet normal 0.000000 0.000000 0.000000
    outer loop
      vertex 3.600500 -0.160599 1.198998
      vertex 3.431006 -0.230717 1.039284
      vertex 3.431006 -0.230717 1.198998
    endloop
  endfacet
  facet normal 0.000000 0.000000 0.000000
    outer loop
      vertex 3.431006 -0.230717 1.198998
      vertex 3.431006 -0.230717 1.039284
      vertex 3.360800 -0.399999 1.039284
    endloop
  endfacet
  facet normal 0.000000 0.000000 0.000000
    outer loop
      vertex 3.431006 -0.230717 1.198998
      vertex 3.360800 -0.399999 1.039284
      vertex 3.360800 -0.399999 1.198998
    endloop
  endfacet
  facet normal 0.000000 0.000000 0.000000
    outer loop
      vertex 3.360800 -0.399999 1.198998
      vertex 3.360800 -0.399999 1.039284
      vertex 3.431006 -0.569280 1.039284
    endloop
  endfacet
  facet normal 0.000000 0.000000 0.000000
    outer loop
      vertex 3.360800 -0.399999 1.198998
      vertex 3.431006 -0.569280 1.039284
      vertex 3.431006 -0.569280 1.198998
    endloop
  endfacet
  facet normal 0.000000 0.000000 0.000000
    outer loop
      vertex 3.431006 -0.569280 1.198998
      vertex 3.431006 -0.569280 1.039284
      vertex 3.600500 -0.639399 1.039284
    endloop
  endfacet
  facet normal 0.000000 0.000000 0.000000
    outer loop
      vertex 3.431006 -0.569280 1.198998
      vertex 3.600500 -0.639399 1.039284
      vertex 3.600500 -0.639399 1.198998
    endloop
  endfacet
  facet normal 0.000000 0.000000 0.000000
    outer loop
      vertex 3.600500 -0.639399 1.198998
      vertex 3.600500 -0.639399 1.039284
      vertex 3.769994 -0.569280 1.039284
    endloop
  endfacet
  facet normal 0.000000 0.000000 0.000000
    outer loop
      vertex 3.600500 -0.639399 1.198998
      vertex 3.769994 -0.569280 1.039284
      vertex 3.769994 -0.569280 1.198998
    endloop
  endfacet
  facet normal 0.000000 0.000000 0.000000
    outer loop
      vertex 3.769994 -0.569280 1.198998
      vertex 3.769994 -0.569280 1.039284
      vertex 3.840200 -0.399999 1.039284
    endloop
  endfacet
  facet normal 0.000000 0.000000 0.000000
    outer loop
      vertex 3.769994 -0.569280 1.198998
      vertex 3.840200 -0.399999 1.039284
      vertex 3.840200 -0.399999 1.198998
    endloop
  endfacet
  facet normal 0.000000 0.000000 0.000000
    outer loop
      vertex 4.399500 -0.399999 1.198998
      vertex 4.639200 -0.399999 1.198998
      vertex 4.568994 -0.230717 1.198998
    endloop
  endfacet
  facet normal 0.000000 0.000000 0.000000
    outer loop
      vertex 4.399500 -0.399999 1.198998
      vertex 4.568994 -0.230717 1.198998
      vertex 4.399500 -0.160599 1.198998
    endloop
  endfacet
  facet normal 0.000000 0.000000 0.000000
    outer loop
      vertex 4.399500 -0.399999 1.198998
      vertex 4.399500 -0.160599 1.198998
      vertex 4.230006 -0.230717 1.198998
    endloop
  endfacet
  facet normal 0.000000 0.000000 0.000000
    outer loop
      vertex 4.399500 -0.399999 1.198998
      vertex 4.230006 -0.230717 1.198998
      vertex 4.159800 -0.399999 1.198998
    endloop
  endfacet
  facet normal 0.000000 0.000000 0.000000
    outer loop
      vertex 4.399500 -0.399999 1.198998
      vertex 4.159800 -0.399999 1.198998
      vertex 4.230006 -0.569280 1.198998
    endloop
  endfacet
  facet normal 0.000000 0.000000 0.000000
    outer loop
      vertex 4.399500 -0.399999 1.198998
      vertex 4.230006 -0.569280 1.198998
      vertex 4.399500 -0.639399 1.198998
    endloop
  endfacet
  facet normal 0.000000 0.000000 0.000000
    outer loop
      vertex 4.399500 -0.399999 1.198998
      vertex 4.399500 -0.639399 1.198998
      vertex 4.568994 -0.569280 1.198998
    endloop
  endfacet
  facet normal 0.000000 0.000000 0.000000
    outer loop
      vertex 4.399500 -0.399999 1.198998
      vertex 4.568994 -0.569280 1.198998
      vertex 4.639200 -0.399999 1.198998
    endloop
  endfacet
  facet normal 0.000000 0.000000 0.000000
    outer loop
      vertex 3.600500 -0.399999 1.198998
      vertex 3.840200 -0.399999 1.198998
      vertex 3.769994 -0.230717 1.198998
    endloop
  endfacet
  facet normal 0.000000 0.000000 0.000000
    outer loop
      vertex 3.600500 -0.399999 1.198998
      vertex 3.769994 -0.230717 1.198998
      vertex 3.600500 -0.160599 1.198998
    endloop
  endfacet
  facet normal 0.000000 0.000000 0.000000
    outer loop
      vertex 3.600500 -0.399999 1.198998
      vertex 3.600500 -0.160599 1.198998
      vertex 3.431006 -0.230717 1.198998
    endloop
  endfacet
  facet normal 0.000000 0.000000 0.000000
    outer loop
      vertex 3.600500 -0.399999 1.198998
      vertex 3.431006 -0.230717 1.198998
      vertex 3.360800 -0.399999 1.198998
    endloop
  endfacet
  facet normal 0.000000 0.000000 0.000000
    outer loop
      vertex 3.600500 -0.399999 1.198998
      vertex 3.360800 -0.399999 1.198998
      vertex 3.431006 -0.569280 1.198998
    endloop
  endfacet
  facet normal 0.000000 0.000000 0.000000
    outer loop
      vertex 3.600500 -0.399999 1.198998
      vertex 3.431006 -0.569280 1.198998
      vertex 3.600500 -0.639399 1.198998
    endloop
  endfacet
  facet normal 0.000000 0.000000 0.000000
    outer loop
      vertex 3.600500 -0.399999 1.198998
      vertex 3.600500 -0.639399 1.198998
      vertex 3.769994 -0.569280 1.198998
    endloop
  endfacet
  facet normal 0.000000 0.000000 0.000000
    outer loop
      vertex 3.600500 -0.399999 1.198998
      vertex 3.769994 -0.569280 1.198998
      vertex 3.840200 -0.399999 1.198998
    endloop
  endfacet
  facet normal 0.000000 0.000000 0.000000
    outer loop
      vertex -3.199000 -0.798998 -5.679000
      vertex -2.401000 -0.798998 -5.679000
      vertex -2.401000 -0.798998 -4.720714
    endloop
  endfacet
  facet normal 0.000000 0.000000 0.000000
    outer loop
      vertex -3.199000 -0.798998 -5.679000
      vertex -2.401000 -0.798998 -4.720714
      vertex -3.199000 -0.798998 -4.720714
    endloop
  endfacet
  facet normal 0.000000 0.000000 0.000000
    outer loop
      vertex -2.401000 -0.798998 -5.679000
      vertex -2.560600 -0.639398 -5.679000
      vertex -2.560600 -0.160598 -5.679000
    endloop
  endfacet
  facet normal 0.000000 0.000000 0.000000
    outer loop
      vertex -2.401000 -0.798998 -5.679000
      vertex -2.560600 -0.160598 -5.679000
      vertex -2.401000 -0.000998 -5.679000
    endloop
  endfacet
  facet normal 0.000000 0.000000 0.000000
    outer loop
      vertex -2.401000 -0.000998 -5.679000
      vertex -2.560600 -0.160598 -5.679000
      vertex -3.039400 -0.160598 -5.679000
    endloop
  endfacet
  facet normal 0.000000 0.000000 0.000000
    outer loop
      vertex -2.401000 -0.000998 -5.679000
      vertex -3.039400 -0.160598 -5.679000
      vertex -3.199000 -0.000998 -5.679000
    endloop
  endfacet
  facet normal 0.000000 0.000000 0.000000
    outer loop
      vertex -3.199000 -0.000998 -5.679000
      vertex -3.039400 -0.160598 -5.679000
      vertex -3.039400 -0.639398 -5.679000
    endloop
  endfacet
  facet normal 0.000000 0.000000 0.000000
    outer loop
      vertex -3.199000 -0.000998 -5.679000
      vertex -3.039400 -0.639398 -5.679000
      vertex -3.199000 -0.798998 -5.679000
    endloop
  endfacet
  facet normal 0.000000 0.000000 0.000000
    outer loop
      vertex -3.199000 -0.798998 -5.679000
      vertex -3.039400 -0.639398 -5.679000
      vertex -2.560600 -0.639398 -5.679000
    endloop
  endfacet
  facet normal 0.000000 0.000000 0.000000
    outer loop
      vertex -3.199000 -0.798998 -5.679000
      vertex -2.560600 -0.639398 -5.679000
      vertex -2.401000 -0.798998 -5.679000
    endloop
  endfacet
  facet normal 0.000000 0.000000 0.000000
    outer loop
      vertex -2.560600 -0.160598 -4.880429
      vertex -2.560600 -0.639398 -4.880429
      vertex -3.039400 -0.639398 -4.880429
    endloop
  endfacet
  facet normal 0.000000 0.000000 0.000000
    outer loop
      vertex -2.560600 -0.160598 -4.880429
      vertex -3.039400 -0.639398 -4.880429
      vertex -3.039400 -0.160598 -4.880429
    endloop
  endfacet
  facet normal 0.000000 0.000000 0.000000
    outer loop
      vertex -2.560600 -0.160598 -4.880429
      vertex -2.560600 -0.160598 -5.679000
      vertex -2.560600 -0.639398 -5.679000
    endloop
  endfacet
  facet normal 0.000000 0.000000 0.000000
    outer loop
      vertex -2.560600 -0.160598 -4.880429
      vertex -2.560600 -0.639398 -5.679000
      vertex -2.560600 -0.639398 -4.880429
    endloop
  endfacet
  facet normal 0.000000 0.000000 0.000000
    outer loop
      vertex -3.039400 -0.160598 -4.880429
      vertex -3.039400 -0.160598 -5.679000
      vertex -2.560600 -0.160598 -5.679000
    endloop
  endfacet
  facet normal 0.000000 0.000000 0.000000
    outer loop
      vertex -3.039400 -0.160598 -4.880429
      vertex -2.560600 -0.160598 -5.679000
      vertex -2.560600 -0.160598 -4.880429
    endloop
  endfacet
  facet normal 0.000000 0.000000 0.000000
    outer loop
      vertex -3.039400 -0.639398 -4.880429
      vertex -3.039400 -0.639398 -5.679000
      vertex -3.039400 -0.160598 -5.679000
    endloop
  endfacet
  facet normal 0.000000 0.000000 0.000000
    outer loop
      vertex -3.039400 -0.639398 -4.880429
      vertex -3.039400 -0.160598 -5.679000
      vertex -3.039400 -0.160598 -4.880429
    endloop
  endfacet
  facet normal 0.000000 0.000000 0.000000
    outer loop
      vertex -2.560600 -0.639398 -4.880429
      vertex -2.560600 -0.639398 -5.679000
      vertex -3.039400 -0.639398 -5.679000
    endloop
  endfacet
  facet normal 0.000000 0.000000 0.000000
    outer loop
      vertex -2.560600 -0.639398 -4.880429
      vertex -3.039400 -0.639398 -5.679000
      vertex -3.039400 -0.639398 -4.880429
    endloop
  endfacet
  facet normal 0.000000 0.000000 0.000000
    outer loop
      vertex -2.401000 -0.798998 -5.679000
      vertex -2.401000 -0.000998 -5.679000
      vertex -2.401000 -0.000998 -4.720714
    endloop
  endfacet
  facet normal 0.000000 0.000000 0.000000
    outer loop
      vertex -2.401000 -0.798998 -5.679000
      vertex -2.401000 -0.000998 -4.720714
      vertex -2.401000 -0.798998 -4.720714
    endloop
  endfacet
  facet normal 0.000000 0.000000 0.000000
    outer loop
      vertex -3.199000 -0.000998 -5.679000
      vertex -3.199000 -0.798998 -5.679000
      vertex -3.199000 -0.798998 -4.720714
    endloop
  endfacet
  facet normal 0.000000 0.000000 0.000000
    outer loop
      vertex -3.199000 -0.000998 -5.679000
      vertex -3.199000 -0.798998 -4.720714
      vertex -3.199000 -0.000998 -4.720714
    endloop
  endfacet
  facet normal 0.000000 0.000000 0.000000
    outer loop
      vertex -2.401000 -0.000998 -5.679000
      vertex -3.199000 -0.000998 -5.679000
      vertex -3.199000 -0.000998 -4.720714
    endloop
  endfacet
  facet normal 0.000000 0.000000 0.000000
    outer loop
      vertex -2.401000 -0.000998 -5.679000
      vertex -3.199000 -0.000998 -4.720714
      vertex -2.401000 -0.000998 -4.720714
    endloop
  endfacet
  facet normal 0.000000 0.000000 0.000000
    outer loop
      vertex -3.199000 -0.000998 -4.720714
      vertex -3.199000 -0.798998 -4.720714
      vertex -2.401000 -0.798998 -4.720714
    endloop
  endfacet
  facet normal 0.000000 0.000000 0.000000
    outer loop
      vertex -3.199000 -0.000998 -4.720714
      vertex -2.401000 -0.798998 -4.720714
      vertex -2.401000 -0.000998 -4.720714
    endloop
  endfacet
  facet normal 0.000000 0.000000 0.000000
    outer loop
      vertex -2.800000 -0.639398 -4.561000
      vertex -2.800000 -0.639398 -4.720714
      vertex -2.630719 -0.569279 -4.720714
    endloop
  endfacet
  facet normal 0.000000 0.000000 0.000000
    outer loop
      vertex -2.800000 -0.639398 -4.561000
      vertex -2.630719 -0.569279 -4.720714
      vertex -2.630719 -0.569279 -4.561000
    endloop
  endfacet
  facet normal 0.000000 0.000000 0.000000
    outer loop
      vertex -2.630719 -0.569279 -4.561000
      vertex -2.630719 -0.569279 -4.720714
      vertex -2.560600 -0.399998 -4.720714
    endloop
  endfacet
  facet normal 0.000000 0.000000 0.000000
    outer loop
      vertex -2.630719 -0.569279 -4.561000
      vertex -2.560600 -0.399998 -4.720714
      vertex -2.560600 -0.399998 -4.561000
    endloop
  endfacet
  facet normal 0.000000 0.000000 0.000000
    outer loop
      vertex -2.560600 -0.399998 -4.561000
      vertex -2.560600 -0.399998 -4.720714
      vertex -2.630719 -0.230717 -4.720714
    endloop
  endfacet
  facet normal 0.000000 0.000000 0.000000
    outer loop
      vertex -2.560600 -0.399998 -4.561000
      vertex -2.630719 -0.230717 -4.720714
      vertex -2.630719 -0.230717 -4.561000
    endloop
  endfacet
  facet normal 0.000000 0.000000 0.000000
    outer loop
      vertex -2.630719 -0.230717 -4.561000
      vertex -2.630719 -0.230717 -4.720714
      vertex -2.800000 -0.160598 -4.720714
    endloop
  endfacet
  facet normal 0.000000 0.000000 0.000000
    outer loop
      vertex -2.630719 -0.230717 -4.561000
      vertex -2.800000 -0.160598 -4.720714
      vertex -2.800000 -0.160598 -4.561000
    endloop
  endfacet
  facet normal 0.000000 0.000000 0.000000
    outer loop
      vertex -2.800000 -0.160598 -4.561000
      vertex -2.800000 -0.160598 -4.720714
      vertex -2.969281 -0.230717 -4.720714
    endloop
  endfacet
  facet normal 0.000000 0.000000 0.000000
    outer loop
      vertex -2.800000 -0.160598 -4.561000
      vertex -2.969281 -0.230717 -4.720714
      vertex -2.969281 -0.230717 -4.561000
    endloop
  endfacet
  facet normal 0.000000 0.000000 0.000000
    outer loop
      vertex -2.969281 -0.230717 -4.561000
      vertex -2.969281 -0.230717 -4.720714
      vertex -3.039400 -0.399998 -4.720714
    endloop
  endfacet
  facet normal 0.000000 0.000000 0.000000
    outer loop
      vertex -2.969281 -0.230717 -4.561000
      vertex -3.039400 -0.399998 -4.720714
      vertex -3.039400 -0.399998 -4.561000
    endloop
  endfacet
  facet normal 0.000000 0.000000 0.000000
    outer loop
      vertex -3.039400 -0.399998 -4.561000
      vertex -3.039400 -0.399998 -4.720714
      vertex -2.969281 -0.569279 -4.720714
    endloop
  endfacet
  facet normal 0.000000 0.000000 0.000000
    outer loop
      vertex -3.039400 -0.399998 -4.561000
      vertex -2.969281 -0.569279 -4.720714
      vertex -2.969281 -0.569279 -4.561000
    endloop
  endfacet
  facet normal 0.000000 0.000000 0.000000
    outer loop
      vertex -2.969281 -0.569279 -4.561000
      vertex -2.969281 -0.569279 -4.720714
      vertex -2.800000 -0.639398 -4.720714
    endloop
  endfacet
  facet normal 0.000000 0.000000 0.000000
    outer loop
      vertex -2.969281 -0.569279 -4.561000
      vertex -2.800000 -0.639398 -4.720714
      vertex -2.800000 -0.639398 -4.561000
    endloop
  endfacet
  facet normal 0.000000 0.000000 0.000000
    outer loop
      vertex -2.800000 -0.399998 -4.561000
      vertex -2.800000 -0.639398 -4.561000
      vertex -2.630719 -0.569279 -4.561000
    endloop
  endfacet
  facet normal 0.000000 0.000000 0.000000
    outer loop
      vertex -2.800000 -0.399998 -4.561000
      vertex -2.630719 -0.569279 -4.561000
      vertex -2.560600 -0.399998 -4.561000
    endloop
  endfacet
  facet normal 0.000000 0.000000 0.000000
    outer loop
      vertex -2.800000 -0.399998 -4.561000
      vertex -2.560600 -0.399998 -4.561000
      vertex -2.630719 -0.230717 -4.561000
    endloop
  endfacet
  facet normal 0.000000 0.000000 0.000000
    outer loop
      vertex -2.800000 -0.399998 -4.561000
      vertex -2.630719 -0.230717 -4.561000
      vertex -2.800000 -0.160598 -4.561000
    endloop
  endfacet
  facet normal 0.000000 0.000000 0.000000
    outer loop
      vertex -2.800000 -0.399998 -4.561000
      vertex -2.800000 -0.160598 -4.561000
      vertex -2.969281 -0.230717 -4.561000
    endloop
  endfacet
  facet normal 0.000000 0.000000 0.000000
    outer loop
      vertex -2.800000 -0.399998 -4.561000
      vertex -2.969281 -0.230717 -4.561000
      vertex -3.039400 -0.399998 -4.561000
    endloop
  endfacet
  facet normal 0.000000 0.000000 0.000000
    outer loop
      vertex -2.800000 -0.399998 -4.561000
      vertex -3.039400 -0.399998 -4.561000
      vertex -2.969281 -0.569279 -4.561000
    endloop
  endfacet
  facet normal 0.000000 0.000000 0.000000
    outer loop
      vertex -2.800000 -0.399998 -4.561000
      vertex -2.969281 -0.569279 -4.561000
      vertex -2.800000 -0.639398 -4.561000
    endloop
  endfacet
  facet normal 0.000000 0.000000 0.000000
    outer loop
      vertex 3.201000 -0.799000 1.680998
      vertex 3.999000 -0.799000 1.680998
      vertex 3.999000 -0.799000 2.639284
    endloop
  endfacet
  facet normal 0.000000 0.000000 0.000000
    outer loop
      vertex 3.201000 -0.799000 1.680998
      vertex 3.999000 -0.799000 2.639284
      vertex 3.201000 -0.799000 2.639284
    endloop
  endfacet
  facet normal 0.000000 0.000000 0.000000
    outer loop
      vertex 3.999000 -0.799000 1.680998
      vertex 3.839400 -0.639400 1.680998
      vertex 3.839400 -0.160600 1.680998
    endloop
  endfacet
  facet normal 0.000000 0.000000 0.000000
    outer loop
      vertex 3.999000 -0.799000 1.680998
      vertex 3.839400 -0.160600 1.680998
      vertex 3.999000 -0.001000 1.680998
    endloop
  endfacet
  facet normal 0.000000 0.000000 0.000000
    outer loop
      vertex 3.999000 -0.001000 1.680998
      vertex 3.839400 -0.160600 1.680998
      vertex 3.360600 -0.160600 1.680998
    endloop
  endfacet
  facet normal 0.000000 0.000000 0.000000
    outer loop
      vertex 3.999000 -0.001000 1.680998
      vertex 3.360600 -0.160600 1.680998
      vertex 3.201000 -0.001000 1.680998
    endloop
  endfacet
  facet normal 0.000000 0.000000 0.000000
    outer loop
      vertex 3.201000 -0.001000 1.680998
      vertex 3.360600 -0.160600 1.680998
      vertex 3.360600 -0.639400 1.680998
    endloop
  endfacet
  facet normal 0.000000 0.000000 0.000000
    outer loop
      vertex 3.201000 -0.001000 1.680998
      vertex 3.360600 -0.639400 1.680998
      vertex 3.201000 -0.799000 1.680998
    endloop
  endfacet
  facet normal 0.000000 0.000000 0.000000
    outer loop
      vertex 3.201000 -0.799000 1.680998
      vertex 3.360600 -0.639400 1.680998
      vertex 3.839400 -0.639400 1.680998
    endloop
  endfacet
  facet normal 0.000000 0.000000 0.000000
    outer loop
      vertex 3.201000 -0.799000 1.680998
      vertex 3.839400 -0.639400 1.680998
      vertex 3.999000 -0.799000 1.680998
    endloop
  endfacet
  facet normal 0.000000 0.000000 0.000000
    outer loop
      vertex 3.839400 -0.160600 2.479570
      vertex 3.839400 -0.639400 2.479570
      vertex 3.360600 -0.639400 2.479570
    endloop
  endfacet
  facet normal 0.000000 0.000000 0.000000
    outer loop
      vertex 3.839400 -0.160600 2.479570
      vertex 3.360600 -0.639400 2.479570
      vertex 3.360600 -0.160600 2.479570
    endloop
  endfacet
  facet normal 0.000000 0.000000 0.000000
    outer loop
      vertex 3.839400 -0.160600 2.479570
      vertex 3.839400 -0.160600 1.680998
      vertex 3.839400 -0.639400 1.680998
    endloop
  endfacet
  facet normal 0.000000 0.000000 0.000000
    outer loop
      vertex 3.839400 -0.160600 2.479570
      vertex 3.839400 -0.639400 1.680998
      vertex 3.839400 -0.639400 2.479570
    endloop
  endfacet
  facet normal 0.000000 0.000000 0.000000
    outer loop
      vertex 3.360600 -0.160600 2.479570
      vertex 3.360600 -0.160600 1.680998
      vertex 3.839400 -0.160600 1.680998
    endloop
  endfacet
  facet normal 0.000000 0.000000 0.000000
    outer loop
      vertex 3.360600 -0.160600 2.479570
      vertex 3.839400 -0.160600 1.680998
      vertex 3.839400 -0.160600 2.479570
    endloop
  endfacet
  facet normal 0.000000 0.000000 0.000000
    outer loop
      vertex 3.360600 -0.639400 2.479570
      vertex 3.360600 -0.639400 1.680998
      vertex 3.360600 -0.160600 1.680998
    endloop
  endfacet
  facet normal 0.000000 0.000000 0.000000
    outer loop
      vertex 3.360600 -0.639400 2.479570
      vertex 3.360600 -0.160600 1.680998
      vertex 3.360600 -0.160600 2.479570
    endloop
  endfacet
  facet normal 0.000000 0.000000 0.000000
    outer loop
      vertex 3.839400 -0.639400 2.479570
      vertex 3.839400 -0.639400 1.680998
      vertex 3.360600 -0.639400 1.680998
    endloop
  endfacet
  facet normal 0.000000 0.000000 0.000000
    outer loop
      vertex 3.839400 -0.639400 2.479570
      vertex 3.360600 -0.639400 1.680998
      vertex 3.360600 -0.639400 2.479570
    endloop
  endfacet
  facet normal 0.000000 0.000000 0.000000
    outer loop
      vertex 3.999000 -0.799000 1.680998
      vertex 3.999000 -0.001000 1.680998
      vertex 3.999000 -0.001000 2.639284
    endloop
  endfacet
  facet normal 0.000000 0.000000 0.000000
    outer loop
      vertex 3.999000 -0.799000 1.680998
      vertex 3.999000 -0.001000 2.639284
      vertex 3.999000 -0.799000 2.639284
    endloop
  endfacet
  facet normal 0.000000 0.000000 0.000000
    outer loop
      vertex 3.201000 -0.001000 1.680998
      vertex 3.201000 -0.799000 1.680998
      vertex 3.201000 -0.799000 2.639284
    endloop
  endfacet
  facet normal 0.000000 0.000000 0.000000
    outer loop
      vertex 3.201000 -0.001000 1.680998
      vertex 3.201000 -0.799000 2.639284
      vertex 3.201000 -0.001000 2.639284
    endloop
  endfacet
  facet normal 0.000000 0.000000 0.000000
    outer loop
      vertex 3.999000 -0.001000 1.680998
      vertex 3.201000 -0.001000 1.680998
      vertex 3.201000 -0.001000 2.639284
    endloop
  endfacet
  facet normal 0.000000 0.000000 0.000000
    outer loop
      vertex 3.999000 -0.001000 1.680998
      vertex 3.201000 -0.001000 2.639284
      vertex 3.999000 -0.001000 2.639284
    endloop
  endfacet
  facet normal 0.000000 0.000000 0.000000
    outer loop
      vertex 3.201000 -0.001000 2.639284
      vertex 3.201000 -0.799000 2.639284
      vertex 3.999000 -0.799000 2.639284
    endloop
  endfacet
  facet normal 0.000000 0.000000 0.000000
    outer loop
      vertex 3.201000 -0.001000 2.639284
      vertex 3.999000 -0.799000 2.639284
      vertex 3.999000 -0.001000 2.639284
    endloop
  endfacet
  facet normal 0.000000 0.000000 0.000000
    outer loop
      vertex 3.600000 -0.639400 2.798999
      vertex 3.600000 -0.639400 2.639284
      vertex 3.769281 -0.569281 2.639284
    endloop
  endfacet
  facet normal 0.000000 0.000000 0.000000
    outer loop
      vertex 3.600000 -0.639400 2.798999
      vertex 3.769281 -0.569281 2.639284
      vertex 3.769281 -0.569281 2.798999
    endloop
  endfacet
  facet normal 0.000000 0.000000 0.000000
    outer loop
      vertex 3.769281 -0.569281 2.798999
      vertex 3.769281 -0.569281 2.639284
      vertex 3.839400 -0.400000 2.639284
    endloop
  endfacet
  facet normal 0.000000 0.000000 0.000000
    outer loop
      vertex 3.769281 -0.569281 2.798999
      vertex 3.839400 -0.400000 2.639284
      vertex 3.839400 -0.400000 2.798999
    endloop
  endfacet
  facet normal 0.000000 0.000000 0.000000
    outer loop
      vertex 3.839400 -0.400000 2.798999
      vertex 3.839400 -0.400000 2.639284
      vertex 3.769281 -0.230718 2.639284
    endloop
  endfacet
  facet normal 0.000000 0.000000 0.000000
    outer loop
      vertex 3.839400 -0.400000 2.798999
      vertex 3.769281 -0.230718 2.639284
      vertex 3.769281 -0.230718 2.798999
    endloop
  endfacet
  facet normal 0.000000 0.000000 0.000000
    outer loop
      vertex 3.769281 -0.230718 2.798999
      vertex 3.769281 -0.230718 2.639284
      vertex 3.600000 -0.160600 2.639284
    endloop
  endfacet
  facet normal 0.000000 0.000000 0.000000
    outer loop
      vertex 3.769281 -0.230718 2.798999
      vertex 3.600000 -0.160600 2.639284
      vertex 3.600000 -0.160600 2.798999
    endloop
  endfacet
  facet normal 0.000000 0.000000 0.000000
    outer loop
      vertex 3.600000 -0.160600 2.798999
      vertex 3.600000 -0.160600 2.639284
      vertex 3.430719 -0.230718 2.639284
    endloop
  endfacet
  facet normal 0.000000 0.000000 0.000000
    outer loop
      vertex 3.600000 -0.160600 2.798999
      vertex 3.430719 -0.230718 2.639284
      vertex 3.430719 -0.230718 2.798999
    endloop
  endfacet
  facet normal 0.000000 0.000000 0.000000
    outer loop
      vertex 3.430719 -0.230718 2.798999
      vertex 3.430719 -0.230718 2.639284
      vertex 3.360600 -0.400000 2.639284
    endloop
  endfacet
  facet normal 0.000000 0.000000 0.000000
    outer loop
      vertex 3.430719 -0.230718 2.798999
      vertex 3.360600 -0.400000 2.639284
      vertex 3.360600 -0.400000 2.798999
    endloop
  endfacet
  facet normal 0.000000 0.000000 0.000000
    outer loop
      vertex 3.360600 -0.400000 2.798999
      vertex 3.360600 -0.400000 2.639284
      vertex 3.430719 -0.569281 2.639284
    endloop
  endfacet
  facet normal 0.000000 0.000000 0.000000
    outer loop
      vertex 3.360600 -0.400000 2.798999
      vertex 3.430719 -0.569281 2.639284
      vertex 3.430719 -0.569281 2.798999
    endloop
  endfacet
  facet normal 0.000000 0.000000 0.000000
    outer loop
      vertex 3.430719 -0.569281 2.798999
      vertex 3.430719 -0.569281 2.639284
      vertex 3.600000 -0.639400 2.639284
    endloop
  endfacet
  facet normal 0.000000 0.000000 0.000000
    outer loop
      vertex 3.430719 -0.569281 2.798999
      vertex 3.600000 -0.639400 2.639284
      vertex 3.600000 -0.639400 2.798999
    endloop
  endfacet
  facet normal 0.000000 0.000000 0.000000
    outer loop
      vertex 3.600000 -0.400000 2.798999
      vertex 3.600000 -0.639400 2.798999
      vertex 3.769281 -0.569281 2.798999
    endloop
  endfacet
  facet normal 0.000000 0.000000 0.000000
    outer loop
      vertex 3.600000 -0.400000 2.798999
      vertex 3.769281 -0.569281 2.798999
      vertex 3.839400 -0.400000 2.798999
    endloop
  endfacet
  facet normal 0.000000 0.000000 0.000000
    outer loop
      vertex 3.600000 -0.400000 2.798999
      vertex 3.839400 -0.400000 2.798999
      vertex 3.769281 -0.230718 2.798999
    endloop
  endfacet
  facet normal 0.000000 0.000000 0.000000
    outer loop
      vertex 3.600000 -0.400000 2.798999
      vertex 3.769281 -0.230718 2.798999
      vertex 3.600000 -0.160600 2.798999
    endloop
  endfacet
  facet normal 0.000000 0.000000 0.000000
    outer loop
      vertex 3.600000 -0.400000 2.798999
      vertex 3.600000 -0.160600 2.798999
      vertex 3.430719 -0.230718 2.798999
    endloop
  endfacet
  facet normal 0.000000 0.000000 0.000000
    outer loop
      vertex 3.600000 -0.400000 2.798999
      vertex 3.430719 -0.230718 2.798999
      vertex 3.360600 -0.400000 2.798999
    endloop
  endfacet
  facet normal 0.000000 0.000000 0.000000
    outer loop
      vertex 3.600000 -0.400000 2.798999
      vertex 3.360600 -0.400000 2.798999
      vertex 3.430719 -0.569281 2.798999
    endloop
  endfacet
  facet normal 0.000000 0.000000 0.000000
    outer loop
      vertex 3.600000 -0.400000 2.798999
      vertex 3.430719 -0.569281 2.798999
      vertex 3.600000 -0.639400 2.798999
    endloop
  endfacet
  facet normal 0.000000 0.000000 0.000000
    outer loop
      vertex 4.159534 -0.399999 -3.759002
      vertex 4.112709 -0.512853 -3.759002
      vertex 3.999667 -0.399999 -3.759002
    endloop
  endfacet
  facet normal 0.000000 0.000000 0.000000
    outer loop
      vertex 4.112709 -0.512853 -3.759002
      vertex 3.999667 -0.559599 -3.759002
      vertex 3.999667 -0.399999 -3.759002
    endloop
  endfacet
  facet normal 0.000000 0.000000 0.000000
    outer loop
      vertex 3.999667 -0.559599 -3.759002
      vertex 3.886624 -0.512853 -3.759002
      vertex 3.999667 -0.399999 -3.759002
    endloop
  endfacet
  facet normal 0.000000 0.000000 0.000000
    outer loop
      vertex 3.886624 -0.512853 -3.759002
      vertex 3.839800 -0.399999 -3.759002
      vertex 3.999667 -0.399999 -3.759002
    endloop
  endfacet
  facet normal 0.000000 0.000000 0.000000
    outer loop
      vertex 3.839800 -0.399999 -3.759002
      vertex 3.886624 -0.287145 -3.759002
      vertex 3.999667 -0.399999 -3.759002
    endloop
  endfacet
  facet normal 0.000000 0.000000 0.000000
    outer loop
      vertex 3.886624 -0.287145 -3.759002
      vertex 3.999667 -0.240399 -3.759002
      vertex 3.999667 -0.399999 -3.759002
    endloop
  endfacet
  facet normal 0.000000 0.000000 0.000000
    outer loop
      vertex 3.999667 -0.240399 -3.759002
      vertex 4.112709 -0.287145 -3.759002
      vertex 3.999667 -0.399999 -3.759002
    endloop
  endfacet
  facet normal 0.000000 0.000000 0.000000
    outer loop
      vertex 4.112709 -0.287145 -3.759002
      vertex 4.159534 -0.399999 -3.759002
      vertex 3.999667 -0.399999 -3.759002
    endloop
  endfacet
  facet normal 0.000000 0.000000 0.000000
    outer loop
      vertex 3.360200 -0.399999 -3.759002
      vertex 3.313376 -0.512853 -3.759002
      vertex 3.200333 -0.399999 -3.759002
    endloop
  endfacet
  facet normal 0.000000 0.000000 0.000000
    outer loop
      vertex 3.313376 -0.512853 -3.759002
      vertex 3.200333 -0.559599 -3.759002
      vertex 3.200333 -0.399999 -3.759002
    endloop
  endfacet
  facet normal 0.000000 0.000000 0.000000
    outer loop
      vertex 3.200333 -0.559599 -3.759002
      vertex 3.087291 -0.512853 -3.759002
      vertex 3.200333 -0.399999 -3.759002
    endloop
  endfacet
  facet normal 0.000000 0.000000 0.000000
    outer loop
      vertex 3.087291 -0.512853 -3.759002
      vertex 3.040467 -0.399999 -3.759002
      vertex 3.200333 -0.399999 -3.759002
    endloop
  endfacet
  facet normal 0.000000 0.000000 0.000000
    outer loop
      vertex 3.040467 -0.399999 -3.759002
      vertex 3.087291 -0.287145 -3.759002
      vertex 3.200333 -0.399999 -3.759002
    endloop
  endfacet
  facet normal 0.000000 0.000000 0.000000
    outer loop
      vertex 3.087291 -0.287145 -3.759002
      vertex 3.200333 -0.240399 -3.759002
      vertex 3.200333 -0.399999 -3.759002
    endloop
  endfacet
  facet normal 0.000000 0.000000 0.000000
    outer loop
      vertex 3.200333 -0.240399 -3.759002
      vertex 3.313376 -0.287145 -3.759002
      vertex 3.200333 -0.399999 -3.759002
    endloop
  endfacet
  facet normal 0.000000 0.000000 0.000000
    outer loop
      vertex 3.313376 -0.287145 -3.759002
      vertex 3.360200 -0.399999 -3.759002
      vertex 3.200333 -0.399999 -3.759002
    endloop
  endfacet
  facet normal 0.000000 0.000000 0.000000
    outer loop
      vertex 4.799000 -0.798999 -2.800716
      vertex 2.401000 -0.798999 -2.800716
      vertex 2.401000 -0.798999 -3.759002
    endloop
  endfacet
  facet normal 0.000000 0.000000 0.000000
    outer loop
      vertex 4.799000 -0.798999 -2.800716
      vertex 2.401000 -0.798999 -3.759002
      vertex 4.799000 -0.798999 -3.759002
    endloop
  endfacet
  facet normal 0.000000 0.000000 0.000000
    outer loop
      vertex 4.799000 -0.000999 -3.759002
      vertex 4.639133 -0.160599 -3.759002
      vertex 2.560867 -0.160599 -3.759002
    endloop
  endfacet
  facet normal 0.000000 0.000000 0.000000
    outer loop
      vertex 4.799000 -0.000999 -3.759002
      vertex 2.560867 -0.160599 -3.759002
      vertex 2.401000 -0.000999 -3.759002
    endloop
  endfacet
  facet normal 0.000000 0.000000 0.000000
    outer loop
      vertex 2.401000 -0.000999 -3.759002
      vertex 2.560867 -0.160599 -3.759002
      vertex 2.560867 -0.639399 -3.759002
    endloop
  endfacet
  facet normal 0.000000 0.000000 0.000000
    outer loop
      vertex 2.401000 -0.000999 -3.759002
      vertex 2.560867 -0.639399 -3.759002
      vertex 2.401000 -0.798999 -3.759002
    endloop
  endfacet
  facet normal 0.000000 0.000000 0.000000
    outer loop
      vertex 2.401000 -0.798999 -3.759002
      vertex 2.560867 -0.639399 -3.759002
      vertex 4.639133 -0.639399 -3.759002
    endloop
  endfacet
  facet normal 0.000000 0.000000 0.000000
    outer loop
      vertex 2.401000 -0.798999 -3.759002
      vertex 4.639133 -0.639399 -3.759002
      vertex 4.799000 -0.798999 -3.759002
    endloop
  endfacet
  facet normal 0.000000 0.000000 0.000000
    outer loop
      vertex 4.799000 -0.798999 -3.759002
      vertex 4.639133 -0.639399 -3.759002
      vertex 4.639133 -0.160599 -3.759002
    endloop
  endfacet
  facet normal 0.000000 0.000000 0.000000
    outer loop
      vertex 4.799000 -0.798999 -3.759002
      vertex 4.639133 -0.160599 -3.759002
      vertex 4.799000 -0.000999 -3.759002
    endloop
  endfacet
  facet normal 0.000000 0.000000 0.000000
    outer loop
      vertex 4.159534 -0.399999 -3.759002
      vertex 4.159534 -0.399999 -2.960430
      vertex 4.112709 -0.512853 -2.960430
    endloop
  endfacet
  facet normal 0.000000 0.000000 0.000000
    outer loop
      vertex 4.159534 -0.399999 -3.759002
      vertex 4.112709 -0.512853 -2.960430
      vertex 4.112709 -0.512853 -3.759002
    endloop
  endfacet
  facet normal 0.000000 0.000000 0.000000
    outer loop
      vertex 4.112709 -0.512853 -3.759002
      vertex 4.112709 -0.512853 -2.960430
      vertex 3.999667 -0.559599 -2.960430
    endloop
  endfacet
  facet normal 0.000000 0.000000 0.000000
    outer loop
      vertex 4.112709 -0.512853 -3.759002
      vertex 3.999667 -0.559599 -2.960430
      vertex 3.999667 -0.559599 -3.759002
    endloop
  endfacet
  facet normal 0.000000 0.000000 0.000000
    outer loop
      vertex 3.999667 -0.559599 -3.759002
      vertex 3.999667 -0.559599 -2.960430
      vertex 3.886624 -0.512853 -2.960430
    endloop
  endfacet
  facet normal 0.000000 0.000000 0.000000
    outer loop
      vertex 3.999667 -0.559599 -3.759002
      vertex 3.886624 -0.512853 -2.960430
      vertex 3.886624 -0.512853 -3.759002
    endloop
  endfacet
  facet normal 0.000000 0.000000 0.000000
    outer loop
      vertex 3.886624 -0.512853 -3.759002
      vertex 3.886624 -0.512853 -2.960430
      vertex 3.839800 -0.399999 -2.960430
    endloop
  endfacet
  facet normal 0.000000 0.000000 0.000000
    outer loop
      vertex 3.886624 -0.512853 -3.759002
      vertex 3.839800 -0.399999 -2.960430
      vertex 3.839800 -0.399999 -3.759002
    endloop
  endfacet
  facet normal 0.000000 0.000000 0.000000
    outer loop
      vertex 3.839800 -0.399999 -3.759002
      vertex 3.839800 -0.399999 -2.960430
      vertex 3.886624 -0.287145 -2.960430
    endloop
  endfacet
  facet normal 0.000000 0.000000 0.000000
    outer loop
      vertex 3.839800 -0.399999 -3.759002
      vertex 3.886624 -0.287145 -2.960430
      vertex 3.886624 -0.287145 -3.759002
    endloop
  endfacet
  facet normal 0.000000 0.000000 0.000000
    outer loop
      vertex 3.886624 -0.287145 -3.759002
      vertex 3.886624 -0.287145 -2.960430
      vertex 3.999667 -0.240399 -2.960430
    endloop
  endfacet
  facet normal 0.000000 0.000000 0.000000
    outer loop
      vertex 3.886624 -0.287145 -3.759002
      vertex 3.999667 -0.240399 -2.960430
      vertex 3.999667 -0.240399 -3.759002
    endloop
  endfacet
  facet normal 0.000000 0.000000 0.000000
    outer loop
      vertex 3.999667 -0.240399 -3.759002
      vertex 3.999667 -0.240399 -2.960430
      vertex 4.112709 -0.287145 -2.960430
    endloop
  endfacet
  facet normal 0.000000 0.000000 0.000000
    outer loop
      vertex 3.999667 -0.240399 -3.759002
      vertex 4.112709 -0.287145 -2.960430
      vertex 4.112709 -0.287145 -3.759002
    endloop
  endfacet
  facet normal 0.000000 0.000000 0.000000
    outer loop
      vertex 4.112709 -0.287145 -3.759002
      vertex 4.112709 -0.287145 -2.960430
      vertex 4.159534 -0.399999 -2.960430
    endloop
  endfacet
  facet normal 0.000000 0.000000 0.000000
    outer loop
      vertex 4.112709 -0.287145 -3.759002
      vertex 4.159534 -0.399999 -2.960430
      vertex 4.159534 -0.399999 -3.759002
    endloop
  endfacet
  facet normal 0.000000 0.000000 0.000000
    outer loop
      vertex 3.360200 -0.399999 -3.759002
      vertex 3.360200 -0.399999 -2.960430
      vertex 3.313376 -0.512853 -2.960430
    endloop
  endfacet
  facet normal 0.000000 0.000000 0.000000
    outer loop
      vertex 3.360200 -0.399999 -3.759002
      vertex 3.313376 -0.512853 -2.960430
      vertex 3.313376 -0.512853 -3.759002
    endloop
  endfacet
  facet normal 0.000000 0.000000 0.000000
    outer loop
      vertex 3.313376 -0.512853 -3.759002
      vertex 3.313376 -0.512853 -2.960430
      vertex 3.200333 -0.559599 -2.960430
    endloop
  endfacet
  facet normal 0.000000 0.000000 0.000000
    outer loop
      vertex 3.313376 -0.512853 -3.759002
      vertex 3.200333 -0.559599 -2.960430
      vertex 3.200333 -0.559599 -3.759002
    endloop
  endfacet
  facet normal 0.000000 0.000000 0.000000
    outer loop
      vertex 3.200333 -0.559599 -3.759002
      vertex 3.200333 -0.559599 -2.960430
      vertex 3.087291 -0.512853 -2.960430
    endloop
  endfacet
  facet normal 0.000000 0.000000 0.000000
    outer loop
      vertex 3.200333 -0.559599 -3.759002
      vertex 3.087291 -0.512853 -2.960430
      vertex 3.087291 -0.512853 -3.759002
    endloop
  endfacet
  facet normal 0.000000 0.000000 0.000000
    outer loop
      vertex 3.087291 -0.512853 -3.759002
      vertex 3.087291 -0.512853 -2.960430
      vertex 3.040467 -0.399999 -2.960430
    endloop
  endfacet
  facet normal 0.000000 0.000000 0.000000
    outer loop
      vertex 3.087291 -0.512853 -3.759002
      vertex 3.040467 -0.399999 -2.960430
      vertex 3.040467 -0.399999 -3.759002
    endloop
  endfacet
  facet normal 0.000000 0.000000 0.000000
    outer loop
      vertex 3.040467 -0.399999 -3.759002
      vertex 3.040467 -0.399999 -2.960430
      vertex 3.087291 -0.287145 -2.960430
    endloop
  endfacet
  facet normal 0.000000 0.000000 0.000000
    outer loop
      vertex 3.040467 -0.399999 -3.759002
      vertex 3.087291 -0.287145 -2.960430
      vertex 3.087291 -0.287145 -3.759002
    endloop
  endfacet
  facet normal 0.000000 0.000000 0.000000
    outer loop
      vertex 3.087291 -0.287145 -3.759002
      vertex 3.087291 -0.287145 -2.960430
      vertex 3.200333 -0.240399 -2.960430
    endloop
  endfacet
  facet normal 0.000000 0.000000 0.000000
    outer loop
      vertex 3.087291 -0.287145 -3.759002
      vertex 3.200333 -0.240399 -2.960430
      vertex 3.200333 -0.240399 -3.759002
    endloop
  endfacet
  facet normal 0.000000 0.000000 0.000000
    outer loop
      vertex 3.200333 -0.240399 -3.759002
      vertex 3.200333 -0.240399 -2.960430
      vertex 3.313376 -0.287145 -2.960430
    endloop
  endfacet
  facet normal 0.000000 0.000000 0.000000
    outer loop
      vertex 3.200333 -0.240399 -3.759002
      vertex 3.313376 -0.287145 -2.960430
      vertex 3.313376 -0.287145 -3.759002
    endloop
  endfacet
  facet normal 0.000000 0.000000 0.000000
    outer loop
      vertex 3.313376 -0.287145 -3.759002
      vertex 3.313376 -0.287145 -2.960430
      vertex 3.360200 -0.399999 -2.960430
    endloop
  endfacet
  facet normal 0.000000 0.000000 0.000000
    outer loop
      vertex 3.313376 -0.287145 -3.759002
      vertex 3.360200 -0.399999 -2.960430
      vertex 3.360200 -0.399999 -3.759002
    endloop
  endfacet
  facet normal 0.000000 0.000000 0.000000
    outer loop
      vertex 2.560867 -0.160599 -2.960430
      vertex 4.639133 -0.160599 -2.960430
      vertex 4.639133 -0.639399 -2.960430
    endloop
  endfacet
  facet normal 0.000000 0.000000 0.000000
    outer loop
      vertex 2.560867 -0.160599 -2.960430
      vertex 4.639133 -0.639399 -2.960430
      vertex 2.560867 -0.639399 -2.960430
    endloop
  endfacet
  facet normal 0.000000 0.000000 0.000000
    outer loop
      vertex 2.560867 -0.160599 -2.960430
      vertex 2.560867 -0.160599 -3.759002
      vertex 4.639133 -0.160599 -3.759002
    endloop
  endfacet
  facet normal 0.000000 0.000000 0.000000
    outer loop
      vertex 2.560867 -0.160599 -2.960430
      vertex 4.639133 -0.160599 -3.759002
      vertex 4.639133 -0.160599 -2.960430
    endloop
  endfacet
  facet normal 0.000000 0.000000 0.000000
    outer loop
      vertex 2.560867 -0.639399 -2.960430
      vertex 2.560867 -0.639399 -3.759002
      vertex 2.560867 -0.160599 -3.759002
    endloop
  endfacet
  facet normal 0.000000 0.000000 0.000000
    outer loop
      vertex 2.560867 -0.639399 -2.960430
      vertex 2.560867 -0.160599 -3.759002
      vertex 2.560867 -0.160599 -2.960430
    endloop
  endfacet
  facet normal 0.000000 0.000000 0.000000
    outer loop
      vertex 4.639133 -0.639399 -2.960430
      vertex 4.639133 -0.639399 -3.759002
      vertex 2.560867 -0.639399 -3.759002
    endloop
  endfacet
  facet normal 0.000000 0.000000 0.000000
    outer loop
      vertex 4.639133 -0.639399 -2.960430
      vertex 2.560867 -0.639399 -3.759002
      vertex 2.560867 -0.639399 -2.960430
    endloop
  endfacet
  facet normal 0.000000 0.000000 0.000000
    outer loop
      vertex 4.639133 -0.160599 -2.960430
      vertex 4.639133 -0.160599 -3.759002
      vertex 4.639133 -0.639399 -3.759002
    endloop
  endfacet
  facet normal 0.000000 0.000000 0.000000
    outer loop
      vertex 4.639133 -0.160599 -2.960430
      vertex 4.639133 -0.639399 -3.759002
      vertex 4.639133 -0.639399 -2.960430
    endloop
  endfacet
  facet normal 0.000000 0.000000 0.000000
    outer loop
      vertex 4.799000 -0.798999 -3.759002
      vertex 4.799000 -0.000999 -3.759002
      vertex 4.799000 -0.000999 -2.800716
    endloop
  endfacet
  facet normal 0.000000 0.000000 0.000000
    outer loop
      vertex 4.799000 -0.798999 -3.759002
      vertex 4.799000 -0.000999 -2.800716
      vertex 4.799000 -0.798999 -2.800716
    endloop
  endfacet
  facet normal 0.000000 0.000000 0.000000
    outer loop
      vertex 2.401000 -0.000999 -3.759002
      vertex 2.401000 -0.798999 -3.759002
      vertex 2.401000 -0.798999 -2.800716
    endloop
  endfacet
  facet normal 0.000000 0.000000 0.000000
    outer loop
      vertex 2.401000 -0.000999 -3.759002
      vertex 2.401000 -0.798999 -2.800716
      vertex 2.401000 -0.000999 -2.800716
    endloop
  endfacet
  facet normal 0.000000 0.000000 0.000000
    outer loop
      vertex 4.799000 -0.000999 -3.759002
      vertex 2.401000 -0.000999 -3.759002
      vertex 2.401000 -0.000999 -2.800716
    endloop
  endfacet
  facet normal 0.000000 0.000000 0.000000
    outer loop
      vertex 4.799000 -0.000999 -3.759002
      vertex 2.401000 -0.000999 -2.800716
      vertex 4.799000 -0.000999 -2.800716
    endloop
  endfacet
  facet normal 0.000000 0.000000 0.000000
    outer loop
      vertex 2.401000 -0.000999 -2.800716
      vertex 2.401000 -0.798999 -2.800716
      vertex 4.799000 -0.798999 -2.800716
    endloop
  endfacet
  facet normal 0.000000 0.000000 0.000000
    outer loop
      vertex 2.401000 -0.000999 -2.800716
      vertex 4.799000 -0.798999 -2.800716
      vertex 4.799000 -0.000999 -2.800716
    endloop
  endfacet
  facet normal 0.000000 0.000000 0.000000
    outer loop
      vertex 4.639133 -0.399999 -2.641001
      vertex 4.639133 -0.399999 -2.800716
      vertex 4.568898 -0.230717 -2.800716
    endloop
  endfacet
  facet normal 0.000000 0.000000 0.000000
    outer loop
      vertex 4.639133 -0.399999 -2.641001
      vertex 4.568898 -0.230717 -2.800716
      vertex 4.568898 -0.230717 -2.641001
    endloop
  endfacet
  facet normal 0.000000 0.000000 0.000000
    outer loop
      vertex 4.568898 -0.230717 -2.641001
      vertex 4.568898 -0.230717 -2.800716
      vertex 4.399333 -0.160599 -2.800716
    endloop
  endfacet
  facet normal 0.000000 0.000000 0.000000
    outer loop
      vertex 4.568898 -0.230717 -2.641001
      vertex 4.399333 -0.160599 -2.800716
      vertex 4.399333 -0.160599 -2.641001
    endloop
  endfacet
  facet normal 0.000000 0.000000 0.000000
    outer loop
      vertex 4.399333 -0.160599 -2.641001
      vertex 4.399333 -0.160599 -2.800716
      vertex 4.229769 -0.230717 -2.800716
    endloop
  endfacet
  facet normal 0.000000 0.000000 0.000000
    outer loop
      vertex 4.399333 -0.160599 -2.641001
      vertex 4.229769 -0.230717 -2.800716
      vertex 4.229769 -0.230717 -2.641001
    endloop
  endfacet
  facet normal 0.000000 0.000000 0.000000
    outer loop
      vertex 4.229769 -0.230717 -2.641001
      vertex 4.229769 -0.230717 -2.800716
      vertex 4.159534 -0.399999 -2.800716
    endloop
  endfacet
  facet normal 0.000000 0.000000 0.000000
    outer loop
      vertex 4.229769 -0.230717 -2.641001
      vertex 4.159534 -0.399999 -2.800716
      vertex 4.159534 -0.399999 -2.641001
    endloop
  endfacet
  facet normal 0.000000 0.000000 0.000000
    outer loop
      vertex 4.159534 -0.399999 -2.641001
      vertex 4.159534 -0.399999 -2.800716
      vertex 4.229769 -0.569280 -2.800716
    endloop
  endfacet
  facet normal 0.000000 0.000000 0.000000
    outer loop
      vertex 4.159534 -0.399999 -2.641001
      vertex 4.229769 -0.569280 -2.800716
      vertex 4.229769 -0.569280 -2.641001
    endloop
  endfacet
  facet normal 0.000000 0.000000 0.000000
    outer loop
      vertex 4.229769 -0.569280 -2.641001
      vertex 4.229769 -0.569280 -2.800716
      vertex 4.399333 -0.639399 -2.800716
    endloop
  endfacet
  facet normal 0.000000 0.000000 0.000000
    outer loop
      vertex 4.229769 -0.569280 -2.641001
      vertex 4.399333 -0.639399 -2.800716
      vertex 4.399333 -0.639399 -2.641001
    endloop
  endfacet
  facet normal 0.000000 0.000000 0.000000
    outer loop
      vertex 4.399333 -0.639399 -2.641001
      vertex 4.399333 -0.639399 -2.800716
      vertex 4.568898 -0.569280 -2.800716
    endloop
  endfacet
  facet normal 0.000000 0.000000 0.000000
    outer loop
      vertex 4.399333 -0.639399 -2.641001
      vertex 4.568898 -0.569280 -2.800716
      vertex 4.568898 -0.569280 -2.641001
    endloop
  endfacet
  facet normal 0.000000 0.000000 0.000000
    outer loop
      vertex 4.568898 -0.569280 -2.641001
      vertex 4.568898 -0.569280 -2.800716
      vertex 4.639133 -0.399999 -2.800716
    endloop
  endfacet
  facet normal 0.000000 0.000000 0.000000
    outer loop
      vertex 4.568898 -0.569280 -2.641001
      vertex 4.639133 -0.399999 -2.800716
      vertex 4.639133 -0.399999 -2.641001
    endloop
  endfacet
  facet normal 0.000000 0.000000 0.000000
    outer loop
      vertex 3.839800 -0.399999 -2.641001
      vertex 3.839800 -0.399999 -2.800716
      vertex 3.769564 -0.230717 -2.800716
    endloop
  endfacet
  facet normal 0.000000 0.000000 0.000000
    outer loop
      vertex 3.839800 -0.399999 -2.641001
      vertex 3.769564 -0.230717 -2.800716
      vertex 3.769564 -0.230717 -2.641001
    endloop
  endfacet
  facet normal 0.000000 0.000000 0.000000
    outer loop
      vertex 3.769564 -0.230717 -2.641001
      vertex 3.769564 -0.230717 -2.800716
      vertex 3.600000 -0.160599 -2.800716
    endloop
  endfacet
  facet normal 0.000000 0.000000 0.000000
    outer loop
      vertex 3.769564 -0.230717 -2.641001
      vertex 3.600000 -0.160599 -2.800716
      vertex 3.600000 -0.160599 -2.641001
    endloop
  endfacet
  facet normal 0.000000 0.000000 0.000000
    outer loop
      vertex 3.600000 -0.160599 -2.641001
      vertex 3.600000 -0.160599 -2.800716
      vertex 3.430436 -0.230717 -2.800716
    endloop
  endfacet
  facet normal 0.000000 0.000000 0.000000
    outer loop
      vertex 3.600000 -0.160599 -2.641001
      vertex 3.430436 -0.230717 -2.800716
      vertex 3.430436 -0.230717 -2.641001
    endloop
  endfacet
  facet normal 0.000000 0.000000 0.000000
    outer loop
      vertex 3.430436 -0.230717 -2.641001
      vertex 3.430436 -0.230717 -2.800716
      vertex 3.360200 -0.399999 -2.800716
    endloop
  endfacet
  facet normal 0.000000 0.000000 0.000000
    outer loop
      vertex 3.430436 -0.230717 -2.641001
      vertex 3.360200 -0.399999 -2.800716
      vertex 3.360200 -0.399999 -2.641001
    endloop
  endfacet
  facet normal 0.000000 0.000000 0.000000
    outer loop
      vertex 3.360200 -0.399999 -2.641001
      vertex 3.360200 -0.399999 -2.800716
      vertex 3.430436 -0.569280 -2.800716
    endloop
  endfacet
  facet normal 0.000000 0.000000 0.000000
    outer loop
      vertex 3.360200 -0.399999 -2.641001
      vertex 3.430436 -0.569280 -2.800716
      vertex 3.430436 -0.569280 -2.641001
    endloop
  endfacet
  facet normal 0.000000 0.000000 0.000000
    outer loop
      vertex 3.430436 -0.569280 -2.641001
      vertex 3.430436 -0.569280 -2.800716
      vertex 3.600000 -0.639399 -2.800716
    endloop
  endfacet
  facet normal 0.000000 0.000000 0.000000
    outer loop
      vertex 3.430436 -0.569280 -2.641001
      vertex 3.600000 -0.639399 -2.800716
      vertex 3.600000 -0.639399 -2.641001
    endloop
  endfacet
  facet normal 0.000000 0.000000 0.000000
    outer loop
      vertex 3.600000 -0.639399 -2.641001
      vertex 3.600000 -0.639399 -2.800716
      vertex 3.769564 -0.569280 -2.800716
    endloop
  endfacet
  facet normal 0.000000 0.000000 0.000000
    outer loop
      vertex 3.600000 -0.639399 -2.641001
      vertex 3.769564 -0.569280 -2.800716
      vertex 3.769564 -0.569280 -2.641001
    endloop
  endfacet
  facet normal 0.000000 0.000000 0.000000
    outer loop
      vertex 3.769564 -0.569280 -2.641001
      vertex 3.769564 -0.569280 -2.800716
      vertex 3.839800 -0.399999 -2.800716
    endloop
  endfacet
  facet normal 0.000000 0.000000 0.000000
    outer loop
      vertex 3.769564 -0.569280 -2.641001
      vertex 3.839800 -0.399999 -2.800716
      vertex 3.839800 -0.399999 -2.641001
    endloop
  endfacet
  facet normal 0.000000 0.000000 0.000000
    outer loop
      vertex 3.040467 -0.399999 -2.641001
      vertex 3.040467 -0.399999 -2.800716
      vertex 2.970231 -0.230717 -2.800716
    endloop
  endfacet
  facet normal 0.000000 0.000000 0.000000
    outer loop
      vertex 3.040467 -0.399999 -2.641001
      vertex 2.970231 -0.230717 -2.800716
      vertex 2.970231 -0.230717 -2.641001
    endloop
  endfacet
  facet normal 0.000000 0.000000 0.000000
    outer loop
      vertex 2.970231 -0.230717 -2.641001
      vertex 2.970231 -0.230717 -2.800716
      vertex 2.800666 -0.160599 -2.800716
    endloop
  endfacet
  facet normal 0.000000 0.000000 0.000000
    outer loop
      vertex 2.970231 -0.230717 -2.641001
      vertex 2.800666 -0.160599 -2.800716
      vertex 2.800666 -0.160599 -2.641001
    endloop
  endfacet
  facet normal 0.000000 0.000000 0.000000
    outer loop
      vertex 2.800666 -0.160599 -2.641001
      vertex 2.800666 -0.160599 -2.800716
      vertex 2.631102 -0.230717 -2.800716
    endloop
  endfacet
  facet normal 0.000000 0.000000 0.000000
    outer loop
      vertex 2.800666 -0.160599 -2.641001
      vertex 2.631102 -0.230717 -2.800716
      vertex 2.631102 -0.230717 -2.641001
    endloop
  endfacet
  facet normal 0.000000 0.000000 0.000000
    outer loop
      vertex 2.631102 -0.230717 -2.641001
      vertex 2.631102 -0.230717 -2.800716
      vertex 2.560867 -0.399999 -2.800716
    endloop
  endfacet
  facet normal 0.000000 0.000000 0.000000
    outer loop
      vertex 2.631102 -0.230717 -2.641001
      vertex 2.560867 -0.399999 -2.800716
      vertex 2.560867 -0.399999 -2.641001
    endloop
  endfacet
  facet normal 0.000000 0.000000 0.000000
    outer loop
      vertex 2.560867 -0.399999 -2.641001
      vertex 2.560867 -0.399999 -2.800716
      vertex 2.631103 -0.569280 -2.800716
    endloop
  endfacet
  facet normal 0.000000 0.000000 0.000000
    outer loop
      vertex 2.560867 -0.399999 -2.641001
      vertex 2.631103 -0.569280 -2.800716
      vertex 2.631103 -0.569280 -2.641001
    endloop
  endfacet
  facet normal 0.000000 0.000000 0.000000
    outer loop
      vertex 2.631103 -0.569280 -2.641001
      vertex 2.631103 -0.569280 -2.800716
      vertex 2.800666 -0.639399 -2.800716
    endloop
  endfacet
  facet normal 0.000000 0.000000 0.000000
    outer loop
      vertex 2.631103 -0.569280 -2.641001
      vertex 2.800666 -0.639399 -2.800716
      vertex 2.800666 -0.639399 -2.641001
    endloop
  endfacet
  facet normal 0.000000 0.000000 0.000000
    outer loop
      vertex 2.800666 -0.639399 -2.641001
      vertex 2.800666 -0.639399 -2.800716
      vertex 2.970231 -0.569280 -2.800716
    endloop
  endfacet
  facet normal 0.000000 0.000000 0.000000
    outer loop
      vertex 2.800666 -0.639399 -2.641001
      vertex 2.970231 -0.569280 -2.800716
      vertex 2.970231 -0.569280 -2.641001
    endloop
  endfacet
  facet normal 0.000000 0.000000 0.000000
    outer loop
      vertex 2.970231 -0.569280 -2.641001
      vertex 2.970231 -0.569280 -2.800716
      vertex 3.040467 -0.399999 -2.800716
    endloop
  endfacet
  facet normal 0.000000 0.000000 0.000000
    outer loop
      vertex 2.970231 -0.569280 -2.641001
      vertex 3.040467 -0.399999 -2.800716
      vertex 3.040467 -0.399999 -2.641001
    endloop
  endfacet
  facet normal 0.000000 0.000000 0.000000
    outer loop
      vertex 4.399333 -0.399999 -2.641001
      vertex 4.639133 -0.399999 -2.641001
      vertex 4.568898 -0.230717 -2.641001
    endloop
  endfacet
  facet normal 0.000000 0.000000 0.000000
    outer loop
      vertex 4.399333 -0.399999 -2.641001
      vertex 4.568898 -0.230717 -2.641001
      vertex 4.399333 -0.160599 -2.641001
    endloop
  endfacet
  facet normal 0.000000 0.000000 0.000000
    outer loop
      vertex 4.399333 -0.399999 -2.641001
      vertex 4.399333 -0.160599 -2.641001
      vertex 4.229769 -0.230717 -2.641001
    endloop
  endfacet
  facet normal 0.000000 0.000000 0.000000
    outer loop
      vertex 4.399333 -0.399999 -2.641001
      vertex 4.229769 -0.230717 -2.641001
      vertex 4.159534 -0.399999 -2.641001
    endloop
  endfacet
  facet normal 0.000000 0.000000 0.000000
    outer loop
      vertex 4.399333 -0.399999 -2.641001
      vertex 4.159534 -0.399999 -2.641001
      vertex 4.229769 -0.569280 -2.641001
    endloop
  endfacet
  facet normal 0.000000 0.000000 0.000000
    outer loop
      vertex 4.399333 -0.399999 -2.641001
      vertex 4.229769 -0.569280 -2.641001
      vertex 4.399333 -0.639399 -2.641001
    endloop
  endfacet
  facet normal 0.000000 0.000000 0.000000
    outer loop
      vertex 4.399333 -0.399999 -2.641001
      vertex 4.399333 -0.639399 -2.641001
      vertex 4.568898 -0.569280 -2.641001
    endloop
  endfacet
  facet normal 0.000000 0.000000 0.000000
    outer loop
      vertex 4.399333 -0.399999 -2.641001
      vertex 4.568898 -0.569280 -2.641001
      vertex 4.639133 -0.399999 -2.641001
    endloop
  endfacet
  facet normal 0.000000 0.000000 0.000000
    outer loop
      vertex 3.600000 -0.399999 -2.641001
      vertex 3.839800 -0.399999 -2.641001
      vertex 3.769564 -0.230717 -2.641001
    endloop
  endfacet
  facet normal 0.000000 0.000000 0.000000
    outer loop
      vertex 3.600000 -0.399999 -2.641001
      vertex 3.769564 -0.230717 -2.641001
      vertex 3.600000 -0.160599 -2.641001
    endloop
  endfacet
  facet normal 0.000000 0.000000 0.000000
    outer loop
      vertex 3.600000 -0.399999 -2.641001
      vertex 3.600000 -0.160599 -2.641001
      vertex 3.430436 -0.230717 -2.641001
    endloop
  endfacet
  facet normal 0.000000 0.000000 0.000000
    outer loop
      vertex 3.600000 -0.399999 -2.641001
      vertex 3.430436 -0.230717 -2.641001
      vertex 3.360200 -0.399999 -2.641001
    endloop
  endfacet
  facet normal 0.000000 0.000000 0.000000
    outer loop
      vertex 3.600000 -0.399999 -2.641001
      vertex 3.360200 -0.399999 -2.641001
      vertex 3.430436 -0.569280 -2.641001
    endloop
  endfacet
  facet normal 0.000000 0.000000 0.000000
    outer loop
      vertex 3.600000 -0.399999 -2.641001
      vertex 3.430436 -0.569280 -2.641001
      vertex 3.600000 -0.639399 -2.641001
    endloop
  endfacet
  facet normal 0.000000 0.000000 0.000000
    outer loop
      vertex 3.600000 -0.399999 -2.641001
      vertex 3.600000 -0.639399 -2.641001
      vertex 3.769564 -0.569280 -2.641001
    endloop
  endfacet
  facet normal 0.000000 0.000000 0.000000
    outer loop
      vertex 3.600000 -0.399999 -2.641001
      vertex 3.769564 -0.569280 -2.641001
      vertex 3.839800 -0.399999 -2.641001
    endloop
  endfacet
  facet normal 0.000000 0.000000 0.000000
    outer loop
      vertex 2.800666 -0.399999 -2.641001
      vertex 3.040467 -0.399999 -2.641001
      vertex 2.970231 -0.230717 -2.641001
    endloop
  endfacet
  facet normal 0.000000 0.000000 0.000000
    outer loop
      vertex 2.800666 -0.399999 -2.641001
      vertex 2.970231 -0.230717 -2.641001
      vertex 2.800666 -0.160599 -2.641001
    endloop
  endfacet
  facet normal 0.000000 0.000000 0.000000
    outer loop
      vertex 2.800666 -0.399999 -2.641001
      vertex 2.800666 -0.160599 -2.641001
      vertex 2.631102 -0.230717 -2.641001
    endloop
  endfacet
  facet normal 0.000000 0.000000 0.000000
    outer loop
      vertex 2.800666 -0.399999 -2.641001
      vertex 2.631102 -0.230717 -2.641001
      vertex 2.560867 -0.399999 -2.641001
    endloop
  endfacet
  facet normal 0.000000 0.000000 0.000000
    outer loop
      vertex 2.800666 -0.399999 -2.641001
      vertex 2.560867 -0.399999 -2.641001
      vertex 2.631103 -0.569280 -2.641001
    endloop
  endfacet
  facet normal 0.000000 0.000000 0.000000
    outer loop
      vertex 2.800666 -0.399999 -2.641001
      vertex 2.631103 -0.569280 -2.641001
      vertex 2.800666 -0.639399 -2.641001
    endloop
  endfacet
  facet normal 0.000000 0.000000 0.000000
    outer loop
      vertex 2.800666 -0.399999 -2.641001
      vertex 2.800666 -0.639399 -2.641001
      vertex 2.970231 -0.569280 -2.641001
    endloop
  endfacet
  facet normal 0.000000 0.000000 0.000000
    outer loop
      vertex 2.800666 -0.399999 -2.641001
      vertex 2.970231 -0.569280 -2.641001
      vertex 3.040467 -0.399999 -2.641001
    endloop
  endfacet
  facet normal 0.000000 0.000000 0.000000
    outer loop
      vertex 4.159800 -0.399999 1.360999
      vertex 4.112996 -0.512853 1.360999
      vertex 4.000000 -0.399999 1.360999
    endloop
  endfacet
  facet normal 0.000000 0.000000 0.000000
    outer loop
      vertex 4.112996 -0.512853 1.360999
      vertex 4.000000 -0.559599 1.360999
      vertex 4.000000 -0.399999 1.360999
    endloop
  endfacet
  facet normal 0.000000 0.000000 0.000000
    outer loop
      vertex 4.000000 -0.559599 1.360999
      vertex 3.887004 -0.512853 1.360999
      vertex 4.000000 -0.399999 1.360999
    endloop
  endfacet
  facet normal 0.000000 0.000000 0.000000
    outer loop
      vertex 3.887004 -0.512853 1.360999
      vertex 3.840200 -0.399999 1.360999
      vertex 4.000000 -0.399999 1.360999
    endloop
  endfacet
  facet normal 0.000000 0.000000 0.000000
    outer loop
      vertex 3.840200 -0.399999 1.360999
      vertex 3.887004 -0.287145 1.360999
      vertex 4.000000 -0.399999 1.360999
    endloop
  endfacet
  facet normal 0.000000 0.000000 0.000000
    outer loop
      vertex 3.887004 -0.287145 1.360999
      vertex 4.000000 -0.240399 1.360999
      vertex 4.000000 -0.399999 1.360999
    endloop
  endfacet
  facet normal 0.000000 0.000000 0.000000
    outer loop
      vertex 4.000000 -0.240399 1.360999
      vertex 4.112996 -0.287145 1.360999
      vertex 4.000000 -0.399999 1.360999
    endloop
  endfacet
  facet normal 0.000000 0.000000 0.000000
    outer loop
      vertex 4.112996 -0.287145 1.360999
      vertex 4.159800 -0.399999 1.360999
      vertex 4.000000 -0.399999 1.360999
    endloop
  endfacet
  facet normal 0.000000 0.000000 0.000000
    outer loop
      vertex 3.201000 -0.798999 1.679665
      vertex 3.201000 -0.798999 1.360999
      vertex 4.799000 -0.798999 1.360999
    endloop
  endfacet
  facet normal 0.000000 0.000000 0.000000
    outer loop
      vertex 3.201000 -0.798999 1.679665
      vertex 4.799000 -0.798999 1.360999
      vertex 4.799000 -0.798999 1.679665
    endloop
  endfacet
  facet normal 0.000000 0.000000 0.000000
    outer loop
      vertex 4.799000 -0.000999 1.360999
      vertex 4.639200 -0.160599 1.360999
      vertex 3.360800 -0.160599 1.360999
    endloop
  endfacet
  facet normal 0.000000 0.000000 0.000000
    outer loop
      vertex 4.799000 -0.000999 1.360999
      vertex 3.360800 -0.160599 1.360999
      vertex 3.201000 -0.000999 1.360999
    endloop
  endfacet
  facet normal 0.000000 0.000000 0.000000
    outer loop
      vertex 3.201000 -0.000999 1.360999
      vertex 3.360800 -0.160599 1.360999
      vertex 3.360800 -0.639399 1.360999
    endloop
  endfacet
  facet normal 0.000000 0.000000 0.000000
    outer loop
      vertex 3.201000 -0.000999 1.360999
      vertex 3.360800 -0.639399 1.360999
      vertex 3.201000 -0.798999 1.360999
    endloop
  endfacet
  facet normal 0.000000 0.000000 0.000000
    outer loop
      vertex 3.201000 -0.798999 1.360999
      vertex 3.360800 -0.639399 1.360999
      vertex 4.639200 -0.639399 1.360999
    endloop
  endfacet
  facet normal 0.000000 0.000000 0.000000
    outer loop
      vertex 3.201000 -0.798999 1.360999
      vertex 4.639200 -0.639399 1.360999
      vertex 4.799000 -0.798999 1.360999
    endloop
  endfacet
  facet normal 0.000000 0.000000 0.000000
    outer loop
      vertex 4.799000 -0.798999 1.360999
      vertex 4.639200 -0.639399 1.360999
      vertex 4.639200 -0.160599 1.360999
    endloop
  endfacet
  facet normal 0.000000 0.000000 0.000000
    outer loop
      vertex 4.799000 -0.798999 1.360999
      vertex 4.639200 -0.160599 1.360999
      vertex 4.799000 -0.000999 1.360999
    endloop
  endfacet
  facet normal 0.000000 0.000000 0.000000
    outer loop
      vertex 4.159800 -0.399999 1.360999
      vertex 4.159800 -0.399999 1.520332
      vertex 4.112996 -0.512853 1.520332
    endloop
  endfacet
  facet normal 0.000000 0.000000 0.000000
    outer loop
      vertex 4.159800 -0.399999 1.360999
      vertex 4.112996 -0.512853 1.520332
      vertex 4.112996 -0.512853 1.360999
    endloop
  endfacet
  facet normal 0.000000 0.000000 0.000000
    outer loop
      vertex 4.112996 -0.512853 1.360999
      vertex 4.112996 -0.512853 1.520332
      vertex 4.000000 -0.559599 1.520332
    endloop
  endfacet
  facet normal 0.000000 0.000000 0.000000
    outer loop
      vertex 4.112996 -0.512853 1.360999
      vertex 4.000000 -0.559599 1.520332
      vertex 4.000000 -0.559599 1.360999
    endloop
  endfacet
  facet normal 0.000000 0.000000 0.000000
    outer loop
      vertex 4.000000 -0.559599 1.360999
      vertex 4.000000 -0.559599 1.520332
      vertex 3.887004 -0.512853 1.520332
    endloop
  endfacet
  facet normal 0.000000 0.000000 0.000000
    outer loop
      vertex 4.000000 -0.559599 1.360999
      vertex 3.887004 -0.512853 1.520332
      vertex 3.887004 -0.512853 1.360999
    endloop
  endfacet
  facet normal 0.000000 0.000000 0.000000
    outer loop
      vertex 3.887004 -0.512853 1.360999
      vertex 3.887004 -0.512853 1.520332
      vertex 3.840200 -0.399999 1.520332
    endloop
  endfacet
  facet normal 0.000000 0.000000 0.000000
    outer loop
      vertex 3.887004 -0.512853 1.360999
      vertex 3.840200 -0.399999 1.520332
      vertex 3.840200 -0.399999 1.360999
    endloop
  endfacet
  facet normal 0.000000 0.000000 0.000000
    outer loop
      vertex 3.840200 -0.399999 1.360999
      vertex 3.840200 -0.399999 1.520332
      vertex 3.887004 -0.287145 1.520332
    endloop
  endfacet
  facet normal 0.000000 0.000000 0.000000
    outer loop
      vertex 3.840200 -0.399999 1.360999
      vertex 3.887004 -0.287145 1.520332
      vertex 3.887004 -0.287145 1.360999
    endloop
  endfacet
  facet normal 0.000000 0.000000 0.000000
    outer loop
      vertex 3.887004 -0.287145 1.360999
      vertex 3.887004 -0.287145 1.520332
      vertex 4.000000 -0.240399 1.520332
    endloop
  endfacet
  facet normal 0.000000 0.000000 0.000000
    outer loop
      vertex 3.887004 -0.287145 1.360999
      vertex 4.000000 -0.240399 1.520332
      vertex 4.000000 -0.240399 1.360999
    endloop
  endfacet
  facet normal 0.000000 0.000000 0.000000
    outer loop
      vertex 4.000000 -0.240399 1.360999
      vertex 4.000000 -0.240399 1.520332
      vertex 4.112996 -0.287145 1.520332
    endloop
  endfacet
  facet normal 0.000000 0.000000 0.000000
    outer loop
      vertex 4.000000 -0.240399 1.360999
      vertex 4.112996 -0.287145 1.520332
      vertex 4.112996 -0.287145 1.360999
    endloop
  endfacet
  facet normal 0.000000 0.000000 0.000000
    outer loop
      vertex 4.112996 -0.287145 1.360999
      vertex 4.112996 -0.287145 1.520332
      vertex 4.159800 -0.399999 1.520332
    endloop
  endfacet
  facet normal 0.000000 0.000000 0.000000
    outer loop
      vertex 4.112996 -0.287145 1.360999
      vertex 4.159800 -0.399999 1.520332
      vertex 4.159800 -0.399999 1.360999
    endloop
  endfacet
  facet normal 0.000000 0.000000 0.000000
    outer loop
      vertex 3.360800 -0.160599 1.520332
      vertex 4.639200 -0.160599 1.520332
      vertex 4.639200 -0.639399 1.520332
    endloop
  endfacet
  facet normal 0.000000 0.000000 0.000000
    outer loop
      vertex 3.360800 -0.160599 1.520332
      vertex 4.639200 -0.639399 1.520332
      vertex 3.360800 -0.639399 1.520332
    endloop
  endfacet
  facet normal 0.000000 0.000000 0.000000
    outer loop
      vertex 3.360800 -0.160599 1.520332
      vertex 3.360800 -0.160599 1.360999
      vertex 4.639200 -0.160599 1.360999
    endloop
  endfacet
  facet normal 0.000000 0.000000 0.000000
    outer loop
      vertex 3.360800 -0.160599 1.520332
      vertex 4.639200 -0.160599 1.360999
      vertex 4.639200 -0.160599 1.520332
    endloop
  endfacet
  facet normal 0.000000 0.000000 0.000000
    outer loop
      vertex 3.360800 -0.639399 1.520332
      vertex 3.360800 -0.639399 1.360999
      vertex 3.360800 -0.160599 1.360999
    endloop
  endfacet
  facet normal 0.000000 0.000000 0.000000
    outer loop
      vertex 3.360800 -0.639399 1.520332
      vertex 3.360800 -0.160599 1.360999
      vertex 3.360800 -0.160599 1.520332
    endloop
  endfacet
  facet normal 0.000000 0.000000 0.000000
    outer loop
      vertex 4.639200 -0.639399 1.520332
      vertex 4.639200 -0.639399 1.360999
      vertex 3.360800 -0.639399 1.360999
    endloop
  endfacet
  facet normal 0.000000 0.000000 0.000000
    outer loop
      vertex 4.639200 -0.639399 1.520332
      vertex 3.360800 -0.639399 1.360999
      vertex 3.360800 -0.639399 1.520332
    endloop
  endfacet
  facet normal 0.000000 0.000000 0.000000
    outer loop
      vertex 4.639200 -0.160599 1.520332
      vertex 4.639200 -0.160599 1.360999
      vertex 4.639200 -0.639399 1.360999
    endloop
  endfacet
  facet normal 0.000000 0.000000 0.000000
    outer loop
      vertex 4.639200 -0.160599 1.520332
      vertex 4.639200 -0.639399 1.360999
      vertex 4.639200 -0.639399 1.520332
    endloop
  endfacet
  facet normal 0.000000 0.000000 0.000000
    outer loop
      vertex 4.799000 -0.798999 1.360999
      vertex 4.799000 -0.000999 1.360999
      vertex 4.799000 -0.000999 1.679665
    endloop
  endfacet
  facet normal 0.000000 0.000000 0.000000
    outer loop
      vertex 4.799000 -0.798999 1.360999
      vertex 4.799000 -0.000999 1.679665
      vertex 4.799000 -0.798999 1.679665
    endloop
  endfacet
  facet normal 0.000000 0.000000 0.000000
    outer loop
      vertex 3.201000 -0.000999 1.360999
      vertex 3.201000 -0.798999 1.360999
      vertex 3.201000 -0.798999 1.679665
    endloop
  endfacet
  facet normal 0.000000 0.000000 0.000000
    outer loop
      vertex 3.201000 -0.000999 1.360999
      vertex 3.201000 -0.798999 1.679665
      vertex 3.201000 -0.000999 1.679665
    endloop
  endfacet
  facet normal 0.000000 0.000000 0.000000
    outer loop
      vertex 4.799000 -0.000999 1.360999
      vertex 3.201000 -0.000999 1.360999
      vertex 3.201000 -0.000999 1.679665
    endloop
  endfacet
  facet normal 0.000000 0.000000 0.000000
    outer loop
      vertex 4.799000 -0.000999 1.360999
      vertex 3.201000 -0.000999 1.679665
      vertex 4.799000 -0.000999 1.679665
    endloop
  endfacet
  facet normal 0.000000 0.000000 0.000000
    outer loop
      vertex 3.201000 -0.000999 1.679665
      vertex 3.201000 -0.798999 1.679665
      vertex 4.799000 -0.798999 1.679665
    endloop
  endfacet
  facet normal 0.000000 0.000000 0.000000
    outer loop
      vertex 3.201000 -0.000999 1.679665
      vertex 4.799000 -0.798999 1.679665
      vertex 4.799000 -0.000999 1.679665
    endloop
  endfacet
  facet normal 0.000000 0.000000 0.000000
    outer loop
      vertex 3.840200 -0.399999 1.838999
      vertex 3.840200 -0.399999 1.679665
      vertex 3.769994 -0.230718 1.679665
    endloop
  endfacet
  facet normal 0.000000 0.000000 0.000000
    outer loop
      vertex 3.840200 -0.399999 1.838999
      vertex 3.769994 -0.230718 1.679665
      vertex 3.769994 -0.230718 1.838999
    endloop
  endfacet
  facet normal 0.000000 0.000000 0.000000
    outer loop
      vertex 3.769994 -0.230718 1.838999
      vertex 3.769994 -0.230718 1.679665
      vertex 3.600500 -0.160599 1.679665
    endloop
  endfacet
  facet normal 0.000000 0.000000 0.000000
    outer loop
      vertex 3.769994 -0.230718 1.838999
      vertex 3.600500 -0.160599 1.679665
      vertex 3.600500 -0.160599 1.838999
    endloop
  endfacet
  facet normal 0.000000 0.000000 0.000000
    outer loop
      vertex 3.600500 -0.160599 1.838999
      vertex 3.600500 -0.160599 1.679665
      vertex 3.431006 -0.230718 1.679665
    endloop
  endfacet
  facet normal 0.000000 0.000000 0.000000
    outer loop
      vertex 3.600500 -0.160599 1.838999
      vertex 3.431006 -0.230718 1.679665
      vertex 3.431006 -0.230718 1.838999
    endloop
  endfacet
  facet normal 0.000000 0.000000 0.000000
    outer loop
      vertex 3.431006 -0.230718 1.838999
      vertex 3.431006 -0.230718 1.679665
      vertex 3.360800 -0.399999 1.679665
    endloop
  endfacet
  facet normal 0.000000 0.000000 0.000000
    outer loop
      vertex 3.431006 -0.230718 1.838999
      vertex 3.360800 -0.399999 1.679665
      vertex 3.360800 -0.399999 1.838999
    endloop
  endfacet
  facet normal 0.000000 0.000000 0.000000
    outer loop
      vertex 3.360800 -0.399999 1.838999
      vertex 3.360800 -0.399999 1.679665
      vertex 3.431006 -0.569281 1.679665
    endloop
  endfacet
  facet normal 0.000000 0.000000 0.000000
    outer loop
      vertex 3.360800 -0.399999 1.838999
      vertex 3.431006 -0.569281 1.679665
      vertex 3.431006 -0.569281 1.838999
    endloop
  endfacet
  facet normal 0.000000 0.000000 0.000000
    outer loop
      vertex 3.431006 -0.569281 1.838999
      vertex 3.431006 -0.569281 1.679665
      vertex 3.600500 -0.639399 1.679665
    endloop
  endfacet
  facet normal 0.000000 0.000000 0.000000
    outer loop
      vertex 3.431006 -0.569281 1.838999
      vertex 3.600500 -0.639399 1.679665
      vertex 3.600500 -0.639399 1.838999
    endloop
  endfacet
  facet normal 0.000000 0.000000 0.000000
    outer loop
      vertex 3.600500 -0.639399 1.838999
      vertex 3.600500 -0.639399 1.679665
      vertex 3.769994 -0.569280 1.679665
    endloop
  endfacet
  facet normal 0.000000 0.000000 0.000000
    outer loop
      vertex 3.600500 -0.639399 1.838999
      vertex 3.769994 -0.569280 1.679665
      vertex 3.769994 -0.569280 1.838999
    endloop
  endfacet
  facet normal 0.000000 0.000000 0.000000
    outer loop
      vertex 3.769994 -0.569280 1.838999
      vertex 3.769994 -0.569280 1.679665
      vertex 3.840200 -0.399999 1.679665
    endloop
  endfacet
  facet normal 0.000000 0.000000 0.000000
    outer loop
      vertex 3.769994 -0.569280 1.838999
      vertex 3.840200 -0.399999 1.679665
      vertex 3.840200 -0.399999 1.838999
    endloop
  endfacet
  facet normal 0.000000 0.000000 0.000000
    outer loop
      vertex 4.639200 -0.399999 1.838999
      vertex 4.639200 -0.399999 1.679665
      vertex 4.568994 -0.230718 1.679665
    endloop
  endfacet
  facet normal 0.000000 0.000000 0.000000
    outer loop
      vertex 4.639200 -0.399999 1.838999
      vertex 4.568994 -0.230718 1.679665
      vertex 4.568994 -0.230718 1.838999
    endloop
  endfacet
  facet normal 0.000000 0.000000 0.000000
    outer loop
      vertex 4.568994 -0.230718 1.838999
      vertex 4.568994 -0.230718 1.679665
      vertex 4.399500 -0.160599 1.679665
    endloop
  endfacet
  facet normal 0.000000 0.000000 0.000000
    outer loop
      vertex 4.568994 -0.230718 1.838999
      vertex 4.399500 -0.160599 1.679665
      vertex 4.399500 -0.160599 1.838999
    endloop
  endfacet
  facet normal 0.000000 0.000000 0.000000
    outer loop
      vertex 4.399500 -0.160599 1.838999
      vertex 4.399500 -0.160599 1.679665
      vertex 4.230006 -0.230718 1.679665
    endloop
  endfacet
  facet normal 0.000000 0.000000 0.000000
    outer loop
      vertex 4.399500 -0.160599 1.838999
      vertex 4.230006 -0.230718 1.679665
      vertex 4.230006 -0.230718 1.838999
    endloop
  endfacet
  facet normal 0.000000 0.000000 0.000000
    outer loop
      vertex 4.230006 -0.230718 1.838999
      vertex 4.230006 -0.230718 1.679665
      vertex 4.159800 -0.399999 1.679665
    endloop
  endfacet
  facet normal 0.000000 0.000000 0.000000
    outer loop
      vertex 4.230006 -0.230718 1.838999
      vertex 4.159800 -0.399999 1.679665
      vertex 4.159800 -0.399999 1.838999
    endloop
  endfacet
  facet normal 0.000000 0.000000 0.000000
    outer loop
      vertex 4.159800 -0.399999 1.838999
      vertex 4.159800 -0.399999 1.679665
      vertex 4.230006 -0.569281 1.679665
    endloop
  endfacet
  facet normal 0.000000 0.000000 0.000000
    outer loop
      vertex 4.159800 -0.399999 1.838999
      vertex 4.230006 -0.569281 1.679665
      vertex 4.230006 -0.569281 1.838999
    endloop
  endfacet
  facet normal 0.000000 0.000000 0.000000
    outer loop
      vertex 4.230006 -0.569281 1.838999
      vertex 4.230006 -0.569281 1.679665
      vertex 4.399500 -0.639399 1.679665
    endloop
  endfacet
  facet normal 0.000000 0.000000 0.000000
    outer loop
      vertex 4.230006 -0.569281 1.838999
      vertex 4.399500 -0.639399 1.679665
      vertex 4.399500 -0.639399 1.838999
    endloop
  endfacet
  facet normal 0.000000 0.000000 0.000000
    outer loop
      vertex 4.399500 -0.639399 1.838999
      vertex 4.399500 -0.639399 1.679665
      vertex 4.568994 -0.569280 1.679665
    endloop
  endfacet
  facet normal 0.000000 0.000000 0.000000
    outer loop
      vertex 4.399500 -0.639399 1.838999
      vertex 4.568994 -0.569280 1.679665
      vertex 4.568994 -0.569280 1.838999
    endloop
  endfacet
  facet normal 0.000000 0.000000 0.000000
    outer loop
      vertex 4.568994 -0.569280 1.838999
      vertex 4.568994 -0.569280 1.679665
      vertex 4.639200 -0.399999 1.679665
    endloop
  endfacet
  facet normal 0.000000 0.000000 0.000000
    outer loop
      vertex 4.568994 -0.569280 1.838999
      vertex 4.639200 -0.399999 1.679665
      vertex 4.639200 -0.399999 1.838999
    endloop
  endfacet
  facet normal 0.000000 0.000000 0.000000
    outer loop
      vertex 3.600500 -0.399999 1.838999
      vertex 3.840200 -0.399999 1.838999
      vertex 3.769994 -0.230718 1.838999
    endloop
  endfacet
  facet normal 0.000000 0.000000 0.000000
    outer loop
      vertex 3.600500 -0.399999 1.838999
      vertex 3.769994 -0.230718 1.838999
      vertex 3.600500 -0.160599 1.838999
    endloop
  endfacet
  facet normal 0.000000 0.000000 0.000000
    outer loop
      vertex 3.600500 -0.399999 1.838999
      vertex 3.600500 -0.160599 1.838999
      vertex 3.431006 -0.230718 1.838999
    endloop
  endfacet
  facet normal 0.000000 0.000000 0.000000
    outer loop
      vertex 3.600500 -0.399999 1.838999
      vertex 3.431006 -0.230718 1.838999
      vertex 3.360800 -0.399999 1.838999
    endloop
  endfacet
  facet normal 0.000000 0.000000 0.000000
    outer loop
      vertex 3.600500 -0.399999 1.838999
      vertex 3.360800 -0.399999 1.838999
      vertex 3.431006 -0.569281 1.838999
    endloop
  endfacet
  facet normal 0.000000 0.000000 0.000000
    outer loop
      vertex 3.600500 -0.399999 1.838999
      vertex 3.431006 -0.569281 1.838999
      vertex 3.600500 -0.639399 1.838999
    endloop
  endfacet
  facet normal 0.000000 0.000000 0.000000
    outer loop
      vertex 3.600500 -0.399999 1.838999
      vertex 3.600500 -0.639399 1.838999
      vertex 3.769994 -0.569280 1.838999
    endloop
  endfacet
  facet normal 0.000000 0.000000 0.000000
    outer loop
      vertex 3.600500 -0.399999 1.838999
      vertex 3.769994 -0.569280 1.838999
      vertex 3.840200 -0.399999 1.838999
    endloop
  endfacet
  facet normal 0.000000 0.000000 0.000000
    outer loop
      vertex 4.399500 -0.399999 1.838999
      vertex 4.639200 -0.399999 1.838999
      vertex 4.568994 -0.230718 1.838999
    endloop
  endfacet
  facet normal 0.000000 0.000000 0.000000
    outer loop
      vertex 4.399500 -0.399999 1.838999
      vertex 4.568994 -0.230718 1.838999
      vertex 4.399500 -0.160599 1.838999
    endloop
  endfacet
  facet normal 0.000000 0.000000 0.000000
    outer loop
      vertex 4.399500 -0.399999 1.838999
      vertex 4.399500 -0.160599 1.838999
      vertex 4.230006 -0.230718 1.838999
    endloop
  endfacet
  facet normal 0.000000 0.000000 0.000000
    outer loop
      vertex 4.399500 -0.399999 1.838999
      vertex 4.230006 -0.230718 1.838999
      vertex 4.159800 -0.399999 1.838999
    endloop
  endfacet
  facet normal 0.000000 0.000000 0.000000
    outer loop
      vertex 4.399500 -0.399999 1.838999
      vertex 4.159800 -0.399999 1.838999
      vertex 4.230006 -0.569281 1.838999
    endloop
  endfacet
  facet normal 0.000000 0.000000 0.000000
    outer loop
      vertex 4.399500 -0.399999 1.838999
      vertex 4.230006 -0.569281 1.838999
      vertex 4.399500 -0.639399 1.838999
    endloop
  endfacet
  facet normal 0.000000 0.000000 0.000000
    outer loop
      vertex 4.399500 -0.399999 1.838999
      vertex 4.399500 -0.639399 1.838999
      vertex 4.568994 -0.569280 1.838999
    endloop
  endfacet
  facet normal 0.000000 0.000000 0.000000
    outer loop
      vertex 4.399500 -0.399999 1.838999
      vertex 4.568994 -0.569280 1.838999
      vertex 4.639200 -0.399999 1.838999
    endloop
  endfacet
  facet normal 0.000000 0.000000 0.000000
    outer loop
      vertex 4.159534 -0.399998 -5.679000
      vertex 4.112709 -0.512853 -5.679000
      vertex 3.999667 -0.399998 -5.679000
    endloop
  endfacet
  facet normal 0.000000 0.000000 0.000000
    outer loop
      vertex 4.112709 -0.512853 -5.679000
      vertex 3.999667 -0.559598 -5.679000
      vertex 3.999667 -0.399998 -5.679000
    endloop
  endfacet
  facet normal 0.000000 0.000000 0.000000
    outer loop
      vertex 3.999667 -0.559598 -5.679000
      vertex 3.886624 -0.512853 -5.679000
      vertex 3.999667 -0.399998 -5.679000
    endloop
  endfacet
  facet normal 0.000000 0.000000 0.000000
    outer loop
      vertex 3.886624 -0.512853 -5.679000
      vertex 3.839800 -0.399998 -5.679000
      vertex 3.999667 -0.399998 -5.679000
    endloop
  endfacet
  facet normal 0.000000 0.000000 0.000000
    outer loop
      vertex 3.839800 -0.399998 -5.679000
      vertex 3.886624 -0.287144 -5.679000
      vertex 3.999667 -0.399998 -5.679000
    endloop
  endfacet
  facet normal 0.000000 0.000000 0.000000
    outer loop
      vertex 3.886624 -0.287144 -5.679000
      vertex 3.999667 -0.240398 -5.679000
      vertex 3.999667 -0.399998 -5.679000
    endloop
  endfacet
  facet normal 0.000000 0.000000 0.000000
    outer loop
      vertex 3.999667 -0.240398 -5.679000
      vertex 4.112709 -0.287144 -5.679000
      vertex 3.999667 -0.399998 -5.679000
    endloop
  endfacet
  facet normal 0.000000 0.000000 0.000000
    outer loop
      vertex 4.112709 -0.287144 -5.679000
      vertex 4.159534 -0.399998 -5.679000
      vertex 3.999667 -0.399998 -5.679000
    endloop
  endfacet
  facet normal 0.000000 0.000000 0.000000
    outer loop
      vertex 3.360200 -0.399998 -5.679000
      vertex 3.313376 -0.512853 -5.679000
      vertex 3.200333 -0.399998 -5.679000
    endloop
  endfacet
  facet normal 0.000000 0.000000 0.000000
    outer loop
      vertex 3.313376 -0.512853 -5.679000
      vertex 3.200333 -0.559598 -5.679000
      vertex 3.200333 -0.399998 -5.679000
    endloop
  endfacet
  facet normal 0.000000 0.000000 0.000000
    outer loop
      vertex 3.200333 -0.559598 -5.679000
      vertex 3.087291 -0.512853 -5.679000
      vertex 3.200333 -0.399998 -5.679000
    endloop
  endfacet
  facet normal 0.000000 0.000000 0.000000
    outer loop
      vertex 3.087291 -0.512853 -5.679000
      vertex 3.040467 -0.399998 -5.679000
      vertex 3.200333 -0.399998 -5.679000
    endloop
  endfacet
  facet normal 0.000000 0.000000 0.000000
    outer loop
      vertex 3.040467 -0.399998 -5.679000
      vertex 3.087291 -0.287144 -5.679000
      vertex 3.200333 -0.399998 -5.679000
    endloop
  endfacet
  facet normal 0.000000 0.000000 0.000000
    outer loop
      vertex 3.087291 -0.287144 -5.679000
      vertex 3.200333 -0.240398 -5.679000
      vertex 3.200333 -0.399998 -5.679000
    endloop
  endfacet
  facet normal 0.000000 0.000000 0.000000
    outer loop
      vertex 3.200333 -0.240398 -5.679000
      vertex 3.313376 -0.287144 -5.679000
      vertex 3.200333 -0.399998 -5.679000
    endloop
  endfacet
  facet normal 0.000000 0.000000 0.000000
    outer loop
      vertex 3.313376 -0.287144 -5.679000
      vertex 3.360200 -0.399998 -5.679000
      vertex 3.200333 -0.399998 -5.679000
    endloop
  endfacet
  facet normal 0.000000 0.000000 0.000000
    outer loop
      vertex 4.799000 -0.798998 -4.720714
      vertex 2.401000 -0.798998 -4.720714
      vertex 2.401000 -0.798998 -5.679000
    endloop
  endfacet
  facet normal 0.000000 0.000000 0.000000
    outer loop
      vertex 4.799000 -0.798998 -4.720714
      vertex 2.401000 -0.798998 -5.679000
      vertex 4.799000 -0.798998 -5.679000
    endloop
  endfacet
  facet normal 0.000000 0.000000 0.000000
    outer loop
      vertex 4.799000 -0.000998 -5.679000
      vertex 4.639133 -0.160598 -5.679000
      vertex 2.560867 -0.160598 -5.679000
    endloop
  endfacet
  facet normal 0.000000 0.000000 0.000000
    outer loop
      vertex 4.799000 -0.000998 -5.679000
      vertex 2.560867 -0.160598 -5.679000
      vertex 2.401000 -0.000998 -5.679000
    endloop
  endfacet
  facet normal 0.000000 0.000000 0.000000
    outer loop
      vertex 2.401000 -0.000998 -5.679000
      vertex 2.560867 -0.160598 -5.679000
      vertex 2.560867 -0.639398 -5.679000
    endloop
  endfacet
  facet normal 0.000000 0.000000 0.000000
    outer loop
      vertex 2.401000 -0.000998 -5.679000
      vertex 2.560867 -0.639398 -5.679000
      vertex 2.401000 -0.798998 -5.679000
    endloop
  endfacet
  facet normal 0.000000 0.000000 0.000000
    outer loop
      vertex 2.401000 -0.798998 -5.679000
      vertex 2.560867 -0.639398 -5.679000
      vertex 4.639133 -0.639398 -5.679000
    endloop
  endfacet
  facet normal 0.000000 0.000000 0.000000
    outer loop
      vertex 2.401000 -0.798998 -5.679000
      vertex 4.639133 -0.639398 -5.679000
      vertex 4.799000 -0.798998 -5.679000
    endloop
  endfacet
  facet normal 0.000000 0.000000 0.000000
    outer loop
      vertex 4.799000 -0.798998 -5.679000
      vertex 4.639133 -0.639398 -5.679000
      vertex 4.639133 -0.160598 -5.679000
    endloop
  endfacet
  facet normal 0.000000 0.000000 0.000000
    outer loop
      vertex 4.799000 -0.798998 -5.679000
      vertex 4.639133 -0.160598 -5.679000
      vertex 4.799000 -0.000998 -5.679000
    endloop
  endfacet
  facet normal 0.000000 0.000000 0.000000
    outer loop
      vertex 4.159534 -0.399998 -5.679000
      vertex 4.159534 -0.399998 -4.880429
      vertex 4.112709 -0.512853 -4.880429
    endloop
  endfacet
  facet normal 0.000000 0.000000 0.000000
    outer loop
      vertex 4.159534 -0.399998 -5.679000
      vertex 4.112709 -0.512853 -4.880429
      vertex 4.112709 -0.512853 -5.679000
    endloop
  endfacet
  facet normal 0.000000 0.000000 0.000000
    outer loop
      vertex 4.112709 -0.512853 -5.679000
      vertex 4.112709 -0.512853 -4.880429
      vertex 3.999667 -0.559598 -4.880429
    endloop
  endfacet
  facet normal 0.000000 0.000000 0.000000
    outer loop
      vertex 4.112709 -0.512853 -5.679000
      vertex 3.999667 -0.559598 -4.880429
      vertex 3.999667 -0.559598 -5.679000
    endloop
  endfacet
  facet normal 0.000000 0.000000 0.000000
    outer loop
      vertex 3.999667 -0.559598 -5.679000
      vertex 3.999667 -0.559598 -4.880429
      vertex 3.886624 -0.512853 -4.880429
    endloop
  endfacet
  facet normal 0.000000 0.000000 0.000000
    outer loop
      vertex 3.999667 -0.559598 -5.679000
      vertex 3.886624 -0.512853 -4.880429
      vertex 3.886624 -0.512853 -5.679000
    endloop
  endfacet
  facet normal 0.000000 0.000000 0.000000
    outer loop
      vertex 3.886624 -0.512853 -5.679000
      vertex 3.886624 -0.512853 -4.880429
      vertex 3.839800 -0.399998 -4.880429
    endloop
  endfacet
  facet normal 0.000000 0.000000 0.000000
    outer loop
      vertex 3.886624 -0.512853 -5.679000
      vertex 3.839800 -0.399998 -4.880429
      vertex 3.839800 -0.399998 -5.679000
    endloop
  endfacet
  facet normal 0.000000 0.000000 0.000000
    outer loop
      vertex 3.839800 -0.399998 -5.679000
      vertex 3.839800 -0.399998 -4.880429
      vertex 3.886624 -0.287144 -4.880429
    endloop
  endfacet
  facet normal 0.000000 0.000000 0.000000
    outer loop
      vertex 3.839800 -0.399998 -5.679000
      vertex 3.886624 -0.287144 -4.880429
      vertex 3.886624 -0.287144 -5.679000
    endloop
  endfacet
  facet normal 0.000000 0.000000 0.000000
    outer loop
      vertex 3.886624 -0.287144 -5.679000
      vertex 3.886624 -0.287144 -4.880429
      vertex 3.999667 -0.240398 -4.880429
    endloop
  endfacet
  facet normal 0.000000 0.000000 0.000000
    outer loop
      vertex 3.886624 -0.287144 -5.679000
      vertex 3.999667 -0.240398 -4.880429
      vertex 3.999667 -0.240398 -5.679000
    endloop
  endfacet
  facet normal 0.000000 0.000000 0.000000
    outer loop
      vertex 3.999667 -0.240398 -5.679000
      vertex 3.999667 -0.240398 -4.880429
      vertex 4.112709 -0.287144 -4.880429
    endloop
  endfacet
  facet normal 0.000000 0.000000 0.000000
    outer loop
      vertex 3.999667 -0.240398 -5.679000
      vertex 4.112709 -0.287144 -4.880429
      vertex 4.112709 -0.287144 -5.679000
    endloop
  endfacet
  facet normal 0.000000 0.000000 0.000000
    outer loop
      vertex 4.112709 -0.287144 -5.679000
      vertex 4.112709 -0.287144 -4.880429
      vertex 4.159534 -0.399998 -4.880429
    endloop
  endfacet
  facet normal 0.000000 0.000000 0.000000
    outer loop
      vertex 4.112709 -0.287144 -5.679000
      vertex 4.159534 -0.399998 -4.880429
      vertex 4.159534 -0.399998 -5.679000
    endloop
  endfacet
  facet normal 0.000000 0.000000 0.000000
    outer loop
      vertex 3.360200 -0.399998 -5.679000
      vertex 3.360200 -0.399998 -4.880429
      vertex 3.313376 -0.512853 -4.880429
    endloop
  endfacet
  facet normal 0.000000 0.000000 0.000000
    outer loop
      vertex 3.360200 -0.399998 -5.679000
      vertex 3.313376 -0.512853 -4.880429
      vertex 3.313376 -0.512853 -5.679000
    endloop
  endfacet
  facet normal 0.000000 0.000000 0.000000
    outer loop
      vertex 3.313376 -0.512853 -5.679000
      vertex 3.313376 -0.512853 -4.880429
      vertex 3.200333 -0.559598 -4.880429
    endloop
  endfacet
  facet normal 0.000000 0.000000 0.000000
    outer loop
      vertex 3.313376 -0.512853 -5.679000
      vertex 3.200333 -0.559598 -4.880429
      vertex 3.200333 -0.559598 -5.679000
    endloop
  endfacet
  facet normal 0.000000 0.000000 0.000000
    outer loop
      vertex 3.200333 -0.559598 -5.679000
      vertex 3.200333 -0.559598 -4.880429
      vertex 3.087291 -0.512853 -4.880429
    endloop
  endfacet
  facet normal 0.000000 0.000000 0.000000
    outer loop
      vertex 3.200333 -0.559598 -5.679000
      vertex 3.087291 -0.512853 -4.880429
      vertex 3.087291 -0.512853 -5.679000
    endloop
  endfacet
  facet normal 0.000000 0.000000 0.000000
    outer loop
      vertex 3.087291 -0.512853 -5.679000
      vertex 3.087291 -0.512853 -4.880429
      vertex 3.040467 -0.399998 -4.880429
    endloop
  endfacet
  facet normal 0.000000 0.000000 0.000000
    outer loop
      vertex 3.087291 -0.512853 -5.679000
      vertex 3.040467 -0.399998 -4.880429
      vertex 3.040467 -0.399998 -5.679000
    endloop
  endfacet
  facet normal 0.000000 0.000000 0.000000
    outer loop
      vertex 3.040467 -0.399998 -5.679000
      vertex 3.040467 -0.399998 -4.880429
      vertex 3.087291 -0.287144 -4.880429
    endloop
  endfacet
  facet normal 0.000000 0.000000 0.000000
    outer loop
      vertex 3.040467 -0.399998 -5.679000
      vertex 3.087291 -0.287144 -4.880429
      vertex 3.087291 -0.287144 -5.679000
    endloop
  endfacet
  facet normal 0.000000 0.000000 0.000000
    outer loop
      vertex 3.087291 -0.287144 -5.679000
      vertex 3.087291 -0.287144 -4.880429
      vertex 3.200333 -0.240398 -4.880429
    endloop
  endfacet
  facet normal 0.000000 0.000000 0.000000
    outer loop
      vertex 3.087291 -0.287144 -5.679000
      vertex 3.200333 -0.240398 -4.880429
      vertex 3.200333 -0.240398 -5.679000
    endloop
  endfacet
  facet normal 0.000000 0.000000 0.000000
    outer loop
      vertex 3.200333 -0.240398 -5.679000
      vertex 3.200333 -0.240398 -4.880429
      vertex 3.313376 -0.287144 -4.880429
    endloop
  endfacet
  facet normal 0.000000 0.000000 0.000000
    outer loop
      vertex 3.200333 -0.240398 -5.679000
      vertex 3.313376 -0.287144 -4.880429
      vertex 3.313376 -0.287144 -5.679000
    endloop
  endfacet
  facet normal 0.000000 0.000000 0.000000
    outer loop
      vertex 3.313376 -0.287144 -5.679000
      vertex 3.313376 -0.287144 -4.880429
      vertex 3.360200 -0.399998 -4.880429
    endloop
  endfacet
  facet normal 0.000000 0.000000 0.000000
    outer loop
      vertex 3.313376 -0.287144 -5.679000
      vertex 3.360200 -0.399998 -4.880429
      vertex 3.360200 -0.399998 -5.679000
    endloop
  endfacet
  facet normal 0.000000 0.000000 0.000000
    outer loop
      vertex 2.560867 -0.160598 -4.880429
      vertex 4.639133 -0.160598 -4.880429
      vertex 4.639133 -0.639398 -4.880429
    endloop
  endfacet
  facet normal 0.000000 0.000000 0.000000
    outer loop
      vertex 2.560867 -0.160598 -4.880429
      vertex 4.639133 -0.639398 -4.880429
      vertex 2.560867 -0.639398 -4.880429
    endloop
  endfacet
  facet normal 0.000000 0.000000 0.000000
    outer loop
      vertex 2.560867 -0.160598 -4.880429
      vertex 2.560867 -0.160598 -5.679000
      vertex 4.639133 -0.160598 -5.679000
    endloop
  endfacet
  facet normal 0.000000 0.000000 0.000000
    outer loop
      vertex 2.560867 -0.160598 -4.880429
      vertex 4.639133 -0.160598 -5.679000
      vertex 4.639133 -0.160598 -4.880429
    endloop
  endfacet
  facet normal 0.000000 0.000000 0.000000
    outer loop
      vertex 2.560867 -0.639398 -4.880429
      vertex 2.560867 -0.639398 -5.679000
      vertex 2.560867 -0.160598 -5.679000
    endloop
  endfacet
  facet normal 0.000000 0.000000 0.000000
    outer loop
      vertex 2.560867 -0.639398 -4.880429
      vertex 2.560867 -0.160598 -5.679000
      vertex 2.560867 -0.160598 -4.880429
    endloop
  endfacet
  facet normal 0.000000 0.000000 0.000000
    outer loop
      vertex 4.639133 -0.639398 -4.880429
      vertex 4.639133 -0.639398 -5.679000
      vertex 2.560867 -0.639398 -5.679000
    endloop
  endfacet
  facet normal 0.000000 0.000000 0.000000
    outer loop
      vertex 4.639133 -0.639398 -4.880429
      vertex 2.560867 -0.639398 -5.679000
      vertex 2.560867 -0.639398 -4.880429
    endloop
  endfacet
  facet normal 0.000000 0.000000 0.000000
    outer loop
      vertex 4.639133 -0.160598 -4.880429
      vertex 4.639133 -0.160598 -5.679000
      vertex 4.639133 -0.639398 -5.679000
    endloop
  endfacet
  facet normal 0.000000 0.000000 0.000000
    outer loop
      vertex 4.639133 -0.160598 -4.880429
      vertex 4.639133 -0.639398 -5.679000
      vertex 4.639133 -0.639398 -4.880429
    endloop
  endfacet
  facet normal 0.000000 0.000000 0.000000
    outer loop
      vertex 4.799000 -0.798998 -5.679000
      vertex 4.799000 -0.000998 -5.679000
      vertex 4.799000 -0.000998 -4.720714
    endloop
  endfacet
  facet normal 0.000000 0.000000 0.000000
    outer loop
      vertex 4.799000 -0.798998 -5.679000
      vertex 4.799000 -0.000998 -4.720714
      vertex 4.799000 -0.798998 -4.720714
    endloop
  endfacet
  facet normal 0.000000 0.000000 0.000000
    outer loop
      vertex 2.401000 -0.000998 -5.679000
      vertex 2.401000 -0.798998 -5.679000
      vertex 2.401000 -0.798998 -4.720714
    endloop
  endfacet
  facet normal 0.000000 0.000000 0.000000
    outer loop
      vertex 2.401000 -0.000998 -5.679000
      vertex 2.401000 -0.798998 -4.720714
      vertex 2.401000 -0.000998 -4.720714
    endloop
  endfacet
  facet normal 0.000000 0.000000 0.000000
    outer loop
      vertex 4.799000 -0.000998 -5.679000
      vertex 2.401000 -0.000998 -5.679000
      vertex 2.401000 -0.000998 -4.720714
    endloop
  endfacet
  facet normal 0.000000 0.000000 0.000000
    outer loop
      vertex 4.799000 -0.000998 -5.679000
      vertex 2.401000 -0.000998 -4.720714
      vertex 4.799000 -0.000998 -4.720714
    endloop
  endfacet
  facet normal 0.000000 0.000000 0.000000
    outer loop
      vertex 2.401000 -0.000998 -4.720714
      vertex 2.401000 -0.798998 -4.720714
      vertex 4.799000 -0.798998 -4.720714
    endloop
  endfacet
  facet normal 0.000000 0.000000 0.000000
    outer loop
      vertex 2.401000 -0.000998 -4.720714
      vertex 4.799000 -0.798998 -4.720714
      vertex 4.799000 -0.000998 -4.720714
    endloop
  endfacet
  facet normal 0.000000 0.000000 0.000000
    outer loop
      vertex 4.639133 -0.399998 -4.561000
      vertex 4.639133 -0.399998 -4.720714
      vertex 4.568898 -0.230717 -4.720714
    endloop
  endfacet
  facet normal 0.000000 0.000000 0.000000
    outer loop
      vertex 4.639133 -0.399998 -4.561000
      vertex 4.568898 -0.230717 -4.720714
      vertex 4.568898 -0.230717 -4.561000
    endloop
  endfacet
  facet normal 0.000000 0.000000 0.000000
    outer loop
      vertex 4.568898 -0.230717 -4.561000
      vertex 4.568898 -0.230717 -4.720714
      vertex 4.399333 -0.160598 -4.720714
    endloop
  endfacet
  facet normal 0.000000 0.000000 0.000000
    outer loop
      vertex 4.568898 -0.230717 -4.561000
      vertex 4.399333 -0.160598 -4.720714
      vertex 4.399333 -0.160598 -4.561000
    endloop
  endfacet
  facet normal 0.000000 0.000000 0.000000
    outer loop
      vertex 4.399333 -0.160598 -4.561000
      vertex 4.399333 -0.160598 -4.720714
      vertex 4.229769 -0.230717 -4.720714
    endloop
  endfacet
  facet normal 0.000000 0.000000 0.000000
    outer loop
      vertex 4.399333 -0.160598 -4.561000
      vertex 4.229769 -0.230717 -4.720714
      vertex 4.229769 -0.230717 -4.561000
    endloop
  endfacet
  facet normal 0.000000 0.000000 0.000000
    outer loop
      vertex 4.229769 -0.230717 -4.561000
      vertex 4.229769 -0.230717 -4.720714
      vertex 4.159534 -0.399998 -4.720714
    endloop
  endfacet
  facet normal 0.000000 0.000000 0.000000
    outer loop
      vertex 4.229769 -0.230717 -4.561000
      vertex 4.159534 -0.399998 -4.720714
      vertex 4.159534 -0.399998 -4.561000
    endloop
  endfacet
  facet normal 0.000000 0.000000 0.000000
    outer loop
      vertex 4.159534 -0.399998 -4.561000
      vertex 4.159534 -0.399998 -4.720714
      vertex 4.229769 -0.569280 -4.720714
    endloop
  endfacet
  facet normal 0.000000 0.000000 0.000000
    outer loop
      vertex 4.159534 -0.399998 -4.561000
      vertex 4.229769 -0.569280 -4.720714
      vertex 4.229769 -0.569280 -4.561000
    endloop
  endfacet
  facet normal 0.000000 0.000000 0.000000
    outer loop
      vertex 4.229769 -0.569280 -4.561000
      vertex 4.229769 -0.569280 -4.720714
      vertex 4.399333 -0.639398 -4.720714
    endloop
  endfacet
  facet normal 0.000000 0.000000 0.000000
    outer loop
      vertex 4.229769 -0.569280 -4.561000
      vertex 4.399333 -0.639398 -4.720714
      vertex 4.399333 -0.639398 -4.561000
    endloop
  endfacet
  facet normal 0.000000 0.000000 0.000000
    outer loop
      vertex 4.399333 -0.639398 -4.561000
      vertex 4.399333 -0.639398 -4.720714
      vertex 4.568898 -0.569280 -4.720714
    endloop
  endfacet
  facet normal 0.000000 0.000000 0.000000
    outer loop
      vertex 4.399333 -0.639398 -4.561000
      vertex 4.568898 -0.569280 -4.720714
      vertex 4.568898 -0.569280 -4.561000
    endloop
  endfacet
  facet normal 0.000000 0.000000 0.000000
    outer loop
      vertex 4.568898 -0.569280 -4.561000
      vertex 4.568898 -0.569280 -4.720714
      vertex 4.639133 -0.399998 -4.720714
    endloop
  endfacet
  facet normal 0.000000 0.000000 0.000000
    outer loop
      vertex 4.568898 -0.569280 -4.561000
      vertex 4.639133 -0.399998 -4.720714
      vertex 4.639133 -0.399998 -4.561000
    endloop
  endfacet
  facet normal 0.000000 0.000000 0.000000
    outer loop
      vertex 3.839800 -0.399998 -4.561000
      vertex 3.839800 -0.399998 -4.720714
      vertex 3.769564 -0.230717 -4.720714
    endloop
  endfacet
  facet normal 0.000000 0.000000 0.000000
    outer loop
      vertex 3.839800 -0.399998 -4.561000
      vertex 3.769564 -0.230717 -4.720714
      vertex 3.769564 -0.230717 -4.561000
    endloop
  endfacet
  facet normal 0.000000 0.000000 0.000000
    outer loop
      vertex 3.769564 -0.230717 -4.561000
      vertex 3.769564 -0.230717 -4.720714
      vertex 3.600000 -0.160598 -4.720714
    endloop
  endfacet
  facet normal 0.000000 0.000000 0.000000
    outer loop
      vertex 3.769564 -0.230717 -4.561000
      vertex 3.600000 -0.160598 -4.720714
      vertex 3.600000 -0.160598 -4.561000
    endloop
  endfacet
  facet normal 0.000000 0.000000 0.000000
    outer loop
      vertex 3.600000 -0.160598 -4.561000
      vertex 3.600000 -0.160598 -4.720714
      vertex 3.430436 -0.230717 -4.720714
    endloop
  endfacet
  facet normal 0.000000 0.000000 0.000000
    outer loop
      vertex 3.600000 -0.160598 -4.561000
      vertex 3.430436 -0.230717 -4.720714
      vertex 3.430436 -0.230717 -4.561000
    endloop
  endfacet
  facet normal 0.000000 0.000000 0.000000
    outer loop
      vertex 3.430436 -0.230717 -4.561000
      vertex 3.430436 -0.230717 -4.720714
      vertex 3.360200 -0.399998 -4.720714
    endloop
  endfacet
  facet normal 0.000000 0.000000 0.000000
    outer loop
      vertex 3.430436 -0.230717 -4.561000
      vertex 3.360200 -0.399998 -4.720714
      vertex 3.360200 -0.399998 -4.561000
    endloop
  endfacet
  facet normal 0.000000 0.000000 0.000000
    outer loop
      vertex 3.360200 -0.399998 -4.561000
      vertex 3.360200 -0.399998 -4.720714
      vertex 3.430436 -0.569280 -4.720714
    endloop
  endfacet
  facet normal 0.000000 0.000000 0.000000
    outer loop
      vertex 3.360200 -0.399998 -4.561000
      vertex 3.430436 -0.569280 -4.720714
      vertex 3.430436 -0.569280 -4.561000
    endloop
  endfacet
  facet normal 0.000000 0.000000 0.000000
    outer loop
      vertex 3.430436 -0.569280 -4.561000
      vertex 3.430436 -0.569280 -4.720714
      vertex 3.600000 -0.639398 -4.720714
    endloop
  endfacet
  facet normal 0.000000 0.000000 0.000000
    outer loop
      vertex 3.430436 -0.569280 -4.561000
      vertex 3.600000 -0.639398 -4.720714
      vertex 3.600000 -0.639398 -4.561000
    endloop
  endfacet
  facet normal 0.000000 0.000000 0.000000
    outer loop
      vertex 3.600000 -0.639398 -4.561000
      vertex 3.600000 -0.639398 -4.720714
      vertex 3.769564 -0.569280 -4.720714
    endloop
  endfacet
  facet normal 0.000000 0.000000 0.000000
    outer loop
      vertex 3.600000 -0.639398 -4.561000
      vertex 3.769564 -0.569280 -4.720714
      vertex 3.769564 -0.569280 -4.561000
    endloop
  endfacet
  facet normal 0.000000 0.000000 0.000000
    outer loop
      vertex 3.769564 -0.569280 -4.561000
      vertex 3.769564 -0.569280 -4.720714
      vertex 3.839800 -0.399998 -4.720714
    endloop
  endfacet
  facet normal 0.000000 0.000000 0.000000
    outer loop
      vertex 3.769564 -0.569280 -4.561000
      vertex 3.839800 -0.399998 -4.720714
      vertex 3.839800 -0.399998 -4.561000
    endloop
  endfacet
  facet normal 0.000000 0.000000 0.000000
    outer loop
      vertex 3.040467 -0.399998 -4.561000
      vertex 3.040467 -0.399998 -4.720714
      vertex 2.970231 -0.230717 -4.720714
    endloop
  endfacet
  facet normal 0.000000 0.000000 0.000000
    outer loop
      vertex 3.040467 -0.399998 -4.561000
      vertex 2.970231 -0.230717 -4.720714
      vertex 2.970231 -0.230717 -4.561000
    endloop
  endfacet
  facet normal 0.000000 0.000000 0.000000
    outer loop
      vertex 2.970231 -0.230717 -4.561000
      vertex 2.970231 -0.230717 -4.720714
      vertex 2.800666 -0.160598 -4.720714
    endloop
  endfacet
  facet normal 0.000000 0.000000 0.000000
    outer loop
      vertex 2.970231 -0.230717 -4.561000
      vertex 2.800666 -0.160598 -4.720714
      vertex 2.800666 -0.160598 -4.561000
    endloop
  endfacet
  facet normal 0.000000 0.000000 0.000000
    outer loop
      vertex 2.800666 -0.160598 -4.561000
      vertex 2.800666 -0.160598 -4.720714
      vertex 2.631102 -0.230717 -4.720714
    endloop
  endfacet
  facet normal 0.000000 0.000000 0.000000
    outer loop
      vertex 2.800666 -0.160598 -4.561000
      vertex 2.631102 -0.230717 -4.720714
      vertex 2.631102 -0.230717 -4.561000
    endloop
  endfacet
  facet normal 0.000000 0.000000 0.000000
    outer loop
      vertex 2.631102 -0.230717 -4.561000
      vertex 2.631102 -0.230717 -4.720714
      vertex 2.560867 -0.399998 -4.720714
    endloop
  endfacet
  facet normal 0.000000 0.000000 0.000000
    outer loop
      vertex 2.631102 -0.230717 -4.561000
      vertex 2.560867 -0.399998 -4.720714
      vertex 2.560867 -0.399998 -4.561000
    endloop
  endfacet
  facet normal 0.000000 0.000000 0.000000
    outer loop
      vertex 2.560867 -0.399998 -4.561000
      vertex 2.560867 -0.399998 -4.720714
      vertex 2.631103 -0.569280 -4.720714
    endloop
  endfacet
  facet normal 0.000000 0.000000 0.000000
    outer loop
      vertex 2.560867 -0.399998 -4.561000
      vertex 2.631103 -0.569280 -4.720714
      vertex 2.631103 -0.569280 -4.561000
    endloop
  endfacet
  facet normal 0.000000 0.000000 0.000000
    outer loop
      vertex 2.631103 -0.569280 -4.561000
      vertex 2.631103 -0.569280 -4.720714
      vertex 2.800666 -0.639398 -4.720714
    endloop
  endfacet
  facet normal 0.000000 0.000000 0.000000
    outer loop
      vertex 2.631103 -0.569280 -4.561000
      vertex 2.800666 -0.639398 -4.720714
      vertex 2.800666 -0.639398 -4.561000
    endloop
  endfacet
  facet normal 0.000000 0.000000 0.000000
    outer loop
      vertex 2.800666 -0.639398 -4.561000
      vertex 2.800666 -0.639398 -4.720714
      vertex 2.970231 -0.569280 -4.720714
    endloop
  endfacet
  facet normal 0.000000 0.000000 0.000000
    outer loop
      vertex 2.800666 -0.639398 -4.561000
      vertex 2.970231 -0.569280 -4.720714
      vertex 2.970231 -0.569280 -4.561000
    endloop
  endfacet
  facet normal 0.000000 0.000000 0.000000
    outer loop
      vertex 2.970231 -0.569280 -4.561000
      vertex 2.970231 -0.569280 -4.720714
      vertex 3.040467 -0.399998 -4.720714
    endloop
  endfacet
  facet normal 0.000000 0.000000 0.000000
    outer loop
      vertex 2.970231 -0.569280 -4.561000
      vertex 3.040467 -0.399998 -4.720714
      vertex 3.040467 -0.399998 -4.561000
    endloop
  endfacet
  facet normal 0.000000 0.000000 0.000000
    outer loop
      vertex 4.399333 -0.399998 -4.561000
      vertex 4.639133 -0.399998 -4.561000
      vertex 4.568898 -0.230717 -4.561000
    endloop
  endfacet
  facet normal 0.000000 0.000000 0.000000
    outer loop
      vertex 4.399333 -0.399998 -4.561000
      vertex 4.568898 -0.230717 -4.561000
      vertex 4.399333 -0.160598 -4.561000
    endloop
  endfacet
  facet normal 0.000000 0.000000 0.000000
    outer loop
      vertex 4.399333 -0.399998 -4.561000
      vertex 4.399333 -0.160598 -4.561000
      vertex 4.229769 -0.230717 -4.561000
    endloop
  endfacet
  facet normal 0.000000 0.000000 0.000000
    outer loop
      vertex 4.399333 -0.399998 -4.561000
      vertex 4.229769 -0.230717 -4.561000
      vertex 4.159534 -0.399998 -4.561000
    endloop
  endfacet
  facet normal 0.000000 0.000000 0.000000
    outer loop
      vertex 4.399333 -0.399998 -4.561000
      vertex 4.159534 -0.399998 -4.561000
      vertex 4.229769 -0.569280 -4.561000
    endloop
  endfacet
  facet normal 0.000000 0.000000 0.000000
    outer loop
      vertex 4.399333 -0.399998 -4.561000
      vertex 4.229769 -0.569280 -4.561000
      vertex 4.399333 -0.639398 -4.561000
    endloop
  endfacet
  facet normal 0.000000 0.000000 0.000000
    outer loop
      vertex 4.399333 -0.399998 -4.561000
      vertex 4.399333 -0.639398 -4.561000
      vertex 4.568898 -0.569280 -4.561000
    endloop
  endfacet
  facet normal 0.000000 0.000000 0.000000
    outer loop
      vertex 4.399333 -0.399998 -4.561000
      vertex 4.568898 -0.569280 -4.561000
      vertex 4.639133 -0.399998 -4.561000
    endloop
  endfacet
  facet normal 0.000000 0.000000 0.000000
    outer loop
      vertex 3.600000 -0.399998 -4.561000
      vertex 3.839800 -0.399998 -4.561000
      vertex 3.769564 -0.230717 -4.561000
    endloop
  endfacet
  facet normal 0.000000 0.000000 0.000000
    outer loop
      vertex 3.600000 -0.399998 -4.561000
      vertex 3.769564 -0.230717 -4.561000
      vertex 3.600000 -0.160598 -4.561000
    endloop
  endfacet
  facet normal 0.000000 0.000000 0.000000
    outer loop
      vertex 3.600000 -0.399998 -4.561000
      vertex 3.600000 -0.160598 -4.561000
      vertex 3.430436 -0.230717 -4.561000
    endloop
  endfacet
  facet normal 0.000000 0.000000 0.000000
    outer loop
      vertex 3.600000 -0.399998 -4.561000
      vertex 3.430436 -0.230717 -4.561000
      vertex 3.360200 -0.399998 -4.561000
    endloop
  endfacet
  facet normal 0.000000 0.000000 0.000000
    outer loop
      vertex 3.600000 -0.399998 -4.561000
      vertex 3.360200 -0.399998 -4.561000
      vertex 3.430436 -0.569280 -4.561000
    endloop
  endfacet
  facet normal 0.000000 0.000000 0.000000
    outer loop
      vertex 3.600000 -0.399998 -4.561000
      vertex 3.430436 -0.569280 -4.561000
      vertex 3.600000 -0.639398 -4.561000
    endloop
  endfacet
  facet normal 0.000000 0.000000 0.000000
    outer loop
      vertex 3.600000 -0.399998 -4.561000
      vertex 3.600000 -0.639398 -4.561000
      vertex 3.769564 -0.569280 -4.561000
    endloop
  endfacet
  facet normal 0.000000 0.000000 0.000000
    outer loop
      vertex 3.600000 -0.399998 -4.561000
      vertex 3.769564 -0.569280 -4.561000
      vertex 3.839800 -0.399998 -4.561000
    endloop
  endfacet
  facet normal 0.000000 0.000000 0.000000
    outer loop
      vertex 2.800666 -0.399998 -4.561000
      vertex 3.040467 -0.399998 -4.561000
      vertex 2.970231 -0.230717 -4.561000
    endloop
  endfacet
  facet normal 0.000000 0.000000 0.000000
    outer loop
      vertex 2.800666 -0.399998 -4.561000
      vertex 2.970231 -0.230717 -4.561000
      vertex 2.800666 -0.160598 -4.561000
    endloop
  endfacet
  facet normal 0.000000 0.000000 0.000000
    outer loop
      vertex 2.800666 -0.399998 -4.561000
      vertex 2.800666 -0.160598 -4.561000
      vertex 2.631102 -0.230717 -4.561000
    endloop
  endfacet
  facet normal 0.000000 0.000000 0.000000
    outer loop
      vertex 2.800666 -0.399998 -4.561000
      vertex 2.631102 -0.230717 -4.561000
      vertex 2.560867 -0.399998 -4.561000
    endloop
  endfacet
  facet normal 0.000000 0.000000 0.000000
    outer loop
      vertex 2.800666 -0.399998 -4.561000
      vertex 2.560867 -0.399998 -4.561000
      vertex 2.631103 -0.569280 -4.561000
    endloop
  endfacet
  facet normal 0.000000 0.000000 0.000000
    outer loop
      vertex 2.800666 -0.399998 -4.561000
      vertex 2.631103 -0.569280 -4.561000
      vertex 2.800666 -0.639398 -4.561000
    endloop
  endfacet
  facet normal 0.000000 0.000000 0.000000
    outer loop
      vertex 2.800666 -0.399998 -4.561000
      vertex 2.800666 -0.639398 -4.561000
      vertex 2.970231 -0.569280 -4.561000
    endloop
  endfacet
  facet normal 0.000000 0.000000 0.000000
    outer loop
      vertex 2.800666 -0.399998 -4.561000
      vertex 2.970231 -0.569280 -4.561000
      vertex 3.040467 -0.399998 -4.561000
    endloop
  endfacet
  facet normal 0.000000 0.000000 0.000000
    outer loop
      vertex 4.159534 -0.399998 -4.719002
      vertex 4.112709 -0.512853 -4.719002
      vertex 3.999667 -0.399998 -4.719002
    endloop
  endfacet
  facet normal 0.000000 0.000000 0.000000
    outer loop
      vertex 4.112709 -0.512853 -4.719002
      vertex 3.999667 -0.559598 -4.719002
      vertex 3.999667 -0.399998 -4.719002
    endloop
  endfacet
  facet normal 0.000000 0.000000 0.000000
    outer loop
      vertex 3.999667 -0.559598 -4.719002
      vertex 3.886624 -0.512853 -4.719002
      vertex 3.999667 -0.399998 -4.719002
    endloop
  endfacet
  facet normal 0.000000 0.000000 0.000000
    outer loop
      vertex 3.886624 -0.512853 -4.719002
      vertex 3.839800 -0.399998 -4.719002
      vertex 3.999667 -0.399998 -4.719002
    endloop
  endfacet
  facet normal 0.000000 0.000000 0.000000
    outer loop
      vertex 3.839800 -0.399998 -4.719002
      vertex 3.886624 -0.287144 -4.719002
      vertex 3.999667 -0.399998 -4.719002
    endloop
  endfacet
  facet normal 0.000000 0.000000 0.000000
    outer loop
      vertex 3.886624 -0.287144 -4.719002
      vertex 3.999667 -0.240398 -4.719002
      vertex 3.999667 -0.399998 -4.719002
    endloop
  endfacet
  facet normal 0.000000 0.000000 0.000000
    outer loop
      vertex 3.999667 -0.240398 -4.719002
      vertex 4.112709 -0.287144 -4.719002
      vertex 3.999667 -0.399998 -4.719002
    endloop
  endfacet
  facet normal 0.000000 0.000000 0.000000
    outer loop
      vertex 4.112709 -0.287144 -4.719002
      vertex 4.159534 -0.399998 -4.719002
      vertex 3.999667 -0.399998 -4.719002
    endloop
  endfacet
  facet normal 0.000000 0.000000 0.000000
    outer loop
      vertex 3.360200 -0.399998 -4.719002
      vertex 3.313376 -0.512853 -4.719002
      vertex 3.200333 -0.399998 -4.719002
    endloop
  endfacet
  facet normal 0.000000 0.000000 0.000000
    outer loop
      vertex 3.313376 -0.512853 -4.719002
      vertex 3.200333 -0.559598 -4.719002
      vertex 3.200333 -0.399998 -4.719002
    endloop
  endfacet
  facet normal 0.000000 0.000000 0.000000
    outer loop
      vertex 3.200333 -0.559598 -4.719002
      vertex 3.087291 -0.512853 -4.719002
      vertex 3.200333 -0.399998 -4.719002
    endloop
  endfacet
  facet normal 0.000000 0.000000 0.000000
    outer loop
      vertex 3.087291 -0.512853 -4.719002
      vertex 3.040467 -0.399998 -4.719002
      vertex 3.200333 -0.399998 -4.719002
    endloop
  endfacet
  facet normal 0.000000 0.000000 0.000000
    outer loop
      vertex 3.040467 -0.399998 -4.719002
      vertex 3.087291 -0.287144 -4.719002
      vertex 3.200333 -0.399998 -4.719002
    endloop
  endfacet
  facet normal 0.000000 0.000000 0.000000
    outer loop
      vertex 3.087291 -0.287144 -4.719002
      vertex 3.200333 -0.240398 -4.719002
      vertex 3.200333 -0.399998 -4.719002
    endloop
  endfacet
  facet normal 0.000000 0.000000 0.000000
    outer loop
      vertex 3.200333 -0.240398 -4.719002
      vertex 3.313376 -0.287144 -4.719002
      vertex 3.200333 -0.399998 -4.719002
    endloop
  endfacet
  facet normal 0.000000 0.000000 0.000000
    outer loop
      vertex 3.313376 -0.287144 -4.719002
      vertex 3.360200 -0.399998 -4.719002
      vertex 3.200333 -0.399998 -4.719002
    endloop
  endfacet
  facet normal 0.000000 0.000000 0.000000
    outer loop
      vertex 4.799000 -0.798998 -3.760716
      vertex 2.401000 -0.798998 -3.760716
      vertex 2.401000 -0.798998 -4.719002
    endloop
  endfacet
  facet normal 0.000000 0.000000 0.000000
    outer loop
      vertex 4.799000 -0.798998 -3.760716
      vertex 2.401000 -0.798998 -4.719002
      vertex 4.799000 -0.798998 -4.719002
    endloop
  endfacet
  facet normal 0.000000 0.000000 0.000000
    outer loop
      vertex 4.799000 -0.000998 -4.719002
      vertex 4.639133 -0.160598 -4.719002
      vertex 2.560867 -0.160598 -4.719002
    endloop
  endfacet
  facet normal 0.000000 0.000000 0.000000
    outer loop
      vertex 4.799000 -0.000998 -4.719002
      vertex 2.560867 -0.160598 -4.719002
      vertex 2.401000 -0.000998 -4.719002
    endloop
  endfacet
  facet normal 0.000000 0.000000 0.000000
    outer loop
      vertex 2.401000 -0.000998 -4.719002
      vertex 2.560867 -0.160598 -4.719002
      vertex 2.560867 -0.639398 -4.719002
    endloop
  endfacet
  facet normal 0.000000 0.000000 0.000000
    outer loop
      vertex 2.401000 -0.000998 -4.719002
      vertex 2.560867 -0.639398 -4.719002
      vertex 2.401000 -0.798998 -4.719002
    endloop
  endfacet
  facet normal 0.000000 0.000000 0.000000
    outer loop
      vertex 2.401000 -0.798998 -4.719002
      vertex 2.560867 -0.639398 -4.719002
      vertex 4.639133 -0.639398 -4.719002
    endloop
  endfacet
  facet normal 0.000000 0.000000 0.000000
    outer loop
      vertex 2.401000 -0.798998 -4.719002
      vertex 4.639133 -0.639398 -4.719002
      vertex 4.799000 -0.798998 -4.719002
    endloop
  endfacet
  facet normal 0.000000 0.000000 0.000000
    outer loop
      vertex 4.799000 -0.798998 -4.719002
      vertex 4.639133 -0.639398 -4.719002
      vertex 4.639133 -0.160598 -4.719002
    endloop
  endfacet
  facet normal 0.000000 0.000000 0.000000
    outer loop
      vertex 4.799000 -0.798998 -4.719002
      vertex 4.639133 -0.160598 -4.719002
      vertex 4.799000 -0.000998 -4.719002
    endloop
  endfacet
  facet normal 0.000000 0.000000 0.000000
    outer loop
      vertex 4.159534 -0.399998 -4.719002
      vertex 4.159534 -0.399998 -3.920430
      vertex 4.112709 -0.512853 -3.920430
    endloop
  endfacet
  facet normal 0.000000 0.000000 0.000000
    outer loop
      vertex 4.159534 -0.399998 -4.719002
      vertex 4.112709 -0.512853 -3.920430
      vertex 4.112709 -0.512853 -4.719002
    endloop
  endfacet
  facet normal 0.000000 0.000000 0.000000
    outer loop
      vertex 4.112709 -0.512853 -4.719002
      vertex 4.112709 -0.512853 -3.920430
      vertex 3.999667 -0.559598 -3.920430
    endloop
  endfacet
  facet normal 0.000000 0.000000 0.000000
    outer loop
      vertex 4.112709 -0.512853 -4.719002
      vertex 3.999667 -0.559598 -3.920430
      vertex 3.999667 -0.559598 -4.719002
    endloop
  endfacet
  facet normal 0.000000 0.000000 0.000000
    outer loop
      vertex 3.999667 -0.559598 -4.719002
      vertex 3.999667 -0.559598 -3.920430
      vertex 3.886624 -0.512853 -3.920430
    endloop
  endfacet
  facet normal 0.000000 0.000000 0.000000
    outer loop
      vertex 3.999667 -0.559598 -4.719002
      vertex 3.886624 -0.512853 -3.920430
      vertex 3.886624 -0.512853 -4.719002
    endloop
  endfacet
  facet normal 0.000000 0.000000 0.000000
    outer loop
      vertex 3.886624 -0.512853 -4.719002
      vertex 3.886624 -0.512853 -3.920430
      vertex 3.839800 -0.399998 -3.920430
    endloop
  endfacet
  facet normal 0.000000 0.000000 0.000000
    outer loop
      vertex 3.886624 -0.512853 -4.719002
      vertex 3.839800 -0.399998 -3.920430
      vertex 3.839800 -0.399998 -4.719002
    endloop
  endfacet
  facet normal 0.000000 0.000000 0.000000
    outer loop
      vertex 3.839800 -0.399998 -4.719002
      vertex 3.839800 -0.399998 -3.920430
      vertex 3.886624 -0.287144 -3.920430
    endloop
  endfacet
  facet normal 0.000000 0.000000 0.000000
    outer loop
      vertex 3.839800 -0.399998 -4.719002
      vertex 3.886624 -0.287144 -3.920430
      vertex 3.886624 -0.287144 -4.719002
    endloop
  endfacet
  facet normal 0.000000 0.000000 0.000000
    outer loop
      vertex 3.886624 -0.287144 -4.719002
      vertex 3.886624 -0.287144 -3.920430
      vertex 3.999667 -0.240398 -3.920430
    endloop
  endfacet
  facet normal 0.000000 0.000000 0.000000
    outer loop
      vertex 3.886624 -0.287144 -4.719002
      vertex 3.999667 -0.240398 -3.920430
      vertex 3.999667 -0.240398 -4.719002
    endloop
  endfacet
  facet normal 0.000000 0.000000 0.000000
    outer loop
      vertex 3.999667 -0.240398 -4.719002
      vertex 3.999667 -0.240398 -3.920430
      vertex 4.112709 -0.287144 -3.920430
    endloop
  endfacet
  facet normal 0.000000 0.000000 0.000000
    outer loop
      vertex 3.999667 -0.240398 -4.719002
      vertex 4.112709 -0.287144 -3.920430
      vertex 4.112709 -0.287144 -4.719002
    endloop
  endfacet
  facet normal 0.000000 0.000000 0.000000
    outer loop
      vertex 4.112709 -0.287144 -4.719002
      vertex 4.112709 -0.287144 -3.920430
      vertex 4.159534 -0.399998 -3.920430
    endloop
  endfacet
  facet normal 0.000000 0.000000 0.000000
    outer loop
      vertex 4.112709 -0.287144 -4.719002
      vertex 4.159534 -0.399998 -3.920430
      vertex 4.159534 -0.399998 -4.719002
    endloop
  endfacet
  facet normal 0.000000 0.000000 0.000000
    outer loop
      vertex 3.360200 -0.399998 -4.719002
      vertex 3.360200 -0.399998 -3.920430
      vertex 3.313376 -0.512853 -3.920430
    endloop
  endfacet
  facet normal 0.000000 0.000000 0.000000
    outer loop
      vertex 3.360200 -0.399998 -4.719002
      vertex 3.313376 -0.512853 -3.920430
      vertex 3.313376 -0.512853 -4.719002
    endloop
  endfacet
  facet normal 0.000000 0.000000 0.000000
    outer loop
      vertex 3.313376 -0.512853 -4.719002
      vertex 3.313376 -0.512853 -3.920430
      vertex 3.200333 -0.559598 -3.920430
    endloop
  endfacet
  facet normal 0.000000 0.000000 0.000000
    outer loop
      vertex 3.313376 -0.512853 -4.719002
      vertex 3.200333 -0.559598 -3.920430
      vertex 3.200333 -0.559598 -4.719002
    endloop
  endfacet
  facet normal 0.000000 0.000000 0.000000
    outer loop
      vertex 3.200333 -0.559598 -4.719002
      vertex 3.200333 -0.559598 -3.920430
      vertex 3.087291 -0.512853 -3.920430
    endloop
  endfacet
  facet normal 0.000000 0.000000 0.000000
    outer loop
      vertex 3.200333 -0.559598 -4.719002
      vertex 3.087291 -0.512853 -3.920430
      vertex 3.087291 -0.512853 -4.719002
    endloop
  endfacet
  facet normal 0.000000 0.000000 0.000000
    outer loop
      vertex 3.087291 -0.512853 -4.719002
      vertex 3.087291 -0.512853 -3.920430
      vertex 3.040467 -0.399998 -3.920430
    endloop
  endfacet
  facet normal 0.000000 0.000000 0.000000
    outer loop
      vertex 3.087291 -0.512853 -4.719002
      vertex 3.040467 -0.399998 -3.920430
      vertex 3.040467 -0.399998 -4.719002
    endloop
  endfacet
  facet normal 0.000000 0.000000 0.000000
    outer loop
      vertex 3.040467 -0.399998 -4.719002
      vertex 3.040467 -0.399998 -3.920430
      vertex 3.087291 -0.287144 -3.920430
    endloop
  endfacet
  facet normal 0.000000 0.000000 0.000000
    outer loop
      vertex 3.040467 -0.399998 -4.719002
      vertex 3.087291 -0.287144 -3.920430
      vertex 3.087291 -0.287144 -4.719002
    endloop
  endfacet
  facet normal 0.000000 0.000000 0.000000
    outer loop
      vertex 3.087291 -0.287144 -4.719002
      vertex 3.087291 -0.287144 -3.920430
      vertex 3.200333 -0.240398 -3.920430
    endloop
  endfacet
  facet normal 0.000000 0.000000 0.000000
    outer loop
      vertex 3.087291 -0.287144 -4.719002
      vertex 3.200333 -0.240398 -3.920430
      vertex 3.200333 -0.240398 -4.719002
    endloop
  endfacet
  facet normal 0.000000 0.000000 0.000000
    outer loop
      vertex 3.200333 -0.240398 -4.719002
      vertex 3.200333 -0.240398 -3.920430
      vertex 3.313376 -0.287144 -3.920430
    endloop
  endfacet
  facet normal 0.000000 0.000000 0.000000
    outer loop
      vertex 3.200333 -0.240398 -4.719002
      vertex 3.313376 -0.287144 -3.920430
      vertex 3.313376 -0.287144 -4.719002
    endloop
  endfacet
  facet normal 0.000000 0.000000 0.000000
    outer loop
      vertex 3.313376 -0.287144 -4.719002
      vertex 3.313376 -0.287144 -3.920430
      vertex 3.360200 -0.399998 -3.920430
    endloop
  endfacet
  facet normal 0.000000 0.000000 0.000000
    outer loop
      vertex 3.313376 -0.287144 -4.719002
      vertex 3.360200 -0.399998 -3.920430
      vertex 3.360200 -0.399998 -4.719002
    endloop
  endfacet
  facet normal 0.000000 0.000000 0.000000
    outer loop
      vertex 2.560867 -0.160598 -3.920430
      vertex 4.639133 -0.160598 -3.920430
      vertex 4.639133 -0.639398 -3.920430
    endloop
  endfacet
  facet normal 0.000000 0.000000 0.000000
    outer loop
      vertex 2.560867 -0.160598 -3.920430
      vertex 4.639133 -0.639398 -3.920430
      vertex 2.560867 -0.639398 -3.920430
    endloop
  endfacet
  facet normal 0.000000 0.000000 0.000000
    outer loop
      vertex 2.560867 -0.160598 -3.920430
      vertex 2.560867 -0.160598 -4.719002
      vertex 4.639133 -0.160598 -4.719002
    endloop
  endfacet
  facet normal 0.000000 0.000000 0.000000
    outer loop
      vertex 2.560867 -0.160598 -3.920430
      vertex 4.639133 -0.160598 -4.719002
      vertex 4.639133 -0.160598 -3.920430
    endloop
  endfacet
  facet normal 0.000000 0.000000 0.000000
    outer loop
      vertex 2.560867 -0.639398 -3.920430
      vertex 2.560867 -0.639398 -4.719002
      vertex 2.560867 -0.160598 -4.719002
    endloop
  endfacet
  facet normal 0.000000 0.000000 0.000000
    outer loop
      vertex 2.560867 -0.639398 -3.920430
      vertex 2.560867 -0.160598 -4.719002
      vertex 2.560867 -0.160598 -3.920430
    endloop
  endfacet
  facet normal 0.000000 0.000000 0.000000
    outer loop
      vertex 4.639133 -0.639398 -3.920430
      vertex 4.639133 -0.639398 -4.719002
      vertex 2.560867 -0.639398 -4.719002
    endloop
  endfacet
  facet normal 0.000000 0.000000 0.000000
    outer loop
      vertex 4.639133 -0.639398 -3.920430
      vertex 2.560867 -0.639398 -4.719002
      vertex 2.560867 -0.639398 -3.920430
    endloop
  endfacet
  facet normal 0.000000 0.000000 0.000000
    outer loop
      vertex 4.639133 -0.160598 -3.920430
      vertex 4.639133 -0.160598 -4.719002
      vertex 4.639133 -0.639398 -4.719002
    endloop
  endfacet
  facet normal 0.000000 0.000000 0.000000
    outer loop
      vertex 4.639133 -0.160598 -3.920430
      vertex 4.639133 -0.639398 -4.719002
      vertex 4.639133 -0.639398 -3.920430
    endloop
  endfacet
  facet normal 0.000000 0.000000 0.000000
    outer loop
      vertex 4.799000 -0.798998 -4.719002
      vertex 4.799000 -0.000998 -4.719002
      vertex 4.799000 -0.000998 -3.760716
    endloop
  endfacet
  facet normal 0.000000 0.000000 0.000000
    outer loop
      vertex 4.799000 -0.798998 -4.719002
      vertex 4.799000 -0.000998 -3.760716
      vertex 4.799000 -0.798998 -3.760716
    endloop
  endfacet
  facet normal 0.000000 0.000000 0.000000
    outer loop
      vertex 2.401000 -0.000998 -4.719002
      vertex 2.401000 -0.798998 -4.719002
      vertex 2.401000 -0.798998 -3.760716
    endloop
  endfacet
  facet normal 0.000000 0.000000 0.000000
    outer loop
      vertex 2.401000 -0.000998 -4.719002
      vertex 2.401000 -0.798998 -3.760716
      vertex 2.401000 -0.000998 -3.760716
    endloop
  endfacet
  facet normal 0.000000 0.000000 0.000000
    outer loop
      vertex 4.799000 -0.000998 -4.719002
      vertex 2.401000 -0.000998 -4.719002
      vertex 2.401000 -0.000998 -3.760716
    endloop
  endfacet
  facet normal 0.000000 0.000000 0.000000
    outer loop
      vertex 4.799000 -0.000998 -4.719002
      vertex 2.401000 -0.000998 -3.760716
      vertex 4.799000 -0.000998 -3.760716
    endloop
  endfacet
  facet normal 0.000000 0.000000 0.000000
    outer loop
      vertex 2.401000 -0.000998 -3.760716
      vertex 2.401000 -0.798998 -3.760716
      vertex 4.799000 -0.798998 -3.760716
    endloop
  endfacet
  facet normal 0.000000 0.000000 0.000000
    outer loop
      vertex 2.401000 -0.000998 -3.760716
      vertex 4.799000 -0.798998 -3.760716
      vertex 4.799000 -0.000998 -3.760716
    endloop
  endfacet
  facet normal 0.000000 0.000000 0.000000
    outer loop
      vertex 4.639133 -0.399998 -3.601002
      vertex 4.639133 -0.399998 -3.760716
      vertex 4.568898 -0.230717 -3.760716
    endloop
  endfacet
  facet normal 0.000000 0.000000 0.000000
    outer loop
      vertex 4.639133 -0.399998 -3.601002
      vertex 4.568898 -0.230717 -3.760716
      vertex 4.568898 -0.230717 -3.601002
    endloop
  endfacet
  facet normal 0.000000 0.000000 0.000000
    outer loop
      vertex 4.568898 -0.230717 -3.601002
      vertex 4.568898 -0.230717 -3.760716
      vertex 4.399333 -0.160598 -3.760716
    endloop
  endfacet
  facet normal 0.000000 0.000000 0.000000
    outer loop
      vertex 4.568898 -0.230717 -3.601002
      vertex 4.399333 -0.160598 -3.760716
      vertex 4.399333 -0.160598 -3.601002
    endloop
  endfacet
  facet normal 0.000000 0.000000 0.000000
    outer loop
      vertex 4.399333 -0.160598 -3.601002
      vertex 4.399333 -0.160598 -3.760716
      vertex 4.229769 -0.230717 -3.760716
    endloop
  endfacet
  facet normal 0.000000 0.000000 0.000000
    outer loop
      vertex 4.399333 -0.160598 -3.601002
      vertex 4.229769 -0.230717 -3.760716
      vertex 4.229769 -0.230717 -3.601002
    endloop
  endfacet
  facet normal 0.000000 0.000000 0.000000
    outer loop
      vertex 4.229769 -0.230717 -3.601002
      vertex 4.229769 -0.230717 -3.760716
      vertex 4.159534 -0.399998 -3.760716
    endloop
  endfacet
  facet normal 0.000000 0.000000 0.000000
    outer loop
      vertex 4.229769 -0.230717 -3.601002
      vertex 4.159534 -0.399998 -3.760716
      vertex 4.159534 -0.399998 -3.601002
    endloop
  endfacet
  facet normal 0.000000 0.000000 0.000000
    outer loop
      vertex 4.159534 -0.399998 -3.601002
      vertex 4.159534 -0.399998 -3.760716
      vertex 4.229769 -0.569280 -3.760716
    endloop
  endfacet
  facet normal 0.000000 0.000000 0.000000
    outer loop
      vertex 4.159534 -0.399998 -3.601002
      vertex 4.229769 -0.569280 -3.760716
      vertex 4.229769 -0.569280 -3.601002
    endloop
  endfacet
  facet normal 0.000000 0.000000 0.000000
    outer loop
      vertex 4.229769 -0.569280 -3.601002
      vertex 4.229769 -0.569280 -3.760716
      vertex 4.399333 -0.639398 -3.760716
    endloop
  endfacet
  facet normal 0.000000 0.000000 0.000000
    outer loop
      vertex 4.229769 -0.569280 -3.601002
      vertex 4.399333 -0.639398 -3.760716
      vertex 4.399333 -0.639398 -3.601002
    endloop
  endfacet
  facet normal 0.000000 0.000000 0.000000
    outer loop
      vertex 4.399333 -0.639398 -3.601002
      vertex 4.399333 -0.639398 -3.760716
      vertex 4.568898 -0.569280 -3.760716
    endloop
  endfacet
  facet normal 0.000000 0.000000 0.000000
    outer loop
      vertex 4.399333 -0.639398 -3.601002
      vertex 4.568898 -0.569280 -3.760716
      vertex 4.568898 -0.569280 -3.601002
    endloop
  endfacet
  facet normal 0.000000 0.000000 0.000000
    outer loop
      vertex 4.568898 -0.569280 -3.601002
      vertex 4.568898 -0.569280 -3.760716
      vertex 4.639133 -0.399998 -3.760716
    endloop
  endfacet
  facet normal 0.000000 0.000000 0.000000
    outer loop
      vertex 4.568898 -0.569280 -3.601002
      vertex 4.639133 -0.399998 -3.760716
      vertex 4.639133 -0.399998 -3.601002
    endloop
  endfacet
  facet normal 0.000000 0.000000 0.000000
    outer loop
      vertex 3.839800 -0.399998 -3.601002
      vertex 3.839800 -0.399998 -3.760716
      vertex 3.769564 -0.230717 -3.760716
    endloop
  endfacet
  facet normal 0.000000 0.000000 0.000000
    outer loop
      vertex 3.839800 -0.399998 -3.601002
      vertex 3.769564 -0.230717 -3.760716
      vertex 3.769564 -0.230717 -3.601002
    endloop
  endfacet
  facet normal 0.000000 0.000000 0.000000
    outer loop
      vertex 3.769564 -0.230717 -3.601002
      vertex 3.769564 -0.230717 -3.760716
      vertex 3.600000 -0.160598 -3.760716
    endloop
  endfacet
  facet normal 0.000000 0.000000 0.000000
    outer loop
      vertex 3.769564 -0.230717 -3.601002
      vertex 3.600000 -0.160598 -3.760716
      vertex 3.600000 -0.160598 -3.601002
    endloop
  endfacet
  facet normal 0.000000 0.000000 0.000000
    outer loop
      vertex 3.600000 -0.160598 -3.601002
      vertex 3.600000 -0.160598 -3.760716
      vertex 3.430436 -0.230717 -3.760716
    endloop
  endfacet
  facet normal 0.000000 0.000000 0.000000
    outer loop
      vertex 3.600000 -0.160598 -3.601002
      vertex 3.430436 -0.230717 -3.760716
      vertex 3.430436 -0.230717 -3.601002
    endloop
  endfacet
  facet normal 0.000000 0.000000 0.000000
    outer loop
      vertex 3.430436 -0.230717 -3.601002
      vertex 3.430436 -0.230717 -3.760716
      vertex 3.360200 -0.399998 -3.760716
    endloop
  endfacet
  facet normal 0.000000 0.000000 0.000000
    outer loop
      vertex 3.430436 -0.230717 -3.601002
      vertex 3.360200 -0.399998 -3.760716
      vertex 3.360200 -0.399998 -3.601002
    endloop
  endfacet
  facet normal 0.000000 0.000000 0.000000
    outer loop
      vertex 3.360200 -0.399998 -3.601002
      vertex 3.360200 -0.399998 -3.760716
      vertex 3.430436 -0.569280 -3.760716
    endloop
  endfacet
  facet normal 0.000000 0.000000 0.000000
    outer loop
      vertex 3.360200 -0.399998 -3.601002
      vertex 3.430436 -0.569280 -3.760716
      vertex 3.430436 -0.569280 -3.601002
    endloop
  endfacet
  facet normal 0.000000 0.000000 0.000000
    outer loop
      vertex 3.430436 -0.569280 -3.601002
      vertex 3.430436 -0.569280 -3.760716
      vertex 3.600000 -0.639398 -3.760716
    endloop
  endfacet
  facet normal 0.000000 0.000000 0.000000
    outer loop
      vertex 3.430436 -0.569280 -3.601002
      vertex 3.600000 -0.639398 -3.760716
      vertex 3.600000 -0.639398 -3.601002
    endloop
  endfacet
  facet normal 0.000000 0.000000 0.000000
    outer loop
      vertex 3.600000 -0.639398 -3.601002
      vertex 3.600000 -0.639398 -3.760716
      vertex 3.769564 -0.569280 -3.760716
    endloop
  endfacet
  facet normal 0.000000 0.000000 0.000000
    outer loop
      vertex 3.600000 -0.639398 -3.601002
      vertex 3.769564 -0.569280 -3.760716
      vertex 3.769564 -0.569280 -3.601002
    endloop
  endfacet
  facet normal 0.000000 0.000000 0.000000
    outer loop
      vertex 3.769564 -0.569280 -3.601002
      vertex 3.769564 -0.569280 -3.760716
      vertex 3.839800 -0.399998 -3.760716
    endloop
  endfacet
  facet normal 0.000000 0.000000 0.000000
    outer loop
      vertex 3.769564 -0.569280 -3.601002
      vertex 3.839800 -0.399998 -3.760716
      vertex 3.839800 -0.399998 -3.601002
    endloop
  endfacet
  facet normal 0.000000 0.000000 0.000000
    outer loop
      vertex 3.040467 -0.399998 -3.601002
      vertex 3.040467 -0.399998 -3.760716
      vertex 2.970231 -0.230717 -3.760716
    endloop
  endfacet
  facet normal 0.000000 0.000000 0.000000
    outer loop
      vertex 3.040467 -0.399998 -3.601002
      vertex 2.970231 -0.230717 -3.760716
      vertex 2.970231 -0.230717 -3.601002
    endloop
  endfacet
  facet normal 0.000000 0.000000 0.000000
    outer loop
      vertex 2.970231 -0.230717 -3.601002
      vertex 2.970231 -0.230717 -3.760716
      vertex 2.800666 -0.160598 -3.760716
    endloop
  endfacet
  facet normal 0.000000 0.000000 0.000000
    outer loop
      vertex 2.970231 -0.230717 -3.601002
      vertex 2.800666 -0.160598 -3.760716
      vertex 2.800666 -0.160598 -3.601002
    endloop
  endfacet
  facet normal 0.000000 0.000000 0.000000
    outer loop
      vertex 2.800666 -0.160598 -3.601002
      vertex 2.800666 -0.160598 -3.760716
      vertex 2.631102 -0.230717 -3.760716
    endloop
  endfacet
  facet normal 0.000000 0.000000 0.000000
    outer loop
      vertex 2.800666 -0.160598 -3.601002
      vertex 2.631102 -0.230717 -3.760716
      vertex 2.631102 -0.230717 -3.601002
    endloop
  endfacet
  facet normal 0.000000 0.000000 0.000000
    outer loop
      vertex 2.631102 -0.230717 -3.601002
      vertex 2.631102 -0.230717 -3.760716
      vertex 2.560867 -0.399998 -3.760716
    endloop
  endfacet
  facet normal 0.000000 0.000000 0.000000
    outer loop
      vertex 2.631102 -0.230717 -3.601002
      vertex 2.560867 -0.399998 -3.760716
      vertex 2.560867 -0.399998 -3.601002
    endloop
  endfacet
  facet normal 0.000000 0.000000 0.000000
    outer loop
      vertex 2.560867 -0.399998 -3.601002
      vertex 2.560867 -0.399998 -3.760716
      vertex 2.631103 -0.569280 -3.760716
    endloop
  endfacet
  facet normal 0.000000 0.000000 0.000000
    outer loop
      vertex 2.560867 -0.399998 -3.601002
      vertex 2.631103 -0.569280 -3.760716
      vertex 2.631103 -0.569280 -3.601002
    endloop
  endfacet
  facet normal 0.000000 0.000000 0.000000
    outer loop
      vertex 2.631103 -0.569280 -3.601002
      vertex 2.631103 -0.569280 -3.760716
      vertex 2.800666 -0.639398 -3.760716
    endloop
  endfacet
  facet normal 0.000000 0.000000 0.000000
    outer loop
      vertex 2.631103 -0.569280 -3.601002
      vertex 2.800666 -0.639398 -3.760716
      vertex 2.800666 -0.639398 -3.601002
    endloop
  endfacet
  facet normal 0.000000 0.000000 0.000000
    outer loop
      vertex 2.800666 -0.639398 -3.601002
      vertex 2.800666 -0.639398 -3.760716
      vertex 2.970231 -0.569280 -3.760716
    endloop
  endfacet
  facet normal 0.000000 0.000000 0.000000
    outer loop
      vertex 2.800666 -0.639398 -3.601002
      vertex 2.970231 -0.569280 -3.760716
      vertex 2.970231 -0.569280 -3.601002
    endloop
  endfacet
  facet normal 0.000000 0.000000 0.000000
    outer loop
      vertex 2.970231 -0.569280 -3.601002
      vertex 2.970231 -0.569280 -3.760716
      vertex 3.040467 -0.399998 -3.760716
    endloop
  endfacet
  facet normal 0.000000 0.000000 0.000000
    outer loop
      vertex 2.970231 -0.569280 -3.601002
      vertex 3.040467 -0.399998 -3.760716
      vertex 3.040467 -0.399998 -3.601002
    endloop
  endfacet
  facet normal 0.000000 0.000000 0.000000
    outer loop
      vertex 4.399333 -0.399998 -3.601002
      vertex 4.639133 -0.399998 -3.601002
      vertex 4.568898 -0.230717 -3.601002
    endloop
  endfacet
  facet normal 0.000000 0.000000 0.000000
    outer loop
      vertex 4.399333 -0.399998 -3.601002
      vertex 4.568898 -0.230717 -3.601002
      vertex 4.399333 -0.160598 -3.601002
    endloop
  endfacet
  facet normal 0.000000 0.000000 0.000000
    outer loop
      vertex 4.399333 -0.399998 -3.601002
      vertex 4.399333 -0.160598 -3.601002
      vertex 4.229769 -0.230717 -3.601002
    endloop
  endfacet
  facet normal 0.000000 0.000000 0.000000
    outer loop
      vertex 4.399333 -0.399998 -3.601002
      vertex 4.229769 -0.230717 -3.601002
      vertex 4.159534 -0.399998 -3.601002
    endloop
  endfacet
  facet normal 0.000000 0.000000 0.000000
    outer loop
      vertex 4.399333 -0.399998 -3.601002
      vertex 4.159534 -0.399998 -3.601002
      vertex 4.229769 -0.569280 -3.601002
    endloop
  endfacet
  facet normal 0.000000 0.000000 0.000000
    outer loop
      vertex 4.399333 -0.399998 -3.601002
      vertex 4.229769 -0.569280 -3.601002
      vertex 4.399333 -0.639398 -3.601002
    endloop
  endfacet
  facet normal 0.000000 0.000000 0.000000
    outer loop
      vertex 4.399333 -0.399998 -3.601002
      vertex 4.399333 -0.639398 -3.601002
      vertex 4.568898 -0.569280 -3.601002
    endloop
  endfacet
  facet normal 0.000000 0.000000 0.000000
    outer loop
      vertex 4.399333 -0.399998 -3.601002
      vertex 4.568898 -0.569280 -3.601002
      vertex 4.639133 -0.399998 -3.601002
    endloop
  endfacet
  facet normal 0.000000 0.000000 0.000000
    outer loop
      vertex 3.600000 -0.399998 -3.601002
      vertex 3.839800 -0.399998 -3.601002
      vertex 3.769564 -0.230717 -3.601002
    endloop
  endfacet
  facet normal 0.000000 0.000000 0.000000
    outer loop
      vertex 3.600000 -0.399998 -3.601002
      vertex 3.769564 -0.230717 -3.601002
      vertex 3.600000 -0.160598 -3.601002
    endloop
  endfacet
  facet normal 0.000000 0.000000 0.000000
    outer loop
      vertex 3.600000 -0.399998 -3.601002
      vertex 3.600000 -0.160598 -3.601002
      vertex 3.430436 -0.230717 -3.601002
    endloop
  endfacet
  facet normal 0.000000 0.000000 0.000000
    outer loop
      vertex 3.600000 -0.399998 -3.601002
      vertex 3.430436 -0.230717 -3.601002
      vertex 3.360200 -0.399998 -3.601002
    endloop
  endfacet
  facet normal 0.000000 0.000000 0.000000
    outer loop
      vertex 3.600000 -0.399998 -3.601002
      vertex 3.360200 -0.399998 -3.601002
      vertex 3.430436 -0.569280 -3.601002
    endloop
  endfacet
  facet normal 0.000000 0.000000 0.000000
    outer loop
      vertex 3.600000 -0.399998 -3.601002
      vertex 3.430436 -0.569280 -3.601002
      vertex 3.600000 -0.639398 -3.601002
    endloop
  endfacet
  facet normal 0.000000 0.000000 0.000000
    outer loop
      vertex 3.600000 -0.399998 -3.601002
      vertex 3.600000 -0.639398 -3.601002
      vertex 3.769564 -0.569280 -3.601002
    endloop
  endfacet
  facet normal 0.000000 0.000000 0.000000
    outer loop
      vertex 3.600000 -0.399998 -3.601002
      vertex 3.769564 -0.569280 -3.601002
      vertex 3.839800 -0.399998 -3.601002
    endloop
  endfacet
  facet normal 0.000000 0.000000 0.000000
    outer loop
      vertex 2.800666 -0.399998 -3.601002
      vertex 3.040467 -0.399998 -3.601002
      vertex 2.970231 -0.230717 -3.601002
    endloop
  endfacet
  facet normal 0.000000 0.000000 0.000000
    outer loop
      vertex 2.800666 -0.399998 -3.601002
      vertex 2.970231 -0.230717 -3.601002
      vertex 2.800666 -0.160598 -3.601002
    endloop
  endfacet
  facet normal 0.000000 0.000000 0.000000
    outer loop
      vertex 2.800666 -0.399998 -3.601002
      vertex 2.800666 -0.160598 -3.601002
      vertex 2.631102 -0.230717 -3.601002
    endloop
  endfacet
  facet normal 0.000000 0.000000 0.000000
    outer loop
      vertex 2.800666 -0.399998 -3.601002
      vertex 2.631102 -0.230717 -3.601002
      vertex 2.560867 -0.399998 -3.601002
    endloop
  endfacet
  facet normal 0.000000 0.000000 0.000000
    outer loop
      vertex 2.800666 -0.399998 -3.601002
      vertex 2.560867 -0.399998 -3.601002
      vertex 2.631103 -0.569280 -3.601002
    endloop
  endfacet
  facet normal 0.000000 0.000000 0.000000
    outer loop
      vertex 2.800666 -0.399998 -3.601002
      vertex 2.631103 -0.569280 -3.601002
      vertex 2.800666 -0.639398 -3.601002
    endloop
  endfacet
  facet normal 0.000000 0.000000 0.000000
    outer loop
      vertex 2.800666 -0.399998 -3.601002
      vertex 2.800666 -0.639398 -3.601002
      vertex 2.970231 -0.569280 -3.601002
    endloop
  endfacet
  facet normal 0.000000 0.000000 0.000000
    outer loop
      vertex 2.800666 -0.399998 -3.601002
      vertex 2.970231 -0.569280 -3.601002
      vertex 3.040467 -0.399998 -3.601002
    endloop
  endfacet
  facet normal 0.000000 0.000000 0.000000
    outer loop
      vertex 4.159800 -0.399999 2.640999
      vertex 4.112996 -0.512853 2.640999
      vertex 4.000000 -0.399999 2.640999
    endloop
  endfacet
  facet normal 0.000000 0.000000 0.000000
    outer loop
      vertex 4.112996 -0.512853 2.640999
      vertex 4.000000 -0.559599 2.640999
      vertex 4.000000 -0.399999 2.640999
    endloop
  endfacet
  facet normal 0.000000 0.000000 0.000000
    outer loop
      vertex 4.000000 -0.559599 2.640999
      vertex 3.887004 -0.512853 2.640999
      vertex 4.000000 -0.399999 2.640999
    endloop
  endfacet
  facet normal 0.000000 0.000000 0.000000
    outer loop
      vertex 3.887004 -0.512853 2.640999
      vertex 3.840200 -0.399999 2.640999
      vertex 4.000000 -0.399999 2.640999
    endloop
  endfacet
  facet normal 0.000000 0.000000 0.000000
    outer loop
      vertex 3.840200 -0.399999 2.640999
      vertex 3.887004 -0.287145 2.640999
      vertex 4.000000 -0.399999 2.640999
    endloop
  endfacet
  facet normal 0.000000 0.000000 0.000000
    outer loop
      vertex 3.887004 -0.287145 2.640999
      vertex 4.000000 -0.240399 2.640999
      vertex 4.000000 -0.399999 2.640999
    endloop
  endfacet
  facet normal 0.000000 0.000000 0.000000
    outer loop
      vertex 4.000000 -0.240399 2.640999
      vertex 4.112996 -0.287145 2.640999
      vertex 4.000000 -0.399999 2.640999
    endloop
  endfacet
  facet normal 0.000000 0.000000 0.000000
    outer loop
      vertex 4.112996 -0.287145 2.640999
      vertex 4.159800 -0.399999 2.640999
      vertex 4.000000 -0.399999 2.640999
    endloop
  endfacet
  facet normal 0.000000 0.000000 0.000000
    outer loop
      vertex 3.201000 -0.798999 2.959666
      vertex 3.201000 -0.798999 2.640999
      vertex 4.799000 -0.798999 2.640999
    endloop
  endfacet
  facet normal 0.000000 0.000000 0.000000
    outer loop
      vertex 3.201000 -0.798999 2.959666
      vertex 4.799000 -0.798999 2.640999
      vertex 4.799000 -0.798999 2.959666
    endloop
  endfacet
  facet normal 0.000000 0.000000 0.000000
    outer loop
      vertex 4.799000 -0.000999 2.640999
      vertex 4.639200 -0.160599 2.640999
      vertex 3.360800 -0.160599 2.640999
    endloop
  endfacet
  facet normal 0.000000 0.000000 0.000000
    outer loop
      vertex 4.799000 -0.000999 2.640999
      vertex 3.360800 -0.160599 2.640999
      vertex 3.201000 -0.000999 2.640999
    endloop
  endfacet
  facet normal 0.000000 0.000000 0.000000
    outer loop
      vertex 3.201000 -0.000999 2.640999
      vertex 3.360800 -0.160599 2.640999
      vertex 3.360800 -0.639399 2.640999
    endloop
  endfacet
  facet normal 0.000000 0.000000 0.000000
    outer loop
      vertex 3.201000 -0.000999 2.640999
      vertex 3.360800 -0.639399 2.640999
      vertex 3.201000 -0.798999 2.640999
    endloop
  endfacet
  facet normal 0.000000 0.000000 0.000000
    outer loop
      vertex 3.201000 -0.798999 2.640999
      vertex 3.360800 -0.639399 2.640999
      vertex 4.639200 -0.639399 2.640999
    endloop
  endfacet
  facet normal 0.000000 0.000000 0.000000
    outer loop
      vertex 3.201000 -0.798999 2.640999
      vertex 4.639200 -0.639399 2.640999
      vertex 4.799000 -0.798999 2.640999
    endloop
  endfacet
  facet normal 0.000000 0.000000 0.000000
    outer loop
      vertex 4.799000 -0.798999 2.640999
      vertex 4.639200 -0.639399 2.640999
      vertex 4.639200 -0.160599 2.640999
    endloop
  endfacet
  facet normal 0.000000 0.000000 0.000000
    outer loop
      vertex 4.799000 -0.798999 2.640999
      vertex 4.639200 -0.160599 2.640999
      vertex 4.799000 -0.000999 2.640999
    endloop
  endfacet
  facet normal 0.000000 0.000000 0.000000
    outer loop
      vertex 4.159800 -0.399999 2.640999
      vertex 4.159800 -0.399999 2.800332
      vertex 4.112996 -0.512853 2.800332
    endloop
  endfacet
  facet normal 0.000000 0.000000 0.000000
    outer loop
      vertex 4.159800 -0.399999 2.640999
      vertex 4.112996 -0.512853 2.800332
      vertex 4.112996 -0.512853 2.640999
    endloop
  endfacet
  facet normal 0.000000 0.000000 0.000000
    outer loop
      vertex 4.112996 -0.512853 2.640999
      vertex 4.112996 -0.512853 2.800332
      vertex 4.000000 -0.559599 2.800332
    endloop
  endfacet
  facet normal 0.000000 0.000000 0.000000
    outer loop
      vertex 4.112996 -0.512853 2.640999
      vertex 4.000000 -0.559599 2.800332
      vertex 4.000000 -0.559599 2.640999
    endloop
  endfacet
  facet normal 0.000000 0.000000 0.000000
    outer loop
      vertex 4.000000 -0.559599 2.640999
      vertex 4.000000 -0.559599 2.800332
      vertex 3.887004 -0.512853 2.800332
    endloop
  endfacet
  facet normal 0.000000 0.000000 0.000000
    outer loop
      vertex 4.000000 -0.559599 2.640999
      vertex 3.887004 -0.512853 2.800332
      vertex 3.887004 -0.512853 2.640999
    endloop
  endfacet
  facet normal 0.000000 0.000000 0.000000
    outer loop
      vertex 3.887004 -0.512853 2.640999
      vertex 3.887004 -0.512853 2.800332
      vertex 3.840200 -0.399999 2.800332
    endloop
  endfacet
  facet normal 0.000000 0.000000 0.000000
    outer loop
      vertex 3.887004 -0.512853 2.640999
      vertex 3.840200 -0.399999 2.800332
      vertex 3.840200 -0.399999 2.640999
    endloop
  endfacet
  facet normal 0.000000 0.000000 0.000000
    outer loop
      vertex 3.840200 -0.399999 2.640999
      vertex 3.840200 -0.399999 2.800332
      vertex 3.887004 -0.287145 2.800332
    endloop
  endfacet
  facet normal 0.000000 0.000000 0.000000
    outer loop
      vertex 3.840200 -0.399999 2.640999
      vertex 3.887004 -0.287145 2.800332
      vertex 3.887004 -0.287145 2.640999
    endloop
  endfacet
  facet normal 0.000000 0.000000 0.000000
    outer loop
      vertex 3.887004 -0.287145 2.640999
      vertex 3.887004 -0.287145 2.800332
      vertex 4.000000 -0.240399 2.800332
    endloop
  endfacet
  facet normal 0.000000 0.000000 0.000000
    outer loop
      vertex 3.887004 -0.287145 2.640999
      vertex 4.000000 -0.240399 2.800332
      vertex 4.000000 -0.240399 2.640999
    endloop
  endfacet
  facet normal 0.000000 0.000000 0.000000
    outer loop
      vertex 4.000000 -0.240399 2.640999
      vertex 4.000000 -0.240399 2.800332
      vertex 4.112996 -0.287145 2.800332
    endloop
  endfacet
  facet normal 0.000000 0.000000 0.000000
    outer loop
      vertex 4.000000 -0.240399 2.640999
      vertex 4.112996 -0.287145 2.800332
      vertex 4.112996 -0.287145 2.640999
    endloop
  endfacet
  facet normal 0.000000 0.000000 0.000000
    outer loop
      vertex 4.112996 -0.287145 2.640999
      vertex 4.112996 -0.287145 2.800332
      vertex 4.159800 -0.399999 2.800332
    endloop
  endfacet
  facet normal 0.000000 0.000000 0.000000
    outer loop
      vertex 4.112996 -0.287145 2.640999
      vertex 4.159800 -0.399999 2.800332
      vertex 4.159800 -0.399999 2.640999
    endloop
  endfacet
  facet normal 0.000000 0.000000 0.000000
    outer loop
      vertex 3.360800 -0.160599 2.800332
      vertex 4.639200 -0.160599 2.800332
      vertex 4.639200 -0.639399 2.800332
    endloop
  endfacet
  facet normal 0.000000 0.000000 0.000000
    outer loop
      vertex 3.360800 -0.160599 2.800332
      vertex 4.639200 -0.639399 2.800332
      vertex 3.360800 -0.639399 2.800332
    endloop
  endfacet
  facet normal 0.000000 0.000000 0.000000
    outer loop
      vertex 3.360800 -0.160599 2.800332
      vertex 3.360800 -0.160599 2.640999
      vertex 4.639200 -0.160599 2.640999
    endloop
  endfacet
  facet normal 0.000000 0.000000 0.000000
    outer loop
      vertex 3.360800 -0.160599 2.800332
      vertex 4.639200 -0.160599 2.640999
      vertex 4.639200 -0.160599 2.800332
    endloop
  endfacet
  facet normal 0.000000 0.000000 0.000000
    outer loop
      vertex 3.360800 -0.639399 2.800332
      vertex 3.360800 -0.639399 2.640999
      vertex 3.360800 -0.160599 2.640999
    endloop
  endfacet
  facet normal 0.000000 0.000000 0.000000
    outer loop
      vertex 3.360800 -0.639399 2.800332
      vertex 3.360800 -0.160599 2.640999
      vertex 3.360800 -0.160599 2.800332
    endloop
  endfacet
  facet normal 0.000000 0.000000 0.000000
    outer loop
      vertex 4.639200 -0.639399 2.800332
      vertex 4.639200 -0.639399 2.640999
      vertex 3.360800 -0.639399 2.640999
    endloop
  endfacet
  facet normal 0.000000 0.000000 0.000000
    outer loop
      vertex 4.639200 -0.639399 2.800332
      vertex 3.360800 -0.639399 2.640999
      vertex 3.360800 -0.639399 2.800332
    endloop
  endfacet
  facet normal 0.000000 0.000000 0.000000
    outer loop
      vertex 4.639200 -0.160599 2.800332
      vertex 4.639200 -0.160599 2.640999
      vertex 4.639200 -0.639399 2.640999
    endloop
  endfacet
  facet normal 0.000000 0.000000 0.000000
    outer loop
      vertex 4.639200 -0.160599 2.800332
      vertex 4.639200 -0.639399 2.640999
      vertex 4.639200 -0.639399 2.800332
    endloop
  endfacet
  facet normal 0.000000 0.000000 0.000000
    outer loop
      vertex 4.799000 -0.798999 2.640999
      vertex 4.799000 -0.000999 2.640999
      vertex 4.799000 -0.000999 2.959666
    endloop
  endfacet
  facet normal 0.000000 0.000000 0.000000
    outer loop
      vertex 4.799000 -0.798999 2.640999
      vertex 4.799000 -0.000999 2.959666
      vertex 4.799000 -0.798999 2.959666
    endloop
  endfacet
  facet normal 0.000000 0.000000 0.000000
    outer loop
      vertex 3.201000 -0.000999 2.640999
      vertex 3.201000 -0.798999 2.640999
      vertex 3.201000 -0.798999 2.959666
    endloop
  endfacet
  facet normal 0.000000 0.000000 0.000000
    outer loop
      vertex 3.201000 -0.000999 2.640999
      vertex 3.201000 -0.798999 2.959666
      vertex 3.201000 -0.000999 2.959666
    endloop
  endfacet
  facet normal 0.000000 0.000000 0.000000
    outer loop
      vertex 4.799000 -0.000999 2.640999
      vertex 3.201000 -0.000999 2.640999
      vertex 3.201000 -0.000999 2.959666
    endloop
  endfacet
  facet normal 0.000000 0.000000 0.000000
    outer loop
      vertex 4.799000 -0.000999 2.640999
      vertex 3.201000 -0.000999 2.959666
      vertex 4.799000 -0.000999 2.959666
    endloop
  endfacet
  facet normal 0.000000 0.000000 0.000000
    outer loop
      vertex 3.201000 -0.000999 2.959666
      vertex 3.201000 -0.798999 2.959666
      vertex 4.799000 -0.798999 2.959666
    endloop
  endfacet
  facet normal 0.000000 0.000000 0.000000
    outer loop
      vertex 3.201000 -0.000999 2.959666
      vertex 4.799000 -0.798999 2.959666
      vertex 4.799000 -0.000999 2.959666
    endloop
  endfacet
  facet normal 0.000000 0.000000 0.000000
    outer loop
      vertex 3.840200 -0.399999 3.118999
      vertex 3.840200 -0.399999 2.959666
      vertex 3.769994 -0.230717 2.959666
    endloop
  endfacet
  facet normal 0.000000 0.000000 0.000000
    outer loop
      vertex 3.840200 -0.399999 3.118999
      vertex 3.769994 -0.230717 2.959666
      vertex 3.769994 -0.230717 3.118999
    endloop
  endfacet
  facet normal 0.000000 0.000000 0.000000
    outer loop
      vertex 3.769994 -0.230717 3.118999
      vertex 3.769994 -0.230717 2.959666
      vertex 3.600500 -0.160599 2.959666
    endloop
  endfacet
  facet normal 0.000000 0.000000 0.000000
    outer loop
      vertex 3.769994 -0.230717 3.118999
      vertex 3.600500 -0.160599 2.959666
      vertex 3.600500 -0.160599 3.118999
    endloop
  endfacet
  facet normal 0.000000 0.000000 0.000000
    outer loop
      vertex 3.600500 -0.160599 3.118999
      vertex 3.600500 -0.160599 2.959666
      vertex 3.431006 -0.230717 2.959666
    endloop
  endfacet
  facet normal 0.000000 0.000000 0.000000
    outer loop
      vertex 3.600500 -0.160599 3.118999
      vertex 3.431006 -0.230717 2.959666
      vertex 3.431006 -0.230717 3.118999
    endloop
  endfacet
  facet normal 0.000000 0.000000 0.000000
    outer loop
      vertex 3.431006 -0.230717 3.118999
      vertex 3.431006 -0.230717 2.959666
      vertex 3.360800 -0.399999 2.959666
    endloop
  endfacet
  facet normal 0.000000 0.000000 0.000000
    outer loop
      vertex 3.431006 -0.230717 3.118999
      vertex 3.360800 -0.399999 2.959666
      vertex 3.360800 -0.399999 3.118999
    endloop
  endfacet
  facet normal 0.000000 0.000000 0.000000
    outer loop
      vertex 3.360800 -0.399999 3.118999
      vertex 3.360800 -0.399999 2.959666
      vertex 3.431006 -0.569280 2.959666
    endloop
  endfacet
  facet normal 0.000000 0.000000 0.000000
    outer loop
      vertex 3.360800 -0.399999 3.118999
      vertex 3.431006 -0.569280 2.959666
      vertex 3.431006 -0.569280 3.118999
    endloop
  endfacet
  facet normal 0.000000 0.000000 0.000000
    outer loop
      vertex 3.431006 -0.569280 3.118999
      vertex 3.431006 -0.569280 2.959666
      vertex 3.600500 -0.639399 2.959666
    endloop
  endfacet
  facet normal 0.000000 0.000000 0.000000
    outer loop
      vertex 3.431006 -0.569280 3.118999
      vertex 3.600500 -0.639399 2.959666
      vertex 3.600500 -0.639399 3.118999
    endloop
  endfacet
  facet normal 0.000000 0.000000 0.000000
    outer loop
      vertex 3.600500 -0.639399 3.118999
      vertex 3.600500 -0.639399 2.959666
      vertex 3.769994 -0.569280 2.959666
    endloop
  endfacet
  facet normal 0.000000 0.000000 0.000000
    outer loop
      vertex 3.600500 -0.639399 3.118999
      vertex 3.769994 -0.569280 2.959666
      vertex 3.769994 -0.569280 3.118999
    endloop
  endfacet
  facet normal 0.000000 0.000000 0.000000
    outer loop
      vertex 3.769994 -0.569280 3.118999
      vertex 3.769994 -0.569280 2.959666
      vertex 3.840200 -0.399999 2.959666
    endloop
  endfacet
  facet normal 0.000000 0.000000 0.000000
    outer loop
      vertex 3.769994 -0.569280 3.118999
      vertex 3.840200 -0.399999 2.959666
      vertex 3.840200 -0.399999 3.118999
    endloop
  endfacet
  facet normal 0.000000 0.000000 0.000000
    outer loop
      vertex 4.639200 -0.399999 3.118999
      vertex 4.639200 -0.399999 2.959666
      vertex 4.568994 -0.230717 2.959666
    endloop
  endfacet
  facet normal 0.000000 0.000000 0.000000
    outer loop
      vertex 4.639200 -0.399999 3.118999
      vertex 4.568994 -0.230717 2.959666
      vertex 4.568994 -0.230717 3.118999
    endloop
  endfacet
  facet normal 0.000000 0.000000 0.000000
    outer loop
      vertex 4.568994 -0.230717 3.118999
      vertex 4.568994 -0.230717 2.959666
      vertex 4.399500 -0.160599 2.959666
    endloop
  endfacet
  facet normal 0.000000 0.000000 0.000000
    outer loop
      vertex 4.568994 -0.230717 3.118999
      vertex 4.399500 -0.160599 2.959666
      vertex 4.399500 -0.160599 3.118999
    endloop
  endfacet
  facet normal 0.000000 0.000000 0.000000
    outer loop
      vertex 4.399500 -0.160599 3.118999
      vertex 4.399500 -0.160599 2.959666
      vertex 4.230006 -0.230717 2.959666
    endloop
  endfacet
  facet normal 0.000000 0.000000 0.000000
    outer loop
      vertex 4.399500 -0.160599 3.118999
      vertex 4.230006 -0.230717 2.959666
      vertex 4.230006 -0.230717 3.118999
    endloop
  endfacet
  facet normal 0.000000 0.000000 0.000000
    outer loop
      vertex 4.230006 -0.230717 3.118999
      vertex 4.230006 -0.230717 2.959666
      vertex 4.159800 -0.399999 2.959666
    endloop
  endfacet
  facet normal 0.000000 0.000000 0.000000
    outer loop
      vertex 4.230006 -0.230717 3.118999
      vertex 4.159800 -0.399999 2.959666
      vertex 4.159800 -0.399999 3.118999
    endloop
  endfacet
  facet normal 0.000000 0.000000 0.000000
    outer loop
      vertex 4.159800 -0.399999 3.118999
      vertex 4.159800 -0.399999 2.959666
      vertex 4.230006 -0.569280 2.959666
    endloop
  endfacet
  facet normal 0.000000 0.000000 0.000000
    outer loop
      vertex 4.159800 -0.399999 3.118999
      vertex 4.230006 -0.569280 2.959666
      vertex 4.230006 -0.569280 3.118999
    endloop
  endfacet
  facet normal 0.000000 0.000000 0.000000
    outer loop
      vertex 4.230006 -0.569280 3.118999
      vertex 4.230006 -0.569280 2.959666
      vertex 4.399500 -0.639399 2.959666
    endloop
  endfacet
  facet normal 0.000000 0.000000 0.000000
    outer loop
      vertex 4.230006 -0.569280 3.118999
      vertex 4.399500 -0.639399 2.959666
      vertex 4.399500 -0.639399 3.118999
    endloop
  endfacet
  facet normal 0.000000 0.000000 0.000000
    outer loop
      vertex 4.399500 -0.639399 3.118999
      vertex 4.399500 -0.639399 2.959666
      vertex 4.568994 -0.569280 2.959666
    endloop
  endfacet
  facet normal 0.000000 0.000000 0.000000
    outer loop
      vertex 4.399500 -0.639399 3.118999
      vertex 4.568994 -0.569280 2.959666
      vertex 4.568994 -0.569280 3.118999
    endloop
  endfacet
  facet normal 0.000000 0.000000 0.000000
    outer loop
      vertex 4.568994 -0.569280 3.118999
      vertex 4.568994 -0.569280 2.959666
      vertex 4.639200 -0.399999 2.959666
    endloop
  endfacet
  facet normal 0.000000 0.000000 0.000000
    outer loop
      vertex 4.568994 -0.569280 3.118999
      vertex 4.639200 -0.399999 2.959666
      vertex 4.639200 -0.399999 3.118999
    endloop
  endfacet
  facet normal 0.000000 0.000000 0.000000
    outer loop
      vertex 3.600500 -0.399999 3.118999
      vertex 3.840200 -0.399999 3.118999
      vertex 3.769994 -0.230717 3.118999
    endloop
  endfacet
  facet normal 0.000000 0.000000 0.000000
    outer loop
      vertex 3.600500 -0.399999 3.118999
      vertex 3.769994 -0.230717 3.118999
      vertex 3.600500 -0.160599 3.118999
    endloop
  endfacet
  facet normal 0.000000 0.000000 0.000000
    outer loop
      vertex 3.600500 -0.399999 3.118999
      vertex 3.600500 -0.160599 3.118999
      vertex 3.431006 -0.230717 3.118999
    endloop
  endfacet
  facet normal 0.000000 0.000000 0.000000
    outer loop
      vertex 3.600500 -0.399999 3.118999
      vertex 3.431006 -0.230717 3.118999
      vertex 3.360800 -0.399999 3.118999
    endloop
  endfacet
  facet normal 0.000000 0.000000 0.000000
    outer loop
      vertex 3.600500 -0.399999 3.118999
      vertex 3.360800 -0.399999 3.118999
      vertex 3.431006 -0.569280 3.118999
    endloop
  endfacet
  facet normal 0.000000 0.000000 0.000000
    outer loop
      vertex 3.600500 -0.399999 3.118999
      vertex 3.431006 -0.569280 3.118999
      vertex 3.600500 -0.639399 3.118999
    endloop
  endfacet
  facet normal 0.000000 0.000000 0.000000
    outer loop
      vertex 3.600500 -0.399999 3.118999
      vertex 3.600500 -0.639399 3.118999
      vertex 3.769994 -0.569280 3.118999
    endloop
  endfacet
  facet normal 0.000000 0.000000 0.000000
    outer loop
      vertex 3.600500 -0.399999 3.118999
      vertex 3.769994 -0.569280 3.118999
      vertex 3.840200 -0.399999 3.118999
    endloop
  endfacet
  facet normal 0.000000 0.000000 0.000000
    outer loop
      vertex 4.399500 -0.399999 3.118999
      vertex 4.639200 -0.399999 3.118999
      vertex 4.568994 -0.230717 3.118999
    endloop
  endfacet
  facet normal 0.000000 0.000000 0.000000
    outer loop
      vertex 4.399500 -0.399999 3.118999
      vertex 4.568994 -0.230717 3.118999
      vertex 4.399500 -0.160599 3.118999
    endloop
  endfacet
  facet normal 0.000000 0.000000 0.000000
    outer loop
      vertex 4.399500 -0.399999 3.118999
      vertex 4.399500 -0.160599 3.118999
      vertex 4.230006 -0.230717 3.118999
    endloop
  endfacet
  facet normal 0.000000 0.000000 0.000000
    outer loop
      vertex 4.399500 -0.399999 3.118999
      vertex 4.230006 -0.230717 3.118999
      vertex 4.159800 -0.399999 3.118999
    endloop
  endfacet
  facet normal 0.000000 0.000000 0.000000
    outer loop
      vertex 4.399500 -0.399999 3.118999
      vertex 4.159800 -0.399999 3.118999
      vertex 4.230006 -0.569280 3.118999
    endloop
  endfacet
  facet normal 0.000000 0.000000 0.000000
    outer loop
      vertex 4.399500 -0.399999 3.118999
      vertex 4.230006 -0.569280 3.118999
      vertex 4.399500 -0.639399 3.118999
    endloop
  endfacet
  facet normal 0.000000 0.000000 0.000000
    outer loop
      vertex 4.399500 -0.399999 3.118999
      vertex 4.399500 -0.639399 3.118999
      vertex 4.568994 -0.569280 3.118999
    endloop
  endfacet
  facet normal 0.000000 0.000000 0.000000
    outer loop
      vertex 4.399500 -0.399999 3.118999
      vertex 4.568994 -0.569280 3.118999
      vertex 4.639200 -0.399999 3.118999
    endloop
  endfacet
  facet normal 0.000000 0.000000 0.000000
    outer loop
      vertex 4.799000 -0.798999 3.278999
      vertex 4.799000 -0.000999 3.278999
      vertex 3.201000 -0.000999 3.278999
    endloop
  endfacet
  facet normal 0.000000 0.000000 0.000000
    outer loop
      vertex 4.799000 -0.798999 3.278999
      vertex 3.201000 -0.000999 3.278999
      vertex 3.201000 -0.798999 3.278999
    endloop
  endfacet
  facet normal 0.000000 0.000000 0.000000
    outer loop
      vertex 3.240950 -0.040899 2.960999
      vertex 3.360800 -0.160599 2.960999
      vertex 3.360800 -0.639399 2.960999
    endloop
  endfacet
  facet normal 0.000000 0.000000 0.000000
    outer loop
      vertex 3.240950 -0.040899 2.960999
      vertex 3.360800 -0.639399 2.960999
      vertex 3.240950 -0.759099 2.960999
    endloop
  endfacet
  facet normal 0.000000 0.000000 0.000000
    outer loop
      vertex 4.759050 -0.759099 2.960999
      vertex 4.639200 -0.639399 2.960999
      vertex 4.639200 -0.160599 2.960999
    endloop
  endfacet
  facet normal 0.000000 0.000000 0.000000
    outer loop
      vertex 4.759050 -0.759099 2.960999
      vertex 4.639200 -0.160599 2.960999
      vertex 4.759050 -0.040899 2.960999
    endloop
  endfacet
  facet normal 0.000000 0.000000 0.000000
    outer loop
      vertex 4.759050 -0.040899 2.960999
      vertex 4.639200 -0.160599 2.960999
      vertex 3.360800 -0.160599 2.960999
    endloop
  endfacet
  facet normal 0.000000 0.000000 0.000000
    outer loop
      vertex 4.759050 -0.040899 2.960999
      vertex 3.360800 -0.160599 2.960999
      vertex 3.240950 -0.040899 2.960999
    endloop
  endfacet
  facet normal 0.000000 0.000000 0.000000
    outer loop
      vertex 3.240950 -0.759099 2.960999
      vertex 3.360800 -0.639399 2.960999
      vertex 4.639200 -0.639399 2.960999
    endloop
  endfacet
  facet normal 0.000000 0.000000 0.000000
    outer loop
      vertex 3.240950 -0.759099 2.960999
      vertex 4.639200 -0.639399 2.960999
      vertex 4.759050 -0.759099 2.960999
    endloop
  endfacet
  facet normal 0.000000 0.000000 0.000000
    outer loop
      vertex 3.201000 -0.000999 3.000749
      vertex 3.240950 -0.040899 3.000749
      vertex 3.240950 -0.759099 3.000749
    endloop
  endfacet
  facet normal 0.000000 0.000000 0.000000
    outer loop
      vertex 3.201000 -0.000999 3.000749
      vertex 3.240950 -0.759099 3.000749
      vertex 3.201000 -0.798999 3.000749
    endloop
  endfacet
  facet normal 0.000000 0.000000 0.000000
    outer loop
      vertex 4.799000 -0.798999 3.000749
      vertex 4.759050 -0.759099 3.000749
      vertex 4.759050 -0.040899 3.000749
    endloop
  endfacet
  facet normal 0.000000 0.000000 0.000000
    outer loop
      vertex 4.799000 -0.798999 3.000749
      vertex 4.759050 -0.040899 3.000749
      vertex 4.799000 -0.000999 3.000749
    endloop
  endfacet
  facet normal 0.000000 0.000000 0.000000
    outer loop
      vertex 4.799000 -0.000999 3.000749
      vertex 4.759050 -0.040899 3.000749
      vertex 3.240950 -0.040899 3.000749
    endloop
  endfacet
  facet normal 0.000000 0.000000 0.000000
    outer loop
      vertex 4.799000 -0.000999 3.000749
      vertex 3.240950 -0.040899 3.000749
      vertex 3.201000 -0.000999 3.000749
    endloop
  endfacet
  facet normal 0.000000 0.000000 0.000000
    outer loop
      vertex 3.201000 -0.798999 3.000749
      vertex 3.240950 -0.759099 3.000749
      vertex 4.759050 -0.759099 3.000749
    endloop
  endfacet
  facet normal 0.000000 0.000000 0.000000
    outer loop
      vertex 3.201000 -0.798999 3.000749
      vertex 4.759050 -0.759099 3.000749
      vertex 4.799000 -0.798999 3.000749
    endloop
  endfacet
  facet normal 0.000000 0.000000 0.000000
    outer loop
      vertex 3.201000 -0.000999 3.000749
      vertex 3.201000 -0.000999 3.278999
      vertex 4.799000 -0.000999 3.278999
    endloop
  endfacet
  facet normal 0.000000 0.000000 0.000000
    outer loop
      vertex 3.201000 -0.000999 3.000749
      vertex 4.799000 -0.000999 3.278999
      vertex 4.799000 -0.000999 3.000749
    endloop
  endfacet
  facet normal 0.000000 0.000000 0.000000
    outer loop
      vertex 3.201000 -0.798999 3.000749
      vertex 3.201000 -0.798999 3.278999
      vertex 3.201000 -0.000999 3.278999
    endloop
  endfacet
  facet normal 0.000000 0.000000 0.000000
    outer loop
      vertex 3.201000 -0.798999 3.000749
      vertex 3.201000 -0.000999 3.278999
      vertex 3.201000 -0.000999 3.000749
    endloop
  endfacet
  facet normal 0.000000 0.000000 0.000000
    outer loop
      vertex 4.799000 -0.798999 3.000749
      vertex 4.799000 -0.798999 3.278999
      vertex 3.201000 -0.798999 3.278999
    endloop
  endfacet
  facet normal 0.000000 0.000000 0.000000
    outer loop
      vertex 4.799000 -0.798999 3.000749
      vertex 3.201000 -0.798999 3.278999
      vertex 3.201000 -0.798999 3.000749
    endloop
  endfacet
  facet normal 0.000000 0.000000 0.000000
    outer loop
      vertex 4.799000 -0.000999 3.000749
      vertex 4.799000 -0.000999 3.278999
      vertex 4.799000 -0.798999 3.278999
    endloop
  endfacet
  facet normal 0.000000 0.000000 0.000000
    outer loop
      vertex 4.799000 -0.000999 3.000749
      vertex 4.799000 -0.798999 3.278999
      vertex 4.799000 -0.798999 3.000749
    endloop
  endfacet
  facet normal 0.000000 0.000000 0.000000
    outer loop
      vertex 3.240950 -0.040899 2.960999
      vertex 3.240950 -0.040899 3.000749
      vertex 4.759050 -0.040899 3.000749
    endloop
  endfacet
  facet normal 0.000000 0.000000 0.000000
    outer loop
      vertex 3.240950 -0.040899 2.960999
      vertex 4.759050 -0.040899 3.000749
      vertex 4.759050 -0.040899 2.960999
    endloop
  endfacet
  facet normal 0.000000 0.000000 0.000000
    outer loop
      vertex 3.240950 -0.759099 2.960999
      vertex 3.240950 -0.759099 3.000749
      vertex 3.240950 -0.040899 3.000749
    endloop
  endfacet
  facet normal 0.000000 0.000000 0.000000
    outer loop
      vertex 3.240950 -0.759099 2.960999
      vertex 3.240950 -0.040899 3.000749
      vertex 3.240950 -0.040899 2.960999
    endloop
  endfacet
  facet normal 0.000000 0.000000 0.000000
    outer loop
      vertex 4.759050 -0.759099 2.960999
      vertex 4.759050 -0.759099 3.000749
      vertex 3.240950 -0.759099 3.000749
    endloop
  endfacet
  facet normal 0.000000 0.000000 0.000000
    outer loop
      vertex 4.759050 -0.759099 2.960999
      vertex 3.240950 -0.759099 3.000749
      vertex 3.240950 -0.759099 2.960999
    endloop
  endfacet
  facet normal 0.000000 0.000000 0.000000
    outer loop
      vertex 4.759050 -0.040899 2.960999
      vertex 4.759050 -0.040899 3.000749
      vertex 4.759050 -0.759099 3.000749
    endloop
  endfacet
  facet normal 0.000000 0.000000 0.000000
    outer loop
      vertex 4.759050 -0.040899 2.960999
      vertex 4.759050 -0.759099 3.000749
      vertex 4.759050 -0.759099 2.960999
    endloop
  endfacet
  facet normal 0.000000 0.000000 0.000000
    outer loop
      vertex 3.360800 -0.160599 3.119999
      vertex 4.639200 -0.160599 3.119999
      vertex 4.639200 -0.639399 3.119999
    endloop
  endfacet
  facet normal 0.000000 0.000000 0.000000
    outer loop
      vertex 3.360800 -0.160599 3.119999
      vertex 4.639200 -0.639399 3.119999
      vertex 3.360800 -0.639399 3.119999
    endloop
  endfacet
  facet normal 0.000000 0.000000 0.000000
    outer loop
      vertex 3.360800 -0.160599 3.119999
      vertex 3.360800 -0.160599 2.960999
      vertex 4.639200 -0.160599 2.960999
    endloop
  endfacet
  facet normal 0.000000 0.000000 0.000000
    outer loop
      vertex 3.360800 -0.160599 3.119999
      vertex 4.639200 -0.160599 2.960999
      vertex 4.639200 -0.160599 3.119999
    endloop
  endfacet
  facet normal 0.000000 0.000000 0.000000
    outer loop
      vertex 3.360800 -0.639399 3.119999
      vertex 3.360800 -0.639399 2.960999
      vertex 3.360800 -0.160599 2.960999
    endloop
  endfacet
  facet normal 0.000000 0.000000 0.000000
    outer loop
      vertex 3.360800 -0.639399 3.119999
      vertex 3.360800 -0.160599 2.960999
      vertex 3.360800 -0.160599 3.119999
    endloop
  endfacet
  facet normal 0.000000 0.000000 0.000000
    outer loop
      vertex 4.639200 -0.639399 3.119999
      vertex 4.639200 -0.639399 2.960999
      vertex 3.360800 -0.639399 2.960999
    endloop
  endfacet
  facet normal 0.000000 0.000000 0.000000
    outer loop
      vertex 4.639200 -0.639399 3.119999
      vertex 3.360800 -0.639399 2.960999
      vertex 3.360800 -0.639399 3.119999
    endloop
  endfacet
  facet normal 0.000000 0.000000 0.000000
    outer loop
      vertex 4.639200 -0.160599 3.119999
      vertex 4.639200 -0.160599 2.960999
      vertex 4.639200 -0.639399 2.960999
    endloop
  endfacet
  facet normal 0.000000 0.000000 0.000000
    outer loop
      vertex 4.639200 -0.160599 3.119999
      vertex 4.639200 -0.639399 2.960999
      vertex 4.639200 -0.639399 3.119999
    endloop
  endfacet
  facet normal 0.000000 0.000000 0.000000
    outer loop
      vertex 4.159800 -0.399999 1.040998
      vertex 4.112996 -0.512853 1.040998
      vertex 4.000000 -0.399999 1.040998
    endloop
  endfacet
  facet normal 0.000000 0.000000 0.000000
    outer loop
      vertex 4.112996 -0.512853 1.040998
      vertex 4.000000 -0.559599 1.040998
      vertex 4.000000 -0.399999 1.040998
    endloop
  endfacet
  facet normal 0.000000 0.000000 0.000000
    outer loop
      vertex 4.000000 -0.559599 1.040998
      vertex 3.887004 -0.512853 1.040998
      vertex 4.000000 -0.399999 1.040998
    endloop
  endfacet
  facet normal 0.000000 0.000000 0.000000
    outer loop
      vertex 3.887004 -0.512853 1.040998
      vertex 3.840200 -0.399999 1.040998
      vertex 4.000000 -0.399999 1.040998
    endloop
  endfacet
  facet normal 0.000000 0.000000 0.000000
    outer loop
      vertex 3.840200 -0.399999 1.040998
      vertex 3.887004 -0.287145 1.040998
      vertex 4.000000 -0.399999 1.040998
    endloop
  endfacet
  facet normal 0.000000 0.000000 0.000000
    outer loop
      vertex 3.887004 -0.287145 1.040998
      vertex 4.000000 -0.240399 1.040998
      vertex 4.000000 -0.399999 1.040998
    endloop
  endfacet
  facet normal 0.000000 0.000000 0.000000
    outer loop
      vertex 4.000000 -0.240399 1.040998
      vertex 4.112996 -0.287145 1.040998
      vertex 4.000000 -0.399999 1.040998
    endloop
  endfacet
  facet normal 0.000000 0.000000 0.000000
    outer loop
      vertex 4.112996 -0.287145 1.040998
      vertex 4.159800 -0.399999 1.040998
      vertex 4.000000 -0.399999 1.040998
    endloop
  endfacet
  facet normal 0.000000 0.000000 0.000000
    outer loop
      vertex 3.201000 -0.798999 1.359665
      vertex 3.201000 -0.798999 1.040998
      vertex 4.799000 -0.798999 1.040998
    endloop
  endfacet
  facet normal 0.000000 0.000000 0.000000
    outer loop
      vertex 3.201000 -0.798999 1.359665
      vertex 4.799000 -0.798999 1.040998
      vertex 4.799000 -0.798999 1.359665
    endloop
  endfacet
  facet normal 0.000000 0.000000 0.000000
    outer loop
      vertex 4.799000 -0.000999 1.040998
      vertex 4.639200 -0.160599 1.040998
      vertex 3.360800 -0.160599 1.040998
    endloop
  endfacet
  facet normal 0.000000 0.000000 0.000000
    outer loop
      vertex 4.799000 -0.000999 1.040998
      vertex 3.360800 -0.160599 1.040998
      vertex 3.201000 -0.000999 1.040998
    endloop
  endfacet
  facet normal 0.000000 0.000000 0.000000
    outer loop
      vertex 3.201000 -0.000999 1.040998
      vertex 3.360800 -0.160599 1.040998
      vertex 3.360800 -0.639399 1.040998
    endloop
  endfacet
  facet normal 0.000000 0.000000 0.000000
    outer loop
      vertex 3.201000 -0.000999 1.040998
      vertex 3.360800 -0.639399 1.040998
      vertex 3.201000 -0.798999 1.040998
    endloop
  endfacet
  facet normal 0.000000 0.000000 0.000000
    outer loop
      vertex 3.201000 -0.798999 1.040998
      vertex 3.360800 -0.639399 1.040998
      vertex 4.639200 -0.639399 1.040998
    endloop
  endfacet
  facet normal 0.000000 0.000000 0.000000
    outer loop
      vertex 3.201000 -0.798999 1.040998
      vertex 4.639200 -0.639399 1.040998
      vertex 4.799000 -0.798999 1.040998
    endloop
  endfacet
  facet normal 0.000000 0.000000 0.000000
    outer loop
      vertex 4.799000 -0.798999 1.040998
      vertex 4.639200 -0.639399 1.040998
      vertex 4.639200 -0.160599 1.040998
    endloop
  endfacet
  facet normal 0.000000 0.000000 0.000000
    outer loop
      vertex 4.799000 -0.798999 1.040998
      vertex 4.639200 -0.160599 1.040998
      vertex 4.799000 -0.000999 1.040998
    endloop
  endfacet
  facet normal 0.000000 0.000000 0.000000
    outer loop
      vertex 4.159800 -0.399999 1.040998
      vertex 4.159800 -0.399999 1.200332
      vertex 4.112996 -0.512853 1.200332
    endloop
  endfacet
  facet normal 0.000000 0.000000 0.000000
    outer loop
      vertex 4.159800 -0.399999 1.040998
      vertex 4.112996 -0.512853 1.200332
      vertex 4.112996 -0.512853 1.040998
    endloop
  endfacet
  facet normal 0.000000 0.000000 0.000000
    outer loop
      vertex 4.112996 -0.512853 1.040998
      vertex 4.112996 -0.512853 1.200332
      vertex 4.000000 -0.559599 1.200332
    endloop
  endfacet
  facet normal 0.000000 0.000000 0.000000
    outer loop
      vertex 4.112996 -0.512853 1.040998
      vertex 4.000000 -0.559599 1.200332
      vertex 4.000000 -0.559599 1.040998
    endloop
  endfacet
  facet normal 0.000000 0.000000 0.000000
    outer loop
      vertex 4.000000 -0.559599 1.040998
      vertex 4.000000 -0.559599 1.200332
      vertex 3.887004 -0.512853 1.200332
    endloop
  endfacet
  facet normal 0.000000 0.000000 0.000000
    outer loop
      vertex 4.000000 -0.559599 1.040998
      vertex 3.887004 -0.512853 1.200332
      vertex 3.887004 -0.512853 1.040998
    endloop
  endfacet
  facet normal 0.000000 0.000000 0.000000
    outer loop
      vertex 3.887004 -0.512853 1.040998
      vertex 3.887004 -0.512853 1.200332
      vertex 3.840200 -0.399999 1.200332
    endloop
  endfacet
  facet normal 0.000000 0.000000 0.000000
    outer loop
      vertex 3.887004 -0.512853 1.040998
      vertex 3.840200 -0.399999 1.200332
      vertex 3.840200 -0.399999 1.040998
    endloop
  endfacet
  facet normal 0.000000 0.000000 0.000000
    outer loop
      vertex 3.840200 -0.399999 1.040998
      vertex 3.840200 -0.399999 1.200332
      vertex 3.887004 -0.287145 1.200332
    endloop
  endfacet
  facet normal 0.000000 0.000000 0.000000
    outer loop
      vertex 3.840200 -0.399999 1.040998
      vertex 3.887004 -0.287145 1.200332
      vertex 3.887004 -0.287145 1.040998
    endloop
  endfacet
  facet normal 0.000000 0.000000 0.000000
    outer loop
      vertex 3.887004 -0.287145 1.040998
      vertex 3.887004 -0.287145 1.200332
      vertex 4.000000 -0.240399 1.200332
    endloop
  endfacet
  facet normal 0.000000 0.000000 0.000000
    outer loop
      vertex 3.887004 -0.287145 1.040998
      vertex 4.000000 -0.240399 1.200332
      vertex 4.000000 -0.240399 1.040998
    endloop
  endfacet
  facet normal 0.000000 0.000000 0.000000
    outer loop
      vertex 4.000000 -0.240399 1.040998
      vertex 4.000000 -0.240399 1.200332
      vertex 4.112996 -0.287145 1.200332
    endloop
  endfacet
  facet normal 0.000000 0.000000 0.000000
    outer loop
      vertex 4.000000 -0.240399 1.040998
      vertex 4.112996 -0.287145 1.200332
      vertex 4.112996 -0.287145 1.040998
    endloop
  endfacet
  facet normal 0.000000 0.000000 0.000000
    outer loop
      vertex 4.112996 -0.287145 1.040998
      vertex 4.112996 -0.287145 1.200332
      vertex 4.159800 -0.399999 1.200332
    endloop
  endfacet
  facet normal 0.000000 0.000000 0.000000
    outer loop
      vertex 4.112996 -0.287145 1.040998
      vertex 4.159800 -0.399999 1.200332
      vertex 4.159800 -0.399999 1.040998
    endloop
  endfacet
  facet normal 0.000000 0.000000 0.000000
    outer loop
      vertex 3.360800 -0.160599 1.200332
      vertex 4.639200 -0.160599 1.200332
      vertex 4.639200 -0.639399 1.200332
    endloop
  endfacet
  facet normal 0.000000 0.000000 0.000000
    outer loop
      vertex 3.360800 -0.160599 1.200332
      vertex 4.639200 -0.639399 1.200332
      vertex 3.360800 -0.639399 1.200332
    endloop
  endfacet
  facet normal 0.000000 0.000000 0.000000
    outer loop
      vertex 3.360800 -0.160599 1.200332
      vertex 3.360800 -0.160599 1.040998
      vertex 4.639200 -0.160599 1.040998
    endloop
  endfacet
  facet normal 0.000000 0.000000 0.000000
    outer loop
      vertex 3.360800 -0.160599 1.200332
      vertex 4.639200 -0.160599 1.040998
      vertex 4.639200 -0.160599 1.200332
    endloop
  endfacet
  facet normal 0.000000 0.000000 0.000000
    outer loop
      vertex 3.360800 -0.639399 1.200332
      vertex 3.360800 -0.639399 1.040998
      vertex 3.360800 -0.160599 1.040998
    endloop
  endfacet
  facet normal 0.000000 0.000000 0.000000
    outer loop
      vertex 3.360800 -0.639399 1.200332
      vertex 3.360800 -0.160599 1.040998
      vertex 3.360800 -0.160599 1.200332
    endloop
  endfacet
  facet normal 0.000000 0.000000 0.000000
    outer loop
      vertex 4.639200 -0.639399 1.200332
      vertex 4.639200 -0.639399 1.040998
      vertex 3.360800 -0.639399 1.040998
    endloop
  endfacet
  facet normal 0.000000 0.000000 0.000000
    outer loop
      vertex 4.639200 -0.639399 1.200332
      vertex 3.360800 -0.639399 1.040998
      vertex 3.360800 -0.639399 1.200332
    endloop
  endfacet
  facet normal 0.000000 0.000000 0.000000
    outer loop
      vertex 4.639200 -0.160599 1.200332
      vertex 4.639200 -0.160599 1.040998
      vertex 4.639200 -0.639399 1.040998
    endloop
  endfacet
  facet normal 0.000000 0.000000 0.000000
    outer loop
      vertex 4.639200 -0.160599 1.200332
      vertex 4.639200 -0.639399 1.040998
      vertex 4.639200 -0.639399 1.200332
    endloop
  endfacet
  facet normal 0.000000 0.000000 0.000000
    outer loop
      vertex 4.799000 -0.798999 1.040998
      vertex 4.799000 -0.000999 1.040998
      vertex 4.799000 -0.000999 1.359665
    endloop
  endfacet
  facet normal 0.000000 0.000000 0.000000
    outer loop
      vertex 4.799000 -0.798999 1.040998
      vertex 4.799000 -0.000999 1.359665
      vertex 4.799000 -0.798999 1.359665
    endloop
  endfacet
  facet normal 0.000000 0.000000 0.000000
    outer loop
      vertex 3.201000 -0.000999 1.040998
      vertex 3.201000 -0.798999 1.040998
      vertex 3.201000 -0.798999 1.359665
    endloop
  endfacet
  facet normal 0.000000 0.000000 0.000000
    outer loop
      vertex 3.201000 -0.000999 1.040998
      vertex 3.201000 -0.798999 1.359665
      vertex 3.201000 -0.000999 1.359665
    endloop
  endfacet
  facet normal 0.000000 0.000000 0.000000
    outer loop
      vertex 4.799000 -0.000999 1.040998
      vertex 3.201000 -0.000999 1.040998
      vertex 3.201000 -0.000999 1.359665
    endloop
  endfacet
  facet normal 0.000000 0.000000 0.000000
    outer loop
      vertex 4.799000 -0.000999 1.040998
      vertex 3.201000 -0.000999 1.359665
      vertex 4.799000 -0.000999 1.359665
    endloop
  endfacet
  facet normal 0.000000 0.000000 0.000000
    outer loop
      vertex 3.201000 -0.000999 1.359665
      vertex 3.201000 -0.798999 1.359665
      vertex 4.799000 -0.798999 1.359665
    endloop
  endfacet
  facet normal 0.000000 0.000000 0.000000
    outer loop
      vertex 3.201000 -0.000999 1.359665
      vertex 4.799000 -0.798999 1.359665
      vertex 4.799000 -0.000999 1.359665
    endloop
  endfacet
  facet normal 0.000000 0.000000 0.000000
    outer loop
      vertex 3.840200 -0.399999 1.518998
      vertex 3.840200 -0.399999 1.359665
      vertex 3.769994 -0.230717 1.359665
    endloop
  endfacet
  facet normal 0.000000 0.000000 0.000000
    outer loop
      vertex 3.840200 -0.399999 1.518998
      vertex 3.769994 -0.230717 1.359665
      vertex 3.769994 -0.230717 1.518998
    endloop
  endfacet
  facet normal 0.000000 0.000000 0.000000
    outer loop
      vertex 3.769994 -0.230717 1.518998
      vertex 3.769994 -0.230717 1.359665
      vertex 3.600500 -0.160599 1.359665
    endloop
  endfacet
  facet normal 0.000000 0.000000 0.000000
    outer loop
      vertex 3.769994 -0.230717 1.518998
      vertex 3.600500 -0.160599 1.359665
      vertex 3.600500 -0.160599 1.518998
    endloop
  endfacet
  facet normal 0.000000 0.000000 0.000000
    outer loop
      vertex 3.600500 -0.160599 1.518998
      vertex 3.600500 -0.160599 1.359665
      vertex 3.431006 -0.230717 1.359665
    endloop
  endfacet
  facet normal 0.000000 0.000000 0.000000
    outer loop
      vertex 3.600500 -0.160599 1.518998
      vertex 3.431006 -0.230717 1.359665
      vertex 3.431006 -0.230717 1.518998
    endloop
  endfacet
  facet normal 0.000000 0.000000 0.000000
    outer loop
      vertex 3.431006 -0.230717 1.518998
      vertex 3.431006 -0.230717 1.359665
      vertex 3.360800 -0.399999 1.359665
    endloop
  endfacet
  facet normal 0.000000 0.000000 0.000000
    outer loop
      vertex 3.431006 -0.230717 1.518998
      vertex 3.360800 -0.399999 1.359665
      vertex 3.360800 -0.399999 1.518998
    endloop
  endfacet
  facet normal 0.000000 0.000000 0.000000
    outer loop
      vertex 3.360800 -0.399999 1.518998
      vertex 3.360800 -0.399999 1.359665
      vertex 3.431006 -0.569280 1.359665
    endloop
  endfacet
  facet normal 0.000000 0.000000 0.000000
    outer loop
      vertex 3.360800 -0.399999 1.518998
      vertex 3.431006 -0.569280 1.359665
      vertex 3.431006 -0.569280 1.518998
    endloop
  endfacet
  facet normal 0.000000 0.000000 0.000000
    outer loop
      vertex 3.431006 -0.569280 1.518998
      vertex 3.431006 -0.569280 1.359665
      vertex 3.600500 -0.639399 1.359665
    endloop
  endfacet
  facet normal 0.000000 0.000000 0.000000
    outer loop
      vertex 3.431006 -0.569280 1.518998
      vertex 3.600500 -0.639399 1.359665
      vertex 3.600500 -0.639399 1.518998
    endloop
  endfacet
  facet normal 0.000000 0.000000 0.000000
    outer loop
      vertex 3.600500 -0.639399 1.518998
      vertex 3.600500 -0.639399 1.359665
      vertex 3.769994 -0.569280 1.359665
    endloop
  endfacet
  facet normal 0.000000 0.000000 0.000000
    outer loop
      vertex 3.600500 -0.639399 1.518998
      vertex 3.769994 -0.569280 1.359665
      vertex 3.769994 -0.569280 1.518998
    endloop
  endfacet
  facet normal 0.000000 0.000000 0.000000
    outer loop
      vertex 3.769994 -0.569280 1.518998
      vertex 3.769994 -0.569280 1.359665
      vertex 3.840200 -0.399999 1.359665
    endloop
  endfacet
  facet normal 0.000000 0.000000 0.000000
    outer loop
      vertex 3.769994 -0.569280 1.518998
      vertex 3.840200 -0.399999 1.359665
      vertex 3.840200 -0.399999 1.518998
    endloop
  endfacet
  facet normal 0.000000 0.000000 0.000000
    outer loop
      vertex 4.639200 -0.399999 1.518998
      vertex 4.639200 -0.399999 1.359665
      vertex 4.568994 -0.230717 1.359665
    endloop
  endfacet
  facet normal 0.000000 0.000000 0.000000
    outer loop
      vertex 4.639200 -0.399999 1.518998
      vertex 4.568994 -0.230717 1.359665
      vertex 4.568994 -0.230717 1.518998
    endloop
  endfacet
  facet normal 0.000000 0.000000 0.000000
    outer loop
      vertex 4.568994 -0.230717 1.518998
      vertex 4.568994 -0.230717 1.359665
      vertex 4.399500 -0.160599 1.359665
    endloop
  endfacet
  facet normal 0.000000 0.000000 0.000000
    outer loop
      vertex 4.568994 -0.230717 1.518998
      vertex 4.399500 -0.160599 1.359665
      vertex 4.399500 -0.160599 1.518998
    endloop
  endfacet
  facet normal 0.000000 0.000000 0.000000
    outer loop
      vertex 4.399500 -0.160599 1.518998
      vertex 4.399500 -0.160599 1.359665
      vertex 4.230006 -0.230717 1.359665
    endloop
  endfacet
  facet normal 0.000000 0.000000 0.000000
    outer loop
      vertex 4.399500 -0.160599 1.518998
      vertex 4.230006 -0.230717 1.359665
      vertex 4.230006 -0.230717 1.518998
    endloop
  endfacet
  facet normal 0.000000 0.000000 0.000000
    outer loop
      vertex 4.230006 -0.230717 1.518998
      vertex 4.230006 -0.230717 1.359665
      vertex 4.159800 -0.399999 1.359665
    endloop
  endfacet
  facet normal 0.000000 0.000000 0.000000
    outer loop
      vertex 4.230006 -0.230717 1.518998
      vertex 4.159800 -0.399999 1.359665
      vertex 4.159800 -0.399999 1.518998
    endloop
  endfacet
  facet normal 0.000000 0.000000 0.000000
    outer loop
      vertex 4.159800 -0.399999 1.518998
      vertex 4.159800 -0.399999 1.359665
      vertex 4.230006 -0.569280 1.359665
    endloop
  endfacet
  facet normal 0.000000 0.000000 0.000000
    outer loop
      vertex 4.159800 -0.399999 1.518998
      vertex 4.230006 -0.569280 1.359665
      vertex 4.230006 -0.569280 1.518998
    endloop
  endfacet
  facet normal 0.000000 0.000000 0.000000
    outer loop
      vertex 4.230006 -0.569280 1.518998
      vertex 4.230006 -0.569280 1.359665
      vertex 4.399500 -0.639399 1.359665
    endloop
  endfacet
  facet normal 0.000000 0.000000 0.000000
    outer loop
      vertex 4.230006 -0.569280 1.518998
      vertex 4.399500 -0.639399 1.359665
      vertex 4.399500 -0.639399 1.518998
    endloop
  endfacet
  facet normal 0.000000 0.000000 0.000000
    outer loop
      vertex 4.399500 -0.639399 1.518998
      vertex 4.399500 -0.639399 1.359665
      vertex 4.568994 -0.569280 1.359665
    endloop
  endfacet
  facet normal 0.000000 0.000000 0.000000
    outer loop
      vertex 4.399500 -0.639399 1.518998
      vertex 4.568994 -0.569280 1.359665
      vertex 4.568994 -0.569280 1.518998
    endloop
  endfacet
  facet normal 0.000000 0.000000 0.000000
    outer loop
      vertex 4.568994 -0.569280 1.518998
      vertex 4.568994 -0.569280 1.359665
      vertex 4.639200 -0.399999 1.359665
    endloop
  endfacet
  facet normal 0.000000 0.000000 0.000000
    outer loop
      vertex 4.568994 -0.569280 1.518998
      vertex 4.639200 -0.399999 1.359665
      vertex 4.639200 -0.399999 1.518998
    endloop
  endfacet
  facet normal 0.000000 0.000000 0.000000
    outer loop
      vertex 3.600500 -0.399999 1.518998
      vertex 3.840200 -0.399999 1.518998
      vertex 3.769994 -0.230717 1.518998
    endloop
  endfacet
  facet normal 0.000000 0.000000 0.000000
    outer loop
      vertex 3.600500 -0.399999 1.518998
      vertex 3.769994 -0.230717 1.518998
      vertex 3.600500 -0.160599 1.518998
    endloop
  endfacet
  facet normal 0.000000 0.000000 0.000000
    outer loop
      vertex 3.600500 -0.399999 1.518998
      vertex 3.600500 -0.160599 1.518998
      vertex 3.431006 -0.230717 1.518998
    endloop
  endfacet
  facet normal 0.000000 0.000000 0.000000
    outer loop
      vertex 3.600500 -0.399999 1.518998
      vertex 3.431006 -0.230717 1.518998
      vertex 3.360800 -0.399999 1.518998
    endloop
  endfacet
  facet normal 0.000000 0.000000 0.000000
    outer loop
      vertex 3.600500 -0.399999 1.518998
      vertex 3.360800 -0.399999 1.518998
      vertex 3.431006 -0.569280 1.518998
    endloop
  endfacet
  facet normal 0.000000 0.000000 0.000000
    outer loop
      vertex 3.600500 -0.399999 1.518998
      vertex 3.431006 -0.569280 1.518998
      vertex 3.600500 -0.639399 1.518998
    endloop
  endfacet
  facet normal 0.000000 0.000000 0.000000
    outer loop
      vertex 3.600500 -0.399999 1.518998
      vertex 3.600500 -0.639399 1.518998
      vertex 3.769994 -0.569280 1.518998
    endloop
  endfacet
  facet normal 0.000000 0.000000 0.000000
    outer loop
      vertex 3.600500 -0.399999 1.518998
      vertex 3.769994 -0.569280 1.518998
      vertex 3.840200 -0.399999 1.518998
    endloop
  endfacet
  facet normal 0.000000 0.000000 0.000000
    outer loop
      vertex 4.399500 -0.399999 1.518998
      vertex 4.639200 -0.399999 1.518998
      vertex 4.568994 -0.230717 1.518998
    endloop
  endfacet
  facet normal 0.000000 0.000000 0.000000
    outer loop
      vertex 4.399500 -0.399999 1.518998
      vertex 4.568994 -0.230717 1.518998
      vertex 4.399500 -0.160599 1.518998
    endloop
  endfacet
  facet normal 0.000000 0.000000 0.000000
    outer loop
      vertex 4.399500 -0.399999 1.518998
      vertex 4.399500 -0.160599 1.518998
      vertex 4.230006 -0.230717 1.518998
    endloop
  endfacet
  facet normal 0.000000 0.000000 0.000000
    outer loop
      vertex 4.399500 -0.399999 1.518998
      vertex 4.230006 -0.230717 1.518998
      vertex 4.159800 -0.399999 1.518998
    endloop
  endfacet
  facet normal 0.000000 0.000000 0.000000
    outer loop
      vertex 4.399500 -0.399999 1.518998
      vertex 4.159800 -0.399999 1.518998
      vertex 4.230006 -0.569280 1.518998
    endloop
  endfacet
  facet normal 0.000000 0.000000 0.000000
    outer loop
      vertex 4.399500 -0.399999 1.518998
      vertex 4.230006 -0.569280 1.518998
      vertex 4.399500 -0.639399 1.518998
    endloop
  endfacet
  facet normal 0.000000 0.000000 0.000000
    outer loop
      vertex 4.399500 -0.399999 1.518998
      vertex 4.399500 -0.639399 1.518998
      vertex 4.568994 -0.569280 1.518998
    endloop
  endfacet
  facet normal 0.000000 0.000000 0.000000
    outer loop
      vertex 4.399500 -0.399999 1.518998
      vertex 4.568994 -0.569280 1.518998
      vertex 4.639200 -0.399999 1.518998
    endloop
  endfacet
  facet normal 0.000000 0.000000 0.000000
    outer loop
      vertex -3.040467 -0.399998 -4.719003
      vertex -3.087291 -0.512852 -4.719003
      vertex -3.200333 -0.399998 -4.719003
    endloop
  endfacet
  facet normal 0.000000 0.000000 0.000000
    outer loop
      vertex -3.087291 -0.512852 -4.719003
      vertex -3.200333 -0.559598 -4.719003
      vertex -3.200333 -0.399998 -4.719003
    endloop
  endfacet
  facet normal 0.000000 0.000000 0.000000
    outer loop
      vertex -3.200333 -0.559598 -4.719003
      vertex -3.313376 -0.512852 -4.719003
      vertex -3.200333 -0.399998 -4.719003
    endloop
  endfacet
  facet normal 0.000000 0.000000 0.000000
    outer loop
      vertex -3.313376 -0.512852 -4.719003
      vertex -3.360200 -0.399998 -4.719003
      vertex -3.200333 -0.399998 -4.719003
    endloop
  endfacet
  facet normal 0.000000 0.000000 0.000000
    outer loop
      vertex -3.360200 -0.399998 -4.719003
      vertex -3.313376 -0.287144 -4.719003
      vertex -3.200333 -0.399998 -4.719003
    endloop
  endfacet
  facet normal 0.000000 0.000000 0.000000
    outer loop
      vertex -3.313376 -0.287144 -4.719003
      vertex -3.200333 -0.240398 -4.719002
      vertex -3.200333 -0.399998 -4.719003
    endloop
  endfacet
  facet normal 0.000000 0.000000 0.000000
    outer loop
      vertex -3.200333 -0.240398 -4.719002
      vertex -3.087291 -0.287144 -4.719003
      vertex -3.200333 -0.399998 -4.719003
    endloop
  endfacet
  facet normal 0.000000 0.000000 0.000000
    outer loop
      vertex -3.087291 -0.287144 -4.719003
      vertex -3.040467 -0.399998 -4.719003
      vertex -3.200333 -0.399998 -4.719003
    endloop
  endfacet
  facet normal 0.000000 0.000000 0.000000
    outer loop
      vertex -3.839800 -0.399998 -4.719003
      vertex -3.886624 -0.512852 -4.719003
      vertex -3.999667 -0.399998 -4.719003
    endloop
  endfacet
  facet normal 0.000000 0.000000 0.000000
    outer loop
      vertex -3.886624 -0.512852 -4.719003
      vertex -3.999667 -0.559598 -4.719003
      vertex -3.999667 -0.399998 -4.719003
    endloop
  endfacet
  facet normal 0.000000 0.000000 0.000000
    outer loop
      vertex -3.999667 -0.559598 -4.719003
      vertex -4.112709 -0.512852 -4.719003
      vertex -3.999667 -0.399998 -4.719003
    endloop
  endfacet
  facet normal 0.000000 0.000000 0.000000
    outer loop
      vertex -4.112709 -0.512852 -4.719003
      vertex -4.159534 -0.399998 -4.719003
      vertex -3.999667 -0.399998 -4.719003
    endloop
  endfacet
  facet normal 0.000000 0.000000 0.000000
    outer loop
      vertex -4.159534 -0.399998 -4.719003
      vertex -4.112709 -0.287144 -4.719003
      vertex -3.999667 -0.399998 -4.719003
    endloop
  endfacet
  facet normal 0.000000 0.000000 0.000000
    outer loop
      vertex -4.112709 -0.287144 -4.719003
      vertex -3.999667 -0.240398 -4.719002
      vertex -3.999667 -0.399998 -4.719003
    endloop
  endfacet
  facet normal 0.000000 0.000000 0.000000
    outer loop
      vertex -3.999667 -0.240398 -4.719002
      vertex -3.886624 -0.287144 -4.719003
      vertex -3.999667 -0.399998 -4.719003
    endloop
  endfacet
  facet normal 0.000000 0.000000 0.000000
    outer loop
      vertex -3.886624 -0.287144 -4.719003
      vertex -3.839800 -0.399998 -4.719003
      vertex -3.999667 -0.399998 -4.719003
    endloop
  endfacet
  facet normal 0.000000 0.000000 0.000000
    outer loop
      vertex -2.401000 -0.798999 -3.760717
      vertex -4.799000 -0.798999 -3.760717
      vertex -4.799000 -0.798998 -4.719003
    endloop
  endfacet
  facet normal 0.000000 0.000000 0.000000
    outer loop
      vertex -2.401000 -0.798999 -3.760717
      vertex -4.799000 -0.798998 -4.719003
      vertex -2.401000 -0.798998 -4.719003
    endloop
  endfacet
  facet normal 0.000000 0.000000 0.000000
    outer loop
      vertex -2.401000 -0.000998 -4.719002
      vertex -2.560867 -0.160598 -4.719002
      vertex -4.639133 -0.160598 -4.719002
    endloop
  endfacet
  facet normal 0.000000 0.000000 0.000000
    outer loop
      vertex -2.401000 -0.000998 -4.719002
      vertex -4.639133 -0.160598 -4.719002
      vertex -4.799000 -0.000998 -4.719002
    endloop
  endfacet
  facet normal 0.000000 0.000000 0.000000
    outer loop
      vertex -4.799000 -0.000998 -4.719002
      vertex -4.639133 -0.160598 -4.719002
      vertex -4.639133 -0.639398 -4.719003
    endloop
  endfacet
  facet normal 0.000000 0.000000 0.000000
    outer loop
      vertex -4.799000 -0.000998 -4.719002
      vertex -4.639133 -0.639398 -4.719003
      vertex -4.799000 -0.798998 -4.719003
    endloop
  endfacet
  facet normal 0.000000 0.000000 0.000000
    outer loop
      vertex -4.799000 -0.798998 -4.719003
      vertex -4.639133 -0.639398 -4.719003
      vertex -2.560867 -0.639398 -4.719003
    endloop
  endfacet
  facet normal 0.000000 0.000000 0.000000
    outer loop
      vertex -4.799000 -0.798998 -4.719003
      vertex -2.560867 -0.639398 -4.719003
      vertex -2.401000 -0.798998 -4.719003
    endloop
  endfacet
  facet normal 0.000000 0.000000 0.000000
    outer loop
      vertex -2.401000 -0.798998 -4.719003
      vertex -2.560867 -0.639398 -4.719003
      vertex -2.560867 -0.160598 -4.719002
    endloop
  endfacet
  facet normal 0.000000 0.000000 0.000000
    outer loop
      vertex -2.401000 -0.798998 -4.719003
      vertex -2.560867 -0.160598 -4.719002
      vertex -2.401000 -0.000998 -4.719002
    endloop
  endfacet
  facet normal 0.000000 0.000000 0.000000
    outer loop
      vertex -3.040467 -0.399998 -4.719003
      vertex -3.040467 -0.399999 -3.920431
      vertex -3.087291 -0.512853 -3.920431
    endloop
  endfacet
  facet normal 0.000000 0.000000 0.000000
    outer loop
      vertex -3.040467 -0.399998 -4.719003
      vertex -3.087291 -0.512853 -3.920431
      vertex -3.087291 -0.512852 -4.719003
    endloop
  endfacet
  facet normal 0.000000 0.000000 0.000000
    outer loop
      vertex -3.087291 -0.512852 -4.719003
      vertex -3.087291 -0.512853 -3.920431
      vertex -3.200333 -0.559599 -3.920431
    endloop
  endfacet
  facet normal 0.000000 0.000000 0.000000
    outer loop
      vertex -3.087291 -0.512852 -4.719003
      vertex -3.200333 -0.559599 -3.920431
      vertex -3.200333 -0.559598 -4.719003
    endloop
  endfacet
  facet normal 0.000000 0.000000 0.000000
    outer loop
      vertex -3.200333 -0.559598 -4.719003
      vertex -3.200333 -0.559599 -3.920431
      vertex -3.313376 -0.512853 -3.920431
    endloop
  endfacet
  facet normal 0.000000 0.000000 0.000000
    outer loop
      vertex -3.200333 -0.559598 -4.719003
      vertex -3.313376 -0.512853 -3.920431
      vertex -3.313376 -0.512852 -4.719003
    endloop
  endfacet
  facet normal 0.000000 0.000000 0.000000
    outer loop
      vertex -3.313376 -0.512852 -4.719003
      vertex -3.313376 -0.512853 -3.920431
      vertex -3.360200 -0.399999 -3.920431
    endloop
  endfacet
  facet normal 0.000000 0.000000 0.000000
    outer loop
      vertex -3.313376 -0.512852 -4.719003
      vertex -3.360200 -0.399999 -3.920431
      vertex -3.360200 -0.399998 -4.719003
    endloop
  endfacet
  facet normal 0.000000 0.000000 0.000000
    outer loop
      vertex -3.360200 -0.399998 -4.719003
      vertex -3.360200 -0.399999 -3.920431
      vertex -3.313376 -0.287144 -3.920431
    endloop
  endfacet
  facet normal 0.000000 0.000000 0.000000
    outer loop
      vertex -3.360200 -0.399998 -4.719003
      vertex -3.313376 -0.287144 -3.920431
      vertex -3.313376 -0.287144 -4.719003
    endloop
  endfacet
  facet normal 0.000000 0.000000 0.000000
    outer loop
      vertex -3.313376 -0.287144 -4.719003
      vertex -3.313376 -0.287144 -3.920431
      vertex -3.200333 -0.240399 -3.920431
    endloop
  endfacet
  facet normal 0.000000 0.000000 0.000000
    outer loop
      vertex -3.313376 -0.287144 -4.719003
      vertex -3.200333 -0.240399 -3.920431
      vertex -3.200333 -0.240398 -4.719002
    endloop
  endfacet
  facet normal 0.000000 0.000000 0.000000
    outer loop
      vertex -3.200333 -0.240398 -4.719002
      vertex -3.200333 -0.240399 -3.920431
      vertex -3.087291 -0.287144 -3.920431
    endloop
  endfacet
  facet normal 0.000000 0.000000 0.000000
    outer loop
      vertex -3.200333 -0.240398 -4.719002
      vertex -3.087291 -0.287144 -3.920431
      vertex -3.087291 -0.287144 -4.719003
    endloop
  endfacet
  facet normal 0.000000 0.000000 0.000000
    outer loop
      vertex -3.087291 -0.287144 -4.719003
      vertex -3.087291 -0.287144 -3.920431
      vertex -3.040467 -0.399999 -3.920431
    endloop
  endfacet
  facet normal 0.000000 0.000000 0.000000
    outer loop
      vertex -3.087291 -0.287144 -4.719003
      vertex -3.040467 -0.399999 -3.920431
      vertex -3.040467 -0.399998 -4.719003
    endloop
  endfacet
  facet normal 0.000000 0.000000 0.000000
    outer loop
      vertex -3.839800 -0.399998 -4.719003
      vertex -3.839800 -0.399999 -3.920431
      vertex -3.886624 -0.512853 -3.920431
    endloop
  endfacet
  facet normal 0.000000 0.000000 0.000000
    outer loop
      vertex -3.839800 -0.399998 -4.719003
      vertex -3.886624 -0.512853 -3.920431
      vertex -3.886624 -0.512852 -4.719003
    endloop
  endfacet
  facet normal 0.000000 0.000000 0.000000
    outer loop
      vertex -3.886624 -0.512852 -4.719003
      vertex -3.886624 -0.512853 -3.920431
      vertex -3.999667 -0.559599 -3.920431
    endloop
  endfacet
  facet normal 0.000000 0.000000 0.000000
    outer loop
      vertex -3.886624 -0.512852 -4.719003
      vertex -3.999667 -0.559599 -3.920431
      vertex -3.999667 -0.559598 -4.719003
    endloop
  endfacet
  facet normal 0.000000 0.000000 0.000000
    outer loop
      vertex -3.999667 -0.559598 -4.719003
      vertex -3.999667 -0.559599 -3.920431
      vertex -4.112709 -0.512853 -3.920431
    endloop
  endfacet
  facet normal 0.000000 0.000000 0.000000
    outer loop
      vertex -3.999667 -0.559598 -4.719003
      vertex -4.112709 -0.512853 -3.920431
      vertex -4.112709 -0.512852 -4.719003
    endloop
  endfacet
  facet normal 0.000000 0.000000 0.000000
    outer loop
      vertex -4.112709 -0.512852 -4.719003
      vertex -4.112709 -0.512853 -3.920431
      vertex -4.159534 -0.399999 -3.920431
    endloop
  endfacet
  facet normal 0.000000 0.000000 0.000000
    outer loop
      vertex -4.112709 -0.512852 -4.719003
      vertex -4.159534 -0.399999 -3.920431
      vertex -4.159534 -0.399998 -4.719003
    endloop
  endfacet
  facet normal 0.000000 0.000000 0.000000
    outer loop
      vertex -4.159534 -0.399998 -4.719003
      vertex -4.159534 -0.399999 -3.920431
      vertex -4.112709 -0.287144 -3.920431
    endloop
  endfacet
  facet normal 0.000000 0.000000 0.000000
    outer loop
      vertex -4.159534 -0.399998 -4.719003
      vertex -4.112709 -0.287144 -3.920431
      vertex -4.112709 -0.287144 -4.719003
    endloop
  endfacet
  facet normal 0.000000 0.000000 0.000000
    outer loop
      vertex -4.112709 -0.287144 -4.719003
      vertex -4.112709 -0.287144 -3.920431
      vertex -3.999667 -0.240399 -3.920431
    endloop
  endfacet
  facet normal 0.000000 0.000000 0.000000
    outer loop
      vertex -4.112709 -0.287144 -4.719003
      vertex -3.999667 -0.240399 -3.920431
      vertex -3.999667 -0.240398 -4.719002
    endloop
  endfacet
  facet normal 0.000000 0.000000 0.000000
    outer loop
      vertex -3.999667 -0.240398 -4.719002
      vertex -3.999667 -0.240399 -3.920431
      vertex -3.886624 -0.287144 -3.920431
    endloop
  endfacet
  facet normal 0.000000 0.000000 0.000000
    outer loop
      vertex -3.999667 -0.240398 -4.719002
      vertex -3.886624 -0.287144 -3.920431
      vertex -3.886624 -0.287144 -4.719003
    endloop
  endfacet
  facet normal 0.000000 0.000000 0.000000
    outer loop
      vertex -3.886624 -0.287144 -4.719003
      vertex -3.886624 -0.287144 -3.920431
      vertex -3.839800 -0.399999 -3.920431
    endloop
  endfacet
  facet normal 0.000000 0.000000 0.000000
    outer loop
      vertex -3.886624 -0.287144 -4.719003
      vertex -3.839800 -0.399999 -3.920431
      vertex -3.839800 -0.399998 -4.719003
    endloop
  endfacet
  facet normal 0.000000 0.000000 0.000000
    outer loop
      vertex -4.639133 -0.160599 -3.920431
      vertex -2.560867 -0.160599 -3.920431
      vertex -2.560867 -0.639399 -3.920431
    endloop
  endfacet
  facet normal 0.000000 0.000000 0.000000
    outer loop
      vertex -4.639133 -0.160599 -3.920431
      vertex -2.560867 -0.639399 -3.920431
      vertex -4.639133 -0.639399 -3.920431
    endloop
  endfacet
  facet normal 0.000000 0.000000 0.000000
    outer loop
      vertex -4.639133 -0.160599 -3.920431
      vertex -4.639133 -0.160598 -4.719002
      vertex -2.560867 -0.160598 -4.719002
    endloop
  endfacet
  facet normal 0.000000 0.000000 0.000000
    outer loop
      vertex -4.639133 -0.160599 -3.920431
      vertex -2.560867 -0.160598 -4.719002
      vertex -2.560867 -0.160599 -3.920431
    endloop
  endfacet
  facet normal 0.000000 0.000000 0.000000
    outer loop
      vertex -4.639133 -0.639399 -3.920431
      vertex -4.639133 -0.639398 -4.719003
      vertex -4.639133 -0.160598 -4.719002
    endloop
  endfacet
  facet normal 0.000000 0.000000 0.000000
    outer loop
      vertex -4.639133 -0.639399 -3.920431
      vertex -4.639133 -0.160598 -4.719002
      vertex -4.639133 -0.160599 -3.920431
    endloop
  endfacet
  facet normal 0.000000 0.000000 0.000000
    outer loop
      vertex -2.560867 -0.639399 -3.920431
      vertex -2.560867 -0.639398 -4.719003
      vertex -4.639133 -0.639398 -4.719003
    endloop
  endfacet
  facet normal 0.000000 0.000000 0.000000
    outer loop
      vertex -2.560867 -0.639399 -3.920431
      vertex -4.639133 -0.639398 -4.719003
      vertex -4.639133 -0.639399 -3.920431
    endloop
  endfacet
  facet normal 0.000000 0.000000 0.000000
    outer loop
      vertex -2.560867 -0.160599 -3.920431
      vertex -2.560867 -0.160598 -4.719002
      vertex -2.560867 -0.639398 -4.719003
    endloop
  endfacet
  facet normal 0.000000 0.000000 0.000000
    outer loop
      vertex -2.560867 -0.160599 -3.920431
      vertex -2.560867 -0.639398 -4.719003
      vertex -2.560867 -0.639399 -3.920431
    endloop
  endfacet
  facet normal 0.000000 0.000000 0.000000
    outer loop
      vertex -2.401000 -0.798998 -4.719003
      vertex -2.401000 -0.000998 -4.719002
      vertex -2.401000 -0.000999 -3.760716
    endloop
  endfacet
  facet normal 0.000000 0.000000 0.000000
    outer loop
      vertex -2.401000 -0.798998 -4.719003
      vertex -2.401000 -0.000999 -3.760716
      vertex -2.401000 -0.798999 -3.760717
    endloop
  endfacet
  facet normal 0.000000 0.000000 0.000000
    outer loop
      vertex -4.799000 -0.000998 -4.719002
      vertex -4.799000 -0.798998 -4.719003
      vertex -4.799000 -0.798999 -3.760717
    endloop
  endfacet
  facet normal 0.000000 0.000000 0.000000
    outer loop
      vertex -4.799000 -0.000998 -4.719002
      vertex -4.799000 -0.798999 -3.760717
      vertex -4.799000 -0.000999 -3.760716
    endloop
  endfacet
  facet normal 0.000000 0.000000 0.000000
    outer loop
      vertex -2.401000 -0.000998 -4.719002
      vertex -4.799000 -0.000998 -4.719002
      vertex -4.799000 -0.000999 -3.760716
    endloop
  endfacet
  facet normal 0.000000 0.000000 0.000000
    outer loop
      vertex -2.401000 -0.000998 -4.719002
      vertex -4.799000 -0.000999 -3.760716
      vertex -2.401000 -0.000999 -3.760716
    endloop
  endfacet
  facet normal 0.000000 0.000000 0.000000
    outer loop
      vertex -4.799000 -0.000999 -3.760716
      vertex -4.799000 -0.798999 -3.760717
      vertex -2.401000 -0.798999 -3.760717
    endloop
  endfacet
  facet normal 0.000000 0.000000 0.000000
    outer loop
      vertex -4.799000 -0.000999 -3.760716
      vertex -2.401000 -0.798999 -3.760717
      vertex -2.401000 -0.000999 -3.760716
    endloop
  endfacet
  facet normal 0.000000 0.000000 0.000000
    outer loop
      vertex -2.560867 -0.399999 -3.601002
      vertex -2.560867 -0.399999 -3.760717
      vertex -2.631102 -0.230717 -3.760716
    endloop
  endfacet
  facet normal 0.000000 0.000000 0.000000
    outer loop
      vertex -2.560867 -0.399999 -3.601002
      vertex -2.631102 -0.230717 -3.760716
      vertex -2.631102 -0.230718 -3.601002
    endloop
  endfacet
  facet normal 0.000000 0.000000 0.000000
    outer loop
      vertex -2.631102 -0.230718 -3.601002
      vertex -2.631102 -0.230717 -3.760716
      vertex -2.800666 -0.160599 -3.760716
    endloop
  endfacet
  facet normal 0.000000 0.000000 0.000000
    outer loop
      vertex -2.631102 -0.230718 -3.601002
      vertex -2.800666 -0.160599 -3.760716
      vertex -2.800666 -0.160599 -3.601002
    endloop
  endfacet
  facet normal 0.000000 0.000000 0.000000
    outer loop
      vertex -2.800666 -0.160599 -3.601002
      vertex -2.800666 -0.160599 -3.760716
      vertex -2.970231 -0.230717 -3.760716
    endloop
  endfacet
  facet normal 0.000000 0.000000 0.000000
    outer loop
      vertex -2.800666 -0.160599 -3.601002
      vertex -2.970231 -0.230717 -3.760716
      vertex -2.970231 -0.230718 -3.601002
    endloop
  endfacet
  facet normal 0.000000 0.000000 0.000000
    outer loop
      vertex -2.970231 -0.230718 -3.601002
      vertex -2.970231 -0.230717 -3.760716
      vertex -3.040467 -0.399999 -3.760717
    endloop
  endfacet
  facet normal 0.000000 0.000000 0.000000
    outer loop
      vertex -2.970231 -0.230718 -3.601002
      vertex -3.040467 -0.399999 -3.760717
      vertex -3.040467 -0.399999 -3.601002
    endloop
  endfacet
  facet normal 0.000000 0.000000 0.000000
    outer loop
      vertex -3.040467 -0.399999 -3.601002
      vertex -3.040467 -0.399999 -3.760717
      vertex -2.970231 -0.569280 -3.760717
    endloop
  endfacet
  facet normal 0.000000 0.000000 0.000000
    outer loop
      vertex -3.040467 -0.399999 -3.601002
      vertex -2.970231 -0.569280 -3.760717
      vertex -2.970231 -0.569280 -3.601003
    endloop
  endfacet
  facet normal 0.000000 0.000000 0.000000
    outer loop
      vertex -2.970231 -0.569280 -3.601003
      vertex -2.970231 -0.569280 -3.760717
      vertex -2.800666 -0.639399 -3.760717
    endloop
  endfacet
  facet normal 0.000000 0.000000 0.000000
    outer loop
      vertex -2.970231 -0.569280 -3.601003
      vertex -2.800666 -0.639399 -3.760717
      vertex -2.800666 -0.639399 -3.601003
    endloop
  endfacet
  facet normal 0.000000 0.000000 0.000000
    outer loop
      vertex -2.800666 -0.639399 -3.601003
      vertex -2.800666 -0.639399 -3.760717
      vertex -2.631102 -0.569280 -3.760717
    endloop
  endfacet
  facet normal 0.000000 0.000000 0.000000
    outer loop
      vertex -2.800666 -0.639399 -3.601003
      vertex -2.631102 -0.569280 -3.760717
      vertex -2.631102 -0.569280 -3.601003
    endloop
  endfacet
  facet normal 0.000000 0.000000 0.000000
    outer loop
      vertex -2.631102 -0.569280 -3.601003
      vertex -2.631102 -0.569280 -3.760717
      vertex -2.560867 -0.399999 -3.760717
    endloop
  endfacet
  facet normal 0.000000 0.000000 0.000000
    outer loop
      vertex -2.631102 -0.569280 -3.601003
      vertex -2.560867 -0.399999 -3.760717
      vertex -2.560867 -0.399999 -3.601002
    endloop
  endfacet
  facet normal 0.000000 0.000000 0.000000
    outer loop
      vertex -3.360200 -0.399999 -3.601002
      vertex -3.360200 -0.399999 -3.760717
      vertex -3.430436 -0.230717 -3.760716
    endloop
  endfacet
  facet normal 0.000000 0.000000 0.000000
    outer loop
      vertex -3.360200 -0.399999 -3.601002
      vertex -3.430436 -0.230717 -3.760716
      vertex -3.430436 -0.230718 -3.601002
    endloop
  endfacet
  facet normal 0.000000 0.000000 0.000000
    outer loop
      vertex -3.430436 -0.230718 -3.601002
      vertex -3.430436 -0.230717 -3.760716
      vertex -3.600000 -0.160599 -3.760716
    endloop
  endfacet
  facet normal 0.000000 0.000000 0.000000
    outer loop
      vertex -3.430436 -0.230718 -3.601002
      vertex -3.600000 -0.160599 -3.760716
      vertex -3.600000 -0.160599 -3.601002
    endloop
  endfacet
  facet normal 0.000000 0.000000 0.000000
    outer loop
      vertex -3.600000 -0.160599 -3.601002
      vertex -3.600000 -0.160599 -3.760716
      vertex -3.769564 -0.230717 -3.760716
    endloop
  endfacet
  facet normal 0.000000 0.000000 0.000000
    outer loop
      vertex -3.600000 -0.160599 -3.601002
      vertex -3.769564 -0.230717 -3.760716
      vertex -3.769564 -0.230718 -3.601002
    endloop
  endfacet
  facet normal 0.000000 0.000000 0.000000
    outer loop
      vertex -3.769564 -0.230718 -3.601002
      vertex -3.769564 -0.230717 -3.760716
      vertex -3.839800 -0.399999 -3.760717
    endloop
  endfacet
  facet normal 0.000000 0.000000 0.000000
    outer loop
      vertex -3.769564 -0.230718 -3.601002
      vertex -3.839800 -0.399999 -3.760717
      vertex -3.839800 -0.399999 -3.601002
    endloop
  endfacet
  facet normal 0.000000 0.000000 0.000000
    outer loop
      vertex -3.839800 -0.399999 -3.601002
      vertex -3.839800 -0.399999 -3.760717
      vertex -3.769564 -0.569280 -3.760717
    endloop
  endfacet
  facet normal 0.000000 0.000000 0.000000
    outer loop
      vertex -3.839800 -0.399999 -3.601002
      vertex -3.769564 -0.569280 -3.760717
      vertex -3.769564 -0.569280 -3.601003
    endloop
  endfacet
  facet normal 0.000000 0.000000 0.000000
    outer loop
      vertex -3.769564 -0.569280 -3.601003
      vertex -3.769564 -0.569280 -3.760717
      vertex -3.600000 -0.639399 -3.760717
    endloop
  endfacet
  facet normal 0.000000 0.000000 0.000000
    outer loop
      vertex -3.769564 -0.569280 -3.601003
      vertex -3.600000 -0.639399 -3.760717
      vertex -3.600000 -0.639399 -3.601003
    endloop
  endfacet
  facet normal 0.000000 0.000000 0.000000
    outer loop
      vertex -3.600000 -0.639399 -3.601003
      vertex -3.600000 -0.639399 -3.760717
      vertex -3.430436 -0.569280 -3.760717
    endloop
  endfacet
  facet normal 0.000000 0.000000 0.000000
    outer loop
      vertex -3.600000 -0.639399 -3.601003
      vertex -3.430436 -0.569280 -3.760717
      vertex -3.430436 -0.569280 -3.601003
    endloop
  endfacet
  facet normal 0.000000 0.000000 0.000000
    outer loop
      vertex -3.430436 -0.569280 -3.601003
      vertex -3.430436 -0.569280 -3.760717
      vertex -3.360200 -0.399999 -3.760717
    endloop
  endfacet
  facet normal 0.000000 0.000000 0.000000
    outer loop
      vertex -3.430436 -0.569280 -3.601003
      vertex -3.360200 -0.399999 -3.760717
      vertex -3.360200 -0.399999 -3.601002
    endloop
  endfacet
  facet normal 0.000000 0.000000 0.000000
    outer loop
      vertex -4.159534 -0.399999 -3.601002
      vertex -4.159534 -0.399999 -3.760717
      vertex -4.229769 -0.230717 -3.760716
    endloop
  endfacet
  facet normal 0.000000 0.000000 0.000000
    outer loop
      vertex -4.159534 -0.399999 -3.601002
      vertex -4.229769 -0.230717 -3.760716
      vertex -4.229769 -0.230718 -3.601002
    endloop
  endfacet
  facet normal 0.000000 0.000000 0.000000
    outer loop
      vertex -4.229769 -0.230718 -3.601002
      vertex -4.229769 -0.230717 -3.760716
      vertex -4.399333 -0.160599 -3.760716
    endloop
  endfacet
  facet normal 0.000000 0.000000 0.000000
    outer loop
      vertex -4.229769 -0.230718 -3.601002
      vertex -4.399333 -0.160599 -3.760716
      vertex -4.399333 -0.160599 -3.601002
    endloop
  endfacet
  facet normal 0.000000 0.000000 0.000000
    outer loop
      vertex -4.399333 -0.160599 -3.601002
      vertex -4.399333 -0.160599 -3.760716
      vertex -4.568898 -0.230717 -3.760716
    endloop
  endfacet
  facet normal 0.000000 0.000000 0.000000
    outer loop
      vertex -4.399333 -0.160599 -3.601002
      vertex -4.568898 -0.230717 -3.760716
      vertex -4.568898 -0.230718 -3.601002
    endloop
  endfacet
  facet normal 0.000000 0.000000 0.000000
    outer loop
      vertex -4.568898 -0.230718 -3.601002
      vertex -4.568898 -0.230717 -3.760716
      vertex -4.639133 -0.399999 -3.760717
    endloop
  endfacet
  facet normal 0.000000 0.000000 0.000000
    outer loop
      vertex -4.568898 -0.230718 -3.601002
      vertex -4.639133 -0.399999 -3.760717
      vertex -4.639133 -0.399999 -3.601002
    endloop
  endfacet
  facet normal 0.000000 0.000000 0.000000
    outer loop
      vertex -4.639133 -0.399999 -3.601002
      vertex -4.639133 -0.399999 -3.760717
      vertex -4.568897 -0.569280 -3.760717
    endloop
  endfacet
  facet normal 0.000000 0.000000 0.000000
    outer loop
      vertex -4.639133 -0.399999 -3.601002
      vertex -4.568897 -0.569280 -3.760717
      vertex -4.568897 -0.569280 -3.601003
    endloop
  endfacet
  facet normal 0.000000 0.000000 0.000000
    outer loop
      vertex -4.568897 -0.569280 -3.601003
      vertex -4.568897 -0.569280 -3.760717
      vertex -4.399333 -0.639399 -3.760717
    endloop
  endfacet
  facet normal 0.000000 0.000000 0.000000
    outer loop
      vertex -4.568897 -0.569280 -3.601003
      vertex -4.399333 -0.639399 -3.760717
      vertex -4.399333 -0.639399 -3.601003
    endloop
  endfacet
  facet normal 0.000000 0.000000 0.000000
    outer loop
      vertex -4.399333 -0.639399 -3.601003
      vertex -4.399333 -0.639399 -3.760717
      vertex -4.229769 -0.569280 -3.760717
    endloop
  endfacet
  facet normal 0.000000 0.000000 0.000000
    outer loop
      vertex -4.399333 -0.639399 -3.601003
      vertex -4.229769 -0.569280 -3.760717
      vertex -4.229769 -0.569280 -3.601003
    endloop
  endfacet
  facet normal 0.000000 0.000000 0.000000
    outer loop
      vertex -4.229769 -0.569280 -3.601003
      vertex -4.229769 -0.569280 -3.760717
      vertex -4.159534 -0.399999 -3.760717
    endloop
  endfacet
  facet normal 0.000000 0.000000 0.000000
    outer loop
      vertex -4.229769 -0.569280 -3.601003
      vertex -4.159534 -0.399999 -3.760717
      vertex -4.159534 -0.399999 -3.601002
    endloop
  endfacet
  facet normal 0.000000 0.000000 0.000000
    outer loop
      vertex -2.800666 -0.399999 -3.601002
      vertex -2.560867 -0.399999 -3.601002
      vertex -2.631102 -0.230718 -3.601002
    endloop
  endfacet
  facet normal 0.000000 0.000000 0.000000
    outer loop
      vertex -2.800666 -0.399999 -3.601002
      vertex -2.631102 -0.230718 -3.601002
      vertex -2.800666 -0.160599 -3.601002
    endloop
  endfacet
  facet normal 0.000000 0.000000 0.000000
    outer loop
      vertex -2.800666 -0.399999 -3.601002
      vertex -2.800666 -0.160599 -3.601002
      vertex -2.970231 -0.230718 -3.601002
    endloop
  endfacet
  facet normal 0.000000 0.000000 0.000000
    outer loop
      vertex -2.800666 -0.399999 -3.601002
      vertex -2.970231 -0.230718 -3.601002
      vertex -3.040467 -0.399999 -3.601002
    endloop
  endfacet
  facet normal 0.000000 0.000000 0.000000
    outer loop
      vertex -2.800666 -0.399999 -3.601002
      vertex -3.040467 -0.399999 -3.601002
      vertex -2.970231 -0.569280 -3.601003
    endloop
  endfacet
  facet normal 0.000000 0.000000 0.000000
    outer loop
      vertex -2.800666 -0.399999 -3.601002
      vertex -2.970231 -0.569280 -3.601003
      vertex -2.800666 -0.639399 -3.601003
    endloop
  endfacet
  facet normal 0.000000 0.000000 0.000000
    outer loop
      vertex -2.800666 -0.399999 -3.601002
      vertex -2.800666 -0.639399 -3.601003
      vertex -2.631102 -0.569280 -3.601003
    endloop
  endfacet
  facet normal 0.000000 0.000000 0.000000
    outer loop
      vertex -2.800666 -0.399999 -3.601002
      vertex -2.631102 -0.569280 -3.601003
      vertex -2.560867 -0.399999 -3.601002
    endloop
  endfacet
  facet normal 0.000000 0.000000 0.000000
    outer loop
      vertex -3.600000 -0.399999 -3.601002
      vertex -3.360200 -0.399999 -3.601002
      vertex -3.430436 -0.230718 -3.601002
    endloop
  endfacet
  facet normal 0.000000 0.000000 0.000000
    outer loop
      vertex -3.600000 -0.399999 -3.601002
      vertex -3.430436 -0.230718 -3.601002
      vertex -3.600000 -0.160599 -3.601002
    endloop
  endfacet
  facet normal 0.000000 0.000000 0.000000
    outer loop
      vertex -3.600000 -0.399999 -3.601002
      vertex -3.600000 -0.160599 -3.601002
      vertex -3.769564 -0.230718 -3.601002
    endloop
  endfacet
  facet normal 0.000000 0.000000 0.000000
    outer loop
      vertex -3.600000 -0.399999 -3.601002
      vertex -3.769564 -0.230718 -3.601002
      vertex -3.839800 -0.399999 -3.601002
    endloop
  endfacet
  facet normal 0.000000 0.000000 0.000000
    outer loop
      vertex -3.600000 -0.399999 -3.601002
      vertex -3.839800 -0.399999 -3.601002
      vertex -3.769564 -0.569280 -3.601003
    endloop
  endfacet
  facet normal 0.000000 0.000000 0.000000
    outer loop
      vertex -3.600000 -0.399999 -3.601002
      vertex -3.769564 -0.569280 -3.601003
      vertex -3.600000 -0.639399 -3.601003
    endloop
  endfacet
  facet normal 0.000000 0.000000 0.000000
    outer loop
      vertex -3.600000 -0.399999 -3.601002
      vertex -3.600000 -0.639399 -3.601003
      vertex -3.430436 -0.569280 -3.601003
    endloop
  endfacet
  facet normal 0.000000 0.000000 0.000000
    outer loop
      vertex -3.600000 -0.399999 -3.601002
      vertex -3.430436 -0.569280 -3.601003
      vertex -3.360200 -0.399999 -3.601002
    endloop
  endfacet
  facet normal 0.000000 0.000000 0.000000
    outer loop
      vertex -4.399333 -0.399999 -3.601002
      vertex -4.159534 -0.399999 -3.601002
      vertex -4.229769 -0.230718 -3.601002
    endloop
  endfacet
  facet normal 0.000000 0.000000 0.000000
    outer loop
      vertex -4.399333 -0.399999 -3.601002
      vertex -4.229769 -0.230718 -3.601002
      vertex -4.399333 -0.160599 -3.601002
    endloop
  endfacet
  facet normal 0.000000 0.000000 0.000000
    outer loop
      vertex -4.399333 -0.399999 -3.601002
      vertex -4.399333 -0.160599 -3.601002
      vertex -4.568898 -0.230718 -3.601002
    endloop
  endfacet
  facet normal 0.000000 0.000000 0.000000
    outer loop
      vertex -4.399333 -0.399999 -3.601002
      vertex -4.568898 -0.230718 -3.601002
      vertex -4.639133 -0.399999 -3.601002
    endloop
  endfacet
  facet normal 0.000000 0.000000 0.000000
    outer loop
      vertex -4.399333 -0.399999 -3.601002
      vertex -4.639133 -0.399999 -3.601002
      vertex -4.568897 -0.569280 -3.601003
    endloop
  endfacet
  facet normal 0.000000 0.000000 0.000000
    outer loop
      vertex -4.399333 -0.399999 -3.601002
      vertex -4.568897 -0.569280 -3.601003
      vertex -4.399333 -0.639399 -3.601003
    endloop
  endfacet
  facet normal 0.000000 0.000000 0.000000
    outer loop
      vertex -4.399333 -0.399999 -3.601002
      vertex -4.399333 -0.639399 -3.601003
      vertex -4.229769 -0.569280 -3.601003
    endloop
  endfacet
  facet normal 0.000000 0.000000 0.000000
    outer loop
      vertex -4.399333 -0.399999 -3.601002
      vertex -4.229769 -0.569280 -3.601003
      vertex -4.159534 -0.399999 -3.601002
    endloop
  endfacet
  facet normal 0.000000 0.000000 0.000000
    outer loop
      vertex 4.400000 -0.320199 2.080284
      vertex 4.338923 -0.320199 2.092442
      vertex 4.240400 -0.320199 2.080284
    endloop
  endfacet
  facet normal 0.000000 0.000000 0.000000
    outer loop
      vertex 4.338923 -0.320199 2.092442
      vertex 4.287146 -0.320199 2.127064
      vertex 4.240400 -0.320199 2.080284
    endloop
  endfacet
  facet normal 0.000000 0.000000 0.000000
    outer loop
      vertex 4.287146 -0.320199 2.127064
      vertex 4.252549 -0.320199 2.178879
      vertex 4.240400 -0.320199 2.080284
    endloop
  endfacet
  facet normal 0.000000 0.000000 0.000000
    outer loop
      vertex 4.252549 -0.320199 2.178879
      vertex 4.240400 -0.320199 2.239999
      vertex 4.240400 -0.320199 2.080284
    endloop
  endfacet
  facet normal 0.000000 0.000000 0.000000
    outer loop
      vertex 4.559600 -0.320199 2.239999
      vertex 4.547451 -0.320199 2.178879
      vertex 4.559600 -0.320199 2.080284
    endloop
  endfacet
  facet normal 0.000000 0.000000 0.000000
    outer loop
      vertex 4.547451 -0.320199 2.178879
      vertex 4.512854 -0.320199 2.127064
      vertex 4.559600 -0.320199 2.080284
    endloop
  endfacet
  facet normal 0.000000 0.000000 0.000000
    outer loop
      vertex 4.512854 -0.320199 2.127064
      vertex 4.461076 -0.320199 2.092442
      vertex 4.559600 -0.320199 2.080284
    endloop
  endfacet
  facet normal 0.000000 0.000000 0.000000
    outer loop
      vertex 4.461076 -0.320199 2.092442
      vertex 4.400000 -0.320199 2.080284
      vertex 4.559600 -0.320199 2.080284
    endloop
  endfacet
  facet normal 0.000000 0.000000 0.000000
    outer loop
      vertex 4.400000 -0.320199 2.399713
      vertex 4.461076 -0.320199 2.387555
      vertex 4.559600 -0.320199 2.399713
    endloop
  endfacet
  facet normal 0.000000 0.000000 0.000000
    outer loop
      vertex 4.461076 -0.320199 2.387555
      vertex 4.512854 -0.320199 2.352934
      vertex 4.559600 -0.320199 2.399713
    endloop
  endfacet
  facet normal 0.000000 0.000000 0.000000
    outer loop
      vertex 4.512854 -0.320199 2.352934
      vertex 4.547451 -0.320199 2.301119
      vertex 4.559600 -0.320199 2.399713
    endloop
  endfacet
  facet normal 0.000000 0.000000 0.000000
    outer loop
      vertex 4.547451 -0.320199 2.301119
      vertex 4.559600 -0.320199 2.239999
      vertex 4.559600 -0.320199 2.399713
    endloop
  endfacet
  facet normal 0.000000 0.000000 0.000000
    outer loop
      vertex 4.240400 -0.320199 2.239999
      vertex 4.252549 -0.320199 2.301119
      vertex 4.240400 -0.320199 2.399713
    endloop
  endfacet
  facet normal 0.000000 0.000000 0.000000
    outer loop
      vertex 4.252549 -0.320199 2.301119
      vertex 4.287146 -0.320199 2.352934
      vertex 4.240400 -0.320199 2.399713
    endloop
  endfacet
  facet normal 0.000000 0.000000 0.000000
    outer loop
      vertex 4.287146 -0.320199 2.352934
      vertex 4.338923 -0.320199 2.387555
      vertex 4.240400 -0.320199 2.399713
    endloop
  endfacet
  facet normal 0.000000 0.000000 0.000000
    outer loop
      vertex 4.338923 -0.320199 2.387555
      vertex 4.400000 -0.320199 2.399713
      vertex 4.240400 -0.320199 2.399713
    endloop
  endfacet
  facet normal 0.000000 0.000000 0.000000
    outer loop
      vertex 4.400000 -0.160599 2.479570
      vertex 4.308385 -0.160599 2.461334
      vertex 4.160600 -0.160599 2.479570
    endloop
  endfacet
  facet normal 0.000000 0.000000 0.000000
    outer loop
      vertex 4.308385 -0.160599 2.461334
      vertex 4.230719 -0.160599 2.409401
      vertex 4.160600 -0.160599 2.479570
    endloop
  endfacet
  facet normal 0.000000 0.000000 0.000000
    outer loop
      vertex 4.230719 -0.160599 2.409401
      vertex 4.178823 -0.160599 2.331679
      vertex 4.160600 -0.160599 2.479570
    endloop
  endfacet
  facet normal 0.000000 0.000000 0.000000
    outer loop
      vertex 4.178823 -0.160599 2.331679
      vertex 4.160600 -0.160599 2.239999
      vertex 4.160600 -0.160599 2.479570
    endloop
  endfacet
  facet normal 0.000000 0.000000 0.000000
    outer loop
      vertex 4.639400 -0.160599 2.239999
      vertex 4.621177 -0.160599 2.331679
      vertex 4.639400 -0.160599 2.479570
    endloop
  endfacet
  facet normal 0.000000 0.000000 0.000000
    outer loop
      vertex 4.621177 -0.160599 2.331679
      vertex 4.569281 -0.160599 2.409401
      vertex 4.639400 -0.160599 2.479570
    endloop
  endfacet
  facet normal 0.000000 0.000000 0.000000
    outer loop
      vertex 4.569281 -0.160599 2.409401
      vertex 4.491614 -0.160599 2.461334
      vertex 4.639400 -0.160599 2.479570
    endloop
  endfacet
  facet normal 0.000000 0.000000 0.000000
    outer loop
      vertex 4.491614 -0.160599 2.461334
      vertex 4.400000 -0.160599 2.479570
      vertex 4.639400 -0.160599 2.479570
    endloop
  endfacet
  facet normal 0.000000 0.000000 0.000000
    outer loop
      vertex 4.400000 -0.160599 2.000427
      vertex 4.491614 -0.160599 2.018663
      vertex 4.639400 -0.160599 2.000427
    endloop
  endfacet
  facet normal 0.000000 0.000000 0.000000
    outer loop
      vertex 4.491614 -0.160599 2.018663
      vertex 4.569281 -0.160599 2.070596
      vertex 4.639400 -0.160599 2.000427
    endloop
  endfacet
  facet normal 0.000000 0.000000 0.000000
    outer loop
      vertex 4.569281 -0.160599 2.070596
      vertex 4.621177 -0.160599 2.148319
      vertex 4.639400 -0.160599 2.000427
    endloop
  endfacet
  facet normal 0.000000 0.000000 0.000000
    outer loop
      vertex 4.621177 -0.160599 2.148319
      vertex 4.639400 -0.160599 2.239999
      vertex 4.639400 -0.160599 2.000427
    endloop
  endfacet
  facet normal 0.000000 0.000000 0.000000
    outer loop
      vertex 4.160600 -0.160599 2.239999
      vertex 4.178823 -0.160599 2.148319
      vertex 4.160600 -0.160599 2.000427
    endloop
  endfacet
  facet normal 0.000000 0.000000 0.000000
    outer loop
      vertex 4.178823 -0.160599 2.148319
      vertex 4.230719 -0.160599 2.070596
      vertex 4.160600 -0.160599 2.000427
    endloop
  endfacet
  facet normal 0.000000 0.000000 0.000000
    outer loop
      vertex 4.230719 -0.160599 2.070596
      vertex 4.308385 -0.160599 2.018663
      vertex 4.160600 -0.160599 2.000427
    endloop
  endfacet
  facet normal 0.000000 0.000000 0.000000
    outer loop
      vertex 4.308385 -0.160599 2.018663
      vertex 4.400000 -0.160599 2.000427
      vertex 4.160600 -0.160599 2.000427
    endloop
  endfacet
  facet normal 0.000000 0.000000 0.000000
    outer loop
      vertex 4.001000 -0.798999 1.680998
      vertex 4.160600 -0.639399 1.680998
      vertex 4.639400 -0.639399 1.680998
    endloop
  endfacet
  facet normal 0.000000 0.000000 0.000000
    outer loop
      vertex 4.001000 -0.798999 1.680998
      vertex 4.639400 -0.639399 1.680998
      vertex 4.799000 -0.798999 1.680998
    endloop
  endfacet
  facet normal 0.000000 0.000000 0.000000
    outer loop
      vertex 4.799000 -0.798999 1.680998
      vertex 4.639400 -0.639399 1.680998
      vertex 4.639400 -0.160599 1.680998
    endloop
  endfacet
  facet normal 0.000000 0.000000 0.000000
    outer loop
      vertex 4.799000 -0.798999 1.680998
      vertex 4.639400 -0.160599 1.680998
      vertex 4.799000 -0.000999 1.680998
    endloop
  endfacet
  facet normal 0.000000 0.000000 0.000000
    outer loop
      vertex 4.799000 -0.000999 1.680998
      vertex 4.639400 -0.160599 1.680998
      vertex 4.160600 -0.160599 1.680998
    endloop
  endfacet
  facet normal 0.000000 0.000000 0.000000
    outer loop
      vertex 4.799000 -0.000999 1.680998
      vertex 4.160600 -0.160599 1.680998
      vertex 4.001000 -0.000999 1.680998
    endloop
  endfacet
  facet normal 0.000000 0.000000 0.000000
    outer loop
      vertex 4.001000 -0.000999 1.680998
      vertex 4.160600 -0.160599 1.680998
      vertex 4.160600 -0.639399 1.680998
    endloop
  endfacet
  facet normal 0.000000 0.000000 0.000000
    outer loop
      vertex 4.001000 -0.000999 1.680998
      vertex 4.160600 -0.639399 1.680998
      vertex 4.001000 -0.798999 1.680998
    endloop
  endfacet
  facet normal 0.000000 0.000000 0.000000
    outer loop
      vertex 4.160600 -0.320199 1.840713
      vertex 4.160600 -0.160599 1.840713
      vertex 4.639400 -0.160599 1.840713
    endloop
  endfacet
  facet normal 0.000000 0.000000 0.000000
    outer loop
      vertex 4.160600 -0.320199 1.840713
      vertex 4.639400 -0.160599 1.840713
      vertex 4.639400 -0.320199 1.840713
    endloop
  endfacet
  facet normal 0.000000 0.000000 0.000000
    outer loop
      vertex 4.639400 -0.798999 2.000427
      vertex 4.160600 -0.798999 2.000427
      vertex 4.001000 -0.798999 1.680998
    endloop
  endfacet
  facet normal 0.000000 0.000000 0.000000
    outer loop
      vertex 4.639400 -0.798999 2.000427
      vertex 4.001000 -0.798999 1.680998
      vertex 4.799000 -0.798999 1.680998
    endloop
  endfacet
  facet normal 0.000000 0.000000 0.000000
    outer loop
      vertex 4.639400 -0.798999 2.479570
      vertex 4.639400 -0.798999 2.000427
      vertex 4.799000 -0.798999 1.680998
    endloop
  endfacet
  facet normal 0.000000 0.000000 0.000000
    outer loop
      vertex 4.639400 -0.798999 2.479570
      vertex 4.799000 -0.798999 1.680998
      vertex 4.799000 -0.798999 2.639284
    endloop
  endfacet
  facet normal 0.000000 0.000000 0.000000
    outer loop
      vertex 4.160600 -0.798999 2.479570
      vertex 4.639400 -0.798999 2.479570
      vertex 4.799000 -0.798999 2.639284
    endloop
  endfacet
  facet normal 0.000000 0.000000 0.000000
    outer loop
      vertex 4.160600 -0.798999 2.479570
      vertex 4.799000 -0.798999 2.639284
      vertex 4.001000 -0.798999 2.639284
    endloop
  endfacet
  facet normal 0.000000 0.000000 0.000000
    outer loop
      vertex 4.160600 -0.798999 2.000427
      vertex 4.160600 -0.798999 2.479570
      vertex 4.001000 -0.798999 2.639284
    endloop
  endfacet
  facet normal 0.000000 0.000000 0.000000
    outer loop
      vertex 4.160600 -0.798999 2.000427
      vertex 4.001000 -0.798999 2.639284
      vertex 4.001000 -0.798999 1.680998
    endloop
  endfacet
  facet normal 0.000000 0.000000 0.000000
    outer loop
      vertex 4.160600 -0.639399 1.680998
      vertex 4.160600 -0.639399 2.000427
      vertex 4.639400 -0.639399 2.000427
    endloop
  endfacet
  facet normal 0.000000 0.000000 0.000000
    outer loop
      vertex 4.160600 -0.639399 1.680998
      vertex 4.639400 -0.639399 2.000427
      vertex 4.639400 -0.639399 1.680998
    endloop
  endfacet
  facet normal 0.000000 0.000000 0.000000
    outer loop
      vertex 4.559600 -0.320199 2.080284
      vertex 4.240400 -0.320199 2.080284
      vertex 4.160600 -0.320199 1.840713
    endloop
  endfacet
  facet normal 0.000000 0.000000 0.000000
    outer loop
      vertex 4.559600 -0.320199 2.080284
      vertex 4.160600 -0.320199 1.840713
      vertex 4.639400 -0.320199 1.840713
    endloop
  endfacet
  facet normal 0.000000 0.000000 0.000000
    outer loop
      vertex 4.559600 -0.320199 2.399713
      vertex 4.559600 -0.320199 2.080284
      vertex 4.639400 -0.320199 1.840713
    endloop
  endfacet
  facet normal 0.000000 0.000000 0.000000
    outer loop
      vertex 4.559600 -0.320199 2.399713
      vertex 4.639400 -0.320199 1.840713
      vertex 4.639400 -0.320199 2.479570
    endloop
  endfacet
  facet normal 0.000000 0.000000 0.000000
    outer loop
      vertex 4.240400 -0.320199 2.399713
      vertex 4.559600 -0.320199 2.399713
      vertex 4.639400 -0.320199 2.479570
    endloop
  endfacet
  facet normal 0.000000 0.000000 0.000000
    outer loop
      vertex 4.240400 -0.320199 2.399713
      vertex 4.639400 -0.320199 2.479570
      vertex 4.160600 -0.320199 2.479570
    endloop
  endfacet
  facet normal 0.000000 0.000000 0.000000
    outer loop
      vertex 4.240400 -0.320199 2.080284
      vertex 4.240400 -0.320199 2.399713
      vertex 4.160600 -0.320199 2.479570
    endloop
  endfacet
  facet normal 0.000000 0.000000 0.000000
    outer loop
      vertex 4.240400 -0.320199 2.080284
      vertex 4.160600 -0.320199 2.479570
      vertex 4.160600 -0.320199 1.840713
    endloop
  endfacet
  facet normal 0.000000 0.000000 0.000000
    outer loop
      vertex 4.001000 -0.160599 1.840713
      vertex 4.160600 -0.160599 2.000427
      vertex 4.639400 -0.160599 2.000427
    endloop
  endfacet
  facet normal 0.000000 0.000000 0.000000
    outer loop
      vertex 4.001000 -0.160599 1.840713
      vertex 4.639400 -0.160599 2.000427
      vertex 4.799000 -0.160599 1.840713
    endloop
  endfacet
  facet normal 0.000000 0.000000 0.000000
    outer loop
      vertex 4.799000 -0.160599 1.840713
      vertex 4.639400 -0.160599 2.000427
      vertex 4.639400 -0.160599 2.479570
    endloop
  endfacet
  facet normal 0.000000 0.000000 0.000000
    outer loop
      vertex 4.799000 -0.160599 1.840713
      vertex 4.639400 -0.160599 2.479570
      vertex 4.799000 -0.160599 2.639284
    endloop
  endfacet
  facet normal 0.000000 0.000000 0.000000
    outer loop
      vertex 4.799000 -0.160599 2.639284
      vertex 4.639400 -0.160599 2.479570
      vertex 4.160600 -0.160599 2.479570
    endloop
  endfacet
  facet normal 0.000000 0.000000 0.000000
    outer loop
      vertex 4.799000 -0.160599 2.639284
      vertex 4.160600 -0.160599 2.479570
      vertex 4.001000 -0.160599 2.639284
    endloop
  endfacet
  facet normal 0.000000 0.000000 0.000000
    outer loop
      vertex 4.001000 -0.160599 2.639284
      vertex 4.160600 -0.160599 2.479570
      vertex 4.160600 -0.160599 2.000427
    endloop
  endfacet
  facet normal 0.000000 0.000000 0.000000
    outer loop
      vertex 4.001000 -0.160599 2.639284
      vertex 4.160600 -0.160599 2.000427
      vertex 4.001000 -0.160599 1.840713
    endloop
  endfacet
  facet normal 0.000000 0.000000 0.000000
    outer loop
      vertex 4.639400 -0.160599 1.840713
      vertex 4.160600 -0.160599 1.840713
      vertex 4.160600 -0.160599 1.680998
    endloop
  endfacet
  facet normal 0.000000 0.000000 0.000000
    outer loop
      vertex 4.639400 -0.160599 1.840713
      vertex 4.160600 -0.160599 1.680998
      vertex 4.639400 -0.160599 1.680998
    endloop
  endfacet
  facet normal 0.000000 0.000000 0.000000
    outer loop
      vertex 4.001000 -0.000999 1.680998
      vertex 4.001000 -0.000999 1.840713
      vertex 4.799000 -0.000999 1.840713
    endloop
  endfacet
  facet normal 0.000000 0.000000 0.000000
    outer loop
      vertex 4.001000 -0.000999 1.680998
      vertex 4.799000 -0.000999 1.840713
      vertex 4.799000 -0.000999 1.680998
    endloop
  endfacet
  facet normal 0.000000 0.000000 0.000000
    outer loop
      vertex 4.001000 -0.798999 1.680998
      vertex 4.001000 -0.160599 1.840713
      vertex 4.001000 -0.000999 1.840713
    endloop
  endfacet
  facet normal 0.000000 0.000000 0.000000
    outer loop
      vertex 4.001000 -0.798999 1.680998
      vertex 4.001000 -0.000999 1.840713
      vertex 4.001000 -0.000999 1.680998
    endloop
  endfacet
  facet normal 0.000000 0.000000 0.000000
    outer loop
      vertex 4.001000 -0.798999 1.680998
      vertex 4.001000 -0.798999 2.639284
      vertex 4.001000 -0.160599 2.639284
    endloop
  endfacet
  facet normal 0.000000 0.000000 0.000000
    outer loop
      vertex 4.001000 -0.798999 1.680998
      vertex 4.001000 -0.160599 2.639284
      vertex 4.001000 -0.160599 1.840713
    endloop
  endfacet
  facet normal 0.000000 0.000000 0.000000
    outer loop
      vertex 4.160600 -0.160599 1.840713
      vertex 4.160600 -0.320199 1.840713
      vertex 4.160600 -0.639399 1.680998
    endloop
  endfacet
  facet normal 0.000000 0.000000 0.000000
    outer loop
      vertex 4.160600 -0.160599 1.840713
      vertex 4.160600 -0.639399 1.680998
      vertex 4.160600 -0.160599 1.680998
    endloop
  endfacet
  facet normal 0.000000 0.000000 0.000000
    outer loop
      vertex 4.160600 -0.639399 1.680998
      vertex 4.160600 -0.320199 1.840713
      vertex 4.160600 -0.320199 2.479570
    endloop
  endfacet
  facet normal 0.000000 0.000000 0.000000
    outer loop
      vertex 4.160600 -0.639399 1.680998
      vertex 4.160600 -0.320199 2.479570
      vertex 4.160600 -0.639399 2.000427
    endloop
  endfacet
  facet normal 0.000000 0.000000 0.000000
    outer loop
      vertex 4.160600 -0.320199 2.479570
      vertex 4.160600 -0.798999 2.479570
      vertex 4.160600 -0.798999 2.000427
    endloop
  endfacet
  facet normal 0.000000 0.000000 0.000000
    outer loop
      vertex 4.160600 -0.320199 2.479570
      vertex 4.160600 -0.798999 2.000427
      vertex 4.160600 -0.639399 2.000427
    endloop
  endfacet
  facet normal 0.000000 0.000000 0.000000
    outer loop
      vertex 4.639400 -0.639399 1.680998
      vertex 4.639400 -0.320199 1.840713
      vertex 4.639400 -0.160599 1.840713
    endloop
  endfacet
  facet normal 0.000000 0.000000 0.000000
    outer loop
      vertex 4.639400 -0.639399 1.680998
      vertex 4.639400 -0.160599 1.840713
      vertex 4.639400 -0.160599 1.680998
    endloop
  endfacet
  facet normal 0.000000 0.000000 0.000000
    outer loop
      vertex 4.639400 -0.320199 2.479570
      vertex 4.639400 -0.320199 1.840713
      vertex 4.639400 -0.639399 1.680998
    endloop
  endfacet
  facet normal 0.000000 0.000000 0.000000
    outer loop
      vertex 4.639400 -0.320199 2.479570
      vertex 4.639400 -0.639399 1.680998
      vertex 4.639400 -0.639399 2.000427
    endloop
  endfacet
  facet normal 0.000000 0.000000 0.000000
    outer loop
      vertex 4.639400 -0.798999 2.000427
      vertex 4.639400 -0.798999 2.479570
      vertex 4.639400 -0.320199 2.479570
    endloop
  endfacet
  facet normal 0.000000 0.000000 0.000000
    outer loop
      vertex 4.639400 -0.798999 2.000427
      vertex 4.639400 -0.320199 2.479570
      vertex 4.639400 -0.639399 2.000427
    endloop
  endfacet
  facet normal 0.000000 0.000000 0.000000
    outer loop
      vertex 4.799000 -0.000999 1.840713
      vertex 4.799000 -0.160599 1.840713
      vertex 4.799000 -0.798999 1.680998
    endloop
  endfacet
  facet normal 0.000000 0.000000 0.000000
    outer loop
      vertex 4.799000 -0.000999 1.840713
      vertex 4.799000 -0.798999 1.680998
      vertex 4.799000 -0.000999 1.680998
    endloop
  endfacet
  facet normal 0.000000 0.000000 0.000000
    outer loop
      vertex 4.799000 -0.160599 2.639284
      vertex 4.799000 -0.798999 2.639284
      vertex 4.799000 -0.798999 1.680998
    endloop
  endfacet
  facet normal 0.000000 0.000000 0.000000
    outer loop
      vertex 4.799000 -0.160599 2.639284
      vertex 4.799000 -0.798999 1.680998
      vertex 4.799000 -0.160599 1.840713
    endloop
  endfacet
  facet normal 0.000000 0.000000 0.000000
    outer loop
      vertex 4.799000 -0.160599 1.840713
      vertex 4.799000 -0.000999 1.840713
      vertex 4.001000 -0.000999 1.840713
    endloop
  endfacet
  facet normal 0.000000 0.000000 0.000000
    outer loop
      vertex 4.799000 -0.160599 1.840713
      vertex 4.001000 -0.000999 1.840713
      vertex 4.001000 -0.160599 1.840713
    endloop
  endfacet
  facet normal 0.000000 0.000000 0.000000
    outer loop
      vertex 4.639400 -0.798999 2.000427
      vertex 4.639400 -0.639399 2.000427
      vertex 4.160600 -0.639399 2.000427
    endloop
  endfacet
  facet normal 0.000000 0.000000 0.000000
    outer loop
      vertex 4.639400 -0.798999 2.000427
      vertex 4.160600 -0.639399 2.000427
      vertex 4.160600 -0.798999 2.000427
    endloop
  endfacet
  facet normal 0.000000 0.000000 0.000000
    outer loop
      vertex 4.160600 -0.798999 2.479570
      vertex 4.160600 -0.320199 2.479570
      vertex 4.639400 -0.320199 2.479570
    endloop
  endfacet
  facet normal 0.000000 0.000000 0.000000
    outer loop
      vertex 4.160600 -0.798999 2.479570
      vertex 4.639400 -0.320199 2.479570
      vertex 4.639400 -0.798999 2.479570
    endloop
  endfacet
  facet normal 0.000000 0.000000 0.000000
    outer loop
      vertex 4.799000 -0.798999 2.639284
      vertex 4.799000 -0.160599 2.639284
      vertex 4.001000 -0.160599 2.639284
    endloop
  endfacet
  facet normal 0.000000 0.000000 0.000000
    outer loop
      vertex 4.799000 -0.798999 2.639284
      vertex 4.001000 -0.160599 2.639284
      vertex 4.001000 -0.798999 2.639284
    endloop
  endfacet
  facet normal 0.000000 0.000000 0.000000
    outer loop
      vertex 4.240400 -0.320199 2.239999
      vertex 4.240400 -0.160599 2.239999
      vertex 4.252549 -0.160599 2.301119
    endloop
  endfacet
  facet normal 0.000000 0.000000 0.000000
    outer loop
      vertex 4.240400 -0.320199 2.239999
      vertex 4.252549 -0.160599 2.301119
      vertex 4.252549 -0.320199 2.301119
    endloop
  endfacet
  facet normal 0.000000 0.000000 0.000000
    outer loop
      vertex 4.252549 -0.320199 2.301119
      vertex 4.252549 -0.160599 2.301119
      vertex 4.287146 -0.160599 2.352934
    endloop
  endfacet
  facet normal 0.000000 0.000000 0.000000
    outer loop
      vertex 4.252549 -0.320199 2.301119
      vertex 4.287146 -0.160599 2.352934
      vertex 4.287146 -0.320199 2.352934
    endloop
  endfacet
  facet normal 0.000000 0.000000 0.000000
    outer loop
      vertex 4.287146 -0.320199 2.352934
      vertex 4.287146 -0.160599 2.352934
      vertex 4.338923 -0.160599 2.387555
    endloop
  endfacet
  facet normal 0.000000 0.000000 0.000000
    outer loop
      vertex 4.287146 -0.320199 2.352934
      vertex 4.338923 -0.160599 2.387555
      vertex 4.338923 -0.320199 2.387555
    endloop
  endfacet
  facet normal 0.000000 0.000000 0.000000
    outer loop
      vertex 4.338923 -0.320199 2.387555
      vertex 4.338923 -0.160599 2.387555
      vertex 4.400000 -0.160599 2.399713
    endloop
  endfacet
  facet normal 0.000000 0.000000 0.000000
    outer loop
      vertex 4.338923 -0.320199 2.387555
      vertex 4.400000 -0.160599 2.399713
      vertex 4.400000 -0.320199 2.399713
    endloop
  endfacet
  facet normal 0.000000 0.000000 0.000000
    outer loop
      vertex 4.400000 -0.320199 2.399713
      vertex 4.400000 -0.160599 2.399713
      vertex 4.461076 -0.160599 2.387555
    endloop
  endfacet
  facet normal 0.000000 0.000000 0.000000
    outer loop
      vertex 4.400000 -0.320199 2.399713
      vertex 4.461076 -0.160599 2.387555
      vertex 4.461076 -0.320199 2.387555
    endloop
  endfacet
  facet normal 0.000000 0.000000 0.000000
    outer loop
      vertex 4.461076 -0.320199 2.387555
      vertex 4.461076 -0.160599 2.387555
      vertex 4.512854 -0.160599 2.352934
    endloop
  endfacet
  facet normal 0.000000 0.000000 0.000000
    outer loop
      vertex 4.461076 -0.320199 2.387555
      vertex 4.512854 -0.160599 2.352934
      vertex 4.512854 -0.320199 2.352934
    endloop
  endfacet
  facet normal 0.000000 0.000000 0.000000
    outer loop
      vertex 4.512854 -0.320199 2.352934
      vertex 4.512854 -0.160599 2.352934
      vertex 4.547451 -0.160599 2.301119
    endloop
  endfacet
  facet normal 0.000000 0.000000 0.000000
    outer loop
      vertex 4.512854 -0.320199 2.352934
      vertex 4.547451 -0.160599 2.301119
      vertex 4.547451 -0.320199 2.301119
    endloop
  endfacet
  facet normal 0.000000 0.000000 0.000000
    outer loop
      vertex 4.547451 -0.320199 2.301119
      vertex 4.547451 -0.160599 2.301119
      vertex 4.559600 -0.160599 2.239999
    endloop
  endfacet
  facet normal 0.000000 0.000000 0.000000
    outer loop
      vertex 4.547451 -0.320199 2.301119
      vertex 4.559600 -0.160599 2.239999
      vertex 4.559600 -0.320199 2.239999
    endloop
  endfacet
  facet normal 0.000000 0.000000 0.000000
    outer loop
      vertex 4.559600 -0.320199 2.239999
      vertex 4.559600 -0.160599 2.239999
      vertex 4.547451 -0.160599 2.178879
    endloop
  endfacet
  facet normal 0.000000 0.000000 0.000000
    outer loop
      vertex 4.559600 -0.320199 2.239999
      vertex 4.547451 -0.160599 2.178879
      vertex 4.547451 -0.320199 2.178879
    endloop
  endfacet
  facet normal 0.000000 0.000000 0.000000
    outer loop
      vertex 4.547451 -0.320199 2.178879
      vertex 4.547451 -0.160599 2.178879
      vertex 4.512854 -0.160599 2.127064
    endloop
  endfacet
  facet normal 0.000000 0.000000 0.000000
    outer loop
      vertex 4.547451 -0.320199 2.178879
      vertex 4.512854 -0.160599 2.127064
      vertex 4.512854 -0.320199 2.127064
    endloop
  endfacet
  facet normal 0.000000 0.000000 0.000000
    outer loop
      vertex 4.512854 -0.320199 2.127064
      vertex 4.512854 -0.160599 2.127064
      vertex 4.461076 -0.160599 2.092442
    endloop
  endfacet
  facet normal 0.000000 0.000000 0.000000
    outer loop
      vertex 4.512854 -0.320199 2.127064
      vertex 4.461076 -0.160599 2.092442
      vertex 4.461076 -0.320199 2.092442
    endloop
  endfacet
  facet normal 0.000000 0.000000 0.000000
    outer loop
      vertex 4.461076 -0.320199 2.092442
      vertex 4.461076 -0.160599 2.092442
      vertex 4.400000 -0.160599 2.080284
    endloop
  endfacet
  facet normal 0.000000 0.000000 0.000000
    outer loop
      vertex 4.461076 -0.320199 2.092442
      vertex 4.400000 -0.160599 2.080284
      vertex 4.400000 -0.320199 2.080284
    endloop
  endfacet
  facet normal 0.000000 0.000000 0.000000
    outer loop
      vertex 4.400000 -0.320199 2.080284
      vertex 4.400000 -0.160599 2.080284
      vertex 4.338923 -0.160599 2.092442
    endloop
  endfacet
  facet normal 0.000000 0.000000 0.000000
    outer loop
      vertex 4.400000 -0.320199 2.080284
      vertex 4.338923 -0.160599 2.092442
      vertex 4.338923 -0.320199 2.092442
    endloop
  endfacet
  facet normal 0.000000 0.000000 0.000000
    outer loop
      vertex 4.338923 -0.320199 2.092442
      vertex 4.338923 -0.160599 2.092442
      vertex 4.287146 -0.160599 2.127064
    endloop
  endfacet
  facet normal 0.000000 0.000000 0.000000
    outer loop
      vertex 4.338923 -0.320199 2.092442
      vertex 4.287146 -0.160599 2.127064
      vertex 4.287146 -0.320199 2.127064
    endloop
  endfacet
  facet normal 0.000000 0.000000 0.000000
    outer loop
      vertex 4.287146 -0.320199 2.127064
      vertex 4.287146 -0.160599 2.127064
      vertex 4.252549 -0.160599 2.178879
    endloop
  endfacet
  facet normal 0.000000 0.000000 0.000000
    outer loop
      vertex 4.287146 -0.320199 2.127064
      vertex 4.252549 -0.160599 2.178879
      vertex 4.252549 -0.320199 2.178879
    endloop
  endfacet
  facet normal 0.000000 0.000000 0.000000
    outer loop
      vertex 4.252549 -0.320199 2.178879
      vertex 4.252549 -0.160599 2.178879
      vertex 4.240400 -0.160599 2.239999
    endloop
  endfacet
  facet normal 0.000000 0.000000 0.000000
    outer loop
      vertex 4.252549 -0.320199 2.178879
      vertex 4.240400 -0.160599 2.239999
      vertex 4.240400 -0.320199 2.239999
    endloop
  endfacet
  facet normal 0.000000 0.000000 0.000000
    outer loop
      vertex 4.160600 -0.399999 2.798999
      vertex 4.160600 -0.399999 2.639284
      vertex 4.230719 -0.569280 2.639284
    endloop
  endfacet
  facet normal 0.000000 0.000000 0.000000
    outer loop
      vertex 4.160600 -0.399999 2.798999
      vertex 4.230719 -0.569280 2.639284
      vertex 4.230719 -0.569280 2.798999
    endloop
  endfacet
  facet normal 0.000000 0.000000 0.000000
    outer loop
      vertex 4.230719 -0.569280 2.798999
      vertex 4.230719 -0.569280 2.639284
      vertex 4.400000 -0.639399 2.639284
    endloop
  endfacet
  facet normal 0.000000 0.000000 0.000000
    outer loop
      vertex 4.230719 -0.569280 2.798999
      vertex 4.400000 -0.639399 2.639284
      vertex 4.400000 -0.639399 2.798999
    endloop
  endfacet
  facet normal 0.000000 0.000000 0.000000
    outer loop
      vertex 4.400000 -0.639399 2.798999
      vertex 4.400000 -0.639399 2.639284
      vertex 4.569281 -0.569280 2.639284
    endloop
  endfacet
  facet normal 0.000000 0.000000 0.000000
    outer loop
      vertex 4.400000 -0.639399 2.798999
      vertex 4.569281 -0.569280 2.639284
      vertex 4.569281 -0.569280 2.798999
    endloop
  endfacet
  facet normal 0.000000 0.000000 0.000000
    outer loop
      vertex 4.569281 -0.569280 2.798999
      vertex 4.569281 -0.569280 2.639284
      vertex 4.639400 -0.399999 2.639284
    endloop
  endfacet
  facet normal 0.000000 0.000000 0.000000
    outer loop
      vertex 4.569281 -0.569280 2.798999
      vertex 4.639400 -0.399999 2.639284
      vertex 4.639400 -0.399999 2.798999
    endloop
  endfacet
  facet normal 0.000000 0.000000 0.000000
    outer loop
      vertex 4.639400 -0.399999 2.798999
      vertex 4.639400 -0.399999 2.639284
      vertex 4.569281 -0.230717 2.639284
    endloop
  endfacet
  facet normal 0.000000 0.000000 0.000000
    outer loop
      vertex 4.639400 -0.399999 2.798999
      vertex 4.569281 -0.230717 2.639284
      vertex 4.569281 -0.230717 2.798999
    endloop
  endfacet
  facet normal 0.000000 0.000000 0.000000
    outer loop
      vertex 4.569281 -0.230717 2.798999
      vertex 4.569281 -0.230717 2.639284
      vertex 4.400000 -0.160599 2.639284
    endloop
  endfacet
  facet normal 0.000000 0.000000 0.000000
    outer loop
      vertex 4.569281 -0.230717 2.798999
      vertex 4.400000 -0.160599 2.639284
      vertex 4.400000 -0.160599 2.798999
    endloop
  endfacet
  facet normal 0.000000 0.000000 0.000000
    outer loop
      vertex 4.400000 -0.160599 2.798999
      vertex 4.400000 -0.160599 2.639284
      vertex 4.230719 -0.230717 2.639284
    endloop
  endfacet
  facet normal 0.000000 0.000000 0.000000
    outer loop
      vertex 4.400000 -0.160599 2.798999
      vertex 4.230719 -0.230717 2.639284
      vertex 4.230719 -0.230717 2.798999
    endloop
  endfacet
  facet normal 0.000000 0.000000 0.000000
    outer loop
      vertex 4.230719 -0.230717 2.798999
      vertex 4.230719 -0.230717 2.639284
      vertex 4.160600 -0.399999 2.639284
    endloop
  endfacet
  facet normal 0.000000 0.000000 0.000000
    outer loop
      vertex 4.230719 -0.230717 2.798999
      vertex 4.160600 -0.399999 2.639284
      vertex 4.160600 -0.399999 2.798999
    endloop
  endfacet
  facet normal 0.000000 0.000000 0.000000
    outer loop
      vertex 4.240400 -0.000999 2.239999
      vertex 4.160600 -0.000999 2.239999
      vertex 4.230719 -0.000999 2.409401
    endloop
  endfacet
  facet normal 0.000000 0.000000 0.000000
    outer loop
      vertex 4.240400 -0.000999 2.239999
      vertex 4.230719 -0.000999 2.409401
      vertex 4.287146 -0.000999 2.352934
    endloop
  endfacet
  facet normal 0.000000 0.000000 0.000000
    outer loop
      vertex 4.287146 -0.000999 2.352934
      vertex 4.230719 -0.000999 2.409401
      vertex 4.400000 -0.000999 2.479570
    endloop
  endfacet
  facet normal 0.000000 0.000000 0.000000
    outer loop
      vertex 4.287146 -0.000999 2.352934
      vertex 4.400000 -0.000999 2.479570
      vertex 4.400000 -0.000999 2.399713
    endloop
  endfacet
  facet normal 0.000000 0.000000 0.000000
    outer loop
      vertex 4.400000 -0.000999 2.399713
      vertex 4.400000 -0.000999 2.479570
      vertex 4.569281 -0.000999 2.409401
    endloop
  endfacet
  facet normal 0.000000 0.000000 0.000000
    outer loop
      vertex 4.400000 -0.000999 2.399713
      vertex 4.569281 -0.000999 2.409401
      vertex 4.512854 -0.000999 2.352934
    endloop
  endfacet
  facet normal 0.000000 0.000000 0.000000
    outer loop
      vertex 4.512854 -0.000999 2.352934
      vertex 4.569281 -0.000999 2.409401
      vertex 4.639400 -0.000999 2.239999
    endloop
  endfacet
  facet normal 0.000000 0.000000 0.000000
    outer loop
      vertex 4.512854 -0.000999 2.352934
      vertex 4.639400 -0.000999 2.239999
      vertex 4.559600 -0.000999 2.239999
    endloop
  endfacet
  facet normal 0.000000 0.000000 0.000000
    outer loop
      vertex 4.559600 -0.000999 2.239999
      vertex 4.639400 -0.000999 2.239999
      vertex 4.569281 -0.000999 2.070596
    endloop
  endfacet
  facet normal 0.000000 0.000000 0.000000
    outer loop
      vertex 4.559600 -0.000999 2.239999
      vertex 4.569281 -0.000999 2.070596
      vertex 4.512854 -0.000999 2.127064
    endloop
  endfacet
  facet normal 0.000000 0.000000 0.000000
    outer loop
      vertex 4.512854 -0.000999 2.127064
      vertex 4.569281 -0.000999 2.070596
      vertex 4.400000 -0.000999 2.000427
    endloop
  endfacet
  facet normal 0.000000 0.000000 0.000000
    outer loop
      vertex 4.512854 -0.000999 2.127064
      vertex 4.400000 -0.000999 2.000427
      vertex 4.400000 -0.000999 2.080284
    endloop
  endfacet
  facet normal 0.000000 0.000000 0.000000
    outer loop
      vertex 4.400000 -0.000999 2.080284
      vertex 4.400000 -0.000999 2.000427
      vertex 4.230719 -0.000999 2.070596
    endloop
  endfacet
  facet normal 0.000000 0.000000 0.000000
    outer loop
      vertex 4.400000 -0.000999 2.080284
      vertex 4.230719 -0.000999 2.070596
      vertex 4.287146 -0.000999 2.127064
    endloop
  endfacet
  facet normal 0.000000 0.000000 0.000000
    outer loop
      vertex 4.287146 -0.000999 2.127064
      vertex 4.230719 -0.000999 2.070596
      vertex 4.160600 -0.000999 2.239999
    endloop
  endfacet
  facet normal 0.000000 0.000000 0.000000
    outer loop
      vertex 4.287146 -0.000999 2.127064
      vertex 4.160600 -0.000999 2.239999
      vertex 4.240400 -0.000999 2.239999
    endloop
  endfacet
  facet normal 0.000000 0.000000 0.000000
    outer loop
      vertex 4.160600 -0.000999 2.239999
      vertex 4.160600 -0.160599 2.239999
      vertex 4.230719 -0.160599 2.409401
    endloop
  endfacet
  facet normal 0.000000 0.000000 0.000000
    outer loop
      vertex 4.160600 -0.000999 2.239999
      vertex 4.230719 -0.160599 2.409401
      vertex 4.230719 -0.000999 2.409401
    endloop
  endfacet
  facet normal 0.000000 0.000000 0.000000
    outer loop
      vertex 4.230719 -0.000999 2.409401
      vertex 4.230719 -0.160599 2.409401
      vertex 4.400000 -0.160599 2.479570
    endloop
  endfacet
  facet normal 0.000000 0.000000 0.000000
    outer loop
      vertex 4.230719 -0.000999 2.409401
      vertex 4.400000 -0.160599 2.479570
      vertex 4.400000 -0.000999 2.479570
    endloop
  endfacet
  facet normal 0.000000 0.000000 0.000000
    outer loop
      vertex 4.400000 -0.000999 2.479570
      vertex 4.400000 -0.160599 2.479570
      vertex 4.569281 -0.160599 2.409401
    endloop
  endfacet
  facet normal 0.000000 0.000000 0.000000
    outer loop
      vertex 4.400000 -0.000999 2.479570
      vertex 4.569281 -0.160599 2.409401
      vertex 4.569281 -0.000999 2.409401
    endloop
  endfacet
  facet normal 0.000000 0.000000 0.000000
    outer loop
      vertex 4.569281 -0.000999 2.409401
      vertex 4.569281 -0.160599 2.409401
      vertex 4.639400 -0.160599 2.239999
    endloop
  endfacet
  facet normal 0.000000 0.000000 0.000000
    outer loop
      vertex 4.569281 -0.000999 2.409401
      vertex 4.639400 -0.160599 2.239999
      vertex 4.639400 -0.000999 2.239999
    endloop
  endfacet
  facet normal 0.000000 0.000000 0.000000
    outer loop
      vertex 4.639400 -0.000999 2.239999
      vertex 4.639400 -0.160599 2.239999
      vertex 4.569281 -0.160599 2.070596
    endloop
  endfacet
  facet normal 0.000000 0.000000 0.000000
    outer loop
      vertex 4.639400 -0.000999 2.239999
      vertex 4.569281 -0.160599 2.070596
      vertex 4.569281 -0.000999 2.070596
    endloop
  endfacet
  facet normal 0.000000 0.000000 0.000000
    outer loop
      vertex 4.569281 -0.000999 2.070596
      vertex 4.569281 -0.160599 2.070596
      vertex 4.400000 -0.160599 2.000427
    endloop
  endfacet
  facet normal 0.000000 0.000000 0.000000
    outer loop
      vertex 4.569281 -0.000999 2.070596
      vertex 4.400000 -0.160599 2.000427
      vertex 4.400000 -0.000999 2.000427
    endloop
  endfacet
  facet normal 0.000000 0.000000 0.000000
    outer loop
      vertex 4.400000 -0.000999 2.000427
      vertex 4.400000 -0.160599 2.000427
      vertex 4.230719 -0.160599 2.070596
    endloop
  endfacet
  facet normal 0.000000 0.000000 0.000000
    outer loop
      vertex 4.400000 -0.000999 2.000427
      vertex 4.230719 -0.160599 2.070596
      vertex 4.230719 -0.000999 2.070596
    endloop
  endfacet
  facet normal 0.000000 0.000000 0.000000
    outer loop
      vertex 4.230719 -0.000999 2.070596
      vertex 4.230719 -0.160599 2.070596
      vertex 4.160600 -0.160599 2.239999
    endloop
  endfacet
  facet normal 0.000000 0.000000 0.000000
    outer loop
      vertex 4.230719 -0.000999 2.070596
      vertex 4.160600 -0.160599 2.239999
      vertex 4.160600 -0.000999 2.239999
    endloop
  endfacet
  facet normal 0.000000 0.000000 0.000000
    outer loop
      vertex 4.240400 -0.160599 2.239999
      vertex 4.240400 -0.000999 2.239999
      vertex 4.287146 -0.000999 2.352934
    endloop
  endfacet
  facet normal 0.000000 0.000000 0.000000
    outer loop
      vertex 4.240400 -0.160599 2.239999
      vertex 4.287146 -0.000999 2.352934
      vertex 4.287146 -0.160599 2.352934
    endloop
  endfacet
  facet normal 0.000000 0.000000 0.000000
    outer loop
      vertex 4.287146 -0.160599 2.352934
      vertex 4.287146 -0.000999 2.352934
      vertex 4.400000 -0.000999 2.399713
    endloop
  endfacet
  facet normal 0.000000 0.000000 0.000000
    outer loop
      vertex 4.287146 -0.160599 2.352934
      vertex 4.400000 -0.000999 2.399713
      vertex 4.400000 -0.160599 2.399713
    endloop
  endfacet
  facet normal 0.000000 0.000000 0.000000
    outer loop
      vertex 4.400000 -0.160599 2.399713
      vertex 4.400000 -0.000999 2.399713
      vertex 4.512854 -0.000999 2.352934
    endloop
  endfacet
  facet normal 0.000000 0.000000 0.000000
    outer loop
      vertex 4.400000 -0.160599 2.399713
      vertex 4.512854 -0.000999 2.352934
      vertex 4.512854 -0.160599 2.352934
    endloop
  endfacet
  facet normal 0.000000 0.000000 0.000000
    outer loop
      vertex 4.512854 -0.160599 2.352934
      vertex 4.512854 -0.000999 2.352934
      vertex 4.559600 -0.000999 2.239999
    endloop
  endfacet
  facet normal 0.000000 0.000000 0.000000
    outer loop
      vertex 4.512854 -0.160599 2.352934
      vertex 4.559600 -0.000999 2.239999
      vertex 4.559600 -0.160599 2.239999
    endloop
  endfacet
  facet normal 0.000000 0.000000 0.000000
    outer loop
      vertex 4.559600 -0.160599 2.239999
      vertex 4.559600 -0.000999 2.239999
      vertex 4.512854 -0.000999 2.127064
    endloop
  endfacet
  facet normal 0.000000 0.000000 0.000000
    outer loop
      vertex 4.559600 -0.160599 2.239999
      vertex 4.512854 -0.000999 2.127064
      vertex 4.512854 -0.160599 2.127064
    endloop
  endfacet
  facet normal 0.000000 0.000000 0.000000
    outer loop
      vertex 4.512854 -0.160599 2.127064
      vertex 4.512854 -0.000999 2.127064
      vertex 4.400000 -0.000999 2.080284
    endloop
  endfacet
  facet normal 0.000000 0.000000 0.000000
    outer loop
      vertex 4.512854 -0.160599 2.127064
      vertex 4.400000 -0.000999 2.080284
      vertex 4.400000 -0.160599 2.080284
    endloop
  endfacet
  facet normal 0.000000 0.000000 0.000000
    outer loop
      vertex 4.400000 -0.160599 2.080284
      vertex 4.400000 -0.000999 2.080284
      vertex 4.287146 -0.000999 2.127064
    endloop
  endfacet
  facet normal 0.000000 0.000000 0.000000
    outer loop
      vertex 4.400000 -0.160599 2.080284
      vertex 4.287146 -0.000999 2.127064
      vertex 4.287146 -0.160599 2.127064
    endloop
  endfacet
  facet normal 0.000000 0.000000 0.000000
    outer loop
      vertex 4.287146 -0.160599 2.127064
      vertex 4.287146 -0.000999 2.127064
      vertex 4.240400 -0.000999 2.239999
    endloop
  endfacet
  facet normal 0.000000 0.000000 0.000000
    outer loop
      vertex 4.287146 -0.160599 2.127064
      vertex 4.240400 -0.000999 2.239999
      vertex 4.240400 -0.160599 2.239999
    endloop
  endfacet
  facet normal 0.000000 0.000000 0.000000
    outer loop
      vertex 4.400000 -0.399999 2.798999
      vertex 4.160600 -0.399999 2.798999
      vertex 4.230719 -0.569280 2.798999
    endloop
  endfacet
  facet normal 0.000000 0.000000 0.000000
    outer loop
      vertex 4.400000 -0.399999 2.798999
      vertex 4.230719 -0.569280 2.798999
      vertex 4.400000 -0.639399 2.798999
    endloop
  endfacet
  facet normal 0.000000 0.000000 0.000000
    outer loop
      vertex 4.400000 -0.399999 2.798999
      vertex 4.400000 -0.639399 2.798999
      vertex 4.569281 -0.569280 2.798999
    endloop
  endfacet
  facet normal 0.000000 0.000000 0.000000
    outer loop
      vertex 4.400000 -0.399999 2.798999
      vertex 4.569281 -0.569280 2.798999
      vertex 4.639400 -0.399999 2.798999
    endloop
  endfacet
  facet normal 0.000000 0.000000 0.000000
    outer loop
      vertex 4.400000 -0.399999 2.798999
      vertex 4.639400 -0.399999 2.798999
      vertex 4.569281 -0.230717 2.798999
    endloop
  endfacet
  facet normal 0.000000 0.000000 0.000000
    outer loop
      vertex 4.400000 -0.399999 2.798999
      vertex 4.569281 -0.230717 2.798999
      vertex 4.400000 -0.160599 2.798999
    endloop
  endfacet
  facet normal 0.000000 0.000000 0.000000
    outer loop
      vertex 4.400000 -0.399999 2.798999
      vertex 4.400000 -0.160599 2.798999
      vertex 4.230719 -0.230717 2.798999
    endloop
  endfacet
  facet normal 0.000000 0.000000 0.000000
    outer loop
      vertex 4.400000 -0.399999 2.798999
      vertex 4.230719 -0.230717 2.798999
      vertex 4.160600 -0.399999 2.798999
    endloop
  endfacet
  facet normal 0.000000 0.000000 0.000000
    outer loop
      vertex -4.799000 -0.798998 -4.720714
      vertex -4.799000 -0.798998 -4.880429
      vertex -3.201000 -0.798998 -4.720714
    endloop
  endfacet
  facet normal 0.000000 0.000000 0.000000
    outer loop
      vertex -3.201000 -0.000998 -4.720714
      vertex -4.799000 -0.000998 -4.880429
      vertex -4.799000 -0.000998 -4.720714
    endloop
  endfacet
  facet normal 0.000000 0.000000 0.000000
    outer loop
      vertex -4.568992 -0.569278 -4.880429
      vertex -4.639200 -0.399998 -4.880429
      vertex -4.568992 -0.569278 -4.950599
    endloop
  endfacet
  facet normal 0.000000 0.000000 0.000000
    outer loop
      vertex -4.568992 -0.230718 -4.880429
      vertex -4.568992 -0.230718 -4.950599
      vertex -4.639200 -0.399998 -4.880429
    endloop
  endfacet
  facet normal 0.000000 0.000000 0.000000
    outer loop
      vertex -4.559300 -0.399998 -4.960278
      vertex -4.512495 -0.287145 -5.007061
      vertex -4.512495 -0.287145 -4.960278
    endloop
  endfacet
  facet normal 0.000000 0.000000 0.000000
    outer loop
      vertex -4.512495 -0.512851 -5.007061
      vertex -4.559300 -0.399998 -4.960278
      vertex -4.512495 -0.512851 -4.960278
    endloop
  endfacet
  facet normal 0.000000 0.000000 0.000000
    outer loop
      vertex -4.000000 -0.798998 -5.679000
      vertex -4.799000 -0.798998 -4.880429
      vertex -4.799000 -0.000998 -4.880429
    endloop
  endfacet
  facet normal 0.000000 0.000000 0.000000
    outer loop
      vertex -4.000000 -0.798998 -5.679000
      vertex -4.799000 -0.000998 -4.880429
      vertex -4.000000 -0.000998 -5.679000
    endloop
  endfacet
  facet normal 0.000000 0.000000 0.000000
    outer loop
      vertex -3.201000 -0.798998 -5.679000
      vertex -3.360800 -0.639398 -5.679000
      vertex -3.360800 -0.160598 -5.679000
    endloop
  endfacet
  facet normal 0.000000 0.000000 0.000000
    outer loop
      vertex -3.201000 -0.798998 -5.679000
      vertex -3.360800 -0.160598 -5.679000
      vertex -3.201000 -0.000998 -5.679000
    endloop
  endfacet
  facet normal 0.000000 0.000000 0.000000
    outer loop
      vertex -3.201000 -0.000998 -5.679000
      vertex -3.360800 -0.160598 -5.679000
      vertex -3.840200 -0.160598 -5.679000
    endloop
  endfacet
  facet normal 0.000000 0.000000 0.000000
    outer loop
      vertex -3.201000 -0.000998 -5.679000
      vertex -3.840200 -0.160598 -5.679000
      vertex -4.000000 -0.000998 -5.679000
    endloop
  endfacet
  facet normal 0.000000 0.000000 0.000000
    outer loop
      vertex -4.000000 -0.000998 -5.679000
      vertex -3.840200 -0.160598 -5.679000
      vertex -3.840200 -0.639398 -5.679000
    endloop
  endfacet
  facet normal 0.000000 0.000000 0.000000
    outer loop
      vertex -4.000000 -0.000998 -5.679000
      vertex -3.840200 -0.639398 -5.679000
      vertex -4.000000 -0.798998 -5.679000
    endloop
  endfacet
  facet normal 0.000000 0.000000 0.000000
    outer loop
      vertex -4.000000 -0.798998 -5.679000
      vertex -3.840200 -0.639398 -5.679000
      vertex -3.360800 -0.639398 -5.679000
    endloop
  endfacet
  facet normal 0.000000 0.000000 0.000000
    outer loop
      vertex -4.000000 -0.798998 -5.679000
      vertex -3.360800 -0.639398 -5.679000
      vertex -3.201000 -0.798998 -5.679000
    endloop
  endfacet
  facet normal 0.000000 0.000000 0.000000
    outer loop
      vertex -3.201000 -0.798998 -4.720714
      vertex -4.799000 -0.798998 -4.880429
      vertex -4.000000 -0.798998 -5.679000
    endloop
  endfacet
  facet normal 0.000000 0.000000 0.000000
    outer loop
      vertex -3.201000 -0.798998 -4.720714
      vertex -4.000000 -0.798998 -5.679000
      vertex -3.201000 -0.798998 -5.679000
    endloop
  endfacet
  facet normal 0.000000 0.000000 0.000000
    outer loop
      vertex -4.000000 -0.000998 -5.679000
      vertex -4.799000 -0.000998 -4.880429
      vertex -3.201000 -0.000998 -4.720714
    endloop
  endfacet
  facet normal 0.000000 0.000000 0.000000
    outer loop
      vertex -4.000000 -0.000998 -5.679000
      vertex -3.201000 -0.000998 -4.720714
      vertex -3.201000 -0.000998 -5.679000
    endloop
  endfacet
  facet normal 0.000000 0.000000 0.000000
    outer loop
      vertex -4.639200 -0.719198 -4.720714
      vertex -4.000000 -0.719198 -4.720714
      vertex -4.000000 -0.719198 -5.519286
    endloop
  endfacet
  facet normal 0.000000 0.000000 0.000000
    outer loop
      vertex -4.639200 -0.719198 -4.720714
      vertex -4.000000 -0.719198 -5.519286
      vertex -4.639200 -0.719198 -4.880429
    endloop
  endfacet
  facet normal 0.000000 0.000000 0.000000
    outer loop
      vertex -4.000000 -0.080798 -5.519286
      vertex -4.000000 -0.080798 -4.720714
      vertex -4.639200 -0.080798 -4.720714
    endloop
  endfacet
  facet normal 0.000000 0.000000 0.000000
    outer loop
      vertex -4.000000 -0.080798 -5.519286
      vertex -4.639200 -0.080798 -4.720714
      vertex -4.639200 -0.080798 -4.880429
    endloop
  endfacet
  facet normal 0.000000 0.000000 0.000000
    outer loop
      vertex -4.000000 -0.080798 -4.720714
      vertex -4.000000 -0.719198 -4.720714
      vertex -3.201000 -0.798998 -4.720714
    endloop
  endfacet
  facet normal 0.000000 0.000000 0.000000
    outer loop
      vertex -4.000000 -0.080798 -4.720714
      vertex -3.201000 -0.798998 -4.720714
      vertex -3.201000 -0.000998 -4.720714
    endloop
  endfacet
  facet normal 0.000000 0.000000 0.000000
    outer loop
      vertex -4.639200 -0.080798 -4.720714
      vertex -4.000000 -0.080798 -4.720714
      vertex -3.201000 -0.000998 -4.720714
    endloop
  endfacet
  facet normal 0.000000 0.000000 0.000000
    outer loop
      vertex -4.639200 -0.080798 -4.720714
      vertex -3.201000 -0.000998 -4.720714
      vertex -4.799000 -0.000998 -4.720714
    endloop
  endfacet
  facet normal 0.000000 0.000000 0.000000
    outer loop
      vertex -4.639200 -0.719198 -4.720714
      vertex -4.639200 -0.080798 -4.720714
      vertex -4.799000 -0.000998 -4.720714
    endloop
  endfacet
  facet normal 0.000000 0.000000 0.000000
    outer loop
      vertex -4.639200 -0.719198 -4.720714
      vertex -4.799000 -0.000998 -4.720714
      vertex -4.799000 -0.798998 -4.720714
    endloop
  endfacet
  facet normal 0.000000 0.000000 0.000000
    outer loop
      vertex -4.000000 -0.719198 -4.720714
      vertex -4.639200 -0.719198 -4.720714
      vertex -4.799000 -0.798998 -4.720714
    endloop
  endfacet
  facet normal 0.000000 0.000000 0.000000
    outer loop
      vertex -4.000000 -0.719198 -4.720714
      vertex -4.799000 -0.798998 -4.720714
      vertex -3.201000 -0.798998 -4.720714
    endloop
  endfacet
  facet normal 0.000000 0.000000 0.000000
    outer loop
      vertex -3.360800 -0.160598 -4.880429
      vertex -3.360800 -0.639398 -4.880429
      vertex -3.840200 -0.639398 -4.880429
    endloop
  endfacet
  facet normal 0.000000 0.000000 0.000000
    outer loop
      vertex -3.360800 -0.160598 -4.880429
      vertex -3.840200 -0.639398 -4.880429
      vertex -3.840200 -0.160598 -4.880429
    endloop
  endfacet
  facet normal 0.000000 0.000000 0.000000
    outer loop
      vertex -3.360800 -0.160598 -4.880429
      vertex -3.360800 -0.160598 -5.679000
      vertex -3.360800 -0.639398 -5.679000
    endloop
  endfacet
  facet normal 0.000000 0.000000 0.000000
    outer loop
      vertex -3.360800 -0.160598 -4.880429
      vertex -3.360800 -0.639398 -5.679000
      vertex -3.360800 -0.639398 -4.880429
    endloop
  endfacet
  facet normal 0.000000 0.000000 0.000000
    outer loop
      vertex -3.840200 -0.160598 -4.880429
      vertex -3.840200 -0.160598 -5.679000
      vertex -3.360800 -0.160598 -5.679000
    endloop
  endfacet
  facet normal 0.000000 0.000000 0.000000
    outer loop
      vertex -3.840200 -0.160598 -4.880429
      vertex -3.360800 -0.160598 -5.679000
      vertex -3.360800 -0.160598 -4.880429
    endloop
  endfacet
  facet normal 0.000000 0.000000 0.000000
    outer loop
      vertex -3.840200 -0.639398 -4.880429
      vertex -3.840200 -0.639398 -5.679000
      vertex -3.840200 -0.160598 -5.679000
    endloop
  endfacet
  facet normal 0.000000 0.000000 0.000000
    outer loop
      vertex -3.840200 -0.639398 -4.880429
      vertex -3.840200 -0.160598 -5.679000
      vertex -3.840200 -0.160598 -4.880429
    endloop
  endfacet
  facet normal 0.000000 0.000000 0.000000
    outer loop
      vertex -3.360800 -0.639398 -4.880429
      vertex -3.360800 -0.639398 -5.679000
      vertex -3.840200 -0.639398 -5.679000
    endloop
  endfacet
  facet normal 0.000000 0.000000 0.000000
    outer loop
      vertex -3.360800 -0.639398 -4.880429
      vertex -3.840200 -0.639398 -5.679000
      vertex -3.840200 -0.639398 -4.880429
    endloop
  endfacet
  facet normal 0.000000 0.000000 0.000000
    outer loop
      vertex -4.639200 -0.719198 -4.880429
      vertex -4.000000 -0.719198 -5.519286
      vertex -4.000000 -0.080798 -5.519286
    endloop
  endfacet
  facet normal 0.000000 0.000000 0.000000
    outer loop
      vertex -4.639200 -0.719198 -4.880429
      vertex -4.000000 -0.080798 -5.519286
      vertex -4.639200 -0.080798 -4.880429
    endloop
  endfacet
  facet normal 0.000000 0.000000 0.000000
    outer loop
      vertex -4.639200 -0.719198 -4.880429
      vertex -4.639200 -0.080798 -4.880429
      vertex -4.639200 -0.080798 -4.720714
    endloop
  endfacet
  facet normal 0.000000 0.000000 0.000000
    outer loop
      vertex -4.639200 -0.719198 -4.880429
      vertex -4.639200 -0.080798 -4.720714
      vertex -4.639200 -0.719198 -4.720714
    endloop
  endfacet
  facet normal 0.000000 0.000000 0.000000
    outer loop
      vertex -3.201000 -0.000998 -5.679000
      vertex -3.201000 -0.000998 -4.720714
      vertex -3.201000 -0.798998 -4.720714
    endloop
  endfacet
  facet normal 0.000000 0.000000 0.000000
    outer loop
      vertex -3.201000 -0.000998 -5.679000
      vertex -3.201000 -0.798998 -4.720714
      vertex -3.201000 -0.798998 -5.679000
    endloop
  endfacet
  facet normal 0.000000 0.000000 0.000000
    outer loop
      vertex -4.799000 -0.798998 -4.880429
      vertex -4.799000 -0.798998 -4.720714
      vertex -4.799000 -0.000998 -4.720714
    endloop
  endfacet
  facet normal 0.000000 0.000000 0.000000
    outer loop
      vertex -4.799000 -0.798998 -4.880429
      vertex -4.799000 -0.000998 -4.720714
      vertex -4.799000 -0.000998 -4.880429
    endloop
  endfacet
  facet normal 0.000000 0.000000 0.000000
    outer loop
      vertex -4.000000 -0.080798 -4.720714
      vertex -4.000000 -0.080798 -5.519286
      vertex -4.000000 -0.719198 -5.519286
    endloop
  endfacet
  facet normal 0.000000 0.000000 0.000000
    outer loop
      vertex -4.000000 -0.080798 -4.720714
      vertex -4.000000 -0.719198 -5.519286
      vertex -4.000000 -0.719198 -4.720714
    endloop
  endfacet
  facet normal 0.000000 0.000000 0.000000
    outer loop
      vertex -3.840200 -0.399998 -4.561000
      vertex -3.840200 -0.399998 -4.720714
      vertex -3.769993 -0.569279 -4.720714
    endloop
  endfacet
  facet normal 0.000000 0.000000 0.000000
    outer loop
      vertex -3.840200 -0.399998 -4.561000
      vertex -3.769993 -0.569279 -4.720714
      vertex -3.769993 -0.569279 -4.561000
    endloop
  endfacet
  facet normal 0.000000 0.000000 0.000000
    outer loop
      vertex -3.769993 -0.569279 -4.561000
      vertex -3.769993 -0.569279 -4.720714
      vertex -3.600500 -0.639398 -4.720714
    endloop
  endfacet
  facet normal 0.000000 0.000000 0.000000
    outer loop
      vertex -3.769993 -0.569279 -4.561000
      vertex -3.600500 -0.639398 -4.720714
      vertex -3.600500 -0.639398 -4.561000
    endloop
  endfacet
  facet normal 0.000000 0.000000 0.000000
    outer loop
      vertex -3.600500 -0.639398 -4.561000
      vertex -3.600500 -0.639398 -4.720714
      vertex -3.431006 -0.569279 -4.720714
    endloop
  endfacet
  facet normal 0.000000 0.000000 0.000000
    outer loop
      vertex -3.600500 -0.639398 -4.561000
      vertex -3.431006 -0.569279 -4.720714
      vertex -3.431006 -0.569279 -4.561000
    endloop
  endfacet
  facet normal 0.000000 0.000000 0.000000
    outer loop
      vertex -3.431006 -0.569279 -4.561000
      vertex -3.431006 -0.569279 -4.720714
      vertex -3.360800 -0.399998 -4.720714
    endloop
  endfacet
  facet normal 0.000000 0.000000 0.000000
    outer loop
      vertex -3.431006 -0.569279 -4.561000
      vertex -3.360800 -0.399998 -4.720714
      vertex -3.360800 -0.399998 -4.561000
    endloop
  endfacet
  facet normal 0.000000 0.000000 0.000000
    outer loop
      vertex -3.360800 -0.399998 -4.561000
      vertex -3.360800 -0.399998 -4.720714
      vertex -3.431006 -0.230717 -4.720714
    endloop
  endfacet
  facet normal 0.000000 0.000000 0.000000
    outer loop
      vertex -3.360800 -0.399998 -4.561000
      vertex -3.431006 -0.230717 -4.720714
      vertex -3.431006 -0.230717 -4.561000
    endloop
  endfacet
  facet normal 0.000000 0.000000 0.000000
    outer loop
      vertex -3.431006 -0.230717 -4.561000
      vertex -3.431006 -0.230717 -4.720714
      vertex -3.600500 -0.160598 -4.720714
    endloop
  endfacet
  facet normal 0.000000 0.000000 0.000000
    outer loop
      vertex -3.431006 -0.230717 -4.561000
      vertex -3.600500 -0.160598 -4.720714
      vertex -3.600500 -0.160598 -4.561000
    endloop
  endfacet
  facet normal 0.000000 0.000000 0.000000
    outer loop
      vertex -3.600500 -0.160598 -4.561000
      vertex -3.600500 -0.160598 -4.720714
      vertex -3.769993 -0.230717 -4.720714
    endloop
  endfacet
  facet normal 0.000000 0.000000 0.000000
    outer loop
      vertex -3.600500 -0.160598 -4.561000
      vertex -3.769993 -0.230717 -4.720714
      vertex -3.769993 -0.230717 -4.561000
    endloop
  endfacet
  facet normal 0.000000 0.000000 0.000000
    outer loop
      vertex -3.769993 -0.230717 -4.561000
      vertex -3.769993 -0.230717 -4.720714
      vertex -3.840200 -0.399998 -4.720714
    endloop
  endfacet
  facet normal 0.000000 0.000000 0.000000
    outer loop
      vertex -3.769993 -0.230717 -4.561000
      vertex -3.840200 -0.399998 -4.720714
      vertex -3.840200 -0.399998 -4.561000
    endloop
  endfacet
  facet normal 0.000000 0.000000 0.000000
    outer loop
      vertex -4.399500 -0.559598 -4.880429
      vertex -4.399500 -0.559598 -4.561000
      vertex -4.286504 -0.512852 -4.561000
    endloop
  endfacet
  facet normal 0.000000 0.000000 0.000000
    outer loop
      vertex -4.399500 -0.559598 -4.880429
      vertex -4.286504 -0.512852 -4.561000
      vertex -4.286504 -0.512852 -4.880429
    endloop
  endfacet
  facet normal 0.000000 0.000000 0.000000
    outer loop
      vertex -4.286504 -0.512852 -4.880429
      vertex -4.286504 -0.512852 -4.561000
      vertex -4.239700 -0.399998 -4.561000
    endloop
  endfacet
  facet normal 0.000000 0.000000 0.000000
    outer loop
      vertex -4.286504 -0.512852 -4.880429
      vertex -4.239700 -0.399998 -4.561000
      vertex -4.239700 -0.399998 -4.880429
    endloop
  endfacet
  facet normal 0.000000 0.000000 0.000000
    outer loop
      vertex -4.239700 -0.399998 -4.880429
      vertex -4.239700 -0.399998 -4.561000
      vertex -4.286504 -0.287144 -4.561000
    endloop
  endfacet
  facet normal 0.000000 0.000000 0.000000
    outer loop
      vertex -4.239700 -0.399998 -4.880429
      vertex -4.286504 -0.287144 -4.561000
      vertex -4.286504 -0.287144 -4.880429
    endloop
  endfacet
  facet normal 0.000000 0.000000 0.000000
    outer loop
      vertex -4.286504 -0.287144 -4.880429
      vertex -4.286504 -0.287144 -4.561000
      vertex -4.399500 -0.240398 -4.561000
    endloop
  endfacet
  facet normal 0.000000 0.000000 0.000000
    outer loop
      vertex -4.286504 -0.287144 -4.880429
      vertex -4.399500 -0.240398 -4.561000
      vertex -4.399500 -0.240398 -4.880429
    endloop
  endfacet
  facet normal 0.000000 0.000000 0.000000
    outer loop
      vertex -4.399500 -0.240398 -4.880429
      vertex -4.399500 -0.240398 -4.561000
      vertex -4.512496 -0.287144 -4.561000
    endloop
  endfacet
  facet normal 0.000000 0.000000 0.000000
    outer loop
      vertex -4.399500 -0.240398 -4.880429
      vertex -4.512496 -0.287144 -4.561000
      vertex -4.512496 -0.287144 -4.880429
    endloop
  endfacet
  facet normal 0.000000 0.000000 0.000000
    outer loop
      vertex -4.512496 -0.287144 -4.880429
      vertex -4.512496 -0.287144 -4.561000
      vertex -4.559300 -0.399998 -4.561000
    endloop
  endfacet
  facet normal 0.000000 0.000000 0.000000
    outer loop
      vertex -4.512496 -0.287144 -4.880429
      vertex -4.559300 -0.399998 -4.561000
      vertex -4.559300 -0.399998 -4.880429
    endloop
  endfacet
  facet normal 0.000000 0.000000 0.000000
    outer loop
      vertex -4.559300 -0.399998 -4.880429
      vertex -4.559300 -0.399998 -4.561000
      vertex -4.512496 -0.512852 -4.561000
    endloop
  endfacet
  facet normal 0.000000 0.000000 0.000000
    outer loop
      vertex -4.559300 -0.399998 -4.880429
      vertex -4.512496 -0.512852 -4.561000
      vertex -4.512496 -0.512852 -4.880429
    endloop
  endfacet
  facet normal 0.000000 0.000000 0.000000
    outer loop
      vertex -4.512496 -0.512852 -4.880429
      vertex -4.512496 -0.512852 -4.561000
      vertex -4.399500 -0.559598 -4.561000
    endloop
  endfacet
  facet normal 0.000000 0.000000 0.000000
    outer loop
      vertex -4.512496 -0.512852 -4.880429
      vertex -4.399500 -0.559598 -4.561000
      vertex -4.399500 -0.559598 -4.880429
    endloop
  endfacet
  facet normal 0.000000 0.000000 0.000000
    outer loop
      vertex -4.399500 -0.639398 -4.561000
      vertex -4.399500 -0.639398 -4.880429
      vertex -4.230006 -0.569279 -4.880429
    endloop
  endfacet
  facet normal 0.000000 0.000000 0.000000
    outer loop
      vertex -4.399500 -0.639398 -4.561000
      vertex -4.230006 -0.569279 -4.880429
      vertex -4.230006 -0.569279 -4.561000
    endloop
  endfacet
  facet normal 0.000000 0.000000 0.000000
    outer loop
      vertex -4.230006 -0.569279 -4.561000
      vertex -4.230006 -0.569279 -4.880429
      vertex -4.159800 -0.399998 -4.880429
    endloop
  endfacet
  facet normal 0.000000 0.000000 0.000000
    outer loop
      vertex -4.230006 -0.569279 -4.561000
      vertex -4.159800 -0.399998 -4.880429
      vertex -4.159800 -0.399998 -4.561000
    endloop
  endfacet
  facet normal 0.000000 0.000000 0.000000
    outer loop
      vertex -4.159800 -0.399998 -4.561000
      vertex -4.159800 -0.399998 -4.880429
      vertex -4.230006 -0.230717 -4.880429
    endloop
  endfacet
  facet normal 0.000000 0.000000 0.000000
    outer loop
      vertex -4.159800 -0.399998 -4.561000
      vertex -4.230006 -0.230717 -4.880429
      vertex -4.230006 -0.230717 -4.561000
    endloop
  endfacet
  facet normal 0.000000 0.000000 0.000000
    outer loop
      vertex -4.230006 -0.230717 -4.561000
      vertex -4.230006 -0.230717 -4.880429
      vertex -4.399500 -0.160598 -4.880429
    endloop
  endfacet
  facet normal 0.000000 0.000000 0.000000
    outer loop
      vertex -4.230006 -0.230717 -4.561000
      vertex -4.399500 -0.160598 -4.880429
      vertex -4.399500 -0.160598 -4.561000
    endloop
  endfacet
  facet normal 0.000000 0.000000 0.000000
    outer loop
      vertex -4.399500 -0.160598 -4.561000
      vertex -4.399500 -0.160598 -4.880429
      vertex -4.568994 -0.230717 -4.880429
    endloop
  endfacet
  facet normal 0.000000 0.000000 0.000000
    outer loop
      vertex -4.399500 -0.160598 -4.561000
      vertex -4.568994 -0.230717 -4.880429
      vertex -4.568994 -0.230717 -4.561000
    endloop
  endfacet
  facet normal 0.000000 0.000000 0.000000
    outer loop
      vertex -4.568994 -0.230717 -4.561000
      vertex -4.568994 -0.230717 -4.880429
      vertex -4.639200 -0.399998 -4.880429
    endloop
  endfacet
  facet normal 0.000000 0.000000 0.000000
    outer loop
      vertex -4.568994 -0.230717 -4.561000
      vertex -4.639200 -0.399998 -4.880429
      vertex -4.639200 -0.399998 -4.561000
    endloop
  endfacet
  facet normal 0.000000 0.000000 0.000000
    outer loop
      vertex -4.639200 -0.399998 -4.561000
      vertex -4.639200 -0.399998 -4.880429
      vertex -4.568993 -0.569279 -4.880429
    endloop
  endfacet
  facet normal 0.000000 0.000000 0.000000
    outer loop
      vertex -4.639200 -0.399998 -4.561000
      vertex -4.568993 -0.569279 -4.880429
      vertex -4.568993 -0.569279 -4.561000
    endloop
  endfacet
  facet normal 0.000000 0.000000 0.000000
    outer loop
      vertex -4.568993 -0.569279 -4.561000
      vertex -4.568993 -0.569279 -4.880429
      vertex -4.399500 -0.639398 -4.880429
    endloop
  endfacet
  facet normal 0.000000 0.000000 0.000000
    outer loop
      vertex -4.568993 -0.569279 -4.561000
      vertex -4.399500 -0.639398 -4.880429
      vertex -4.399500 -0.639398 -4.561000
    endloop
  endfacet
  facet normal 0.000000 0.000000 0.000000
    outer loop
      vertex -4.399500 -0.559598 -4.561000
      vertex -4.399500 -0.639398 -4.561000
      vertex -4.230006 -0.569279 -4.561000
    endloop
  endfacet
  facet normal 0.000000 0.000000 0.000000
    outer loop
      vertex -4.399500 -0.559598 -4.561000
      vertex -4.230006 -0.569279 -4.561000
      vertex -4.286504 -0.512852 -4.561000
    endloop
  endfacet
  facet normal 0.000000 0.000000 0.000000
    outer loop
      vertex -4.286504 -0.512852 -4.561000
      vertex -4.230006 -0.569279 -4.561000
      vertex -4.159800 -0.399998 -4.561000
    endloop
  endfacet
  facet normal 0.000000 0.000000 0.000000
    outer loop
      vertex -4.286504 -0.512852 -4.561000
      vertex -4.159800 -0.399998 -4.561000
      vertex -4.239700 -0.399998 -4.561000
    endloop
  endfacet
  facet normal 0.000000 0.000000 0.000000
    outer loop
      vertex -4.239700 -0.399998 -4.561000
      vertex -4.159800 -0.399998 -4.561000
      vertex -4.230006 -0.230717 -4.561000
    endloop
  endfacet
  facet normal 0.000000 0.000000 0.000000
    outer loop
      vertex -4.239700 -0.399998 -4.561000
      vertex -4.230006 -0.230717 -4.561000
      vertex -4.286504 -0.287144 -4.561000
    endloop
  endfacet
  facet normal 0.000000 0.000000 0.000000
    outer loop
      vertex -4.286504 -0.287144 -4.561000
      vertex -4.230006 -0.230717 -4.561000
      vertex -4.399500 -0.160598 -4.561000
    endloop
  endfacet
  facet normal 0.000000 0.000000 0.000000
    outer loop
      vertex -4.286504 -0.287144 -4.561000
      vertex -4.399500 -0.160598 -4.561000
      vertex -4.399500 -0.240398 -4.561000
    endloop
  endfacet
  facet normal 0.000000 0.000000 0.000000
    outer loop
      vertex -4.399500 -0.240398 -4.561000
      vertex -4.399500 -0.160598 -4.561000
      vertex -4.568994 -0.230717 -4.561000
    endloop
  endfacet
  facet normal 0.000000 0.000000 0.000000
    outer loop
      vertex -4.399500 -0.240398 -4.561000
      vertex -4.568994 -0.230717 -4.561000
      vertex -4.512496 -0.287144 -4.561000
    endloop
  endfacet
  facet normal 0.000000 0.000000 0.000000
    outer loop
      vertex -4.512496 -0.287144 -4.561000
      vertex -4.568994 -0.230717 -4.561000
      vertex -4.639200 -0.399998 -4.561000
    endloop
  endfacet
  facet normal 0.000000 0.000000 0.000000
    outer loop
      vertex -4.512496 -0.287144 -4.561000
      vertex -4.639200 -0.399998 -4.561000
      vertex -4.559300 -0.399998 -4.561000
    endloop
  endfacet
  facet normal 0.000000 0.000000 0.000000
    outer loop
      vertex -4.559300 -0.399998 -4.561000
      vertex -4.639200 -0.399998 -4.561000
      vertex -4.568993 -0.569279 -4.561000
    endloop
  endfacet
  facet normal 0.000000 0.000000 0.000000
    outer loop
      vertex -4.559300 -0.399998 -4.561000
      vertex -4.568993 -0.569279 -4.561000
      vertex -4.512496 -0.512852 -4.561000
    endloop
  endfacet
  facet normal 0.000000 0.000000 0.000000
    outer loop
      vertex -4.512496 -0.512852 -4.561000
      vertex -4.568993 -0.569279 -4.561000
      vertex -4.399500 -0.639398 -4.561000
    endloop
  endfacet
  facet normal 0.000000 0.000000 0.000000
    outer loop
      vertex -4.512496 -0.512852 -4.561000
      vertex -4.399500 -0.639398 -4.561000
      vertex -4.399500 -0.559598 -4.561000
    endloop
  endfacet
  facet normal 0.000000 0.000000 0.000000
    outer loop
      vertex -4.399500 -0.639398 -4.880429
      vertex -4.568992 -0.569278 -4.880429
      vertex -4.568992 -0.569278 -4.950599
    endloop
  endfacet
  facet normal 0.000000 0.000000 0.000000
    outer loop
      vertex -4.399500 -0.639398 -4.880429
      vertex -4.568992 -0.569278 -4.950599
      vertex -4.399500 -0.639398 -5.120000
    endloop
  endfacet
  facet normal 0.000000 0.000000 0.000000
    outer loop
      vertex -4.230008 -0.569278 -4.880429
      vertex -4.399500 -0.639398 -4.880429
      vertex -4.399500 -0.639398 -5.120000
    endloop
  endfacet
  facet normal 0.000000 0.000000 0.000000
    outer loop
      vertex -4.230008 -0.569278 -4.880429
      vertex -4.399500 -0.639398 -5.120000
      vertex -4.230008 -0.569278 -5.289401
    endloop
  endfacet
  facet normal 0.000000 0.000000 0.000000
    outer loop
      vertex -4.159800 -0.399998 -4.880429
      vertex -4.230008 -0.569278 -4.880429
      vertex -4.230008 -0.569278 -5.289401
    endloop
  endfacet
  facet normal 0.000000 0.000000 0.000000
    outer loop
      vertex -4.159800 -0.399998 -4.880429
      vertex -4.230008 -0.569278 -5.289401
      vertex -4.159800 -0.399998 -5.359571
    endloop
  endfacet
  facet normal 0.000000 0.000000 0.000000
    outer loop
      vertex -4.159800 -0.399998 -4.880429
      vertex -4.159800 -0.399998 -5.359571
      vertex -4.230008 -0.230718 -5.289401
    endloop
  endfacet
  facet normal 0.000000 0.000000 0.000000
    outer loop
      vertex -4.159800 -0.399998 -4.880429
      vertex -4.230008 -0.230718 -5.289401
      vertex -4.230008 -0.230718 -4.880429
    endloop
  endfacet
  facet normal 0.000000 0.000000 0.000000
    outer loop
      vertex -4.230008 -0.230718 -4.880429
      vertex -4.230008 -0.230718 -5.289401
      vertex -4.399500 -0.160598 -5.120000
    endloop
  endfacet
  facet normal 0.000000 0.000000 0.000000
    outer loop
      vertex -4.230008 -0.230718 -4.880429
      vertex -4.399500 -0.160598 -5.120000
      vertex -4.399500 -0.160598 -4.880429
    endloop
  endfacet
  facet normal 0.000000 0.000000 0.000000
    outer loop
      vertex -4.399500 -0.160598 -4.880429
      vertex -4.399500 -0.160598 -5.120000
      vertex -4.568992 -0.230718 -4.950599
    endloop
  endfacet
  facet normal 0.000000 0.000000 0.000000
    outer loop
      vertex -4.399500 -0.160598 -4.880429
      vertex -4.568992 -0.230718 -4.950599
      vertex -4.568992 -0.230718 -4.880429
    endloop
  endfacet
  facet normal 0.000000 0.000000 0.000000
    outer loop
      vertex -4.512495 -0.287145 -4.960278
      vertex -4.512495 -0.287145 -5.007061
      vertex -4.399500 -0.240398 -5.120000
    endloop
  endfacet
  facet normal 0.000000 0.000000 0.000000
    outer loop
      vertex -4.512495 -0.287145 -4.960278
      vertex -4.399500 -0.240398 -5.120000
      vertex -4.399500 -0.240398 -4.960278
    endloop
  endfacet
  facet normal 0.000000 0.000000 0.000000
    outer loop
      vertex -4.399500 -0.240398 -4.960278
      vertex -4.399500 -0.240398 -5.120000
      vertex -4.286505 -0.287145 -5.232939
    endloop
  endfacet
  facet normal 0.000000 0.000000 0.000000
    outer loop
      vertex -4.399500 -0.240398 -4.960278
      vertex -4.286505 -0.287145 -5.232939
      vertex -4.286505 -0.287145 -4.960278
    endloop
  endfacet
  facet normal 0.000000 0.000000 0.000000
    outer loop
      vertex -4.286505 -0.287145 -4.960278
      vertex -4.286505 -0.287145 -5.232939
      vertex -4.239700 -0.399998 -5.279722
    endloop
  endfacet
  facet normal 0.000000 0.000000 0.000000
    outer loop
      vertex -4.286505 -0.287145 -4.960278
      vertex -4.239700 -0.399998 -5.279722
      vertex -4.239700 -0.399998 -4.960278
    endloop
  endfacet
  facet normal 0.000000 0.000000 0.000000
    outer loop
      vertex -4.239700 -0.399998 -5.279722
      vertex -4.286505 -0.512851 -5.232939
      vertex -4.286505 -0.512851 -4.960278
    endloop
  endfacet
  facet normal 0.000000 0.000000 0.000000
    outer loop
      vertex -4.239700 -0.399998 -5.279722
      vertex -4.286505 -0.512851 -4.960278
      vertex -4.239700 -0.399998 -4.960278
    endloop
  endfacet
  facet normal 0.000000 0.000000 0.000000
    outer loop
      vertex -4.286505 -0.512851 -5.232939
      vertex -4.399500 -0.559598 -5.120000
      vertex -4.399500 -0.559598 -4.960278
    endloop
  endfacet
  facet normal 0.000000 0.000000 0.000000
    outer loop
      vertex -4.286505 -0.512851 -5.232939
      vertex -4.399500 -0.559598 -4.960278
      vertex -4.286505 -0.512851 -4.960278
    endloop
  endfacet
  facet normal 0.000000 0.000000 0.000000
    outer loop
      vertex -4.399500 -0.559598 -5.120000
      vertex -4.512495 -0.512851 -5.007061
      vertex -4.512495 -0.512851 -4.960278
    endloop
  endfacet
  facet normal 0.000000 0.000000 0.000000
    outer loop
      vertex -4.399500 -0.559598 -5.120000
      vertex -4.512495 -0.512851 -4.960278
      vertex -4.399500 -0.559598 -4.960278
    endloop
  endfacet
  facet normal 0.000000 0.000000 0.000000
    outer loop
      vertex -4.559300 -0.399998 -4.960278
      vertex -4.512495 -0.287145 -4.960278
      vertex -4.512495 -0.287145 -4.880429
    endloop
  endfacet
  facet normal 0.000000 0.000000 0.000000
    outer loop
      vertex -4.559300 -0.399998 -4.960278
      vertex -4.512495 -0.287145 -4.880429
      vertex -4.559300 -0.399998 -4.880429
    endloop
  endfacet
  facet normal 0.000000 0.000000 0.000000
    outer loop
      vertex -4.512495 -0.287145 -4.960278
      vertex -4.399500 -0.240398 -4.960278
      vertex -4.399500 -0.240398 -4.880429
    endloop
  endfacet
  facet normal 0.000000 0.000000 0.000000
    outer loop
      vertex -4.512495 -0.287145 -4.960278
      vertex -4.399500 -0.240398 -4.880429
      vertex -4.512495 -0.287145 -4.880429
    endloop
  endfacet
  facet normal 0.000000 0.000000 0.000000
    outer loop
      vertex -4.399500 -0.240398 -4.960278
      vertex -4.286505 -0.287145 -4.960278
      vertex -4.286505 -0.287145 -4.880429
    endloop
  endfacet
  facet normal 0.000000 0.000000 0.000000
    outer loop
      vertex -4.399500 -0.240398 -4.960278
      vertex -4.286505 -0.287145 -4.880429
      vertex -4.399500 -0.240398 -4.880429
    endloop
  endfacet
  facet normal 0.000000 0.000000 0.000000
    outer loop
      vertex -4.286505 -0.287145 -4.960278
      vertex -4.239700 -0.399998 -4.960278
      vertex -4.239700 -0.399998 -4.880429
    endloop
  endfacet
  facet normal 0.000000 0.000000 0.000000
    outer loop
      vertex -4.286505 -0.287145 -4.960278
      vertex -4.239700 -0.399998 -4.880429
      vertex -4.286505 -0.287145 -4.880429
    endloop
  endfacet
  facet normal 0.000000 0.000000 0.000000
    outer loop
      vertex -4.239700 -0.399998 -4.960278
      vertex -4.286505 -0.512851 -4.960278
      vertex -4.286505 -0.512851 -4.880429
    endloop
  endfacet
  facet normal 0.000000 0.000000 0.000000
    outer loop
      vertex -4.239700 -0.399998 -4.960278
      vertex -4.286505 -0.512851 -4.880429
      vertex -4.239700 -0.399998 -4.880429
    endloop
  endfacet
  facet normal 0.000000 0.000000 0.000000
    outer loop
      vertex -4.286505 -0.512851 -4.960278
      vertex -4.399500 -0.559598 -4.960278
      vertex -4.399500 -0.559598 -4.880429
    endloop
  endfacet
  facet normal 0.000000 0.000000 0.000000
    outer loop
      vertex -4.286505 -0.512851 -4.960278
      vertex -4.399500 -0.559598 -4.880429
      vertex -4.286505 -0.512851 -4.880429
    endloop
  endfacet
  facet normal 0.000000 0.000000 0.000000
    outer loop
      vertex -4.399500 -0.559598 -4.960278
      vertex -4.512495 -0.512851 -4.960278
      vertex -4.512495 -0.512851 -4.880429
    endloop
  endfacet
  facet normal 0.000000 0.000000 0.000000
    outer loop
      vertex -4.399500 -0.559598 -4.960278
      vertex -4.512495 -0.512851 -4.880429
      vertex -4.399500 -0.559598 -4.880429
    endloop
  endfacet
  facet normal 0.000000 0.000000 0.000000
    outer loop
      vertex -4.512495 -0.512851 -4.960278
      vertex -4.559300 -0.399998 -4.960278
      vertex -4.559300 -0.399998 -4.880429
    endloop
  endfacet
  facet normal 0.000000 0.000000 0.000000
    outer loop
      vertex -4.512495 -0.512851 -4.960278
      vertex -4.559300 -0.399998 -4.880429
      vertex -4.512495 -0.512851 -4.880429
    endloop
  endfacet
  facet normal 0.000000 0.000000 0.000000
    outer loop
      vertex -3.600500 -0.399998 -4.561000
      vertex -3.840200 -0.399998 -4.561000
      vertex -3.769993 -0.569279 -4.561000
    endloop
  endfacet
  facet normal 0.000000 0.000000 0.000000
    outer loop
      vertex -3.600500 -0.399998 -4.561000
      vertex -3.769993 -0.569279 -4.561000
      vertex -3.600500 -0.639398 -4.561000
    endloop
  endfacet
  facet normal 0.000000 0.000000 0.000000
    outer loop
      vertex -3.600500 -0.399998 -4.561000
      vertex -3.600500 -0.639398 -4.561000
      vertex -3.431006 -0.569279 -4.561000
    endloop
  endfacet
  facet normal 0.000000 0.000000 0.000000
    outer loop
      vertex -3.600500 -0.399998 -4.561000
      vertex -3.431006 -0.569279 -4.561000
      vertex -3.360800 -0.399998 -4.561000
    endloop
  endfacet
  facet normal 0.000000 0.000000 0.000000
    outer loop
      vertex -3.600500 -0.399998 -4.561000
      vertex -3.360800 -0.399998 -4.561000
      vertex -3.431006 -0.230717 -4.561000
    endloop
  endfacet
  facet normal 0.000000 0.000000 0.000000
    outer loop
      vertex -3.600500 -0.399998 -4.561000
      vertex -3.431006 -0.230717 -4.561000
      vertex -3.600500 -0.160598 -4.561000
    endloop
  endfacet
  facet normal 0.000000 0.000000 0.000000
    outer loop
      vertex -3.600500 -0.399998 -4.561000
      vertex -3.600500 -0.160598 -4.561000
      vertex -3.769993 -0.230717 -4.561000
    endloop
  endfacet
  facet normal 0.000000 0.000000 0.000000
    outer loop
      vertex -3.600500 -0.399998 -4.561000
      vertex -3.769993 -0.230717 -4.561000
      vertex -3.840200 -0.399998 -4.561000
    endloop
  endfacet
endsolid MYSOLID
