solid MYSOLID
  facet normal 0.000000 0.000000 0.000000
    outer loop
      vertex 2.559200 -0.399998 -1.839002
      vertex 2.512352 -0.512853 -1.839002
      vertex 2.399250 -0.399998 -1.839002
    endloop
  endfacet
  facet normal 0.000000 0.000000 0.000000
    outer loop
      vertex 2.512352 -0.512853 -1.839002
      vertex 2.399250 -0.559598 -1.839002
      vertex 2.399250 -0.399998 -1.839002
    endloop
  endfacet
  facet normal 0.000000 0.000000 0.000000
    outer loop
      vertex 2.399250 -0.559598 -1.839002
      vertex 2.286148 -0.512853 -1.839002
      vertex 2.399250 -0.399998 -1.839002
    endloop
  endfacet
  facet normal 0.000000 0.000000 0.000000
    outer loop
      vertex 2.286148 -0.512853 -1.839002
      vertex 2.239300 -0.399998 -1.839002
      vertex 2.399250 -0.399998 -1.839002
    endloop
  endfacet
  facet normal 0.000000 0.000000 0.000000
    outer loop
      vertex 2.239300 -0.399998 -1.839002
      vertex 2.286148 -0.287144 -1.839002
      vertex 2.399250 -0.399998 -1.839002
    endloop
  endfacet
  facet normal 0.000000 0.000000 0.000000
    outer loop
      vertex 2.286148 -0.287144 -1.839002
      vertex 2.399250 -0.240398 -1.839002
      vertex 2.399250 -0.399998 -1.839002
    endloop
  endfacet
  facet normal 0.000000 0.000000 0.000000
    outer loop
      vertex 2.399250 -0.240398 -1.839002
      vertex 2.512352 -0.287144 -1.839002
      vertex 2.399250 -0.399998 -1.839002
    endloop
  endfacet
  facet normal 0.000000 0.000000 0.000000
    outer loop
      vertex 2.512352 -0.287144 -1.839002
      vertex 2.559200 -0.399998 -1.839002
      vertex 2.399250 -0.399998 -1.839002
    endloop
  endfacet
  facet normal 0.000000 0.000000 0.000000
    outer loop
      vertex 1.759450 -0.399998 -1.839002
      vertex 1.712602 -0.512853 -1.839002
      vertex 1.599500 -0.399998 -1.839002
    endloop
  endfacet
  facet normal 0.000000 0.000000 0.000000
    outer loop
      vertex 1.712602 -0.512853 -1.839002
      vertex 1.599500 -0.559598 -1.839002
      vertex 1.599500 -0.399998 -1.839002
    endloop
  endfacet
  facet normal 0.000000 0.000000 0.000000
    outer loop
      vertex 1.599500 -0.559598 -1.839002
      vertex 1.486398 -0.512853 -1.839002
      vertex 1.599500 -0.399998 -1.839002
    endloop
  endfacet
  facet normal 0.000000 0.000000 0.000000
    outer loop
      vertex 1.486398 -0.512853 -1.839002
      vertex 1.439550 -0.399998 -1.839002
      vertex 1.599500 -0.399998 -1.839002
    endloop
  endfacet
  facet normal 0.000000 0.000000 0.000000
    outer loop
      vertex 1.439550 -0.399998 -1.839002
      vertex 1.486398 -0.287144 -1.839002
      vertex 1.599500 -0.399998 -1.839002
    endloop
  endfacet
  facet normal 0.000000 0.000000 0.000000
    outer loop
      vertex 1.486398 -0.287144 -1.839002
      vertex 1.599500 -0.240398 -1.839002
      vertex 1.599500 -0.399998 -1.839002
    endloop
  endfacet
  facet normal 0.000000 0.000000 0.000000
    outer loop
      vertex 1.599500 -0.240398 -1.839002
      vertex 1.712602 -0.287144 -1.839002
      vertex 1.599500 -0.399998 -1.839002
    endloop
  endfacet
  facet normal 0.000000 0.000000 0.000000
    outer loop
      vertex 1.712602 -0.287144 -1.839002
      vertex 1.759450 -0.399998 -1.839002
      vertex 1.599500 -0.399998 -1.839002
    endloop
  endfacet
  facet normal 0.000000 0.000000 0.000000
    outer loop
      vertex 0.959700 -0.399998 -1.839002
      vertex 0.912852 -0.512853 -1.839002
      vertex 0.799750 -0.399998 -1.839002
    endloop
  endfacet
  facet normal 0.000000 0.000000 0.000000
    outer loop
      vertex 0.912852 -0.512853 -1.839002
      vertex 0.799750 -0.559598 -1.839002
      vertex 0.799750 -0.399998 -1.839002
    endloop
  endfacet
  facet normal 0.000000 0.000000 0.000000
    outer loop
      vertex 0.799750 -0.559598 -1.839002
      vertex 0.686648 -0.512853 -1.839002
      vertex 0.799750 -0.399998 -1.839002
    endloop
  endfacet
  facet normal 0.000000 0.000000 0.000000
    outer loop
      vertex 0.686648 -0.512853 -1.839002
      vertex 0.639800 -0.399998 -1.839002
      vertex 0.799750 -0.399998 -1.839002
    endloop
  endfacet
  facet normal 0.000000 0.000000 0.000000
    outer loop
      vertex 0.639800 -0.399998 -1.839002
      vertex 0.686648 -0.287144 -1.839002
      vertex 0.799750 -0.399998 -1.839002
    endloop
  endfacet
  facet normal 0.000000 0.000000 0.000000
    outer loop
      vertex 0.686648 -0.287144 -1.839002
      vertex 0.799750 -0.240398 -1.839002
      vertex 0.799750 -0.399998 -1.839002
    endloop
  endfacet
  facet normal 0.000000 0.000000 0.000000
    outer loop
      vertex 0.799750 -0.240398 -1.839002
      vertex 0.912852 -0.287144 -1.839002
      vertex 0.799750 -0.399998 -1.839002
    endloop
  endfacet
  facet normal 0.000000 0.000000 0.000000
    outer loop
      vertex 0.912852 -0.287144 -1.839002
      vertex 0.959700 -0.399998 -1.839002
      vertex 0.799750 -0.399998 -1.839002
    endloop
  endfacet
  facet normal 0.000000 0.000000 0.000000
    outer loop
      vertex 0.159950 -0.399998 -1.839002
      vertex 0.113102 -0.512853 -1.839002
      vertex 0.000000 -0.399998 -1.839002
    endloop
  endfacet
  facet normal 0.000000 0.000000 0.000000
    outer loop
      vertex 0.113102 -0.512853 -1.839002
      vertex 0.000000 -0.559598 -1.839002
      vertex 0.000000 -0.399998 -1.839002
    endloop
  endfacet
  facet normal 0.000000 0.000000 0.000000
    outer loop
      vertex 0.000000 -0.559598 -1.839002
      vertex -0.113102 -0.512853 -1.839002
      vertex 0.000000 -0.399998 -1.839002
    endloop
  endfacet
  facet normal 0.000000 0.000000 0.000000
    outer loop
      vertex -0.113102 -0.512853 -1.839002
      vertex -0.159950 -0.399998 -1.839002
      vertex 0.000000 -0.399998 -1.839002
    endloop
  endfacet
  facet normal 0.000000 0.000000 0.000000
    outer loop
      vertex -0.159950 -0.399998 -1.839002
      vertex -0.113102 -0.287144 -1.839002
      vertex 0.000000 -0.399998 -1.839002
    endloop
  endfacet
  facet normal 0.000000 0.000000 0.000000
    outer loop
      vertex -0.113102 -0.287144 -1.839002
      vertex -0.000000 -0.240398 -1.839002
      vertex 0.000000 -0.399998 -1.839002
    endloop
  endfacet
  facet normal 0.000000 0.000000 0.000000
    outer loop
      vertex -0.000000 -0.240398 -1.839002
      vertex 0.113102 -0.287144 -1.839002
      vertex 0.000000 -0.399998 -1.839002
    endloop
  endfacet
  facet normal 0.000000 0.000000 0.000000
    outer loop
      vertex 0.113102 -0.287144 -1.839002
      vertex 0.159950 -0.399998 -1.839002
      vertex 0.000000 -0.399998 -1.839002
    endloop
  endfacet
  facet normal 0.000000 0.000000 0.000000
    outer loop
      vertex -0.639800 -0.399998 -1.839002
      vertex -0.686648 -0.512853 -1.839002
      vertex -0.799750 -0.399998 -1.839002
    endloop
  endfacet
  facet normal 0.000000 0.000000 0.000000
    outer loop
      vertex -0.686648 -0.512853 -1.839002
      vertex -0.799750 -0.559598 -1.839002
      vertex -0.799750 -0.399998 -1.839002
    endloop
  endfacet
  facet normal 0.000000 0.000000 0.000000
    outer loop
      vertex -0.799750 -0.559598 -1.839002
      vertex -0.912852 -0.512853 -1.839002
      vertex -0.799750 -0.399998 -1.839002
    endloop
  endfacet
  facet normal 0.000000 0.000000 0.000000
    outer loop
      vertex -0.912852 -0.512853 -1.839002
      vertex -0.959700 -0.399998 -1.839002
      vertex -0.799750 -0.399998 -1.839002
    endloop
  endfacet
  facet normal 0.000000 0.000000 0.000000
    outer loop
      vertex -0.959700 -0.399998 -1.839002
      vertex -0.912852 -0.287144 -1.839002
      vertex -0.799750 -0.399998 -1.839002
    endloop
  endfacet
  facet normal 0.000000 0.000000 0.000000
    outer loop
      vertex -0.912852 -0.287144 -1.839002
      vertex -0.799750 -0.240398 -1.839002
      vertex -0.799750 -0.399998 -1.839002
    endloop
  endfacet
  facet normal 0.000000 0.000000 0.000000
    outer loop
      vertex -0.799750 -0.240398 -1.839002
      vertex -0.686648 -0.287144 -1.839002
      vertex -0.799750 -0.399998 -1.839002
    endloop
  endfacet
  facet normal 0.000000 0.000000 0.000000
    outer loop
      vertex -0.686648 -0.287144 -1.839002
      vertex -0.639800 -0.399998 -1.839002
      vertex -0.799750 -0.399998 -1.839002
    endloop
  endfacet
  facet normal 0.000000 0.000000 0.000000
    outer loop
      vertex -1.439550 -0.399998 -1.839002
      vertex -1.486398 -0.512853 -1.839002
      vertex -1.599500 -0.399998 -1.839002
    endloop
  endfacet
  facet normal 0.000000 0.000000 0.000000
    outer loop
      vertex -1.486398 -0.512853 -1.839002
      vertex -1.599500 -0.559598 -1.839002
      vertex -1.599500 -0.399998 -1.839002
    endloop
  endfacet
  facet normal 0.000000 0.000000 0.000000
    outer loop
      vertex -1.599500 -0.559598 -1.839002
      vertex -1.712602 -0.512853 -1.839002
      vertex -1.599500 -0.399998 -1.839002
    endloop
  endfacet
  facet normal 0.000000 0.000000 0.000000
    outer loop
      vertex -1.712602 -0.512853 -1.839002
      vertex -1.759450 -0.399998 -1.839002
      vertex -1.599500 -0.399998 -1.839002
    endloop
  endfacet
  facet normal 0.000000 0.000000 0.000000
    outer loop
      vertex -1.759450 -0.399998 -1.839002
      vertex -1.712602 -0.287144 -1.839002
      vertex -1.599500 -0.399998 -1.839002
    endloop
  endfacet
  facet normal 0.000000 0.000000 0.000000
    outer loop
      vertex -1.712602 -0.287144 -1.839002
      vertex -1.599500 -0.240398 -1.839002
      vertex -1.599500 -0.399998 -1.839002
    endloop
  endfacet
  facet normal 0.000000 0.000000 0.000000
    outer loop
      vertex -1.599500 -0.240398 -1.839002
      vertex -1.486398 -0.287144 -1.839002
      vertex -1.599500 -0.399998 -1.839002
    endloop
  endfacet
  facet normal 0.000000 0.000000 0.000000
    outer loop
      vertex -1.486398 -0.287144 -1.839002
      vertex -1.439550 -0.399998 -1.839002
      vertex -1.599500 -0.399998 -1.839002
    endloop
  endfacet
  facet normal 0.000000 0.000000 0.000000
    outer loop
      vertex -2.239300 -0.399998 -1.839002
      vertex -2.286148 -0.512853 -1.839002
      vertex -2.399250 -0.399998 -1.839002
    endloop
  endfacet
  facet normal 0.000000 0.000000 0.000000
    outer loop
      vertex -2.286148 -0.512853 -1.839002
      vertex -2.399250 -0.559598 -1.839002
      vertex -2.399250 -0.399998 -1.839002
    endloop
  endfacet
  facet normal 0.000000 0.000000 0.000000
    outer loop
      vertex -2.399250 -0.559598 -1.839002
      vertex -2.512352 -0.512853 -1.839002
      vertex -2.399250 -0.399998 -1.839002
    endloop
  endfacet
  facet normal 0.000000 0.000000 0.000000
    outer loop
      vertex -2.512352 -0.512853 -1.839002
      vertex -2.559200 -0.399998 -1.839002
      vertex -2.399250 -0.399998 -1.839002
    endloop
  endfacet
  facet normal 0.000000 0.000000 0.000000
    outer loop
      vertex -2.559200 -0.399998 -1.839002
      vertex -2.512352 -0.287144 -1.839002
      vertex -2.399250 -0.399998 -1.839002
    endloop
  endfacet
  facet normal 0.000000 0.000000 0.000000
    outer loop
      vertex -2.512352 -0.287144 -1.839002
      vertex -2.399250 -0.240398 -1.839002
      vertex -2.399250 -0.399998 -1.839002
    endloop
  endfacet
  facet normal 0.000000 0.000000 0.000000
    outer loop
      vertex -2.399250 -0.240398 -1.839002
      vertex -2.286148 -0.287144 -1.839002
      vertex -2.399250 -0.399998 -1.839002
    endloop
  endfacet
  facet normal 0.000000 0.000000 0.000000
    outer loop
      vertex -2.286148 -0.287144 -1.839002
      vertex -2.239300 -0.399998 -1.839002
      vertex -2.399250 -0.399998 -1.839002
    endloop
  endfacet
  facet normal 0.000000 0.000000 0.000000
    outer loop
      vertex 3.199000 -0.000998 -1.839002
      vertex 3.039050 -0.160598 -1.839002
      vertex -3.039050 -0.160598 -1.839002
    endloop
  endfacet
  facet normal 0.000000 0.000000 0.000000
    outer loop
      vertex 3.199000 -0.000998 -1.839002
      vertex -3.039050 -0.160598 -1.839002
      vertex -3.199000 -0.000998 -1.839002
    endloop
  endfacet
  facet normal 0.000000 0.000000 0.000000
    outer loop
      vertex -3.199000 -0.000998 -1.839002
      vertex -3.039050 -0.160598 -1.839002
      vertex -3.039050 -0.639398 -1.839002
    endloop
  endfacet
  facet normal 0.000000 0.000000 0.000000
    outer loop
      vertex -3.199000 -0.000998 -1.839002
      vertex -3.039050 -0.639398 -1.839002
      vertex -3.199000 -0.798998 -1.839002
    endloop
  endfacet
  facet normal 0.000000 0.000000 0.000000
    outer loop
      vertex -3.199000 -0.798998 -1.839002
      vertex -3.039050 -0.639398 -1.839002
      vertex 3.039050 -0.639398 -1.839002
    endloop
  endfacet
  facet normal 0.000000 0.000000 0.000000
    outer loop
      vertex -3.199000 -0.798998 -1.839002
      vertex 3.039050 -0.639398 -1.839002
      vertex 3.199000 -0.798998 -1.839002
    endloop
  endfacet
  facet normal 0.000000 0.000000 0.000000
    outer loop
      vertex 3.199000 -0.798998 -1.839002
      vertex 3.039050 -0.639398 -1.839002
      vertex 3.039050 -0.160598 -1.839002
    endloop
  endfacet
  facet normal 0.000000 0.000000 0.000000
    outer loop
      vertex 3.199000 -0.798998 -1.839002
      vertex 3.039050 -0.160598 -1.839002
      vertex 3.199000 -0.000998 -1.839002
    endloop
  endfacet
  facet normal 0.000000 0.000000 0.000000
    outer loop
      vertex 2.559200 -0.399998 -1.839002
      vertex 2.559200 -0.399998 -1.679668
      vertex 2.512352 -0.512853 -1.679668
    endloop
  endfacet
  facet normal 0.000000 0.000000 0.000000
    outer loop
      vertex 2.559200 -0.399998 -1.839002
      vertex 2.512352 -0.512853 -1.679668
      vertex 2.512352 -0.512853 -1.839002
    endloop
  endfacet
  facet normal 0.000000 0.000000 0.000000
    outer loop
      vertex 2.512352 -0.512853 -1.839002
      vertex 2.512352 -0.512853 -1.679668
      vertex 2.399250 -0.559598 -1.679668
    endloop
  endfacet
  facet normal 0.000000 0.000000 0.000000
    outer loop
      vertex 2.512352 -0.512853 -1.839002
      vertex 2.399250 -0.559598 -1.679668
      vertex 2.399250 -0.559598 -1.839002
    endloop
  endfacet
  facet normal 0.000000 0.000000 0.000000
    outer loop
      vertex 2.399250 -0.559598 -1.839002
      vertex 2.399250 -0.559598 -1.679668
      vertex 2.286148 -0.512853 -1.679668
    endloop
  endfacet
  facet normal 0.000000 0.000000 0.000000
    outer loop
      vertex 2.399250 -0.559598 -1.839002
      vertex 2.286148 -0.512853 -1.679668
      vertex 2.286148 -0.512853 -1.839002
    endloop
  endfacet
  facet normal 0.000000 0.000000 0.000000
    outer loop
      vertex 2.286148 -0.512853 -1.839002
      vertex 2.286148 -0.512853 -1.679668
      vertex 2.239300 -0.399998 -1.679668
    endloop
  endfacet
  facet normal 0.000000 0.000000 0.000000
    outer loop
      vertex 2.286148 -0.512853 -1.839002
      vertex 2.239300 -0.399998 -1.679668
      vertex 2.239300 -0.399998 -1.839002
    endloop
  endfacet
  facet normal 0.000000 0.000000 0.000000
    outer loop
      vertex 2.239300 -0.399998 -1.839002
      vertex 2.239300 -0.399998 -1.679668
      vertex 2.286148 -0.287144 -1.679668
    endloop
  endfacet
  facet normal 0.000000 0.000000 0.000000
    outer loop
      vertex 2.239300 -0.399998 -1.839002
      vertex 2.286148 -0.287144 -1.679668
      vertex 2.286148 -0.287144 -1.839002
    endloop
  endfacet
  facet normal 0.000000 0.000000 0.000000
    outer loop
      vertex 2.286148 -0.287144 -1.839002
      vertex 2.286148 -0.287144 -1.679668
      vertex 2.399250 -0.240398 -1.679668
    endloop
  endfacet
  facet normal 0.000000 0.000000 0.000000
    outer loop
      vertex 2.286148 -0.287144 -1.839002
      vertex 2.399250 -0.240398 -1.679668
      vertex 2.399250 -0.240398 -1.839002
    endloop
  endfacet
  facet normal 0.000000 0.000000 0.000000
    outer loop
      vertex 2.399250 -0.240398 -1.839002
      vertex 2.399250 -0.240398 -1.679668
      vertex 2.512352 -0.287144 -1.679668
    endloop
  endfacet
  facet normal 0.000000 0.000000 0.000000
    outer loop
      vertex 2.399250 -0.240398 -1.839002
      vertex 2.512352 -0.287144 -1.679668
      vertex 2.512352 -0.287144 -1.839002
    endloop
  endfacet
  facet normal 0.000000 0.000000 0.000000
    outer loop
      vertex 2.512352 -0.287144 -1.839002
      vertex 2.512352 -0.287144 -1.679668
      vertex 2.559200 -0.399998 -1.679668
    endloop
  endfacet
  facet normal 0.000000 0.000000 0.000000
    outer loop
      vertex 2.512352 -0.287144 -1.839002
      vertex 2.559200 -0.399998 -1.679668
      vertex 2.559200 -0.399998 -1.839002
    endloop
  endfacet
  facet normal 0.000000 0.000000 0.000000
    outer loop
      vertex 1.759450 -0.399998 -1.839002
      vertex 1.759450 -0.399998 -1.679668
      vertex 1.712602 -0.512853 -1.679668
    endloop
  endfacet
  facet normal 0.000000 0.000000 0.000000
    outer loop
      vertex 1.759450 -0.399998 -1.839002
      vertex 1.712602 -0.512853 -1.679668
      vertex 1.712602 -0.512853 -1.839002
    endloop
  endfacet
  facet normal 0.000000 0.000000 0.000000
    outer loop
      vertex 1.712602 -0.512853 -1.839002
      vertex 1.712602 -0.512853 -1.679668
      vertex 1.599500 -0.559598 -1.679668
    endloop
  endfacet
  facet normal 0.000000 0.000000 0.000000
    outer loop
      vertex 1.712602 -0.512853 -1.839002
      vertex 1.599500 -0.559598 -1.679668
      vertex 1.599500 -0.559598 -1.839002
    endloop
  endfacet
  facet normal 0.000000 0.000000 0.000000
    outer loop
      vertex 1.599500 -0.559598 -1.839002
      vertex 1.599500 -0.559598 -1.679668
      vertex 1.486398 -0.512853 -1.679668
    endloop
  endfacet
  facet normal 0.000000 0.000000 0.000000
    outer loop
      vertex 1.599500 -0.559598 -1.839002
      vertex 1.486398 -0.512853 -1.679668
      vertex 1.486398 -0.512853 -1.839002
    endloop
  endfacet
  facet normal 0.000000 0.000000 0.000000
    outer loop
      vertex 1.486398 -0.512853 -1.839002
      vertex 1.486398 -0.512853 -1.679668
      vertex 1.439550 -0.399998 -1.679668
    endloop
  endfacet
  facet normal 0.000000 0.000000 0.000000
    outer loop
      vertex 1.486398 -0.512853 -1.839002
      vertex 1.439550 -0.399998 -1.679668
      vertex 1.439550 -0.399998 -1.839002
    endloop
  endfacet
  facet normal 0.000000 0.000000 0.000000
    outer loop
      vertex 1.439550 -0.399998 -1.839002
      vertex 1.439550 -0.399998 -1.679668
      vertex 1.486398 -0.287144 -1.679668
    endloop
  endfacet
  facet normal 0.000000 0.000000 0.000000
    outer loop
      vertex 1.439550 -0.399998 -1.839002
      vertex 1.486398 -0.287144 -1.679668
      vertex 1.486398 -0.287144 -1.839002
    endloop
  endfacet
  facet normal 0.000000 0.000000 0.000000
    outer loop
      vertex 1.486398 -0.287144 -1.839002
      vertex 1.486398 -0.287144 -1.679668
      vertex 1.599500 -0.240398 -1.679668
    endloop
  endfacet
  facet normal 0.000000 0.000000 0.000000
    outer loop
      vertex 1.486398 -0.287144 -1.839002
      vertex 1.599500 -0.240398 -1.679668
      vertex 1.599500 -0.240398 -1.839002
    endloop
  endfacet
  facet normal 0.000000 0.000000 0.000000
    outer loop
      vertex 1.599500 -0.240398 -1.839002
      vertex 1.599500 -0.240398 -1.679668
      vertex 1.712602 -0.287144 -1.679668
    endloop
  endfacet
  facet normal 0.000000 0.000000 0.000000
    outer loop
      vertex 1.599500 -0.240398 -1.839002
      vertex 1.712602 -0.287144 -1.679668
      vertex 1.712602 -0.287144 -1.839002
    endloop
  endfacet
  facet normal 0.000000 0.000000 0.000000
    outer loop
      vertex 1.712602 -0.287144 -1.839002
      vertex 1.712602 -0.287144 -1.679668
      vertex 1.759450 -0.399998 -1.679668
    endloop
  endfacet
  facet normal 0.000000 0.000000 0.000000
    outer loop
      vertex 1.712602 -0.287144 -1.839002
      vertex 1.759450 -0.399998 -1.679668
      vertex 1.759450 -0.399998 -1.839002
    endloop
  endfacet
  facet normal 0.000000 0.000000 0.000000
    outer loop
      vertex 0.959700 -0.399998 -1.839002
      vertex 0.959700 -0.399998 -1.679668
      vertex 0.912852 -0.512853 -1.679668
    endloop
  endfacet
  facet normal 0.000000 0.000000 0.000000
    outer loop
      vertex 0.959700 -0.399998 -1.839002
      vertex 0.912852 -0.512853 -1.679668
      vertex 0.912852 -0.512853 -1.839002
    endloop
  endfacet
  facet normal 0.000000 0.000000 0.000000
    outer loop
      vertex 0.912852 -0.512853 -1.839002
      vertex 0.912852 -0.512853 -1.679668
      vertex 0.799750 -0.559598 -1.679668
    endloop
  endfacet
  facet normal 0.000000 0.000000 0.000000
    outer loop
      vertex 0.912852 -0.512853 -1.839002
      vertex 0.799750 -0.559598 -1.679668
      vertex 0.799750 -0.559598 -1.839002
    endloop
  endfacet
  facet normal 0.000000 0.000000 0.000000
    outer loop
      vertex 0.799750 -0.559598 -1.839002
      vertex 0.799750 -0.559598 -1.679668
      vertex 0.686648 -0.512853 -1.679668
    endloop
  endfacet
  facet normal 0.000000 0.000000 0.000000
    outer loop
      vertex 0.799750 -0.559598 -1.839002
      vertex 0.686648 -0.512853 -1.679668
      vertex 0.686648 -0.512853 -1.839002
    endloop
  endfacet
  facet normal 0.000000 0.000000 0.000000
    outer loop
      vertex 0.686648 -0.512853 -1.839002
      vertex 0.686648 -0.512853 -1.679668
      vertex 0.639800 -0.399998 -1.679668
    endloop
  endfacet
  facet normal 0.000000 0.000000 0.000000
    outer loop
      vertex 0.686648 -0.512853 -1.839002
      vertex 0.639800 -0.399998 -1.679668
      vertex 0.639800 -0.399998 -1.839002
    endloop
  endfacet
  facet normal 0.000000 0.000000 0.000000
    outer loop
      vertex 0.639800 -0.399998 -1.839002
      vertex 0.639800 -0.399998 -1.679668
      vertex 0.686648 -0.287144 -1.679668
    endloop
  endfacet
  facet normal 0.000000 0.000000 0.000000
    outer loop
      vertex 0.639800 -0.399998 -1.839002
      vertex 0.686648 -0.287144 -1.679668
      vertex 0.686648 -0.287144 -1.839002
    endloop
  endfacet
  facet normal 0.000000 0.000000 0.000000
    outer loop
      vertex 0.686648 -0.287144 -1.839002
      vertex 0.686648 -0.287144 -1.679668
      vertex 0.799750 -0.240398 -1.679668
    endloop
  endfacet
  facet normal 0.000000 0.000000 0.000000
    outer loop
      vertex 0.686648 -0.287144 -1.839002
      vertex 0.799750 -0.240398 -1.679668
      vertex 0.799750 -0.240398 -1.839002
    endloop
  endfacet
  facet normal 0.000000 0.000000 0.000000
    outer loop
      vertex 0.799750 -0.240398 -1.839002
      vertex 0.799750 -0.240398 -1.679668
      vertex 0.912852 -0.287144 -1.679668
    endloop
  endfacet
  facet normal 0.000000 0.000000 0.000000
    outer loop
      vertex 0.799750 -0.240398 -1.839002
      vertex 0.912852 -0.287144 -1.679668
      vertex 0.912852 -0.287144 -1.839002
    endloop
  endfacet
  facet normal 0.000000 0.000000 0.000000
    outer loop
      vertex 0.912852 -0.287144 -1.839002
      vertex 0.912852 -0.287144 -1.679668
      vertex 0.959700 -0.399998 -1.679668
    endloop
  endfacet
  facet normal 0.000000 0.000000 0.000000
    outer loop
      vertex 0.912852 -0.287144 -1.839002
      vertex 0.959700 -0.399998 -1.679668
      vertex 0.959700 -0.399998 -1.839002
    endloop
  endfacet
  facet normal 0.000000 0.000000 0.000000
    outer loop
      vertex 0.159950 -0.399998 -1.839002
      vertex 0.159950 -0.399998 -1.679668
      vertex 0.113102 -0.512853 -1.679668
    endloop
  endfacet
  facet normal 0.000000 0.000000 0.000000
    outer loop
      vertex 0.159950 -0.399998 -1.839002
      vertex 0.113102 -0.512853 -1.679668
      vertex 0.113102 -0.512853 -1.839002
    endloop
  endfacet
  facet normal 0.000000 0.000000 0.000000
    outer loop
      vertex 0.113102 -0.512853 -1.839002
      vertex 0.113102 -0.512853 -1.679668
      vertex 0.000000 -0.559598 -1.679668
    endloop
  endfacet
  facet normal 0.000000 0.000000 0.000000
    outer loop
      vertex 0.113102 -0.512853 -1.839002
      vertex 0.000000 -0.559598 -1.679668
      vertex 0.000000 -0.559598 -1.839002
    endloop
  endfacet
  facet normal 0.000000 0.000000 0.000000
    outer loop
      vertex 0.000000 -0.559598 -1.839002
      vertex 0.000000 -0.559598 -1.679668
      vertex -0.113102 -0.512853 -1.679668
    endloop
  endfacet
  facet normal 0.000000 0.000000 0.000000
    outer loop
      vertex 0.000000 -0.559598 -1.839002
      vertex -0.113102 -0.512853 -1.679668
      vertex -0.113102 -0.512853 -1.839002
    endloop
  endfacet
  facet normal 0.000000 0.000000 0.000000
    outer loop
      vertex -0.113102 -0.512853 -1.839002
      vertex -0.113102 -0.512853 -1.679668
      vertex -0.159950 -0.399998 -1.679668
    endloop
  endfacet
  facet normal 0.000000 0.000000 0.000000
    outer loop
      vertex -0.113102 -0.512853 -1.839002
      vertex -0.159950 -0.399998 -1.679668
      vertex -0.159950 -0.399998 -1.839002
    endloop
  endfacet
  facet normal 0.000000 0.000000 0.000000
    outer loop
      vertex -0.159950 -0.399998 -1.839002
      vertex -0.159950 -0.399998 -1.679668
      vertex -0.113102 -0.287144 -1.679668
    endloop
  endfacet
  facet normal 0.000000 0.000000 0.000000
    outer loop
      vertex -0.159950 -0.399998 -1.839002
      vertex -0.113102 -0.287144 -1.679668
      vertex -0.113102 -0.287144 -1.839002
    endloop
  endfacet
  facet normal 0.000000 0.000000 0.000000
    outer loop
      vertex -0.113102 -0.287144 -1.839002
      vertex -0.113102 -0.287144 -1.679668
      vertex -0.000000 -0.240398 -1.679668
    endloop
  endfacet
  facet normal 0.000000 0.000000 0.000000
    outer loop
      vertex -0.113102 -0.287144 -1.839002
      vertex -0.000000 -0.240398 -1.679668
      vertex -0.000000 -0.240398 -1.839002
    endloop
  endfacet
  facet normal 0.000000 0.000000 0.000000
    outer loop
      vertex -0.000000 -0.240398 -1.839002
      vertex -0.000000 -0.240398 -1.679668
      vertex 0.113102 -0.287144 -1.679668
    endloop
  endfacet
  facet normal 0.000000 0.000000 0.000000
    outer loop
      vertex -0.000000 -0.240398 -1.839002
      vertex 0.113102 -0.287144 -1.679668
      vertex 0.113102 -0.287144 -1.839002
    endloop
  endfacet
  facet normal 0.000000 0.000000 0.000000
    outer loop
      vertex 0.113102 -0.287144 -1.839002
      vertex 0.113102 -0.287144 -1.679668
      vertex 0.159950 -0.399998 -1.679668
    endloop
  endfacet
  facet normal 0.000000 0.000000 0.000000
    outer loop
      vertex 0.113102 -0.287144 -1.839002
      vertex 0.159950 -0.399998 -1.679668
      vertex 0.159950 -0.399998 -1.839002
    endloop
  endfacet
  facet normal 0.000000 0.000000 0.000000
    outer loop
      vertex -0.639800 -0.399998 -1.839002
      vertex -0.639800 -0.399998 -1.679668
      vertex -0.686648 -0.512853 -1.679668
    endloop
  endfacet
  facet normal 0.000000 0.000000 0.000000
    outer loop
      vertex -0.639800 -0.399998 -1.839002
      vertex -0.686648 -0.512853 -1.679668
      vertex -0.686648 -0.512853 -1.839002
    endloop
  endfacet
  facet normal 0.000000 0.000000 0.000000
    outer loop
      vertex -0.686648 -0.512853 -1.839002
      vertex -0.686648 -0.512853 -1.679668
      vertex -0.799750 -0.559598 -1.679668
    endloop
  endfacet
  facet normal 0.000000 0.000000 0.000000
    outer loop
      vertex -0.686648 -0.512853 -1.839002
      vertex -0.799750 -0.559598 -1.679668
      vertex -0.799750 -0.559598 -1.839002
    endloop
  endfacet
  facet normal 0.000000 0.000000 0.000000
    outer loop
      vertex -0.799750 -0.559598 -1.839002
      vertex -0.799750 -0.559598 -1.679668
      vertex -0.912852 -0.512853 -1.679668
    endloop
  endfacet
  facet normal 0.000000 0.000000 0.000000
    outer loop
      vertex -0.799750 -0.559598 -1.839002
      vertex -0.912852 -0.512853 -1.679668
      vertex -0.912852 -0.512853 -1.839002
    endloop
  endfacet
  facet normal 0.000000 0.000000 0.000000
    outer loop
      vertex -0.912852 -0.512853 -1.839002
      vertex -0.912852 -0.512853 -1.679668
      vertex -0.959700 -0.399998 -1.679668
    endloop
  endfacet
  facet normal 0.000000 0.000000 0.000000
    outer loop
      vertex -0.912852 -0.512853 -1.839002
      vertex -0.959700 -0.399998 -1.679668
      vertex -0.959700 -0.399998 -1.839002
    endloop
  endfacet
  facet normal 0.000000 0.000000 0.000000
    outer loop
      vertex -0.959700 -0.399998 -1.839002
      vertex -0.959700 -0.399998 -1.679668
      vertex -0.912852 -0.287144 -1.679668
    endloop
  endfacet
  facet normal 0.000000 0.000000 0.000000
    outer loop
      vertex -0.959700 -0.399998 -1.839002
      vertex -0.912852 -0.287144 -1.679668
      vertex -0.912852 -0.287144 -1.839002
    endloop
  endfacet
  facet normal 0.000000 0.000000 0.000000
    outer loop
      vertex -0.912852 -0.287144 -1.839002
      vertex -0.912852 -0.287144 -1.679668
      vertex -0.799750 -0.240398 -1.679668
    endloop
  endfacet
  facet normal 0.000000 0.000000 0.000000
    outer loop
      vertex -0.912852 -0.287144 -1.839002
      vertex -0.799750 -0.240398 -1.679668
      vertex -0.799750 -0.240398 -1.839002
    endloop
  endfacet
  facet normal 0.000000 0.000000 0.000000
    outer loop
      vertex -0.799750 -0.240398 -1.839002
      vertex -0.799750 -0.240398 -1.679668
      vertex -0.686648 -0.287144 -1.679668
    endloop
  endfacet
  facet normal 0.000000 0.000000 0.000000
    outer loop
      vertex -0.799750 -0.240398 -1.839002
      vertex -0.686648 -0.287144 -1.679668
      vertex -0.686648 -0.287144 -1.839002
    endloop
  endfacet
  facet normal 0.000000 0.000000 0.000000
    outer loop
      vertex -0.686648 -0.287144 -1.839002
      vertex -0.686648 -0.287144 -1.679668
      vertex -0.639800 -0.399998 -1.679668
    endloop
  endfacet
  facet normal 0.000000 0.000000 0.000000
    outer loop
      vertex -0.686648 -0.287144 -1.839002
      vertex -0.639800 -0.399998 -1.679668
      vertex -0.639800 -0.399998 -1.839002
    endloop
  endfacet
  facet normal 0.000000 0.000000 0.000000
    outer loop
      vertex -1.439550 -0.399998 -1.839002
      vertex -1.439550 -0.399998 -1.679668
      vertex -1.486398 -0.512853 -1.679668
    endloop
  endfacet
  facet normal 0.000000 0.000000 0.000000
    outer loop
      vertex -1.439550 -0.399998 -1.839002
      vertex -1.486398 -0.512853 -1.679668
      vertex -1.486398 -0.512853 -1.839002
    endloop
  endfacet
  facet normal 0.000000 0.000000 0.000000
    outer loop
      vertex -1.486398 -0.512853 -1.839002
      vertex -1.486398 -0.512853 -1.679668
      vertex -1.599500 -0.559598 -1.679668
    endloop
  endfacet
  facet normal 0.000000 0.000000 0.000000
    outer loop
      vertex -1.486398 -0.512853 -1.839002
      vertex -1.599500 -0.559598 -1.679668
      vertex -1.599500 -0.559598 -1.839002
    endloop
  endfacet
  facet normal 0.000000 0.000000 0.000000
    outer loop
      vertex -1.599500 -0.559598 -1.839002
      vertex -1.599500 -0.559598 -1.679668
      vertex -1.712602 -0.512853 -1.679668
    endloop
  endfacet
  facet normal 0.000000 0.000000 0.000000
    outer loop
      vertex -1.599500 -0.559598 -1.839002
      vertex -1.712602 -0.512853 -1.679668
      vertex -1.712602 -0.512853 -1.839002
    endloop
  endfacet
  facet normal 0.000000 0.000000 0.000000
    outer loop
      vertex -1.712602 -0.512853 -1.839002
      vertex -1.712602 -0.512853 -1.679668
      vertex -1.759450 -0.399998 -1.679668
    endloop
  endfacet
  facet normal 0.000000 0.000000 0.000000
    outer loop
      vertex -1.712602 -0.512853 -1.839002
      vertex -1.759450 -0.399998 -1.679668
      vertex -1.759450 -0.399998 -1.839002
    endloop
  endfacet
  facet normal 0.000000 0.000000 0.000000
    outer loop
      vertex -1.759450 -0.399998 -1.839002
      vertex -1.759450 -0.399998 -1.679668
      vertex -1.712602 -0.287144 -1.679668
    endloop
  endfacet
  facet normal 0.000000 0.000000 0.000000
    outer loop
      vertex -1.759450 -0.399998 -1.839002
      vertex -1.712602 -0.287144 -1.679668
      vertex -1.712602 -0.287144 -1.839002
    endloop
  endfacet
  facet normal 0.000000 0.000000 0.000000
    outer loop
      vertex -1.712602 -0.287144 -1.839002
      vertex -1.712602 -0.287144 -1.679668
      vertex -1.599500 -0.240398 -1.679668
    endloop
  endfacet
  facet normal 0.000000 0.000000 0.000000
    outer loop
      vertex -1.712602 -0.287144 -1.839002
      vertex -1.599500 -0.240398 -1.679668
      vertex -1.599500 -0.240398 -1.839002
    endloop
  endfacet
  facet normal 0.000000 0.000000 0.000000
    outer loop
      vertex -1.599500 -0.240398 -1.839002
      vertex -1.599500 -0.240398 -1.679668
      vertex -1.486398 -0.287144 -1.679668
    endloop
  endfacet
  facet normal 0.000000 0.000000 0.000000
    outer loop
      vertex -1.599500 -0.240398 -1.839002
      vertex -1.486398 -0.287144 -1.679668
      vertex -1.486398 -0.287144 -1.839002
    endloop
  endfacet
  facet normal 0.000000 0.000000 0.000000
    outer loop
      vertex -1.486398 -0.287144 -1.839002
      vertex -1.486398 -0.287144 -1.679668
      vertex -1.439550 -0.399998 -1.679668
    endloop
  endfacet
  facet normal 0.000000 0.000000 0.000000
    outer loop
      vertex -1.486398 -0.287144 -1.839002
      vertex -1.439550 -0.399998 -1.679668
      vertex -1.439550 -0.399998 -1.839002
    endloop
  endfacet
  facet normal 0.000000 0.000000 0.000000
    outer loop
      vertex -2.239300 -0.399998 -1.839002
      vertex -2.239300 -0.399998 -1.679668
      vertex -2.286148 -0.512853 -1.679668
    endloop
  endfacet
  facet normal 0.000000 0.000000 0.000000
    outer loop
      vertex -2.239300 -0.399998 -1.839002
      vertex -2.286148 -0.512853 -1.679668
      vertex -2.286148 -0.512853 -1.839002
    endloop
  endfacet
  facet normal 0.000000 0.000000 0.000000
    outer loop
      vertex -2.286148 -0.512853 -1.839002
      vertex -2.286148 -0.512853 -1.679668
      vertex -2.399250 -0.559598 -1.679668
    endloop
  endfacet
  facet normal 0.000000 0.000000 0.000000
    outer loop
      vertex -2.286148 -0.512853 -1.839002
      vertex -2.399250 -0.559598 -1.679668
      vertex -2.399250 -0.559598 -1.839002
    endloop
  endfacet
  facet normal 0.000000 0.000000 0.000000
    outer loop
      vertex -2.399250 -0.559598 -1.839002
      vertex -2.399250 -0.559598 -1.679668
      vertex -2.512352 -0.512853 -1.679668
    endloop
  endfacet
  facet normal 0.000000 0.000000 0.000000
    outer loop
      vertex -2.399250 -0.559598 -1.839002
      vertex -2.512352 -0.512853 -1.679668
      vertex -2.512352 -0.512853 -1.839002
    endloop
  endfacet
  facet normal 0.000000 0.000000 0.000000
    outer loop
      vertex -2.512352 -0.512853 -1.839002
      vertex -2.512352 -0.512853 -1.679668
      vertex -2.559200 -0.399998 -1.679668
    endloop
  endfacet
  facet normal 0.000000 0.000000 0.000000
    outer loop
      vertex -2.512352 -0.512853 -1.839002
      vertex -2.559200 -0.399998 -1.679668
      vertex -2.559200 -0.399998 -1.839002
    endloop
  endfacet
  facet normal 0.000000 0.000000 0.000000
    outer loop
      vertex -2.559200 -0.399998 -1.839002
      vertex -2.559200 -0.399998 -1.679668
      vertex -2.512352 -0.287144 -1.679668
    endloop
  endfacet
  facet normal 0.000000 0.000000 0.000000
    outer loop
      vertex -2.559200 -0.399998 -1.839002
      vertex -2.512352 -0.287144 -1.679668
      vertex -2.512352 -0.287144 -1.839002
    endloop
  endfacet
  facet normal 0.000000 0.000000 0.000000
    outer loop
      vertex -2.512352 -0.287144 -1.839002
      vertex -2.512352 -0.287144 -1.679668
      vertex -2.399250 -0.240398 -1.679668
    endloop
  endfacet
  facet normal 0.000000 0.000000 0.000000
    outer loop
      vertex -2.512352 -0.287144 -1.839002
      vertex -2.399250 -0.240398 -1.679668
      vertex -2.399250 -0.240398 -1.839002
    endloop
  endfacet
  facet normal 0.000000 0.000000 0.000000
    outer loop
      vertex -2.399250 -0.240398 -1.839002
      vertex -2.399250 -0.240398 -1.679668
      vertex -2.286148 -0.287144 -1.679668
    endloop
  endfacet
  facet normal 0.000000 0.000000 0.000000
    outer loop
      vertex -2.399250 -0.240398 -1.839002
      vertex -2.286148 -0.287144 -1.679668
      vertex -2.286148 -0.287144 -1.839002
    endloop
  endfacet
  facet normal 0.000000 0.000000 0.000000
    outer loop
      vertex -2.286148 -0.287144 -1.839002
      vertex -2.286148 -0.287144 -1.679668
      vertex -2.239300 -0.399998 -1.679668
    endloop
  endfacet
  facet normal 0.000000 0.000000 0.000000
    outer loop
      vertex -2.286148 -0.287144 -1.839002
      vertex -2.239300 -0.399998 -1.679668
      vertex -2.239300 -0.399998 -1.839002
    endloop
  endfacet
  facet normal 0.000000 0.000000 0.000000
    outer loop
      vertex -3.039050 -0.160598 -1.679668
      vertex 3.039050 -0.160598 -1.679668
      vertex 3.039050 -0.639398 -1.679668
    endloop
  endfacet
  facet normal 0.000000 0.000000 0.000000
    outer loop
      vertex -3.039050 -0.160598 -1.679668
      vertex 3.039050 -0.639398 -1.679668
      vertex -3.039050 -0.639398 -1.679668
    endloop
  endfacet
  facet normal 0.000000 0.000000 0.000000
    outer loop
      vertex -3.039050 -0.160598 -1.679668
      vertex -3.039050 -0.160598 -1.839002
      vertex 3.039050 -0.160598 -1.839002
    endloop
  endfacet
  facet normal 0.000000 0.000000 0.000000
    outer loop
      vertex -3.039050 -0.160598 -1.679668
      vertex 3.039050 -0.160598 -1.839002
      vertex 3.039050 -0.160598 -1.679668
    endloop
  endfacet
  facet normal 0.000000 0.000000 0.000000
    outer loop
      vertex -3.039050 -0.639398 -1.679668
      vertex -3.039050 -0.639398 -1.839002
      vertex -3.039050 -0.160598 -1.839002
    endloop
  endfacet
  facet normal 0.000000 0.000000 0.000000
    outer loop
      vertex -3.039050 -0.639398 -1.679668
      vertex -3.039050 -0.160598 -1.839002
      vertex -3.039050 -0.160598 -1.679668
    endloop
  endfacet
  facet normal 0.000000 0.000000 0.000000
    outer loop
      vertex 3.039050 -0.639398 -1.679668
      vertex 3.039050 -0.639398 -1.839002
      vertex -3.039050 -0.639398 -1.839002
    endloop
  endfacet
  facet normal 0.000000 0.000000 0.000000
    outer loop
      vertex 3.039050 -0.639398 -1.679668
      vertex -3.039050 -0.639398 -1.839002
      vertex -3.039050 -0.639398 -1.679668
    endloop
  endfacet
  facet normal 0.000000 0.000000 0.000000
    outer loop
      vertex 3.039050 -0.160598 -1.679668
      vertex 3.039050 -0.160598 -1.839002
      vertex 3.039050 -0.639398 -1.839002
    endloop
  endfacet
  facet normal 0.000000 0.000000 0.000000
    outer loop
      vertex 3.039050 -0.160598 -1.679668
      vertex 3.039050 -0.639398 -1.839002
      vertex 3.039050 -0.639398 -1.679668
    endloop
  endfacet
  facet normal 0.000000 0.000000 0.000000
    outer loop
      vertex 3.199000 -0.798998 -1.520335
      vertex 3.199000 -0.798998 -1.839002
      vertex 3.199000 -0.000998 -1.839002
    endloop
  endfacet
  facet normal 0.000000 0.000000 0.000000
    outer loop
      vertex 3.199000 -0.798998 -1.520335
      vertex 3.199000 -0.000998 -1.839002
      vertex 3.199000 -0.000998 -1.520335
    endloop
  endfacet
  facet normal 0.000000 0.000000 0.000000
    outer loop
      vertex -3.199000 -0.798998 -1.520335
      vertex -3.199000 -0.798998 -1.839002
      vertex 3.199000 -0.798998 -1.839002
    endloop
  endfacet
  facet normal 0.000000 0.000000 0.000000
    outer loop
      vertex -3.199000 -0.798998 -1.520335
      vertex 3.199000 -0.798998 -1.839002
      vertex 3.199000 -0.798998 -1.520335
    endloop
  endfacet
  facet normal 0.000000 0.000000 0.000000
    outer loop
      vertex -3.199000 -0.000998 -1.520335
      vertex -3.199000 -0.000998 -1.839002
      vertex -3.199000 -0.798998 -1.839002
    endloop
  endfacet
  facet normal 0.000000 0.000000 0.000000
    outer loop
      vertex -3.199000 -0.000998 -1.520335
      vertex -3.199000 -0.798998 -1.839002
      vertex -3.199000 -0.798998 -1.520335
    endloop
  endfacet
  facet normal 0.000000 0.000000 0.000000
    outer loop
      vertex 3.199000 -0.000998 -1.520335
      vertex 3.199000 -0.000998 -1.839002
      vertex -3.199000 -0.000998 -1.839002
    endloop
  endfacet
  facet normal 0.000000 0.000000 0.000000
    outer loop
      vertex 3.199000 -0.000998 -1.520335
      vertex -3.199000 -0.000998 -1.839002
      vertex -3.199000 -0.000998 -1.520335
    endloop
  endfacet
  facet normal 0.000000 0.000000 0.000000
    outer loop
      vertex -3.199000 -0.798998 -1.520335
      vertex 3.199000 -0.798998 -1.520335
      vertex 3.199000 -0.000998 -1.520335
    endloop
  endfacet
  facet normal 0.000000 0.000000 0.000000
    outer loop
      vertex -3.199000 -0.798998 -1.520335
      vertex 3.199000 -0.000998 -1.520335
      vertex -3.199000 -0.000998 -1.520335
    endloop
  endfacet
  facet normal 0.000000 0.000000 0.000000
    outer loop
      vertex 3.039050 -0.399998 -1.361002
      vertex 3.039050 -0.399998 -1.520335
      vertex 2.968777 -0.230717 -1.520335
    endloop
  endfacet
  facet normal 0.000000 0.000000 0.000000
    outer loop
      vertex 3.039050 -0.399998 -1.361002
      vertex 2.968777 -0.230717 -1.520335
      vertex 2.968777 -0.230717 -1.361002
    endloop
  endfacet
  facet normal 0.000000 0.000000 0.000000
    outer loop
      vertex 2.968777 -0.230717 -1.361002
      vertex 2.968777 -0.230717 -1.520335
      vertex 2.799125 -0.160598 -1.520335
    endloop
  endfacet
  facet normal 0.000000 0.000000 0.000000
    outer loop
      vertex 2.968777 -0.230717 -1.361002
      vertex 2.799125 -0.160598 -1.520335
      vertex 2.799125 -0.160598 -1.361002
    endloop
  endfacet
  facet normal 0.000000 0.000000 0.000000
    outer loop
      vertex 2.799125 -0.160598 -1.361002
      vertex 2.799125 -0.160598 -1.520335
      vertex 2.629472 -0.230717 -1.520335
    endloop
  endfacet
  facet normal 0.000000 0.000000 0.000000
    outer loop
      vertex 2.799125 -0.160598 -1.361002
      vertex 2.629472 -0.230717 -1.520335
      vertex 2.629472 -0.230717 -1.361002
    endloop
  endfacet
  facet normal 0.000000 0.000000 0.000000
    outer loop
      vertex 2.629472 -0.230717 -1.361002
      vertex 2.629472 -0.230717 -1.520335
      vertex 2.559200 -0.399998 -1.520335
    endloop
  endfacet
  facet normal 0.000000 0.000000 0.000000
    outer loop
      vertex 2.629472 -0.230717 -1.361002
      vertex 2.559200 -0.399998 -1.520335
      vertex 2.559200 -0.399998 -1.361002
    endloop
  endfacet
  facet normal 0.000000 0.000000 0.000000
    outer loop
      vertex 2.559200 -0.399998 -1.361002
      vertex 2.559200 -0.399998 -1.520335
      vertex 2.629472 -0.569280 -1.520335
    endloop
  endfacet
  facet normal 0.000000 0.000000 0.000000
    outer loop
      vertex 2.559200 -0.399998 -1.361002
      vertex 2.629472 -0.569280 -1.520335
      vertex 2.629472 -0.569280 -1.361002
    endloop
  endfacet
  facet normal 0.000000 0.000000 0.000000
    outer loop
      vertex 2.629472 -0.569280 -1.361002
      vertex 2.629472 -0.569280 -1.520335
      vertex 2.799125 -0.639398 -1.520335
    endloop
  endfacet
  facet normal 0.000000 0.000000 0.000000
    outer loop
      vertex 2.629472 -0.569280 -1.361002
      vertex 2.799125 -0.639398 -1.520335
      vertex 2.799125 -0.639398 -1.361002
    endloop
  endfacet
  facet normal 0.000000 0.000000 0.000000
    outer loop
      vertex 2.799125 -0.639398 -1.361002
      vertex 2.799125 -0.639398 -1.520335
      vertex 2.968778 -0.569280 -1.520335
    endloop
  endfacet
  facet normal 0.000000 0.000000 0.000000
    outer loop
      vertex 2.799125 -0.639398 -1.361002
      vertex 2.968778 -0.569280 -1.520335
      vertex 2.968778 -0.569280 -1.361002
    endloop
  endfacet
  facet normal 0.000000 0.000000 0.000000
    outer loop
      vertex 2.968778 -0.569280 -1.361002
      vertex 2.968778 -0.569280 -1.520335
      vertex 3.039050 -0.399998 -1.520335
    endloop
  endfacet
  facet normal 0.000000 0.000000 0.000000
    outer loop
      vertex 2.968778 -0.569280 -1.361002
      vertex 3.039050 -0.399998 -1.520335
      vertex 3.039050 -0.399998 -1.361002
    endloop
  endfacet
  facet normal 0.000000 0.000000 0.000000
    outer loop
      vertex 2.239300 -0.399998 -1.361002
      vertex 2.239300 -0.399998 -1.520335
      vertex 2.169028 -0.230717 -1.520335
    endloop
  endfacet
  facet normal 0.000000 0.000000 0.000000
    outer loop
      vertex 2.239300 -0.399998 -1.361002
      vertex 2.169028 -0.230717 -1.520335
      vertex 2.169028 -0.230717 -1.361002
    endloop
  endfacet
  facet normal 0.000000 0.000000 0.000000
    outer loop
      vertex 2.169028 -0.230717 -1.361002
      vertex 2.169028 -0.230717 -1.520335
      vertex 1.999375 -0.160598 -1.520335
    endloop
  endfacet
  facet normal 0.000000 0.000000 0.000000
    outer loop
      vertex 2.169028 -0.230717 -1.361002
      vertex 1.999375 -0.160598 -1.520335
      vertex 1.999375 -0.160598 -1.361002
    endloop
  endfacet
  facet normal 0.000000 0.000000 0.000000
    outer loop
      vertex 1.999375 -0.160598 -1.361002
      vertex 1.999375 -0.160598 -1.520335
      vertex 1.829722 -0.230717 -1.520335
    endloop
  endfacet
  facet normal 0.000000 0.000000 0.000000
    outer loop
      vertex 1.999375 -0.160598 -1.361002
      vertex 1.829722 -0.230717 -1.520335
      vertex 1.829722 -0.230717 -1.361002
    endloop
  endfacet
  facet normal 0.000000 0.000000 0.000000
    outer loop
      vertex 1.829722 -0.230717 -1.361002
      vertex 1.829722 -0.230717 -1.520335
      vertex 1.759450 -0.399998 -1.520335
    endloop
  endfacet
  facet normal 0.000000 0.000000 0.000000
    outer loop
      vertex 1.829722 -0.230717 -1.361002
      vertex 1.759450 -0.399998 -1.520335
      vertex 1.759450 -0.399998 -1.361002
    endloop
  endfacet
  facet normal 0.000000 0.000000 0.000000
    outer loop
      vertex 1.759450 -0.399998 -1.361002
      vertex 1.759450 -0.399998 -1.520335
      vertex 1.829722 -0.569280 -1.520335
    endloop
  endfacet
  facet normal 0.000000 0.000000 0.000000
    outer loop
      vertex 1.759450 -0.399998 -1.361002
      vertex 1.829722 -0.569280 -1.520335
      vertex 1.829722 -0.569280 -1.361002
    endloop
  endfacet
  facet normal 0.000000 0.000000 0.000000
    outer loop
      vertex 1.829722 -0.569280 -1.361002
      vertex 1.829722 -0.569280 -1.520335
      vertex 1.999375 -0.639398 -1.520335
    endloop
  endfacet
  facet normal 0.000000 0.000000 0.000000
    outer loop
      vertex 1.829722 -0.569280 -1.361002
      vertex 1.999375 -0.639398 -1.520335
      vertex 1.999375 -0.639398 -1.361002
    endloop
  endfacet
  facet normal 0.000000 0.000000 0.000000
    outer loop
      vertex 1.999375 -0.639398 -1.361002
      vertex 1.999375 -0.639398 -1.520335
      vertex 2.169028 -0.569280 -1.520335
    endloop
  endfacet
  facet normal 0.000000 0.000000 0.000000
    outer loop
      vertex 1.999375 -0.639398 -1.361002
      vertex 2.169028 -0.569280 -1.520335
      vertex 2.169028 -0.569280 -1.361002
    endloop
  endfacet
  facet normal 0.000000 0.000000 0.000000
    outer loop
      vertex 2.169028 -0.569280 -1.361002
      vertex 2.169028 -0.569280 -1.520335
      vertex 2.239300 -0.399998 -1.520335
    endloop
  endfacet
  facet normal 0.000000 0.000000 0.000000
    outer loop
      vertex 2.169028 -0.569280 -1.361002
      vertex 2.239300 -0.399998 -1.520335
      vertex 2.239300 -0.399998 -1.361002
    endloop
  endfacet
  facet normal 0.000000 0.000000 0.000000
    outer loop
      vertex 1.439550 -0.399998 -1.361002
      vertex 1.439550 -0.399998 -1.520335
      vertex 1.369278 -0.230717 -1.520335
    endloop
  endfacet
  facet normal 0.000000 0.000000 0.000000
    outer loop
      vertex 1.439550 -0.399998 -1.361002
      vertex 1.369278 -0.230717 -1.520335
      vertex 1.369278 -0.230717 -1.361002
    endloop
  endfacet
  facet normal 0.000000 0.000000 0.000000
    outer loop
      vertex 1.369278 -0.230717 -1.361002
      vertex 1.369278 -0.230717 -1.520335
      vertex 1.199625 -0.160598 -1.520335
    endloop
  endfacet
  facet normal 0.000000 0.000000 0.000000
    outer loop
      vertex 1.369278 -0.230717 -1.361002
      vertex 1.199625 -0.160598 -1.520335
      vertex 1.199625 -0.160598 -1.361002
    endloop
  endfacet
  facet normal 0.000000 0.000000 0.000000
    outer loop
      vertex 1.199625 -0.160598 -1.361002
      vertex 1.199625 -0.160598 -1.520335
      vertex 1.029972 -0.230717 -1.520335
    endloop
  endfacet
  facet normal 0.000000 0.000000 0.000000
    outer loop
      vertex 1.199625 -0.160598 -1.361002
      vertex 1.029972 -0.230717 -1.520335
      vertex 1.029972 -0.230717 -1.361002
    endloop
  endfacet
  facet normal 0.000000 0.000000 0.000000
    outer loop
      vertex 1.029972 -0.230717 -1.361002
      vertex 1.029972 -0.230717 -1.520335
      vertex 0.959700 -0.399998 -1.520335
    endloop
  endfacet
  facet normal 0.000000 0.000000 0.000000
    outer loop
      vertex 1.029972 -0.230717 -1.361002
      vertex 0.959700 -0.399998 -1.520335
      vertex 0.959700 -0.399998 -1.361002
    endloop
  endfacet
  facet normal 0.000000 0.000000 0.000000
    outer loop
      vertex 0.959700 -0.399998 -1.361002
      vertex 0.959700 -0.399998 -1.520335
      vertex 1.029972 -0.569280 -1.520335
    endloop
  endfacet
  facet normal 0.000000 0.000000 0.000000
    outer loop
      vertex 0.959700 -0.399998 -1.361002
      vertex 1.029972 -0.569280 -1.520335
      vertex 1.029972 -0.569280 -1.361002
    endloop
  endfacet
  facet normal 0.000000 0.000000 0.000000
    outer loop
      vertex 1.029972 -0.569280 -1.361002
      vertex 1.029972 -0.569280 -1.520335
      vertex 1.199625 -0.639398 -1.520335
    endloop
  endfacet
  facet normal 0.000000 0.000000 0.000000
    outer loop
      vertex 1.029972 -0.569280 -1.361002
      vertex 1.199625 -0.639398 -1.520335
      vertex 1.199625 -0.639398 -1.361002
    endloop
  endfacet
  facet normal 0.000000 0.000000 0.000000
    outer loop
      vertex 1.199625 -0.639398 -1.361002
      vertex 1.199625 -0.639398 -1.520335
      vertex 1.369278 -0.569280 -1.520335
    endloop
  endfacet
  facet normal 0.000000 0.000000 0.000000
    outer loop
      vertex 1.199625 -0.639398 -1.361002
      vertex 1.369278 -0.569280 -1.520335
      vertex 1.369278 -0.569280 -1.361002
    endloop
  endfacet
  facet normal 0.000000 0.000000 0.000000
    outer loop
      vertex 1.369278 -0.569280 -1.361002
      vertex 1.369278 -0.569280 -1.520335
      vertex 1.439550 -0.399998 -1.520335
    endloop
  endfacet
  facet normal 0.000000 0.000000 0.000000
    outer loop
      vertex 1.369278 -0.569280 -1.361002
      vertex 1.439550 -0.399998 -1.520335
      vertex 1.439550 -0.399998 -1.361002
    endloop
  endfacet
  facet normal 0.000000 0.000000 0.000000
    outer loop
      vertex 0.639800 -0.399998 -1.361002
      vertex 0.639800 -0.399998 -1.520335
      vertex 0.569528 -0.230717 -1.520335
    endloop
  endfacet
  facet normal 0.000000 0.000000 0.000000
    outer loop
      vertex 0.639800 -0.399998 -1.361002
      vertex 0.569528 -0.230717 -1.520335
      vertex 0.569528 -0.230717 -1.361002
    endloop
  endfacet
  facet normal 0.000000 0.000000 0.000000
    outer loop
      vertex 0.569528 -0.230717 -1.361002
      vertex 0.569528 -0.230717 -1.520335
      vertex 0.399875 -0.160598 -1.520335
    endloop
  endfacet
  facet normal 0.000000 0.000000 0.000000
    outer loop
      vertex 0.569528 -0.230717 -1.361002
      vertex 0.399875 -0.160598 -1.520335
      vertex 0.399875 -0.160598 -1.361002
    endloop
  endfacet
  facet normal 0.000000 0.000000 0.000000
    outer loop
      vertex 0.399875 -0.160598 -1.361002
      vertex 0.399875 -0.160598 -1.520335
      vertex 0.230222 -0.230717 -1.520335
    endloop
  endfacet
  facet normal 0.000000 0.000000 0.000000
    outer loop
      vertex 0.399875 -0.160598 -1.361002
      vertex 0.230222 -0.230717 -1.520335
      vertex 0.230222 -0.230717 -1.361002
    endloop
  endfacet
  facet normal 0.000000 0.000000 0.000000
    outer loop
      vertex 0.230222 -0.230717 -1.361002
      vertex 0.230222 -0.230717 -1.520335
      vertex 0.159950 -0.399998 -1.520335
    endloop
  endfacet
  facet normal 0.000000 0.000000 0.000000
    outer loop
      vertex 0.230222 -0.230717 -1.361002
      vertex 0.159950 -0.399998 -1.520335
      vertex 0.159950 -0.399998 -1.361002
    endloop
  endfacet
  facet normal 0.000000 0.000000 0.000000
    outer loop
      vertex 0.159950 -0.399998 -1.361002
      vertex 0.159950 -0.399998 -1.520335
      vertex 0.230222 -0.569280 -1.520335
    endloop
  endfacet
  facet normal 0.000000 0.000000 0.000000
    outer loop
      vertex 0.159950 -0.399998 -1.361002
      vertex 0.230222 -0.569280 -1.520335
      vertex 0.230222 -0.569280 -1.361002
    endloop
  endfacet
  facet normal 0.000000 0.000000 0.000000
    outer loop
      vertex 0.230222 -0.569280 -1.361002
      vertex 0.230222 -0.569280 -1.520335
      vertex 0.399875 -0.639398 -1.520335
    endloop
  endfacet
  facet normal 0.000000 0.000000 0.000000
    outer loop
      vertex 0.230222 -0.569280 -1.361002
      vertex 0.399875 -0.639398 -1.520335
      vertex 0.399875 -0.639398 -1.361002
    endloop
  endfacet
  facet normal 0.000000 0.000000 0.000000
    outer loop
      vertex 0.399875 -0.639398 -1.361002
      vertex 0.399875 -0.639398 -1.520335
      vertex 0.569528 -0.569280 -1.520335
    endloop
  endfacet
  facet normal 0.000000 0.000000 0.000000
    outer loop
      vertex 0.399875 -0.639398 -1.361002
      vertex 0.569528 -0.569280 -1.520335
      vertex 0.569528 -0.569280 -1.361002
    endloop
  endfacet
  facet normal 0.000000 0.000000 0.000000
    outer loop
      vertex 0.569528 -0.569280 -1.361002
      vertex 0.569528 -0.569280 -1.520335
      vertex 0.639800 -0.399998 -1.520335
    endloop
  endfacet
  facet normal 0.000000 0.000000 0.000000
    outer loop
      vertex 0.569528 -0.569280 -1.361002
      vertex 0.639800 -0.399998 -1.520335
      vertex 0.639800 -0.399998 -1.361002
    endloop
  endfacet
  facet normal 0.000000 0.000000 0.000000
    outer loop
      vertex -0.159950 -0.399998 -1.361002
      vertex -0.159950 -0.399998 -1.520335
      vertex -0.230222 -0.230717 -1.520335
    endloop
  endfacet
  facet normal 0.000000 0.000000 0.000000
    outer loop
      vertex -0.159950 -0.399998 -1.361002
      vertex -0.230222 -0.230717 -1.520335
      vertex -0.230222 -0.230717 -1.361002
    endloop
  endfacet
  facet normal 0.000000 0.000000 0.000000
    outer loop
      vertex -0.230222 -0.230717 -1.361002
      vertex -0.230222 -0.230717 -1.520335
      vertex -0.399875 -0.160598 -1.520335
    endloop
  endfacet
  facet normal 0.000000 0.000000 0.000000
    outer loop
      vertex -0.230222 -0.230717 -1.361002
      vertex -0.399875 -0.160598 -1.520335
      vertex -0.399875 -0.160598 -1.361002
    endloop
  endfacet
  facet normal 0.000000 0.000000 0.000000
    outer loop
      vertex -0.399875 -0.160598 -1.361002
      vertex -0.399875 -0.160598 -1.520335
      vertex -0.569528 -0.230717 -1.520335
    endloop
  endfacet
  facet normal 0.000000 0.000000 0.000000
    outer loop
      vertex -0.399875 -0.160598 -1.361002
      vertex -0.569528 -0.230717 -1.520335
      vertex -0.569528 -0.230717 -1.361002
    endloop
  endfacet
  facet normal 0.000000 0.000000 0.000000
    outer loop
      vertex -0.569528 -0.230717 -1.361002
      vertex -0.569528 -0.230717 -1.520335
      vertex -0.639800 -0.399998 -1.520335
    endloop
  endfacet
  facet normal 0.000000 0.000000 0.000000
    outer loop
      vertex -0.569528 -0.230717 -1.361002
      vertex -0.639800 -0.399998 -1.520335
      vertex -0.639800 -0.399998 -1.361002
    endloop
  endfacet
  facet normal 0.000000 0.000000 0.000000
    outer loop
      vertex -0.639800 -0.399998 -1.361002
      vertex -0.639800 -0.399998 -1.520335
      vertex -0.569528 -0.569280 -1.520335
    endloop
  endfacet
  facet normal 0.000000 0.000000 0.000000
    outer loop
      vertex -0.639800 -0.399998 -1.361002
      vertex -0.569528 -0.569280 -1.520335
      vertex -0.569528 -0.569280 -1.361002
    endloop
  endfacet
  facet normal 0.000000 0.000000 0.000000
    outer loop
      vertex -0.569528 -0.569280 -1.361002
      vertex -0.569528 -0.569280 -1.520335
      vertex -0.399875 -0.639398 -1.520335
    endloop
  endfacet
  facet normal 0.000000 0.000000 0.000000
    outer loop
      vertex -0.569528 -0.569280 -1.361002
      vertex -0.399875 -0.639398 -1.520335
      vertex -0.399875 -0.639398 -1.361002
    endloop
  endfacet
  facet normal 0.000000 0.000000 0.000000
    outer loop
      vertex -0.399875 -0.639398 -1.361002
      vertex -0.399875 -0.639398 -1.520335
      vertex -0.230222 -0.569280 -1.520335
    endloop
  endfacet
  facet normal 0.000000 0.000000 0.000000
    outer loop
      vertex -0.399875 -0.639398 -1.361002
      vertex -0.230222 -0.569280 -1.520335
      vertex -0.230222 -0.569280 -1.361002
    endloop
  endfacet
  facet normal 0.000000 0.000000 0.000000
    outer loop
      vertex -0.230222 -0.569280 -1.361002
      vertex -0.230222 -0.569280 -1.520335
      vertex -0.159950 -0.399998 -1.520335
    endloop
  endfacet
  facet normal 0.000000 0.000000 0.000000
    outer loop
      vertex -0.230222 -0.569280 -1.361002
      vertex -0.159950 -0.399998 -1.520335
      vertex -0.159950 -0.399998 -1.361002
    endloop
  endfacet
  facet normal 0.000000 0.000000 0.000000
    outer loop
      vertex -0.959700 -0.399998 -1.361002
      vertex -0.959700 -0.399998 -1.520335
      vertex -1.029972 -0.230717 -1.520335
    endloop
  endfacet
  facet normal 0.000000 0.000000 0.000000
    outer loop
      vertex -0.959700 -0.399998 -1.361002
      vertex -1.029972 -0.230717 -1.520335
      vertex -1.029972 -0.230717 -1.361002
    endloop
  endfacet
  facet normal 0.000000 0.000000 0.000000
    outer loop
      vertex -1.029972 -0.230717 -1.361002
      vertex -1.029972 -0.230717 -1.520335
      vertex -1.199625 -0.160598 -1.520335
    endloop
  endfacet
  facet normal 0.000000 0.000000 0.000000
    outer loop
      vertex -1.029972 -0.230717 -1.361002
      vertex -1.199625 -0.160598 -1.520335
      vertex -1.199625 -0.160598 -1.361002
    endloop
  endfacet
  facet normal 0.000000 0.000000 0.000000
    outer loop
      vertex -1.199625 -0.160598 -1.361002
      vertex -1.199625 -0.160598 -1.520335
      vertex -1.369278 -0.230717 -1.520335
    endloop
  endfacet
  facet normal 0.000000 0.000000 0.000000
    outer loop
      vertex -1.199625 -0.160598 -1.361002
      vertex -1.369278 -0.230717 -1.520335
      vertex -1.369278 -0.230717 -1.361002
    endloop
  endfacet
  facet normal 0.000000 0.000000 0.000000
    outer loop
      vertex -1.369278 -0.230717 -1.361002
      vertex -1.369278 -0.230717 -1.520335
      vertex -1.439550 -0.399998 -1.520335
    endloop
  endfacet
  facet normal 0.000000 0.000000 0.000000
    outer loop
      vertex -1.369278 -0.230717 -1.361002
      vertex -1.439550 -0.399998 -1.520335
      vertex -1.439550 -0.399998 -1.361002
    endloop
  endfacet
  facet normal 0.000000 0.000000 0.000000
    outer loop
      vertex -1.439550 -0.399998 -1.361002
      vertex -1.439550 -0.399998 -1.520335
      vertex -1.369278 -0.569280 -1.520335
    endloop
  endfacet
  facet normal 0.000000 0.000000 0.000000
    outer loop
      vertex -1.439550 -0.399998 -1.361002
      vertex -1.369278 -0.569280 -1.520335
      vertex -1.369278 -0.569280 -1.361002
    endloop
  endfacet
  facet normal 0.000000 0.000000 0.000000
    outer loop
      vertex -1.369278 -0.569280 -1.361002
      vertex -1.369278 -0.569280 -1.520335
      vertex -1.199625 -0.639398 -1.520335
    endloop
  endfacet
  facet normal 0.000000 0.000000 0.000000
    outer loop
      vertex -1.369278 -0.569280 -1.361002
      vertex -1.199625 -0.639398 -1.520335
      vertex -1.199625 -0.639398 -1.361002
    endloop
  endfacet
  facet normal 0.000000 0.000000 0.000000
    outer loop
      vertex -1.199625 -0.639398 -1.361002
      vertex -1.199625 -0.639398 -1.520335
      vertex -1.029972 -0.569280 -1.520335
    endloop
  endfacet
  facet normal 0.000000 0.000000 0.000000
    outer loop
      vertex -1.199625 -0.639398 -1.361002
      vertex -1.029972 -0.569280 -1.520335
      vertex -1.029972 -0.569280 -1.361002
    endloop
  endfacet
  facet normal 0.000000 0.000000 0.000000
    outer loop
      vertex -1.029972 -0.569280 -1.361002
      vertex -1.029972 -0.569280 -1.520335
      vertex -0.959700 -0.399998 -1.520335
    endloop
  endfacet
  facet normal 0.000000 0.000000 0.000000
    outer loop
      vertex -1.029972 -0.569280 -1.361002
      vertex -0.959700 -0.399998 -1.520335
      vertex -0.959700 -0.399998 -1.361002
    endloop
  endfacet
  facet normal 0.000000 0.000000 0.000000
    outer loop
      vertex -1.759450 -0.399998 -1.361002
      vertex -1.759450 -0.399998 -1.520335
      vertex -1.829722 -0.230717 -1.520335
    endloop
  endfacet
  facet normal 0.000000 0.000000 0.000000
    outer loop
      vertex -1.759450 -0.399998 -1.361002
      vertex -1.829722 -0.230717 -1.520335
      vertex -1.829722 -0.230717 -1.361002
    endloop
  endfacet
  facet normal 0.000000 0.000000 0.000000
    outer loop
      vertex -1.829722 -0.230717 -1.361002
      vertex -1.829722 -0.230717 -1.520335
      vertex -1.999375 -0.160598 -1.520335
    endloop
  endfacet
  facet normal 0.000000 0.000000 0.000000
    outer loop
      vertex -1.829722 -0.230717 -1.361002
      vertex -1.999375 -0.160598 -1.520335
      vertex -1.999375 -0.160598 -1.361002
    endloop
  endfacet
  facet normal 0.000000 0.000000 0.000000
    outer loop
      vertex -1.999375 -0.160598 -1.361002
      vertex -1.999375 -0.160598 -1.520335
      vertex -2.169028 -0.230717 -1.520335
    endloop
  endfacet
  facet normal 0.000000 0.000000 0.000000
    outer loop
      vertex -1.999375 -0.160598 -1.361002
      vertex -2.169028 -0.230717 -1.520335
      vertex -2.169028 -0.230717 -1.361002
    endloop
  endfacet
  facet normal 0.000000 0.000000 0.000000
    outer loop
      vertex -2.169028 -0.230717 -1.361002
      vertex -2.169028 -0.230717 -1.520335
      vertex -2.239300 -0.399998 -1.520335
    endloop
  endfacet
  facet normal 0.000000 0.000000 0.000000
    outer loop
      vertex -2.169028 -0.230717 -1.361002
      vertex -2.239300 -0.399998 -1.520335
      vertex -2.239300 -0.399998 -1.361002
    endloop
  endfacet
  facet normal 0.000000 0.000000 0.000000
    outer loop
      vertex -2.239300 -0.399998 -1.361002
      vertex -2.239300 -0.399998 -1.520335
      vertex -2.169028 -0.569280 -1.520335
    endloop
  endfacet
  facet normal 0.000000 0.000000 0.000000
    outer loop
      vertex -2.239300 -0.399998 -1.361002
      vertex -2.169028 -0.569280 -1.520335
      vertex -2.169028 -0.569280 -1.361002
    endloop
  endfacet
  facet normal 0.000000 0.000000 0.000000
    outer loop
      vertex -2.169028 -0.569280 -1.361002
      vertex -2.169028 -0.569280 -1.520335
      vertex -1.999375 -0.639398 -1.520335
    endloop
  endfacet
  facet normal 0.000000 0.000000 0.000000
    outer loop
      vertex -2.169028 -0.569280 -1.361002
      vertex -1.999375 -0.639398 -1.520335
      vertex -1.999375 -0.639398 -1.361002
    endloop
  endfacet
  facet normal 0.000000 0.000000 0.000000
    outer loop
      vertex -1.999375 -0.639398 -1.361002
      vertex -1.999375 -0.639398 -1.520335
      vertex -1.829722 -0.569280 -1.520335
    endloop
  endfacet
  facet normal 0.000000 0.000000 0.000000
    outer loop
      vertex -1.999375 -0.639398 -1.361002
      vertex -1.829722 -0.569280 -1.520335
      vertex -1.829722 -0.569280 -1.361002
    endloop
  endfacet
  facet normal 0.000000 0.000000 0.000000
    outer loop
      vertex -1.829722 -0.569280 -1.361002
      vertex -1.829722 -0.569280 -1.520335
      vertex -1.759450 -0.399998 -1.520335
    endloop
  endfacet
  facet normal 0.000000 0.000000 0.000000
    outer loop
      vertex -1.829722 -0.569280 -1.361002
      vertex -1.759450 -0.399998 -1.520335
      vertex -1.759450 -0.399998 -1.361002
    endloop
  endfacet
  facet normal 0.000000 0.000000 0.000000
    outer loop
      vertex -2.559200 -0.399998 -1.361002
      vertex -2.559200 -0.399998 -1.520335
      vertex -2.629472 -0.230717 -1.520335
    endloop
  endfacet
  facet normal 0.000000 0.000000 0.000000
    outer loop
      vertex -2.559200 -0.399998 -1.361002
      vertex -2.629472 -0.230717 -1.520335
      vertex -2.629472 -0.230717 -1.361002
    endloop
  endfacet
  facet normal 0.000000 0.000000 0.000000
    outer loop
      vertex -2.629472 -0.230717 -1.361002
      vertex -2.629472 -0.230717 -1.520335
      vertex -2.799125 -0.160598 -1.520335
    endloop
  endfacet
  facet normal 0.000000 0.000000 0.000000
    outer loop
      vertex -2.629472 -0.230717 -1.361002
      vertex -2.799125 -0.160598 -1.520335
      vertex -2.799125 -0.160598 -1.361002
    endloop
  endfacet
  facet normal 0.000000 0.000000 0.000000
    outer loop
      vertex -2.799125 -0.160598 -1.361002
      vertex -2.799125 -0.160598 -1.520335
      vertex -2.968777 -0.230717 -1.520335
    endloop
  endfacet
  facet normal 0.000000 0.000000 0.000000
    outer loop
      vertex -2.799125 -0.160598 -1.361002
      vertex -2.968777 -0.230717 -1.520335
      vertex -2.968777 -0.230717 -1.361002
    endloop
  endfacet
  facet normal 0.000000 0.000000 0.000000
    outer loop
      vertex -2.968777 -0.230717 -1.361002
      vertex -2.968777 -0.230717 -1.520335
      vertex -3.039050 -0.399998 -1.520335
    endloop
  endfacet
  facet normal 0.000000 0.000000 0.000000
    outer loop
      vertex -2.968777 -0.230717 -1.361002
      vertex -3.039050 -0.399998 -1.520335
      vertex -3.039050 -0.399998 -1.361002
    endloop
  endfacet
  facet normal 0.000000 0.000000 0.000000
    outer loop
      vertex -3.039050 -0.399998 -1.361002
      vertex -3.039050 -0.399998 -1.520335
      vertex -2.968777 -0.569280 -1.520335
    endloop
  endfacet
  facet normal 0.000000 0.000000 0.000000
    outer loop
      vertex -3.039050 -0.399998 -1.361002
      vertex -2.968777 -0.569280 -1.520335
      vertex -2.968777 -0.569280 -1.361002
    endloop
  endfacet
  facet normal 0.000000 0.000000 0.000000
    outer loop
      vertex -2.968777 -0.569280 -1.361002
      vertex -2.968777 -0.569280 -1.520335
      vertex -2.799125 -0.639398 -1.520335
    endloop
  endfacet
  facet normal 0.000000 0.000000 0.000000
    outer loop
      vertex -2.968777 -0.569280 -1.361002
      vertex -2.799125 -0.639398 -1.520335
      vertex -2.799125 -0.639398 -1.361002
    endloop
  endfacet
  facet normal 0.000000 0.000000 0.000000
    outer loop
      vertex -2.799125 -0.639398 -1.361002
      vertex -2.799125 -0.639398 -1.520335
      vertex -2.629472 -0.569280 -1.520335
    endloop
  endfacet
  facet normal 0.000000 0.000000 0.000000
    outer loop
      vertex -2.799125 -0.639398 -1.361002
      vertex -2.629472 -0.569280 -1.520335
      vertex -2.629472 -0.569280 -1.361002
    endloop
  endfacet
  facet normal 0.000000 0.000000 0.000000
    outer loop
      vertex -2.629472 -0.569280 -1.361002
      vertex -2.629472 -0.569280 -1.520335
      vertex -2.559200 -0.399998 -1.520335
    endloop
  endfacet
  facet normal 0.000000 0.000000 0.000000
    outer loop
      vertex -2.629472 -0.569280 -1.361002
      vertex -2.559200 -0.399998 -1.520335
      vertex -2.559200 -0.399998 -1.361002
    endloop
  endfacet
  facet normal 0.000000 0.000000 0.000000
    outer loop
      vertex 2.799125 -0.399998 -1.361002
      vertex 3.039050 -0.399998 -1.361002
      vertex 2.968777 -0.230717 -1.361002
    endloop
  endfacet
  facet normal 0.000000 0.000000 0.000000
    outer loop
      vertex 2.799125 -0.399998 -1.361002
      vertex 2.968777 -0.230717 -1.361002
      vertex 2.799125 -0.160598 -1.361002
    endloop
  endfacet
  facet normal 0.000000 0.000000 0.000000
    outer loop
      vertex 2.799125 -0.399998 -1.361002
      vertex 2.799125 -0.160598 -1.361002
      vertex 2.629472 -0.230717 -1.361002
    endloop
  endfacet
  facet normal 0.000000 0.000000 0.000000
    outer loop
      vertex 2.799125 -0.399998 -1.361002
      vertex 2.629472 -0.230717 -1.361002
      vertex 2.559200 -0.399998 -1.361002
    endloop
  endfacet
  facet normal 0.000000 0.000000 0.000000
    outer loop
      vertex 2.799125 -0.399998 -1.361002
      vertex 2.559200 -0.399998 -1.361002
      vertex 2.629472 -0.569280 -1.361002
    endloop
  endfacet
  facet normal 0.000000 0.000000 0.000000
    outer loop
      vertex 2.799125 -0.399998 -1.361002
      vertex 2.629472 -0.569280 -1.361002
      vertex 2.799125 -0.639398 -1.361002
    endloop
  endfacet
  facet normal 0.000000 0.000000 0.000000
    outer loop
      vertex 2.799125 -0.399998 -1.361002
      vertex 2.799125 -0.639398 -1.361002
      vertex 2.968778 -0.569280 -1.361002
    endloop
  endfacet
  facet normal 0.000000 0.000000 0.000000
    outer loop
      vertex 2.799125 -0.399998 -1.361002
      vertex 2.968778 -0.569280 -1.361002
      vertex 3.039050 -0.399998 -1.361002
    endloop
  endfacet
  facet normal 0.000000 0.000000 0.000000
    outer loop
      vertex 1.999375 -0.399998 -1.361002
      vertex 2.239300 -0.399998 -1.361002
      vertex 2.169028 -0.230717 -1.361002
    endloop
  endfacet
  facet normal 0.000000 0.000000 0.000000
    outer loop
      vertex 1.999375 -0.399998 -1.361002
      vertex 2.169028 -0.230717 -1.361002
      vertex 1.999375 -0.160598 -1.361002
    endloop
  endfacet
  facet normal 0.000000 0.000000 0.000000
    outer loop
      vertex 1.999375 -0.399998 -1.361002
      vertex 1.999375 -0.160598 -1.361002
      vertex 1.829722 -0.230717 -1.361002
    endloop
  endfacet
  facet normal 0.000000 0.000000 0.000000
    outer loop
      vertex 1.999375 -0.399998 -1.361002
      vertex 1.829722 -0.230717 -1.361002
      vertex 1.759450 -0.399998 -1.361002
    endloop
  endfacet
  facet normal 0.000000 0.000000 0.000000
    outer loop
      vertex 1.999375 -0.399998 -1.361002
      vertex 1.759450 -0.399998 -1.361002
      vertex 1.829722 -0.569280 -1.361002
    endloop
  endfacet
  facet normal 0.000000 0.000000 0.000000
    outer loop
      vertex 1.999375 -0.399998 -1.361002
      vertex 1.829722 -0.569280 -1.361002
      vertex 1.999375 -0.639398 -1.361002
    endloop
  endfacet
  facet normal 0.000000 0.000000 0.000000
    outer loop
      vertex 1.999375 -0.399998 -1.361002
      vertex 1.999375 -0.639398 -1.361002
      vertex 2.169028 -0.569280 -1.361002
    endloop
  endfacet
  facet normal 0.000000 0.000000 0.000000
    outer loop
      vertex 1.999375 -0.399998 -1.361002
      vertex 2.169028 -0.569280 -1.361002
      vertex 2.239300 -0.399998 -1.361002
    endloop
  endfacet
  facet normal 0.000000 0.000000 0.000000
    outer loop
      vertex 1.199625 -0.399998 -1.361002
      vertex 1.439550 -0.399998 -1.361002
      vertex 1.369278 -0.230717 -1.361002
    endloop
  endfacet
  facet normal 0.000000 0.000000 0.000000
    outer loop
      vertex 1.199625 -0.399998 -1.361002
      vertex 1.369278 -0.230717 -1.361002
      vertex 1.199625 -0.160598 -1.361002
    endloop
  endfacet
  facet normal 0.000000 0.000000 0.000000
    outer loop
      vertex 1.199625 -0.399998 -1.361002
      vertex 1.199625 -0.160598 -1.361002
      vertex 1.029972 -0.230717 -1.361002
    endloop
  endfacet
  facet normal 0.000000 0.000000 0.000000
    outer loop
      vertex 1.199625 -0.399998 -1.361002
      vertex 1.029972 -0.230717 -1.361002
      vertex 0.959700 -0.399998 -1.361002
    endloop
  endfacet
  facet normal 0.000000 0.000000 0.000000
    outer loop
      vertex 1.199625 -0.399998 -1.361002
      vertex 0.959700 -0.399998 -1.361002
      vertex 1.029972 -0.569280 -1.361002
    endloop
  endfacet
  facet normal 0.000000 0.000000 0.000000
    outer loop
      vertex 1.199625 -0.399998 -1.361002
      vertex 1.029972 -0.569280 -1.361002
      vertex 1.199625 -0.639398 -1.361002
    endloop
  endfacet
  facet normal 0.000000 0.000000 0.000000
    outer loop
      vertex 1.199625 -0.399998 -1.361002
      vertex 1.199625 -0.639398 -1.361002
      vertex 1.369278 -0.569280 -1.361002
    endloop
  endfacet
  facet normal 0.000000 0.000000 0.000000
    outer loop
      vertex 1.199625 -0.399998 -1.361002
      vertex 1.369278 -0.569280 -1.361002
      vertex 1.439550 -0.399998 -1.361002
    endloop
  endfacet
  facet normal 0.000000 0.000000 0.000000
    outer loop
      vertex 0.399875 -0.399998 -1.361002
      vertex 0.639800 -0.399998 -1.361002
      vertex 0.569528 -0.230717 -1.361002
    endloop
  endfacet
  facet normal 0.000000 0.000000 0.000000
    outer loop
      vertex 0.399875 -0.399998 -1.361002
      vertex 0.569528 -0.230717 -1.361002
      vertex 0.399875 -0.160598 -1.361002
    endloop
  endfacet
  facet normal 0.000000 0.000000 0.000000
    outer loop
      vertex 0.399875 -0.399998 -1.361002
      vertex 0.399875 -0.160598 -1.361002
      vertex 0.230222 -0.230717 -1.361002
    endloop
  endfacet
  facet normal 0.000000 0.000000 0.000000
    outer loop
      vertex 0.399875 -0.399998 -1.361002
      vertex 0.230222 -0.230717 -1.361002
      vertex 0.159950 -0.399998 -1.361002
    endloop
  endfacet
  facet normal 0.000000 0.000000 0.000000
    outer loop
      vertex 0.399875 -0.399998 -1.361002
      vertex 0.159950 -0.399998 -1.361002
      vertex 0.230222 -0.569280 -1.361002
    endloop
  endfacet
  facet normal 0.000000 0.000000 0.000000
    outer loop
      vertex 0.399875 -0.399998 -1.361002
      vertex 0.230222 -0.569280 -1.361002
      vertex 0.399875 -0.639398 -1.361002
    endloop
  endfacet
  facet normal 0.000000 0.000000 0.000000
    outer loop
      vertex 0.399875 -0.399998 -1.361002
      vertex 0.399875 -0.639398 -1.361002
      vertex 0.569528 -0.569280 -1.361002
    endloop
  endfacet
  facet normal 0.000000 0.000000 0.000000
    outer loop
      vertex 0.399875 -0.399998 -1.361002
      vertex 0.569528 -0.569280 -1.361002
      vertex 0.639800 -0.399998 -1.361002
    endloop
  endfacet
  facet normal 0.000000 0.000000 0.000000
    outer loop
      vertex -0.399875 -0.399998 -1.361002
      vertex -0.159950 -0.399998 -1.361002
      vertex -0.230222 -0.230717 -1.361002
    endloop
  endfacet
  facet normal 0.000000 0.000000 0.000000
    outer loop
      vertex -0.399875 -0.399998 -1.361002
      vertex -0.230222 -0.230717 -1.361002
      vertex -0.399875 -0.160598 -1.361002
    endloop
  endfacet
  facet normal 0.000000 0.000000 0.000000
    outer loop
      vertex -0.399875 -0.399998 -1.361002
      vertex -0.399875 -0.160598 -1.361002
      vertex -0.569528 -0.230717 -1.361002
    endloop
  endfacet
  facet normal 0.000000 0.000000 0.000000
    outer loop
      vertex -0.399875 -0.399998 -1.361002
      vertex -0.569528 -0.230717 -1.361002
      vertex -0.639800 -0.399998 -1.361002
    endloop
  endfacet
  facet normal 0.000000 0.000000 0.000000
    outer loop
      vertex -0.399875 -0.399998 -1.361002
      vertex -0.639800 -0.399998 -1.361002
      vertex -0.569528 -0.569280 -1.361002
    endloop
  endfacet
  facet normal 0.000000 0.000000 0.000000
    outer loop
      vertex -0.399875 -0.399998 -1.361002
      vertex -0.569528 -0.569280 -1.361002
      vertex -0.399875 -0.639398 -1.361002
    endloop
  endfacet
  facet normal 0.000000 0.000000 0.000000
    outer loop
      vertex -0.399875 -0.399998 -1.361002
      vertex -0.399875 -0.639398 -1.361002
      vertex -0.230222 -0.569280 -1.361002
    endloop
  endfacet
  facet normal 0.000000 0.000000 0.000000
    outer loop
      vertex -0.399875 -0.399998 -1.361002
      vertex -0.230222 -0.569280 -1.361002
      vertex -0.159950 -0.399998 -1.361002
    endloop
  endfacet
  facet normal 0.000000 0.000000 0.000000
    outer loop
      vertex -1.199625 -0.399998 -1.361002
      vertex -0.959700 -0.399998 -1.361002
      vertex -1.029972 -0.230717 -1.361002
    endloop
  endfacet
  facet normal 0.000000 0.000000 0.000000
    outer loop
      vertex -1.199625 -0.399998 -1.361002
      vertex -1.029972 -0.230717 -1.361002
      vertex -1.199625 -0.160598 -1.361002
    endloop
  endfacet
  facet normal 0.000000 0.000000 0.000000
    outer loop
      vertex -1.199625 -0.399998 -1.361002
      vertex -1.199625 -0.160598 -1.361002
      vertex -1.369278 -0.230717 -1.361002
    endloop
  endfacet
  facet normal 0.000000 0.000000 0.000000
    outer loop
      vertex -1.199625 -0.399998 -1.361002
      vertex -1.369278 -0.230717 -1.361002
      vertex -1.439550 -0.399998 -1.361002
    endloop
  endfacet
  facet normal 0.000000 0.000000 0.000000
    outer loop
      vertex -1.199625 -0.399998 -1.361002
      vertex -1.439550 -0.399998 -1.361002
      vertex -1.369278 -0.569280 -1.361002
    endloop
  endfacet
  facet normal 0.000000 0.000000 0.000000
    outer loop
      vertex -1.199625 -0.399998 -1.361002
      vertex -1.369278 -0.569280 -1.361002
      vertex -1.199625 -0.639398 -1.361002
    endloop
  endfacet
  facet normal 0.000000 0.000000 0.000000
    outer loop
      vertex -1.199625 -0.399998 -1.361002
      vertex -1.199625 -0.639398 -1.361002
      vertex -1.029972 -0.569280 -1.361002
    endloop
  endfacet
  facet normal 0.000000 0.000000 0.000000
    outer loop
      vertex -1.199625 -0.399998 -1.361002
      vertex -1.029972 -0.569280 -1.361002
      vertex -0.959700 -0.399998 -1.361002
    endloop
  endfacet
  facet normal 0.000000 0.000000 0.000000
    outer loop
      vertex -1.999375 -0.399998 -1.361002
      vertex -1.759450 -0.399998 -1.361002
      vertex -1.829722 -0.230717 -1.361002
    endloop
  endfacet
  facet normal 0.000000 0.000000 0.000000
    outer loop
      vertex -1.999375 -0.399998 -1.361002
      vertex -1.829722 -0.230717 -1.361002
      vertex -1.999375 -0.160598 -1.361002
    endloop
  endfacet
  facet normal 0.000000 0.000000 0.000000
    outer loop
      vertex -1.999375 -0.399998 -1.361002
      vertex -1.999375 -0.160598 -1.361002
      vertex -2.169028 -0.230717 -1.361002
    endloop
  endfacet
  facet normal 0.000000 0.000000 0.000000
    outer loop
      vertex -1.999375 -0.399998 -1.361002
      vertex -2.169028 -0.230717 -1.361002
      vertex -2.239300 -0.399998 -1.361002
    endloop
  endfacet
  facet normal 0.000000 0.000000 0.000000
    outer loop
      vertex -1.999375 -0.399998 -1.361002
      vertex -2.239300 -0.399998 -1.361002
      vertex -2.169028 -0.569280 -1.361002
    endloop
  endfacet
  facet normal 0.000000 0.000000 0.000000
    outer loop
      vertex -1.999375 -0.399998 -1.361002
      vertex -2.169028 -0.569280 -1.361002
      vertex -1.999375 -0.639398 -1.361002
    endloop
  endfacet
  facet normal 0.000000 0.000000 0.000000
    outer loop
      vertex -1.999375 -0.399998 -1.361002
      vertex -1.999375 -0.639398 -1.361002
      vertex -1.829722 -0.569280 -1.361002
    endloop
  endfacet
  facet normal 0.000000 0.000000 0.000000
    outer loop
      vertex -1.999375 -0.399998 -1.361002
      vertex -1.829722 -0.569280 -1.361002
      vertex -1.759450 -0.399998 -1.361002
    endloop
  endfacet
  facet normal 0.000000 0.000000 0.000000
    outer loop
      vertex -2.799125 -0.399998 -1.361002
      vertex -2.559200 -0.399998 -1.361002
      vertex -2.629472 -0.230717 -1.361002
    endloop
  endfacet
  facet normal 0.000000 0.000000 0.000000
    outer loop
      vertex -2.799125 -0.399998 -1.361002
      vertex -2.629472 -0.230717 -1.361002
      vertex -2.799125 -0.160598 -1.361002
    endloop
  endfacet
  facet normal 0.000000 0.000000 0.000000
    outer loop
      vertex -2.799125 -0.399998 -1.361002
      vertex -2.799125 -0.160598 -1.361002
      vertex -2.968777 -0.230717 -1.361002
    endloop
  endfacet
  facet normal 0.000000 0.000000 0.000000
    outer loop
      vertex -2.799125 -0.399998 -1.361002
      vertex -2.968777 -0.230717 -1.361002
      vertex -3.039050 -0.399998 -1.361002
    endloop
  endfacet
  facet normal 0.000000 0.000000 0.000000
    outer loop
      vertex -2.799125 -0.399998 -1.361002
      vertex -3.039050 -0.399998 -1.361002
      vertex -2.968777 -0.569280 -1.361002
    endloop
  endfacet
  facet normal 0.000000 0.000000 0.000000
    outer loop
      vertex -2.799125 -0.399998 -1.361002
      vertex -2.968777 -0.569280 -1.361002
      vertex -2.799125 -0.639398 -1.361002
    endloop
  endfacet
  facet normal 0.000000 0.000000 0.000000
    outer loop
      vertex -2.799125 -0.399998 -1.361002
      vertex -2.799125 -0.639398 -1.361002
      vertex -2.629472 -0.569280 -1.361002
    endloop
  endfacet
  facet normal 0.000000 0.000000 0.000000
    outer loop
      vertex -2.799125 -0.399998 -1.361002
      vertex -2.629472 -0.569280 -1.361002
      vertex -2.559200 -0.399998 -1.361002
    endloop
  endfacet
  facet normal 0.000000 0.000000 0.000000
    outer loop
      vertex 2.559200 -0.399998 -1.519002
      vertex 2.512352 -0.512853 -1.519002
      vertex 2.399250 -0.399998 -1.519002
    endloop
  endfacet
  facet normal 0.000000 0.000000 0.000000
    outer loop
      vertex 2.512352 -0.512853 -1.519002
      vertex 2.399250 -0.559598 -1.519002
      vertex 2.399250 -0.399998 -1.519002
    endloop
  endfacet
  facet normal 0.000000 0.000000 0.000000
    outer loop
      vertex 2.399250 -0.559598 -1.519002
      vertex 2.286148 -0.512853 -1.519002
      vertex 2.399250 -0.399998 -1.519002
    endloop
  endfacet
  facet normal 0.000000 0.000000 0.000000
    outer loop
      vertex 2.286148 -0.512853 -1.519002
      vertex 2.239300 -0.399998 -1.519002
      vertex 2.399250 -0.399998 -1.519002
    endloop
  endfacet
  facet normal 0.000000 0.000000 0.000000
    outer loop
      vertex 2.239300 -0.399998 -1.519002
      vertex 2.286148 -0.287144 -1.519002
      vertex 2.399250 -0.399998 -1.519002
    endloop
  endfacet
  facet normal 0.000000 0.000000 0.000000
    outer loop
      vertex 2.286148 -0.287144 -1.519002
      vertex 2.399250 -0.240398 -1.519002
      vertex 2.399250 -0.399998 -1.519002
    endloop
  endfacet
  facet normal 0.000000 0.000000 0.000000
    outer loop
      vertex 2.399250 -0.240398 -1.519002
      vertex 2.512352 -0.287144 -1.519002
      vertex 2.399250 -0.399998 -1.519002
    endloop
  endfacet
  facet normal 0.000000 0.000000 0.000000
    outer loop
      vertex 2.512352 -0.287144 -1.519002
      vertex 2.559200 -0.399998 -1.519002
      vertex 2.399250 -0.399998 -1.519002
    endloop
  endfacet
  facet normal 0.000000 0.000000 0.000000
    outer loop
      vertex 1.759450 -0.399998 -1.519002
      vertex 1.712602 -0.512853 -1.519002
      vertex 1.599500 -0.399998 -1.519002
    endloop
  endfacet
  facet normal 0.000000 0.000000 0.000000
    outer loop
      vertex 1.712602 -0.512853 -1.519002
      vertex 1.599500 -0.559598 -1.519002
      vertex 1.599500 -0.399998 -1.519002
    endloop
  endfacet
  facet normal 0.000000 0.000000 0.000000
    outer loop
      vertex 1.599500 -0.559598 -1.519002
      vertex 1.486398 -0.512853 -1.519002
      vertex 1.599500 -0.399998 -1.519002
    endloop
  endfacet
  facet normal 0.000000 0.000000 0.000000
    outer loop
      vertex 1.486398 -0.512853 -1.519002
      vertex 1.439550 -0.399998 -1.519002
      vertex 1.599500 -0.399998 -1.519002
    endloop
  endfacet
  facet normal 0.000000 0.000000 0.000000
    outer loop
      vertex 1.439550 -0.399998 -1.519002
      vertex 1.486398 -0.287144 -1.519002
      vertex 1.599500 -0.399998 -1.519002
    endloop
  endfacet
  facet normal 0.000000 0.000000 0.000000
    outer loop
      vertex 1.486398 -0.287144 -1.519002
      vertex 1.599500 -0.240398 -1.519002
      vertex 1.599500 -0.399998 -1.519002
    endloop
  endfacet
  facet normal 0.000000 0.000000 0.000000
    outer loop
      vertex 1.599500 -0.240398 -1.519002
      vertex 1.712602 -0.287144 -1.519002
      vertex 1.599500 -0.399998 -1.519002
    endloop
  endfacet
  facet normal 0.000000 0.000000 0.000000
    outer loop
      vertex 1.712602 -0.287144 -1.519002
      vertex 1.759450 -0.399998 -1.519002
      vertex 1.599500 -0.399998 -1.519002
    endloop
  endfacet
  facet normal 0.000000 0.000000 0.000000
    outer loop
      vertex 0.959700 -0.399998 -1.519002
      vertex 0.912852 -0.512853 -1.519002
      vertex 0.799750 -0.399998 -1.519002
    endloop
  endfacet
  facet normal 0.000000 0.000000 0.000000
    outer loop
      vertex 0.912852 -0.512853 -1.519002
      vertex 0.799750 -0.559598 -1.519002
      vertex 0.799750 -0.399998 -1.519002
    endloop
  endfacet
  facet normal 0.000000 0.000000 0.000000
    outer loop
      vertex 0.799750 -0.559598 -1.519002
      vertex 0.686648 -0.512853 -1.519002
      vertex 0.799750 -0.399998 -1.519002
    endloop
  endfacet
  facet normal 0.000000 0.000000 0.000000
    outer loop
      vertex 0.686648 -0.512853 -1.519002
      vertex 0.639800 -0.399998 -1.519002
      vertex 0.799750 -0.399998 -1.519002
    endloop
  endfacet
  facet normal 0.000000 0.000000 0.000000
    outer loop
      vertex 0.639800 -0.399998 -1.519002
      vertex 0.686648 -0.287144 -1.519002
      vertex 0.799750 -0.399998 -1.519002
    endloop
  endfacet
  facet normal 0.000000 0.000000 0.000000
    outer loop
      vertex 0.686648 -0.287144 -1.519002
      vertex 0.799750 -0.240398 -1.519002
      vertex 0.799750 -0.399998 -1.519002
    endloop
  endfacet
  facet normal 0.000000 0.000000 0.000000
    outer loop
      vertex 0.799750 -0.240398 -1.519002
      vertex 0.912852 -0.287144 -1.519002
      vertex 0.799750 -0.399998 -1.519002
    endloop
  endfacet
  facet normal 0.000000 0.000000 0.000000
    outer loop
      vertex 0.912852 -0.287144 -1.519002
      vertex 0.959700 -0.399998 -1.519002
      vertex 0.799750 -0.399998 -1.519002
    endloop
  endfacet
  facet normal 0.000000 0.000000 0.000000
    outer loop
      vertex 0.159950 -0.399998 -1.519002
      vertex 0.113102 -0.512853 -1.519002
      vertex 0.000000 -0.399998 -1.519002
    endloop
  endfacet
  facet normal 0.000000 0.000000 0.000000
    outer loop
      vertex 0.113102 -0.512853 -1.519002
      vertex 0.000000 -0.559598 -1.519002
      vertex 0.000000 -0.399998 -1.519002
    endloop
  endfacet
  facet normal 0.000000 0.000000 0.000000
    outer loop
      vertex 0.000000 -0.559598 -1.519002
      vertex -0.113102 -0.512853 -1.519002
      vertex 0.000000 -0.399998 -1.519002
    endloop
  endfacet
  facet normal 0.000000 0.000000 0.000000
    outer loop
      vertex -0.113102 -0.512853 -1.519002
      vertex -0.159950 -0.399998 -1.519002
      vertex 0.000000 -0.399998 -1.519002
    endloop
  endfacet
  facet normal 0.000000 0.000000 0.000000
    outer loop
      vertex -0.159950 -0.399998 -1.519002
      vertex -0.113102 -0.287144 -1.519002
      vertex 0.000000 -0.399998 -1.519002
    endloop
  endfacet
  facet normal 0.000000 0.000000 0.000000
    outer loop
      vertex -0.113102 -0.287144 -1.519002
      vertex -0.000000 -0.240398 -1.519002
      vertex 0.000000 -0.399998 -1.519002
    endloop
  endfacet
  facet normal 0.000000 0.000000 0.000000
    outer loop
      vertex -0.000000 -0.240398 -1.519002
      vertex 0.113102 -0.287144 -1.519002
      vertex 0.000000 -0.399998 -1.519002
    endloop
  endfacet
  facet normal 0.000000 0.000000 0.000000
    outer loop
      vertex 0.113102 -0.287144 -1.519002
      vertex 0.159950 -0.399998 -1.519002
      vertex 0.000000 -0.399998 -1.519002
    endloop
  endfacet
  facet normal 0.000000 0.000000 0.000000
    outer loop
      vertex -0.639800 -0.399998 -1.519002
      vertex -0.686648 -0.512853 -1.519002
      vertex -0.799750 -0.399998 -1.519002
    endloop
  endfacet
  facet normal 0.000000 0.000000 0.000000
    outer loop
      vertex -0.686648 -0.512853 -1.519002
      vertex -0.799750 -0.559598 -1.519002
      vertex -0.799750 -0.399998 -1.519002
    endloop
  endfacet
  facet normal 0.000000 0.000000 0.000000
    outer loop
      vertex -0.799750 -0.559598 -1.519002
      vertex -0.912852 -0.512853 -1.519002
      vertex -0.799750 -0.399998 -1.519002
    endloop
  endfacet
  facet normal 0.000000 0.000000 0.000000
    outer loop
      vertex -0.912852 -0.512853 -1.519002
      vertex -0.959700 -0.399998 -1.519002
      vertex -0.799750 -0.399998 -1.519002
    endloop
  endfacet
  facet normal 0.000000 0.000000 0.000000
    outer loop
      vertex -0.959700 -0.399998 -1.519002
      vertex -0.912852 -0.287144 -1.519002
      vertex -0.799750 -0.399998 -1.519002
    endloop
  endfacet
  facet normal 0.000000 0.000000 0.000000
    outer loop
      vertex -0.912852 -0.287144 -1.519002
      vertex -0.799750 -0.240398 -1.519002
      vertex -0.799750 -0.399998 -1.519002
    endloop
  endfacet
  facet normal 0.000000 0.000000 0.000000
    outer loop
      vertex -0.799750 -0.240398 -1.519002
      vertex -0.686648 -0.287144 -1.519002
      vertex -0.799750 -0.399998 -1.519002
    endloop
  endfacet
  facet normal 0.000000 0.000000 0.000000
    outer loop
      vertex -0.686648 -0.287144 -1.519002
      vertex -0.639800 -0.399998 -1.519002
      vertex -0.799750 -0.399998 -1.519002
    endloop
  endfacet
  facet normal 0.000000 0.000000 0.000000
    outer loop
      vertex -1.439550 -0.399998 -1.519002
      vertex -1.486398 -0.512853 -1.519002
      vertex -1.599500 -0.399998 -1.519002
    endloop
  endfacet
  facet normal 0.000000 0.000000 0.000000
    outer loop
      vertex -1.486398 -0.512853 -1.519002
      vertex -1.599500 -0.559598 -1.519002
      vertex -1.599500 -0.399998 -1.519002
    endloop
  endfacet
  facet normal 0.000000 0.000000 0.000000
    outer loop
      vertex -1.599500 -0.559598 -1.519002
      vertex -1.712602 -0.512853 -1.519002
      vertex -1.599500 -0.399998 -1.519002
    endloop
  endfacet
  facet normal 0.000000 0.000000 0.000000
    outer loop
      vertex -1.712602 -0.512853 -1.519002
      vertex -1.759450 -0.399998 -1.519002
      vertex -1.599500 -0.399998 -1.519002
    endloop
  endfacet
  facet normal 0.000000 0.000000 0.000000
    outer loop
      vertex -1.759450 -0.399998 -1.519002
      vertex -1.712602 -0.287144 -1.519002
      vertex -1.599500 -0.399998 -1.519002
    endloop
  endfacet
  facet normal 0.000000 0.000000 0.000000
    outer loop
      vertex -1.712602 -0.287144 -1.519002
      vertex -1.599500 -0.240398 -1.519002
      vertex -1.599500 -0.399998 -1.519002
    endloop
  endfacet
  facet normal 0.000000 0.000000 0.000000
    outer loop
      vertex -1.599500 -0.240398 -1.519002
      vertex -1.486398 -0.287144 -1.519002
      vertex -1.599500 -0.399998 -1.519002
    endloop
  endfacet
  facet normal 0.000000 0.000000 0.000000
    outer loop
      vertex -1.486398 -0.287144 -1.519002
      vertex -1.439550 -0.399998 -1.519002
      vertex -1.599500 -0.399998 -1.519002
    endloop
  endfacet
  facet normal 0.000000 0.000000 0.000000
    outer loop
      vertex -2.239300 -0.399998 -1.519002
      vertex -2.286148 -0.512853 -1.519002
      vertex -2.399250 -0.399998 -1.519002
    endloop
  endfacet
  facet normal 0.000000 0.000000 0.000000
    outer loop
      vertex -2.286148 -0.512853 -1.519002
      vertex -2.399250 -0.559598 -1.519002
      vertex -2.399250 -0.399998 -1.519002
    endloop
  endfacet
  facet normal 0.000000 0.000000 0.000000
    outer loop
      vertex -2.399250 -0.559598 -1.519002
      vertex -2.512352 -0.512853 -1.519002
      vertex -2.399250 -0.399998 -1.519002
    endloop
  endfacet
  facet normal 0.000000 0.000000 0.000000
    outer loop
      vertex -2.512352 -0.512853 -1.519002
      vertex -2.559200 -0.399998 -1.519002
      vertex -2.399250 -0.399998 -1.519002
    endloop
  endfacet
  facet normal 0.000000 0.000000 0.000000
    outer loop
      vertex -2.559200 -0.399998 -1.519002
      vertex -2.512352 -0.287144 -1.519002
      vertex -2.399250 -0.399998 -1.519002
    endloop
  endfacet
  facet normal 0.000000 0.000000 0.000000
    outer loop
      vertex -2.512352 -0.287144 -1.519002
      vertex -2.399250 -0.240398 -1.519002
      vertex -2.399250 -0.399998 -1.519002
    endloop
  endfacet
  facet normal 0.000000 0.000000 0.000000
    outer loop
      vertex -2.399250 -0.240398 -1.519002
      vertex -2.286148 -0.287144 -1.519002
      vertex -2.399250 -0.399998 -1.519002
    endloop
  endfacet
  facet normal 0.000000 0.000000 0.000000
    outer loop
      vertex -2.286148 -0.287144 -1.519002
      vertex -2.239300 -0.399998 -1.519002
      vertex -2.399250 -0.399998 -1.519002
    endloop
  endfacet
  facet normal 0.000000 0.000000 0.000000
    outer loop
      vertex 3.199000 -0.000998 -1.519002
      vertex 3.039050 -0.160598 -1.519002
      vertex -3.039050 -0.160598 -1.519002
    endloop
  endfacet
  facet normal 0.000000 0.000000 0.000000
    outer loop
      vertex 3.199000 -0.000998 -1.519002
      vertex -3.039050 -0.160598 -1.519002
      vertex -3.199000 -0.000998 -1.519002
    endloop
  endfacet
  facet normal 0.000000 0.000000 0.000000
    outer loop
      vertex -3.199000 -0.000998 -1.519002
      vertex -3.039050 -0.160598 -1.519002
      vertex -3.039050 -0.639398 -1.519002
    endloop
  endfacet
  facet normal 0.000000 0.000000 0.000000
    outer loop
      vertex -3.199000 -0.000998 -1.519002
      vertex -3.039050 -0.639398 -1.519002
      vertex -3.199000 -0.798998 -1.519002
    endloop
  endfacet
  facet normal 0.000000 0.000000 0.000000
    outer loop
      vertex -3.199000 -0.798998 -1.519002
      vertex -3.039050 -0.639398 -1.519002
      vertex 3.039050 -0.639398 -1.519002
    endloop
  endfacet
  facet normal 0.000000 0.000000 0.000000
    outer loop
      vertex -3.199000 -0.798998 -1.519002
      vertex 3.039050 -0.639398 -1.519002
      vertex 3.199000 -0.798998 -1.519002
    endloop
  endfacet
  facet normal 0.000000 0.000000 0.000000
    outer loop
      vertex 3.199000 -0.798998 -1.519002
      vertex 3.039050 -0.639398 -1.519002
      vertex 3.039050 -0.160598 -1.519002
    endloop
  endfacet
  facet normal 0.000000 0.000000 0.000000
    outer loop
      vertex 3.199000 -0.798998 -1.519002
      vertex 3.039050 -0.160598 -1.519002
      vertex 3.199000 -0.000998 -1.519002
    endloop
  endfacet
  facet normal 0.000000 0.000000 0.000000
    outer loop
      vertex 2.559200 -0.399998 -1.519002
      vertex 2.559200 -0.399998 -1.359668
      vertex 2.512352 -0.512853 -1.359668
    endloop
  endfacet
  facet normal 0.000000 0.000000 0.000000
    outer loop
      vertex 2.559200 -0.399998 -1.519002
      vertex 2.512352 -0.512853 -1.359668
      vertex 2.512352 -0.512853 -1.519002
    endloop
  endfacet
  facet normal 0.000000 0.000000 0.000000
    outer loop
      vertex 2.512352 -0.512853 -1.519002
      vertex 2.512352 -0.512853 -1.359668
      vertex 2.399250 -0.559598 -1.359668
    endloop
  endfacet
  facet normal 0.000000 0.000000 0.000000
    outer loop
      vertex 2.512352 -0.512853 -1.519002
      vertex 2.399250 -0.559598 -1.359668
      vertex 2.399250 -0.559598 -1.519002
    endloop
  endfacet
  facet normal 0.000000 0.000000 0.000000
    outer loop
      vertex 2.399250 -0.559598 -1.519002
      vertex 2.399250 -0.559598 -1.359668
      vertex 2.286148 -0.512853 -1.359668
    endloop
  endfacet
  facet normal 0.000000 0.000000 0.000000
    outer loop
      vertex 2.399250 -0.559598 -1.519002
      vertex 2.286148 -0.512853 -1.359668
      vertex 2.286148 -0.512853 -1.519002
    endloop
  endfacet
  facet normal 0.000000 0.000000 0.000000
    outer loop
      vertex 2.286148 -0.512853 -1.519002
      vertex 2.286148 -0.512853 -1.359668
      vertex 2.239300 -0.399998 -1.359668
    endloop
  endfacet
  facet normal 0.000000 0.000000 0.000000
    outer loop
      vertex 2.286148 -0.512853 -1.519002
      vertex 2.239300 -0.399998 -1.359668
      vertex 2.239300 -0.399998 -1.519002
    endloop
  endfacet
  facet normal 0.000000 0.000000 0.000000
    outer loop
      vertex 2.239300 -0.399998 -1.519002
      vertex 2.239300 -0.399998 -1.359668
      vertex 2.286148 -0.287144 -1.359668
    endloop
  endfacet
  facet normal 0.000000 0.000000 0.000000
    outer loop
      vertex 2.239300 -0.399998 -1.519002
      vertex 2.286148 -0.287144 -1.359668
      vertex 2.286148 -0.287144 -1.519002
    endloop
  endfacet
  facet normal 0.000000 0.000000 0.000000
    outer loop
      vertex 2.286148 -0.287144 -1.519002
      vertex 2.286148 -0.287144 -1.359668
      vertex 2.399250 -0.240398 -1.359668
    endloop
  endfacet
  facet normal 0.000000 0.000000 0.000000
    outer loop
      vertex 2.286148 -0.287144 -1.519002
      vertex 2.399250 -0.240398 -1.359668
      vertex 2.399250 -0.240398 -1.519002
    endloop
  endfacet
  facet normal 0.000000 0.000000 0.000000
    outer loop
      vertex 2.399250 -0.240398 -1.519002
      vertex 2.399250 -0.240398 -1.359668
      vertex 2.512352 -0.287144 -1.359668
    endloop
  endfacet
  facet normal 0.000000 0.000000 0.000000
    outer loop
      vertex 2.399250 -0.240398 -1.519002
      vertex 2.512352 -0.287144 -1.359668
      vertex 2.512352 -0.287144 -1.519002
    endloop
  endfacet
  facet normal 0.000000 0.000000 0.000000
    outer loop
      vertex 2.512352 -0.287144 -1.519002
      vertex 2.512352 -0.287144 -1.359668
      vertex 2.559200 -0.399998 -1.359668
    endloop
  endfacet
  facet normal 0.000000 0.000000 0.000000
    outer loop
      vertex 2.512352 -0.287144 -1.519002
      vertex 2.559200 -0.399998 -1.359668
      vertex 2.559200 -0.399998 -1.519002
    endloop
  endfacet
  facet normal 0.000000 0.000000 0.000000
    outer loop
      vertex 1.759450 -0.399998 -1.519002
      vertex 1.759450 -0.399998 -1.359668
      vertex 1.712602 -0.512853 -1.359668
    endloop
  endfacet
  facet normal 0.000000 0.000000 0.000000
    outer loop
      vertex 1.759450 -0.399998 -1.519002
      vertex 1.712602 -0.512853 -1.359668
      vertex 1.712602 -0.512853 -1.519002
    endloop
  endfacet
  facet normal 0.000000 0.000000 0.000000
    outer loop
      vertex 1.712602 -0.512853 -1.519002
      vertex 1.712602 -0.512853 -1.359668
      vertex 1.599500 -0.559598 -1.359668
    endloop
  endfacet
  facet normal 0.000000 0.000000 0.000000
    outer loop
      vertex 1.712602 -0.512853 -1.519002
      vertex 1.599500 -0.559598 -1.359668
      vertex 1.599500 -0.559598 -1.519002
    endloop
  endfacet
  facet normal 0.000000 0.000000 0.000000
    outer loop
      vertex 1.599500 -0.559598 -1.519002
      vertex 1.599500 -0.559598 -1.359668
      vertex 1.486398 -0.512853 -1.359668
    endloop
  endfacet
  facet normal 0.000000 0.000000 0.000000
    outer loop
      vertex 1.599500 -0.559598 -1.519002
      vertex 1.486398 -0.512853 -1.359668
      vertex 1.486398 -0.512853 -1.519002
    endloop
  endfacet
  facet normal 0.000000 0.000000 0.000000
    outer loop
      vertex 1.486398 -0.512853 -1.519002
      vertex 1.486398 -0.512853 -1.359668
      vertex 1.439550 -0.399998 -1.359668
    endloop
  endfacet
  facet normal 0.000000 0.000000 0.000000
    outer loop
      vertex 1.486398 -0.512853 -1.519002
      vertex 1.439550 -0.399998 -1.359668
      vertex 1.439550 -0.399998 -1.519002
    endloop
  endfacet
  facet normal 0.000000 0.000000 0.000000
    outer loop
      vertex 1.439550 -0.399998 -1.519002
      vertex 1.439550 -0.399998 -1.359668
      vertex 1.486398 -0.287144 -1.359668
    endloop
  endfacet
  facet normal 0.000000 0.000000 0.000000
    outer loop
      vertex 1.439550 -0.399998 -1.519002
      vertex 1.486398 -0.287144 -1.359668
      vertex 1.486398 -0.287144 -1.519002
    endloop
  endfacet
  facet normal 0.000000 0.000000 0.000000
    outer loop
      vertex 1.486398 -0.287144 -1.519002
      vertex 1.486398 -0.287144 -1.359668
      vertex 1.599500 -0.240398 -1.359668
    endloop
  endfacet
  facet normal 0.000000 0.000000 0.000000
    outer loop
      vertex 1.486398 -0.287144 -1.519002
      vertex 1.599500 -0.240398 -1.359668
      vertex 1.599500 -0.240398 -1.519002
    endloop
  endfacet
  facet normal 0.000000 0.000000 0.000000
    outer loop
      vertex 1.599500 -0.240398 -1.519002
      vertex 1.599500 -0.240398 -1.359668
      vertex 1.712602 -0.287144 -1.359668
    endloop
  endfacet
  facet normal 0.000000 0.000000 0.000000
    outer loop
      vertex 1.599500 -0.240398 -1.519002
      vertex 1.712602 -0.287144 -1.359668
      vertex 1.712602 -0.287144 -1.519002
    endloop
  endfacet
  facet normal 0.000000 0.000000 0.000000
    outer loop
      vertex 1.712602 -0.287144 -1.519002
      vertex 1.712602 -0.287144 -1.359668
      vertex 1.759450 -0.399998 -1.359668
    endloop
  endfacet
  facet normal 0.000000 0.000000 0.000000
    outer loop
      vertex 1.712602 -0.287144 -1.519002
      vertex 1.759450 -0.399998 -1.359668
      vertex 1.759450 -0.399998 -1.519002
    endloop
  endfacet
  facet normal 0.000000 0.000000 0.000000
    outer loop
      vertex 0.959700 -0.399998 -1.519002
      vertex 0.959700 -0.399998 -1.359668
      vertex 0.912852 -0.512853 -1.359668
    endloop
  endfacet
  facet normal 0.000000 0.000000 0.000000
    outer loop
      vertex 0.959700 -0.399998 -1.519002
      vertex 0.912852 -0.512853 -1.359668
      vertex 0.912852 -0.512853 -1.519002
    endloop
  endfacet
  facet normal 0.000000 0.000000 0.000000
    outer loop
      vertex 0.912852 -0.512853 -1.519002
      vertex 0.912852 -0.512853 -1.359668
      vertex 0.799750 -0.559598 -1.359668
    endloop
  endfacet
  facet normal 0.000000 0.000000 0.000000
    outer loop
      vertex 0.912852 -0.512853 -1.519002
      vertex 0.799750 -0.559598 -1.359668
      vertex 0.799750 -0.559598 -1.519002
    endloop
  endfacet
  facet normal 0.000000 0.000000 0.000000
    outer loop
      vertex 0.799750 -0.559598 -1.519002
      vertex 0.799750 -0.559598 -1.359668
      vertex 0.686648 -0.512853 -1.359668
    endloop
  endfacet
  facet normal 0.000000 0.000000 0.000000
    outer loop
      vertex 0.799750 -0.559598 -1.519002
      vertex 0.686648 -0.512853 -1.359668
      vertex 0.686648 -0.512853 -1.519002
    endloop
  endfacet
  facet normal 0.000000 0.000000 0.000000
    outer loop
      vertex 0.686648 -0.512853 -1.519002
      vertex 0.686648 -0.512853 -1.359668
      vertex 0.639800 -0.399998 -1.359668
    endloop
  endfacet
  facet normal 0.000000 0.000000 0.000000
    outer loop
      vertex 0.686648 -0.512853 -1.519002
      vertex 0.639800 -0.399998 -1.359668
      vertex 0.639800 -0.399998 -1.519002
    endloop
  endfacet
  facet normal 0.000000 0.000000 0.000000
    outer loop
      vertex 0.639800 -0.399998 -1.519002
      vertex 0.639800 -0.399998 -1.359668
      vertex 0.686648 -0.287144 -1.359668
    endloop
  endfacet
  facet normal 0.000000 0.000000 0.000000
    outer loop
      vertex 0.639800 -0.399998 -1.519002
      vertex 0.686648 -0.287144 -1.359668
      vertex 0.686648 -0.287144 -1.519002
    endloop
  endfacet
  facet normal 0.000000 0.000000 0.000000
    outer loop
      vertex 0.686648 -0.287144 -1.519002
      vertex 0.686648 -0.287144 -1.359668
      vertex 0.799750 -0.240398 -1.359668
    endloop
  endfacet
  facet normal 0.000000 0.000000 0.000000
    outer loop
      vertex 0.686648 -0.287144 -1.519002
      vertex 0.799750 -0.240398 -1.359668
      vertex 0.799750 -0.240398 -1.519002
    endloop
  endfacet
  facet normal 0.000000 0.000000 0.000000
    outer loop
      vertex 0.799750 -0.240398 -1.519002
      vertex 0.799750 -0.240398 -1.359668
      vertex 0.912852 -0.287144 -1.359668
    endloop
  endfacet
  facet normal 0.000000 0.000000 0.000000
    outer loop
      vertex 0.799750 -0.240398 -1.519002
      vertex 0.912852 -0.287144 -1.359668
      vertex 0.912852 -0.287144 -1.519002
    endloop
  endfacet
  facet normal 0.000000 0.000000 0.000000
    outer loop
      vertex 0.912852 -0.287144 -1.519002
      vertex 0.912852 -0.287144 -1.359668
      vertex 0.959700 -0.399998 -1.359668
    endloop
  endfacet
  facet normal 0.000000 0.000000 0.000000
    outer loop
      vertex 0.912852 -0.287144 -1.519002
      vertex 0.959700 -0.399998 -1.359668
      vertex 0.959700 -0.399998 -1.519002
    endloop
  endfacet
  facet normal 0.000000 0.000000 0.000000
    outer loop
      vertex 0.159950 -0.399998 -1.519002
      vertex 0.159950 -0.399998 -1.359668
      vertex 0.113102 -0.512853 -1.359668
    endloop
  endfacet
  facet normal 0.000000 0.000000 0.000000
    outer loop
      vertex 0.159950 -0.399998 -1.519002
      vertex 0.113102 -0.512853 -1.359668
      vertex 0.113102 -0.512853 -1.519002
    endloop
  endfacet
  facet normal 0.000000 0.000000 0.000000
    outer loop
      vertex 0.113102 -0.512853 -1.519002
      vertex 0.113102 -0.512853 -1.359668
      vertex 0.000000 -0.559598 -1.359668
    endloop
  endfacet
  facet normal 0.000000 0.000000 0.000000
    outer loop
      vertex 0.113102 -0.512853 -1.519002
      vertex 0.000000 -0.559598 -1.359668
      vertex 0.000000 -0.559598 -1.519002
    endloop
  endfacet
  facet normal 0.000000 0.000000 0.000000
    outer loop
      vertex 0.000000 -0.559598 -1.519002
      vertex 0.000000 -0.559598 -1.359668
      vertex -0.113102 -0.512853 -1.359668
    endloop
  endfacet
  facet normal 0.000000 0.000000 0.000000
    outer loop
      vertex 0.000000 -0.559598 -1.519002
      vertex -0.113102 -0.512853 -1.359668
      vertex -0.113102 -0.512853 -1.519002
    endloop
  endfacet
  facet normal 0.000000 0.000000 0.000000
    outer loop
      vertex -0.113102 -0.512853 -1.519002
      vertex -0.113102 -0.512853 -1.359668
      vertex -0.159950 -0.399998 -1.359668
    endloop
  endfacet
  facet normal 0.000000 0.000000 0.000000
    outer loop
      vertex -0.113102 -0.512853 -1.519002
      vertex -0.159950 -0.399998 -1.359668
      vertex -0.159950 -0.399998 -1.519002
    endloop
  endfacet
  facet normal 0.000000 0.000000 0.000000
    outer loop
      vertex -0.159950 -0.399998 -1.519002
      vertex -0.159950 -0.399998 -1.359668
      vertex -0.113102 -0.287144 -1.359668
    endloop
  endfacet
  facet normal 0.000000 0.000000 0.000000
    outer loop
      vertex -0.159950 -0.399998 -1.519002
      vertex -0.113102 -0.287144 -1.359668
      vertex -0.113102 -0.287144 -1.519002
    endloop
  endfacet
  facet normal 0.000000 0.000000 0.000000
    outer loop
      vertex -0.113102 -0.287144 -1.519002
      vertex -0.113102 -0.287144 -1.359668
      vertex -0.000000 -0.240398 -1.359668
    endloop
  endfacet
  facet normal 0.000000 0.000000 0.000000
    outer loop
      vertex -0.113102 -0.287144 -1.519002
      vertex -0.000000 -0.240398 -1.359668
      vertex -0.000000 -0.240398 -1.519002
    endloop
  endfacet
  facet normal 0.000000 0.000000 0.000000
    outer loop
      vertex -0.000000 -0.240398 -1.519002
      vertex -0.000000 -0.240398 -1.359668
      vertex 0.113102 -0.287144 -1.359668
    endloop
  endfacet
  facet normal 0.000000 0.000000 0.000000
    outer loop
      vertex -0.000000 -0.240398 -1.519002
      vertex 0.113102 -0.287144 -1.359668
      vertex 0.113102 -0.287144 -1.519002
    endloop
  endfacet
  facet normal 0.000000 0.000000 0.000000
    outer loop
      vertex 0.113102 -0.287144 -1.519002
      vertex 0.113102 -0.287144 -1.359668
      vertex 0.159950 -0.399998 -1.359668
    endloop
  endfacet
  facet normal 0.000000 0.000000 0.000000
    outer loop
      vertex 0.113102 -0.287144 -1.519002
      vertex 0.159950 -0.399998 -1.359668
      vertex 0.159950 -0.399998 -1.519002
    endloop
  endfacet
  facet normal 0.000000 0.000000 0.000000
    outer loop
      vertex -0.639800 -0.399998 -1.519002
      vertex -0.639800 -0.399998 -1.359668
      vertex -0.686648 -0.512853 -1.359668
    endloop
  endfacet
  facet normal 0.000000 0.000000 0.000000
    outer loop
      vertex -0.639800 -0.399998 -1.519002
      vertex -0.686648 -0.512853 -1.359668
      vertex -0.686648 -0.512853 -1.519002
    endloop
  endfacet
  facet normal 0.000000 0.000000 0.000000
    outer loop
      vertex -0.686648 -0.512853 -1.519002
      vertex -0.686648 -0.512853 -1.359668
      vertex -0.799750 -0.559598 -1.359668
    endloop
  endfacet
  facet normal 0.000000 0.000000 0.000000
    outer loop
      vertex -0.686648 -0.512853 -1.519002
      vertex -0.799750 -0.559598 -1.359668
      vertex -0.799750 -0.559598 -1.519002
    endloop
  endfacet
  facet normal 0.000000 0.000000 0.000000
    outer loop
      vertex -0.799750 -0.559598 -1.519002
      vertex -0.799750 -0.559598 -1.359668
      vertex -0.912852 -0.512853 -1.359668
    endloop
  endfacet
  facet normal 0.000000 0.000000 0.000000
    outer loop
      vertex -0.799750 -0.559598 -1.519002
      vertex -0.912852 -0.512853 -1.359668
      vertex -0.912852 -0.512853 -1.519002
    endloop
  endfacet
  facet normal 0.000000 0.000000 0.000000
    outer loop
      vertex -0.912852 -0.512853 -1.519002
      vertex -0.912852 -0.512853 -1.359668
      vertex -0.959700 -0.399998 -1.359668
    endloop
  endfacet
  facet normal 0.000000 0.000000 0.000000
    outer loop
      vertex -0.912852 -0.512853 -1.519002
      vertex -0.959700 -0.399998 -1.359668
      vertex -0.959700 -0.399998 -1.519002
    endloop
  endfacet
  facet normal 0.000000 0.000000 0.000000
    outer loop
      vertex -0.959700 -0.399998 -1.519002
      vertex -0.959700 -0.399998 -1.359668
      vertex -0.912852 -0.287144 -1.359668
    endloop
  endfacet
  facet normal 0.000000 0.000000 0.000000
    outer loop
      vertex -0.959700 -0.399998 -1.519002
      vertex -0.912852 -0.287144 -1.359668
      vertex -0.912852 -0.287144 -1.519002
    endloop
  endfacet
  facet normal 0.000000 0.000000 0.000000
    outer loop
      vertex -0.912852 -0.287144 -1.519002
      vertex -0.912852 -0.287144 -1.359668
      vertex -0.799750 -0.240398 -1.359668
    endloop
  endfacet
  facet normal 0.000000 0.000000 0.000000
    outer loop
      vertex -0.912852 -0.287144 -1.519002
      vertex -0.799750 -0.240398 -1.359668
      vertex -0.799750 -0.240398 -1.519002
    endloop
  endfacet
  facet normal 0.000000 0.000000 0.000000
    outer loop
      vertex -0.799750 -0.240398 -1.519002
      vertex -0.799750 -0.240398 -1.359668
      vertex -0.686648 -0.287144 -1.359668
    endloop
  endfacet
  facet normal 0.000000 0.000000 0.000000
    outer loop
      vertex -0.799750 -0.240398 -1.519002
      vertex -0.686648 -0.287144 -1.359668
      vertex -0.686648 -0.287144 -1.519002
    endloop
  endfacet
  facet normal 0.000000 0.000000 0.000000
    outer loop
      vertex -0.686648 -0.287144 -1.519002
      vertex -0.686648 -0.287144 -1.359668
      vertex -0.639800 -0.399998 -1.359668
    endloop
  endfacet
  facet normal 0.000000 0.000000 0.000000
    outer loop
      vertex -0.686648 -0.287144 -1.519002
      vertex -0.639800 -0.399998 -1.359668
      vertex -0.639800 -0.399998 -1.519002
    endloop
  endfacet
  facet normal 0.000000 0.000000 0.000000
    outer loop
      vertex -1.439550 -0.399998 -1.519002
      vertex -1.439550 -0.399998 -1.359668
      vertex -1.486398 -0.512853 -1.359668
    endloop
  endfacet
  facet normal 0.000000 0.000000 0.000000
    outer loop
      vertex -1.439550 -0.399998 -1.519002
      vertex -1.486398 -0.512853 -1.359668
      vertex -1.486398 -0.512853 -1.519002
    endloop
  endfacet
  facet normal 0.000000 0.000000 0.000000
    outer loop
      vertex -1.486398 -0.512853 -1.519002
      vertex -1.486398 -0.512853 -1.359668
      vertex -1.599500 -0.559598 -1.359668
    endloop
  endfacet
  facet normal 0.000000 0.000000 0.000000
    outer loop
      vertex -1.486398 -0.512853 -1.519002
      vertex -1.599500 -0.559598 -1.359668
      vertex -1.599500 -0.559598 -1.519002
    endloop
  endfacet
  facet normal 0.000000 0.000000 0.000000
    outer loop
      vertex -1.599500 -0.559598 -1.519002
      vertex -1.599500 -0.559598 -1.359668
      vertex -1.712602 -0.512853 -1.359668
    endloop
  endfacet
  facet normal 0.000000 0.000000 0.000000
    outer loop
      vertex -1.599500 -0.559598 -1.519002
      vertex -1.712602 -0.512853 -1.359668
      vertex -1.712602 -0.512853 -1.519002
    endloop
  endfacet
  facet normal 0.000000 0.000000 0.000000
    outer loop
      vertex -1.712602 -0.512853 -1.519002
      vertex -1.712602 -0.512853 -1.359668
      vertex -1.759450 -0.399998 -1.359668
    endloop
  endfacet
  facet normal 0.000000 0.000000 0.000000
    outer loop
      vertex -1.712602 -0.512853 -1.519002
      vertex -1.759450 -0.399998 -1.359668
      vertex -1.759450 -0.399998 -1.519002
    endloop
  endfacet
  facet normal 0.000000 0.000000 0.000000
    outer loop
      vertex -1.759450 -0.399998 -1.519002
      vertex -1.759450 -0.399998 -1.359668
      vertex -1.712602 -0.287144 -1.359668
    endloop
  endfacet
  facet normal 0.000000 0.000000 0.000000
    outer loop
      vertex -1.759450 -0.399998 -1.519002
      vertex -1.712602 -0.287144 -1.359668
      vertex -1.712602 -0.287144 -1.519002
    endloop
  endfacet
  facet normal 0.000000 0.000000 0.000000
    outer loop
      vertex -1.712602 -0.287144 -1.519002
      vertex -1.712602 -0.287144 -1.359668
      vertex -1.599500 -0.240398 -1.359668
    endloop
  endfacet
  facet normal 0.000000 0.000000 0.000000
    outer loop
      vertex -1.712602 -0.287144 -1.519002
      vertex -1.599500 -0.240398 -1.359668
      vertex -1.599500 -0.240398 -1.519002
    endloop
  endfacet
  facet normal 0.000000 0.000000 0.000000
    outer loop
      vertex -1.599500 -0.240398 -1.519002
      vertex -1.599500 -0.240398 -1.359668
      vertex -1.486398 -0.287144 -1.359668
    endloop
  endfacet
  facet normal 0.000000 0.000000 0.000000
    outer loop
      vertex -1.599500 -0.240398 -1.519002
      vertex -1.486398 -0.287144 -1.359668
      vertex -1.486398 -0.287144 -1.519002
    endloop
  endfacet
  facet normal 0.000000 0.000000 0.000000
    outer loop
      vertex -1.486398 -0.287144 -1.519002
      vertex -1.486398 -0.287144 -1.359668
      vertex -1.439550 -0.399998 -1.359668
    endloop
  endfacet
  facet normal 0.000000 0.000000 0.000000
    outer loop
      vertex -1.486398 -0.287144 -1.519002
      vertex -1.439550 -0.399998 -1.359668
      vertex -1.439550 -0.399998 -1.519002
    endloop
  endfacet
  facet normal 0.000000 0.000000 0.000000
    outer loop
      vertex -2.239300 -0.399998 -1.519002
      vertex -2.239300 -0.399998 -1.359668
      vertex -2.286148 -0.512853 -1.359668
    endloop
  endfacet
  facet normal 0.000000 0.000000 0.000000
    outer loop
      vertex -2.239300 -0.399998 -1.519002
      vertex -2.286148 -0.512853 -1.359668
      vertex -2.286148 -0.512853 -1.519002
    endloop
  endfacet
  facet normal 0.000000 0.000000 0.000000
    outer loop
      vertex -2.286148 -0.512853 -1.519002
      vertex -2.286148 -0.512853 -1.359668
      vertex -2.399250 -0.559598 -1.359668
    endloop
  endfacet
  facet normal 0.000000 0.000000 0.000000
    outer loop
      vertex -2.286148 -0.512853 -1.519002
      vertex -2.399250 -0.559598 -1.359668
      vertex -2.399250 -0.559598 -1.519002
    endloop
  endfacet
  facet normal 0.000000 0.000000 0.000000
    outer loop
      vertex -2.399250 -0.559598 -1.519002
      vertex -2.399250 -0.559598 -1.359668
      vertex -2.512352 -0.512853 -1.359668
    endloop
  endfacet
  facet normal 0.000000 0.000000 0.000000
    outer loop
      vertex -2.399250 -0.559598 -1.519002
      vertex -2.512352 -0.512853 -1.359668
      vertex -2.512352 -0.512853 -1.519002
    endloop
  endfacet
  facet normal 0.000000 0.000000 0.000000
    outer loop
      vertex -2.512352 -0.512853 -1.519002
      vertex -2.512352 -0.512853 -1.359668
      vertex -2.559200 -0.399998 -1.359668
    endloop
  endfacet
  facet normal 0.000000 0.000000 0.000000
    outer loop
      vertex -2.512352 -0.512853 -1.519002
      vertex -2.559200 -0.399998 -1.359668
      vertex -2.559200 -0.399998 -1.519002
    endloop
  endfacet
  facet normal 0.000000 0.000000 0.000000
    outer loop
      vertex -2.559200 -0.399998 -1.519002
      vertex -2.559200 -0.399998 -1.359668
      vertex -2.512352 -0.287144 -1.359668
    endloop
  endfacet
  facet normal 0.000000 0.000000 0.000000
    outer loop
      vertex -2.559200 -0.399998 -1.519002
      vertex -2.512352 -0.287144 -1.359668
      vertex -2.512352 -0.287144 -1.519002
    endloop
  endfacet
  facet normal 0.000000 0.000000 0.000000
    outer loop
      vertex -2.512352 -0.287144 -1.519002
      vertex -2.512352 -0.287144 -1.359668
      vertex -2.399250 -0.240398 -1.359668
    endloop
  endfacet
  facet normal 0.000000 0.000000 0.000000
    outer loop
      vertex -2.512352 -0.287144 -1.519002
      vertex -2.399250 -0.240398 -1.359668
      vertex -2.399250 -0.240398 -1.519002
    endloop
  endfacet
  facet normal 0.000000 0.000000 0.000000
    outer loop
      vertex -2.399250 -0.240398 -1.519002
      vertex -2.399250 -0.240398 -1.359668
      vertex -2.286148 -0.287144 -1.359668
    endloop
  endfacet
  facet normal 0.000000 0.000000 0.000000
    outer loop
      vertex -2.399250 -0.240398 -1.519002
      vertex -2.286148 -0.287144 -1.359668
      vertex -2.286148 -0.287144 -1.519002
    endloop
  endfacet
  facet normal 0.000000 0.000000 0.000000
    outer loop
      vertex -2.286148 -0.287144 -1.519002
      vertex -2.286148 -0.287144 -1.359668
      vertex -2.239300 -0.399998 -1.359668
    endloop
  endfacet
  facet normal 0.000000 0.000000 0.000000
    outer loop
      vertex -2.286148 -0.287144 -1.519002
      vertex -2.239300 -0.399998 -1.359668
      vertex -2.239300 -0.399998 -1.519002
    endloop
  endfacet
  facet normal 0.000000 0.000000 0.000000
    outer loop
      vertex -3.039050 -0.160598 -1.359668
      vertex 3.039050 -0.160598 -1.359668
      vertex 3.039050 -0.639398 -1.359668
    endloop
  endfacet
  facet normal 0.000000 0.000000 0.000000
    outer loop
      vertex -3.039050 -0.160598 -1.359668
      vertex 3.039050 -0.639398 -1.359668
      vertex -3.039050 -0.639398 -1.359668
    endloop
  endfacet
  facet normal 0.000000 0.000000 0.000000
    outer loop
      vertex -3.039050 -0.160598 -1.359668
      vertex -3.039050 -0.160598 -1.519002
      vertex 3.039050 -0.160598 -1.519002
    endloop
  endfacet
  facet normal 0.000000 0.000000 0.000000
    outer loop
      vertex -3.039050 -0.160598 -1.359668
      vertex 3.039050 -0.160598 -1.519002
      vertex 3.039050 -0.160598 -1.359668
    endloop
  endfacet
  facet normal 0.000000 0.000000 0.000000
    outer loop
      vertex -3.039050 -0.639398 -1.359668
      vertex -3.039050 -0.639398 -1.519002
      vertex -3.039050 -0.160598 -1.519002
    endloop
  endfacet
  facet normal 0.000000 0.000000 0.000000
    outer loop
      vertex -3.039050 -0.639398 -1.359668
      vertex -3.039050 -0.160598 -1.519002
      vertex -3.039050 -0.160598 -1.359668
    endloop
  endfacet
  facet normal 0.000000 0.000000 0.000000
    outer loop
      vertex 3.039050 -0.639398 -1.359668
      vertex 3.039050 -0.639398 -1.519002
      vertex -3.039050 -0.639398 -1.519002
    endloop
  endfacet
  facet normal 0.000000 0.000000 0.000000
    outer loop
      vertex 3.039050 -0.639398 -1.359668
      vertex -3.039050 -0.639398 -1.519002
      vertex -3.039050 -0.639398 -1.359668
    endloop
  endfacet
  facet normal 0.000000 0.000000 0.000000
    outer loop
      vertex 3.039050 -0.160598 -1.359668
      vertex 3.039050 -0.160598 -1.519002
      vertex 3.039050 -0.639398 -1.519002
    endloop
  endfacet
  facet normal 0.000000 0.000000 0.000000
    outer loop
      vertex 3.039050 -0.160598 -1.359668
      vertex 3.039050 -0.639398 -1.519002
      vertex 3.039050 -0.639398 -1.359668
    endloop
  endfacet
  facet normal 0.000000 0.000000 0.000000
    outer loop
      vertex 3.199000 -0.798998 -1.200335
      vertex 3.199000 -0.798998 -1.519002
      vertex 3.199000 -0.000998 -1.519002
    endloop
  endfacet
  facet normal 0.000000 0.000000 0.000000
    outer loop
      vertex 3.199000 -0.798998 -1.200335
      vertex 3.199000 -0.000998 -1.519002
      vertex 3.199000 -0.000998 -1.200335
    endloop
  endfacet
  facet normal 0.000000 0.000000 0.000000
    outer loop
      vertex -3.199000 -0.798998 -1.200335
      vertex -3.199000 -0.798998 -1.519002
      vertex 3.199000 -0.798998 -1.519002
    endloop
  endfacet
  facet normal 0.000000 0.000000 0.000000
    outer loop
      vertex -3.199000 -0.798998 -1.200335
      vertex 3.199000 -0.798998 -1.519002
      vertex 3.199000 -0.798998 -1.200335
    endloop
  endfacet
  facet normal 0.000000 0.000000 0.000000
    outer loop
      vertex -3.199000 -0.000998 -1.200335
      vertex -3.199000 -0.000998 -1.519002
      vertex -3.199000 -0.798998 -1.519002
    endloop
  endfacet
  facet normal 0.000000 0.000000 0.000000
    outer loop
      vertex -3.199000 -0.000998 -1.200335
      vertex -3.199000 -0.798998 -1.519002
      vertex -3.199000 -0.798998 -1.200335
    endloop
  endfacet
  facet normal 0.000000 0.000000 0.000000
    outer loop
      vertex 3.199000 -0.000998 -1.200335
      vertex 3.199000 -0.000998 -1.519002
      vertex -3.199000 -0.000998 -1.519002
    endloop
  endfacet
  facet normal 0.000000 0.000000 0.000000
    outer loop
      vertex 3.199000 -0.000998 -1.200335
      vertex -3.199000 -0.000998 -1.519002
      vertex -3.199000 -0.000998 -1.200335
    endloop
  endfacet
  facet normal 0.000000 0.000000 0.000000
    outer loop
      vertex -3.199000 -0.798998 -1.200335
      vertex 3.199000 -0.798998 -1.200335
      vertex 3.199000 -0.000998 -1.200335
    endloop
  endfacet
  facet normal 0.000000 0.000000 0.000000
    outer loop
      vertex -3.199000 -0.798998 -1.200335
      vertex 3.199000 -0.000998 -1.200335
      vertex -3.199000 -0.000998 -1.200335
    endloop
  endfacet
  facet normal 0.000000 0.000000 0.000000
    outer loop
      vertex 3.039050 -0.399998 -1.041002
      vertex 3.039050 -0.399998 -1.200335
      vertex 2.968777 -0.230717 -1.200335
    endloop
  endfacet
  facet normal 0.000000 0.000000 0.000000
    outer loop
      vertex 3.039050 -0.399998 -1.041002
      vertex 2.968777 -0.230717 -1.200335
      vertex 2.968777 -0.230717 -1.041002
    endloop
  endfacet
  facet normal 0.000000 0.000000 0.000000
    outer loop
      vertex 2.968777 -0.230717 -1.041002
      vertex 2.968777 -0.230717 -1.200335
      vertex 2.799125 -0.160598 -1.200335
    endloop
  endfacet
  facet normal 0.000000 0.000000 0.000000
    outer loop
      vertex 2.968777 -0.230717 -1.041002
      vertex 2.799125 -0.160598 -1.200335
      vertex 2.799125 -0.160598 -1.041002
    endloop
  endfacet
  facet normal 0.000000 0.000000 0.000000
    outer loop
      vertex 2.799125 -0.160598 -1.041002
      vertex 2.799125 -0.160598 -1.200335
      vertex 2.629472 -0.230717 -1.200335
    endloop
  endfacet
  facet normal 0.000000 0.000000 0.000000
    outer loop
      vertex 2.799125 -0.160598 -1.041002
      vertex 2.629472 -0.230717 -1.200335
      vertex 2.629472 -0.230717 -1.041002
    endloop
  endfacet
  facet normal 0.000000 0.000000 0.000000
    outer loop
      vertex 2.629472 -0.230717 -1.041002
      vertex 2.629472 -0.230717 -1.200335
      vertex 2.559200 -0.399998 -1.200335
    endloop
  endfacet
  facet normal 0.000000 0.000000 0.000000
    outer loop
      vertex 2.629472 -0.230717 -1.041002
      vertex 2.559200 -0.399998 -1.200335
      vertex 2.559200 -0.399998 -1.041002
    endloop
  endfacet
  facet normal 0.000000 0.000000 0.000000
    outer loop
      vertex 2.559200 -0.399998 -1.041002
      vertex 2.559200 -0.399998 -1.200335
      vertex 2.629472 -0.569280 -1.200335
    endloop
  endfacet
  facet normal 0.000000 0.000000 0.000000
    outer loop
      vertex 2.559200 -0.399998 -1.041002
      vertex 2.629472 -0.569280 -1.200335
      vertex 2.629472 -0.569280 -1.041002
    endloop
  endfacet
  facet normal 0.000000 0.000000 0.000000
    outer loop
      vertex 2.629472 -0.569280 -1.041002
      vertex 2.629472 -0.569280 -1.200335
      vertex 2.799125 -0.639398 -1.200335
    endloop
  endfacet
  facet normal 0.000000 0.000000 0.000000
    outer loop
      vertex 2.629472 -0.569280 -1.041002
      vertex 2.799125 -0.639398 -1.200335
      vertex 2.799125 -0.639398 -1.041002
    endloop
  endfacet
  facet normal 0.000000 0.000000 0.000000
    outer loop
      vertex 2.799125 -0.639398 -1.041002
      vertex 2.799125 -0.639398 -1.200335
      vertex 2.968778 -0.569280 -1.200335
    endloop
  endfacet
  facet normal 0.000000 0.000000 0.000000
    outer loop
      vertex 2.799125 -0.639398 -1.041002
      vertex 2.968778 -0.569280 -1.200335
      vertex 2.968778 -0.569280 -1.041002
    endloop
  endfacet
  facet normal 0.000000 0.000000 0.000000
    outer loop
      vertex 2.968778 -0.569280 -1.041002
      vertex 2.968778 -0.569280 -1.200335
      vertex 3.039050 -0.399998 -1.200335
    endloop
  endfacet
  facet normal 0.000000 0.000000 0.000000
    outer loop
      vertex 2.968778 -0.569280 -1.041002
      vertex 3.039050 -0.399998 -1.200335
      vertex 3.039050 -0.399998 -1.041002
    endloop
  endfacet
  facet normal 0.000000 0.000000 0.000000
    outer loop
      vertex 2.239300 -0.399998 -1.041002
      vertex 2.239300 -0.399998 -1.200335
      vertex 2.169028 -0.230717 -1.200335
    endloop
  endfacet
  facet normal 0.000000 0.000000 0.000000
    outer loop
      vertex 2.239300 -0.399998 -1.041002
      vertex 2.169028 -0.230717 -1.200335
      vertex 2.169028 -0.230717 -1.041002
    endloop
  endfacet
  facet normal 0.000000 0.000000 0.000000
    outer loop
      vertex 2.169028 -0.230717 -1.041002
      vertex 2.169028 -0.230717 -1.200335
      vertex 1.999375 -0.160598 -1.200335
    endloop
  endfacet
  facet normal 0.000000 0.000000 0.000000
    outer loop
      vertex 2.169028 -0.230717 -1.041002
      vertex 1.999375 -0.160598 -1.200335
      vertex 1.999375 -0.160598 -1.041002
    endloop
  endfacet
  facet normal 0.000000 0.000000 0.000000
    outer loop
      vertex 1.999375 -0.160598 -1.041002
      vertex 1.999375 -0.160598 -1.200335
      vertex 1.829722 -0.230717 -1.200335
    endloop
  endfacet
  facet normal 0.000000 0.000000 0.000000
    outer loop
      vertex 1.999375 -0.160598 -1.041002
      vertex 1.829722 -0.230717 -1.200335
      vertex 1.829722 -0.230717 -1.041002
    endloop
  endfacet
  facet normal 0.000000 0.000000 0.000000
    outer loop
      vertex 1.829722 -0.230717 -1.041002
      vertex 1.829722 -0.230717 -1.200335
      vertex 1.759450 -0.399998 -1.200335
    endloop
  endfacet
  facet normal 0.000000 0.000000 0.000000
    outer loop
      vertex 1.829722 -0.230717 -1.041002
      vertex 1.759450 -0.399998 -1.200335
      vertex 1.759450 -0.399998 -1.041002
    endloop
  endfacet
  facet normal 0.000000 0.000000 0.000000
    outer loop
      vertex 1.759450 -0.399998 -1.041002
      vertex 1.759450 -0.399998 -1.200335
      vertex 1.829722 -0.569280 -1.200335
    endloop
  endfacet
  facet normal 0.000000 0.000000 0.000000
    outer loop
      vertex 1.759450 -0.399998 -1.041002
      vertex 1.829722 -0.569280 -1.200335
      vertex 1.829722 -0.569280 -1.041002
    endloop
  endfacet
  facet normal 0.000000 0.000000 0.000000
    outer loop
      vertex 1.829722 -0.569280 -1.041002
      vertex 1.829722 -0.569280 -1.200335
      vertex 1.999375 -0.639398 -1.200335
    endloop
  endfacet
  facet normal 0.000000 0.000000 0.000000
    outer loop
      vertex 1.829722 -0.569280 -1.041002
      vertex 1.999375 -0.639398 -1.200335
      vertex 1.999375 -0.639398 -1.041002
    endloop
  endfacet
  facet normal 0.000000 0.000000 0.000000
    outer loop
      vertex 1.999375 -0.639398 -1.041002
      vertex 1.999375 -0.639398 -1.200335
      vertex 2.169028 -0.569280 -1.200335
    endloop
  endfacet
  facet normal 0.000000 0.000000 0.000000
    outer loop
      vertex 1.999375 -0.639398 -1.041002
      vertex 2.169028 -0.569280 -1.200335
      vertex 2.169028 -0.569280 -1.041002
    endloop
  endfacet
  facet normal 0.000000 0.000000 0.000000
    outer loop
      vertex 2.169028 -0.569280 -1.041002
      vertex 2.169028 -0.569280 -1.200335
      vertex 2.239300 -0.399998 -1.200335
    endloop
  endfacet
  facet normal 0.000000 0.000000 0.000000
    outer loop
      vertex 2.169028 -0.569280 -1.041002
      vertex 2.239300 -0.399998 -1.200335
      vertex 2.239300 -0.399998 -1.041002
    endloop
  endfacet
  facet normal 0.000000 0.000000 0.000000
    outer loop
      vertex 1.439550 -0.399998 -1.041002
      vertex 1.439550 -0.399998 -1.200335
      vertex 1.369278 -0.230717 -1.200335
    endloop
  endfacet
  facet normal 0.000000 0.000000 0.000000
    outer loop
      vertex 1.439550 -0.399998 -1.041002
      vertex 1.369278 -0.230717 -1.200335
      vertex 1.369278 -0.230717 -1.041002
    endloop
  endfacet
  facet normal 0.000000 0.000000 0.000000
    outer loop
      vertex 1.369278 -0.230717 -1.041002
      vertex 1.369278 -0.230717 -1.200335
      vertex 1.199625 -0.160598 -1.200335
    endloop
  endfacet
  facet normal 0.000000 0.000000 0.000000
    outer loop
      vertex 1.369278 -0.230717 -1.041002
      vertex 1.199625 -0.160598 -1.200335
      vertex 1.199625 -0.160598 -1.041002
    endloop
  endfacet
  facet normal 0.000000 0.000000 0.000000
    outer loop
      vertex 1.199625 -0.160598 -1.041002
      vertex 1.199625 -0.160598 -1.200335
      vertex 1.029972 -0.230717 -1.200335
    endloop
  endfacet
  facet normal 0.000000 0.000000 0.000000
    outer loop
      vertex 1.199625 -0.160598 -1.041002
      vertex 1.029972 -0.230717 -1.200335
      vertex 1.029972 -0.230717 -1.041002
    endloop
  endfacet
  facet normal 0.000000 0.000000 0.000000
    outer loop
      vertex 1.029972 -0.230717 -1.041002
      vertex 1.029972 -0.230717 -1.200335
      vertex 0.959700 -0.399998 -1.200335
    endloop
  endfacet
  facet normal 0.000000 0.000000 0.000000
    outer loop
      vertex 1.029972 -0.230717 -1.041002
      vertex 0.959700 -0.399998 -1.200335
      vertex 0.959700 -0.399998 -1.041002
    endloop
  endfacet
  facet normal 0.000000 0.000000 0.000000
    outer loop
      vertex 0.959700 -0.399998 -1.041002
      vertex 0.959700 -0.399998 -1.200335
      vertex 1.029972 -0.569280 -1.200335
    endloop
  endfacet
  facet normal 0.000000 0.000000 0.000000
    outer loop
      vertex 0.959700 -0.399998 -1.041002
      vertex 1.029972 -0.569280 -1.200335
      vertex 1.029972 -0.569280 -1.041002
    endloop
  endfacet
  facet normal 0.000000 0.000000 0.000000
    outer loop
      vertex 1.029972 -0.569280 -1.041002
      vertex 1.029972 -0.569280 -1.200335
      vertex 1.199625 -0.639398 -1.200335
    endloop
  endfacet
  facet normal 0.000000 0.000000 0.000000
    outer loop
      vertex 1.029972 -0.569280 -1.041002
      vertex 1.199625 -0.639398 -1.200335
      vertex 1.199625 -0.639398 -1.041002
    endloop
  endfacet
  facet normal 0.000000 0.000000 0.000000
    outer loop
      vertex 1.199625 -0.639398 -1.041002
      vertex 1.199625 -0.639398 -1.200335
      vertex 1.369278 -0.569280 -1.200335
    endloop
  endfacet
  facet normal 0.000000 0.000000 0.000000
    outer loop
      vertex 1.199625 -0.639398 -1.041002
      vertex 1.369278 -0.569280 -1.200335
      vertex 1.369278 -0.569280 -1.041002
    endloop
  endfacet
  facet normal 0.000000 0.000000 0.000000
    outer loop
      vertex 1.369278 -0.569280 -1.041002
      vertex 1.369278 -0.569280 -1.200335
      vertex 1.439550 -0.399998 -1.200335
    endloop
  endfacet
  facet normal 0.000000 0.000000 0.000000
    outer loop
      vertex 1.369278 -0.569280 -1.041002
      vertex 1.439550 -0.399998 -1.200335
      vertex 1.439550 -0.399998 -1.041002
    endloop
  endfacet
  facet normal 0.000000 0.000000 0.000000
    outer loop
      vertex 0.639800 -0.399998 -1.041002
      vertex 0.639800 -0.399998 -1.200335
      vertex 0.569528 -0.230717 -1.200335
    endloop
  endfacet
  facet normal 0.000000 0.000000 0.000000
    outer loop
      vertex 0.639800 -0.399998 -1.041002
      vertex 0.569528 -0.230717 -1.200335
      vertex 0.569528 -0.230717 -1.041002
    endloop
  endfacet
  facet normal 0.000000 0.000000 0.000000
    outer loop
      vertex 0.569528 -0.230717 -1.041002
      vertex 0.569528 -0.230717 -1.200335
      vertex 0.399875 -0.160598 -1.200335
    endloop
  endfacet
  facet normal 0.000000 0.000000 0.000000
    outer loop
      vertex 0.569528 -0.230717 -1.041002
      vertex 0.399875 -0.160598 -1.200335
      vertex 0.399875 -0.160598 -1.041002
    endloop
  endfacet
  facet normal 0.000000 0.000000 0.000000
    outer loop
      vertex 0.399875 -0.160598 -1.041002
      vertex 0.399875 -0.160598 -1.200335
      vertex 0.230222 -0.230717 -1.200335
    endloop
  endfacet
  facet normal 0.000000 0.000000 0.000000
    outer loop
      vertex 0.399875 -0.160598 -1.041002
      vertex 0.230222 -0.230717 -1.200335
      vertex 0.230222 -0.230717 -1.041002
    endloop
  endfacet
  facet normal 0.000000 0.000000 0.000000
    outer loop
      vertex 0.230222 -0.230717 -1.041002
      vertex 0.230222 -0.230717 -1.200335
      vertex 0.159950 -0.399998 -1.200335
    endloop
  endfacet
  facet normal 0.000000 0.000000 0.000000
    outer loop
      vertex 0.230222 -0.230717 -1.041002
      vertex 0.159950 -0.399998 -1.200335
      vertex 0.159950 -0.399998 -1.041002
    endloop
  endfacet
  facet normal 0.000000 0.000000 0.000000
    outer loop
      vertex 0.159950 -0.399998 -1.041002
      vertex 0.159950 -0.399998 -1.200335
      vertex 0.230222 -0.569280 -1.200335
    endloop
  endfacet
  facet normal 0.000000 0.000000 0.000000
    outer loop
      vertex 0.159950 -0.399998 -1.041002
      vertex 0.230222 -0.569280 -1.200335
      vertex 0.230222 -0.569280 -1.041002
    endloop
  endfacet
  facet normal 0.000000 0.000000 0.000000
    outer loop
      vertex 0.230222 -0.569280 -1.041002
      vertex 0.230222 -0.569280 -1.200335
      vertex 0.399875 -0.639398 -1.200335
    endloop
  endfacet
  facet normal 0.000000 0.000000 0.000000
    outer loop
      vertex 0.230222 -0.569280 -1.041002
      vertex 0.399875 -0.639398 -1.200335
      vertex 0.399875 -0.639398 -1.041002
    endloop
  endfacet
  facet normal 0.000000 0.000000 0.000000
    outer loop
      vertex 0.399875 -0.639398 -1.041002
      vertex 0.399875 -0.639398 -1.200335
      vertex 0.569528 -0.569280 -1.200335
    endloop
  endfacet
  facet normal 0.000000 0.000000 0.000000
    outer loop
      vertex 0.399875 -0.639398 -1.041002
      vertex 0.569528 -0.569280 -1.200335
      vertex 0.569528 -0.569280 -1.041002
    endloop
  endfacet
  facet normal 0.000000 0.000000 0.000000
    outer loop
      vertex 0.569528 -0.569280 -1.041002
      vertex 0.569528 -0.569280 -1.200335
      vertex 0.639800 -0.399998 -1.200335
    endloop
  endfacet
  facet normal 0.000000 0.000000 0.000000
    outer loop
      vertex 0.569528 -0.569280 -1.041002
      vertex 0.639800 -0.399998 -1.200335
      vertex 0.639800 -0.399998 -1.041002
    endloop
  endfacet
  facet normal 0.000000 0.000000 0.000000
    outer loop
      vertex -0.159950 -0.399998 -1.041002
      vertex -0.159950 -0.399998 -1.200335
      vertex -0.230222 -0.230717 -1.200335
    endloop
  endfacet
  facet normal 0.000000 0.000000 0.000000
    outer loop
      vertex -0.159950 -0.399998 -1.041002
      vertex -0.230222 -0.230717 -1.200335
      vertex -0.230222 -0.230717 -1.041002
    endloop
  endfacet
  facet normal 0.000000 0.000000 0.000000
    outer loop
      vertex -0.230222 -0.230717 -1.041002
      vertex -0.230222 -0.230717 -1.200335
      vertex -0.399875 -0.160598 -1.200335
    endloop
  endfacet
  facet normal 0.000000 0.000000 0.000000
    outer loop
      vertex -0.230222 -0.230717 -1.041002
      vertex -0.399875 -0.160598 -1.200335
      vertex -0.399875 -0.160598 -1.041002
    endloop
  endfacet
  facet normal 0.000000 0.000000 0.000000
    outer loop
      vertex -0.399875 -0.160598 -1.041002
      vertex -0.399875 -0.160598 -1.200335
      vertex -0.569528 -0.230717 -1.200335
    endloop
  endfacet
  facet normal 0.000000 0.000000 0.000000
    outer loop
      vertex -0.399875 -0.160598 -1.041002
      vertex -0.569528 -0.230717 -1.200335
      vertex -0.569528 -0.230717 -1.041002
    endloop
  endfacet
  facet normal 0.000000 0.000000 0.000000
    outer loop
      vertex -0.569528 -0.230717 -1.041002
      vertex -0.569528 -0.230717 -1.200335
      vertex -0.639800 -0.399998 -1.200335
    endloop
  endfacet
  facet normal 0.000000 0.000000 0.000000
    outer loop
      vertex -0.569528 -0.230717 -1.041002
      vertex -0.639800 -0.399998 -1.200335
      vertex -0.639800 -0.399998 -1.041002
    endloop
  endfacet
  facet normal 0.000000 0.000000 0.000000
    outer loop
      vertex -0.639800 -0.399998 -1.041002
      vertex -0.639800 -0.399998 -1.200335
      vertex -0.569528 -0.569280 -1.200335
    endloop
  endfacet
  facet normal 0.000000 0.000000 0.000000
    outer loop
      vertex -0.639800 -0.399998 -1.041002
      vertex -0.569528 -0.569280 -1.200335
      vertex -0.569528 -0.569280 -1.041002
    endloop
  endfacet
  facet normal 0.000000 0.000000 0.000000
    outer loop
      vertex -0.569528 -0.569280 -1.041002
      vertex -0.569528 -0.569280 -1.200335
      vertex -0.399875 -0.639398 -1.200335
    endloop
  endfacet
  facet normal 0.000000 0.000000 0.000000
    outer loop
      vertex -0.569528 -0.569280 -1.041002
      vertex -0.399875 -0.639398 -1.200335
      vertex -0.399875 -0.639398 -1.041002
    endloop
  endfacet
  facet normal 0.000000 0.000000 0.000000
    outer loop
      vertex -0.399875 -0.639398 -1.041002
      vertex -0.399875 -0.639398 -1.200335
      vertex -0.230222 -0.569280 -1.200335
    endloop
  endfacet
  facet normal 0.000000 0.000000 0.000000
    outer loop
      vertex -0.399875 -0.639398 -1.041002
      vertex -0.230222 -0.569280 -1.200335
      vertex -0.230222 -0.569280 -1.041002
    endloop
  endfacet
  facet normal 0.000000 0.000000 0.000000
    outer loop
      vertex -0.230222 -0.569280 -1.041002
      vertex -0.230222 -0.569280 -1.200335
      vertex -0.159950 -0.399998 -1.200335
    endloop
  endfacet
  facet normal 0.000000 0.000000 0.000000
    outer loop
      vertex -0.230222 -0.569280 -1.041002
      vertex -0.159950 -0.399998 -1.200335
      vertex -0.159950 -0.399998 -1.041002
    endloop
  endfacet
  facet normal 0.000000 0.000000 0.000000
    outer loop
      vertex -0.959700 -0.399998 -1.041002
      vertex -0.959700 -0.399998 -1.200335
      vertex -1.029972 -0.230717 -1.200335
    endloop
  endfacet
  facet normal 0.000000 0.000000 0.000000
    outer loop
      vertex -0.959700 -0.399998 -1.041002
      vertex -1.029972 -0.230717 -1.200335
      vertex -1.029972 -0.230717 -1.041002
    endloop
  endfacet
  facet normal 0.000000 0.000000 0.000000
    outer loop
      vertex -1.029972 -0.230717 -1.041002
      vertex -1.029972 -0.230717 -1.200335
      vertex -1.199625 -0.160598 -1.200335
    endloop
  endfacet
  facet normal 0.000000 0.000000 0.000000
    outer loop
      vertex -1.029972 -0.230717 -1.041002
      vertex -1.199625 -0.160598 -1.200335
      vertex -1.199625 -0.160598 -1.041002
    endloop
  endfacet
  facet normal 0.000000 0.000000 0.000000
    outer loop
      vertex -1.199625 -0.160598 -1.041002
      vertex -1.199625 -0.160598 -1.200335
      vertex -1.369278 -0.230717 -1.200335
    endloop
  endfacet
  facet normal 0.000000 0.000000 0.000000
    outer loop
      vertex -1.199625 -0.160598 -1.041002
      vertex -1.369278 -0.230717 -1.200335
      vertex -1.369278 -0.230717 -1.041002
    endloop
  endfacet
  facet normal 0.000000 0.000000 0.000000
    outer loop
      vertex -1.369278 -0.230717 -1.041002
      vertex -1.369278 -0.230717 -1.200335
      vertex -1.439550 -0.399998 -1.200335
    endloop
  endfacet
  facet normal 0.000000 0.000000 0.000000
    outer loop
      vertex -1.369278 -0.230717 -1.041002
      vertex -1.439550 -0.399998 -1.200335
      vertex -1.439550 -0.399998 -1.041002
    endloop
  endfacet
  facet normal 0.000000 0.000000 0.000000
    outer loop
      vertex -1.439550 -0.399998 -1.041002
      vertex -1.439550 -0.399998 -1.200335
      vertex -1.369278 -0.569280 -1.200335
    endloop
  endfacet
  facet normal 0.000000 0.000000 0.000000
    outer loop
      vertex -1.439550 -0.399998 -1.041002
      vertex -1.369278 -0.569280 -1.200335
      vertex -1.369278 -0.569280 -1.041002
    endloop
  endfacet
  facet normal 0.000000 0.000000 0.000000
    outer loop
      vertex -1.369278 -0.569280 -1.041002
      vertex -1.369278 -0.569280 -1.200335
      vertex -1.199625 -0.639398 -1.200335
    endloop
  endfacet
  facet normal 0.000000 0.000000 0.000000
    outer loop
      vertex -1.369278 -0.569280 -1.041002
      vertex -1.199625 -0.639398 -1.200335
      vertex -1.199625 -0.639398 -1.041002
    endloop
  endfacet
  facet normal 0.000000 0.000000 0.000000
    outer loop
      vertex -1.199625 -0.639398 -1.041002
      vertex -1.199625 -0.639398 -1.200335
      vertex -1.029972 -0.569280 -1.200335
    endloop
  endfacet
  facet normal 0.000000 0.000000 0.000000
    outer loop
      vertex -1.199625 -0.639398 -1.041002
      vertex -1.029972 -0.569280 -1.200335
      vertex -1.029972 -0.569280 -1.041002
    endloop
  endfacet
  facet normal 0.000000 0.000000 0.000000
    outer loop
      vertex -1.029972 -0.569280 -1.041002
      vertex -1.029972 -0.569280 -1.200335
      vertex -0.959700 -0.399998 -1.200335
    endloop
  endfacet
  facet normal 0.000000 0.000000 0.000000
    outer loop
      vertex -1.029972 -0.569280 -1.041002
      vertex -0.959700 -0.399998 -1.200335
      vertex -0.959700 -0.399998 -1.041002
    endloop
  endfacet
  facet normal 0.000000 0.000000 0.000000
    outer loop
      vertex -1.759450 -0.399998 -1.041002
      vertex -1.759450 -0.399998 -1.200335
      vertex -1.829722 -0.230717 -1.200335
    endloop
  endfacet
  facet normal 0.000000 0.000000 0.000000
    outer loop
      vertex -1.759450 -0.399998 -1.041002
      vertex -1.829722 -0.230717 -1.200335
      vertex -1.829722 -0.230717 -1.041002
    endloop
  endfacet
  facet normal 0.000000 0.000000 0.000000
    outer loop
      vertex -1.829722 -0.230717 -1.041002
      vertex -1.829722 -0.230717 -1.200335
      vertex -1.999375 -0.160598 -1.200335
    endloop
  endfacet
  facet normal 0.000000 0.000000 0.000000
    outer loop
      vertex -1.829722 -0.230717 -1.041002
      vertex -1.999375 -0.160598 -1.200335
      vertex -1.999375 -0.160598 -1.041002
    endloop
  endfacet
  facet normal 0.000000 0.000000 0.000000
    outer loop
      vertex -1.999375 -0.160598 -1.041002
      vertex -1.999375 -0.160598 -1.200335
      vertex -2.169028 -0.230717 -1.200335
    endloop
  endfacet
  facet normal 0.000000 0.000000 0.000000
    outer loop
      vertex -1.999375 -0.160598 -1.041002
      vertex -2.169028 -0.230717 -1.200335
      vertex -2.169028 -0.230717 -1.041002
    endloop
  endfacet
  facet normal 0.000000 0.000000 0.000000
    outer loop
      vertex -2.169028 -0.230717 -1.041002
      vertex -2.169028 -0.230717 -1.200335
      vertex -2.239300 -0.399998 -1.200335
    endloop
  endfacet
  facet normal 0.000000 0.000000 0.000000
    outer loop
      vertex -2.169028 -0.230717 -1.041002
      vertex -2.239300 -0.399998 -1.200335
      vertex -2.239300 -0.399998 -1.041002
    endloop
  endfacet
  facet normal 0.000000 0.000000 0.000000
    outer loop
      vertex -2.239300 -0.399998 -1.041002
      vertex -2.239300 -0.399998 -1.200335
      vertex -2.169028 -0.569280 -1.200335
    endloop
  endfacet
  facet normal 0.000000 0.000000 0.000000
    outer loop
      vertex -2.239300 -0.399998 -1.041002
      vertex -2.169028 -0.569280 -1.200335
      vertex -2.169028 -0.569280 -1.041002
    endloop
  endfacet
  facet normal 0.000000 0.000000 0.000000
    outer loop
      vertex -2.169028 -0.569280 -1.041002
      vertex -2.169028 -0.569280 -1.200335
      vertex -1.999375 -0.639398 -1.200335
    endloop
  endfacet
  facet normal 0.000000 0.000000 0.000000
    outer loop
      vertex -2.169028 -0.569280 -1.041002
      vertex -1.999375 -0.639398 -1.200335
      vertex -1.999375 -0.639398 -1.041002
    endloop
  endfacet
  facet normal 0.000000 0.000000 0.000000
    outer loop
      vertex -1.999375 -0.639398 -1.041002
      vertex -1.999375 -0.639398 -1.200335
      vertex -1.829722 -0.569280 -1.200335
    endloop
  endfacet
  facet normal 0.000000 0.000000 0.000000
    outer loop
      vertex -1.999375 -0.639398 -1.041002
      vertex -1.829722 -0.569280 -1.200335
      vertex -1.829722 -0.569280 -1.041002
    endloop
  endfacet
  facet normal 0.000000 0.000000 0.000000
    outer loop
      vertex -1.829722 -0.569280 -1.041002
      vertex -1.829722 -0.569280 -1.200335
      vertex -1.759450 -0.399998 -1.200335
    endloop
  endfacet
  facet normal 0.000000 0.000000 0.000000
    outer loop
      vertex -1.829722 -0.569280 -1.041002
      vertex -1.759450 -0.399998 -1.200335
      vertex -1.759450 -0.399998 -1.041002
    endloop
  endfacet
  facet normal 0.000000 0.000000 0.000000
    outer loop
      vertex -2.559200 -0.399998 -1.041002
      vertex -2.559200 -0.399998 -1.200335
      vertex -2.629472 -0.230717 -1.200335
    endloop
  endfacet
  facet normal 0.000000 0.000000 0.000000
    outer loop
      vertex -2.559200 -0.399998 -1.041002
      vertex -2.629472 -0.230717 -1.200335
      vertex -2.629472 -0.230717 -1.041002
    endloop
  endfacet
  facet normal 0.000000 0.000000 0.000000
    outer loop
      vertex -2.629472 -0.230717 -1.041002
      vertex -2.629472 -0.230717 -1.200335
      vertex -2.799125 -0.160598 -1.200335
    endloop
  endfacet
  facet normal 0.000000 0.000000 0.000000
    outer loop
      vertex -2.629472 -0.230717 -1.041002
      vertex -2.799125 -0.160598 -1.200335
      vertex -2.799125 -0.160598 -1.041002
    endloop
  endfacet
  facet normal 0.000000 0.000000 0.000000
    outer loop
      vertex -2.799125 -0.160598 -1.041002
      vertex -2.799125 -0.160598 -1.200335
      vertex -2.968777 -0.230717 -1.200335
    endloop
  endfacet
  facet normal 0.000000 0.000000 0.000000
    outer loop
      vertex -2.799125 -0.160598 -1.041002
      vertex -2.968777 -0.230717 -1.200335
      vertex -2.968777 -0.230717 -1.041002
    endloop
  endfacet
  facet normal 0.000000 0.000000 0.000000
    outer loop
      vertex -2.968777 -0.230717 -1.041002
      vertex -2.968777 -0.230717 -1.200335
      vertex -3.039050 -0.399998 -1.200335
    endloop
  endfacet
  facet normal 0.000000 0.000000 0.000000
    outer loop
      vertex -2.968777 -0.230717 -1.041002
      vertex -3.039050 -0.399998 -1.200335
      vertex -3.039050 -0.399998 -1.041002
    endloop
  endfacet
  facet normal 0.000000 0.000000 0.000000
    outer loop
      vertex -3.039050 -0.399998 -1.041002
      vertex -3.039050 -0.399998 -1.200335
      vertex -2.968777 -0.569280 -1.200335
    endloop
  endfacet
  facet normal 0.000000 0.000000 0.000000
    outer loop
      vertex -3.039050 -0.399998 -1.041002
      vertex -2.968777 -0.569280 -1.200335
      vertex -2.968777 -0.569280 -1.041002
    endloop
  endfacet
  facet normal 0.000000 0.000000 0.000000
    outer loop
      vertex -2.968777 -0.569280 -1.041002
      vertex -2.968777 -0.569280 -1.200335
      vertex -2.799125 -0.639398 -1.200335
    endloop
  endfacet
  facet normal 0.000000 0.000000 0.000000
    outer loop
      vertex -2.968777 -0.569280 -1.041002
      vertex -2.799125 -0.639398 -1.200335
      vertex -2.799125 -0.639398 -1.041002
    endloop
  endfacet
  facet normal 0.000000 0.000000 0.000000
    outer loop
      vertex -2.799125 -0.639398 -1.041002
      vertex -2.799125 -0.639398 -1.200335
      vertex -2.629472 -0.569280 -1.200335
    endloop
  endfacet
  facet normal 0.000000 0.000000 0.000000
    outer loop
      vertex -2.799125 -0.639398 -1.041002
      vertex -2.629472 -0.569280 -1.200335
      vertex -2.629472 -0.569280 -1.041002
    endloop
  endfacet
  facet normal 0.000000 0.000000 0.000000
    outer loop
      vertex -2.629472 -0.569280 -1.041002
      vertex -2.629472 -0.569280 -1.200335
      vertex -2.559200 -0.399998 -1.200335
    endloop
  endfacet
  facet normal 0.000000 0.000000 0.000000
    outer loop
      vertex -2.629472 -0.569280 -1.041002
      vertex -2.559200 -0.399998 -1.200335
      vertex -2.559200 -0.399998 -1.041002
    endloop
  endfacet
  facet normal 0.000000 0.000000 0.000000
    outer loop
      vertex 2.799125 -0.399998 -1.041002
      vertex 3.039050 -0.399998 -1.041002
      vertex 2.968777 -0.230717 -1.041002
    endloop
  endfacet
  facet normal 0.000000 0.000000 0.000000
    outer loop
      vertex 2.799125 -0.399998 -1.041002
      vertex 2.968777 -0.230717 -1.041002
      vertex 2.799125 -0.160598 -1.041002
    endloop
  endfacet
  facet normal 0.000000 0.000000 0.000000
    outer loop
      vertex 2.799125 -0.399998 -1.041002
      vertex 2.799125 -0.160598 -1.041002
      vertex 2.629472 -0.230717 -1.041002
    endloop
  endfacet
  facet normal 0.000000 0.000000 0.000000
    outer loop
      vertex 2.799125 -0.399998 -1.041002
      vertex 2.629472 -0.230717 -1.041002
      vertex 2.559200 -0.399998 -1.041002
    endloop
  endfacet
  facet normal 0.000000 0.000000 0.000000
    outer loop
      vertex 2.799125 -0.399998 -1.041002
      vertex 2.559200 -0.399998 -1.041002
      vertex 2.629472 -0.569280 -1.041002
    endloop
  endfacet
  facet normal 0.000000 0.000000 0.000000
    outer loop
      vertex 2.799125 -0.399998 -1.041002
      vertex 2.629472 -0.569280 -1.041002
      vertex 2.799125 -0.639398 -1.041002
    endloop
  endfacet
  facet normal 0.000000 0.000000 0.000000
    outer loop
      vertex 2.799125 -0.399998 -1.041002
      vertex 2.799125 -0.639398 -1.041002
      vertex 2.968778 -0.569280 -1.041002
    endloop
  endfacet
  facet normal 0.000000 0.000000 0.000000
    outer loop
      vertex 2.799125 -0.399998 -1.041002
      vertex 2.968778 -0.569280 -1.041002
      vertex 3.039050 -0.399998 -1.041002
    endloop
  endfacet
  facet normal 0.000000 0.000000 0.000000
    outer loop
      vertex 1.999375 -0.399998 -1.041002
      vertex 2.239300 -0.399998 -1.041002
      vertex 2.169028 -0.230717 -1.041002
    endloop
  endfacet
  facet normal 0.000000 0.000000 0.000000
    outer loop
      vertex 1.999375 -0.399998 -1.041002
      vertex 2.169028 -0.230717 -1.041002
      vertex 1.999375 -0.160598 -1.041002
    endloop
  endfacet
  facet normal 0.000000 0.000000 0.000000
    outer loop
      vertex 1.999375 -0.399998 -1.041002
      vertex 1.999375 -0.160598 -1.041002
      vertex 1.829722 -0.230717 -1.041002
    endloop
  endfacet
  facet normal 0.000000 0.000000 0.000000
    outer loop
      vertex 1.999375 -0.399998 -1.041002
      vertex 1.829722 -0.230717 -1.041002
      vertex 1.759450 -0.399998 -1.041002
    endloop
  endfacet
  facet normal 0.000000 0.000000 0.000000
    outer loop
      vertex 1.999375 -0.399998 -1.041002
      vertex 1.759450 -0.399998 -1.041002
      vertex 1.829722 -0.569280 -1.041002
    endloop
  endfacet
  facet normal 0.000000 0.000000 0.000000
    outer loop
      vertex 1.999375 -0.399998 -1.041002
      vertex 1.829722 -0.569280 -1.041002
      vertex 1.999375 -0.639398 -1.041002
    endloop
  endfacet
  facet normal 0.000000 0.000000 0.000000
    outer loop
      vertex 1.999375 -0.399998 -1.041002
      vertex 1.999375 -0.639398 -1.041002
      vertex 2.169028 -0.569280 -1.041002
    endloop
  endfacet
  facet normal 0.000000 0.000000 0.000000
    outer loop
      vertex 1.999375 -0.399998 -1.041002
      vertex 2.169028 -0.569280 -1.041002
      vertex 2.239300 -0.399998 -1.041002
    endloop
  endfacet
  facet normal 0.000000 0.000000 0.000000
    outer loop
      vertex 1.199625 -0.399998 -1.041002
      vertex 1.439550 -0.399998 -1.041002
      vertex 1.369278 -0.230717 -1.041002
    endloop
  endfacet
  facet normal 0.000000 0.000000 0.000000
    outer loop
      vertex 1.199625 -0.399998 -1.041002
      vertex 1.369278 -0.230717 -1.041002
      vertex 1.199625 -0.160598 -1.041002
    endloop
  endfacet
  facet normal 0.000000 0.000000 0.000000
    outer loop
      vertex 1.199625 -0.399998 -1.041002
      vertex 1.199625 -0.160598 -1.041002
      vertex 1.029972 -0.230717 -1.041002
    endloop
  endfacet
  facet normal 0.000000 0.000000 0.000000
    outer loop
      vertex 1.199625 -0.399998 -1.041002
      vertex 1.029972 -0.230717 -1.041002
      vertex 0.959700 -0.399998 -1.041002
    endloop
  endfacet
  facet normal 0.000000 0.000000 0.000000
    outer loop
      vertex 1.199625 -0.399998 -1.041002
      vertex 0.959700 -0.399998 -1.041002
      vertex 1.029972 -0.569280 -1.041002
    endloop
  endfacet
  facet normal 0.000000 0.000000 0.000000
    outer loop
      vertex 1.199625 -0.399998 -1.041002
      vertex 1.029972 -0.569280 -1.041002
      vertex 1.199625 -0.639398 -1.041002
    endloop
  endfacet
  facet normal 0.000000 0.000000 0.000000
    outer loop
      vertex 1.199625 -0.399998 -1.041002
      vertex 1.199625 -0.639398 -1.041002
      vertex 1.369278 -0.569280 -1.041002
    endloop
  endfacet
  facet normal 0.000000 0.000000 0.000000
    outer loop
      vertex 1.199625 -0.399998 -1.041002
      vertex 1.369278 -0.569280 -1.041002
      vertex 1.439550 -0.399998 -1.041002
    endloop
  endfacet
  facet normal 0.000000 0.000000 0.000000
    outer loop
      vertex 0.399875 -0.399998 -1.041002
      vertex 0.639800 -0.399998 -1.041002
      vertex 0.569528 -0.230717 -1.041002
    endloop
  endfacet
  facet normal 0.000000 0.000000 0.000000
    outer loop
      vertex 0.399875 -0.399998 -1.041002
      vertex 0.569528 -0.230717 -1.041002
      vertex 0.399875 -0.160598 -1.041002
    endloop
  endfacet
  facet normal 0.000000 0.000000 0.000000
    outer loop
      vertex 0.399875 -0.399998 -1.041002
      vertex 0.399875 -0.160598 -1.041002
      vertex 0.230222 -0.230717 -1.041002
    endloop
  endfacet
  facet normal 0.000000 0.000000 0.000000
    outer loop
      vertex 0.399875 -0.399998 -1.041002
      vertex 0.230222 -0.230717 -1.041002
      vertex 0.159950 -0.399998 -1.041002
    endloop
  endfacet
  facet normal 0.000000 0.000000 0.000000
    outer loop
      vertex 0.399875 -0.399998 -1.041002
      vertex 0.159950 -0.399998 -1.041002
      vertex 0.230222 -0.569280 -1.041002
    endloop
  endfacet
  facet normal 0.000000 0.000000 0.000000
    outer loop
      vertex 0.399875 -0.399998 -1.041002
      vertex 0.230222 -0.569280 -1.041002
      vertex 0.399875 -0.639398 -1.041002
    endloop
  endfacet
  facet normal 0.000000 0.000000 0.000000
    outer loop
      vertex 0.399875 -0.399998 -1.041002
      vertex 0.399875 -0.639398 -1.041002
      vertex 0.569528 -0.569280 -1.041002
    endloop
  endfacet
  facet normal 0.000000 0.000000 0.000000
    outer loop
      vertex 0.399875 -0.399998 -1.041002
      vertex 0.569528 -0.569280 -1.041002
      vertex 0.639800 -0.399998 -1.041002
    endloop
  endfacet
  facet normal 0.000000 0.000000 0.000000
    outer loop
      vertex -0.399875 -0.399998 -1.041002
      vertex -0.159950 -0.399998 -1.041002
      vertex -0.230222 -0.230717 -1.041002
    endloop
  endfacet
  facet normal 0.000000 0.000000 0.000000
    outer loop
      vertex -0.399875 -0.399998 -1.041002
      vertex -0.230222 -0.230717 -1.041002
      vertex -0.399875 -0.160598 -1.041002
    endloop
  endfacet
  facet normal 0.000000 0.000000 0.000000
    outer loop
      vertex -0.399875 -0.399998 -1.041002
      vertex -0.399875 -0.160598 -1.041002
      vertex -0.569528 -0.230717 -1.041002
    endloop
  endfacet
  facet normal 0.000000 0.000000 0.000000
    outer loop
      vertex -0.399875 -0.399998 -1.041002
      vertex -0.569528 -0.230717 -1.041002
      vertex -0.639800 -0.399998 -1.041002
    endloop
  endfacet
  facet normal 0.000000 0.000000 0.000000
    outer loop
      vertex -0.399875 -0.399998 -1.041002
      vertex -0.639800 -0.399998 -1.041002
      vertex -0.569528 -0.569280 -1.041002
    endloop
  endfacet
  facet normal 0.000000 0.000000 0.000000
    outer loop
      vertex -0.399875 -0.399998 -1.041002
      vertex -0.569528 -0.569280 -1.041002
      vertex -0.399875 -0.639398 -1.041002
    endloop
  endfacet
  facet normal 0.000000 0.000000 0.000000
    outer loop
      vertex -0.399875 -0.399998 -1.041002
      vertex -0.399875 -0.639398 -1.041002
      vertex -0.230222 -0.569280 -1.041002
    endloop
  endfacet
  facet normal 0.000000 0.000000 0.000000
    outer loop
      vertex -0.399875 -0.399998 -1.041002
      vertex -0.230222 -0.569280 -1.041002
      vertex -0.159950 -0.399998 -1.041002
    endloop
  endfacet
  facet normal 0.000000 0.000000 0.000000
    outer loop
      vertex -1.199625 -0.399998 -1.041002
      vertex -0.959700 -0.399998 -1.041002
      vertex -1.029972 -0.230717 -1.041002
    endloop
  endfacet
  facet normal 0.000000 0.000000 0.000000
    outer loop
      vertex -1.199625 -0.399998 -1.041002
      vertex -1.029972 -0.230717 -1.041002
      vertex -1.199625 -0.160598 -1.041002
    endloop
  endfacet
  facet normal 0.000000 0.000000 0.000000
    outer loop
      vertex -1.199625 -0.399998 -1.041002
      vertex -1.199625 -0.160598 -1.041002
      vertex -1.369278 -0.230717 -1.041002
    endloop
  endfacet
  facet normal 0.000000 0.000000 0.000000
    outer loop
      vertex -1.199625 -0.399998 -1.041002
      vertex -1.369278 -0.230717 -1.041002
      vertex -1.439550 -0.399998 -1.041002
    endloop
  endfacet
  facet normal 0.000000 0.000000 0.000000
    outer loop
      vertex -1.199625 -0.399998 -1.041002
      vertex -1.439550 -0.399998 -1.041002
      vertex -1.369278 -0.569280 -1.041002
    endloop
  endfacet
  facet normal 0.000000 0.000000 0.000000
    outer loop
      vertex -1.199625 -0.399998 -1.041002
      vertex -1.369278 -0.569280 -1.041002
      vertex -1.199625 -0.639398 -1.041002
    endloop
  endfacet
  facet normal 0.000000 0.000000 0.000000
    outer loop
      vertex -1.199625 -0.399998 -1.041002
      vertex -1.199625 -0.639398 -1.041002
      vertex -1.029972 -0.569280 -1.041002
    endloop
  endfacet
  facet normal 0.000000 0.000000 0.000000
    outer loop
      vertex -1.199625 -0.399998 -1.041002
      vertex -1.029972 -0.569280 -1.041002
      vertex -0.959700 -0.399998 -1.041002
    endloop
  endfacet
  facet normal 0.000000 0.000000 0.000000
    outer loop
      vertex -1.999375 -0.399998 -1.041002
      vertex -1.759450 -0.399998 -1.041002
      vertex -1.829722 -0.230717 -1.041002
    endloop
  endfacet
  facet normal 0.000000 0.000000 0.000000
    outer loop
      vertex -1.999375 -0.399998 -1.041002
      vertex -1.829722 -0.230717 -1.041002
      vertex -1.999375 -0.160598 -1.041002
    endloop
  endfacet
  facet normal 0.000000 0.000000 0.000000
    outer loop
      vertex -1.999375 -0.399998 -1.041002
      vertex -1.999375 -0.160598 -1.041002
      vertex -2.169028 -0.230717 -1.041002
    endloop
  endfacet
  facet normal 0.000000 0.000000 0.000000
    outer loop
      vertex -1.999375 -0.399998 -1.041002
      vertex -2.169028 -0.230717 -1.041002
      vertex -2.239300 -0.399998 -1.041002
    endloop
  endfacet
  facet normal 0.000000 0.000000 0.000000
    outer loop
      vertex -1.999375 -0.399998 -1.041002
      vertex -2.239300 -0.399998 -1.041002
      vertex -2.169028 -0.569280 -1.041002
    endloop
  endfacet
  facet normal 0.000000 0.000000 0.000000
    outer loop
      vertex -1.999375 -0.399998 -1.041002
      vertex -2.169028 -0.569280 -1.041002
      vertex -1.999375 -0.639398 -1.041002
    endloop
  endfacet
  facet normal 0.000000 0.000000 0.000000
    outer loop
      vertex -1.999375 -0.399998 -1.041002
      vertex -1.999375 -0.639398 -1.041002
      vertex -1.829722 -0.569280 -1.041002
    endloop
  endfacet
  facet normal 0.000000 0.000000 0.000000
    outer loop
      vertex -1.999375 -0.399998 -1.041002
      vertex -1.829722 -0.569280 -1.041002
      vertex -1.759450 -0.399998 -1.041002
    endloop
  endfacet
  facet normal 0.000000 0.000000 0.000000
    outer loop
      vertex -2.799125 -0.399998 -1.041002
      vertex -2.559200 -0.399998 -1.041002
      vertex -2.629472 -0.230717 -1.041002
    endloop
  endfacet
  facet normal 0.000000 0.000000 0.000000
    outer loop
      vertex -2.799125 -0.399998 -1.041002
      vertex -2.629472 -0.230717 -1.041002
      vertex -2.799125 -0.160598 -1.041002
    endloop
  endfacet
  facet normal 0.000000 0.000000 0.000000
    outer loop
      vertex -2.799125 -0.399998 -1.041002
      vertex -2.799125 -0.160598 -1.041002
      vertex -2.968777 -0.230717 -1.041002
    endloop
  endfacet
  facet normal 0.000000 0.000000 0.000000
    outer loop
      vertex -2.799125 -0.399998 -1.041002
      vertex -2.968777 -0.230717 -1.041002
      vertex -3.039050 -0.399998 -1.041002
    endloop
  endfacet
  facet normal 0.000000 0.000000 0.000000
    outer loop
      vertex -2.799125 -0.399998 -1.041002
      vertex -3.039050 -0.399998 -1.041002
      vertex -2.968777 -0.569280 -1.041002
    endloop
  endfacet
  facet normal 0.000000 0.000000 0.000000
    outer loop
      vertex -2.799125 -0.399998 -1.041002
      vertex -2.968777 -0.569280 -1.041002
      vertex -2.799125 -0.639398 -1.041002
    endloop
  endfacet
  facet normal 0.000000 0.000000 0.000000
    outer loop
      vertex -2.799125 -0.399998 -1.041002
      vertex -2.799125 -0.639398 -1.041002
      vertex -2.629472 -0.569280 -1.041002
    endloop
  endfacet
  facet normal 0.000000 0.000000 0.000000
    outer loop
      vertex -2.799125 -0.399998 -1.041002
      vertex -2.629472 -0.569280 -1.041002
      vertex -2.559200 -0.399998 -1.041002
    endloop
  endfacet
  facet normal 0.000000 0.000000 0.000000
    outer loop
      vertex 2.559200 -0.400000 1.681000
      vertex 2.512352 -0.512854 1.681000
      vertex 2.399250 -0.400000 1.681000
    endloop
  endfacet
  facet normal 0.000000 0.000000 0.000000
    outer loop
      vertex 2.512352 -0.512854 1.681000
      vertex 2.399250 -0.559600 1.681000
      vertex 2.399250 -0.400000 1.681000
    endloop
  endfacet
  facet normal 0.000000 0.000000 0.000000
    outer loop
      vertex 2.399250 -0.559600 1.681000
      vertex 2.286148 -0.512854 1.681000
      vertex 2.399250 -0.400000 1.681000
    endloop
  endfacet
  facet normal 0.000000 0.000000 0.000000
    outer loop
      vertex 2.286148 -0.512854 1.681000
      vertex 2.239300 -0.400000 1.681000
      vertex 2.399250 -0.400000 1.681000
    endloop
  endfacet
  facet normal 0.000000 0.000000 0.000000
    outer loop
      vertex 2.239300 -0.400000 1.681000
      vertex 2.286148 -0.287145 1.681000
      vertex 2.399250 -0.400000 1.681000
    endloop
  endfacet
  facet normal 0.000000 0.000000 0.000000
    outer loop
      vertex 2.286148 -0.287145 1.681000
      vertex 2.399250 -0.240400 1.681000
      vertex 2.399250 -0.400000 1.681000
    endloop
  endfacet
  facet normal 0.000000 0.000000 0.000000
    outer loop
      vertex 2.399250 -0.240400 1.681000
      vertex 2.512352 -0.287145 1.681000
      vertex 2.399250 -0.400000 1.681000
    endloop
  endfacet
  facet normal 0.000000 0.000000 0.000000
    outer loop
      vertex 2.512352 -0.287145 1.681000
      vertex 2.559200 -0.400000 1.681000
      vertex 2.399250 -0.400000 1.681000
    endloop
  endfacet
  facet normal 0.000000 0.000000 0.000000
    outer loop
      vertex 1.759450 -0.400000 1.681000
      vertex 1.712602 -0.512854 1.681000
      vertex 1.599500 -0.400000 1.681000
    endloop
  endfacet
  facet normal 0.000000 0.000000 0.000000
    outer loop
      vertex 1.712602 -0.512854 1.681000
      vertex 1.599500 -0.559600 1.681000
      vertex 1.599500 -0.400000 1.681000
    endloop
  endfacet
  facet normal 0.000000 0.000000 0.000000
    outer loop
      vertex 1.599500 -0.559600 1.681000
      vertex 1.486398 -0.512854 1.681000
      vertex 1.599500 -0.400000 1.681000
    endloop
  endfacet
  facet normal 0.000000 0.000000 0.000000
    outer loop
      vertex 1.486398 -0.512854 1.681000
      vertex 1.439550 -0.400000 1.681000
      vertex 1.599500 -0.400000 1.681000
    endloop
  endfacet
  facet normal 0.000000 0.000000 0.000000
    outer loop
      vertex 1.439550 -0.400000 1.681000
      vertex 1.486398 -0.287145 1.681000
      vertex 1.599500 -0.400000 1.681000
    endloop
  endfacet
  facet normal 0.000000 0.000000 0.000000
    outer loop
      vertex 1.486398 -0.287145 1.681000
      vertex 1.599500 -0.240400 1.681000
      vertex 1.599500 -0.400000 1.681000
    endloop
  endfacet
  facet normal 0.000000 0.000000 0.000000
    outer loop
      vertex 1.599500 -0.240400 1.681000
      vertex 1.712602 -0.287145 1.681000
      vertex 1.599500 -0.400000 1.681000
    endloop
  endfacet
  facet normal 0.000000 0.000000 0.000000
    outer loop
      vertex 1.712602 -0.287145 1.681000
      vertex 1.759450 -0.400000 1.681000
      vertex 1.599500 -0.400000 1.681000
    endloop
  endfacet
  facet normal 0.000000 0.000000 0.000000
    outer loop
      vertex 0.959700 -0.400000 1.681000
      vertex 0.912852 -0.512854 1.681000
      vertex 0.799750 -0.400000 1.681000
    endloop
  endfacet
  facet normal 0.000000 0.000000 0.000000
    outer loop
      vertex 0.912852 -0.512854 1.681000
      vertex 0.799750 -0.559600 1.681000
      vertex 0.799750 -0.400000 1.681000
    endloop
  endfacet
  facet normal 0.000000 0.000000 0.000000
    outer loop
      vertex 0.799750 -0.559600 1.681000
      vertex 0.686648 -0.512854 1.681000
      vertex 0.799750 -0.400000 1.681000
    endloop
  endfacet
  facet normal 0.000000 0.000000 0.000000
    outer loop
      vertex 0.686648 -0.512854 1.681000
      vertex 0.639800 -0.400000 1.681000
      vertex 0.799750 -0.400000 1.681000
    endloop
  endfacet
  facet normal 0.000000 0.000000 0.000000
    outer loop
      vertex 0.639800 -0.400000 1.681000
      vertex 0.686648 -0.287145 1.681000
      vertex 0.799750 -0.400000 1.681000
    endloop
  endfacet
  facet normal 0.000000 0.000000 0.000000
    outer loop
      vertex 0.686648 -0.287145 1.681000
      vertex 0.799750 -0.240400 1.681000
      vertex 0.799750 -0.400000 1.681000
    endloop
  endfacet
  facet normal 0.000000 0.000000 0.000000
    outer loop
      vertex 0.799750 -0.240400 1.681000
      vertex 0.912852 -0.287145 1.681000
      vertex 0.799750 -0.400000 1.681000
    endloop
  endfacet
  facet normal 0.000000 0.000000 0.000000
    outer loop
      vertex 0.912852 -0.287145 1.681000
      vertex 0.959700 -0.400000 1.681000
      vertex 0.799750 -0.400000 1.681000
    endloop
  endfacet
  facet normal 0.000000 0.000000 0.000000
    outer loop
      vertex 0.159950 -0.400000 1.681000
      vertex 0.113102 -0.512854 1.681000
      vertex 0.000000 -0.400000 1.681000
    endloop
  endfacet
  facet normal 0.000000 0.000000 0.000000
    outer loop
      vertex 0.113102 -0.512854 1.681000
      vertex 0.000000 -0.559600 1.681000
      vertex 0.000000 -0.400000 1.681000
    endloop
  endfacet
  facet normal 0.000000 0.000000 0.000000
    outer loop
      vertex 0.000000 -0.559600 1.681000
      vertex -0.113102 -0.512854 1.681000
      vertex 0.000000 -0.400000 1.681000
    endloop
  endfacet
  facet normal 0.000000 0.000000 0.000000
    outer loop
      vertex -0.113102 -0.512854 1.681000
      vertex -0.159950 -0.400000 1.681000
      vertex 0.000000 -0.400000 1.681000
    endloop
  endfacet
  facet normal 0.000000 0.000000 0.000000
    outer loop
      vertex -0.159950 -0.400000 1.681000
      vertex -0.113102 -0.287145 1.681000
      vertex 0.000000 -0.400000 1.681000
    endloop
  endfacet
  facet normal 0.000000 0.000000 0.000000
    outer loop
      vertex -0.113102 -0.287145 1.681000
      vertex -0.000000 -0.240400 1.681000
      vertex 0.000000 -0.400000 1.681000
    endloop
  endfacet
  facet normal 0.000000 0.000000 0.000000
    outer loop
      vertex -0.000000 -0.240400 1.681000
      vertex 0.113102 -0.287145 1.681000
      vertex 0.000000 -0.400000 1.681000
    endloop
  endfacet
  facet normal 0.000000 0.000000 0.000000
    outer loop
      vertex 0.113102 -0.287145 1.681000
      vertex 0.159950 -0.400000 1.681000
      vertex 0.000000 -0.400000 1.681000
    endloop
  endfacet
  facet normal 0.000000 0.000000 0.000000
    outer loop
      vertex -0.639800 -0.400000 1.681000
      vertex -0.686648 -0.512854 1.681000
      vertex -0.799750 -0.400000 1.681000
    endloop
  endfacet
  facet normal 0.000000 0.000000 0.000000
    outer loop
      vertex -0.686648 -0.512854 1.681000
      vertex -0.799750 -0.559600 1.681000
      vertex -0.799750 -0.400000 1.681000
    endloop
  endfacet
  facet normal 0.000000 0.000000 0.000000
    outer loop
      vertex -0.799750 -0.559600 1.681000
      vertex -0.912852 -0.512854 1.681000
      vertex -0.799750 -0.400000 1.681000
    endloop
  endfacet
  facet normal 0.000000 0.000000 0.000000
    outer loop
      vertex -0.912852 -0.512854 1.681000
      vertex -0.959700 -0.400000 1.681000
      vertex -0.799750 -0.400000 1.681000
    endloop
  endfacet
  facet normal 0.000000 0.000000 0.000000
    outer loop
      vertex -0.959700 -0.400000 1.681000
      vertex -0.912852 -0.287145 1.681000
      vertex -0.799750 -0.400000 1.681000
    endloop
  endfacet
  facet normal 0.000000 0.000000 0.000000
    outer loop
      vertex -0.912852 -0.287145 1.681000
      vertex -0.799750 -0.240400 1.681000
      vertex -0.799750 -0.400000 1.681000
    endloop
  endfacet
  facet normal 0.000000 0.000000 0.000000
    outer loop
      vertex -0.799750 -0.240400 1.681000
      vertex -0.686648 -0.287145 1.681000
      vertex -0.799750 -0.400000 1.681000
    endloop
  endfacet
  facet normal 0.000000 0.000000 0.000000
    outer loop
      vertex -0.686648 -0.287145 1.681000
      vertex -0.639800 -0.400000 1.681000
      vertex -0.799750 -0.400000 1.681000
    endloop
  endfacet
  facet normal 0.000000 0.000000 0.000000
    outer loop
      vertex -1.439550 -0.400000 1.681000
      vertex -1.486398 -0.512854 1.681000
      vertex -1.599500 -0.400000 1.681000
    endloop
  endfacet
  facet normal 0.000000 0.000000 0.000000
    outer loop
      vertex -1.486398 -0.512854 1.681000
      vertex -1.599500 -0.559600 1.681000
      vertex -1.599500 -0.400000 1.681000
    endloop
  endfacet
  facet normal 0.000000 0.000000 0.000000
    outer loop
      vertex -1.599500 -0.559600 1.681000
      vertex -1.712602 -0.512854 1.681000
      vertex -1.599500 -0.400000 1.681000
    endloop
  endfacet
  facet normal 0.000000 0.000000 0.000000
    outer loop
      vertex -1.712602 -0.512854 1.681000
      vertex -1.759450 -0.400000 1.681000
      vertex -1.599500 -0.400000 1.681000
    endloop
  endfacet
  facet normal 0.000000 0.000000 0.000000
    outer loop
      vertex -1.759450 -0.400000 1.681000
      vertex -1.712602 -0.287145 1.681000
      vertex -1.599500 -0.400000 1.681000
    endloop
  endfacet
  facet normal 0.000000 0.000000 0.000000
    outer loop
      vertex -1.712602 -0.287145 1.681000
      vertex -1.599500 -0.240400 1.681000
      vertex -1.599500 -0.400000 1.681000
    endloop
  endfacet
  facet normal 0.000000 0.000000 0.000000
    outer loop
      vertex -1.599500 -0.240400 1.681000
      vertex -1.486398 -0.287145 1.681000
      vertex -1.599500 -0.400000 1.681000
    endloop
  endfacet
  facet normal 0.000000 0.000000 0.000000
    outer loop
      vertex -1.486398 -0.287145 1.681000
      vertex -1.439550 -0.400000 1.681000
      vertex -1.599500 -0.400000 1.681000
    endloop
  endfacet
  facet normal 0.000000 0.000000 0.000000
    outer loop
      vertex -2.239300 -0.400000 1.681000
      vertex -2.286148 -0.512854 1.681000
      vertex -2.399250 -0.400000 1.681000
    endloop
  endfacet
  facet normal 0.000000 0.000000 0.000000
    outer loop
      vertex -2.286148 -0.512854 1.681000
      vertex -2.399250 -0.559600 1.681000
      vertex -2.399250 -0.400000 1.681000
    endloop
  endfacet
  facet normal 0.000000 0.000000 0.000000
    outer loop
      vertex -2.399250 -0.559600 1.681000
      vertex -2.512352 -0.512854 1.681000
      vertex -2.399250 -0.400000 1.681000
    endloop
  endfacet
  facet normal 0.000000 0.000000 0.000000
    outer loop
      vertex -2.512352 -0.512854 1.681000
      vertex -2.559200 -0.400000 1.681000
      vertex -2.399250 -0.400000 1.681000
    endloop
  endfacet
  facet normal 0.000000 0.000000 0.000000
    outer loop
      vertex -2.559200 -0.400000 1.681000
      vertex -2.512352 -0.287145 1.681000
      vertex -2.399250 -0.400000 1.681000
    endloop
  endfacet
  facet normal 0.000000 0.000000 0.000000
    outer loop
      vertex -2.512352 -0.287145 1.681000
      vertex -2.399250 -0.240400 1.681000
      vertex -2.399250 -0.400000 1.681000
    endloop
  endfacet
  facet normal 0.000000 0.000000 0.000000
    outer loop
      vertex -2.399250 -0.240400 1.681000
      vertex -2.286148 -0.287145 1.681000
      vertex -2.399250 -0.400000 1.681000
    endloop
  endfacet
  facet normal 0.000000 0.000000 0.000000
    outer loop
      vertex -2.286148 -0.287145 1.681000
      vertex -2.239300 -0.400000 1.681000
      vertex -2.399250 -0.400000 1.681000
    endloop
  endfacet
  facet normal 0.000000 0.000000 0.000000
    outer loop
      vertex 3.199000 -0.001000 1.681000
      vertex 3.039050 -0.160600 1.681000
      vertex -3.039050 -0.160600 1.681000
    endloop
  endfacet
  facet normal 0.000000 0.000000 0.000000
    outer loop
      vertex 3.199000 -0.001000 1.681000
      vertex -3.039050 -0.160600 1.681000
      vertex -3.199000 -0.001000 1.681000
    endloop
  endfacet
  facet normal 0.000000 0.000000 0.000000
    outer loop
      vertex -3.199000 -0.001000 1.681000
      vertex -3.039050 -0.160600 1.681000
      vertex -3.039050 -0.639400 1.681000
    endloop
  endfacet
  facet normal 0.000000 0.000000 0.000000
    outer loop
      vertex -3.199000 -0.001000 1.681000
      vertex -3.039050 -0.639400 1.681000
      vertex -3.199000 -0.799000 1.681000
    endloop
  endfacet
  facet normal 0.000000 0.000000 0.000000
    outer loop
      vertex -3.199000 -0.799000 1.681000
      vertex -3.039050 -0.639400 1.681000
      vertex 3.039050 -0.639400 1.681000
    endloop
  endfacet
  facet normal 0.000000 0.000000 0.000000
    outer loop
      vertex -3.199000 -0.799000 1.681000
      vertex 3.039050 -0.639400 1.681000
      vertex 3.199000 -0.799000 1.681000
    endloop
  endfacet
  facet normal 0.000000 0.000000 0.000000
    outer loop
      vertex 3.199000 -0.799000 1.681000
      vertex 3.039050 -0.639400 1.681000
      vertex 3.039050 -0.160600 1.681000
    endloop
  endfacet
  facet normal 0.000000 0.000000 0.000000
    outer loop
      vertex 3.199000 -0.799000 1.681000
      vertex 3.039050 -0.160600 1.681000
      vertex 3.199000 -0.001000 1.681000
    endloop
  endfacet
  facet normal 0.000000 0.000000 0.000000
    outer loop
      vertex 2.559200 -0.400000 1.681000
      vertex 2.559200 -0.400000 1.840333
      vertex 2.512352 -0.512854 1.840333
    endloop
  endfacet
  facet normal 0.000000 0.000000 0.000000
    outer loop
      vertex 2.559200 -0.400000 1.681000
      vertex 2.512352 -0.512854 1.840333
      vertex 2.512352 -0.512854 1.681000
    endloop
  endfacet
  facet normal 0.000000 0.000000 0.000000
    outer loop
      vertex 2.512352 -0.512854 1.681000
      vertex 2.512352 -0.512854 1.840333
      vertex 2.399250 -0.559600 1.840333
    endloop
  endfacet
  facet normal 0.000000 0.000000 0.000000
    outer loop
      vertex 2.512352 -0.512854 1.681000
      vertex 2.399250 -0.559600 1.840333
      vertex 2.399250 -0.559600 1.681000
    endloop
  endfacet
  facet normal 0.000000 0.000000 0.000000
    outer loop
      vertex 2.399250 -0.559600 1.681000
      vertex 2.399250 -0.559600 1.840333
      vertex 2.286148 -0.512854 1.840333
    endloop
  endfacet
  facet normal 0.000000 0.000000 0.000000
    outer loop
      vertex 2.399250 -0.559600 1.681000
      vertex 2.286148 -0.512854 1.840333
      vertex 2.286148 -0.512854 1.681000
    endloop
  endfacet
  facet normal 0.000000 0.000000 0.000000
    outer loop
      vertex 2.286148 -0.512854 1.681000
      vertex 2.286148 -0.512854 1.840333
      vertex 2.239300 -0.400000 1.840333
    endloop
  endfacet
  facet normal 0.000000 0.000000 0.000000
    outer loop
      vertex 2.286148 -0.512854 1.681000
      vertex 2.239300 -0.400000 1.840333
      vertex 2.239300 -0.400000 1.681000
    endloop
  endfacet
  facet normal 0.000000 0.000000 0.000000
    outer loop
      vertex 2.239300 -0.400000 1.681000
      vertex 2.239300 -0.400000 1.840333
      vertex 2.286148 -0.287145 1.840333
    endloop
  endfacet
  facet normal 0.000000 0.000000 0.000000
    outer loop
      vertex 2.239300 -0.400000 1.681000
      vertex 2.286148 -0.287145 1.840333
      vertex 2.286148 -0.287145 1.681000
    endloop
  endfacet
  facet normal 0.000000 0.000000 0.000000
    outer loop
      vertex 2.286148 -0.287145 1.681000
      vertex 2.286148 -0.287145 1.840333
      vertex 2.399250 -0.240400 1.840333
    endloop
  endfacet
  facet normal 0.000000 0.000000 0.000000
    outer loop
      vertex 2.286148 -0.287145 1.681000
      vertex 2.399250 -0.240400 1.840333
      vertex 2.399250 -0.240400 1.681000
    endloop
  endfacet
  facet normal 0.000000 0.000000 0.000000
    outer loop
      vertex 2.399250 -0.240400 1.681000
      vertex 2.399250 -0.240400 1.840333
      vertex 2.512352 -0.287145 1.840333
    endloop
  endfacet
  facet normal 0.000000 0.000000 0.000000
    outer loop
      vertex 2.399250 -0.240400 1.681000
      vertex 2.512352 -0.287145 1.840333
      vertex 2.512352 -0.287145 1.681000
    endloop
  endfacet
  facet normal 0.000000 0.000000 0.000000
    outer loop
      vertex 2.512352 -0.287145 1.681000
      vertex 2.512352 -0.287145 1.840333
      vertex 2.559200 -0.400000 1.840333
    endloop
  endfacet
  facet normal 0.000000 0.000000 0.000000
    outer loop
      vertex 2.512352 -0.287145 1.681000
      vertex 2.559200 -0.400000 1.840333
      vertex 2.559200 -0.400000 1.681000
    endloop
  endfacet
  facet normal 0.000000 0.000000 0.000000
    outer loop
      vertex 1.759450 -0.400000 1.681000
      vertex 1.759450 -0.400000 1.840333
      vertex 1.712602 -0.512854 1.840333
    endloop
  endfacet
  facet normal 0.000000 0.000000 0.000000
    outer loop
      vertex 1.759450 -0.400000 1.681000
      vertex 1.712602 -0.512854 1.840333
      vertex 1.712602 -0.512854 1.681000
    endloop
  endfacet
  facet normal 0.000000 0.000000 0.000000
    outer loop
      vertex 1.712602 -0.512854 1.681000
      vertex 1.712602 -0.512854 1.840333
      vertex 1.599500 -0.559600 1.840333
    endloop
  endfacet
  facet normal 0.000000 0.000000 0.000000
    outer loop
      vertex 1.712602 -0.512854 1.681000
      vertex 1.599500 -0.559600 1.840333
      vertex 1.599500 -0.559600 1.681000
    endloop
  endfacet
  facet normal 0.000000 0.000000 0.000000
    outer loop
      vertex 1.599500 -0.559600 1.681000
      vertex 1.599500 -0.559600 1.840333
      vertex 1.486398 -0.512854 1.840333
    endloop
  endfacet
  facet normal 0.000000 0.000000 0.000000
    outer loop
      vertex 1.599500 -0.559600 1.681000
      vertex 1.486398 -0.512854 1.840333
      vertex 1.486398 -0.512854 1.681000
    endloop
  endfacet
  facet normal 0.000000 0.000000 0.000000
    outer loop
      vertex 1.486398 -0.512854 1.681000
      vertex 1.486398 -0.512854 1.840333
      vertex 1.439550 -0.400000 1.840333
    endloop
  endfacet
  facet normal 0.000000 0.000000 0.000000
    outer loop
      vertex 1.486398 -0.512854 1.681000
      vertex 1.439550 -0.400000 1.840333
      vertex 1.439550 -0.400000 1.681000
    endloop
  endfacet
  facet normal 0.000000 0.000000 0.000000
    outer loop
      vertex 1.439550 -0.400000 1.681000
      vertex 1.439550 -0.400000 1.840333
      vertex 1.486398 -0.287145 1.840333
    endloop
  endfacet
  facet normal 0.000000 0.000000 0.000000
    outer loop
      vertex 1.439550 -0.400000 1.681000
      vertex 1.486398 -0.287145 1.840333
      vertex 1.486398 -0.287145 1.681000
    endloop
  endfacet
  facet normal 0.000000 0.000000 0.000000
    outer loop
      vertex 1.486398 -0.287145 1.681000
      vertex 1.486398 -0.287145 1.840333
      vertex 1.599500 -0.240400 1.840333
    endloop
  endfacet
  facet normal 0.000000 0.000000 0.000000
    outer loop
      vertex 1.486398 -0.287145 1.681000
      vertex 1.599500 -0.240400 1.840333
      vertex 1.599500 -0.240400 1.681000
    endloop
  endfacet
  facet normal 0.000000 0.000000 0.000000
    outer loop
      vertex 1.599500 -0.240400 1.681000
      vertex 1.599500 -0.240400 1.840333
      vertex 1.712602 -0.287145 1.840333
    endloop
  endfacet
  facet normal 0.000000 0.000000 0.000000
    outer loop
      vertex 1.599500 -0.240400 1.681000
      vertex 1.712602 -0.287145 1.840333
      vertex 1.712602 -0.287145 1.681000
    endloop
  endfacet
  facet normal 0.000000 0.000000 0.000000
    outer loop
      vertex 1.712602 -0.287145 1.681000
      vertex 1.712602 -0.287145 1.840333
      vertex 1.759450 -0.400000 1.840333
    endloop
  endfacet
  facet normal 0.000000 0.000000 0.000000
    outer loop
      vertex 1.712602 -0.287145 1.681000
      vertex 1.759450 -0.400000 1.840333
      vertex 1.759450 -0.400000 1.681000
    endloop
  endfacet
  facet normal 0.000000 0.000000 0.000000
    outer loop
      vertex 0.959700 -0.400000 1.681000
      vertex 0.959700 -0.400000 1.840333
      vertex 0.912852 -0.512854 1.840333
    endloop
  endfacet
  facet normal 0.000000 0.000000 0.000000
    outer loop
      vertex 0.959700 -0.400000 1.681000
      vertex 0.912852 -0.512854 1.840333
      vertex 0.912852 -0.512854 1.681000
    endloop
  endfacet
  facet normal 0.000000 0.000000 0.000000
    outer loop
      vertex 0.912852 -0.512854 1.681000
      vertex 0.912852 -0.512854 1.840333
      vertex 0.799750 -0.559600 1.840333
    endloop
  endfacet
  facet normal 0.000000 0.000000 0.000000
    outer loop
      vertex 0.912852 -0.512854 1.681000
      vertex 0.799750 -0.559600 1.840333
      vertex 0.799750 -0.559600 1.681000
    endloop
  endfacet
  facet normal 0.000000 0.000000 0.000000
    outer loop
      vertex 0.799750 -0.559600 1.681000
      vertex 0.799750 -0.559600 1.840333
      vertex 0.686648 -0.512854 1.840333
    endloop
  endfacet
  facet normal 0.000000 0.000000 0.000000
    outer loop
      vertex 0.799750 -0.559600 1.681000
      vertex 0.686648 -0.512854 1.840333
      vertex 0.686648 -0.512854 1.681000
    endloop
  endfacet
  facet normal 0.000000 0.000000 0.000000
    outer loop
      vertex 0.686648 -0.512854 1.681000
      vertex 0.686648 -0.512854 1.840333
      vertex 0.639800 -0.400000 1.840333
    endloop
  endfacet
  facet normal 0.000000 0.000000 0.000000
    outer loop
      vertex 0.686648 -0.512854 1.681000
      vertex 0.639800 -0.400000 1.840333
      vertex 0.639800 -0.400000 1.681000
    endloop
  endfacet
  facet normal 0.000000 0.000000 0.000000
    outer loop
      vertex 0.639800 -0.400000 1.681000
      vertex 0.639800 -0.400000 1.840333
      vertex 0.686648 -0.287145 1.840333
    endloop
  endfacet
  facet normal 0.000000 0.000000 0.000000
    outer loop
      vertex 0.639800 -0.400000 1.681000
      vertex 0.686648 -0.287145 1.840333
      vertex 0.686648 -0.287145 1.681000
    endloop
  endfacet
  facet normal 0.000000 0.000000 0.000000
    outer loop
      vertex 0.686648 -0.287145 1.681000
      vertex 0.686648 -0.287145 1.840333
      vertex 0.799750 -0.240400 1.840333
    endloop
  endfacet
  facet normal 0.000000 0.000000 0.000000
    outer loop
      vertex 0.686648 -0.287145 1.681000
      vertex 0.799750 -0.240400 1.840333
      vertex 0.799750 -0.240400 1.681000
    endloop
  endfacet
  facet normal 0.000000 0.000000 0.000000
    outer loop
      vertex 0.799750 -0.240400 1.681000
      vertex 0.799750 -0.240400 1.840333
      vertex 0.912852 -0.287145 1.840333
    endloop
  endfacet
  facet normal 0.000000 0.000000 0.000000
    outer loop
      vertex 0.799750 -0.240400 1.681000
      vertex 0.912852 -0.287145 1.840333
      vertex 0.912852 -0.287145 1.681000
    endloop
  endfacet
  facet normal 0.000000 0.000000 0.000000
    outer loop
      vertex 0.912852 -0.287145 1.681000
      vertex 0.912852 -0.287145 1.840333
      vertex 0.959700 -0.400000 1.840333
    endloop
  endfacet
  facet normal 0.000000 0.000000 0.000000
    outer loop
      vertex 0.912852 -0.287145 1.681000
      vertex 0.959700 -0.400000 1.840333
      vertex 0.959700 -0.400000 1.681000
    endloop
  endfacet
  facet normal 0.000000 0.000000 0.000000
    outer loop
      vertex 0.159950 -0.400000 1.681000
      vertex 0.159950 -0.400000 1.840333
      vertex 0.113102 -0.512854 1.840333
    endloop
  endfacet
  facet normal 0.000000 0.000000 0.000000
    outer loop
      vertex 0.159950 -0.400000 1.681000
      vertex 0.113102 -0.512854 1.840333
      vertex 0.113102 -0.512854 1.681000
    endloop
  endfacet
  facet normal 0.000000 0.000000 0.000000
    outer loop
      vertex 0.113102 -0.512854 1.681000
      vertex 0.113102 -0.512854 1.840333
      vertex 0.000000 -0.559600 1.840333
    endloop
  endfacet
  facet normal 0.000000 0.000000 0.000000
    outer loop
      vertex 0.113102 -0.512854 1.681000
      vertex 0.000000 -0.559600 1.840333
      vertex 0.000000 -0.559600 1.681000
    endloop
  endfacet
  facet normal 0.000000 0.000000 0.000000
    outer loop
      vertex 0.000000 -0.559600 1.681000
      vertex 0.000000 -0.559600 1.840333
      vertex -0.113102 -0.512854 1.840333
    endloop
  endfacet
  facet normal 0.000000 0.000000 0.000000
    outer loop
      vertex 0.000000 -0.559600 1.681000
      vertex -0.113102 -0.512854 1.840333
      vertex -0.113102 -0.512854 1.681000
    endloop
  endfacet
  facet normal 0.000000 0.000000 0.000000
    outer loop
      vertex -0.113102 -0.512854 1.681000
      vertex -0.113102 -0.512854 1.840333
      vertex -0.159950 -0.400000 1.840333
    endloop
  endfacet
  facet normal 0.000000 0.000000 0.000000
    outer loop
      vertex -0.113102 -0.512854 1.681000
      vertex -0.159950 -0.400000 1.840333
      vertex -0.159950 -0.400000 1.681000
    endloop
  endfacet
  facet normal 0.000000 0.000000 0.000000
    outer loop
      vertex -0.159950 -0.400000 1.681000
      vertex -0.159950 -0.400000 1.840333
      vertex -0.113102 -0.287145 1.840333
    endloop
  endfacet
  facet normal 0.000000 0.000000 0.000000
    outer loop
      vertex -0.159950 -0.400000 1.681000
      vertex -0.113102 -0.287145 1.840333
      vertex -0.113102 -0.287145 1.681000
    endloop
  endfacet
  facet normal 0.000000 0.000000 0.000000
    outer loop
      vertex -0.113102 -0.287145 1.681000
      vertex -0.113102 -0.287145 1.840333
      vertex -0.000000 -0.240400 1.840333
    endloop
  endfacet
  facet normal 0.000000 0.000000 0.000000
    outer loop
      vertex -0.113102 -0.287145 1.681000
      vertex -0.000000 -0.240400 1.840333
      vertex -0.000000 -0.240400 1.681000
    endloop
  endfacet
  facet normal 0.000000 0.000000 0.000000
    outer loop
      vertex -0.000000 -0.240400 1.681000
      vertex -0.000000 -0.240400 1.840333
      vertex 0.113102 -0.287145 1.840333
    endloop
  endfacet
  facet normal 0.000000 0.000000 0.000000
    outer loop
      vertex -0.000000 -0.240400 1.681000
      vertex 0.113102 -0.287145 1.840333
      vertex 0.113102 -0.287145 1.681000
    endloop
  endfacet
  facet normal 0.000000 0.000000 0.000000
    outer loop
      vertex 0.113102 -0.287145 1.681000
      vertex 0.113102 -0.287145 1.840333
      vertex 0.159950 -0.400000 1.840333
    endloop
  endfacet
  facet normal 0.000000 0.000000 0.000000
    outer loop
      vertex 0.113102 -0.287145 1.681000
      vertex 0.159950 -0.400000 1.840333
      vertex 0.159950 -0.400000 1.681000
    endloop
  endfacet
  facet normal 0.000000 0.000000 0.000000
    outer loop
      vertex -0.639800 -0.400000 1.681000
      vertex -0.639800 -0.400000 1.840333
      vertex -0.686648 -0.512854 1.840333
    endloop
  endfacet
  facet normal 0.000000 0.000000 0.000000
    outer loop
      vertex -0.639800 -0.400000 1.681000
      vertex -0.686648 -0.512854 1.840333
      vertex -0.686648 -0.512854 1.681000
    endloop
  endfacet
  facet normal 0.000000 0.000000 0.000000
    outer loop
      vertex -0.686648 -0.512854 1.681000
      vertex -0.686648 -0.512854 1.840333
      vertex -0.799750 -0.559600 1.840333
    endloop
  endfacet
  facet normal 0.000000 0.000000 0.000000
    outer loop
      vertex -0.686648 -0.512854 1.681000
      vertex -0.799750 -0.559600 1.840333
      vertex -0.799750 -0.559600 1.681000
    endloop
  endfacet
  facet normal 0.000000 0.000000 0.000000
    outer loop
      vertex -0.799750 -0.559600 1.681000
      vertex -0.799750 -0.559600 1.840333
      vertex -0.912852 -0.512854 1.840333
    endloop
  endfacet
  facet normal 0.000000 0.000000 0.000000
    outer loop
      vertex -0.799750 -0.559600 1.681000
      vertex -0.912852 -0.512854 1.840333
      vertex -0.912852 -0.512854 1.681000
    endloop
  endfacet
  facet normal 0.000000 0.000000 0.000000
    outer loop
      vertex -0.912852 -0.512854 1.681000
      vertex -0.912852 -0.512854 1.840333
      vertex -0.959700 -0.400000 1.840333
    endloop
  endfacet
  facet normal 0.000000 0.000000 0.000000
    outer loop
      vertex -0.912852 -0.512854 1.681000
      vertex -0.959700 -0.400000 1.840333
      vertex -0.959700 -0.400000 1.681000
    endloop
  endfacet
  facet normal 0.000000 0.000000 0.000000
    outer loop
      vertex -0.959700 -0.400000 1.681000
      vertex -0.959700 -0.400000 1.840333
      vertex -0.912852 -0.287145 1.840333
    endloop
  endfacet
  facet normal 0.000000 0.000000 0.000000
    outer loop
      vertex -0.959700 -0.400000 1.681000
      vertex -0.912852 -0.287145 1.840333
      vertex -0.912852 -0.287145 1.681000
    endloop
  endfacet
  facet normal 0.000000 0.000000 0.000000
    outer loop
      vertex -0.912852 -0.287145 1.681000
      vertex -0.912852 -0.287145 1.840333
      vertex -0.799750 -0.240400 1.840333
    endloop
  endfacet
  facet normal 0.000000 0.000000 0.000000
    outer loop
      vertex -0.912852 -0.287145 1.681000
      vertex -0.799750 -0.240400 1.840333
      vertex -0.799750 -0.240400 1.681000
    endloop
  endfacet
  facet normal 0.000000 0.000000 0.000000
    outer loop
      vertex -0.799750 -0.240400 1.681000
      vertex -0.799750 -0.240400 1.840333
      vertex -0.686648 -0.287145 1.840333
    endloop
  endfacet
  facet normal 0.000000 0.000000 0.000000
    outer loop
      vertex -0.799750 -0.240400 1.681000
      vertex -0.686648 -0.287145 1.840333
      vertex -0.686648 -0.287145 1.681000
    endloop
  endfacet
  facet normal 0.000000 0.000000 0.000000
    outer loop
      vertex -0.686648 -0.287145 1.681000
      vertex -0.686648 -0.287145 1.840333
      vertex -0.639800 -0.400000 1.840333
    endloop
  endfacet
  facet normal 0.000000 0.000000 0.000000
    outer loop
      vertex -0.686648 -0.287145 1.681000
      vertex -0.639800 -0.400000 1.840333
      vertex -0.639800 -0.400000 1.681000
    endloop
  endfacet
  facet normal 0.000000 0.000000 0.000000
    outer loop
      vertex -1.439550 -0.400000 1.681000
      vertex -1.439550 -0.400000 1.840333
      vertex -1.486398 -0.512854 1.840333
    endloop
  endfacet
  facet normal 0.000000 0.000000 0.000000
    outer loop
      vertex -1.439550 -0.400000 1.681000
      vertex -1.486398 -0.512854 1.840333
      vertex -1.486398 -0.512854 1.681000
    endloop
  endfacet
  facet normal 0.000000 0.000000 0.000000
    outer loop
      vertex -1.486398 -0.512854 1.681000
      vertex -1.486398 -0.512854 1.840333
      vertex -1.599500 -0.559600 1.840333
    endloop
  endfacet
  facet normal 0.000000 0.000000 0.000000
    outer loop
      vertex -1.486398 -0.512854 1.681000
      vertex -1.599500 -0.559600 1.840333
      vertex -1.599500 -0.559600 1.681000
    endloop
  endfacet
  facet normal 0.000000 0.000000 0.000000
    outer loop
      vertex -1.599500 -0.559600 1.681000
      vertex -1.599500 -0.559600 1.840333
      vertex -1.712602 -0.512854 1.840333
    endloop
  endfacet
  facet normal 0.000000 0.000000 0.000000
    outer loop
      vertex -1.599500 -0.559600 1.681000
      vertex -1.712602 -0.512854 1.840333
      vertex -1.712602 -0.512854 1.681000
    endloop
  endfacet
  facet normal 0.000000 0.000000 0.000000
    outer loop
      vertex -1.712602 -0.512854 1.681000
      vertex -1.712602 -0.512854 1.840333
      vertex -1.759450 -0.400000 1.840333
    endloop
  endfacet
  facet normal 0.000000 0.000000 0.000000
    outer loop
      vertex -1.712602 -0.512854 1.681000
      vertex -1.759450 -0.400000 1.840333
      vertex -1.759450 -0.400000 1.681000
    endloop
  endfacet
  facet normal 0.000000 0.000000 0.000000
    outer loop
      vertex -1.759450 -0.400000 1.681000
      vertex -1.759450 -0.400000 1.840333
      vertex -1.712602 -0.287145 1.840333
    endloop
  endfacet
  facet normal 0.000000 0.000000 0.000000
    outer loop
      vertex -1.759450 -0.400000 1.681000
      vertex -1.712602 -0.287145 1.840333
      vertex -1.712602 -0.287145 1.681000
    endloop
  endfacet
  facet normal 0.000000 0.000000 0.000000
    outer loop
      vertex -1.712602 -0.287145 1.681000
      vertex -1.712602 -0.287145 1.840333
      vertex -1.599500 -0.240400 1.840333
    endloop
  endfacet
  facet normal 0.000000 0.000000 0.000000
    outer loop
      vertex -1.712602 -0.287145 1.681000
      vertex -1.599500 -0.240400 1.840333
      vertex -1.599500 -0.240400 1.681000
    endloop
  endfacet
  facet normal 0.000000 0.000000 0.000000
    outer loop
      vertex -1.599500 -0.240400 1.681000
      vertex -1.599500 -0.240400 1.840333
      vertex -1.486398 -0.287145 1.840333
    endloop
  endfacet
  facet normal 0.000000 0.000000 0.000000
    outer loop
      vertex -1.599500 -0.240400 1.681000
      vertex -1.486398 -0.287145 1.840333
      vertex -1.486398 -0.287145 1.681000
    endloop
  endfacet
  facet normal 0.000000 0.000000 0.000000
    outer loop
      vertex -1.486398 -0.287145 1.681000
      vertex -1.486398 -0.287145 1.840333
      vertex -1.439550 -0.400000 1.840333
    endloop
  endfacet
  facet normal 0.000000 0.000000 0.000000
    outer loop
      vertex -1.486398 -0.287145 1.681000
      vertex -1.439550 -0.400000 1.840333
      vertex -1.439550 -0.400000 1.681000
    endloop
  endfacet
  facet normal 0.000000 0.000000 0.000000
    outer loop
      vertex -2.239300 -0.400000 1.681000
      vertex -2.239300 -0.400000 1.840333
      vertex -2.286148 -0.512854 1.840333
    endloop
  endfacet
  facet normal 0.000000 0.000000 0.000000
    outer loop
      vertex -2.239300 -0.400000 1.681000
      vertex -2.286148 -0.512854 1.840333
      vertex -2.286148 -0.512854 1.681000
    endloop
  endfacet
  facet normal 0.000000 0.000000 0.000000
    outer loop
      vertex -2.286148 -0.512854 1.681000
      vertex -2.286148 -0.512854 1.840333
      vertex -2.399250 -0.559600 1.840333
    endloop
  endfacet
  facet normal 0.000000 0.000000 0.000000
    outer loop
      vertex -2.286148 -0.512854 1.681000
      vertex -2.399250 -0.559600 1.840333
      vertex -2.399250 -0.559600 1.681000
    endloop
  endfacet
  facet normal 0.000000 0.000000 0.000000
    outer loop
      vertex -2.399250 -0.559600 1.681000
      vertex -2.399250 -0.559600 1.840333
      vertex -2.512352 -0.512854 1.840333
    endloop
  endfacet
  facet normal 0.000000 0.000000 0.000000
    outer loop
      vertex -2.399250 -0.559600 1.681000
      vertex -2.512352 -0.512854 1.840333
      vertex -2.512352 -0.512854 1.681000
    endloop
  endfacet
  facet normal 0.000000 0.000000 0.000000
    outer loop
      vertex -2.512352 -0.512854 1.681000
      vertex -2.512352 -0.512854 1.840333
      vertex -2.559200 -0.400000 1.840333
    endloop
  endfacet
  facet normal 0.000000 0.000000 0.000000
    outer loop
      vertex -2.512352 -0.512854 1.681000
      vertex -2.559200 -0.400000 1.840333
      vertex -2.559200 -0.400000 1.681000
    endloop
  endfacet
  facet normal 0.000000 0.000000 0.000000
    outer loop
      vertex -2.559200 -0.400000 1.681000
      vertex -2.559200 -0.400000 1.840333
      vertex -2.512352 -0.287145 1.840333
    endloop
  endfacet
  facet normal 0.000000 0.000000 0.000000
    outer loop
      vertex -2.559200 -0.400000 1.681000
      vertex -2.512352 -0.287145 1.840333
      vertex -2.512352 -0.287145 1.681000
    endloop
  endfacet
  facet normal 0.000000 0.000000 0.000000
    outer loop
      vertex -2.512352 -0.287145 1.681000
      vertex -2.512352 -0.287145 1.840333
      vertex -2.399250 -0.240400 1.840333
    endloop
  endfacet
  facet normal 0.000000 0.000000 0.000000
    outer loop
      vertex -2.512352 -0.287145 1.681000
      vertex -2.399250 -0.240400 1.840333
      vertex -2.399250 -0.240400 1.681000
    endloop
  endfacet
  facet normal 0.000000 0.000000 0.000000
    outer loop
      vertex -2.399250 -0.240400 1.681000
      vertex -2.399250 -0.240400 1.840333
      vertex -2.286148 -0.287145 1.840333
    endloop
  endfacet
  facet normal 0.000000 0.000000 0.000000
    outer loop
      vertex -2.399250 -0.240400 1.681000
      vertex -2.286148 -0.287145 1.840333
      vertex -2.286148 -0.287145 1.681000
    endloop
  endfacet
  facet normal 0.000000 0.000000 0.000000
    outer loop
      vertex -2.286148 -0.287145 1.681000
      vertex -2.286148 -0.287145 1.840333
      vertex -2.239300 -0.400000 1.840333
    endloop
  endfacet
  facet normal 0.000000 0.000000 0.000000
    outer loop
      vertex -2.286148 -0.287145 1.681000
      vertex -2.239300 -0.400000 1.840333
      vertex -2.239300 -0.400000 1.681000
    endloop
  endfacet
  facet normal 0.000000 0.000000 0.000000
    outer loop
      vertex -3.039050 -0.160600 1.840333
      vertex 3.039050 -0.160600 1.840333
      vertex 3.039050 -0.639400 1.840333
    endloop
  endfacet
  facet normal 0.000000 0.000000 0.000000
    outer loop
      vertex -3.039050 -0.160600 1.840333
      vertex 3.039050 -0.639400 1.840333
      vertex -3.039050 -0.639400 1.840333
    endloop
  endfacet
  facet normal 0.000000 0.000000 0.000000
    outer loop
      vertex -3.039050 -0.160600 1.840333
      vertex -3.039050 -0.160600 1.681000
      vertex 3.039050 -0.160600 1.681000
    endloop
  endfacet
  facet normal 0.000000 0.000000 0.000000
    outer loop
      vertex -3.039050 -0.160600 1.840333
      vertex 3.039050 -0.160600 1.681000
      vertex 3.039050 -0.160600 1.840333
    endloop
  endfacet
  facet normal 0.000000 0.000000 0.000000
    outer loop
      vertex -3.039050 -0.639400 1.840333
      vertex -3.039050 -0.639400 1.681000
      vertex -3.039050 -0.160600 1.681000
    endloop
  endfacet
  facet normal 0.000000 0.000000 0.000000
    outer loop
      vertex -3.039050 -0.639400 1.840333
      vertex -3.039050 -0.160600 1.681000
      vertex -3.039050 -0.160600 1.840333
    endloop
  endfacet
  facet normal 0.000000 0.000000 0.000000
    outer loop
      vertex 3.039050 -0.639400 1.840333
      vertex 3.039050 -0.639400 1.681000
      vertex -3.039050 -0.639400 1.681000
    endloop
  endfacet
  facet normal 0.000000 0.000000 0.000000
    outer loop
      vertex 3.039050 -0.639400 1.840333
      vertex -3.039050 -0.639400 1.681000
      vertex -3.039050 -0.639400 1.840333
    endloop
  endfacet
  facet normal 0.000000 0.000000 0.000000
    outer loop
      vertex 3.039050 -0.160600 1.840333
      vertex 3.039050 -0.160600 1.681000
      vertex 3.039050 -0.639400 1.681000
    endloop
  endfacet
  facet normal 0.000000 0.000000 0.000000
    outer loop
      vertex 3.039050 -0.160600 1.840333
      vertex 3.039050 -0.639400 1.681000
      vertex 3.039050 -0.639400 1.840333
    endloop
  endfacet
  facet normal 0.000000 0.000000 0.000000
    outer loop
      vertex 3.199000 -0.799000 1.999667
      vertex 3.199000 -0.799000 1.681000
      vertex 3.199000 -0.001000 1.681000
    endloop
  endfacet
  facet normal 0.000000 0.000000 0.000000
    outer loop
      vertex 3.199000 -0.799000 1.999667
      vertex 3.199000 -0.001000 1.681000
      vertex 3.199000 -0.001000 1.999667
    endloop
  endfacet
  facet normal 0.000000 0.000000 0.000000
    outer loop
      vertex -3.199000 -0.799000 1.999667
      vertex -3.199000 -0.799000 1.681000
      vertex 3.199000 -0.799000 1.681000
    endloop
  endfacet
  facet normal 0.000000 0.000000 0.000000
    outer loop
      vertex -3.199000 -0.799000 1.999667
      vertex 3.199000 -0.799000 1.681000
      vertex 3.199000 -0.799000 1.999667
    endloop
  endfacet
  facet normal 0.000000 0.000000 0.000000
    outer loop
      vertex -3.199000 -0.001000 1.999667
      vertex -3.199000 -0.001000 1.681000
      vertex -3.199000 -0.799000 1.681000
    endloop
  endfacet
  facet normal 0.000000 0.000000 0.000000
    outer loop
      vertex -3.199000 -0.001000 1.999667
      vertex -3.199000 -0.799000 1.681000
      vertex -3.199000 -0.799000 1.999667
    endloop
  endfacet
  facet normal 0.000000 0.000000 0.000000
    outer loop
      vertex 3.199000 -0.001000 1.999667
      vertex 3.199000 -0.001000 1.681000
      vertex -3.199000 -0.001000 1.681000
    endloop
  endfacet
  facet normal 0.000000 0.000000 0.000000
    outer loop
      vertex 3.199000 -0.001000 1.999667
      vertex -3.199000 -0.001000 1.681000
      vertex -3.199000 -0.001000 1.999667
    endloop
  endfacet
  facet normal 0.000000 0.000000 0.000000
    outer loop
      vertex -3.199000 -0.799000 1.999667
      vertex 3.199000 -0.799000 1.999667
      vertex 3.199000 -0.001000 1.999667
    endloop
  endfacet
  facet normal 0.000000 0.000000 0.000000
    outer loop
      vertex -3.199000 -0.799000 1.999667
      vertex 3.199000 -0.001000 1.999667
      vertex -3.199000 -0.001000 1.999667
    endloop
  endfacet
  facet normal 0.000000 0.000000 0.000000
    outer loop
      vertex 3.039050 -0.400000 2.159000
      vertex 3.039050 -0.400000 1.999667
      vertex 2.968777 -0.230718 1.999667
    endloop
  endfacet
  facet normal 0.000000 0.000000 0.000000
    outer loop
      vertex 3.039050 -0.400000 2.159000
      vertex 2.968777 -0.230718 1.999667
      vertex 2.968777 -0.230718 2.159000
    endloop
  endfacet
  facet normal 0.000000 0.000000 0.000000
    outer loop
      vertex 2.968777 -0.230718 2.159000
      vertex 2.968777 -0.230718 1.999667
      vertex 2.799125 -0.160600 1.999667
    endloop
  endfacet
  facet normal 0.000000 0.000000 0.000000
    outer loop
      vertex 2.968777 -0.230718 2.159000
      vertex 2.799125 -0.160600 1.999667
      vertex 2.799125 -0.160600 2.159000
    endloop
  endfacet
  facet normal 0.000000 0.000000 0.000000
    outer loop
      vertex 2.799125 -0.160600 2.159000
      vertex 2.799125 -0.160600 1.999667
      vertex 2.629472 -0.230718 1.999667
    endloop
  endfacet
  facet normal 0.000000 0.000000 0.000000
    outer loop
      vertex 2.799125 -0.160600 2.159000
      vertex 2.629472 -0.230718 1.999667
      vertex 2.629472 -0.230718 2.159000
    endloop
  endfacet
  facet normal 0.000000 0.000000 0.000000
    outer loop
      vertex 2.629472 -0.230718 2.159000
      vertex 2.629472 -0.230718 1.999667
      vertex 2.559200 -0.400000 1.999667
    endloop
  endfacet
  facet normal 0.000000 0.000000 0.000000
    outer loop
      vertex 2.629472 -0.230718 2.159000
      vertex 2.559200 -0.400000 1.999667
      vertex 2.559200 -0.400000 2.159000
    endloop
  endfacet
  facet normal 0.000000 0.000000 0.000000
    outer loop
      vertex 2.559200 -0.400000 2.159000
      vertex 2.559200 -0.400000 1.999667
      vertex 2.629472 -0.569281 1.999667
    endloop
  endfacet
  facet normal 0.000000 0.000000 0.000000
    outer loop
      vertex 2.559200 -0.400000 2.159000
      vertex 2.629472 -0.569281 1.999667
      vertex 2.629472 -0.569281 2.159000
    endloop
  endfacet
  facet normal 0.000000 0.000000 0.000000
    outer loop
      vertex 2.629472 -0.569281 2.159000
      vertex 2.629472 -0.569281 1.999667
      vertex 2.799125 -0.639400 1.999667
    endloop
  endfacet
  facet normal 0.000000 0.000000 0.000000
    outer loop
      vertex 2.629472 -0.569281 2.159000
      vertex 2.799125 -0.639400 1.999667
      vertex 2.799125 -0.639400 2.159000
    endloop
  endfacet
  facet normal 0.000000 0.000000 0.000000
    outer loop
      vertex 2.799125 -0.639400 2.159000
      vertex 2.799125 -0.639400 1.999667
      vertex 2.968778 -0.569281 1.999667
    endloop
  endfacet
  facet normal 0.000000 0.000000 0.000000
    outer loop
      vertex 2.799125 -0.639400 2.159000
      vertex 2.968778 -0.569281 1.999667
      vertex 2.968778 -0.569281 2.159000
    endloop
  endfacet
  facet normal 0.000000 0.000000 0.000000
    outer loop
      vertex 2.968778 -0.569281 2.159000
      vertex 2.968778 -0.569281 1.999667
      vertex 3.039050 -0.400000 1.999667
    endloop
  endfacet
  facet normal 0.000000 0.000000 0.000000
    outer loop
      vertex 2.968778 -0.569281 2.159000
      vertex 3.039050 -0.400000 1.999667
      vertex 3.039050 -0.400000 2.159000
    endloop
  endfacet
  facet normal 0.000000 0.000000 0.000000
    outer loop
      vertex 2.239300 -0.400000 2.159000
      vertex 2.239300 -0.400000 1.999667
      vertex 2.169028 -0.230718 1.999667
    endloop
  endfacet
  facet normal 0.000000 0.000000 0.000000
    outer loop
      vertex 2.239300 -0.400000 2.159000
      vertex 2.169028 -0.230718 1.999667
      vertex 2.169028 -0.230718 2.159000
    endloop
  endfacet
  facet normal 0.000000 0.000000 0.000000
    outer loop
      vertex 2.169028 -0.230718 2.159000
      vertex 2.169028 -0.230718 1.999667
      vertex 1.999375 -0.160600 1.999667
    endloop
  endfacet
  facet normal 0.000000 0.000000 0.000000
    outer loop
      vertex 2.169028 -0.230718 2.159000
      vertex 1.999375 -0.160600 1.999667
      vertex 1.999375 -0.160600 2.159000
    endloop
  endfacet
  facet normal 0.000000 0.000000 0.000000
    outer loop
      vertex 1.999375 -0.160600 2.159000
      vertex 1.999375 -0.160600 1.999667
      vertex 1.829722 -0.230718 1.999667
    endloop
  endfacet
  facet normal 0.000000 0.000000 0.000000
    outer loop
      vertex 1.999375 -0.160600 2.159000
      vertex 1.829722 -0.230718 1.999667
      vertex 1.829722 -0.230718 2.159000
    endloop
  endfacet
  facet normal 0.000000 0.000000 0.000000
    outer loop
      vertex 1.829722 -0.230718 2.159000
      vertex 1.829722 -0.230718 1.999667
      vertex 1.759450 -0.400000 1.999667
    endloop
  endfacet
  facet normal 0.000000 0.000000 0.000000
    outer loop
      vertex 1.829722 -0.230718 2.159000
      vertex 1.759450 -0.400000 1.999667
      vertex 1.759450 -0.400000 2.159000
    endloop
  endfacet
  facet normal 0.000000 0.000000 0.000000
    outer loop
      vertex 1.759450 -0.400000 2.159000
      vertex 1.759450 -0.400000 1.999667
      vertex 1.829722 -0.569281 1.999667
    endloop
  endfacet
  facet normal 0.000000 0.000000 0.000000
    outer loop
      vertex 1.759450 -0.400000 2.159000
      vertex 1.829722 -0.569281 1.999667
      vertex 1.829722 -0.569281 2.159000
    endloop
  endfacet
  facet normal 0.000000 0.000000 0.000000
    outer loop
      vertex 1.829722 -0.569281 2.159000
      vertex 1.829722 -0.569281 1.999667
      vertex 1.999375 -0.639400 1.999667
    endloop
  endfacet
  facet normal 0.000000 0.000000 0.000000
    outer loop
      vertex 1.829722 -0.569281 2.159000
      vertex 1.999375 -0.639400 1.999667
      vertex 1.999375 -0.639400 2.159000
    endloop
  endfacet
  facet normal 0.000000 0.000000 0.000000
    outer loop
      vertex 1.999375 -0.639400 2.159000
      vertex 1.999375 -0.639400 1.999667
      vertex 2.169028 -0.569281 1.999667
    endloop
  endfacet
  facet normal 0.000000 0.000000 0.000000
    outer loop
      vertex 1.999375 -0.639400 2.159000
      vertex 2.169028 -0.569281 1.999667
      vertex 2.169028 -0.569281 2.159000
    endloop
  endfacet
  facet normal 0.000000 0.000000 0.000000
    outer loop
      vertex 2.169028 -0.569281 2.159000
      vertex 2.169028 -0.569281 1.999667
      vertex 2.239300 -0.400000 1.999667
    endloop
  endfacet
  facet normal 0.000000 0.000000 0.000000
    outer loop
      vertex 2.169028 -0.569281 2.159000
      vertex 2.239300 -0.400000 1.999667
      vertex 2.239300 -0.400000 2.159000
    endloop
  endfacet
  facet normal 0.000000 0.000000 0.000000
    outer loop
      vertex 1.439550 -0.400000 2.159000
      vertex 1.439550 -0.400000 1.999667
      vertex 1.369278 -0.230718 1.999667
    endloop
  endfacet
  facet normal 0.000000 0.000000 0.000000
    outer loop
      vertex 1.439550 -0.400000 2.159000
      vertex 1.369278 -0.230718 1.999667
      vertex 1.369278 -0.230718 2.159000
    endloop
  endfacet
  facet normal 0.000000 0.000000 0.000000
    outer loop
      vertex 1.369278 -0.230718 2.159000
      vertex 1.369278 -0.230718 1.999667
      vertex 1.199625 -0.160600 1.999667
    endloop
  endfacet
  facet normal 0.000000 0.000000 0.000000
    outer loop
      vertex 1.369278 -0.230718 2.159000
      vertex 1.199625 -0.160600 1.999667
      vertex 1.199625 -0.160600 2.159000
    endloop
  endfacet
  facet normal 0.000000 0.000000 0.000000
    outer loop
      vertex 1.199625 -0.160600 2.159000
      vertex 1.199625 -0.160600 1.999667
      vertex 1.029972 -0.230718 1.999667
    endloop
  endfacet
  facet normal 0.000000 0.000000 0.000000
    outer loop
      vertex 1.199625 -0.160600 2.159000
      vertex 1.029972 -0.230718 1.999667
      vertex 1.029972 -0.230718 2.159000
    endloop
  endfacet
  facet normal 0.000000 0.000000 0.000000
    outer loop
      vertex 1.029972 -0.230718 2.159000
      vertex 1.029972 -0.230718 1.999667
      vertex 0.959700 -0.400000 1.999667
    endloop
  endfacet
  facet normal 0.000000 0.000000 0.000000
    outer loop
      vertex 1.029972 -0.230718 2.159000
      vertex 0.959700 -0.400000 1.999667
      vertex 0.959700 -0.400000 2.159000
    endloop
  endfacet
  facet normal 0.000000 0.000000 0.000000
    outer loop
      vertex 0.959700 -0.400000 2.159000
      vertex 0.959700 -0.400000 1.999667
      vertex 1.029972 -0.569281 1.999667
    endloop
  endfacet
  facet normal 0.000000 0.000000 0.000000
    outer loop
      vertex 0.959700 -0.400000 2.159000
      vertex 1.029972 -0.569281 1.999667
      vertex 1.029972 -0.569281 2.159000
    endloop
  endfacet
  facet normal 0.000000 0.000000 0.000000
    outer loop
      vertex 1.029972 -0.569281 2.159000
      vertex 1.029972 -0.569281 1.999667
      vertex 1.199625 -0.639400 1.999667
    endloop
  endfacet
  facet normal 0.000000 0.000000 0.000000
    outer loop
      vertex 1.029972 -0.569281 2.159000
      vertex 1.199625 -0.639400 1.999667
      vertex 1.199625 -0.639400 2.159000
    endloop
  endfacet
  facet normal 0.000000 0.000000 0.000000
    outer loop
      vertex 1.199625 -0.639400 2.159000
      vertex 1.199625 -0.639400 1.999667
      vertex 1.369278 -0.569281 1.999667
    endloop
  endfacet
  facet normal 0.000000 0.000000 0.000000
    outer loop
      vertex 1.199625 -0.639400 2.159000
      vertex 1.369278 -0.569281 1.999667
      vertex 1.369278 -0.569281 2.159000
    endloop
  endfacet
  facet normal 0.000000 0.000000 0.000000
    outer loop
      vertex 1.369278 -0.569281 2.159000
      vertex 1.369278 -0.569281 1.999667
      vertex 1.439550 -0.400000 1.999667
    endloop
  endfacet
  facet normal 0.000000 0.000000 0.000000
    outer loop
      vertex 1.369278 -0.569281 2.159000
      vertex 1.439550 -0.400000 1.999667
      vertex 1.439550 -0.400000 2.159000
    endloop
  endfacet
  facet normal 0.000000 0.000000 0.000000
    outer loop
      vertex 0.639800 -0.400000 2.159000
      vertex 0.639800 -0.400000 1.999667
      vertex 0.569528 -0.230718 1.999667
    endloop
  endfacet
  facet normal 0.000000 0.000000 0.000000
    outer loop
      vertex 0.639800 -0.400000 2.159000
      vertex 0.569528 -0.230718 1.999667
      vertex 0.569528 -0.230718 2.159000
    endloop
  endfacet
  facet normal 0.000000 0.000000 0.000000
    outer loop
      vertex 0.569528 -0.230718 2.159000
      vertex 0.569528 -0.230718 1.999667
      vertex 0.399875 -0.160600 1.999667
    endloop
  endfacet
  facet normal 0.000000 0.000000 0.000000
    outer loop
      vertex 0.569528 -0.230718 2.159000
      vertex 0.399875 -0.160600 1.999667
      vertex 0.399875 -0.160600 2.159000
    endloop
  endfacet
  facet normal 0.000000 0.000000 0.000000
    outer loop
      vertex 0.399875 -0.160600 2.159000
      vertex 0.399875 -0.160600 1.999667
      vertex 0.230222 -0.230718 1.999667
    endloop
  endfacet
  facet normal 0.000000 0.000000 0.000000
    outer loop
      vertex 0.399875 -0.160600 2.159000
      vertex 0.230222 -0.230718 1.999667
      vertex 0.230222 -0.230718 2.159000
    endloop
  endfacet
  facet normal 0.000000 0.000000 0.000000
    outer loop
      vertex 0.230222 -0.230718 2.159000
      vertex 0.230222 -0.230718 1.999667
      vertex 0.159950 -0.400000 1.999667
    endloop
  endfacet
  facet normal 0.000000 0.000000 0.000000
    outer loop
      vertex 0.230222 -0.230718 2.159000
      vertex 0.159950 -0.400000 1.999667
      vertex 0.159950 -0.400000 2.159000
    endloop
  endfacet
  facet normal 0.000000 0.000000 0.000000
    outer loop
      vertex 0.159950 -0.400000 2.159000
      vertex 0.159950 -0.400000 1.999667
      vertex 0.230222 -0.569281 1.999667
    endloop
  endfacet
  facet normal 0.000000 0.000000 0.000000
    outer loop
      vertex 0.159950 -0.400000 2.159000
      vertex 0.230222 -0.569281 1.999667
      vertex 0.230222 -0.569281 2.159000
    endloop
  endfacet
  facet normal 0.000000 0.000000 0.000000
    outer loop
      vertex 0.230222 -0.569281 2.159000
      vertex 0.230222 -0.569281 1.999667
      vertex 0.399875 -0.639400 1.999667
    endloop
  endfacet
  facet normal 0.000000 0.000000 0.000000
    outer loop
      vertex 0.230222 -0.569281 2.159000
      vertex 0.399875 -0.639400 1.999667
      vertex 0.399875 -0.639400 2.159000
    endloop
  endfacet
  facet normal 0.000000 0.000000 0.000000
    outer loop
      vertex 0.399875 -0.639400 2.159000
      vertex 0.399875 -0.639400 1.999667
      vertex 0.569528 -0.569281 1.999667
    endloop
  endfacet
  facet normal 0.000000 0.000000 0.000000
    outer loop
      vertex 0.399875 -0.639400 2.159000
      vertex 0.569528 -0.569281 1.999667
      vertex 0.569528 -0.569281 2.159000
    endloop
  endfacet
  facet normal 0.000000 0.000000 0.000000
    outer loop
      vertex 0.569528 -0.569281 2.159000
      vertex 0.569528 -0.569281 1.999667
      vertex 0.639800 -0.400000 1.999667
    endloop
  endfacet
  facet normal 0.000000 0.000000 0.000000
    outer loop
      vertex 0.569528 -0.569281 2.159000
      vertex 0.639800 -0.400000 1.999667
      vertex 0.639800 -0.400000 2.159000
    endloop
  endfacet
  facet normal 0.000000 0.000000 0.000000
    outer loop
      vertex -0.159950 -0.400000 2.159000
      vertex -0.159950 -0.400000 1.999667
      vertex -0.230222 -0.230718 1.999667
    endloop
  endfacet
  facet normal 0.000000 0.000000 0.000000
    outer loop
      vertex -0.159950 -0.400000 2.159000
      vertex -0.230222 -0.230718 1.999667
      vertex -0.230222 -0.230718 2.159000
    endloop
  endfacet
  facet normal 0.000000 0.000000 0.000000
    outer loop
      vertex -0.230222 -0.230718 2.159000
      vertex -0.230222 -0.230718 1.999667
      vertex -0.399875 -0.160600 1.999667
    endloop
  endfacet
  facet normal 0.000000 0.000000 0.000000
    outer loop
      vertex -0.230222 -0.230718 2.159000
      vertex -0.399875 -0.160600 1.999667
      vertex -0.399875 -0.160600 2.159000
    endloop
  endfacet
  facet normal 0.000000 0.000000 0.000000
    outer loop
      vertex -0.399875 -0.160600 2.159000
      vertex -0.399875 -0.160600 1.999667
      vertex -0.569528 -0.230718 1.999667
    endloop
  endfacet
  facet normal 0.000000 0.000000 0.000000
    outer loop
      vertex -0.399875 -0.160600 2.159000
      vertex -0.569528 -0.230718 1.999667
      vertex -0.569528 -0.230718 2.159000
    endloop
  endfacet
  facet normal 0.000000 0.000000 0.000000
    outer loop
      vertex -0.569528 -0.230718 2.159000
      vertex -0.569528 -0.230718 1.999667
      vertex -0.639800 -0.400000 1.999667
    endloop
  endfacet
  facet normal 0.000000 0.000000 0.000000
    outer loop
      vertex -0.569528 -0.230718 2.159000
      vertex -0.639800 -0.400000 1.999667
      vertex -0.639800 -0.400000 2.159000
    endloop
  endfacet
  facet normal 0.000000 0.000000 0.000000
    outer loop
      vertex -0.639800 -0.400000 2.159000
      vertex -0.639800 -0.400000 1.999667
      vertex -0.569528 -0.569281 1.999667
    endloop
  endfacet
  facet normal 0.000000 0.000000 0.000000
    outer loop
      vertex -0.639800 -0.400000 2.159000
      vertex -0.569528 -0.569281 1.999667
      vertex -0.569528 -0.569281 2.159000
    endloop
  endfacet
  facet normal 0.000000 0.000000 0.000000
    outer loop
      vertex -0.569528 -0.569281 2.159000
      vertex -0.569528 -0.569281 1.999667
      vertex -0.399875 -0.639400 1.999667
    endloop
  endfacet
  facet normal 0.000000 0.000000 0.000000
    outer loop
      vertex -0.569528 -0.569281 2.159000
      vertex -0.399875 -0.639400 1.999667
      vertex -0.399875 -0.639400 2.159000
    endloop
  endfacet
  facet normal 0.000000 0.000000 0.000000
    outer loop
      vertex -0.399875 -0.639400 2.159000
      vertex -0.399875 -0.639400 1.999667
      vertex -0.230222 -0.569281 1.999667
    endloop
  endfacet
  facet normal 0.000000 0.000000 0.000000
    outer loop
      vertex -0.399875 -0.639400 2.159000
      vertex -0.230222 -0.569281 1.999667
      vertex -0.230222 -0.569281 2.159000
    endloop
  endfacet
  facet normal 0.000000 0.000000 0.000000
    outer loop
      vertex -0.230222 -0.569281 2.159000
      vertex -0.230222 -0.569281 1.999667
      vertex -0.159950 -0.400000 1.999667
    endloop
  endfacet
  facet normal 0.000000 0.000000 0.000000
    outer loop
      vertex -0.230222 -0.569281 2.159000
      vertex -0.159950 -0.400000 1.999667
      vertex -0.159950 -0.400000 2.159000
    endloop
  endfacet
  facet normal 0.000000 0.000000 0.000000
    outer loop
      vertex -0.959700 -0.400000 2.159000
      vertex -0.959700 -0.400000 1.999667
      vertex -1.029972 -0.230718 1.999667
    endloop
  endfacet
  facet normal 0.000000 0.000000 0.000000
    outer loop
      vertex -0.959700 -0.400000 2.159000
      vertex -1.029972 -0.230718 1.999667
      vertex -1.029972 -0.230718 2.159000
    endloop
  endfacet
  facet normal 0.000000 0.000000 0.000000
    outer loop
      vertex -1.029972 -0.230718 2.159000
      vertex -1.029972 -0.230718 1.999667
      vertex -1.199625 -0.160600 1.999667
    endloop
  endfacet
  facet normal 0.000000 0.000000 0.000000
    outer loop
      vertex -1.029972 -0.230718 2.159000
      vertex -1.199625 -0.160600 1.999667
      vertex -1.199625 -0.160600 2.159000
    endloop
  endfacet
  facet normal 0.000000 0.000000 0.000000
    outer loop
      vertex -1.199625 -0.160600 2.159000
      vertex -1.199625 -0.160600 1.999667
      vertex -1.369278 -0.230718 1.999667
    endloop
  endfacet
  facet normal 0.000000 0.000000 0.000000
    outer loop
      vertex -1.199625 -0.160600 2.159000
      vertex -1.369278 -0.230718 1.999667
      vertex -1.369278 -0.230718 2.159000
    endloop
  endfacet
  facet normal 0.000000 0.000000 0.000000
    outer loop
      vertex -1.369278 -0.230718 2.159000
      vertex -1.369278 -0.230718 1.999667
      vertex -1.439550 -0.400000 1.999667
    endloop
  endfacet
  facet normal 0.000000 0.000000 0.000000
    outer loop
      vertex -1.369278 -0.230718 2.159000
      vertex -1.439550 -0.400000 1.999667
      vertex -1.439550 -0.400000 2.159000
    endloop
  endfacet
  facet normal 0.000000 0.000000 0.000000
    outer loop
      vertex -1.439550 -0.400000 2.159000
      vertex -1.439550 -0.400000 1.999667
      vertex -1.369278 -0.569281 1.999667
    endloop
  endfacet
  facet normal 0.000000 0.000000 0.000000
    outer loop
      vertex -1.439550 -0.400000 2.159000
      vertex -1.369278 -0.569281 1.999667
      vertex -1.369278 -0.569281 2.159000
    endloop
  endfacet
  facet normal 0.000000 0.000000 0.000000
    outer loop
      vertex -1.369278 -0.569281 2.159000
      vertex -1.369278 -0.569281 1.999667
      vertex -1.199625 -0.639400 1.999667
    endloop
  endfacet
  facet normal 0.000000 0.000000 0.000000
    outer loop
      vertex -1.369278 -0.569281 2.159000
      vertex -1.199625 -0.639400 1.999667
      vertex -1.199625 -0.639400 2.159000
    endloop
  endfacet
  facet normal 0.000000 0.000000 0.000000
    outer loop
      vertex -1.199625 -0.639400 2.159000
      vertex -1.199625 -0.639400 1.999667
      vertex -1.029972 -0.569281 1.999667
    endloop
  endfacet
  facet normal 0.000000 0.000000 0.000000
    outer loop
      vertex -1.199625 -0.639400 2.159000
      vertex -1.029972 -0.569281 1.999667
      vertex -1.029972 -0.569281 2.159000
    endloop
  endfacet
  facet normal 0.000000 0.000000 0.000000
    outer loop
      vertex -1.029972 -0.569281 2.159000
      vertex -1.029972 -0.569281 1.999667
      vertex -0.959700 -0.400000 1.999667
    endloop
  endfacet
  facet normal 0.000000 0.000000 0.000000
    outer loop
      vertex -1.029972 -0.569281 2.159000
      vertex -0.959700 -0.400000 1.999667
      vertex -0.959700 -0.400000 2.159000
    endloop
  endfacet
  facet normal 0.000000 0.000000 0.000000
    outer loop
      vertex -1.759450 -0.400000 2.159000
      vertex -1.759450 -0.400000 1.999667
      vertex -1.829722 -0.230718 1.999667
    endloop
  endfacet
  facet normal 0.000000 0.000000 0.000000
    outer loop
      vertex -1.759450 -0.400000 2.159000
      vertex -1.829722 -0.230718 1.999667
      vertex -1.829722 -0.230718 2.159000
    endloop
  endfacet
  facet normal 0.000000 0.000000 0.000000
    outer loop
      vertex -1.829722 -0.230718 2.159000
      vertex -1.829722 -0.230718 1.999667
      vertex -1.999375 -0.160600 1.999667
    endloop
  endfacet
  facet normal 0.000000 0.000000 0.000000
    outer loop
      vertex -1.829722 -0.230718 2.159000
      vertex -1.999375 -0.160600 1.999667
      vertex -1.999375 -0.160600 2.159000
    endloop
  endfacet
  facet normal 0.000000 0.000000 0.000000
    outer loop
      vertex -1.999375 -0.160600 2.159000
      vertex -1.999375 -0.160600 1.999667
      vertex -2.169028 -0.230718 1.999667
    endloop
  endfacet
  facet normal 0.000000 0.000000 0.000000
    outer loop
      vertex -1.999375 -0.160600 2.159000
      vertex -2.169028 -0.230718 1.999667
      vertex -2.169028 -0.230718 2.159000
    endloop
  endfacet
  facet normal 0.000000 0.000000 0.000000
    outer loop
      vertex -2.169028 -0.230718 2.159000
      vertex -2.169028 -0.230718 1.999667
      vertex -2.239300 -0.400000 1.999667
    endloop
  endfacet
  facet normal 0.000000 0.000000 0.000000
    outer loop
      vertex -2.169028 -0.230718 2.159000
      vertex -2.239300 -0.400000 1.999667
      vertex -2.239300 -0.400000 2.159000
    endloop
  endfacet
  facet normal 0.000000 0.000000 0.000000
    outer loop
      vertex -2.239300 -0.400000 2.159000
      vertex -2.239300 -0.400000 1.999667
      vertex -2.169028 -0.569281 1.999667
    endloop
  endfacet
  facet normal 0.000000 0.000000 0.000000
    outer loop
      vertex -2.239300 -0.400000 2.159000
      vertex -2.169028 -0.569281 1.999667
      vertex -2.169028 -0.569281 2.159000
    endloop
  endfacet
  facet normal 0.000000 0.000000 0.000000
    outer loop
      vertex -2.169028 -0.569281 2.159000
      vertex -2.169028 -0.569281 1.999667
      vertex -1.999375 -0.639400 1.999667
    endloop
  endfacet
  facet normal 0.000000 0.000000 0.000000
    outer loop
      vertex -2.169028 -0.569281 2.159000
      vertex -1.999375 -0.639400 1.999667
      vertex -1.999375 -0.639400 2.159000
    endloop
  endfacet
  facet normal 0.000000 0.000000 0.000000
    outer loop
      vertex -1.999375 -0.639400 2.159000
      vertex -1.999375 -0.639400 1.999667
      vertex -1.829722 -0.569281 1.999667
    endloop
  endfacet
  facet normal 0.000000 0.000000 0.000000
    outer loop
      vertex -1.999375 -0.639400 2.159000
      vertex -1.829722 -0.569281 1.999667
      vertex -1.829722 -0.569281 2.159000
    endloop
  endfacet
  facet normal 0.000000 0.000000 0.000000
    outer loop
      vertex -1.829722 -0.569281 2.159000
      vertex -1.829722 -0.569281 1.999667
      vertex -1.759450 -0.400000 1.999667
    endloop
  endfacet
  facet normal 0.000000 0.000000 0.000000
    outer loop
      vertex -1.829722 -0.569281 2.159000
      vertex -1.759450 -0.400000 1.999667
      vertex -1.759450 -0.400000 2.159000
    endloop
  endfacet
  facet normal 0.000000 0.000000 0.000000
    outer loop
      vertex -2.559200 -0.400000 2.159000
      vertex -2.559200 -0.400000 1.999667
      vertex -2.629472 -0.230718 1.999667
    endloop
  endfacet
  facet normal 0.000000 0.000000 0.000000
    outer loop
      vertex -2.559200 -0.400000 2.159000
      vertex -2.629472 -0.230718 1.999667
      vertex -2.629472 -0.230718 2.159000
    endloop
  endfacet
  facet normal 0.000000 0.000000 0.000000
    outer loop
      vertex -2.629472 -0.230718 2.159000
      vertex -2.629472 -0.230718 1.999667
      vertex -2.799125 -0.160600 1.999667
    endloop
  endfacet
  facet normal 0.000000 0.000000 0.000000
    outer loop
      vertex -2.629472 -0.230718 2.159000
      vertex -2.799125 -0.160600 1.999667
      vertex -2.799125 -0.160600 2.159000
    endloop
  endfacet
  facet normal 0.000000 0.000000 0.000000
    outer loop
      vertex -2.799125 -0.160600 2.159000
      vertex -2.799125 -0.160600 1.999667
      vertex -2.968777 -0.230718 1.999667
    endloop
  endfacet
  facet normal 0.000000 0.000000 0.000000
    outer loop
      vertex -2.799125 -0.160600 2.159000
      vertex -2.968777 -0.230718 1.999667
      vertex -2.968777 -0.230718 2.159000
    endloop
  endfacet
  facet normal 0.000000 0.000000 0.000000
    outer loop
      vertex -2.968777 -0.230718 2.159000
      vertex -2.968777 -0.230718 1.999667
      vertex -3.039050 -0.400000 1.999667
    endloop
  endfacet
  facet normal 0.000000 0.000000 0.000000
    outer loop
      vertex -2.968777 -0.230718 2.159000
      vertex -3.039050 -0.400000 1.999667
      vertex -3.039050 -0.400000 2.159000
    endloop
  endfacet
  facet normal 0.000000 0.000000 0.000000
    outer loop
      vertex -3.039050 -0.400000 2.159000
      vertex -3.039050 -0.400000 1.999667
      vertex -2.968777 -0.569281 1.999667
    endloop
  endfacet
  facet normal 0.000000 0.000000 0.000000
    outer loop
      vertex -3.039050 -0.400000 2.159000
      vertex -2.968777 -0.569281 1.999667
      vertex -2.968777 -0.569281 2.159000
    endloop
  endfacet
  facet normal 0.000000 0.000000 0.000000
    outer loop
      vertex -2.968777 -0.569281 2.159000
      vertex -2.968777 -0.569281 1.999667
      vertex -2.799125 -0.639400 1.999667
    endloop
  endfacet
  facet normal 0.000000 0.000000 0.000000
    outer loop
      vertex -2.968777 -0.569281 2.159000
      vertex -2.799125 -0.639400 1.999667
      vertex -2.799125 -0.639400 2.159000
    endloop
  endfacet
  facet normal 0.000000 0.000000 0.000000
    outer loop
      vertex -2.799125 -0.639400 2.159000
      vertex -2.799125 -0.639400 1.999667
      vertex -2.629472 -0.569281 1.999667
    endloop
  endfacet
  facet normal 0.000000 0.000000 0.000000
    outer loop
      vertex -2.799125 -0.639400 2.159000
      vertex -2.629472 -0.569281 1.999667
      vertex -2.629472 -0.569281 2.159000
    endloop
  endfacet
  facet normal 0.000000 0.000000 0.000000
    outer loop
      vertex -2.629472 -0.569281 2.159000
      vertex -2.629472 -0.569281 1.999667
      vertex -2.559200 -0.400000 1.999667
    endloop
  endfacet
  facet normal 0.000000 0.000000 0.000000
    outer loop
      vertex -2.629472 -0.569281 2.159000
      vertex -2.559200 -0.400000 1.999667
      vertex -2.559200 -0.400000 2.159000
    endloop
  endfacet
  facet normal 0.000000 0.000000 0.000000
    outer loop
      vertex 2.799125 -0.400000 2.159000
      vertex 3.039050 -0.400000 2.159000
      vertex 2.968777 -0.230718 2.159000
    endloop
  endfacet
  facet normal 0.000000 0.000000 0.000000
    outer loop
      vertex 2.799125 -0.400000 2.159000
      vertex 2.968777 -0.230718 2.159000
      vertex 2.799125 -0.160600 2.159000
    endloop
  endfacet
  facet normal 0.000000 0.000000 0.000000
    outer loop
      vertex 2.799125 -0.400000 2.159000
      vertex 2.799125 -0.160600 2.159000
      vertex 2.629472 -0.230718 2.159000
    endloop
  endfacet
  facet normal 0.000000 0.000000 0.000000
    outer loop
      vertex 2.799125 -0.400000 2.159000
      vertex 2.629472 -0.230718 2.159000
      vertex 2.559200 -0.400000 2.159000
    endloop
  endfacet
  facet normal 0.000000 0.000000 0.000000
    outer loop
      vertex 2.799125 -0.400000 2.159000
      vertex 2.559200 -0.400000 2.159000
      vertex 2.629472 -0.569281 2.159000
    endloop
  endfacet
  facet normal 0.000000 0.000000 0.000000
    outer loop
      vertex 2.799125 -0.400000 2.159000
      vertex 2.629472 -0.569281 2.159000
      vertex 2.799125 -0.639400 2.159000
    endloop
  endfacet
  facet normal 0.000000 0.000000 0.000000
    outer loop
      vertex 2.799125 -0.400000 2.159000
      vertex 2.799125 -0.639400 2.159000
      vertex 2.968778 -0.569281 2.159000
    endloop
  endfacet
  facet normal 0.000000 0.000000 0.000000
    outer loop
      vertex 2.799125 -0.400000 2.159000
      vertex 2.968778 -0.569281 2.159000
      vertex 3.039050 -0.400000 2.159000
    endloop
  endfacet
  facet normal 0.000000 0.000000 0.000000
    outer loop
      vertex 1.999375 -0.400000 2.159000
      vertex 2.239300 -0.400000 2.159000
      vertex 2.169028 -0.230718 2.159000
    endloop
  endfacet
  facet normal 0.000000 0.000000 0.000000
    outer loop
      vertex 1.999375 -0.400000 2.159000
      vertex 2.169028 -0.230718 2.159000
      vertex 1.999375 -0.160600 2.159000
    endloop
  endfacet
  facet normal 0.000000 0.000000 0.000000
    outer loop
      vertex 1.999375 -0.400000 2.159000
      vertex 1.999375 -0.160600 2.159000
      vertex 1.829722 -0.230718 2.159000
    endloop
  endfacet
  facet normal 0.000000 0.000000 0.000000
    outer loop
      vertex 1.999375 -0.400000 2.159000
      vertex 1.829722 -0.230718 2.159000
      vertex 1.759450 -0.400000 2.159000
    endloop
  endfacet
  facet normal 0.000000 0.000000 0.000000
    outer loop
      vertex 1.999375 -0.400000 2.159000
      vertex 1.759450 -0.400000 2.159000
      vertex 1.829722 -0.569281 2.159000
    endloop
  endfacet
  facet normal 0.000000 0.000000 0.000000
    outer loop
      vertex 1.999375 -0.400000 2.159000
      vertex 1.829722 -0.569281 2.159000
      vertex 1.999375 -0.639400 2.159000
    endloop
  endfacet
  facet normal 0.000000 0.000000 0.000000
    outer loop
      vertex 1.999375 -0.400000 2.159000
      vertex 1.999375 -0.639400 2.159000
      vertex 2.169028 -0.569281 2.159000
    endloop
  endfacet
  facet normal 0.000000 0.000000 0.000000
    outer loop
      vertex 1.999375 -0.400000 2.159000
      vertex 2.169028 -0.569281 2.159000
      vertex 2.239300 -0.400000 2.159000
    endloop
  endfacet
  facet normal 0.000000 0.000000 0.000000
    outer loop
      vertex 1.199625 -0.400000 2.159000
      vertex 1.439550 -0.400000 2.159000
      vertex 1.369278 -0.230718 2.159000
    endloop
  endfacet
  facet normal 0.000000 0.000000 0.000000
    outer loop
      vertex 1.199625 -0.400000 2.159000
      vertex 1.369278 -0.230718 2.159000
      vertex 1.199625 -0.160600 2.159000
    endloop
  endfacet
  facet normal 0.000000 0.000000 0.000000
    outer loop
      vertex 1.199625 -0.400000 2.159000
      vertex 1.199625 -0.160600 2.159000
      vertex 1.029972 -0.230718 2.159000
    endloop
  endfacet
  facet normal 0.000000 0.000000 0.000000
    outer loop
      vertex 1.199625 -0.400000 2.159000
      vertex 1.029972 -0.230718 2.159000
      vertex 0.959700 -0.400000 2.159000
    endloop
  endfacet
  facet normal 0.000000 0.000000 0.000000
    outer loop
      vertex 1.199625 -0.400000 2.159000
      vertex 0.959700 -0.400000 2.159000
      vertex 1.029972 -0.569281 2.159000
    endloop
  endfacet
  facet normal 0.000000 0.000000 0.000000
    outer loop
      vertex 1.199625 -0.400000 2.159000
      vertex 1.029972 -0.569281 2.159000
      vertex 1.199625 -0.639400 2.159000
    endloop
  endfacet
  facet normal 0.000000 0.000000 0.000000
    outer loop
      vertex 1.199625 -0.400000 2.159000
      vertex 1.199625 -0.639400 2.159000
      vertex 1.369278 -0.569281 2.159000
    endloop
  endfacet
  facet normal 0.000000 0.000000 0.000000
    outer loop
      vertex 1.199625 -0.400000 2.159000
      vertex 1.369278 -0.569281 2.159000
      vertex 1.439550 -0.400000 2.159000
    endloop
  endfacet
  facet normal 0.000000 0.000000 0.000000
    outer loop
      vertex 0.399875 -0.400000 2.159000
      vertex 0.639800 -0.400000 2.159000
      vertex 0.569528 -0.230718 2.159000
    endloop
  endfacet
  facet normal 0.000000 0.000000 0.000000
    outer loop
      vertex 0.399875 -0.400000 2.159000
      vertex 0.569528 -0.230718 2.159000
      vertex 0.399875 -0.160600 2.159000
    endloop
  endfacet
  facet normal 0.000000 0.000000 0.000000
    outer loop
      vertex 0.399875 -0.400000 2.159000
      vertex 0.399875 -0.160600 2.159000
      vertex 0.230222 -0.230718 2.159000
    endloop
  endfacet
  facet normal 0.000000 0.000000 0.000000
    outer loop
      vertex 0.399875 -0.400000 2.159000
      vertex 0.230222 -0.230718 2.159000
      vertex 0.159950 -0.400000 2.159000
    endloop
  endfacet
  facet normal 0.000000 0.000000 0.000000
    outer loop
      vertex 0.399875 -0.400000 2.159000
      vertex 0.159950 -0.400000 2.159000
      vertex 0.230222 -0.569281 2.159000
    endloop
  endfacet
  facet normal 0.000000 0.000000 0.000000
    outer loop
      vertex 0.399875 -0.400000 2.159000
      vertex 0.230222 -0.569281 2.159000
      vertex 0.399875 -0.639400 2.159000
    endloop
  endfacet
  facet normal 0.000000 0.000000 0.000000
    outer loop
      vertex 0.399875 -0.400000 2.159000
      vertex 0.399875 -0.639400 2.159000
      vertex 0.569528 -0.569281 2.159000
    endloop
  endfacet
  facet normal 0.000000 0.000000 0.000000
    outer loop
      vertex 0.399875 -0.400000 2.159000
      vertex 0.569528 -0.569281 2.159000
      vertex 0.639800 -0.400000 2.159000
    endloop
  endfacet
  facet normal 0.000000 0.000000 0.000000
    outer loop
      vertex -0.399875 -0.400000 2.159000
      vertex -0.159950 -0.400000 2.159000
      vertex -0.230222 -0.230718 2.159000
    endloop
  endfacet
  facet normal 0.000000 0.000000 0.000000
    outer loop
      vertex -0.399875 -0.400000 2.159000
      vertex -0.230222 -0.230718 2.159000
      vertex -0.399875 -0.160600 2.159000
    endloop
  endfacet
  facet normal 0.000000 0.000000 0.000000
    outer loop
      vertex -0.399875 -0.400000 2.159000
      vertex -0.399875 -0.160600 2.159000
      vertex -0.569528 -0.230718 2.159000
    endloop
  endfacet
  facet normal 0.000000 0.000000 0.000000
    outer loop
      vertex -0.399875 -0.400000 2.159000
      vertex -0.569528 -0.230718 2.159000
      vertex -0.639800 -0.400000 2.159000
    endloop
  endfacet
  facet normal 0.000000 0.000000 0.000000
    outer loop
      vertex -0.399875 -0.400000 2.159000
      vertex -0.639800 -0.400000 2.159000
      vertex -0.569528 -0.569281 2.159000
    endloop
  endfacet
  facet normal 0.000000 0.000000 0.000000
    outer loop
      vertex -0.399875 -0.400000 2.159000
      vertex -0.569528 -0.569281 2.159000
      vertex -0.399875 -0.639400 2.159000
    endloop
  endfacet
  facet normal 0.000000 0.000000 0.000000
    outer loop
      vertex -0.399875 -0.400000 2.159000
      vertex -0.399875 -0.639400 2.159000
      vertex -0.230222 -0.569281 2.159000
    endloop
  endfacet
  facet normal 0.000000 0.000000 0.000000
    outer loop
      vertex -0.399875 -0.400000 2.159000
      vertex -0.230222 -0.569281 2.159000
      vertex -0.159950 -0.400000 2.159000
    endloop
  endfacet
  facet normal 0.000000 0.000000 0.000000
    outer loop
      vertex -1.199625 -0.400000 2.159000
      vertex -0.959700 -0.400000 2.159000
      vertex -1.029972 -0.230718 2.159000
    endloop
  endfacet
  facet normal 0.000000 0.000000 0.000000
    outer loop
      vertex -1.199625 -0.400000 2.159000
      vertex -1.029972 -0.230718 2.159000
      vertex -1.199625 -0.160600 2.159000
    endloop
  endfacet
  facet normal 0.000000 0.000000 0.000000
    outer loop
      vertex -1.199625 -0.400000 2.159000
      vertex -1.199625 -0.160600 2.159000
      vertex -1.369278 -0.230718 2.159000
    endloop
  endfacet
  facet normal 0.000000 0.000000 0.000000
    outer loop
      vertex -1.199625 -0.400000 2.159000
      vertex -1.369278 -0.230718 2.159000
      vertex -1.439550 -0.400000 2.159000
    endloop
  endfacet
  facet normal 0.000000 0.000000 0.000000
    outer loop
      vertex -1.199625 -0.400000 2.159000
      vertex -1.439550 -0.400000 2.159000
      vertex -1.369278 -0.569281 2.159000
    endloop
  endfacet
  facet normal 0.000000 0.000000 0.000000
    outer loop
      vertex -1.199625 -0.400000 2.159000
      vertex -1.369278 -0.569281 2.159000
      vertex -1.199625 -0.639400 2.159000
    endloop
  endfacet
  facet normal 0.000000 0.000000 0.000000
    outer loop
      vertex -1.199625 -0.400000 2.159000
      vertex -1.199625 -0.639400 2.159000
      vertex -1.029972 -0.569281 2.159000
    endloop
  endfacet
  facet normal 0.000000 0.000000 0.000000
    outer loop
      vertex -1.199625 -0.400000 2.159000
      vertex -1.029972 -0.569281 2.159000
      vertex -0.959700 -0.400000 2.159000
    endloop
  endfacet
  facet normal 0.000000 0.000000 0.000000
    outer loop
      vertex -1.999375 -0.400000 2.159000
      vertex -1.759450 -0.400000 2.159000
      vertex -1.829722 -0.230718 2.159000
    endloop
  endfacet
  facet normal 0.000000 0.000000 0.000000
    outer loop
      vertex -1.999375 -0.400000 2.159000
      vertex -1.829722 -0.230718 2.159000
      vertex -1.999375 -0.160600 2.159000
    endloop
  endfacet
  facet normal 0.000000 0.000000 0.000000
    outer loop
      vertex -1.999375 -0.400000 2.159000
      vertex -1.999375 -0.160600 2.159000
      vertex -2.169028 -0.230718 2.159000
    endloop
  endfacet
  facet normal 0.000000 0.000000 0.000000
    outer loop
      vertex -1.999375 -0.400000 2.159000
      vertex -2.169028 -0.230718 2.159000
      vertex -2.239300 -0.400000 2.159000
    endloop
  endfacet
  facet normal 0.000000 0.000000 0.000000
    outer loop
      vertex -1.999375 -0.400000 2.159000
      vertex -2.239300 -0.400000 2.159000
      vertex -2.169028 -0.569281 2.159000
    endloop
  endfacet
  facet normal 0.000000 0.000000 0.000000
    outer loop
      vertex -1.999375 -0.400000 2.159000
      vertex -2.169028 -0.569281 2.159000
      vertex -1.999375 -0.639400 2.159000
    endloop
  endfacet
  facet normal 0.000000 0.000000 0.000000
    outer loop
      vertex -1.999375 -0.400000 2.159000
      vertex -1.999375 -0.639400 2.159000
      vertex -1.829722 -0.569281 2.159000
    endloop
  endfacet
  facet normal 0.000000 0.000000 0.000000
    outer loop
      vertex -1.999375 -0.400000 2.159000
      vertex -1.829722 -0.569281 2.159000
      vertex -1.759450 -0.400000 2.159000
    endloop
  endfacet
  facet normal 0.000000 0.000000 0.000000
    outer loop
      vertex -2.799125 -0.400000 2.159000
      vertex -2.559200 -0.400000 2.159000
      vertex -2.629472 -0.230718 2.159000
    endloop
  endfacet
  facet normal 0.000000 0.000000 0.000000
    outer loop
      vertex -2.799125 -0.400000 2.159000
      vertex -2.629472 -0.230718 2.159000
      vertex -2.799125 -0.160600 2.159000
    endloop
  endfacet
  facet normal 0.000000 0.000000 0.000000
    outer loop
      vertex -2.799125 -0.400000 2.159000
      vertex -2.799125 -0.160600 2.159000
      vertex -2.968777 -0.230718 2.159000
    endloop
  endfacet
  facet normal 0.000000 0.000000 0.000000
    outer loop
      vertex -2.799125 -0.400000 2.159000
      vertex -2.968777 -0.230718 2.159000
      vertex -3.039050 -0.400000 2.159000
    endloop
  endfacet
  facet normal 0.000000 0.000000 0.000000
    outer loop
      vertex -2.799125 -0.400000 2.159000
      vertex -3.039050 -0.400000 2.159000
      vertex -2.968777 -0.569281 2.159000
    endloop
  endfacet
  facet normal 0.000000 0.000000 0.000000
    outer loop
      vertex -2.799125 -0.400000 2.159000
      vertex -2.968777 -0.569281 2.159000
      vertex -2.799125 -0.639400 2.159000
    endloop
  endfacet
  facet normal 0.000000 0.000000 0.000000
    outer loop
      vertex -2.799125 -0.400000 2.159000
      vertex -2.799125 -0.639400 2.159000
      vertex -2.629472 -0.569281 2.159000
    endloop
  endfacet
  facet normal 0.000000 0.000000 0.000000
    outer loop
      vertex -2.799125 -0.400000 2.159000
      vertex -2.629472 -0.569281 2.159000
      vertex -2.559200 -0.400000 2.159000
    endloop
  endfacet
  facet normal 0.000000 0.000000 0.000000
    outer loop
      vertex 2.559200 -0.399999 2.000999
      vertex 2.512352 -0.512853 2.000999
      vertex 2.399250 -0.399999 2.000999
    endloop
  endfacet
  facet normal 0.000000 0.000000 0.000000
    outer loop
      vertex 2.512352 -0.512853 2.000999
      vertex 2.399250 -0.559599 2.000999
      vertex 2.399250 -0.399999 2.000999
    endloop
  endfacet
  facet normal 0.000000 0.000000 0.000000
    outer loop
      vertex 2.399250 -0.559599 2.000999
      vertex 2.286148 -0.512853 2.000999
      vertex 2.399250 -0.399999 2.000999
    endloop
  endfacet
  facet normal 0.000000 0.000000 0.000000
    outer loop
      vertex 2.286148 -0.512853 2.000999
      vertex 2.239300 -0.399999 2.000999
      vertex 2.399250 -0.399999 2.000999
    endloop
  endfacet
  facet normal 0.000000 0.000000 0.000000
    outer loop
      vertex 2.239300 -0.399999 2.000999
      vertex 2.286148 -0.287145 2.000999
      vertex 2.399250 -0.399999 2.000999
    endloop
  endfacet
  facet normal 0.000000 0.000000 0.000000
    outer loop
      vertex 2.286148 -0.287145 2.000999
      vertex 2.399250 -0.240399 2.000999
      vertex 2.399250 -0.399999 2.000999
    endloop
  endfacet
  facet normal 0.000000 0.000000 0.000000
    outer loop
      vertex 2.399250 -0.240399 2.000999
      vertex 2.512352 -0.287145 2.000999
      vertex 2.399250 -0.399999 2.000999
    endloop
  endfacet
  facet normal 0.000000 0.000000 0.000000
    outer loop
      vertex 2.512352 -0.287145 2.000999
      vertex 2.559200 -0.399999 2.000999
      vertex 2.399250 -0.399999 2.000999
    endloop
  endfacet
  facet normal 0.000000 0.000000 0.000000
    outer loop
      vertex 1.759450 -0.399999 2.000999
      vertex 1.712602 -0.512853 2.000999
      vertex 1.599500 -0.399999 2.000999
    endloop
  endfacet
  facet normal 0.000000 0.000000 0.000000
    outer loop
      vertex 1.712602 -0.512853 2.000999
      vertex 1.599500 -0.559599 2.000999
      vertex 1.599500 -0.399999 2.000999
    endloop
  endfacet
  facet normal 0.000000 0.000000 0.000000
    outer loop
      vertex 1.599500 -0.559599 2.000999
      vertex 1.486398 -0.512853 2.000999
      vertex 1.599500 -0.399999 2.000999
    endloop
  endfacet
  facet normal 0.000000 0.000000 0.000000
    outer loop
      vertex 1.486398 -0.512853 2.000999
      vertex 1.439550 -0.399999 2.000999
      vertex 1.599500 -0.399999 2.000999
    endloop
  endfacet
  facet normal 0.000000 0.000000 0.000000
    outer loop
      vertex 1.439550 -0.399999 2.000999
      vertex 1.486398 -0.287145 2.000999
      vertex 1.599500 -0.399999 2.000999
    endloop
  endfacet
  facet normal 0.000000 0.000000 0.000000
    outer loop
      vertex 1.486398 -0.287145 2.000999
      vertex 1.599500 -0.240399 2.000999
      vertex 1.599500 -0.399999 2.000999
    endloop
  endfacet
  facet normal 0.000000 0.000000 0.000000
    outer loop
      vertex 1.599500 -0.240399 2.000999
      vertex 1.712602 -0.287145 2.000999
      vertex 1.599500 -0.399999 2.000999
    endloop
  endfacet
  facet normal 0.000000 0.000000 0.000000
    outer loop
      vertex 1.712602 -0.287145 2.000999
      vertex 1.759450 -0.399999 2.000999
      vertex 1.599500 -0.399999 2.000999
    endloop
  endfacet
  facet normal 0.000000 0.000000 0.000000
    outer loop
      vertex 0.959700 -0.399999 2.000999
      vertex 0.912852 -0.512853 2.000999
      vertex 0.799750 -0.399999 2.000999
    endloop
  endfacet
  facet normal 0.000000 0.000000 0.000000
    outer loop
      vertex 0.912852 -0.512853 2.000999
      vertex 0.799750 -0.559599 2.000999
      vertex 0.799750 -0.399999 2.000999
    endloop
  endfacet
  facet normal 0.000000 0.000000 0.000000
    outer loop
      vertex 0.799750 -0.559599 2.000999
      vertex 0.686648 -0.512853 2.000999
      vertex 0.799750 -0.399999 2.000999
    endloop
  endfacet
  facet normal 0.000000 0.000000 0.000000
    outer loop
      vertex 0.686648 -0.512853 2.000999
      vertex 0.639800 -0.399999 2.000999
      vertex 0.799750 -0.399999 2.000999
    endloop
  endfacet
  facet normal 0.000000 0.000000 0.000000
    outer loop
      vertex 0.639800 -0.399999 2.000999
      vertex 0.686648 -0.287145 2.000999
      vertex 0.799750 -0.399999 2.000999
    endloop
  endfacet
  facet normal 0.000000 0.000000 0.000000
    outer loop
      vertex 0.686648 -0.287145 2.000999
      vertex 0.799750 -0.240399 2.000999
      vertex 0.799750 -0.399999 2.000999
    endloop
  endfacet
  facet normal 0.000000 0.000000 0.000000
    outer loop
      vertex 0.799750 -0.240399 2.000999
      vertex 0.912852 -0.287145 2.000999
      vertex 0.799750 -0.399999 2.000999
    endloop
  endfacet
  facet normal 0.000000 0.000000 0.000000
    outer loop
      vertex 0.912852 -0.287145 2.000999
      vertex 0.959700 -0.399999 2.000999
      vertex 0.799750 -0.399999 2.000999
    endloop
  endfacet
  facet normal 0.000000 0.000000 0.000000
    outer loop
      vertex 0.159950 -0.399999 2.000999
      vertex 0.113102 -0.512853 2.000999
      vertex 0.000000 -0.399999 2.000999
    endloop
  endfacet
  facet normal 0.000000 0.000000 0.000000
    outer loop
      vertex 0.113102 -0.512853 2.000999
      vertex 0.000000 -0.559599 2.000999
      vertex 0.000000 -0.399999 2.000999
    endloop
  endfacet
  facet normal 0.000000 0.000000 0.000000
    outer loop
      vertex 0.000000 -0.559599 2.000999
      vertex -0.113102 -0.512853 2.000999
      vertex 0.000000 -0.399999 2.000999
    endloop
  endfacet
  facet normal 0.000000 0.000000 0.000000
    outer loop
      vertex -0.113102 -0.512853 2.000999
      vertex -0.159950 -0.399999 2.000999
      vertex 0.000000 -0.399999 2.000999
    endloop
  endfacet
  facet normal 0.000000 0.000000 0.000000
    outer loop
      vertex -0.159950 -0.399999 2.000999
      vertex -0.113102 -0.287145 2.000999
      vertex 0.000000 -0.399999 2.000999
    endloop
  endfacet
  facet normal 0.000000 0.000000 0.000000
    outer loop
      vertex -0.113102 -0.287145 2.000999
      vertex -0.000000 -0.240399 2.000999
      vertex 0.000000 -0.399999 2.000999
    endloop
  endfacet
  facet normal 0.000000 0.000000 0.000000
    outer loop
      vertex -0.000000 -0.240399 2.000999
      vertex 0.113102 -0.287145 2.000999
      vertex 0.000000 -0.399999 2.000999
    endloop
  endfacet
  facet normal 0.000000 0.000000 0.000000
    outer loop
      vertex 0.113102 -0.287145 2.000999
      vertex 0.159950 -0.399999 2.000999
      vertex 0.000000 -0.399999 2.000999
    endloop
  endfacet
  facet normal 0.000000 0.000000 0.000000
    outer loop
      vertex -0.639800 -0.399999 2.000999
      vertex -0.686648 -0.512853 2.000999
      vertex -0.799750 -0.399999 2.000999
    endloop
  endfacet
  facet normal 0.000000 0.000000 0.000000
    outer loop
      vertex -0.686648 -0.512853 2.000999
      vertex -0.799750 -0.559599 2.000999
      vertex -0.799750 -0.399999 2.000999
    endloop
  endfacet
  facet normal 0.000000 0.000000 0.000000
    outer loop
      vertex -0.799750 -0.559599 2.000999
      vertex -0.912852 -0.512853 2.000999
      vertex -0.799750 -0.399999 2.000999
    endloop
  endfacet
  facet normal 0.000000 0.000000 0.000000
    outer loop
      vertex -0.912852 -0.512853 2.000999
      vertex -0.959700 -0.399999 2.000999
      vertex -0.799750 -0.399999 2.000999
    endloop
  endfacet
  facet normal 0.000000 0.000000 0.000000
    outer loop
      vertex -0.959700 -0.399999 2.000999
      vertex -0.912852 -0.287145 2.000999
      vertex -0.799750 -0.399999 2.000999
    endloop
  endfacet
  facet normal 0.000000 0.000000 0.000000
    outer loop
      vertex -0.912852 -0.287145 2.000999
      vertex -0.799750 -0.240399 2.000999
      vertex -0.799750 -0.399999 2.000999
    endloop
  endfacet
  facet normal 0.000000 0.000000 0.000000
    outer loop
      vertex -0.799750 -0.240399 2.000999
      vertex -0.686648 -0.287145 2.000999
      vertex -0.799750 -0.399999 2.000999
    endloop
  endfacet
  facet normal 0.000000 0.000000 0.000000
    outer loop
      vertex -0.686648 -0.287145 2.000999
      vertex -0.639800 -0.399999 2.000999
      vertex -0.799750 -0.399999 2.000999
    endloop
  endfacet
  facet normal 0.000000 0.000000 0.000000
    outer loop
      vertex -1.439550 -0.399999 2.000999
      vertex -1.486398 -0.512853 2.000999
      vertex -1.599500 -0.399999 2.000999
    endloop
  endfacet
  facet normal 0.000000 0.000000 0.000000
    outer loop
      vertex -1.486398 -0.512853 2.000999
      vertex -1.599500 -0.559599 2.000999
      vertex -1.599500 -0.399999 2.000999
    endloop
  endfacet
  facet normal 0.000000 0.000000 0.000000
    outer loop
      vertex -1.599500 -0.559599 2.000999
      vertex -1.712602 -0.512853 2.000999
      vertex -1.599500 -0.399999 2.000999
    endloop
  endfacet
  facet normal 0.000000 0.000000 0.000000
    outer loop
      vertex -1.712602 -0.512853 2.000999
      vertex -1.759450 -0.399999 2.000999
      vertex -1.599500 -0.399999 2.000999
    endloop
  endfacet
  facet normal 0.000000 0.000000 0.000000
    outer loop
      vertex -1.759450 -0.399999 2.000999
      vertex -1.712602 -0.287145 2.000999
      vertex -1.599500 -0.399999 2.000999
    endloop
  endfacet
  facet normal 0.000000 0.000000 0.000000
    outer loop
      vertex -1.712602 -0.287145 2.000999
      vertex -1.599500 -0.240399 2.000999
      vertex -1.599500 -0.399999 2.000999
    endloop
  endfacet
  facet normal 0.000000 0.000000 0.000000
    outer loop
      vertex -1.599500 -0.240399 2.000999
      vertex -1.486398 -0.287145 2.000999
      vertex -1.599500 -0.399999 2.000999
    endloop
  endfacet
  facet normal 0.000000 0.000000 0.000000
    outer loop
      vertex -1.486398 -0.287145 2.000999
      vertex -1.439550 -0.399999 2.000999
      vertex -1.599500 -0.399999 2.000999
    endloop
  endfacet
  facet normal 0.000000 0.000000 0.000000
    outer loop
      vertex -2.239300 -0.399999 2.000999
      vertex -2.286148 -0.512853 2.000999
      vertex -2.399250 -0.399999 2.000999
    endloop
  endfacet
  facet normal 0.000000 0.000000 0.000000
    outer loop
      vertex -2.286148 -0.512853 2.000999
      vertex -2.399250 -0.559599 2.000999
      vertex -2.399250 -0.399999 2.000999
    endloop
  endfacet
  facet normal 0.000000 0.000000 0.000000
    outer loop
      vertex -2.399250 -0.559599 2.000999
      vertex -2.512352 -0.512853 2.000999
      vertex -2.399250 -0.399999 2.000999
    endloop
  endfacet
  facet normal 0.000000 0.000000 0.000000
    outer loop
      vertex -2.512352 -0.512853 2.000999
      vertex -2.559200 -0.399999 2.000999
      vertex -2.399250 -0.399999 2.000999
    endloop
  endfacet
  facet normal 0.000000 0.000000 0.000000
    outer loop
      vertex -2.559200 -0.399999 2.000999
      vertex -2.512352 -0.287145 2.000999
      vertex -2.399250 -0.399999 2.000999
    endloop
  endfacet
  facet normal 0.000000 0.000000 0.000000
    outer loop
      vertex -2.512352 -0.287145 2.000999
      vertex -2.399250 -0.240399 2.000999
      vertex -2.399250 -0.399999 2.000999
    endloop
  endfacet
  facet normal 0.000000 0.000000 0.000000
    outer loop
      vertex -2.399250 -0.240399 2.000999
      vertex -2.286148 -0.287145 2.000999
      vertex -2.399250 -0.399999 2.000999
    endloop
  endfacet
  facet normal 0.000000 0.000000 0.000000
    outer loop
      vertex -2.286148 -0.287145 2.000999
      vertex -2.239300 -0.399999 2.000999
      vertex -2.399250 -0.399999 2.000999
    endloop
  endfacet
  facet normal 0.000000 0.000000 0.000000
    outer loop
      vertex 3.199000 -0.000999 2.000999
      vertex 3.039050 -0.160599 2.000999
      vertex -3.039050 -0.160599 2.000999
    endloop
  endfacet
  facet normal 0.000000 0.000000 0.000000
    outer loop
      vertex 3.199000 -0.000999 2.000999
      vertex -3.039050 -0.160599 2.000999
      vertex -3.199000 -0.000999 2.000999
    endloop
  endfacet
  facet normal 0.000000 0.000000 0.000000
    outer loop
      vertex -3.199000 -0.000999 2.000999
      vertex -3.039050 -0.160599 2.000999
      vertex -3.039050 -0.639399 2.000999
    endloop
  endfacet
  facet normal 0.000000 0.000000 0.000000
    outer loop
      vertex -3.199000 -0.000999 2.000999
      vertex -3.039050 -0.639399 2.000999
      vertex -3.199000 -0.798999 2.000999
    endloop
  endfacet
  facet normal 0.000000 0.000000 0.000000
    outer loop
      vertex -3.199000 -0.798999 2.000999
      vertex -3.039050 -0.639399 2.000999
      vertex 3.039050 -0.639399 2.000999
    endloop
  endfacet
  facet normal 0.000000 0.000000 0.000000
    outer loop
      vertex -3.199000 -0.798999 2.000999
      vertex 3.039050 -0.639399 2.000999
      vertex 3.199000 -0.798999 2.000999
    endloop
  endfacet
  facet normal 0.000000 0.000000 0.000000
    outer loop
      vertex 3.199000 -0.798999 2.000999
      vertex 3.039050 -0.639399 2.000999
      vertex 3.039050 -0.160599 2.000999
    endloop
  endfacet
  facet normal 0.000000 0.000000 0.000000
    outer loop
      vertex 3.199000 -0.798999 2.000999
      vertex 3.039050 -0.160599 2.000999
      vertex 3.199000 -0.000999 2.000999
    endloop
  endfacet
  facet normal 0.000000 0.000000 0.000000
    outer loop
      vertex 2.559200 -0.399999 2.000999
      vertex 2.559200 -0.399999 2.160333
      vertex 2.512352 -0.512853 2.160333
    endloop
  endfacet
  facet normal 0.000000 0.000000 0.000000
    outer loop
      vertex 2.559200 -0.399999 2.000999
      vertex 2.512352 -0.512853 2.160333
      vertex 2.512352 -0.512853 2.000999
    endloop
  endfacet
  facet normal 0.000000 0.000000 0.000000
    outer loop
      vertex 2.512352 -0.512853 2.000999
      vertex 2.512352 -0.512853 2.160333
      vertex 2.399250 -0.559599 2.160333
    endloop
  endfacet
  facet normal 0.000000 0.000000 0.000000
    outer loop
      vertex 2.512352 -0.512853 2.000999
      vertex 2.399250 -0.559599 2.160333
      vertex 2.399250 -0.559599 2.000999
    endloop
  endfacet
  facet normal 0.000000 0.000000 0.000000
    outer loop
      vertex 2.399250 -0.559599 2.000999
      vertex 2.399250 -0.559599 2.160333
      vertex 2.286148 -0.512853 2.160333
    endloop
  endfacet
  facet normal 0.000000 0.000000 0.000000
    outer loop
      vertex 2.399250 -0.559599 2.000999
      vertex 2.286148 -0.512853 2.160333
      vertex 2.286148 -0.512853 2.000999
    endloop
  endfacet
  facet normal 0.000000 0.000000 0.000000
    outer loop
      vertex 2.286148 -0.512853 2.000999
      vertex 2.286148 -0.512853 2.160333
      vertex 2.239300 -0.399999 2.160333
    endloop
  endfacet
  facet normal 0.000000 0.000000 0.000000
    outer loop
      vertex 2.286148 -0.512853 2.000999
      vertex 2.239300 -0.399999 2.160333
      vertex 2.239300 -0.399999 2.000999
    endloop
  endfacet
  facet normal 0.000000 0.000000 0.000000
    outer loop
      vertex 2.239300 -0.399999 2.000999
      vertex 2.239300 -0.399999 2.160333
      vertex 2.286148 -0.287145 2.160333
    endloop
  endfacet
  facet normal 0.000000 0.000000 0.000000
    outer loop
      vertex 2.239300 -0.399999 2.000999
      vertex 2.286148 -0.287145 2.160333
      vertex 2.286148 -0.287145 2.000999
    endloop
  endfacet
  facet normal 0.000000 0.000000 0.000000
    outer loop
      vertex 2.286148 -0.287145 2.000999
      vertex 2.286148 -0.287145 2.160333
      vertex 2.399250 -0.240399 2.160333
    endloop
  endfacet
  facet normal 0.000000 0.000000 0.000000
    outer loop
      vertex 2.286148 -0.287145 2.000999
      vertex 2.399250 -0.240399 2.160333
      vertex 2.399250 -0.240399 2.000999
    endloop
  endfacet
  facet normal 0.000000 0.000000 0.000000
    outer loop
      vertex 2.399250 -0.240399 2.000999
      vertex 2.399250 -0.240399 2.160333
      vertex 2.512352 -0.287145 2.160333
    endloop
  endfacet
  facet normal 0.000000 0.000000 0.000000
    outer loop
      vertex 2.399250 -0.240399 2.000999
      vertex 2.512352 -0.287145 2.160333
      vertex 2.512352 -0.287145 2.000999
    endloop
  endfacet
  facet normal 0.000000 0.000000 0.000000
    outer loop
      vertex 2.512352 -0.287145 2.000999
      vertex 2.512352 -0.287145 2.160333
      vertex 2.559200 -0.399999 2.160333
    endloop
  endfacet
  facet normal 0.000000 0.000000 0.000000
    outer loop
      vertex 2.512352 -0.287145 2.000999
      vertex 2.559200 -0.399999 2.160333
      vertex 2.559200 -0.399999 2.000999
    endloop
  endfacet
  facet normal 0.000000 0.000000 0.000000
    outer loop
      vertex 1.759450 -0.399999 2.000999
      vertex 1.759450 -0.399999 2.160333
      vertex 1.712602 -0.512853 2.160333
    endloop
  endfacet
  facet normal 0.000000 0.000000 0.000000
    outer loop
      vertex 1.759450 -0.399999 2.000999
      vertex 1.712602 -0.512853 2.160333
      vertex 1.712602 -0.512853 2.000999
    endloop
  endfacet
  facet normal 0.000000 0.000000 0.000000
    outer loop
      vertex 1.712602 -0.512853 2.000999
      vertex 1.712602 -0.512853 2.160333
      vertex 1.599500 -0.559599 2.160333
    endloop
  endfacet
  facet normal 0.000000 0.000000 0.000000
    outer loop
      vertex 1.712602 -0.512853 2.000999
      vertex 1.599500 -0.559599 2.160333
      vertex 1.599500 -0.559599 2.000999
    endloop
  endfacet
  facet normal 0.000000 0.000000 0.000000
    outer loop
      vertex 1.599500 -0.559599 2.000999
      vertex 1.599500 -0.559599 2.160333
      vertex 1.486398 -0.512853 2.160333
    endloop
  endfacet
  facet normal 0.000000 0.000000 0.000000
    outer loop
      vertex 1.599500 -0.559599 2.000999
      vertex 1.486398 -0.512853 2.160333
      vertex 1.486398 -0.512853 2.000999
    endloop
  endfacet
  facet normal 0.000000 0.000000 0.000000
    outer loop
      vertex 1.486398 -0.512853 2.000999
      vertex 1.486398 -0.512853 2.160333
      vertex 1.439550 -0.399999 2.160333
    endloop
  endfacet
  facet normal 0.000000 0.000000 0.000000
    outer loop
      vertex 1.486398 -0.512853 2.000999
      vertex 1.439550 -0.399999 2.160333
      vertex 1.439550 -0.399999 2.000999
    endloop
  endfacet
  facet normal 0.000000 0.000000 0.000000
    outer loop
      vertex 1.439550 -0.399999 2.000999
      vertex 1.439550 -0.399999 2.160333
      vertex 1.486398 -0.287145 2.160333
    endloop
  endfacet
  facet normal 0.000000 0.000000 0.000000
    outer loop
      vertex 1.439550 -0.399999 2.000999
      vertex 1.486398 -0.287145 2.160333
      vertex 1.486398 -0.287145 2.000999
    endloop
  endfacet
  facet normal 0.000000 0.000000 0.000000
    outer loop
      vertex 1.486398 -0.287145 2.000999
      vertex 1.486398 -0.287145 2.160333
      vertex 1.599500 -0.240399 2.160333
    endloop
  endfacet
  facet normal 0.000000 0.000000 0.000000
    outer loop
      vertex 1.486398 -0.287145 2.000999
      vertex 1.599500 -0.240399 2.160333
      vertex 1.599500 -0.240399 2.000999
    endloop
  endfacet
  facet normal 0.000000 0.000000 0.000000
    outer loop
      vertex 1.599500 -0.240399 2.000999
      vertex 1.599500 -0.240399 2.160333
      vertex 1.712602 -0.287145 2.160333
    endloop
  endfacet
  facet normal 0.000000 0.000000 0.000000
    outer loop
      vertex 1.599500 -0.240399 2.000999
      vertex 1.712602 -0.287145 2.160333
      vertex 1.712602 -0.287145 2.000999
    endloop
  endfacet
  facet normal 0.000000 0.000000 0.000000
    outer loop
      vertex 1.712602 -0.287145 2.000999
      vertex 1.712602 -0.287145 2.160333
      vertex 1.759450 -0.399999 2.160333
    endloop
  endfacet
  facet normal 0.000000 0.000000 0.000000
    outer loop
      vertex 1.712602 -0.287145 2.000999
      vertex 1.759450 -0.399999 2.160333
      vertex 1.759450 -0.399999 2.000999
    endloop
  endfacet
  facet normal 0.000000 0.000000 0.000000
    outer loop
      vertex 0.959700 -0.399999 2.000999
      vertex 0.959700 -0.399999 2.160333
      vertex 0.912852 -0.512853 2.160333
    endloop
  endfacet
  facet normal 0.000000 0.000000 0.000000
    outer loop
      vertex 0.959700 -0.399999 2.000999
      vertex 0.912852 -0.512853 2.160333
      vertex 0.912852 -0.512853 2.000999
    endloop
  endfacet
  facet normal 0.000000 0.000000 0.000000
    outer loop
      vertex 0.912852 -0.512853 2.000999
      vertex 0.912852 -0.512853 2.160333
      vertex 0.799750 -0.559599 2.160333
    endloop
  endfacet
  facet normal 0.000000 0.000000 0.000000
    outer loop
      vertex 0.912852 -0.512853 2.000999
      vertex 0.799750 -0.559599 2.160333
      vertex 0.799750 -0.559599 2.000999
    endloop
  endfacet
  facet normal 0.000000 0.000000 0.000000
    outer loop
      vertex 0.799750 -0.559599 2.000999
      vertex 0.799750 -0.559599 2.160333
      vertex 0.686648 -0.512853 2.160333
    endloop
  endfacet
  facet normal 0.000000 0.000000 0.000000
    outer loop
      vertex 0.799750 -0.559599 2.000999
      vertex 0.686648 -0.512853 2.160333
      vertex 0.686648 -0.512853 2.000999
    endloop
  endfacet
  facet normal 0.000000 0.000000 0.000000
    outer loop
      vertex 0.686648 -0.512853 2.000999
      vertex 0.686648 -0.512853 2.160333
      vertex 0.639800 -0.399999 2.160333
    endloop
  endfacet
  facet normal 0.000000 0.000000 0.000000
    outer loop
      vertex 0.686648 -0.512853 2.000999
      vertex 0.639800 -0.399999 2.160333
      vertex 0.639800 -0.399999 2.000999
    endloop
  endfacet
  facet normal 0.000000 0.000000 0.000000
    outer loop
      vertex 0.639800 -0.399999 2.000999
      vertex 0.639800 -0.399999 2.160333
      vertex 0.686648 -0.287145 2.160333
    endloop
  endfacet
  facet normal 0.000000 0.000000 0.000000
    outer loop
      vertex 0.639800 -0.399999 2.000999
      vertex 0.686648 -0.287145 2.160333
      vertex 0.686648 -0.287145 2.000999
    endloop
  endfacet
  facet normal 0.000000 0.000000 0.000000
    outer loop
      vertex 0.686648 -0.287145 2.000999
      vertex 0.686648 -0.287145 2.160333
      vertex 0.799750 -0.240399 2.160333
    endloop
  endfacet
  facet normal 0.000000 0.000000 0.000000
    outer loop
      vertex 0.686648 -0.287145 2.000999
      vertex 0.799750 -0.240399 2.160333
      vertex 0.799750 -0.240399 2.000999
    endloop
  endfacet
  facet normal 0.000000 0.000000 0.000000
    outer loop
      vertex 0.799750 -0.240399 2.000999
      vertex 0.799750 -0.240399 2.160333
      vertex 0.912852 -0.287145 2.160333
    endloop
  endfacet
  facet normal 0.000000 0.000000 0.000000
    outer loop
      vertex 0.799750 -0.240399 2.000999
      vertex 0.912852 -0.287145 2.160333
      vertex 0.912852 -0.287145 2.000999
    endloop
  endfacet
  facet normal 0.000000 0.000000 0.000000
    outer loop
      vertex 0.912852 -0.287145 2.000999
      vertex 0.912852 -0.287145 2.160333
      vertex 0.959700 -0.399999 2.160333
    endloop
  endfacet
  facet normal 0.000000 0.000000 0.000000
    outer loop
      vertex 0.912852 -0.287145 2.000999
      vertex 0.959700 -0.399999 2.160333
      vertex 0.959700 -0.399999 2.000999
    endloop
  endfacet
  facet normal 0.000000 0.000000 0.000000
    outer loop
      vertex 0.159950 -0.399999 2.000999
      vertex 0.159950 -0.399999 2.160333
      vertex 0.113102 -0.512853 2.160333
    endloop
  endfacet
  facet normal 0.000000 0.000000 0.000000
    outer loop
      vertex 0.159950 -0.399999 2.000999
      vertex 0.113102 -0.512853 2.160333
      vertex 0.113102 -0.512853 2.000999
    endloop
  endfacet
  facet normal 0.000000 0.000000 0.000000
    outer loop
      vertex 0.113102 -0.512853 2.000999
      vertex 0.113102 -0.512853 2.160333
      vertex 0.000000 -0.559599 2.160333
    endloop
  endfacet
  facet normal 0.000000 0.000000 0.000000
    outer loop
      vertex 0.113102 -0.512853 2.000999
      vertex 0.000000 -0.559599 2.160333
      vertex 0.000000 -0.559599 2.000999
    endloop
  endfacet
  facet normal 0.000000 0.000000 0.000000
    outer loop
      vertex 0.000000 -0.559599 2.000999
      vertex 0.000000 -0.559599 2.160333
      vertex -0.113102 -0.512853 2.160333
    endloop
  endfacet
  facet normal 0.000000 0.000000 0.000000
    outer loop
      vertex 0.000000 -0.559599 2.000999
      vertex -0.113102 -0.512853 2.160333
      vertex -0.113102 -0.512853 2.000999
    endloop
  endfacet
  facet normal 0.000000 0.000000 0.000000
    outer loop
      vertex -0.113102 -0.512853 2.000999
      vertex -0.113102 -0.512853 2.160333
      vertex -0.159950 -0.399999 2.160333
    endloop
  endfacet
  facet normal 0.000000 0.000000 0.000000
    outer loop
      vertex -0.113102 -0.512853 2.000999
      vertex -0.159950 -0.399999 2.160333
      vertex -0.159950 -0.399999 2.000999
    endloop
  endfacet
  facet normal 0.000000 0.000000 0.000000
    outer loop
      vertex -0.159950 -0.399999 2.000999
      vertex -0.159950 -0.399999 2.160333
      vertex -0.113102 -0.287145 2.160333
    endloop
  endfacet
  facet normal 0.000000 0.000000 0.000000
    outer loop
      vertex -0.159950 -0.399999 2.000999
      vertex -0.113102 -0.287145 2.160333
      vertex -0.113102 -0.287145 2.000999
    endloop
  endfacet
  facet normal 0.000000 0.000000 0.000000
    outer loop
      vertex -0.113102 -0.287145 2.000999
      vertex -0.113102 -0.287145 2.160333
      vertex -0.000000 -0.240399 2.160333
    endloop
  endfacet
  facet normal 0.000000 0.000000 0.000000
    outer loop
      vertex -0.113102 -0.287145 2.000999
      vertex -0.000000 -0.240399 2.160333
      vertex -0.000000 -0.240399 2.000999
    endloop
  endfacet
  facet normal 0.000000 0.000000 0.000000
    outer loop
      vertex -0.000000 -0.240399 2.000999
      vertex -0.000000 -0.240399 2.160333
      vertex 0.113102 -0.287145 2.160333
    endloop
  endfacet
  facet normal 0.000000 0.000000 0.000000
    outer loop
      vertex -0.000000 -0.240399 2.000999
      vertex 0.113102 -0.287145 2.160333
      vertex 0.113102 -0.287145 2.000999
    endloop
  endfacet
  facet normal 0.000000 0.000000 0.000000
    outer loop
      vertex 0.113102 -0.287145 2.000999
      vertex 0.113102 -0.287145 2.160333
      vertex 0.159950 -0.399999 2.160333
    endloop
  endfacet
  facet normal 0.000000 0.000000 0.000000
    outer loop
      vertex 0.113102 -0.287145 2.000999
      vertex 0.159950 -0.399999 2.160333
      vertex 0.159950 -0.399999 2.000999
    endloop
  endfacet
  facet normal 0.000000 0.000000 0.000000
    outer loop
      vertex -0.639800 -0.399999 2.000999
      vertex -0.639800 -0.399999 2.160333
      vertex -0.686648 -0.512853 2.160333
    endloop
  endfacet
  facet normal 0.000000 0.000000 0.000000
    outer loop
      vertex -0.639800 -0.399999 2.000999
      vertex -0.686648 -0.512853 2.160333
      vertex -0.686648 -0.512853 2.000999
    endloop
  endfacet
  facet normal 0.000000 0.000000 0.000000
    outer loop
      vertex -0.686648 -0.512853 2.000999
      vertex -0.686648 -0.512853 2.160333
      vertex -0.799750 -0.559599 2.160333
    endloop
  endfacet
  facet normal 0.000000 0.000000 0.000000
    outer loop
      vertex -0.686648 -0.512853 2.000999
      vertex -0.799750 -0.559599 2.160333
      vertex -0.799750 -0.559599 2.000999
    endloop
  endfacet
  facet normal 0.000000 0.000000 0.000000
    outer loop
      vertex -0.799750 -0.559599 2.000999
      vertex -0.799750 -0.559599 2.160333
      vertex -0.912852 -0.512853 2.160333
    endloop
  endfacet
  facet normal 0.000000 0.000000 0.000000
    outer loop
      vertex -0.799750 -0.559599 2.000999
      vertex -0.912852 -0.512853 2.160333
      vertex -0.912852 -0.512853 2.000999
    endloop
  endfacet
  facet normal 0.000000 0.000000 0.000000
    outer loop
      vertex -0.912852 -0.512853 2.000999
      vertex -0.912852 -0.512853 2.160333
      vertex -0.959700 -0.399999 2.160333
    endloop
  endfacet
  facet normal 0.000000 0.000000 0.000000
    outer loop
      vertex -0.912852 -0.512853 2.000999
      vertex -0.959700 -0.399999 2.160333
      vertex -0.959700 -0.399999 2.000999
    endloop
  endfacet
  facet normal 0.000000 0.000000 0.000000
    outer loop
      vertex -0.959700 -0.399999 2.000999
      vertex -0.959700 -0.399999 2.160333
      vertex -0.912852 -0.287145 2.160333
    endloop
  endfacet
  facet normal 0.000000 0.000000 0.000000
    outer loop
      vertex -0.959700 -0.399999 2.000999
      vertex -0.912852 -0.287145 2.160333
      vertex -0.912852 -0.287145 2.000999
    endloop
  endfacet
  facet normal 0.000000 0.000000 0.000000
    outer loop
      vertex -0.912852 -0.287145 2.000999
      vertex -0.912852 -0.287145 2.160333
      vertex -0.799750 -0.240399 2.160333
    endloop
  endfacet
  facet normal 0.000000 0.000000 0.000000
    outer loop
      vertex -0.912852 -0.287145 2.000999
      vertex -0.799750 -0.240399 2.160333
      vertex -0.799750 -0.240399 2.000999
    endloop
  endfacet
  facet normal 0.000000 0.000000 0.000000
    outer loop
      vertex -0.799750 -0.240399 2.000999
      vertex -0.799750 -0.240399 2.160333
      vertex -0.686648 -0.287145 2.160333
    endloop
  endfacet
  facet normal 0.000000 0.000000 0.000000
    outer loop
      vertex -0.799750 -0.240399 2.000999
      vertex -0.686648 -0.287145 2.160333
      vertex -0.686648 -0.287145 2.000999
    endloop
  endfacet
  facet normal 0.000000 0.000000 0.000000
    outer loop
      vertex -0.686648 -0.287145 2.000999
      vertex -0.686648 -0.287145 2.160333
      vertex -0.639800 -0.399999 2.160333
    endloop
  endfacet
  facet normal 0.000000 0.000000 0.000000
    outer loop
      vertex -0.686648 -0.287145 2.000999
      vertex -0.639800 -0.399999 2.160333
      vertex -0.639800 -0.399999 2.000999
    endloop
  endfacet
  facet normal 0.000000 0.000000 0.000000
    outer loop
      vertex -1.439550 -0.399999 2.000999
      vertex -1.439550 -0.399999 2.160333
      vertex -1.486398 -0.512853 2.160333
    endloop
  endfacet
  facet normal 0.000000 0.000000 0.000000
    outer loop
      vertex -1.439550 -0.399999 2.000999
      vertex -1.486398 -0.512853 2.160333
      vertex -1.486398 -0.512853 2.000999
    endloop
  endfacet
  facet normal 0.000000 0.000000 0.000000
    outer loop
      vertex -1.486398 -0.512853 2.000999
      vertex -1.486398 -0.512853 2.160333
      vertex -1.599500 -0.559599 2.160333
    endloop
  endfacet
  facet normal 0.000000 0.000000 0.000000
    outer loop
      vertex -1.486398 -0.512853 2.000999
      vertex -1.599500 -0.559599 2.160333
      vertex -1.599500 -0.559599 2.000999
    endloop
  endfacet
  facet normal 0.000000 0.000000 0.000000
    outer loop
      vertex -1.599500 -0.559599 2.000999
      vertex -1.599500 -0.559599 2.160333
      vertex -1.712602 -0.512853 2.160333
    endloop
  endfacet
  facet normal 0.000000 0.000000 0.000000
    outer loop
      vertex -1.599500 -0.559599 2.000999
      vertex -1.712602 -0.512853 2.160333
      vertex -1.712602 -0.512853 2.000999
    endloop
  endfacet
  facet normal 0.000000 0.000000 0.000000
    outer loop
      vertex -1.712602 -0.512853 2.000999
      vertex -1.712602 -0.512853 2.160333
      vertex -1.759450 -0.399999 2.160333
    endloop
  endfacet
  facet normal 0.000000 0.000000 0.000000
    outer loop
      vertex -1.712602 -0.512853 2.000999
      vertex -1.759450 -0.399999 2.160333
      vertex -1.759450 -0.399999 2.000999
    endloop
  endfacet
  facet normal 0.000000 0.000000 0.000000
    outer loop
      vertex -1.759450 -0.399999 2.000999
      vertex -1.759450 -0.399999 2.160333
      vertex -1.712602 -0.287145 2.160333
    endloop
  endfacet
  facet normal 0.000000 0.000000 0.000000
    outer loop
      vertex -1.759450 -0.399999 2.000999
      vertex -1.712602 -0.287145 2.160333
      vertex -1.712602 -0.287145 2.000999
    endloop
  endfacet
  facet normal 0.000000 0.000000 0.000000
    outer loop
      vertex -1.712602 -0.287145 2.000999
      vertex -1.712602 -0.287145 2.160333
      vertex -1.599500 -0.240399 2.160333
    endloop
  endfacet
  facet normal 0.000000 0.000000 0.000000
    outer loop
      vertex -1.712602 -0.287145 2.000999
      vertex -1.599500 -0.240399 2.160333
      vertex -1.599500 -0.240399 2.000999
    endloop
  endfacet
  facet normal 0.000000 0.000000 0.000000
    outer loop
      vertex -1.599500 -0.240399 2.000999
      vertex -1.599500 -0.240399 2.160333
      vertex -1.486398 -0.287145 2.160333
    endloop
  endfacet
  facet normal 0.000000 0.000000 0.000000
    outer loop
      vertex -1.599500 -0.240399 2.000999
      vertex -1.486398 -0.287145 2.160333
      vertex -1.486398 -0.287145 2.000999
    endloop
  endfacet
  facet normal 0.000000 0.000000 0.000000
    outer loop
      vertex -1.486398 -0.287145 2.000999
      vertex -1.486398 -0.287145 2.160333
      vertex -1.439550 -0.399999 2.160333
    endloop
  endfacet
  facet normal 0.000000 0.000000 0.000000
    outer loop
      vertex -1.486398 -0.287145 2.000999
      vertex -1.439550 -0.399999 2.160333
      vertex -1.439550 -0.399999 2.000999
    endloop
  endfacet
  facet normal 0.000000 0.000000 0.000000
    outer loop
      vertex -2.239300 -0.399999 2.000999
      vertex -2.239300 -0.399999 2.160333
      vertex -2.286148 -0.512853 2.160333
    endloop
  endfacet
  facet normal 0.000000 0.000000 0.000000
    outer loop
      vertex -2.239300 -0.399999 2.000999
      vertex -2.286148 -0.512853 2.160333
      vertex -2.286148 -0.512853 2.000999
    endloop
  endfacet
  facet normal 0.000000 0.000000 0.000000
    outer loop
      vertex -2.286148 -0.512853 2.000999
      vertex -2.286148 -0.512853 2.160333
      vertex -2.399250 -0.559599 2.160333
    endloop
  endfacet
  facet normal 0.000000 0.000000 0.000000
    outer loop
      vertex -2.286148 -0.512853 2.000999
      vertex -2.399250 -0.559599 2.160333
      vertex -2.399250 -0.559599 2.000999
    endloop
  endfacet
  facet normal 0.000000 0.000000 0.000000
    outer loop
      vertex -2.399250 -0.559599 2.000999
      vertex -2.399250 -0.559599 2.160333
      vertex -2.512352 -0.512853 2.160333
    endloop
  endfacet
  facet normal 0.000000 0.000000 0.000000
    outer loop
      vertex -2.399250 -0.559599 2.000999
      vertex -2.512352 -0.512853 2.160333
      vertex -2.512352 -0.512853 2.000999
    endloop
  endfacet
  facet normal 0.000000 0.000000 0.000000
    outer loop
      vertex -2.512352 -0.512853 2.000999
      vertex -2.512352 -0.512853 2.160333
      vertex -2.559200 -0.399999 2.160333
    endloop
  endfacet
  facet normal 0.000000 0.000000 0.000000
    outer loop
      vertex -2.512352 -0.512853 2.000999
      vertex -2.559200 -0.399999 2.160333
      vertex -2.559200 -0.399999 2.000999
    endloop
  endfacet
  facet normal 0.000000 0.000000 0.000000
    outer loop
      vertex -2.559200 -0.399999 2.000999
      vertex -2.559200 -0.399999 2.160333
      vertex -2.512352 -0.287145 2.160333
    endloop
  endfacet
  facet normal 0.000000 0.000000 0.000000
    outer loop
      vertex -2.559200 -0.399999 2.000999
      vertex -2.512352 -0.287145 2.160333
      vertex -2.512352 -0.287145 2.000999
    endloop
  endfacet
  facet normal 0.000000 0.000000 0.000000
    outer loop
      vertex -2.512352 -0.287145 2.000999
      vertex -2.512352 -0.287145 2.160333
      vertex -2.399250 -0.240399 2.160333
    endloop
  endfacet
  facet normal 0.000000 0.000000 0.000000
    outer loop
      vertex -2.512352 -0.287145 2.000999
      vertex -2.399250 -0.240399 2.160333
      vertex -2.399250 -0.240399 2.000999
    endloop
  endfacet
  facet normal 0.000000 0.000000 0.000000
    outer loop
      vertex -2.399250 -0.240399 2.000999
      vertex -2.399250 -0.240399 2.160333
      vertex -2.286148 -0.287145 2.160333
    endloop
  endfacet
  facet normal 0.000000 0.000000 0.000000
    outer loop
      vertex -2.399250 -0.240399 2.000999
      vertex -2.286148 -0.287145 2.160333
      vertex -2.286148 -0.287145 2.000999
    endloop
  endfacet
  facet normal 0.000000 0.000000 0.000000
    outer loop
      vertex -2.286148 -0.287145 2.000999
      vertex -2.286148 -0.287145 2.160333
      vertex -2.239300 -0.399999 2.160333
    endloop
  endfacet
  facet normal 0.000000 0.000000 0.000000
    outer loop
      vertex -2.286148 -0.287145 2.000999
      vertex -2.239300 -0.399999 2.160333
      vertex -2.239300 -0.399999 2.000999
    endloop
  endfacet
  facet normal 0.000000 0.000000 0.000000
    outer loop
      vertex -3.039050 -0.160599 2.160333
      vertex 3.039050 -0.160599 2.160333
      vertex 3.039050 -0.639399 2.160333
    endloop
  endfacet
  facet normal 0.000000 0.000000 0.000000
    outer loop
      vertex -3.039050 -0.160599 2.160333
      vertex 3.039050 -0.639399 2.160333
      vertex -3.039050 -0.639399 2.160333
    endloop
  endfacet
  facet normal 0.000000 0.000000 0.000000
    outer loop
      vertex -3.039050 -0.160599 2.160333
      vertex -3.039050 -0.160599 2.000999
      vertex 3.039050 -0.160599 2.000999
    endloop
  endfacet
  facet normal 0.000000 0.000000 0.000000
    outer loop
      vertex -3.039050 -0.160599 2.160333
      vertex 3.039050 -0.160599 2.000999
      vertex 3.039050 -0.160599 2.160333
    endloop
  endfacet
  facet normal 0.000000 0.000000 0.000000
    outer loop
      vertex -3.039050 -0.639399 2.160333
      vertex -3.039050 -0.639399 2.000999
      vertex -3.039050 -0.160599 2.000999
    endloop
  endfacet
  facet normal 0.000000 0.000000 0.000000
    outer loop
      vertex -3.039050 -0.639399 2.160333
      vertex -3.039050 -0.160599 2.000999
      vertex -3.039050 -0.160599 2.160333
    endloop
  endfacet
  facet normal 0.000000 0.000000 0.000000
    outer loop
      vertex 3.039050 -0.639399 2.160333
      vertex 3.039050 -0.639399 2.000999
      vertex -3.039050 -0.639399 2.000999
    endloop
  endfacet
  facet normal 0.000000 0.000000 0.000000
    outer loop
      vertex 3.039050 -0.639399 2.160333
      vertex -3.039050 -0.639399 2.000999
      vertex -3.039050 -0.639399 2.160333
    endloop
  endfacet
  facet normal 0.000000 0.000000 0.000000
    outer loop
      vertex 3.039050 -0.160599 2.160333
      vertex 3.039050 -0.160599 2.000999
      vertex 3.039050 -0.639399 2.000999
    endloop
  endfacet
  facet normal 0.000000 0.000000 0.000000
    outer loop
      vertex 3.039050 -0.160599 2.160333
      vertex 3.039050 -0.639399 2.000999
      vertex 3.039050 -0.639399 2.160333
    endloop
  endfacet
  facet normal 0.000000 0.000000 0.000000
    outer loop
      vertex 3.199000 -0.798999 2.319666
      vertex 3.199000 -0.798999 2.000999
      vertex 3.199000 -0.000999 2.000999
    endloop
  endfacet
  facet normal 0.000000 0.000000 0.000000
    outer loop
      vertex 3.199000 -0.798999 2.319666
      vertex 3.199000 -0.000999 2.000999
      vertex 3.199000 -0.000999 2.319666
    endloop
  endfacet
  facet normal 0.000000 0.000000 0.000000
    outer loop
      vertex -3.199000 -0.798999 2.319666
      vertex -3.199000 -0.798999 2.000999
      vertex 3.199000 -0.798999 2.000999
    endloop
  endfacet
  facet normal 0.000000 0.000000 0.000000
    outer loop
      vertex -3.199000 -0.798999 2.319666
      vertex 3.199000 -0.798999 2.000999
      vertex 3.199000 -0.798999 2.319666
    endloop
  endfacet
  facet normal 0.000000 0.000000 0.000000
    outer loop
      vertex -3.199000 -0.000999 2.319666
      vertex -3.199000 -0.000999 2.000999
      vertex -3.199000 -0.798999 2.000999
    endloop
  endfacet
  facet normal 0.000000 0.000000 0.000000
    outer loop
      vertex -3.199000 -0.000999 2.319666
      vertex -3.199000 -0.798999 2.000999
      vertex -3.199000 -0.798999 2.319666
    endloop
  endfacet
  facet normal 0.000000 0.000000 0.000000
    outer loop
      vertex 3.199000 -0.000999 2.319666
      vertex 3.199000 -0.000999 2.000999
      vertex -3.199000 -0.000999 2.000999
    endloop
  endfacet
  facet normal 0.000000 0.000000 0.000000
    outer loop
      vertex 3.199000 -0.000999 2.319666
      vertex -3.199000 -0.000999 2.000999
      vertex -3.199000 -0.000999 2.319666
    endloop
  endfacet
  facet normal 0.000000 0.000000 0.000000
    outer loop
      vertex -3.199000 -0.798999 2.319666
      vertex 3.199000 -0.798999 2.319666
      vertex 3.199000 -0.000999 2.319666
    endloop
  endfacet
  facet normal 0.000000 0.000000 0.000000
    outer loop
      vertex -3.199000 -0.798999 2.319666
      vertex 3.199000 -0.000999 2.319666
      vertex -3.199000 -0.000999 2.319666
    endloop
  endfacet
  facet normal 0.000000 0.000000 0.000000
    outer loop
      vertex 3.039050 -0.399999 2.478999
      vertex 3.039050 -0.399999 2.319666
      vertex 2.968777 -0.230718 2.319666
    endloop
  endfacet
  facet normal 0.000000 0.000000 0.000000
    outer loop
      vertex 3.039050 -0.399999 2.478999
      vertex 2.968777 -0.230718 2.319666
      vertex 2.968777 -0.230718 2.478999
    endloop
  endfacet
  facet normal 0.000000 0.000000 0.000000
    outer loop
      vertex 2.968777 -0.230718 2.478999
      vertex 2.968777 -0.230718 2.319666
      vertex 2.799125 -0.160599 2.319666
    endloop
  endfacet
  facet normal 0.000000 0.000000 0.000000
    outer loop
      vertex 2.968777 -0.230718 2.478999
      vertex 2.799125 -0.160599 2.319666
      vertex 2.799125 -0.160599 2.478999
    endloop
  endfacet
  facet normal 0.000000 0.000000 0.000000
    outer loop
      vertex 2.799125 -0.160599 2.478999
      vertex 2.799125 -0.160599 2.319666
      vertex 2.629472 -0.230718 2.319666
    endloop
  endfacet
  facet normal 0.000000 0.000000 0.000000
    outer loop
      vertex 2.799125 -0.160599 2.478999
      vertex 2.629472 -0.230718 2.319666
      vertex 2.629472 -0.230718 2.478999
    endloop
  endfacet
  facet normal 0.000000 0.000000 0.000000
    outer loop
      vertex 2.629472 -0.230718 2.478999
      vertex 2.629472 -0.230718 2.319666
      vertex 2.559200 -0.399999 2.319666
    endloop
  endfacet
  facet normal 0.000000 0.000000 0.000000
    outer loop
      vertex 2.629472 -0.230718 2.478999
      vertex 2.559200 -0.399999 2.319666
      vertex 2.559200 -0.399999 2.478999
    endloop
  endfacet
  facet normal 0.000000 0.000000 0.000000
    outer loop
      vertex 2.559200 -0.399999 2.478999
      vertex 2.559200 -0.399999 2.319666
      vertex 2.629472 -0.569281 2.319666
    endloop
  endfacet
  facet normal 0.000000 0.000000 0.000000
    outer loop
      vertex 2.559200 -0.399999 2.478999
      vertex 2.629472 -0.569281 2.319666
      vertex 2.629472 -0.569281 2.478999
    endloop
  endfacet
  facet normal 0.000000 0.000000 0.000000
    outer loop
      vertex 2.629472 -0.569281 2.478999
      vertex 2.629472 -0.569281 2.319666
      vertex 2.799125 -0.639399 2.319666
    endloop
  endfacet
  facet normal 0.000000 0.000000 0.000000
    outer loop
      vertex 2.629472 -0.569281 2.478999
      vertex 2.799125 -0.639399 2.319666
      vertex 2.799125 -0.639399 2.478999
    endloop
  endfacet
  facet normal 0.000000 0.000000 0.000000
    outer loop
      vertex 2.799125 -0.639399 2.478999
      vertex 2.799125 -0.639399 2.319666
      vertex 2.968778 -0.569280 2.319666
    endloop
  endfacet
  facet normal 0.000000 0.000000 0.000000
    outer loop
      vertex 2.799125 -0.639399 2.478999
      vertex 2.968778 -0.569280 2.319666
      vertex 2.968778 -0.569280 2.478999
    endloop
  endfacet
  facet normal 0.000000 0.000000 0.000000
    outer loop
      vertex 2.968778 -0.569280 2.478999
      vertex 2.968778 -0.569280 2.319666
      vertex 3.039050 -0.399999 2.319666
    endloop
  endfacet
  facet normal 0.000000 0.000000 0.000000
    outer loop
      vertex 2.968778 -0.569280 2.478999
      vertex 3.039050 -0.399999 2.319666
      vertex 3.039050 -0.399999 2.478999
    endloop
  endfacet
  facet normal 0.000000 0.000000 0.000000
    outer loop
      vertex 2.239300 -0.399999 2.478999
      vertex 2.239300 -0.399999 2.319666
      vertex 2.169028 -0.230718 2.319666
    endloop
  endfacet
  facet normal 0.000000 0.000000 0.000000
    outer loop
      vertex 2.239300 -0.399999 2.478999
      vertex 2.169028 -0.230718 2.319666
      vertex 2.169028 -0.230718 2.478999
    endloop
  endfacet
  facet normal 0.000000 0.000000 0.000000
    outer loop
      vertex 2.169028 -0.230718 2.478999
      vertex 2.169028 -0.230718 2.319666
      vertex 1.999375 -0.160599 2.319666
    endloop
  endfacet
  facet normal 0.000000 0.000000 0.000000
    outer loop
      vertex 2.169028 -0.230718 2.478999
      vertex 1.999375 -0.160599 2.319666
      vertex 1.999375 -0.160599 2.478999
    endloop
  endfacet
  facet normal 0.000000 0.000000 0.000000
    outer loop
      vertex 1.999375 -0.160599 2.478999
      vertex 1.999375 -0.160599 2.319666
      vertex 1.829722 -0.230718 2.319666
    endloop
  endfacet
  facet normal 0.000000 0.000000 0.000000
    outer loop
      vertex 1.999375 -0.160599 2.478999
      vertex 1.829722 -0.230718 2.319666
      vertex 1.829722 -0.230718 2.478999
    endloop
  endfacet
  facet normal 0.000000 0.000000 0.000000
    outer loop
      vertex 1.829722 -0.230718 2.478999
      vertex 1.829722 -0.230718 2.319666
      vertex 1.759450 -0.399999 2.319666
    endloop
  endfacet
  facet normal 0.000000 0.000000 0.000000
    outer loop
      vertex 1.829722 -0.230718 2.478999
      vertex 1.759450 -0.399999 2.319666
      vertex 1.759450 -0.399999 2.478999
    endloop
  endfacet
  facet normal 0.000000 0.000000 0.000000
    outer loop
      vertex 1.759450 -0.399999 2.478999
      vertex 1.759450 -0.399999 2.319666
      vertex 1.829722 -0.569281 2.319666
    endloop
  endfacet
  facet normal 0.000000 0.000000 0.000000
    outer loop
      vertex 1.759450 -0.399999 2.478999
      vertex 1.829722 -0.569281 2.319666
      vertex 1.829722 -0.569281 2.478999
    endloop
  endfacet
  facet normal 0.000000 0.000000 0.000000
    outer loop
      vertex 1.829722 -0.569281 2.478999
      vertex 1.829722 -0.569281 2.319666
      vertex 1.999375 -0.639399 2.319666
    endloop
  endfacet
  facet normal 0.000000 0.000000 0.000000
    outer loop
      vertex 1.829722 -0.569281 2.478999
      vertex 1.999375 -0.639399 2.319666
      vertex 1.999375 -0.639399 2.478999
    endloop
  endfacet
  facet normal 0.000000 0.000000 0.000000
    outer loop
      vertex 1.999375 -0.639399 2.478999
      vertex 1.999375 -0.639399 2.319666
      vertex 2.169028 -0.569280 2.319666
    endloop
  endfacet
  facet normal 0.000000 0.000000 0.000000
    outer loop
      vertex 1.999375 -0.639399 2.478999
      vertex 2.169028 -0.569280 2.319666
      vertex 2.169028 -0.569280 2.478999
    endloop
  endfacet
  facet normal 0.000000 0.000000 0.000000
    outer loop
      vertex 2.169028 -0.569280 2.478999
      vertex 2.169028 -0.569280 2.319666
      vertex 2.239300 -0.399999 2.319666
    endloop
  endfacet
  facet normal 0.000000 0.000000 0.000000
    outer loop
      vertex 2.169028 -0.569280 2.478999
      vertex 2.239300 -0.399999 2.319666
      vertex 2.239300 -0.399999 2.478999
    endloop
  endfacet
  facet normal 0.000000 0.000000 0.000000
    outer loop
      vertex 1.439550 -0.399999 2.478999
      vertex 1.439550 -0.399999 2.319666
      vertex 1.369278 -0.230718 2.319666
    endloop
  endfacet
  facet normal 0.000000 0.000000 0.000000
    outer loop
      vertex 1.439550 -0.399999 2.478999
      vertex 1.369278 -0.230718 2.319666
      vertex 1.369278 -0.230718 2.478999
    endloop
  endfacet
  facet normal 0.000000 0.000000 0.000000
    outer loop
      vertex 1.369278 -0.230718 2.478999
      vertex 1.369278 -0.230718 2.319666
      vertex 1.199625 -0.160599 2.319666
    endloop
  endfacet
  facet normal 0.000000 0.000000 0.000000
    outer loop
      vertex 1.369278 -0.230718 2.478999
      vertex 1.199625 -0.160599 2.319666
      vertex 1.199625 -0.160599 2.478999
    endloop
  endfacet
  facet normal 0.000000 0.000000 0.000000
    outer loop
      vertex 1.199625 -0.160599 2.478999
      vertex 1.199625 -0.160599 2.319666
      vertex 1.029972 -0.230718 2.319666
    endloop
  endfacet
  facet normal 0.000000 0.000000 0.000000
    outer loop
      vertex 1.199625 -0.160599 2.478999
      vertex 1.029972 -0.230718 2.319666
      vertex 1.029972 -0.230718 2.478999
    endloop
  endfacet
  facet normal 0.000000 0.000000 0.000000
    outer loop
      vertex 1.029972 -0.230718 2.478999
      vertex 1.029972 -0.230718 2.319666
      vertex 0.959700 -0.399999 2.319666
    endloop
  endfacet
  facet normal 0.000000 0.000000 0.000000
    outer loop
      vertex 1.029972 -0.230718 2.478999
      vertex 0.959700 -0.399999 2.319666
      vertex 0.959700 -0.399999 2.478999
    endloop
  endfacet
  facet normal 0.000000 0.000000 0.000000
    outer loop
      vertex 0.959700 -0.399999 2.478999
      vertex 0.959700 -0.399999 2.319666
      vertex 1.029972 -0.569281 2.319666
    endloop
  endfacet
  facet normal 0.000000 0.000000 0.000000
    outer loop
      vertex 0.959700 -0.399999 2.478999
      vertex 1.029972 -0.569281 2.319666
      vertex 1.029972 -0.569281 2.478999
    endloop
  endfacet
  facet normal 0.000000 0.000000 0.000000
    outer loop
      vertex 1.029972 -0.569281 2.478999
      vertex 1.029972 -0.569281 2.319666
      vertex 1.199625 -0.639399 2.319666
    endloop
  endfacet
  facet normal 0.000000 0.000000 0.000000
    outer loop
      vertex 1.029972 -0.569281 2.478999
      vertex 1.199625 -0.639399 2.319666
      vertex 1.199625 -0.639399 2.478999
    endloop
  endfacet
  facet normal 0.000000 0.000000 0.000000
    outer loop
      vertex 1.199625 -0.639399 2.478999
      vertex 1.199625 -0.639399 2.319666
      vertex 1.369278 -0.569280 2.319666
    endloop
  endfacet
  facet normal 0.000000 0.000000 0.000000
    outer loop
      vertex 1.199625 -0.639399 2.478999
      vertex 1.369278 -0.569280 2.319666
      vertex 1.369278 -0.569280 2.478999
    endloop
  endfacet
  facet normal 0.000000 0.000000 0.000000
    outer loop
      vertex 1.369278 -0.569280 2.478999
      vertex 1.369278 -0.569280 2.319666
      vertex 1.439550 -0.399999 2.319666
    endloop
  endfacet
  facet normal 0.000000 0.000000 0.000000
    outer loop
      vertex 1.369278 -0.569280 2.478999
      vertex 1.439550 -0.399999 2.319666
      vertex 1.439550 -0.399999 2.478999
    endloop
  endfacet
  facet normal 0.000000 0.000000 0.000000
    outer loop
      vertex 0.639800 -0.399999 2.478999
      vertex 0.639800 -0.399999 2.319666
      vertex 0.569528 -0.230718 2.319666
    endloop
  endfacet
  facet normal 0.000000 0.000000 0.000000
    outer loop
      vertex 0.639800 -0.399999 2.478999
      vertex 0.569528 -0.230718 2.319666
      vertex 0.569528 -0.230718 2.478999
    endloop
  endfacet
  facet normal 0.000000 0.000000 0.000000
    outer loop
      vertex 0.569528 -0.230718 2.478999
      vertex 0.569528 -0.230718 2.319666
      vertex 0.399875 -0.160599 2.319666
    endloop
  endfacet
  facet normal 0.000000 0.000000 0.000000
    outer loop
      vertex 0.569528 -0.230718 2.478999
      vertex 0.399875 -0.160599 2.319666
      vertex 0.399875 -0.160599 2.478999
    endloop
  endfacet
  facet normal 0.000000 0.000000 0.000000
    outer loop
      vertex 0.399875 -0.160599 2.478999
      vertex 0.399875 -0.160599 2.319666
      vertex 0.230222 -0.230718 2.319666
    endloop
  endfacet
  facet normal 0.000000 0.000000 0.000000
    outer loop
      vertex 0.399875 -0.160599 2.478999
      vertex 0.230222 -0.230718 2.319666
      vertex 0.230222 -0.230718 2.478999
    endloop
  endfacet
  facet normal 0.000000 0.000000 0.000000
    outer loop
      vertex 0.230222 -0.230718 2.478999
      vertex 0.230222 -0.230718 2.319666
      vertex 0.159950 -0.399999 2.319666
    endloop
  endfacet
  facet normal 0.000000 0.000000 0.000000
    outer loop
      vertex 0.230222 -0.230718 2.478999
      vertex 0.159950 -0.399999 2.319666
      vertex 0.159950 -0.399999 2.478999
    endloop
  endfacet
  facet normal 0.000000 0.000000 0.000000
    outer loop
      vertex 0.159950 -0.399999 2.478999
      vertex 0.159950 -0.399999 2.319666
      vertex 0.230222 -0.569281 2.319666
    endloop
  endfacet
  facet normal 0.000000 0.000000 0.000000
    outer loop
      vertex 0.159950 -0.399999 2.478999
      vertex 0.230222 -0.569281 2.319666
      vertex 0.230222 -0.569281 2.478999
    endloop
  endfacet
  facet normal 0.000000 0.000000 0.000000
    outer loop
      vertex 0.230222 -0.569281 2.478999
      vertex 0.230222 -0.569281 2.319666
      vertex 0.399875 -0.639399 2.319666
    endloop
  endfacet
  facet normal 0.000000 0.000000 0.000000
    outer loop
      vertex 0.230222 -0.569281 2.478999
      vertex 0.399875 -0.639399 2.319666
      vertex 0.399875 -0.639399 2.478999
    endloop
  endfacet
  facet normal 0.000000 0.000000 0.000000
    outer loop
      vertex 0.399875 -0.639399 2.478999
      vertex 0.399875 -0.639399 2.319666
      vertex 0.569528 -0.569280 2.319666
    endloop
  endfacet
  facet normal 0.000000 0.000000 0.000000
    outer loop
      vertex 0.399875 -0.639399 2.478999
      vertex 0.569528 -0.569280 2.319666
      vertex 0.569528 -0.569280 2.478999
    endloop
  endfacet
  facet normal 0.000000 0.000000 0.000000
    outer loop
      vertex 0.569528 -0.569280 2.478999
      vertex 0.569528 -0.569280 2.319666
      vertex 0.639800 -0.399999 2.319666
    endloop
  endfacet
  facet normal 0.000000 0.000000 0.000000
    outer loop
      vertex 0.569528 -0.569280 2.478999
      vertex 0.639800 -0.399999 2.319666
      vertex 0.639800 -0.399999 2.478999
    endloop
  endfacet
  facet normal 0.000000 0.000000 0.000000
    outer loop
      vertex -0.159950 -0.399999 2.478999
      vertex -0.159950 -0.399999 2.319666
      vertex -0.230222 -0.230718 2.319666
    endloop
  endfacet
  facet normal 0.000000 0.000000 0.000000
    outer loop
      vertex -0.159950 -0.399999 2.478999
      vertex -0.230222 -0.230718 2.319666
      vertex -0.230222 -0.230718 2.478999
    endloop
  endfacet
  facet normal 0.000000 0.000000 0.000000
    outer loop
      vertex -0.230222 -0.230718 2.478999
      vertex -0.230222 -0.230718 2.319666
      vertex -0.399875 -0.160599 2.319666
    endloop
  endfacet
  facet normal 0.000000 0.000000 0.000000
    outer loop
      vertex -0.230222 -0.230718 2.478999
      vertex -0.399875 -0.160599 2.319666
      vertex -0.399875 -0.160599 2.478999
    endloop
  endfacet
  facet normal 0.000000 0.000000 0.000000
    outer loop
      vertex -0.399875 -0.160599 2.478999
      vertex -0.399875 -0.160599 2.319666
      vertex -0.569528 -0.230718 2.319666
    endloop
  endfacet
  facet normal 0.000000 0.000000 0.000000
    outer loop
      vertex -0.399875 -0.160599 2.478999
      vertex -0.569528 -0.230718 2.319666
      vertex -0.569528 -0.230718 2.478999
    endloop
  endfacet
  facet normal 0.000000 0.000000 0.000000
    outer loop
      vertex -0.569528 -0.230718 2.478999
      vertex -0.569528 -0.230718 2.319666
      vertex -0.639800 -0.399999 2.319666
    endloop
  endfacet
  facet normal 0.000000 0.000000 0.000000
    outer loop
      vertex -0.569528 -0.230718 2.478999
      vertex -0.639800 -0.399999 2.319666
      vertex -0.639800 -0.399999 2.478999
    endloop
  endfacet
  facet normal 0.000000 0.000000 0.000000
    outer loop
      vertex -0.639800 -0.399999 2.478999
      vertex -0.639800 -0.399999 2.319666
      vertex -0.569528 -0.569281 2.319666
    endloop
  endfacet
  facet normal 0.000000 0.000000 0.000000
    outer loop
      vertex -0.639800 -0.399999 2.478999
      vertex -0.569528 -0.569281 2.319666
      vertex -0.569528 -0.569281 2.478999
    endloop
  endfacet
  facet normal 0.000000 0.000000 0.000000
    outer loop
      vertex -0.569528 -0.569281 2.478999
      vertex -0.569528 -0.569281 2.319666
      vertex -0.399875 -0.639399 2.319666
    endloop
  endfacet
  facet normal 0.000000 0.000000 0.000000
    outer loop
      vertex -0.569528 -0.569281 2.478999
      vertex -0.399875 -0.639399 2.319666
      vertex -0.399875 -0.639399 2.478999
    endloop
  endfacet
  facet normal 0.000000 0.000000 0.000000
    outer loop
      vertex -0.399875 -0.639399 2.478999
      vertex -0.399875 -0.639399 2.319666
      vertex -0.230222 -0.569280 2.319666
    endloop
  endfacet
  facet normal 0.000000 0.000000 0.000000
    outer loop
      vertex -0.399875 -0.639399 2.478999
      vertex -0.230222 -0.569280 2.319666
      vertex -0.230222 -0.569280 2.478999
    endloop
  endfacet
  facet normal 0.000000 0.000000 0.000000
    outer loop
      vertex -0.230222 -0.569280 2.478999
      vertex -0.230222 -0.569280 2.319666
      vertex -0.159950 -0.399999 2.319666
    endloop
  endfacet
  facet normal 0.000000 0.000000 0.000000
    outer loop
      vertex -0.230222 -0.569280 2.478999
      vertex -0.159950 -0.399999 2.319666
      vertex -0.159950 -0.399999 2.478999
    endloop
  endfacet
  facet normal 0.000000 0.000000 0.000000
    outer loop
      vertex -0.959700 -0.399999 2.478999
      vertex -0.959700 -0.399999 2.319666
      vertex -1.029972 -0.230718 2.319666
    endloop
  endfacet
  facet normal 0.000000 0.000000 0.000000
    outer loop
      vertex -0.959700 -0.399999 2.478999
      vertex -1.029972 -0.230718 2.319666
      vertex -1.029972 -0.230718 2.478999
    endloop
  endfacet
  facet normal 0.000000 0.000000 0.000000
    outer loop
      vertex -1.029972 -0.230718 2.478999
      vertex -1.029972 -0.230718 2.319666
      vertex -1.199625 -0.160599 2.319666
    endloop
  endfacet
  facet normal 0.000000 0.000000 0.000000
    outer loop
      vertex -1.029972 -0.230718 2.478999
      vertex -1.199625 -0.160599 2.319666
      vertex -1.199625 -0.160599 2.478999
    endloop
  endfacet
  facet normal 0.000000 0.000000 0.000000
    outer loop
      vertex -1.199625 -0.160599 2.478999
      vertex -1.199625 -0.160599 2.319666
      vertex -1.369278 -0.230718 2.319666
    endloop
  endfacet
  facet normal 0.000000 0.000000 0.000000
    outer loop
      vertex -1.199625 -0.160599 2.478999
      vertex -1.369278 -0.230718 2.319666
      vertex -1.369278 -0.230718 2.478999
    endloop
  endfacet
  facet normal 0.000000 0.000000 0.000000
    outer loop
      vertex -1.369278 -0.230718 2.478999
      vertex -1.369278 -0.230718 2.319666
      vertex -1.439550 -0.399999 2.319666
    endloop
  endfacet
  facet normal 0.000000 0.000000 0.000000
    outer loop
      vertex -1.369278 -0.230718 2.478999
      vertex -1.439550 -0.399999 2.319666
      vertex -1.439550 -0.399999 2.478999
    endloop
  endfacet
  facet normal 0.000000 0.000000 0.000000
    outer loop
      vertex -1.439550 -0.399999 2.478999
      vertex -1.439550 -0.399999 2.319666
      vertex -1.369278 -0.569281 2.319666
    endloop
  endfacet
  facet normal 0.000000 0.000000 0.000000
    outer loop
      vertex -1.439550 -0.399999 2.478999
      vertex -1.369278 -0.569281 2.319666
      vertex -1.369278 -0.569281 2.478999
    endloop
  endfacet
  facet normal 0.000000 0.000000 0.000000
    outer loop
      vertex -1.369278 -0.569281 2.478999
      vertex -1.369278 -0.569281 2.319666
      vertex -1.199625 -0.639399 2.319666
    endloop
  endfacet
  facet normal 0.000000 0.000000 0.000000
    outer loop
      vertex -1.369278 -0.569281 2.478999
      vertex -1.199625 -0.639399 2.319666
      vertex -1.199625 -0.639399 2.478999
    endloop
  endfacet
  facet normal 0.000000 0.000000 0.000000
    outer loop
      vertex -1.199625 -0.639399 2.478999
      vertex -1.199625 -0.639399 2.319666
      vertex -1.029972 -0.569280 2.319666
    endloop
  endfacet
  facet normal 0.000000 0.000000 0.000000
    outer loop
      vertex -1.199625 -0.639399 2.478999
      vertex -1.029972 -0.569280 2.319666
      vertex -1.029972 -0.569280 2.478999
    endloop
  endfacet
  facet normal 0.000000 0.000000 0.000000
    outer loop
      vertex -1.029972 -0.569280 2.478999
      vertex -1.029972 -0.569280 2.319666
      vertex -0.959700 -0.399999 2.319666
    endloop
  endfacet
  facet normal 0.000000 0.000000 0.000000
    outer loop
      vertex -1.029972 -0.569280 2.478999
      vertex -0.959700 -0.399999 2.319666
      vertex -0.959700 -0.399999 2.478999
    endloop
  endfacet
  facet normal 0.000000 0.000000 0.000000
    outer loop
      vertex -1.759450 -0.399999 2.478999
      vertex -1.759450 -0.399999 2.319666
      vertex -1.829722 -0.230718 2.319666
    endloop
  endfacet
  facet normal 0.000000 0.000000 0.000000
    outer loop
      vertex -1.759450 -0.399999 2.478999
      vertex -1.829722 -0.230718 2.319666
      vertex -1.829722 -0.230718 2.478999
    endloop
  endfacet
  facet normal 0.000000 0.000000 0.000000
    outer loop
      vertex -1.829722 -0.230718 2.478999
      vertex -1.829722 -0.230718 2.319666
      vertex -1.999375 -0.160599 2.319666
    endloop
  endfacet
  facet normal 0.000000 0.000000 0.000000
    outer loop
      vertex -1.829722 -0.230718 2.478999
      vertex -1.999375 -0.160599 2.319666
      vertex -1.999375 -0.160599 2.478999
    endloop
  endfacet
  facet normal 0.000000 0.000000 0.000000
    outer loop
      vertex -1.999375 -0.160599 2.478999
      vertex -1.999375 -0.160599 2.319666
      vertex -2.169028 -0.230718 2.319666
    endloop
  endfacet
  facet normal 0.000000 0.000000 0.000000
    outer loop
      vertex -1.999375 -0.160599 2.478999
      vertex -2.169028 -0.230718 2.319666
      vertex -2.169028 -0.230718 2.478999
    endloop
  endfacet
  facet normal 0.000000 0.000000 0.000000
    outer loop
      vertex -2.169028 -0.230718 2.478999
      vertex -2.169028 -0.230718 2.319666
      vertex -2.239300 -0.399999 2.319666
    endloop
  endfacet
  facet normal 0.000000 0.000000 0.000000
    outer loop
      vertex -2.169028 -0.230718 2.478999
      vertex -2.239300 -0.399999 2.319666
      vertex -2.239300 -0.399999 2.478999
    endloop
  endfacet
  facet normal 0.000000 0.000000 0.000000
    outer loop
      vertex -2.239300 -0.399999 2.478999
      vertex -2.239300 -0.399999 2.319666
      vertex -2.169028 -0.569281 2.319666
    endloop
  endfacet
  facet normal 0.000000 0.000000 0.000000
    outer loop
      vertex -2.239300 -0.399999 2.478999
      vertex -2.169028 -0.569281 2.319666
      vertex -2.169028 -0.569281 2.478999
    endloop
  endfacet
  facet normal 0.000000 0.000000 0.000000
    outer loop
      vertex -2.169028 -0.569281 2.478999
      vertex -2.169028 -0.569281 2.319666
      vertex -1.999375 -0.639399 2.319666
    endloop
  endfacet
  facet normal 0.000000 0.000000 0.000000
    outer loop
      vertex -2.169028 -0.569281 2.478999
      vertex -1.999375 -0.639399 2.319666
      vertex -1.999375 -0.639399 2.478999
    endloop
  endfacet
  facet normal 0.000000 0.000000 0.000000
    outer loop
      vertex -1.999375 -0.639399 2.478999
      vertex -1.999375 -0.639399 2.319666
      vertex -1.829722 -0.569280 2.319666
    endloop
  endfacet
  facet normal 0.000000 0.000000 0.000000
    outer loop
      vertex -1.999375 -0.639399 2.478999
      vertex -1.829722 -0.569280 2.319666
      vertex -1.829722 -0.569280 2.478999
    endloop
  endfacet
  facet normal 0.000000 0.000000 0.000000
    outer loop
      vertex -1.829722 -0.569280 2.478999
      vertex -1.829722 -0.569280 2.319666
      vertex -1.759450 -0.399999 2.319666
    endloop
  endfacet
  facet normal 0.000000 0.000000 0.000000
    outer loop
      vertex -1.829722 -0.569280 2.478999
      vertex -1.759450 -0.399999 2.319666
      vertex -1.759450 -0.399999 2.478999
    endloop
  endfacet
  facet normal 0.000000 0.000000 0.000000
    outer loop
      vertex -2.559200 -0.399999 2.478999
      vertex -2.559200 -0.399999 2.319666
      vertex -2.629472 -0.230718 2.319666
    endloop
  endfacet
  facet normal 0.000000 0.000000 0.000000
    outer loop
      vertex -2.559200 -0.399999 2.478999
      vertex -2.629472 -0.230718 2.319666
      vertex -2.629472 -0.230718 2.478999
    endloop
  endfacet
  facet normal 0.000000 0.000000 0.000000
    outer loop
      vertex -2.629472 -0.230718 2.478999
      vertex -2.629472 -0.230718 2.319666
      vertex -2.799125 -0.160599 2.319666
    endloop
  endfacet
  facet normal 0.000000 0.000000 0.000000
    outer loop
      vertex -2.629472 -0.230718 2.478999
      vertex -2.799125 -0.160599 2.319666
      vertex -2.799125 -0.160599 2.478999
    endloop
  endfacet
  facet normal 0.000000 0.000000 0.000000
    outer loop
      vertex -2.799125 -0.160599 2.478999
      vertex -2.799125 -0.160599 2.319666
      vertex -2.968777 -0.230718 2.319666
    endloop
  endfacet
  facet normal 0.000000 0.000000 0.000000
    outer loop
      vertex -2.799125 -0.160599 2.478999
      vertex -2.968777 -0.230718 2.319666
      vertex -2.968777 -0.230718 2.478999
    endloop
  endfacet
  facet normal 0.000000 0.000000 0.000000
    outer loop
      vertex -2.968777 -0.230718 2.478999
      vertex -2.968777 -0.230718 2.319666
      vertex -3.039050 -0.399999 2.319666
    endloop
  endfacet
  facet normal 0.000000 0.000000 0.000000
    outer loop
      vertex -2.968777 -0.230718 2.478999
      vertex -3.039050 -0.399999 2.319666
      vertex -3.039050 -0.399999 2.478999
    endloop
  endfacet
  facet normal 0.000000 0.000000 0.000000
    outer loop
      vertex -3.039050 -0.399999 2.478999
      vertex -3.039050 -0.399999 2.319666
      vertex -2.968777 -0.569281 2.319666
    endloop
  endfacet
  facet normal 0.000000 0.000000 0.000000
    outer loop
      vertex -3.039050 -0.399999 2.478999
      vertex -2.968777 -0.569281 2.319666
      vertex -2.968777 -0.569281 2.478999
    endloop
  endfacet
  facet normal 0.000000 0.000000 0.000000
    outer loop
      vertex -2.968777 -0.569281 2.478999
      vertex -2.968777 -0.569281 2.319666
      vertex -2.799125 -0.639399 2.319666
    endloop
  endfacet
  facet normal 0.000000 0.000000 0.000000
    outer loop
      vertex -2.968777 -0.569281 2.478999
      vertex -2.799125 -0.639399 2.319666
      vertex -2.799125 -0.639399 2.478999
    endloop
  endfacet
  facet normal 0.000000 0.000000 0.000000
    outer loop
      vertex -2.799125 -0.639399 2.478999
      vertex -2.799125 -0.639399 2.319666
      vertex -2.629472 -0.569280 2.319666
    endloop
  endfacet
  facet normal 0.000000 0.000000 0.000000
    outer loop
      vertex -2.799125 -0.639399 2.478999
      vertex -2.629472 -0.569280 2.319666
      vertex -2.629472 -0.569280 2.478999
    endloop
  endfacet
  facet normal 0.000000 0.000000 0.000000
    outer loop
      vertex -2.629472 -0.569280 2.478999
      vertex -2.629472 -0.569280 2.319666
      vertex -2.559200 -0.399999 2.319666
    endloop
  endfacet
  facet normal 0.000000 0.000000 0.000000
    outer loop
      vertex -2.629472 -0.569280 2.478999
      vertex -2.559200 -0.399999 2.319666
      vertex -2.559200 -0.399999 2.478999
    endloop
  endfacet
  facet normal 0.000000 0.000000 0.000000
    outer loop
      vertex 2.799125 -0.399999 2.478999
      vertex 3.039050 -0.399999 2.478999
      vertex 2.968777 -0.230718 2.478999
    endloop
  endfacet
  facet normal 0.000000 0.000000 0.000000
    outer loop
      vertex 2.799125 -0.399999 2.478999
      vertex 2.968777 -0.230718 2.478999
      vertex 2.799125 -0.160599 2.478999
    endloop
  endfacet
  facet normal 0.000000 0.000000 0.000000
    outer loop
      vertex 2.799125 -0.399999 2.478999
      vertex 2.799125 -0.160599 2.478999
      vertex 2.629472 -0.230718 2.478999
    endloop
  endfacet
  facet normal 0.000000 0.000000 0.000000
    outer loop
      vertex 2.799125 -0.399999 2.478999
      vertex 2.629472 -0.230718 2.478999
      vertex 2.559200 -0.399999 2.478999
    endloop
  endfacet
  facet normal 0.000000 0.000000 0.000000
    outer loop
      vertex 2.799125 -0.399999 2.478999
      vertex 2.559200 -0.399999 2.478999
      vertex 2.629472 -0.569281 2.478999
    endloop
  endfacet
  facet normal 0.000000 0.000000 0.000000
    outer loop
      vertex 2.799125 -0.399999 2.478999
      vertex 2.629472 -0.569281 2.478999
      vertex 2.799125 -0.639399 2.478999
    endloop
  endfacet
  facet normal 0.000000 0.000000 0.000000
    outer loop
      vertex 2.799125 -0.399999 2.478999
      vertex 2.799125 -0.639399 2.478999
      vertex 2.968778 -0.569280 2.478999
    endloop
  endfacet
  facet normal 0.000000 0.000000 0.000000
    outer loop
      vertex 2.799125 -0.399999 2.478999
      vertex 2.968778 -0.569280 2.478999
      vertex 3.039050 -0.399999 2.478999
    endloop
  endfacet
  facet normal 0.000000 0.000000 0.000000
    outer loop
      vertex 1.999375 -0.399999 2.478999
      vertex 2.239300 -0.399999 2.478999
      vertex 2.169028 -0.230718 2.478999
    endloop
  endfacet
  facet normal 0.000000 0.000000 0.000000
    outer loop
      vertex 1.999375 -0.399999 2.478999
      vertex 2.169028 -0.230718 2.478999
      vertex 1.999375 -0.160599 2.478999
    endloop
  endfacet
  facet normal 0.000000 0.000000 0.000000
    outer loop
      vertex 1.999375 -0.399999 2.478999
      vertex 1.999375 -0.160599 2.478999
      vertex 1.829722 -0.230718 2.478999
    endloop
  endfacet
  facet normal 0.000000 0.000000 0.000000
    outer loop
      vertex 1.999375 -0.399999 2.478999
      vertex 1.829722 -0.230718 2.478999
      vertex 1.759450 -0.399999 2.478999
    endloop
  endfacet
  facet normal 0.000000 0.000000 0.000000
    outer loop
      vertex 1.999375 -0.399999 2.478999
      vertex 1.759450 -0.399999 2.478999
      vertex 1.829722 -0.569281 2.478999
    endloop
  endfacet
  facet normal 0.000000 0.000000 0.000000
    outer loop
      vertex 1.999375 -0.399999 2.478999
      vertex 1.829722 -0.569281 2.478999
      vertex 1.999375 -0.639399 2.478999
    endloop
  endfacet
  facet normal 0.000000 0.000000 0.000000
    outer loop
      vertex 1.999375 -0.399999 2.478999
      vertex 1.999375 -0.639399 2.478999
      vertex 2.169028 -0.569280 2.478999
    endloop
  endfacet
  facet normal 0.000000 0.000000 0.000000
    outer loop
      vertex 1.999375 -0.399999 2.478999
      vertex 2.169028 -0.569280 2.478999
      vertex 2.239300 -0.399999 2.478999
    endloop
  endfacet
  facet normal 0.000000 0.000000 0.000000
    outer loop
      vertex 1.199625 -0.399999 2.478999
      vertex 1.439550 -0.399999 2.478999
      vertex 1.369278 -0.230718 2.478999
    endloop
  endfacet
  facet normal 0.000000 0.000000 0.000000
    outer loop
      vertex 1.199625 -0.399999 2.478999
      vertex 1.369278 -0.230718 2.478999
      vertex 1.199625 -0.160599 2.478999
    endloop
  endfacet
  facet normal 0.000000 0.000000 0.000000
    outer loop
      vertex 1.199625 -0.399999 2.478999
      vertex 1.199625 -0.160599 2.478999
      vertex 1.029972 -0.230718 2.478999
    endloop
  endfacet
  facet normal 0.000000 0.000000 0.000000
    outer loop
      vertex 1.199625 -0.399999 2.478999
      vertex 1.029972 -0.230718 2.478999
      vertex 0.959700 -0.399999 2.478999
    endloop
  endfacet
  facet normal 0.000000 0.000000 0.000000
    outer loop
      vertex 1.199625 -0.399999 2.478999
      vertex 0.959700 -0.399999 2.478999
      vertex 1.029972 -0.569281 2.478999
    endloop
  endfacet
  facet normal 0.000000 0.000000 0.000000
    outer loop
      vertex 1.199625 -0.399999 2.478999
      vertex 1.029972 -0.569281 2.478999
      vertex 1.199625 -0.639399 2.478999
    endloop
  endfacet
  facet normal 0.000000 0.000000 0.000000
    outer loop
      vertex 1.199625 -0.399999 2.478999
      vertex 1.199625 -0.639399 2.478999
      vertex 1.369278 -0.569280 2.478999
    endloop
  endfacet
  facet normal 0.000000 0.000000 0.000000
    outer loop
      vertex 1.199625 -0.399999 2.478999
      vertex 1.369278 -0.569280 2.478999
      vertex 1.439550 -0.399999 2.478999
    endloop
  endfacet
  facet normal 0.000000 0.000000 0.000000
    outer loop
      vertex 0.399875 -0.399999 2.478999
      vertex 0.639800 -0.399999 2.478999
      vertex 0.569528 -0.230718 2.478999
    endloop
  endfacet
  facet normal 0.000000 0.000000 0.000000
    outer loop
      vertex 0.399875 -0.399999 2.478999
      vertex 0.569528 -0.230718 2.478999
      vertex 0.399875 -0.160599 2.478999
    endloop
  endfacet
  facet normal 0.000000 0.000000 0.000000
    outer loop
      vertex 0.399875 -0.399999 2.478999
      vertex 0.399875 -0.160599 2.478999
      vertex 0.230222 -0.230718 2.478999
    endloop
  endfacet
  facet normal 0.000000 0.000000 0.000000
    outer loop
      vertex 0.399875 -0.399999 2.478999
      vertex 0.230222 -0.230718 2.478999
      vertex 0.159950 -0.399999 2.478999
    endloop
  endfacet
  facet normal 0.000000 0.000000 0.000000
    outer loop
      vertex 0.399875 -0.399999 2.478999
      vertex 0.159950 -0.399999 2.478999
      vertex 0.230222 -0.569281 2.478999
    endloop
  endfacet
  facet normal 0.000000 0.000000 0.000000
    outer loop
      vertex 0.399875 -0.399999 2.478999
      vertex 0.230222 -0.569281 2.478999
      vertex 0.399875 -0.639399 2.478999
    endloop
  endfacet
  facet normal 0.000000 0.000000 0.000000
    outer loop
      vertex 0.399875 -0.399999 2.478999
      vertex 0.399875 -0.639399 2.478999
      vertex 0.569528 -0.569280 2.478999
    endloop
  endfacet
  facet normal 0.000000 0.000000 0.000000
    outer loop
      vertex 0.399875 -0.399999 2.478999
      vertex 0.569528 -0.569280 2.478999
      vertex 0.639800 -0.399999 2.478999
    endloop
  endfacet
  facet normal 0.000000 0.000000 0.000000
    outer loop
      vertex -0.399875 -0.399999 2.478999
      vertex -0.159950 -0.399999 2.478999
      vertex -0.230222 -0.230718 2.478999
    endloop
  endfacet
  facet normal 0.000000 0.000000 0.000000
    outer loop
      vertex -0.399875 -0.399999 2.478999
      vertex -0.230222 -0.230718 2.478999
      vertex -0.399875 -0.160599 2.478999
    endloop
  endfacet
  facet normal 0.000000 0.000000 0.000000
    outer loop
      vertex -0.399875 -0.399999 2.478999
      vertex -0.399875 -0.160599 2.478999
      vertex -0.569528 -0.230718 2.478999
    endloop
  endfacet
  facet normal 0.000000 0.000000 0.000000
    outer loop
      vertex -0.399875 -0.399999 2.478999
      vertex -0.569528 -0.230718 2.478999
      vertex -0.639800 -0.399999 2.478999
    endloop
  endfacet
  facet normal 0.000000 0.000000 0.000000
    outer loop
      vertex -0.399875 -0.399999 2.478999
      vertex -0.639800 -0.399999 2.478999
      vertex -0.569528 -0.569281 2.478999
    endloop
  endfacet
  facet normal 0.000000 0.000000 0.000000
    outer loop
      vertex -0.399875 -0.399999 2.478999
      vertex -0.569528 -0.569281 2.478999
      vertex -0.399875 -0.639399 2.478999
    endloop
  endfacet
  facet normal 0.000000 0.000000 0.000000
    outer loop
      vertex -0.399875 -0.399999 2.478999
      vertex -0.399875 -0.639399 2.478999
      vertex -0.230222 -0.569280 2.478999
    endloop
  endfacet
  facet normal 0.000000 0.000000 0.000000
    outer loop
      vertex -0.399875 -0.399999 2.478999
      vertex -0.230222 -0.569280 2.478999
      vertex -0.159950 -0.399999 2.478999
    endloop
  endfacet
  facet normal 0.000000 0.000000 0.000000
    outer loop
      vertex -1.199625 -0.399999 2.478999
      vertex -0.959700 -0.399999 2.478999
      vertex -1.029972 -0.230718 2.478999
    endloop
  endfacet
  facet normal 0.000000 0.000000 0.000000
    outer loop
      vertex -1.199625 -0.399999 2.478999
      vertex -1.029972 -0.230718 2.478999
      vertex -1.199625 -0.160599 2.478999
    endloop
  endfacet
  facet normal 0.000000 0.000000 0.000000
    outer loop
      vertex -1.199625 -0.399999 2.478999
      vertex -1.199625 -0.160599 2.478999
      vertex -1.369278 -0.230718 2.478999
    endloop
  endfacet
  facet normal 0.000000 0.000000 0.000000
    outer loop
      vertex -1.199625 -0.399999 2.478999
      vertex -1.369278 -0.230718 2.478999
      vertex -1.439550 -0.399999 2.478999
    endloop
  endfacet
  facet normal 0.000000 0.000000 0.000000
    outer loop
      vertex -1.199625 -0.399999 2.478999
      vertex -1.439550 -0.399999 2.478999
      vertex -1.369278 -0.569281 2.478999
    endloop
  endfacet
  facet normal 0.000000 0.000000 0.000000
    outer loop
      vertex -1.199625 -0.399999 2.478999
      vertex -1.369278 -0.569281 2.478999
      vertex -1.199625 -0.639399 2.478999
    endloop
  endfacet
  facet normal 0.000000 0.000000 0.000000
    outer loop
      vertex -1.199625 -0.399999 2.478999
      vertex -1.199625 -0.639399 2.478999
      vertex -1.029972 -0.569280 2.478999
    endloop
  endfacet
  facet normal 0.000000 0.000000 0.000000
    outer loop
      vertex -1.199625 -0.399999 2.478999
      vertex -1.029972 -0.569280 2.478999
      vertex -0.959700 -0.399999 2.478999
    endloop
  endfacet
  facet normal 0.000000 0.000000 0.000000
    outer loop
      vertex -1.999375 -0.399999 2.478999
      vertex -1.759450 -0.399999 2.478999
      vertex -1.829722 -0.230718 2.478999
    endloop
  endfacet
  facet normal 0.000000 0.000000 0.000000
    outer loop
      vertex -1.999375 -0.399999 2.478999
      vertex -1.829722 -0.230718 2.478999
      vertex -1.999375 -0.160599 2.478999
    endloop
  endfacet
  facet normal 0.000000 0.000000 0.000000
    outer loop
      vertex -1.999375 -0.399999 2.478999
      vertex -1.999375 -0.160599 2.478999
      vertex -2.169028 -0.230718 2.478999
    endloop
  endfacet
  facet normal 0.000000 0.000000 0.000000
    outer loop
      vertex -1.999375 -0.399999 2.478999
      vertex -2.169028 -0.230718 2.478999
      vertex -2.239300 -0.399999 2.478999
    endloop
  endfacet
  facet normal 0.000000 0.000000 0.000000
    outer loop
      vertex -1.999375 -0.399999 2.478999
      vertex -2.239300 -0.399999 2.478999
      vertex -2.169028 -0.569281 2.478999
    endloop
  endfacet
  facet normal 0.000000 0.000000 0.000000
    outer loop
      vertex -1.999375 -0.399999 2.478999
      vertex -2.169028 -0.569281 2.478999
      vertex -1.999375 -0.639399 2.478999
    endloop
  endfacet
  facet normal 0.000000 0.000000 0.000000
    outer loop
      vertex -1.999375 -0.399999 2.478999
      vertex -1.999375 -0.639399 2.478999
      vertex -1.829722 -0.569280 2.478999
    endloop
  endfacet
  facet normal 0.000000 0.000000 0.000000
    outer loop
      vertex -1.999375 -0.399999 2.478999
      vertex -1.829722 -0.569280 2.478999
      vertex -1.759450 -0.399999 2.478999
    endloop
  endfacet
  facet normal 0.000000 0.000000 0.000000
    outer loop
      vertex -2.799125 -0.399999 2.478999
      vertex -2.559200 -0.399999 2.478999
      vertex -2.629472 -0.230718 2.478999
    endloop
  endfacet
  facet normal 0.000000 0.000000 0.000000
    outer loop
      vertex -2.799125 -0.399999 2.478999
      vertex -2.629472 -0.230718 2.478999
      vertex -2.799125 -0.160599 2.478999
    endloop
  endfacet
  facet normal 0.000000 0.000000 0.000000
    outer loop
      vertex -2.799125 -0.399999 2.478999
      vertex -2.799125 -0.160599 2.478999
      vertex -2.968777 -0.230718 2.478999
    endloop
  endfacet
  facet normal 0.000000 0.000000 0.000000
    outer loop
      vertex -2.799125 -0.399999 2.478999
      vertex -2.968777 -0.230718 2.478999
      vertex -3.039050 -0.399999 2.478999
    endloop
  endfacet
  facet normal 0.000000 0.000000 0.000000
    outer loop
      vertex -2.799125 -0.399999 2.478999
      vertex -3.039050 -0.399999 2.478999
      vertex -2.968777 -0.569281 2.478999
    endloop
  endfacet
  facet normal 0.000000 0.000000 0.000000
    outer loop
      vertex -2.799125 -0.399999 2.478999
      vertex -2.968777 -0.569281 2.478999
      vertex -2.799125 -0.639399 2.478999
    endloop
  endfacet
  facet normal 0.000000 0.000000 0.000000
    outer loop
      vertex -2.799125 -0.399999 2.478999
      vertex -2.799125 -0.639399 2.478999
      vertex -2.629472 -0.569280 2.478999
    endloop
  endfacet
  facet normal 0.000000 0.000000 0.000000
    outer loop
      vertex -2.799125 -0.399999 2.478999
      vertex -2.629472 -0.569280 2.478999
      vertex -2.559200 -0.399999 2.478999
    endloop
  endfacet
  facet normal 0.000000 0.000000 0.000000
    outer loop
      vertex 2.560600 -0.160599 -1.199001
      vertex 2.560600 -0.639399 -1.199001
      vertex 2.401000 -0.798999 -1.199001
    endloop
  endfacet
  facet normal 0.000000 0.000000 0.000000
    outer loop
      vertex 2.560600 -0.160599 -1.199001
      vertex 2.401000 -0.798999 -1.199001
      vertex 2.401000 -0.000999 -1.199001
    endloop
  endfacet
  facet normal 0.000000 0.000000 0.000000
    outer loop
      vertex 3.039400 -0.160599 -1.199001
      vertex 2.560600 -0.160599 -1.199001
      vertex 2.401000 -0.000999 -1.199001
    endloop
  endfacet
  facet normal 0.000000 0.000000 0.000000
    outer loop
      vertex 3.039400 -0.160599 -1.199001
      vertex 2.401000 -0.000999 -1.199001
      vertex 3.199000 -0.000999 -1.199001
    endloop
  endfacet
  facet normal 0.000000 0.000000 0.000000
    outer loop
      vertex 3.039400 -0.639399 -1.199001
      vertex 3.039400 -0.160599 -1.199001
      vertex 3.199000 -0.000999 -1.199001
    endloop
  endfacet
  facet normal 0.000000 0.000000 0.000000
    outer loop
      vertex 3.039400 -0.639399 -1.199001
      vertex 3.199000 -0.000999 -1.199001
      vertex 3.199000 -0.798999 -1.199001
    endloop
  endfacet
  facet normal 0.000000 0.000000 0.000000
    outer loop
      vertex 2.560600 -0.639399 -1.199001
      vertex 3.039400 -0.639399 -1.199001
      vertex 3.199000 -0.798999 -1.199001
    endloop
  endfacet
  facet normal 0.000000 0.000000 0.000000
    outer loop
      vertex 2.560600 -0.639399 -1.199001
      vertex 3.199000 -0.798999 -1.199001
      vertex 2.401000 -0.798999 -1.199001
    endloop
  endfacet
  facet normal 0.000000 0.000000 0.000000
    outer loop
      vertex 2.560600 -0.160599 1.519209
      vertex 3.039400 -0.160599 1.519209
      vertex 3.039400 -0.639399 1.519209
    endloop
  endfacet
  facet normal 0.000000 0.000000 0.000000
    outer loop
      vertex 2.560600 -0.160599 1.519209
      vertex 3.039400 -0.639399 1.519209
      vertex 2.560600 -0.639399 1.519209
    endloop
  endfacet
  facet normal 0.000000 0.000000 0.000000
    outer loop
      vertex 2.560600 -0.160599 1.519209
      vertex 2.560600 -0.160599 -1.199001
      vertex 3.039400 -0.160599 -1.199001
    endloop
  endfacet
  facet normal 0.000000 0.000000 0.000000
    outer loop
      vertex 2.560600 -0.160599 1.519209
      vertex 3.039400 -0.160599 -1.199001
      vertex 3.039400 -0.160599 1.519209
    endloop
  endfacet
  facet normal 0.000000 0.000000 0.000000
    outer loop
      vertex 2.560600 -0.639399 1.519209
      vertex 2.560600 -0.639399 -1.199001
      vertex 2.560600 -0.160599 -1.199001
    endloop
  endfacet
  facet normal 0.000000 0.000000 0.000000
    outer loop
      vertex 2.560600 -0.639399 1.519209
      vertex 2.560600 -0.160599 -1.199001
      vertex 2.560600 -0.160599 1.519209
    endloop
  endfacet
  facet normal 0.000000 0.000000 0.000000
    outer loop
      vertex 3.039400 -0.639399 1.519209
      vertex 3.039400 -0.639399 -1.199001
      vertex 2.560600 -0.639399 -1.199001
    endloop
  endfacet
  facet normal 0.000000 0.000000 0.000000
    outer loop
      vertex 3.039400 -0.639399 1.519209
      vertex 2.560600 -0.639399 -1.199001
      vertex 2.560600 -0.639399 1.519209
    endloop
  endfacet
  facet normal 0.000000 0.000000 0.000000
    outer loop
      vertex 3.039400 -0.160599 1.519209
      vertex 3.039400 -0.160599 -1.199001
      vertex 3.039400 -0.639399 -1.199001
    endloop
  endfacet
  facet normal 0.000000 0.000000 0.000000
    outer loop
      vertex 3.039400 -0.160599 1.519209
      vertex 3.039400 -0.639399 -1.199001
      vertex 3.039400 -0.639399 1.519209
    endloop
  endfacet
  facet normal 0.000000 0.000000 0.000000
    outer loop
      vertex 3.199000 -0.798999 1.679104
      vertex 3.199000 -0.798999 -1.199001
      vertex 3.199000 -0.000999 -1.199001
    endloop
  endfacet
  facet normal 0.000000 0.000000 0.000000
    outer loop
      vertex 3.199000 -0.798999 1.679104
      vertex 3.199000 -0.000999 -1.199001
      vertex 3.199000 -0.000999 1.679104
    endloop
  endfacet
  facet normal 0.000000 0.000000 0.000000
    outer loop
      vertex 2.401000 -0.798999 1.679104
      vertex 2.401000 -0.798999 -1.199001
      vertex 3.199000 -0.798999 -1.199001
    endloop
  endfacet
  facet normal 0.000000 0.000000 0.000000
    outer loop
      vertex 2.401000 -0.798999 1.679104
      vertex 3.199000 -0.798999 -1.199001
      vertex 3.199000 -0.798999 1.679104
    endloop
  endfacet
  facet normal 0.000000 0.000000 0.000000
    outer loop
      vertex 2.401000 -0.000999 1.679104
      vertex 2.401000 -0.000999 -1.199001
      vertex 2.401000 -0.798999 -1.199001
    endloop
  endfacet
  facet normal 0.000000 0.000000 0.000000
    outer loop
      vertex 2.401000 -0.000999 1.679104
      vertex 2.401000 -0.798999 -1.199001
      vertex 2.401000 -0.798999 1.679104
    endloop
  endfacet
  facet normal 0.000000 0.000000 0.000000
    outer loop
      vertex 3.199000 -0.000999 1.679104
      vertex 3.199000 -0.000999 -1.199001
      vertex 2.401000 -0.000999 -1.199001
    endloop
  endfacet
  facet normal 0.000000 0.000000 0.000000
    outer loop
      vertex 3.199000 -0.000999 1.679104
      vertex 2.401000 -0.000999 -1.199001
      vertex 2.401000 -0.000999 1.679104
    endloop
  endfacet
  facet normal 0.000000 0.000000 0.000000
    outer loop
      vertex 2.401000 -0.798999 1.679104
      vertex 3.199000 -0.798999 1.679104
      vertex 3.199000 -0.000999 1.679104
    endloop
  endfacet
  facet normal 0.000000 0.000000 0.000000
    outer loop
      vertex 2.401000 -0.798999 1.679104
      vertex 3.199000 -0.000999 1.679104
      vertex 2.401000 -0.000999 1.679104
    endloop
  endfacet
  facet normal 0.000000 0.000000 0.000000
    outer loop
      vertex 3.039400 -0.399999 1.838998
      vertex 3.039400 -0.399999 1.679104
      vertex 2.969281 -0.230717 1.679104
    endloop
  endfacet
  facet normal 0.000000 0.000000 0.000000
    outer loop
      vertex 3.039400 -0.399999 1.838998
      vertex 2.969281 -0.230717 1.679104
      vertex 2.969281 -0.230717 1.838998
    endloop
  endfacet
  facet normal 0.000000 0.000000 0.000000
    outer loop
      vertex 2.969281 -0.230717 1.838998
      vertex 2.969281 -0.230717 1.679104
      vertex 2.800000 -0.160599 1.679104
    endloop
  endfacet
  facet normal 0.000000 0.000000 0.000000
    outer loop
      vertex 2.969281 -0.230717 1.838998
      vertex 2.800000 -0.160599 1.679104
      vertex 2.800000 -0.160599 1.838998
    endloop
  endfacet
  facet normal 0.000000 0.000000 0.000000
    outer loop
      vertex 2.800000 -0.160599 1.838998
      vertex 2.800000 -0.160599 1.679104
      vertex 2.630719 -0.230717 1.679104
    endloop
  endfacet
  facet normal 0.000000 0.000000 0.000000
    outer loop
      vertex 2.800000 -0.160599 1.838998
      vertex 2.630719 -0.230717 1.679104
      vertex 2.630719 -0.230717 1.838998
    endloop
  endfacet
  facet normal 0.000000 0.000000 0.000000
    outer loop
      vertex 2.630719 -0.230717 1.838998
      vertex 2.630719 -0.230717 1.679104
      vertex 2.560600 -0.399999 1.679104
    endloop
  endfacet
  facet normal 0.000000 0.000000 0.000000
    outer loop
      vertex 2.630719 -0.230717 1.838998
      vertex 2.560600 -0.399999 1.679104
      vertex 2.560600 -0.399999 1.838998
    endloop
  endfacet
  facet normal 0.000000 0.000000 0.000000
    outer loop
      vertex 2.560600 -0.399999 1.838998
      vertex 2.560600 -0.399999 1.679104
      vertex 2.630719 -0.569280 1.679104
    endloop
  endfacet
  facet normal 0.000000 0.000000 0.000000
    outer loop
      vertex 2.560600 -0.399999 1.838998
      vertex 2.630719 -0.569280 1.679104
      vertex 2.630719 -0.569280 1.838998
    endloop
  endfacet
  facet normal 0.000000 0.000000 0.000000
    outer loop
      vertex 2.630719 -0.569280 1.838998
      vertex 2.630719 -0.569280 1.679104
      vertex 2.800000 -0.639399 1.679104
    endloop
  endfacet
  facet normal 0.000000 0.000000 0.000000
    outer loop
      vertex 2.630719 -0.569280 1.838998
      vertex 2.800000 -0.639399 1.679104
      vertex 2.800000 -0.639399 1.838998
    endloop
  endfacet
  facet normal 0.000000 0.000000 0.000000
    outer loop
      vertex 2.800000 -0.639399 1.838998
      vertex 2.800000 -0.639399 1.679104
      vertex 2.969281 -0.569280 1.679104
    endloop
  endfacet
  facet normal 0.000000 0.000000 0.000000
    outer loop
      vertex 2.800000 -0.639399 1.838998
      vertex 2.969281 -0.569280 1.679104
      vertex 2.969281 -0.569280 1.838998
    endloop
  endfacet
  facet normal 0.000000 0.000000 0.000000
    outer loop
      vertex 2.969281 -0.569280 1.838998
      vertex 2.969281 -0.569280 1.679104
      vertex 3.039400 -0.399999 1.679104
    endloop
  endfacet
  facet normal 0.000000 0.000000 0.000000
    outer loop
      vertex 2.969281 -0.569280 1.838998
      vertex 3.039400 -0.399999 1.679104
      vertex 3.039400 -0.399999 1.838998
    endloop
  endfacet
  facet normal 0.000000 0.000000 0.000000
    outer loop
      vertex 2.800000 -0.399999 1.838998
      vertex 3.039400 -0.399999 1.838998
      vertex 2.969281 -0.230717 1.838998
    endloop
  endfacet
  facet normal 0.000000 0.000000 0.000000
    outer loop
      vertex 2.800000 -0.399999 1.838998
      vertex 2.969281 -0.230717 1.838998
      vertex 2.800000 -0.160599 1.838998
    endloop
  endfacet
  facet normal 0.000000 0.000000 0.000000
    outer loop
      vertex 2.800000 -0.399999 1.838998
      vertex 2.800000 -0.160599 1.838998
      vertex 2.630719 -0.230717 1.838998
    endloop
  endfacet
  facet normal 0.000000 0.000000 0.000000
    outer loop
      vertex 2.800000 -0.399999 1.838998
      vertex 2.630719 -0.230717 1.838998
      vertex 2.560600 -0.399999 1.838998
    endloop
  endfacet
  facet normal 0.000000 0.000000 0.000000
    outer loop
      vertex 2.800000 -0.399999 1.838998
      vertex 2.560600 -0.399999 1.838998
      vertex 2.630719 -0.569280 1.838998
    endloop
  endfacet
  facet normal 0.000000 0.000000 0.000000
    outer loop
      vertex 2.800000 -0.399999 1.838998
      vertex 2.630719 -0.569280 1.838998
      vertex 2.800000 -0.639399 1.838998
    endloop
  endfacet
  facet normal 0.000000 0.000000 0.000000
    outer loop
      vertex 2.800000 -0.399999 1.838998
      vertex 2.800000 -0.639399 1.838998
      vertex 2.969281 -0.569280 1.838998
    endloop
  endfacet
  facet normal 0.000000 0.000000 0.000000
    outer loop
      vertex 2.800000 -0.399999 1.838998
      vertex 2.969281 -0.569280 1.838998
      vertex 3.039400 -0.399999 1.838998
    endloop
  endfacet
  facet normal 0.000000 0.000000 0.000000
    outer loop
      vertex -3.039400 -0.160600 -1.199001
      vertex -3.039400 -0.639400 -1.199001
      vertex -3.199000 -0.799000 -1.199001
    endloop
  endfacet
  facet normal 0.000000 0.000000 0.000000
    outer loop
      vertex -3.039400 -0.160600 -1.199001
      vertex -3.199000 -0.799000 -1.199001
      vertex -3.199000 -0.001000 -1.199001
    endloop
  endfacet
  facet normal 0.000000 0.000000 0.000000
    outer loop
      vertex -2.560600 -0.160600 -1.199001
      vertex -3.039400 -0.160600 -1.199001
      vertex -3.199000 -0.001000 -1.199001
    endloop
  endfacet
  facet normal 0.000000 0.000000 0.000000
    outer loop
      vertex -2.560600 -0.160600 -1.199001
      vertex -3.199000 -0.001000 -1.199001
      vertex -2.401000 -0.001000 -1.199001
    endloop
  endfacet
  facet normal 0.000000 0.000000 0.000000
    outer loop
      vertex -2.560600 -0.639400 -1.199001
      vertex -2.560600 -0.160600 -1.199001
      vertex -2.401000 -0.001000 -1.199001
    endloop
  endfacet
  facet normal 0.000000 0.000000 0.000000
    outer loop
      vertex -2.560600 -0.639400 -1.199001
      vertex -2.401000 -0.001000 -1.199001
      vertex -2.401000 -0.799000 -1.199001
    endloop
  endfacet
  facet normal 0.000000 0.000000 0.000000
    outer loop
      vertex -3.039400 -0.639400 -1.199001
      vertex -2.560600 -0.639400 -1.199001
      vertex -2.401000 -0.799000 -1.199001
    endloop
  endfacet
  facet normal 0.000000 0.000000 0.000000
    outer loop
      vertex -3.039400 -0.639400 -1.199001
      vertex -2.401000 -0.799000 -1.199001
      vertex -3.199000 -0.799000 -1.199001
    endloop
  endfacet
  facet normal 0.000000 0.000000 0.000000
    outer loop
      vertex -3.039400 -0.160600 1.519209
      vertex -2.560600 -0.160600 1.519209
      vertex -2.560600 -0.639400 1.519209
    endloop
  endfacet
  facet normal 0.000000 0.000000 0.000000
    outer loop
      vertex -3.039400 -0.160600 1.519209
      vertex -2.560600 -0.639400 1.519209
      vertex -3.039400 -0.639400 1.519209
    endloop
  endfacet
  facet normal 0.000000 0.000000 0.000000
    outer loop
      vertex -3.039400 -0.160600 1.519209
      vertex -3.039400 -0.160600 -1.199001
      vertex -2.560600 -0.160600 -1.199001
    endloop
  endfacet
  facet normal 0.000000 0.000000 0.000000
    outer loop
      vertex -3.039400 -0.160600 1.519209
      vertex -2.560600 -0.160600 -1.199001
      vertex -2.560600 -0.160600 1.519209
    endloop
  endfacet
  facet normal 0.000000 0.000000 0.000000
    outer loop
      vertex -3.039400 -0.639400 1.519209
      vertex -3.039400 -0.639400 -1.199001
      vertex -3.039400 -0.160600 -1.199001
    endloop
  endfacet
  facet normal 0.000000 0.000000 0.000000
    outer loop
      vertex -3.039400 -0.639400 1.519209
      vertex -3.039400 -0.160600 -1.199001
      vertex -3.039400 -0.160600 1.519209
    endloop
  endfacet
  facet normal 0.000000 0.000000 0.000000
    outer loop
      vertex -2.560600 -0.639400 1.519209
      vertex -2.560600 -0.639400 -1.199001
      vertex -3.039400 -0.639400 -1.199001
    endloop
  endfacet
  facet normal 0.000000 0.000000 0.000000
    outer loop
      vertex -2.560600 -0.639400 1.519209
      vertex -3.039400 -0.639400 -1.199001
      vertex -3.039400 -0.639400 1.519209
    endloop
  endfacet
  facet normal 0.000000 0.000000 0.000000
    outer loop
      vertex -2.560600 -0.160600 1.519209
      vertex -2.560600 -0.160600 -1.199001
      vertex -2.560600 -0.639400 -1.199001
    endloop
  endfacet
  facet normal 0.000000 0.000000 0.000000
    outer loop
      vertex -2.560600 -0.160600 1.519209
      vertex -2.560600 -0.639400 -1.199001
      vertex -2.560600 -0.639400 1.519209
    endloop
  endfacet
  facet normal 0.000000 0.000000 0.000000
    outer loop
      vertex -2.401000 -0.799000 1.679104
      vertex -2.401000 -0.799000 -1.199001
      vertex -2.401000 -0.001000 -1.199001
    endloop
  endfacet
  facet normal 0.000000 0.000000 0.000000
    outer loop
      vertex -2.401000 -0.799000 1.679104
      vertex -2.401000 -0.001000 -1.199001
      vertex -2.401000 -0.001000 1.679104
    endloop
  endfacet
  facet normal 0.000000 0.000000 0.000000
    outer loop
      vertex -3.199000 -0.799000 1.679104
      vertex -3.199000 -0.799000 -1.199001
      vertex -2.401000 -0.799000 -1.199001
    endloop
  endfacet
  facet normal 0.000000 0.000000 0.000000
    outer loop
      vertex -3.199000 -0.799000 1.679104
      vertex -2.401000 -0.799000 -1.199001
      vertex -2.401000 -0.799000 1.679104
    endloop
  endfacet
  facet normal 0.000000 0.000000 0.000000
    outer loop
      vertex -3.199000 -0.001000 1.679104
      vertex -3.199000 -0.001000 -1.199001
      vertex -3.199000 -0.799000 -1.199001
    endloop
  endfacet
  facet normal 0.000000 0.000000 0.000000
    outer loop
      vertex -3.199000 -0.001000 1.679104
      vertex -3.199000 -0.799000 -1.199001
      vertex -3.199000 -0.799000 1.679104
    endloop
  endfacet
  facet normal 0.000000 0.000000 0.000000
    outer loop
      vertex -2.401000 -0.001000 1.679104
      vertex -2.401000 -0.001000 -1.199001
      vertex -3.199000 -0.001000 -1.199001
    endloop
  endfacet
  facet normal 0.000000 0.000000 0.000000
    outer loop
      vertex -2.401000 -0.001000 1.679104
      vertex -3.199000 -0.001000 -1.199001
      vertex -3.199000 -0.001000 1.679104
    endloop
  endfacet
  facet normal 0.000000 0.000000 0.000000
    outer loop
      vertex -3.199000 -0.799000 1.679104
      vertex -2.401000 -0.799000 1.679104
      vertex -2.401000 -0.001000 1.679104
    endloop
  endfacet
  facet normal 0.000000 0.000000 0.000000
    outer loop
      vertex -3.199000 -0.799000 1.679104
      vertex -2.401000 -0.001000 1.679104
      vertex -3.199000 -0.001000 1.679104
    endloop
  endfacet
  facet normal 0.000000 0.000000 0.000000
    outer loop
      vertex -2.560600 -0.400000 1.838998
      vertex -2.560600 -0.400000 1.679104
      vertex -2.630719 -0.230718 1.679104
    endloop
  endfacet
  facet normal 0.000000 0.000000 0.000000
    outer loop
      vertex -2.560600 -0.400000 1.838998
      vertex -2.630719 -0.230718 1.679104
      vertex -2.630719 -0.230718 1.838998
    endloop
  endfacet
  facet normal 0.000000 0.000000 0.000000
    outer loop
      vertex -2.630719 -0.230718 1.838998
      vertex -2.630719 -0.230718 1.679104
      vertex -2.800000 -0.160600 1.679104
    endloop
  endfacet
  facet normal 0.000000 0.000000 0.000000
    outer loop
      vertex -2.630719 -0.230718 1.838998
      vertex -2.800000 -0.160600 1.679104
      vertex -2.800000 -0.160600 1.838998
    endloop
  endfacet
  facet normal 0.000000 0.000000 0.000000
    outer loop
      vertex -2.800000 -0.160600 1.838998
      vertex -2.800000 -0.160600 1.679104
      vertex -2.969281 -0.230718 1.679104
    endloop
  endfacet
  facet normal 0.000000 0.000000 0.000000
    outer loop
      vertex -2.800000 -0.160600 1.838998
      vertex -2.969281 -0.230718 1.679104
      vertex -2.969281 -0.230718 1.838998
    endloop
  endfacet
  facet normal 0.000000 0.000000 0.000000
    outer loop
      vertex -2.969281 -0.230718 1.838998
      vertex -2.969281 -0.230718 1.679104
      vertex -3.039400 -0.400000 1.679104
    endloop
  endfacet
  facet normal 0.000000 0.000000 0.000000
    outer loop
      vertex -2.969281 -0.230718 1.838998
      vertex -3.039400 -0.400000 1.679104
      vertex -3.039400 -0.400000 1.838998
    endloop
  endfacet
  facet normal 0.000000 0.000000 0.000000
    outer loop
      vertex -3.039400 -0.400000 1.838998
      vertex -3.039400 -0.400000 1.679104
      vertex -2.969281 -0.569281 1.679104
    endloop
  endfacet
  facet normal 0.000000 0.000000 0.000000
    outer loop
      vertex -3.039400 -0.400000 1.838998
      vertex -2.969281 -0.569281 1.679104
      vertex -2.969281 -0.569281 1.838998
    endloop
  endfacet
  facet normal 0.000000 0.000000 0.000000
    outer loop
      vertex -2.969281 -0.569281 1.838998
      vertex -2.969281 -0.569281 1.679104
      vertex -2.800000 -0.639400 1.679104
    endloop
  endfacet
  facet normal 0.000000 0.000000 0.000000
    outer loop
      vertex -2.969281 -0.569281 1.838998
      vertex -2.800000 -0.639400 1.679104
      vertex -2.800000 -0.639400 1.838998
    endloop
  endfacet
  facet normal 0.000000 0.000000 0.000000
    outer loop
      vertex -2.800000 -0.639400 1.838998
      vertex -2.800000 -0.639400 1.679104
      vertex -2.630719 -0.569281 1.679104
    endloop
  endfacet
  facet normal 0.000000 0.000000 0.000000
    outer loop
      vertex -2.800000 -0.639400 1.838998
      vertex -2.630719 -0.569281 1.679104
      vertex -2.630719 -0.569281 1.838998
    endloop
  endfacet
  facet normal 0.000000 0.000000 0.000000
    outer loop
      vertex -2.630719 -0.569281 1.838998
      vertex -2.630719 -0.569281 1.679104
      vertex -2.560600 -0.400000 1.679104
    endloop
  endfacet
  facet normal 0.000000 0.000000 0.000000
    outer loop
      vertex -2.630719 -0.569281 1.838998
      vertex -2.560600 -0.400000 1.679104
      vertex -2.560600 -0.400000 1.838998
    endloop
  endfacet
  facet normal 0.000000 0.000000 0.000000
    outer loop
      vertex -2.800000 -0.400000 1.838998
      vertex -2.560600 -0.400000 1.838998
      vertex -2.630719 -0.230718 1.838998
    endloop
  endfacet
  facet normal 0.000000 0.000000 0.000000
    outer loop
      vertex -2.800000 -0.400000 1.838998
      vertex -2.630719 -0.230718 1.838998
      vertex -2.800000 -0.160600 1.838998
    endloop
  endfacet
  facet normal 0.000000 0.000000 0.000000
    outer loop
      vertex -2.800000 -0.400000 1.838998
      vertex -2.800000 -0.160600 1.838998
      vertex -2.969281 -0.230718 1.838998
    endloop
  endfacet
  facet normal 0.000000 0.000000 0.000000
    outer loop
      vertex -2.800000 -0.400000 1.838998
      vertex -2.969281 -0.230718 1.838998
      vertex -3.039400 -0.400000 1.838998
    endloop
  endfacet
  facet normal 0.000000 0.000000 0.000000
    outer loop
      vertex -2.800000 -0.400000 1.838998
      vertex -3.039400 -0.400000 1.838998
      vertex -2.969281 -0.569281 1.838998
    endloop
  endfacet
  facet normal 0.000000 0.000000 0.000000
    outer loop
      vertex -2.800000 -0.400000 1.838998
      vertex -2.969281 -0.569281 1.838998
      vertex -2.800000 -0.639400 1.838998
    endloop
  endfacet
  facet normal 0.000000 0.000000 0.000000
    outer loop
      vertex -2.800000 -0.400000 1.838998
      vertex -2.800000 -0.639400 1.838998
      vertex -2.630719 -0.569281 1.838998
    endloop
  endfacet
  facet normal 0.000000 0.000000 0.000000
    outer loop
      vertex -2.800000 -0.400000 1.838998
      vertex -2.630719 -0.569281 1.838998
      vertex -2.560600 -0.400000 1.838998
    endloop
  endfacet
endsolid MYSOLID
