# Blender v3.1.0 Alpha OBJ File: ''
# www.blender.org
mtllib bauble-hook.9b4e81e6.mtl
o Cylinder
v 0.975012 1.131964 -0.205238
v 0.973554 1.118711 -0.217688
v 0.834675 1.118711 -0.542703
v 0.809150 1.232321 -0.524964
v 0.948183 1.232321 -0.199591
v 1.035780 0.012821 0.204819
v 1.013173 0.013002 0.200498
v 1.017029 0.013002 0.179918
v 1.039667 0.012821 0.184075
v 0.204819 0.012821 -1.035782
v 0.200498 0.013002 -1.013173
v 0.179918 0.013002 -1.017029
v 0.184075 0.012821 -1.039669
v -1.031077 0.303534 0.237930
v -1.030918 0.303540 0.238461
v -0.970612 1.118711 0.224574
v -0.976295 1.118711 0.205508
v -0.978104 1.012855 0.205889
v 0.604996 0.012821 0.865317
v 0.591927 0.013002 0.846369
v 0.605715 0.020509 0.834410
v 0.618893 0.020223 0.853261
v -0.312678 1.393195 -0.456875
v 0.281960 1.393195 -0.463487
v 0.283654 1.393195 -0.471253
v 0.101963 1.393195 -0.544156
v -0.093797 1.393195 -0.541979
v -0.113561 1.393195 -0.539490
v -0.132652 1.393195 -0.533800
v 1.036780 0.308961 -0.205368
v 1.014223 0.308828 -0.200719
v 0.955423 1.008886 -0.201115
v 0.976549 1.008949 -0.205567
v -0.183423 0.012041 1.073564
v -0.179273 0.012221 1.050963
v -0.161066 0.019728 1.052256
v -0.165070 0.019443 1.074861
v 0.587579 0.012821 0.877237
v 0.574648 0.013002 0.858195
v -0.865316 0.012821 0.604995
v -0.846369 0.013002 0.591928
v -0.834409 0.020509 0.605716
v -0.853259 0.020223 0.618892
v -0.204167 0.012041 1.069678
v -0.199853 0.012221 1.047107
v -0.835264 1.118711 -0.544826
v -0.836797 1.011425 -0.545816
v -0.898667 0.300925 -0.557444
v -0.899004 0.300935 -0.556820
v -0.846536 1.118711 -0.524008
v -0.959082 1.035068 -0.179711
v -0.826696 1.035068 -0.511653
v -0.815659 1.035068 -0.532023
v -0.801419 1.035068 -0.550362
v -0.551099 1.035068 -0.805248
v -0.219061 1.035068 -0.948035
v -0.200709 1.035068 -0.953498
v -0.181713 1.035068 -0.955897
v 0.179711 1.035068 -0.959082
v 0.515463 1.035068 -0.825261
v 0.532302 1.035068 -0.816148
v 0.547431 1.035068 -0.804412
v 0.788370 1.035068 -0.567606
v 0.803008 1.035068 -0.549606
v 0.814479 1.035068 -0.529496
v 0.950872 1.035068 -0.212821
v 0.954421 1.035068 -0.200904
v 0.955977 1.035068 -0.188566
v 0.959082 1.035068 0.179711
v 0.822855 1.035068 0.521881
v 0.816938 1.035068 0.532817
v 0.809315 1.035068 0.542642
v 0.551099 1.035068 0.805248
v 0.212822 1.035068 0.950872
v 0.200904 1.035068 0.954421
v 0.188566 1.035068 0.955977
v -0.179711 1.035068 0.959082
v -0.521881 1.035068 0.822855
v -0.532817 1.035068 0.816938
v -0.542642 1.035068 0.809315
v -0.805248 1.035068 0.551099
v -0.947783 1.035068 0.219618
v -0.953417 1.035068 0.200692
v -0.955891 1.035068 0.181101
v -0.604997 0.012821 -0.865318
v -0.591927 0.013002 -0.846369
v -0.605715 0.020509 -0.834410
v -0.618894 0.020223 -0.853262
v 0.161711 0.020509 -1.018322
v 0.165723 0.020223 -1.040972
v -0.982894 1.118711 -0.184173
v -0.978780 1.118711 0.185769
v -0.972928 1.139760 0.204799
v -0.948183 1.232321 0.199590
v -0.949234 1.232321 0.105079
v -0.950285 1.232321 0.010567
v -0.951336 1.232321 -0.083945
v -0.952387 1.232321 -0.178456
v 0.886230 0.020794 -0.576576
v 0.873926 0.013633 -0.598150
v 0.822942 1.118711 -0.563265
v -0.853843 0.253397 -0.616795
v -0.871887 0.300837 -0.598346
v -0.820694 1.118711 -0.563572
v -0.564781 1.118711 -0.825241
v -0.599857 0.033850 -0.876493
v -0.617952 0.021835 -0.857992
v -0.587580 0.012821 -0.877239
v -0.574648 0.013002 -0.858195
v 1.034285 0.021817 0.219665
v 1.043937 0.033850 0.195611
v 0.982894 1.118711 0.184173
v 0.842335 1.118711 0.534478
v 0.895304 0.314360 0.559564
v 0.904867 0.267190 0.535731
v -0.177932 0.306684 -1.016705
v -0.148785 0.252335 -1.017030
v 0.190872 0.033850 -1.018646
v 0.532895 1.005902 -0.817057
v 0.547039 0.303738 -0.875736
v 0.547861 0.303728 -0.875292
v 0.836377 1.118711 0.545496
v 0.838012 1.015836 0.546562
v 0.895188 0.314358 0.559779
v -1.017029 0.013002 -0.179918
v -1.039668 0.012821 -0.184075
v -1.035781 0.012821 -0.204819
v -1.013173 0.013002 -0.200498
v -0.205389 1.005997 -0.975668
v -0.200933 1.005902 -0.954560
v -0.249300 0.303728 -1.002742
v -0.254238 0.303893 -1.025212
v 0.862116 0.261494 0.608336
v 0.880192 0.308980 0.589854
v 0.828696 1.118711 0.555390
v 0.564781 1.118711 0.825241
v 0.599857 0.033850 0.876493
v 0.617961 0.021829 0.857982
v 0.170930 0.261592 1.037467
v 0.196728 0.308980 1.037180
v 0.193257 1.118711 0.978697
v -0.184173 1.118711 0.982894
v -0.194966 0.033069 1.077871
v -0.169056 0.021039 1.077583
v -0.886671 0.021824 0.576038
v -0.876493 0.033850 0.599858
v -0.825241 1.118711 0.564781
v -1.020758 0.256043 0.262239
v -0.219011 0.021041 1.068223
v -0.534478 1.118711 0.842335
v -0.559573 0.314661 0.900657
v -0.535604 0.267223 0.910275
v -0.855259 0.033850 0.585325
v -0.866717 0.020509 0.558508
v -0.994353 0.248946 0.259806
v -1.005811 0.303305 0.232991
v 1.018322 0.020509 0.161711
v 1.040969 0.020223 0.165723
v -1.018646 0.033850 -0.190872
v -1.007787 0.020509 -0.217937
v -0.888189 0.246369 -0.516003
v -0.877336 0.300716 -0.543050
v -0.877236 0.012821 0.587579
v -0.858195 0.013002 0.574648
v 0.466562 1.393195 -0.290007
v -0.472895 1.393195 -0.279561
v -0.544156 1.393195 -0.101963
v 0.541754 1.393195 -0.114038
v 0.191544 0.308832 1.012000
v 0.162384 0.254473 1.012324
v -0.190227 0.033069 1.052580
v 0.219638 0.021830 -1.034297
v 0.195611 0.033850 -1.043937
v 0.184173 1.118711 -0.982894
v 0.527871 1.118711 -0.844987
v 0.560863 0.303923 -0.897381
v 0.536893 0.256457 -0.906999
v -1.018322 0.020509 -0.161711
v -1.040970 0.020223 -0.165723
v 0.576048 0.021829 0.886667
v 0.217688 1.118711 0.973554
v 0.231170 0.308980 1.034034
v 0.254943 0.261494 1.023875
v -0.589747 0.312619 0.841861
v -0.610595 0.258260 0.821471
v 1.018646 0.033850 0.190872
v 1.007787 0.020509 0.217937
v 0.884568 0.259853 0.518551
v 0.873708 0.314212 0.545615
v -1.014386 0.303305 0.192256
v -1.014710 0.248946 0.163097
v -1.034306 0.021843 -0.219613
v -1.043937 0.033850 -0.195611
v -0.908609 0.253520 -0.532880
v 1.014299 0.308832 -0.200116
v 1.014623 0.254473 -0.170956
v -0.585325 0.033850 -0.855259
v -0.558508 0.020509 -0.866717
v -0.276998 0.249389 -0.991022
v -0.250195 0.303738 -1.002475
v 0.585325 0.033850 0.855259
v 0.558508 0.020509 0.866717
v 0.252579 0.254473 0.997441
v 0.225764 0.308832 1.008900
v -0.850561 0.300625 -0.584057
v -0.830186 0.246280 -0.604891
v 0.858720 0.308832 0.575714
v 0.838331 0.254473 0.596562
v 0.217937 0.020509 -1.007787
v 0.519987 0.249389 -0.886590
v -0.217292 0.019728 1.041720
v -0.518560 0.260154 0.889921
v -0.545624 0.314513 0.879062
v -0.547251 1.232321 -0.799627
v -0.794507 1.232321 -0.546810
v -0.723309 1.315490 -0.500661
v -0.499359 1.315490 -0.729648
v -0.749666 1.315490 -0.460345
v -0.869039 1.315490 -0.162839
v -0.755184 1.345932 -0.141505
v -0.652694 1.345932 -0.396936
v -0.626129 1.345932 -0.437540
v -0.433937 1.345932 -0.634055
v -0.820624 1.232321 -0.506841
v 0.807959 1.118711 -0.581683
v 0.560480 1.118711 -0.823719
v 0.543645 1.232321 -0.797603
v 0.782151 1.232321 -0.564343
v 0.178456 1.232321 -0.952387
v -0.179576 1.232321 -0.948405
v -0.161984 1.315490 -0.865427
v 0.162839 1.315490 -0.869039
v -0.200644 1.315490 -0.857289
v -0.176854 1.345932 -0.743907
v -0.138047 1.345932 -0.752076
v 0.141505 1.345932 -0.755184
v -0.224235 1.118711 -0.970757
v -0.217997 1.232321 -0.940318
v 0.400967 1.345932 -0.651076
v 0.497410 1.315490 -0.726489
v 0.711997 1.315490 -0.516622
v 0.464318 1.315490 -0.748072
v 0.434184 1.345932 -0.629412
v 0.616245 1.345932 -0.451355
v 0.739244 1.315490 -0.476902
v 0.865203 1.315490 -0.182123
v 0.643706 1.345932 -0.411352
v 0.751851 1.345932 -0.158263
v 0.510758 1.232321 -0.819052
v 0.834563 1.131964 0.544313
v 0.811598 1.232321 0.529335
v 0.547251 1.232321 0.799627
v 0.949234 1.232321 -0.105079
v 0.866162 1.315490 -0.095883
v 0.752684 1.345932 -0.083321
v 0.205238 1.131964 0.975012
v 0.199591 1.232321 0.948183
v -0.178456 1.232321 0.952387
v 0.952387 1.232321 0.178456
v 0.869039 1.315490 0.162839
v 0.740572 1.315490 0.483010
v 0.755184 1.345932 0.141505
v 0.643548 1.345932 0.419730
v 0.499359 1.315490 0.729648
v 0.433937 1.345932 0.634055
v -0.555390 1.118711 0.828696
v -0.544313 1.131964 0.834563
v -0.529335 1.232321 0.811598
v -0.799627 1.232321 0.547251
v 0.182124 1.315490 0.865203
v 0.158263 1.345932 0.751851
v -0.162839 1.315490 0.869039
v -0.141505 1.345932 0.755184
v -0.483011 1.315490 0.740572
v -0.419730 1.345932 0.643548
v -0.729648 1.315490 0.499359
v -0.634055 1.345932 0.433937
v -0.865203 1.315490 0.182123
v -0.751851 1.345932 0.158263
v -0.866162 1.315490 0.095883
v -0.752684 1.345932 0.083321
v 0.316912 1.393195 -0.449562
v 0.438919 1.393195 -0.330239
v -0.186138 1.118711 -0.978776
v -0.446154 1.393195 -0.320397
v 0.978697 1.118711 -0.193256
v 0.950285 1.232321 -0.010567
v 0.951336 1.232321 0.083945
v 0.543555 1.393195 0.047963
v 0.544156 1.393195 0.101963
v 0.754351 1.345932 0.066563
v 0.463715 1.393195 0.302441
v 0.312678 1.393195 0.456875
v 0.114038 1.393195 0.541754
v -0.101963 1.393195 0.544156
v -0.302441 1.393195 0.463715
v -0.456875 1.393195 0.312678
v -0.541754 1.393195 0.114038
v -0.543555 1.393195 -0.047963
v -0.754351 1.345932 -0.066563
v 0.393217 1.393195 0.053954
v 0.477364 1.393195 0.024228
v 0.477364 0.413115 0.024228
v 0.393217 0.413115 0.053954
v -0.851255 0.300611 -0.583165
v -0.816595 1.004105 -0.532635
v 0.858215 0.020893 -0.617463
v 1.021519 0.303592 -0.246787
v 1.011203 0.255370 -0.270928
v 0.837365 0.017602 -0.602825
v 0.601731 0.249389 -0.833276
v 0.614638 0.249839 -0.852259
v 0.856179 0.017412 -0.616035
v 0.865043 0.017511 -0.562427
v 0.852883 0.010284 -0.583744
v -0.876799 0.300702 -0.544043
v -0.872325 0.300828 -0.597783
v -0.809236 1.232321 -0.527865
v -0.738179 1.315490 -0.481542
v -0.641125 1.345932 -0.418270
v 0.797298 1.232321 -0.545730
v 0.727289 1.315490 -0.497838
v 0.631665 1.345932 -0.432424
v -0.205517 1.118711 -0.976336
v -0.205906 1.012138 -0.978185
v -0.255220 0.303917 -1.027707
v -0.255725 0.303923 -1.027556
v -0.870373 0.300800 -0.595947
v -0.834667 1.004216 -0.544407
v 0.884162 0.017316 -0.575193
v 0.871870 0.010171 -0.596743
v 0.613926 0.255599 -0.856649
v 0.595128 0.303923 -0.875033
v -0.461260 1.393195 -0.300999
v 0.454453 1.393195 -0.311181
v -0.576043 0.021826 -0.886669
v -0.279264 0.256879 -1.017498
v 0.301177 1.393195 -0.461777
v -0.178859 0.306674 -1.016589
v 0.545051 1.118711 -0.835696
v 0.546075 1.013005 -0.837266
v 0.561339 0.303917 -0.897125
v 0.580155 0.303728 -0.854229
v 0.580893 0.303738 -0.853656
v 0.544670 1.005997 -0.835133
v 0.560260 0.303893 -0.894675
v 0.594696 0.303917 -0.875369
v -0.182982 0.306869 -1.041888
v -0.183514 0.306863 -1.041821
v -0.199119 1.232321 -0.945944
v -0.181649 1.315490 -0.862951
v -0.157787 1.345932 -0.749590
v 0.528085 1.232321 -0.809682
v 0.481753 1.315490 -0.738644
v 0.418468 1.345932 -0.641613
v -0.975603 1.005770 0.205372
v -0.954487 1.005648 0.200917
v -1.006087 0.303296 0.232069
v -1.028580 0.303506 0.236961
v -0.183398 0.306839 -1.039144
v 0.592894 0.303893 -0.873388
v -0.157397 0.259845 -1.042172
v 0.169707 0.021823 -1.043649
v -1.014266 0.303296 0.193211
v 0.996559 0.303440 -0.240797
v 1.019080 0.303572 -0.245637
v -1.039567 0.303540 0.197372
v -1.039498 0.303534 0.197921
v -1.036823 0.303506 0.197802
v 0.977132 1.118711 -0.205684
v 0.979044 1.015725 -0.206087
v 1.021590 0.303590 -0.246548
v -0.622135 0.265882 0.845485
v -0.603886 0.312767 0.863332
v -0.857952 0.021810 0.617990
v 0.205684 1.118711 0.977132
v -0.545496 1.118711 0.836377
v 0.984927 0.249085 -0.268196
v 0.996385 0.303444 -0.241380
v 0.859094 0.308828 0.575234
v 0.817795 1.008886 0.533376
v 0.206086 1.015839 0.979042
v 0.230939 0.308979 1.034103
v 0.192147 0.308828 1.011924
v 0.201115 1.008886 0.955423
v -0.546569 1.015199 0.838022
v -0.559786 0.314659 0.900542
v -0.589267 0.312615 0.842234
v -0.533377 1.008886 0.817795
v 0.835882 1.008959 0.545166
v 0.873419 0.314208 0.546151
v 0.892765 0.314341 0.558652
v -0.546159 0.314509 0.878773
v -0.603697 0.312766 0.863479
v 1.039479 0.308980 -0.205300
v 1.039449 0.308978 -0.205544
v 0.880340 0.308979 0.589663
v 0.225181 0.308828 1.009074
v 0.196971 0.308978 1.037150
v 0.205570 1.008923 0.976567
v 0.230020 0.308961 1.031591
v 1.007348 0.249503 -0.273252
v -0.545166 1.008973 0.835883
v -0.558664 0.314641 0.898125
v 0.878332 0.308961 0.587897
v -1.039082 0.015342 -0.204150
v 0.196799 0.308961 1.034498
v -0.601931 0.312748 0.861474
v 1.039767 0.261470 -0.179436
v 1.043649 0.021823 0.169707
v -1.030350 0.020223 -0.222397
v -0.590377 0.015323 -0.879100
v -1.037262 0.249442 0.167446
v -0.571311 0.020223 -0.885829
v 0.204159 0.015321 -1.039077
v -0.849127 0.246756 -0.617844
v 0.222397 0.020223 -1.030351
v 1.039073 0.015308 0.204166
v -0.153082 0.252786 -1.039580
v 1.030349 0.020223 0.222397
v 0.590377 0.015323 0.879100
v 1.037175 0.254891 -0.175366
v 0.571310 0.020223 0.885826
v -0.203519 0.014530 1.073007
v 0.857396 0.254891 0.609391
v -0.221745 0.019443 1.064246
v -0.879102 0.015309 0.590370
v 0.166800 0.254892 1.034903
v -0.885826 0.020223 0.571309
v -0.900020 0.284177 -0.554137
v -0.623425 0.258678 0.840539
v -0.848179 0.280947 -0.586402
v -0.840467 0.261061 -0.594354
v -0.882690 0.261151 -0.529660
v -0.878522 0.281038 -0.539924
v -0.897934 0.281272 -0.552242
v -0.896199 0.300897 -0.556396
v -0.863003 0.266437 -0.607407
v -0.902134 0.261489 -0.541894
v -0.859493 0.261393 -0.607225
v -0.258407 0.287273 -1.026360
v -0.867270 0.281175 -0.599210
v -0.174491 0.287008 -1.016691
v -0.163484 0.267118 -1.016852
v -0.263476 0.264172 -0.996784
v -0.253338 0.284062 -1.001074
v 0.583315 0.284062 -0.851213
v 0.591213 0.264172 -0.843543
v 0.533624 0.264172 -0.881104
v 0.543826 0.284062 -0.876968
v -0.258308 0.284265 -1.023529
v -0.170368 0.272752 -1.042015
v -0.268527 0.264480 -1.019201
v -0.167898 0.267426 -1.039404
v 0.558098 0.287130 -0.898441
v -0.178995 0.287211 -1.039245
v 0.556191 0.284265 -0.896363
v 0.604375 0.268904 -0.865972
v 0.545905 0.264480 -0.900529
v 0.604038 0.264480 -0.862611
v -1.029712 0.286742 0.241163
v 0.596079 0.284265 -0.870345
v -1.014370 0.283628 0.188828
v -1.014532 0.263734 0.177806
v -1.000120 0.263734 0.246274
v -1.004414 0.283628 0.236121
v -1.026892 0.283876 0.241046
v -1.039855 0.256106 0.171550
v -1.039696 0.269141 0.184647
v -1.022560 0.264088 0.251279
v -1.037086 0.264088 0.182272
v 1.020248 0.286515 -0.249683
v -1.036925 0.283876 0.193383
v 1.014304 0.289158 -0.196512
v 1.014451 0.269262 -0.185618
v 0.990679 0.263874 -0.254709
v 0.994937 0.283769 -0.244680
v 0.856176 0.289158 0.578267
v 0.848576 0.269262 0.586073
v 0.879099 0.274642 0.532156
v 0.875018 0.294538 0.542258
v 0.187940 0.289158 1.012005
v 0.177046 0.269262 1.012152
v 0.239093 0.269262 1.003194
v 0.229064 0.289158 1.007452
v -0.592299 0.292945 0.839316
v -0.600106 0.273049 0.831717
v -0.532164 0.274943 0.884453
v -0.542266 0.294838 0.880372
v 1.017444 0.283940 -0.249551
v 1.039613 0.274515 -0.192508
v 1.013149 0.264149 -0.259659
v 1.037004 0.269538 -0.190145
v 0.896430 0.297632 0.556678
v 1.036860 0.289328 -0.201127
v 0.894376 0.294708 0.554727
v 0.871246 0.274532 0.598989
v 0.898486 0.274917 0.544543
v 0.867726 0.269538 0.598820
v 0.234025 0.292148 1.032781
v 0.875389 0.289328 0.590953
v 0.233934 0.289328 1.029955
v 0.183967 0.274600 1.037314
v 0.244042 0.269538 1.025660
v 0.181577 0.269538 1.034727
v -0.556671 0.297845 0.901790
v 0.192558 0.289328 1.034580
v -0.554740 0.295009 0.899737
v -0.612911 0.278736 0.854494
v -0.544557 0.275218 0.903849
v -0.612854 0.273325 0.850868
v -0.604987 0.293115 0.858531
v -1.042503 0.015341 -0.185893
v -1.043650 0.021841 -0.169747
v -0.907674 0.246851 -0.528126
v -0.282157 0.249839 -1.013389
v -0.605719 0.015328 -0.868601
v 0.532158 0.249839 -0.906058
v 0.185881 0.015317 -1.042501
v 0.903996 0.260271 0.530829
v 1.042500 0.015311 0.185877
v 0.257635 0.254891 1.019858
v 0.605720 0.015323 0.868599
v -0.530844 0.260572 0.909361
v -0.185232 0.014529 1.076434
v -1.016744 0.249442 0.264918
v -0.868590 0.015301 0.605727
v -0.869842 0.284071 -0.600357
v -0.903713 0.266553 -0.545041
v -0.180046 0.290222 -1.041875
v -0.267324 0.269792 -1.022586
v 0.597248 0.286848 -0.872895
v 0.549047 0.269499 -0.902109
v -1.039553 0.286763 0.194417
v -1.025900 0.269098 0.250173
v 1.039484 0.292139 -0.202181
v 1.016412 0.268632 -0.258716
v 0.877990 0.292148 0.592062
v 0.900027 0.280131 0.547770
v 0.193616 0.292179 1.037185
v 0.242925 0.274532 1.029002
v -0.606068 0.296134 0.861157
v -0.547715 0.280246 0.905407
v -0.477364 1.393195 -0.024228
v -0.393217 1.393195 -0.053954
v 0.392167 1.393195 -0.064949
v -0.392167 1.393195 0.064949
v -0.476726 1.393195 0.035223
v -0.542354 1.393195 0.060038
v -0.494406 1.393195 0.005498
v -0.542955 1.393195 0.006038
v 0.476726 1.393195 -0.035223
v 0.542354 1.393195 -0.060038
v 0.494406 1.393195 -0.005498
v 0.542955 1.393195 -0.006038
v -0.392167 0.413115 0.064949
v -0.494406 0.413115 0.005498
v -0.477364 0.413115 -0.024228
v 0.476726 0.413115 -0.035223
v 0.494406 0.413115 -0.005498
v -0.753518 1.345932 0.008379
v 0.753518 1.345932 -0.008379
v -0.868080 1.315490 -0.076598
v -0.867121 1.315490 0.009642
v 0.868080 1.315490 0.076598
v 0.867121 1.315490 -0.009642
v -0.476726 0.413115 0.035223
v -0.393217 0.413115 -0.053954
v 0.392167 0.413115 -0.064949
vt 0.562613 0.899260
vt 0.564539 0.893715
vt 0.621154 0.914198
vt 0.620148 0.956780
vt 0.563470 0.946834
vt 0.747055 0.015167
vt 0.747331 0.040206
vt 0.752669 0.040206
vt 0.752945 0.015166
vt 0.984846 0.247054
vt 0.959805 0.247331
vt 0.959805 0.252669
vt 0.984847 0.252946
vt 0.065643 0.506752
vt 0.065728 0.515714
vt 0.065738 0.894149
vt 0.062500 0.892977
vt 0.062500 0.524601
vt 0.586029 0.081864
vt 0.603540 0.099766
vt 0.605077 0.096804
vt 0.587832 0.078710
vt 0.343954 0.343953
vt 0.371797 0.203974
vt 0.373704 0.203918
vt 0.382870 0.250000
vt 0.373704 0.296082
vt 0.372585 0.300776
vt 0.370057 0.304887
vt 0.837882 0.030470
vt 0.828560 0.053661
vt 0.831116 0.054169
vt 0.840089 0.032506
vt 0.515208 0.247055
vt 0.540206 0.247331
vt 0.539198 0.244150
vt 0.514257 0.243550
vt 0.581864 0.086029
vt 0.599766 0.103540
vt 0.581865 0.413970
vt 0.599766 0.396460
vt 0.596804 0.394923
vt 0.578711 0.412166
vt 0.515206 0.252945
vt 0.540206 0.252669
vt 0.937500 0.893143
vt 0.937500 0.524706
vt 0.941194 0.506020
vt 0.941302 0.515675
vt 0.941346 0.894369
vt 0.750000 0.461966
vt 0.826111 0.446826
vt 0.831044 0.445650
vt 0.835380 0.442982
vt 0.899882 0.399882
vt 0.943485 0.334627
vt 0.945683 0.331054
vt 0.946655 0.326974
vt 0.961966 0.250000
vt 0.946655 0.173026
vt 0.945682 0.168946
vt 0.943485 0.165373
vt 0.902732 0.104382
vt 0.899746 0.100257
vt 0.895639 0.097282
vt 0.833396 0.055693
vt 0.831076 0.054266
vt 0.828426 0.053634
vt 0.750000 0.038034
vt 0.671574 0.053634
vt 0.668924 0.054266
vt 0.666604 0.055693
vt 0.600118 0.100118
vt 0.555693 0.166604
vt 0.554266 0.168924
vt 0.553634 0.171574
vt 0.538034 0.250000
vt 0.553634 0.328426
vt 0.554266 0.331076
vt 0.555693 0.333396
vt 0.600118 0.399882
vt 0.665263 0.443411
vt 0.668948 0.445678
vt 0.673156 0.446681
vt 0.913984 0.418150
vt 0.896472 0.400247
vt 0.894923 0.403196
vt 0.912168 0.421291
vt 0.960802 0.255850
vt 0.985792 0.256451
vt 0.000000 0.915590
vt 0.059262 0.894149
vt 0.062320 0.902956
vt 0.061530 0.946834
vt 0.046390 0.949491
vt 0.031250 0.952148
vt 0.016110 0.954805
vt 0.000970 0.957462
vt 0.621199 0.501317
vt 0.625000 0.505065
vt 0.625000 0.915719
vt 0.929784 0.501911
vt 0.933676 0.515674
vt 0.933628 0.894378
vt 0.875000 0.915590
vt 0.875000 0.512575
vt 0.878903 0.501514
vt 0.918145 0.413980
vt 0.900242 0.396467
vt 0.496091 0.501497
vt 0.500000 0.512575
vt 0.500000 0.915590
vt 0.439539 0.893715
vt 0.439533 0.515798
vt 0.443406 0.502008
vt 0.946653 0.326983
vt 0.947816 0.321136
vt 0.961966 0.250000
vt 0.945831 0.168884
vt 0.946653 0.173018
vt 0.946615 0.172827
vt 0.437500 0.892977
vt 0.437500 0.524580
vt 0.439495 0.509531
vt 0.747331 0.459806
vt 0.747055 0.484846
vt 0.752946 0.484851
vt 0.752670 0.459811
vt 0.966738 0.339776
vt 0.945831 0.331116
vt 0.943598 0.334458
vt 0.966462 0.344380
vt 0.431568 0.501916
vt 0.435467 0.515798
vt 0.435461 0.893715
vt 0.375000 0.915590
vt 0.375000 0.512575
vt 0.378905 0.501509
vt 0.306576 0.501945
vt 0.310467 0.515798
vt 0.310461 0.893715
vt 0.250000 0.915590
vt 0.250000 0.512575
vt 0.253908 0.501500
vt 0.121093 0.501504
vt 0.125000 0.512575
vt 0.125000 0.915590
vt 0.069628 0.501903
vt 0.246093 0.501502
vt 0.189539 0.893715
vt 0.189533 0.515798
vt 0.193428 0.501930
vt 0.600118 0.399882
vt 0.605077 0.403196
vt 0.660316 0.440106
vt 0.665275 0.443420
vt 0.755850 0.039198
vt 0.756451 0.014211
vt 0.750000 0.461966
vt 0.755850 0.460802
vt 0.820274 0.447987
vt 0.826121 0.446824
vt 0.586022 0.418144
vt 0.603532 0.400242
vt 0.339034 0.152759
vt 0.295044 0.373910
vt 0.250000 0.382870
vt 0.300847 0.127244
vt 0.553636 0.171564
vt 0.552473 0.177414
vt 0.538034 0.250000
vt 0.746096 0.501510
vt 0.750000 0.512575
vt 0.750000 0.915590
vt 0.690679 0.894127
vt 0.690645 0.515721
vt 0.694540 0.501910
vt 0.744150 0.460802
vt 0.743549 0.485790
vt 0.371095 0.501509
vt 0.314539 0.893715
vt 0.314533 0.515798
vt 0.318432 0.501916
vt 0.555687 0.333388
vt 0.559001 0.338347
vt 0.750000 0.038034
vt 0.744150 0.039198
vt 0.677414 0.052472
vt 0.671565 0.053636
vt 0.673141 0.446678
vt 0.678991 0.447841
vt 0.996100 0.501521
vt 1.000000 0.512575
vt 1.000000 0.915590
vt 0.945193 0.501919
vt 0.828436 0.053636
vt 0.822586 0.052472
vt 0.899882 0.399882
vt 0.903196 0.394923
vt 0.940178 0.339577
vt 0.943490 0.334620
vt 0.600118 0.100118
vt 0.596804 0.105077
vt 0.559001 0.161653
vt 0.555687 0.166612
vt 0.835373 0.442987
vt 0.840328 0.439675
vt 0.666612 0.055687
vt 0.661653 0.059001
vt 0.960802 0.244150
vt 0.947816 0.178864
vt 0.539198 0.255850
vt 0.552473 0.322586
vt 0.553636 0.328436
vt 0.875970 0.957462
vt 0.932615 0.947522
vt 0.929925 1.000000
vt 0.878620 1.000000
vt 0.325457 0.447190
vt 0.250000 0.462199
vt 0.250000 0.434399
vt 0.314785 0.421512
vt 0.400047 0.400047
vt 0.336132 0.442754
vt 0.325538 0.417040
vt 0.380390 0.380389
vt 0.999030 0.957462
vt 0.942352 0.947516
vt 0.996380 1.000000
vt 0.945032 1.000000
vt 0.628872 0.914189
vt 0.684321 0.894127
vt 0.683324 0.947397
vt 0.629885 0.956775
vt 0.750970 0.957462
vt 0.808324 0.947397
vt 0.805654 1.000000
vt 0.753620 1.000000
vt 0.443361 0.335224
vt 0.417666 0.324601
vt 0.462199 0.250000
vt 0.446990 0.326464
vt 0.421309 0.315807
vt 0.434399 0.250000
vt 0.815679 0.894127
vt 0.874030 0.957462
vt 0.816676 0.947397
vt 0.871380 1.000000
vt 0.819346 1.000000
vt 0.421309 0.184193
vt 0.680654 1.000000
vt 0.632575 1.000000
vt 0.446990 0.173536
vt 0.403340 0.104879
vt 0.443361 0.164776
vt 0.417666 0.175399
vt 0.383711 0.124582
vt 0.617468 1.000000
vt 0.566120 1.000000
vt 0.331205 0.053953
vt 0.395174 0.096696
vt 0.375488 0.116336
vt 0.320566 0.079638
vt 0.749030 0.957462
vt 0.691676 0.947397
vt 0.746380 1.000000
vt 0.694346 1.000000
vt 0.437387 0.899260
vt 0.436530 0.946834
vt 0.375970 0.957462
vt 0.546390 0.949491
vt 0.561530 0.946834
vt 0.558880 1.000000
vt 0.545065 1.000000
vt 0.310904 0.049915
vt 0.302925 0.076129
vt 0.312387 0.899260
vt 0.311530 0.946834
vt 0.250970 0.957462
vt 0.438470 0.946834
vt 0.499030 0.957462
vt 0.496380 1.000000
vt 0.441120 1.000000
vt 0.168795 0.053953
vt 0.250000 0.037801
vt 0.250000 0.065601
vt 0.179434 0.079638
vt 0.437613 0.899260
vt 0.433880 1.000000
vt 0.378620 1.000000
vt 0.099952 0.099952
vt 0.119610 0.119611
vt 0.185461 0.893715
vt 0.187387 0.899260
vt 0.186530 0.946834
vt 0.125970 0.957462
vt 0.313470 0.946834
vt 0.374030 0.957462
vt 0.371380 1.000000
vt 0.316120 1.000000
vt 0.053953 0.168795
vt 0.079638 0.179434
vt 0.312613 0.899260
vt 0.308880 1.000000
vt 0.253620 1.000000
vt 0.037801 0.250000
vt 0.065601 0.250000
vt 0.188470 0.946834
vt 0.249030 0.957462
vt 0.246380 1.000000
vt 0.191120 1.000000
vt 0.053953 0.331205
vt 0.079638 0.320566
vt 0.187613 0.899260
vt 0.183880 1.000000
vt 0.128620 1.000000
vt 0.099952 0.400047
vt 0.119610 0.380389
vt 0.063470 0.946834
vt 0.124030 0.957462
vt 0.121380 1.000000
vt 0.066120 1.000000
vt 0.168795 0.446047
vt 0.179434 0.420362
vt 0.062680 0.902956
vt 0.058880 1.000000
vt 0.045065 1.000000
vt 0.189096 0.450085
vt 0.197075 0.423871
vt 0.370057 0.195113
vt 0.347302 0.161058
vt 0.809321 0.894127
vt 0.305859 0.369407
vt 0.560461 0.893715
vt 0.562387 0.899260
vt 0.531250 0.952148
vt 0.516110 0.954805
vt 0.500970 0.957462
vt 0.262712 0.119658
vt 0.250000 0.117130
vt 0.267642 0.069111
vt 0.199153 0.127244
vt 0.156046 0.156047
vt 0.127244 0.199153
vt 0.117130 0.250000
vt 0.127244 0.300847
vt 0.156046 0.343953
vt 0.199153 0.372756
vt 0.237288 0.380342
vt 0.232358 0.430889
vt 0.259155 0.130832
vt 0.266153 0.132223
vt 0.266153 0.132223
vt 0.259155 0.130832
vt 0.835177 0.443117
vt 0.831116 0.445831
vt 0.628822 0.501317
vt 0.564533 0.515798
vt 0.568492 0.501701
vt 0.902726 0.104374
vt 0.940178 0.160423
vt 0.962781 0.149939
vt 0.920780 0.087075
vt 0.895648 0.097288
vt 0.899882 0.100118
vt 0.826350 0.446779
vt 0.933785 0.506003
vt 0.937500 0.946834
vt 0.936486 0.947723
vt 0.933880 1.000000
vt 0.941120 1.000000
vt 0.938514 0.947723
vt 0.330964 0.445464
vt 0.320442 0.420063
vt 0.625000 0.957462
vt 0.623986 0.958173
vt 0.621380 1.000000
vt 0.628620 1.000000
vt 0.626014 0.958173
vt 0.399602 0.100398
vt 0.380161 0.119839
vt 0.812500 0.893114
vt 0.812500 0.521375
vt 0.815565 0.507026
vt 0.815645 0.515721
vt 0.845169 0.465910
vt 0.839589 0.466286
vt 0.912950 0.079239
vt 0.915641 0.084359
vt 0.680389 0.501661
vt 0.684355 0.515721
vt 0.300904 0.372469
vt 0.343896 0.156333
vt 0.871094 0.501507
vt 0.819506 0.502033
vt 0.372265 0.199351
vt 0.373778 0.203868
vt 0.946615 0.327173
vt 0.687500 0.893114
vt 0.687500 0.524401
vt 0.690562 0.506796
vt 0.943597 0.165542
vt 0.943490 0.165380
vt 0.966738 0.160224
vt 0.969801 0.163674
vt 0.684439 0.506690
vt 0.809355 0.515721
vt 0.809437 0.506863
vt 0.812500 0.946834
vt 0.811494 0.947565
vt 0.808880 1.000000
vt 0.816120 1.000000
vt 0.813506 0.947565
vt 0.445569 0.331007
vt 0.420118 0.320465
vt 0.687500 0.946834
vt 0.686494 0.947565
vt 0.683880 1.000000
vt 0.691120 1.000000
vt 0.688506 0.947565
vt 0.445569 0.168993
vt 0.420118 0.179535
vt 0.660247 0.466682
vt 0.668884 0.445831
vt 0.665442 0.443531
vt 0.655520 0.466395
vt 0.969799 0.336326
vt 0.966463 0.155620
vt 0.372756 0.199153
vt 0.805496 0.502039
vt 0.753907 0.501503
vt 0.062428 0.893003
vt 0.065492 0.890307
vt 0.672945 0.446639
vt 0.833283 0.055617
vt 0.843091 0.032623
vt 0.059272 0.515714
vt 0.059356 0.506760
vt 0.663793 0.469822
vt 0.562500 0.892977
vt 0.562500 0.524182
vt 0.564494 0.509372
vt 0.181618 0.502092
vt 0.185467 0.515798
vt 0.128911 0.501491
vt 0.564384 0.891306
vt 0.439384 0.891306
vt 0.312455 0.892994
vt 0.314384 0.891306
vt 0.187455 0.892994
vt 0.189384 0.891306
vt 0.838347 0.059001
vt 0.833388 0.055687
vt 0.666717 0.055617
vt 0.668884 0.054169
vt 0.312500 0.524591
vt 0.314496 0.509578
vt 0.553661 0.171440
vt 0.554169 0.168884
vt 0.187500 0.522297
vt 0.189496 0.509561
vt 0.555617 0.333283
vt 0.554169 0.331116
vt 0.659911 0.032506
vt 0.671441 0.053661
vt 0.662117 0.030468
vt 0.553661 0.328560
vt 0.185504 0.509622
vt 0.560467 0.515798
vt 0.560505 0.509478
vt 0.435504 0.509575
vt 0.555617 0.166717
vt 0.310505 0.509475
vt 0.532490 0.159904
vt 0.532627 0.156910
vt 0.848699 0.036297
vt 0.532504 0.340090
vt 0.530460 0.337886
vt 0.656910 0.032627
vt -0.003604 0.513431
vt 0.000000 0.505699
vt 0.000000 0.512575
vt 0.530453 0.162111
vt 0.532625 0.343090
vt 0.556566 0.501909
vt 0.503907 0.501503
vt 0.750183 0.455922
vt 0.752092 0.450221
vt 0.895753 0.395496
vt 0.893086 0.390131
vt 0.955919 0.249817
vt 0.950215 0.247908
vt 0.749815 0.044121
vt 0.747903 0.049865
vt 0.604291 0.104553
vt 0.607001 0.109966
vt 0.544121 0.250185
vt 0.549865 0.252097
vt 0.604553 0.395709
vt 0.609966 0.392999
vt 0.756451 0.485790
vt 0.871392 0.513438
vt 0.875000 0.505692
vt 0.670421 0.471240
vt 0.921292 0.412170
vt 0.746393 0.513431
vt 0.750000 0.505692
vt 0.850896 0.462226
vt 0.985791 0.243549
vt 0.498180 0.501498
vt 0.971213 0.329705
vt 0.743549 0.014212
vt 0.373181 0.501507
vt 0.831318 0.029105
vt 0.578710 0.087833
vt 0.246390 0.513420
vt 0.250000 0.505688
vt 0.651304 0.036303
vt 0.514252 0.256450
vt 0.121391 0.513420
vt 0.125000 0.505687
vt 0.529077 0.168672
vt 0.587833 0.421290
vt 0.941196 0.515505
vt 0.941301 0.507915
vt 0.536300 0.348698
vt 0.834973 0.442316
vt 0.834233 0.440277
vt 0.833171 0.437569
vt 0.823680 0.447321
vt 0.827250 0.446642
vt 0.830112 0.446115
vt 0.825928 0.446066
vt 0.834996 0.469312
vt 0.835406 0.469960
vt 0.851456 0.465308
vt 0.848625 0.467200
vt 0.846605 0.468550
vt 0.832509 0.470671
vt 0.837449 0.441612
vt 0.847722 0.464364
vt 0.815566 0.515595
vt 0.815645 0.507989
vt 0.845003 0.465163
vt 0.945893 0.326768
vt 0.943901 0.325857
vt 0.941196 0.324688
vt 0.942112 0.336699
vt 0.944146 0.333701
vt 0.945783 0.331313
vt 0.942801 0.165766
vt 0.940748 0.166530
vt 0.938008 0.167617
vt 0.947149 0.175462
vt 0.946467 0.171904
vt 0.945937 0.169058
vt 0.942801 0.334234
vt 0.965708 0.344185
vt 0.973778 0.331552
vt 0.973121 0.334858
vt 0.972650 0.337224
vt 0.964915 0.346889
vt 0.947149 0.324538
vt 0.970480 0.333458
vt 0.690564 0.515592
vt 0.690645 0.507922
vt 0.969129 0.335930
vt 0.945893 0.173232
vt 0.969131 0.164069
vt 0.965812 0.149298
vt 0.967739 0.152181
vt 0.969114 0.154239
vt 0.970482 0.166541
vt 0.942084 0.163314
vt 0.964889 0.153124
vt 0.065645 0.515582
vt 0.065728 0.507916
vt 0.965709 0.155815
vt 0.673354 0.445913
vt 0.674273 0.443912
vt 0.675450 0.441194
vt 0.663195 0.442041
vt 0.666196 0.444077
vt 0.668585 0.445717
vt 0.665665 0.442728
vt 0.655713 0.465637
vt 0.668623 0.473813
vt 0.665286 0.473149
vt 0.662899 0.472675
vt 0.653004 0.464848
vt 0.675587 0.447174
vt 0.666666 0.470507
vt 0.564495 0.515739
vt 0.564532 0.507829
vt 0.664192 0.469150
vt 0.828184 0.054402
vt 0.827284 0.056439
vt 0.826104 0.059211
vt 0.835459 0.057100
vt 0.832435 0.055159
vt 0.830012 0.053648
vt 0.666976 0.056407
vt 0.667780 0.058483
vt 0.668906 0.061278
vt 0.674017 0.053142
vt 0.670478 0.053829
vt 0.667658 0.054366
vt 0.554402 0.171816
vt 0.556439 0.172716
vt 0.559211 0.173896
vt 0.557073 0.164528
vt 0.555056 0.167517
vt 0.553442 0.169891
vt 0.556407 0.333024
vt 0.558483 0.332220
vt 0.561279 0.331094
vt 0.553142 0.325983
vt 0.553829 0.329522
vt 0.554367 0.332342
vt 0.833025 0.056407
vt 0.842851 0.033387
vt 0.833125 0.026535
vt 0.836461 0.027198
vt 0.838857 0.027675
vt 0.845516 0.034196
vt 0.825983 0.053142
vt 0.835065 0.029840
vt 0.439496 0.515741
vt 0.439532 0.507991
vt 0.837511 0.031180
vt 0.671816 0.054402
vt 0.662488 0.031178
vt 0.650766 0.033206
vt 0.653593 0.031318
vt 0.655624 0.029961
vt 0.664934 0.029837
vt 0.664528 0.057072
vt 0.654473 0.034173
vt 0.314496 0.515741
vt 0.314532 0.507943
vt 0.657151 0.033391
vt 0.556407 0.166976
vt 0.533391 0.157151
vt 0.526537 0.166861
vt 0.527199 0.163533
vt 0.527675 0.161143
vt 0.534173 0.154473
vt 0.553142 0.174017
vt 0.529817 0.164926
vt 0.189496 0.515741
vt 0.189532 0.507950
vt 0.531161 0.162481
vt 0.554402 0.328184
vt 0.531169 0.337516
vt 0.533165 0.349172
vt 0.531301 0.346382
vt 0.529961 0.344376
vt 0.529826 0.335070
vt 0.557072 0.335472
vt 0.534171 0.345528
vt 0.533389 0.342850
vt 0.001817 0.501518
vt 0.003901 0.501520
vt 0.828752 0.471404
vt 0.962780 0.350060
vt 0.876818 0.501510
vt 0.971216 0.170294
vt 0.751819 0.501504
vt 0.668681 0.029101
vt 0.500000 0.505688
vt 0.500000 0.508107
vt 0.536303 0.151303
vt 0.375000 0.505692
vt 0.375000 0.508109
vt 0.529088 0.331324
vt 0.251820 0.501500
vt 0.649831 0.462711
vt 0.126821 0.501494
vt 0.846400 0.468082
vt 0.846605 0.468550
vt 0.942921 0.501999
vt 0.972149 0.337027
vt 0.972650 0.337224
vt 0.817255 0.502105
vt 0.968608 0.154459
vt 0.969114 0.154239
vt 0.692268 0.501988
vt 0.663090 0.472192
vt 0.662899 0.472675
vt 0.067354 0.501981
vt 0.838636 0.028226
vt 0.838857 0.027675
vt 0.566187 0.501784
vt 0.655857 0.030506
vt 0.655624 0.029961
vt 0.441152 0.502077
vt 0.528224 0.161363
vt 0.527675 0.161143
vt 0.316163 0.501989
vt 0.530500 0.344146
vt 0.529961 0.344376
vt 0.191161 0.502003
vt 0.055377 0.501921
vt 0.233847 0.367776
vt 0.240845 0.369168
vt 0.287145 0.136399
vt 0.212855 0.363601
vt 0.219852 0.364993
vt 0.211865 0.375285
vt 0.226850 0.366385
vt 0.224576 0.377813
vt 0.280148 0.135007
vt 0.288135 0.124715
vt 0.273150 0.133615
vt 0.275424 0.122187
vt 0.212855 0.363601
vt 0.226850 0.366385
vt 0.233847 0.367776
vt 0.280148 0.135007
vt 0.273150 0.133615
vt 0.214717 0.427380
vt 0.285283 0.072620
vt 0.229699 0.458161
vt 0.209397 0.454123
vt 0.017435 1.000000
vt 0.003620 1.000000
vt 0.031250 1.000000
vt 0.270301 0.041839
vt 0.290603 0.045877
vt 0.517435 1.000000
vt 0.503620 1.000000
vt 0.531250 1.000000
vt 0.219852 0.364993
vt 0.240845 0.369168
vt 0.287145 0.136399
vt 0.621199 0.500000
vt 0.624968 0.503742
vt 0.628822 0.500000
vt -0.004100 0.513548
vt -0.000058 0.504880
vt 0.000001 0.504753
vt 0.002065 0.500002
vt 0.004437 0.500000
vt 0.870901 0.513556
vt 0.874942 0.504880
vt 0.875001 0.504753
vt 0.877065 0.500002
vt 0.879437 0.500000
vt 0.745901 0.513548
vt 0.749942 0.504880
vt 0.750001 0.504753
vt 0.752065 0.500002
vt 0.754437 0.500000
vt 0.495563 0.500000
vt 0.497900 0.500000
vt 0.499999 0.504753
vt 0.500000 0.507500
vt 0.370563 0.500000
vt 0.372900 0.500000
vt 0.374999 0.504753
vt 0.375000 0.507500
vt 0.245900 0.513535
vt 0.249941 0.504882
vt 0.250001 0.504753
vt 0.252065 0.500002
vt 0.254437 0.500000
vt 0.120900 0.513535
vt 0.124942 0.504880
vt 0.125001 0.504753
vt 0.127065 0.500002
vt 0.129437 0.500000
vt 0.941131 0.515345
vt 0.941301 0.506583
vt 0.941323 0.506508
vt 0.943157 0.500000
vt 0.945735 0.500000
vt 0.815503 0.515440
vt 0.815644 0.506603
vt 0.815666 0.506527
vt 0.817503 0.500000
vt 0.820079 0.500000
vt 0.690503 0.515440
vt 0.690644 0.506603
vt 0.690666 0.506527
vt 0.692503 0.500000
vt 0.695079 0.500000
vt 0.065584 0.515427
vt 0.065728 0.506599
vt 0.065750 0.506522
vt 0.067588 0.500000
vt 0.070165 0.500000
vt 0.564441 0.515598
vt 0.564532 0.506636
vt 0.564554 0.506559
vt 0.566397 0.500000
vt 0.568970 0.500000
vt 0.439441 0.515600
vt 0.439532 0.506636
vt 0.439554 0.506559
vt 0.441397 0.500000
vt 0.443970 0.500000
vt 0.314441 0.515600
vt 0.314532 0.506636
vt 0.314554 0.506559
vt 0.316397 0.500000
vt 0.318970 0.500000
vt 0.189441 0.515600
vt 0.189532 0.506636
vt 0.189554 0.506560
vt 0.191397 0.500000
vt 0.193970 0.500000
vt 0.004491 0.500000
vt 0.054782 0.500000
vt 0.945787 0.500000
vt 0.995509 0.500000
vt 0.870512 0.500000
vt 0.879491 0.500000
vt 0.929192 0.500000
vt 0.754489 0.500000
vt 0.804866 0.500000
vt 0.745509 0.500000
vt 0.495508 0.500000
vt 0.504491 0.500000
vt 0.555977 0.500000
vt 0.370509 0.500000
vt 0.379491 0.500000
vt 0.430977 0.500000
vt 0.254521 0.500000
vt 0.306007 0.500000
vt 0.245488 0.500000
vt 0.120509 0.500000
vt 0.129493 0.500000
vt 0.180978 0.500000
vt 0.933854 0.500000
vt 0.937500 0.500000
vt 0.941125 0.500000
vt 0.809502 0.500000
vt 0.812500 0.500000
vt 0.815498 0.500000
vt 0.684502 0.500000
vt 0.687500 0.500000
vt 0.628874 0.500000
vt 0.679869 0.500000
vt 0.690498 0.500000
vt 0.059421 0.500000
vt 0.062500 0.500000
vt 0.065579 0.500000
vt 0.560562 0.500000
vt 0.562500 0.500000
vt 0.564438 0.500000
vt 0.621141 0.500000
vt 0.435562 0.500000
vt 0.437500 0.500000
vt 0.439438 0.500000
vt 0.310562 0.500000
vt 0.312500 0.500000
vt 0.314438 0.500000
vt 0.185562 0.500000
vt 0.187500 0.500000
vt 0.189438 0.500000
vn 0.9503 0.2388 -0.2000
vn 0.9480 0.1473 -0.2820
vn 0.8810 0.1599 -0.4453
vn 0.7757 0.4992 -0.3861
vn 0.8516 0.4926 -0.1793
vn -0.0441 -0.9825 0.1810
vn -0.0465 -0.9801 0.1932
vn 0.0266 -0.9801 -0.1970
vn 0.0244 -0.9825 -0.1846
vn 0.1810 -0.9825 0.0441
vn 0.1932 -0.9801 0.0465
vn -0.1970 -0.9801 -0.0266
vn -0.1846 -0.9825 -0.0244
vn -0.9889 0.0260 0.1466
vn -0.9588 0.0373 0.2816
vn -0.9448 0.1511 0.2909
vn -0.9720 0.1154 0.2046
vn -0.9762 0.0691 0.2055
vn 0.1478 -0.9825 -0.1133
vn 0.1581 -0.9801 -0.1205
vn 0.3598 -0.8750 -0.3240
vn 0.3517 -0.8838 -0.3087
vn -0.0686 0.9926 -0.1002
vn 0.0000 1.0000 -0.0000
vn 0.0475 0.9936 -0.1027
vn 0.0224 0.9926 -0.1194
vn -0.0071 0.9936 -0.1129
vn -0.0234 0.9935 -0.1113
vn -0.0390 0.9936 -0.1062
vn -0.1585 -0.1097 -0.9812
vn -0.2006 -0.1119 -0.9733
vn -0.2039 -0.0177 -0.9788
vn -0.1517 -0.0134 -0.9883
vn 0.1846 -0.9825 0.0244
vn 0.1969 -0.9801 0.0266
vn 0.4929 -0.8697 0.0244
vn 0.4694 -0.8824 0.0312
vn -0.1591 -0.9825 0.0968
vn -0.1695 -0.9801 0.1037
vn 0.1133 -0.9825 0.1478
vn 0.1205 -0.9801 0.1581
vn 0.3373 -0.8644 0.3729
vn 0.3199 -0.8752 0.3628
vn -0.1810 -0.9825 -0.0441
vn -0.1932 -0.9801 -0.0465
vn -0.8255 0.1668 -0.5393
vn -0.8351 0.0689 -0.5457
vn -0.8149 0.0261 -0.5790
vn -0.8814 0.0372 -0.4709
vn -0.8696 0.1649 -0.4655
vn -0.0000 -1.0000 -0.0000
vn -0.1478 -0.9825 0.1133
vn -0.1581 -0.9801 0.1205
vn -0.3610 -0.8749 0.3227
vn -0.3527 -0.8837 0.3076
vn -0.4965 -0.8677 -0.0264
vn -0.4785 -0.8775 -0.0312
vn -0.9699 0.1620 -0.1817
vn -0.9818 0.1511 0.1147
vn -0.9503 0.2388 0.2000
vn -0.8516 0.4926 0.1793
vn -0.8660 0.5000 0.0096
vn -0.8554 0.4926 -0.1603
vn 0.8805 0.0572 -0.4706
vn 0.8237 0.0560 -0.5642
vn 0.8143 0.1599 -0.5579
vn -0.7000 0.0558 -0.7119
vn -0.7858 0.0373 -0.6173
vn -0.7760 0.1649 -0.6087
vn -0.5586 0.1625 -0.8133
vn -0.5665 -0.0046 -0.8241
vn -0.6948 0.0182 -0.7189
vn 0.1592 -0.9825 -0.0968
vn 0.1695 -0.9801 -0.1037
vn 0.9373 0.0174 0.3480
vn 0.9827 -0.0055 0.1851
vn 0.9698 0.1618 0.1825
vn 0.8628 0.1503 0.4827
vn 0.8661 0.0355 0.4985
vn 0.9329 0.0553 0.3559
vn 0.0743 -0.0421 0.9963
vn -0.0151 -0.0605 0.9981
vn -0.0221 -0.0214 0.9995
vn -0.1856 0.0028 0.9826
vn -0.1859 -0.0673 0.9803
vn 0.0848 -0.0736 0.9937
vn -0.5445 -0.0796 0.8350
vn -0.4398 -0.0729 0.8951
vn -0.4324 -0.0415 0.9007
vn -0.5042 -0.0324 0.8630
vn 0.8380 0.1149 0.5334
vn 0.6575 0.0614 0.7510
vn 0.7736 0.0226 0.6332
vn -0.0266 -0.9801 0.1970
vn -0.0244 -0.9825 0.1846
vn 0.0441 -0.9825 -0.1810
vn 0.0465 -0.9801 -0.1932
vn 0.9568 -0.0463 -0.2871
vn 0.9761 -0.0529 -0.2107
vn 0.9681 -0.1336 -0.2121
vn 0.9541 -0.1303 -0.2696
vn 0.6999 0.0562 0.7121
vn 0.8113 0.0374 0.5835
vn 0.7949 0.1524 0.5874
vn 0.5573 0.1621 0.8143
vn 0.5648 -0.0052 0.8252
vn 0.6948 0.0184 0.7190
vn 0.0297 0.0706 0.9971
vn 0.1666 0.0423 0.9851
vn 0.1464 0.1542 0.9771
vn -0.1790 0.1710 0.9689
vn -0.1801 0.0055 0.9836
vn 0.0135 0.0297 0.9995
vn -0.9080 0.0183 0.4186
vn -0.8248 -0.0055 0.5654
vn -0.8140 0.1618 0.5578
vn -0.9102 0.0560 0.4103
vn -0.3668 0.0308 0.9298
vn -0.4949 0.1559 0.8548
vn -0.5147 0.0441 0.8562
vn -0.3791 0.0718 0.9225
vn 0.8248 0.0035 -0.5653
vn 0.9072 -0.0207 -0.4202
vn 0.9090 -0.0590 -0.4125
vn 0.9426 -0.0414 -0.3314
vn 0.9437 -0.0729 -0.3226
vn 0.8228 -0.0662 -0.5644
vn 0.0253 -0.8750 -0.4835
vn 0.0304 -0.8838 -0.4669
vn 0.9829 0.0033 0.1842
vn 0.9386 -0.0206 0.3444
vn 0.9344 -0.0589 0.3512
vn 0.9013 -0.0414 0.4311
vn 0.8965 -0.0727 0.4371
vn 0.9807 -0.0665 0.1838
vn -0.0968 -0.9825 -0.1591
vn -0.1037 -0.9801 -0.1695
vn 0.1016 0.9936 -0.0499
vn -0.1027 0.9936 -0.0476
vn -0.1194 0.9926 -0.0224
vn 0.1188 0.9926 -0.0250
vn -0.0974 -0.0476 -0.9941
vn -0.0278 -0.0749 -0.9968
vn -0.0121 -0.0330 -0.9994
vn 0.1800 -0.0084 -0.9836
vn 0.1785 -0.0856 -0.9802
vn -0.1133 -0.0793 -0.9904
vn 0.3460 0.0183 -0.9380
vn 0.1855 -0.0048 -0.9826
vn 0.1828 0.1623 -0.9697
vn 0.4743 0.1653 -0.8647
vn 0.4794 0.0374 -0.8768
vn 0.3535 0.0560 -0.9338
vn -0.0265 -0.8749 0.4835
vn -0.0314 -0.8837 0.4669
vn 0.4186 0.0184 0.9080
vn 0.2597 0.1524 0.9536
vn 0.2503 0.0372 0.9674
vn 0.4104 0.0562 0.9102
vn 0.6490 -0.0393 -0.7598
vn 0.7124 -0.0586 -0.6993
vn 0.7192 -0.0196 -0.6945
vn 0.6377 -0.0691 -0.7672
vn -0.9827 0.0036 -0.1851
vn -0.9380 -0.0197 -0.3461
vn -0.9337 -0.0583 -0.3533
vn -0.8992 -0.0401 -0.4357
vn -0.8917 -0.0706 -0.4470
vn -0.9805 -0.0661 -0.1852
vn 0.9962 -0.0414 -0.0767
vn 0.9982 -0.0590 0.0111
vn 0.9996 -0.0207 0.0189
vn 0.9937 -0.0729 -0.0853
vn -0.9380 0.0183 -0.3461
vn -0.9829 -0.0053 -0.1842
vn -0.9337 0.0558 -0.3536
vn -0.9957 -0.0416 0.0823
vn -0.9982 -0.0592 -0.0114
vn -0.9996 -0.0207 -0.0190
vn -0.9927 -0.0733 0.0961
vn 0.5666 0.0025 0.8240
vn 0.4247 -0.0220 0.9051
vn 0.4181 -0.0613 0.9063
vn 0.3343 -0.0426 0.9415
vn 0.3231 -0.0746 0.9434
vn 0.5663 -0.0677 0.8214
vn -0.5648 0.0032 -0.8252
vn -0.4204 -0.0207 -0.9071
vn -0.4128 -0.0592 -0.9089
vn -0.3261 -0.0416 -0.9444
vn -0.3122 -0.0733 -0.9472
vn -0.5635 -0.0666 -0.8234
vn 0.7575 -0.0414 0.6515
vn 0.6981 -0.0589 0.7136
vn 0.6935 -0.0206 0.7201
vn 0.7611 -0.0727 0.6446
vn -0.7619 -0.0417 -0.6463
vn -0.6978 -0.0592 -0.7139
vn -0.6934 -0.0207 -0.7203
vn -0.7699 -0.0733 -0.6339
vn -0.3443 -0.0207 0.9386
vn -0.3510 -0.0590 0.9345
vn 0.3652 -0.0342 -0.9303
vn 0.3769 -0.0762 -0.9231
vn 0.4491 -0.0499 -0.8921
vn 0.4648 -0.0834 -0.8815
vn -0.4915 0.4926 -0.7182
vn -0.6532 0.4993 -0.5693
vn -0.3790 0.8638 -0.3319
vn -0.2921 0.8559 -0.4268
vn -0.4564 0.8638 -0.2135
vn -0.5083 0.8559 -0.0952
vn -0.2329 0.9715 -0.0436
vn -0.2150 0.9714 -0.1008
vn -0.1788 0.9714 -0.1564
vn -0.1339 0.9715 -0.1956
vn -0.7841 0.4992 -0.3688
vn 0.7351 0.1605 -0.6587
vn 0.6008 0.1654 -0.7821
vn 0.5691 0.4992 -0.6534
vn 0.6403 0.4993 -0.5837
vn 0.1603 0.4926 -0.8554
vn -0.0596 0.4992 -0.8644
vn -0.0335 0.8638 -0.5028
vn 0.0952 0.8559 -0.5083
vn -0.1720 0.8638 -0.4736
vn -0.0809 0.9714 -0.2233
vn -0.0160 0.9714 -0.2370
vn 0.0436 0.9715 -0.2329
vn -0.2798 0.1650 -0.9458
vn -0.2939 0.4992 -0.8151
vn 0.1007 0.9714 -0.2151
vn 0.3318 0.8638 -0.3792
vn 0.3715 0.8638 -0.3403
vn 0.2133 0.8638 -0.4565
vn 0.1563 0.9714 -0.1789
vn 0.1753 0.9714 -0.1603
vn 0.4516 0.8638 -0.2236
vn 0.5061 0.8559 -0.1065
vn 0.2127 0.9714 -0.1056
vn 0.2319 0.9715 -0.0488
vn 0.3685 0.4992 -0.7842
vn 0.8134 0.2388 0.5305
vn 0.7289 0.4926 0.4754
vn 0.4915 0.4926 0.7182
vn 0.8660 0.5000 -0.0096
vn 0.5000 0.8660 -0.0056
vn 0.2389 0.9710 -0.0027
vn 0.2000 0.2388 0.9503
vn 0.1793 0.4926 0.8516
vn -0.1603 0.4926 0.8554
vn 0.8554 0.4926 0.1603
vn 0.5083 0.8559 0.0952
vn 0.4332 0.8559 0.2825
vn 0.2329 0.9715 0.0436
vn 0.1985 0.9715 0.1295
vn 0.2921 0.8559 0.4268
vn 0.1339 0.9715 0.1956
vn -0.6029 0.1485 0.7839
vn -0.5305 0.2388 0.8134
vn -0.4754 0.4926 0.7289
vn -0.7182 0.4926 0.4915
vn 0.1065 0.8559 0.5061
vn 0.0488 0.9715 0.2319
vn -0.0952 0.8559 0.5083
vn -0.0436 0.9715 0.2329
vn -0.2825 0.8559 0.4332
vn -0.1295 0.9715 0.1985
vn -0.4268 0.8559 0.2921
vn -0.1956 0.9715 0.1339
vn -0.5061 0.8559 0.1065
vn -0.2319 0.9715 0.0488
vn -0.5000 0.8660 0.0056
vn -0.2389 0.9710 0.0027
vn 0.0748 0.9936 -0.0849
vn 0.0831 0.9936 -0.0767
vn -0.1252 0.1647 -0.9784
vn -0.0848 0.9936 -0.0748
vn 0.9774 0.1524 -0.1468
vn 0.1102 0.9939 -0.0012
vn 0.1194 0.9926 0.0224
vn 0.1017 0.9926 0.0663
vn 0.0686 0.9926 0.1002
vn 0.0250 0.9926 0.1188
vn -0.0224 0.9926 0.1194
vn -0.0663 0.9926 0.1017
vn -0.1002 0.9926 0.0686
vn -0.1188 0.9926 0.0250
vn -0.1102 0.9939 0.0012
vn -0.1759 0.0000 -0.9844
vn -0.3331 0.0000 -0.9429
vn 0.8069 -0.0324 0.5898
vn 0.8347 -0.0793 0.5450
vn 0.7587 0.0582 -0.6489
vn 0.9611 0.0327 -0.2742
vn 0.9124 0.0539 -0.4058
vn -0.2971 -0.8972 -0.3269
vn -0.4872 -0.7721 -0.4081
vn -0.5041 -0.7610 -0.4084
vn -0.2798 -0.9072 -0.3141
vn -0.8795 -0.0604 0.4721
vn -0.8876 -0.0611 0.4566
vn -0.8236 -0.0591 0.5641
vn -0.8236 -0.0591 0.5640
vn -0.7496 -0.0626 0.6589
vn -0.7598 -0.0614 0.6472
vn 0.8643 -0.0321 0.5020
vn -0.8578 0.0262 -0.5132
vn -0.7248 0.5006 -0.4734
vn -0.4216 0.8639 -0.2755
vn -0.1972 0.9719 -0.1289
vn 0.7141 0.5006 -0.4894
vn 0.4154 0.8639 -0.2848
vn 0.1943 0.9719 -0.1333
vn -0.2028 0.1654 -0.9651
vn -0.2050 0.0658 -0.9765
vn -0.1520 0.0247 -0.9881
vn -0.2880 0.0374 -0.9569
vn -0.5987 -0.1231 0.7915
vn -0.5502 -0.1260 0.8255
vn -0.5509 -0.0330 0.8339
vn -0.6117 -0.0269 0.7906
vn 0.1924 -0.9050 0.3794
vn 0.1988 -0.8935 0.4026
vn 0.1515 -0.9600 0.2355
vn 0.7139 0.0563 -0.6979
vn 0.6098 0.0375 -0.7916
vn -0.0951 0.9935 -0.0623
vn 0.0937 0.9935 -0.0644
vn -0.4228 0.0195 -0.9060
vn -0.4155 0.0580 -0.9077
vn 0.0621 0.9935 -0.0952
vn 0.1575 -0.0326 0.9870
vn 0.2046 -0.0798 0.9756
vn 0.5386 0.1673 -0.8258
vn 0.5450 0.0692 -0.8356
vn 0.5966 0.0261 -0.8021
vn -0.5863 -0.0324 0.8095
vn -0.6510 -0.0417 0.7579
vn -0.6432 -0.0732 0.7622
vn 0.8727 -0.0221 0.4878
vn 0.8400 -0.0272 0.5419
vn 0.8358 -0.1207 0.5355
vn 0.8628 -0.1182 0.4915
vn -0.7159 -0.0595 0.6957
vn 0.4934 0.0261 -0.8694
vn 0.2529 -0.0331 0.9669
vn -0.1229 0.0372 -0.9917
vn -0.2586 0.0246 -0.9657
vn -0.1783 0.5005 -0.8472
vn -0.1037 0.8639 -0.4929
vn -0.0485 0.9718 -0.2306
vn 0.4729 0.5005 -0.7251
vn 0.2752 0.8639 -0.4219
vn 0.1287 0.9718 -0.1973
vn -0.2727 -0.0228 -0.9618
vn -0.2097 -0.0280 -0.9774
vn -0.2110 -0.1216 -0.9699
vn -0.2621 -0.1188 -0.9577
vn -0.9820 -0.1284 0.1388
vn -0.9716 -0.1316 0.1965
vn -0.9783 -0.0489 0.2013
vn -0.9914 -0.0425 0.1241
vn -0.1663 -0.9592 -0.2287
vn -0.7979 -0.1181 -0.5911
vn -0.8272 -0.1207 -0.5488
vn -0.8348 -0.0272 -0.5498
vn -0.7973 -0.0220 -0.6032
vn 0.0123 0.0573 -0.9983
vn 0.0201 0.0189 -0.9996
vn 0.9871 -0.0324 -0.1568
vn 0.9754 -0.0796 -0.2054
vn 0.2771 -0.0379 0.9601
vn 0.2082 -0.0429 0.9771
vn 0.2086 -0.1248 0.9700
vn 0.2570 -0.1219 0.9587
vn 0.9667 -0.0324 -0.2540
vn -0.9909 0.0373 0.1291
vn -0.9641 0.0260 0.2643
vn 0.1454 -0.1188 0.9822
vn 0.1982 -0.1216 0.9726
vn 0.2025 -0.0281 0.9789
vn 0.1363 -0.0226 0.9904
vn 0.9665 0.1126 -0.2307
vn 0.9641 0.0625 -0.2580
vn 0.9911 0.0187 -0.1319
vn -0.7106 0.0556 0.7014
vn -0.6019 0.0341 0.7979
vn -0.7178 0.0173 0.6960
vn 0.1926 0.1147 0.9746
vn -0.5580 0.1126 0.8222
vn -0.9851 -0.0325 0.1690
vn -0.9733 -0.0743 0.2172
vn -0.9733 -0.0743 0.2171
vn -0.9111 -0.0569 0.4083
vn -0.9430 -0.0375 0.3305
vn -0.9453 -0.0660 0.3195
vn -0.8155 -0.0327 -0.5778
vn -0.8375 -0.0780 -0.5408
vn -0.1108 0.0663 0.9916
vn 0.0763 0.0253 0.9968
vn -0.1633 -0.0299 -0.9861
vn -0.2002 -0.0776 -0.9767
vn -0.5757 0.0625 0.8153
vn -0.6451 0.0243 0.7637
vn 0.5839 -0.0288 -0.8113
vn 0.5524 -0.0770 -0.8300
vn -0.4926 -0.0235 0.8699
vn -0.5440 -0.0282 0.8386
vn -0.5389 -0.1173 0.8342
vn -0.4999 -0.1148 0.8585
vn 0.5153 -0.0335 -0.8564
vn -0.4733 0.0201 0.8807
vn -0.9666 -0.0265 0.2550
vn 0.9862 0.0373 -0.1614
vn 0.9429 0.0252 -0.3320
vn -0.8596 -0.0303 -0.5100
vn 0.9015 0.0252 0.4320
vn 0.9645 0.0663 0.2557
vn -0.2426 -0.0325 -0.9696
vn 0.3076 0.0222 0.9512
vn 0.4574 0.0608 0.8872
vn -0.9657 -0.0134 0.2594
vn -0.9779 -0.0177 0.2082
vn -0.9715 -0.1119 0.2089
vn -0.9619 -0.1096 0.2506
vn 0.2039 -0.7656 0.6102
vn 0.1976 -0.7556 0.6245
vn -0.8701 -0.0273 -0.4922
vn -0.8385 -0.0324 -0.5439
vn -0.8340 -0.1192 -0.5387
vn -0.8585 -0.1166 -0.4993
vn 0.5822 -0.1096 -0.8056
vn 0.5463 -0.1119 -0.8301
vn 0.5480 -0.0177 -0.8363
vn 0.5922 -0.0134 -0.8057
vn -0.9543 -0.1251 -0.2714
vn 0.9813 -0.1151 -0.1544
vn 0.9726 -0.1177 -0.2004
vn 0.9786 -0.0291 -0.2037
vn 0.9895 -0.0242 -0.1423
vn 0.7990 -0.1242 0.5883
vn 0.8285 -0.1272 0.5454
vn 0.8354 -0.0479 0.5475
vn 0.7929 -0.0423 0.6079
vn 0.9984 0.0562 0.0086
vn 0.9997 0.0184 0.0171
vn 0.9878 0.1251 0.0922
vn 0.9542 0.1251 0.2716
vn 0.6333 0.1251 0.7637
vn 0.4826 0.1251 0.8668
vn -0.0922 0.1251 0.9878
vn -0.2716 0.1251 0.9542
vn -0.9878 0.1251 -0.0922
vn -0.9542 0.1251 -0.2716
vn -0.6333 0.1251 -0.7637
vn -0.4826 0.1251 -0.8668
vn 0.0922 0.1251 -0.9878
vn 0.2717 0.1251 -0.9542
vn 0.7637 0.1251 -0.6333
vn 0.8668 0.1251 -0.4826
vn 0.1394 -0.8837 -0.4468
vn 0.1498 -0.8749 -0.4605
vn -0.4829 -0.1252 -0.8667
vn 0.0564 -0.7722 0.6328
vn 0.0683 -0.7609 0.6452
vn 0.4248 -0.8778 -0.2212
vn 0.4428 -0.8682 -0.2239
vn 0.2713 -0.1251 -0.9543
vn -0.4088 -0.7723 0.4862
vn -0.4093 -0.7614 0.5027
vn 0.4466 -0.8837 0.1399
vn 0.4603 -0.8749 0.1504
vn 0.9543 -0.1251 0.2714
vn -0.6448 -0.7623 0.0566
vn -0.6549 -0.7527 0.0683
vn -0.1439 -0.8791 0.4543
vn -0.1554 -0.8691 0.4695
vn 0.4829 -0.1252 0.8667
vn -0.0597 -0.7716 -0.6333
vn -0.0718 -0.7602 -0.6457
vn -0.4151 -0.8838 0.2160
vn -0.4323 -0.8750 0.2181
vn -0.2714 -0.1252 0.9543
vn 0.4056 -0.7716 -0.4900
vn 0.4058 -0.7602 -0.5074
vn -0.4473 -0.8833 -0.1404
vn -0.4651 -0.8717 -0.1542
vn -0.8667 -0.1252 0.4829
vn 0.6410 -0.7651 -0.0615
vn 0.6489 -0.7577 -0.0699
vn -0.2170 -0.8837 -0.4147
vn -0.2192 -0.8749 -0.4318
vn -0.9220 -0.0061 -0.3872
vn 0.5020 -0.7576 0.4172
vn 0.5167 -0.7487 0.4154
vn 0.7262 0.0060 0.6875
vn 0.7172 0.0016 0.6969
vn 0.9269 0.0016 0.3754
vn 0.9219 0.0060 0.3874
vn 0.4957 -0.3611 -0.7899
vn 0.3596 -0.3919 -0.8468
vn 0.4845 -0.1231 -0.8661
vn 0.5337 -0.1260 -0.8362
vn -0.7172 -0.0017 -0.6969
vn 0.4145 -0.6079 -0.6772
vn 0.0886 -0.6192 -0.7802
vn -0.4529 -0.6079 0.6522
vn -0.6778 -0.6193 0.3962
vn -0.3809 -0.0051 -0.9246
vn -0.5233 -0.3611 0.7718
vn -0.6300 -0.3918 0.6705
vn 0.0251 0.0052 0.9997
vn 0.0138 0.0013 0.9999
vn 0.3904 0.0014 0.9206
vn 0.3801 0.0051 0.9249
vn -0.6892 0.0051 0.7246
vn -0.6973 0.0013 0.7168
vn -0.3747 0.0013 0.9271
vn -0.3853 0.0051 0.9228
vn 0.9109 -0.3575 -0.2059
vn 0.8540 -0.3895 -0.3449
vn -0.0138 -0.0014 -0.9999
vn 0.7737 -0.6063 -0.1836
vn 0.6096 -0.6167 -0.4981
vn -0.7821 -0.6064 0.1439
vn -0.7585 -0.6166 -0.2110
vn 0.3848 -0.0051 -0.9230
vn -0.9166 -0.3575 0.1788
vn -0.9206 -0.3896 0.0285
vn 0.7897 -0.3575 0.4985
vn 0.8449 -0.3886 0.3675
vn 0.6973 -0.0013 -0.7168
vn 0.6769 -0.6063 0.4173
vn 0.7799 -0.6188 0.0941
vn -0.6548 -0.6063 -0.4512
vn -0.4287 -0.6229 -0.6544
vn -0.9249 -0.0052 0.3802
vn -0.7746 -0.3575 -0.5218
vn -0.6883 -0.3865 -0.6138
vn 0.9997 0.0053 -0.0256
vn 0.9999 0.0014 -0.0138
vn 0.9206 0.0013 -0.3905
vn 0.9251 0.0053 -0.3797
vn -0.2046 -0.3582 -0.9110
vn -0.3365 -0.3891 -0.8575
vn -0.9984 0.0559 -0.0085
vn -0.9999 -0.0014 0.0139
vn -0.1830 -0.6068 -0.7735
vn -0.4838 -0.6192 -0.6185
vn 0.1444 -0.6068 0.7817
vn -0.1958 -0.6188 0.7607
vn 0.9230 -0.0034 -0.3848
vn 0.1800 -0.3582 0.9161
vn 0.0366 -0.3892 0.9204
vn -0.9998 0.0035 0.0207
vn -0.9999 0.0009 0.0128
vn -0.9203 0.0009 0.3912
vn -0.9232 0.0035 0.3842
vn -0.7215 0.0035 -0.6924
vn -0.7162 0.0009 -0.6979
vn -0.9274 0.0008 -0.3740
vn -0.9245 0.0035 -0.3811
vn -0.0203 0.0035 -0.9998
vn -0.0128 0.0009 -0.9999
vn -0.3914 0.0009 -0.9202
vn -0.3842 0.0035 -0.9232
vn 0.6923 0.0035 -0.7216
vn 0.6980 0.0009 -0.7161
vn 0.3740 0.0008 -0.9274
vn 0.3812 0.0035 -0.9245
vn 0.2016 -0.3514 0.9143
vn 0.3145 -0.3813 0.8693
vn 0.9999 -0.0009 -0.0129
vn 0.1794 -0.6038 0.7767
vn 0.4545 -0.6213 0.6383
vn -0.1489 -0.6038 -0.7831
vn 0.1869 -0.6181 -0.7636
vn 0.9248 -0.0034 0.3804
vn -0.1841 -0.3514 -0.9179
vn -0.0501 -0.3831 -0.9223
vn -0.5039 -0.3514 0.7890
vn -0.3747 -0.3840 0.8439
vn 0.7161 -0.0009 0.6980
vn -0.4224 -0.6038 0.6761
vn -0.0890 -0.6163 0.7824
vn 0.4484 -0.6038 -0.6591
vn 0.6727 -0.6180 -0.4069
vn 0.3847 -0.0035 0.9230
vn 0.5189 -0.3514 -0.7793
vn 0.6172 -0.3832 -0.6872
vn -0.9143 -0.3514 0.2016
vn -0.8640 -0.3832 0.3265
vn 0.0128 -0.0009 0.9999
vn -0.7767 -0.6038 0.1794
vn -0.6228 -0.6180 0.4798
vn 0.7831 -0.6038 -0.1489
vn 0.7625 -0.6171 0.1941
vn -0.3804 -0.0033 0.9248
vn 0.9179 -0.3514 -0.1841
vn 0.9223 -0.3836 -0.0468
vn -0.7890 -0.3514 -0.5040
vn -0.8424 -0.3834 -0.3787
vn -0.6979 -0.0009 0.7162
vn -0.6761 -0.6038 -0.4224
vn -0.7804 -0.6175 -0.0980
vn 0.6591 -0.6038 0.4485
vn 0.3884 -0.6148 0.6864
vn 0.7793 -0.3514 0.5189
vn 0.6794 -0.3846 0.6249
vn -0.9878 -0.1251 -0.0926
vn -0.9997 0.0183 -0.0170
vn 0.2802 -0.7723 -0.5701
vn 0.2951 -0.7614 -0.5772
vn 0.6121 -0.7630 -0.2079
vn 0.6263 -0.7531 -0.2012
vn -0.6330 -0.1252 -0.7639
vn 0.5696 -0.7721 0.2819
vn 0.5767 -0.7610 0.2972
vn 0.0925 -0.1251 -0.9878
vn -0.2885 -0.7639 0.5773
vn -0.3032 -0.7539 0.5828
vn 0.9878 -0.1252 0.0926
vn -0.6036 -0.7716 0.2006
vn -0.6199 -0.7602 0.1946
vn 0.6330 -0.1252 0.7639
vn -0.5726 -0.7676 -0.2879
vn -0.5778 -0.7591 -0.2999
vn -0.0926 -0.1252 0.9878
vn -0.2035 -0.7722 -0.6019
vn -0.1976 -0.7609 -0.6180
vn -0.7639 -0.1252 0.6331
vn -0.7260 -0.0060 -0.6877
vn -0.9269 -0.0016 -0.3754
vn -0.0243 -0.0051 -0.9997
vn -0.3904 -0.0014 -0.9206
vn 0.6897 -0.0050 -0.7241
vn 0.3748 -0.0013 -0.9271
vn -0.9997 -0.0052 0.0248
vn -0.9206 -0.0013 0.3905
vn 0.9998 -0.0034 -0.0201
vn 0.9203 -0.0009 -0.3913
vn 0.7211 -0.0035 0.6928
vn 0.9274 -0.0009 0.3741
vn 0.0198 -0.0034 0.9998
vn 0.3914 -0.0009 0.9202
vn -0.6930 -0.0034 0.7209
vn -0.3739 -0.0008 0.9275
vn 0.1613 -0.0000 -0.9869
vn 0.8675 -0.0000 0.4974
vn -0.8595 0.0000 0.5112
vn -0.8675 0.0000 -0.4974
vn 0.3316 -0.0000 -0.9434
vn 0.1759 -0.0000 0.9844
vn 0.3331 -0.0000 0.9429
vn -0.3316 0.0000 0.9434
vn -0.1613 0.0000 0.9869
vn 0.8595 -0.0000 -0.5112
vn 0.6695 -0.5834 -0.4598
vn 0.8267 -0.5587 -0.0658
vn 0.8160 -0.5640 -0.1267
vn 0.6696 -0.5834 -0.4596
vn 0.3739 -0.5583 -0.7407
vn 0.4217 -0.5631 -0.7107
vn -0.6054 -0.5555 -0.5699
vn -0.6148 -0.7213 -0.3190
vn -0.6180 -0.7384 -0.2700
vn -0.6017 -0.6107 -0.5147
vn -0.6884 -0.7215 0.0748
vn -0.6737 -0.7385 0.0279
vn -0.7701 -0.5561 0.3124
vn -0.7468 -0.6112 0.2622
vn -0.0232 -0.5513 -0.8340
vn -0.2077 -0.7233 -0.6585
vn -0.2448 -0.7403 -0.6262
vn -0.0590 -0.6089 -0.7910
vn -0.5390 -0.7228 -0.4325
vn -0.4955 -0.7398 -0.4552
vn -0.7653 -0.5569 -0.3228
vn -0.7132 -0.6120 -0.3417
vn 0.5704 -0.5581 -0.6026
vn 0.3189 -0.7237 -0.6121
vn 0.2698 -0.7407 -0.6153
vn 0.5151 -0.6130 -0.5990
vn -0.0757 -0.7241 -0.6855
vn -0.0287 -0.7411 -0.6708
vn -0.3182 -0.5510 -0.7714
vn -0.2668 -0.6092 -0.7468
vn 0.5977 -0.5533 0.5801
vn 0.6101 -0.7254 0.3186
vn 0.6134 -0.7423 0.2696
vn 0.5957 -0.6115 0.5207
vn 0.6845 -0.7250 -0.0760
vn 0.6698 -0.7420 -0.0292
vn 0.7664 -0.5600 -0.3147
vn 0.7432 -0.6146 -0.2642
vn 0.0221 -0.5588 0.8290
vn 0.2075 -0.7235 0.6584
vn 0.2445 -0.7405 0.6260
vn 0.0590 -0.6134 0.7876
vn 0.5386 -0.7235 0.4318
vn 0.4950 -0.7405 0.4546
vn 0.7648 -0.5588 0.3208
vn 0.7128 -0.6134 0.3402
vn -0.6058 -0.5529 0.5721
vn -0.3184 -0.7290 0.6060
vn -0.2694 -0.7458 0.6092
vn -0.5315 -0.6155 0.5820
vn 0.0776 -0.7293 0.6798
vn 0.0307 -0.7461 0.6652
vn 0.3712 -0.5494 0.7486
vn 0.2910 -0.6148 0.7331
vn -0.8286 -0.5594 0.0215
vn -0.6570 -0.7252 0.2062
vn -0.6245 -0.7422 0.2431
vn -0.7869 -0.6143 0.0581
vn -0.4290 -0.7263 0.5371
vn -0.4519 -0.7431 0.4936
vn -0.3100 -0.5492 0.7761
vn -0.3330 -0.6096 0.7194
vn 0.3672 -0.2814 -0.8865
vn 0.4368 -0.1225 -0.8912
vn 0.0641 -0.5058 -0.8603
vn -0.5723 -0.5162 -0.6372
vn -0.3797 -0.5670 -0.7310
vn -0.8136 -0.5175 -0.2652
vn -0.7610 -0.5060 0.4060
vn -0.8215 -0.5679 -0.0511
vn -0.6635 -0.2816 0.6931
vn -0.6419 -0.1224 0.7570
vn 0.8914 -0.2756 -0.3599
vn 0.9379 -0.1291 -0.3219
vn 0.6520 -0.5018 -0.5684
vn 0.0444 -0.5066 -0.8611
vn 0.2364 -0.5564 -0.7966
vn -0.3915 -0.5055 -0.7689
vn -0.8257 -0.5016 -0.2582
vn -0.5374 -0.5554 -0.6346
vn -0.9607 -0.2757 0.0310
vn -0.9882 -0.1273 0.0850
vn 0.8822 -0.2777 0.3802
vn 0.8857 -0.1177 0.4491
vn 0.8594 -0.5056 0.0762
vn 0.6381 -0.5188 -0.5689
vn 0.7320 -0.5697 -0.3736
vn 0.2163 -0.5540 -0.8039
vn -0.4456 -0.5136 -0.7332
vn -0.0109 -0.5996 -0.8002
vn -0.7078 -0.2820 -0.6477
vn -0.7685 -0.1175 -0.6290
vn -0.3547 -0.2783 -0.8926
vn -0.3091 -0.1182 -0.9436
vn -0.5527 -0.5062 -0.6620
vn -0.8526 -0.5201 -0.0502
vn -0.7806 -0.5707 -0.2549
vn -0.7633 -0.5170 0.3874
vn -0.2418 -0.5055 0.8282
vn -0.6155 -0.5685 0.5459
vn 0.0348 -0.2780 0.9600
vn 0.0958 -0.1181 0.9884
vn 0.3304 -0.2747 0.9030
vn 0.3014 -0.1207 0.9458
vn 0.5141 -0.5111 0.6888
vn 0.8268 -0.5514 0.1109
vn 0.7434 -0.5966 0.3023
vn 0.7587 -0.5212 -0.3907
vn 0.2218 -0.5050 -0.8342
vn 0.6066 -0.5728 -0.5512
vn -0.0568 -0.2711 -0.9609
vn -0.1187 -0.1094 -0.9869
vn -0.3984 -0.2694 0.8768
vn -0.4625 -0.1141 0.8792
vn -0.0815 -0.5019 0.8611
vn 0.5657 -0.5090 0.6488
vn 0.3846 -0.5608 0.7332
vn 0.8130 -0.5200 0.2618
vn 0.7473 -0.5047 -0.4322
vn 0.8193 -0.5720 0.0408
vn 0.6396 -0.2708 -0.7194
vn 0.6145 -0.1093 -0.7813
vn -0.9021 -0.2709 0.3360
vn -0.9510 -0.1093 0.2891
vn -0.6735 -0.5047 0.5401
vn -0.0503 -0.5200 0.8527
vn -0.2585 -0.5719 0.7785
vn 0.4569 -0.5020 0.7343
vn 0.8332 -0.5033 0.2292
vn 0.5558 -0.5619 0.6127
vn 0.9612 -0.2702 -0.0554
vn 0.9872 -0.1144 -0.1113
vn -0.8758 -0.2705 -0.3998
vn -0.8794 -0.1159 -0.4618
vn -0.8589 -0.5040 -0.0911
vn -0.6791 -0.5080 0.5299
vn -0.7383 -0.5656 0.3674
vn -0.2553 -0.5006 0.8272
vn 0.4124 -0.4995 0.7619
vn -0.0702 -0.5516 0.8311
vn 0.7172 -0.2681 0.6433
vn 0.7697 -0.1229 0.6265
vn -0.6470 -0.0232 0.7621
vn 0.4420 -0.0236 -0.8967
vn 0.4801 -0.0271 -0.8768
vn -0.9964 -0.0384 0.0759
vn 0.9418 -0.0421 -0.3335
vn -0.7726 -0.0187 -0.6347
vn 0.8909 -0.0189 0.4539
vn 0.0958 -0.0193 0.9952
vn -0.3104 -0.0195 -0.9504
vn -0.1196 -0.0108 -0.9928
vn 0.3177 -0.0349 0.9475
vn 0.6183 -0.0107 -0.7858
vn -0.4605 -0.0206 0.8874
vn 0.9943 -0.0213 -0.1047
vn -0.9569 -0.0108 0.2904
vn 0.7647 -0.0388 0.6432
vn -0.8880 -0.0241 -0.4592
vn 0.5408 -0.0328 -0.8405
usemtl Material.001
s 1
f 1/1/1 2/2/2 3/3/3 4/4/4 5/5/5
f 6/6/6 7/7/7 8/8/8 9/9/9
f 10/10/10 11/11/11 12/12/12 13/13/13
f 14/14/14 15/15/15 16/16/16 17/17/17 18/18/18
f 19/19/19 20/20/20 21/21/21 22/22/22
f 23/23/23 24/24/24 25/25/25 26/26/26 27/27/27 28/28/28 29/29/29
f 30/30/30 31/31/31 32/32/32 33/33/33
f 34/34/34 35/35/35 36/36/36 37/37/37
f 38/38/38 39/39/39 20/20/20 19/19/19
f 40/40/40 41/41/41 42/42/42 43/43/43
f 44/44/44 45/45/45 35/35/35 34/34/34
f 46/46/46 47/47/47 48/48/48 49/49/49 50/50/50
f 51/51/51 52/52/51 53/53/51 54/54/51 55/55/51 56/56/51 57/57/51 58/58/51 59/59/51 60/60/51 61/61/51 62/62/51 63/63/51 64/64/51 65/65/51 66/66/51 67/67/51 68/68/51 69/69/51 70/70/51 71/71/51 72/72/51 73/73/51 74/74/51 75/75/51 76/76/51 77/77/51 78/78/51 79/79/51 80/80/51 81/81/51 82/82/51 83/83/51 84/84/51
f 85/85/52 86/86/53 87/87/54 88/88/55
f 13/13/13 12/12/12 89/89/56 90/90/57
f 91/91/58 92/92/59 93/93/60 94/94/61 95/95/62 96/96/62 97/97/62 98/98/63
f 3/3/3 99/99/64 100/100/65 101/101/66
f 102/102/67 103/103/68 104/104/69 105/105/70 106/106/71 107/107/72
f 108/108/73 109/109/74 86/86/53 85/85/52
f 110/110/75 111/111/76 112/112/77 113/113/78 114/114/79 115/115/80
f 116/116/81 117/117/82 89/89/83 118/118/84 59/59/85 58/58/86
f 119/119/87 61/61/87 60/60/88 120/120/89 121/121/90
f 122/122/91 123/123/92 124/124/93 114/114/79 113/113/78
f 125/125/94 126/126/95 127/127/96 128/128/97
f 129/129/98 130/130/99 131/131/100 132/132/101
f 133/133/102 134/134/103 135/135/104 136/136/105 137/137/106 138/138/107
f 139/139/108 140/140/109 141/141/110 142/142/111 143/143/112 144/144/113
f 145/145/114 146/146/115 147/147/116 16/16/16 15/15/15 148/148/117
f 149/149/118 143/143/112 142/142/111 150/150/119 151/151/120 152/152/121
f 153/153/122 154/154/123 155/155/124 156/156/125 82/82/126 81/81/127
f 9/9/9 8/8/8 157/157/128 158/158/129
f 159/159/130 160/160/131 161/161/132 162/162/133 52/52/134 51/51/135
f 163/163/136 164/164/137 41/41/41 40/40/40
f 165/165/138 166/166/139 167/167/140 168/168/141
f 169/169/142 170/170/143 36/36/144 171/171/145 77/77/146 76/76/147
f 172/172/148 173/173/149 174/174/150 175/175/151 176/176/152 177/177/153
f 178/178/154 179/179/155 126/126/95 125/125/94
f 180/180/156 137/137/106 136/136/105 181/181/157 182/182/158 183/183/159
f 184/184/160 185/185/161 42/42/162 153/153/122 81/81/127 80/80/163
f 186/186/164 187/187/165 188/188/166 189/189/167 70/70/168 69/69/169
f 190/190/170 191/191/171 178/178/172 159/159/130 51/51/135 84/84/173
f 192/192/174 193/193/175 91/194/58 50/50/50 49/49/49 194/195/176
f 195/196/177 196/197/178 157/157/179 186/186/164 69/69/169 68/68/180
f 197/198/181 198/199/182 199/200/183 200/201/184 56/56/185 55/55/186
f 201/202/187 202/203/188 203/204/189 204/205/190 74/74/191 73/73/192
f 205/206/193 206/207/194 87/87/195 197/198/181 55/55/186 54/54/196
f 207/208/197 208/209/198 21/21/199 201/202/187 73/73/192 72/72/200
f 118/118/84 209/210/201 210/211/202 120/120/89 60/60/88 59/59/85
f 171/171/145 211/212/203 212/213/204 213/214/205 78/78/206 77/77/146
f 214/215/207 215/216/208 216/217/209 217/218/210
f 218/219/211 219/220/212 220/221/213 221/222/214
f 217/223/210 216/224/209 222/225/215 223/226/216
f 50/50/50 91/194/58 98/227/63 224/228/217
f 224/228/217 98/227/63 219/229/212 218/230/211
f 225/231/218 226/232/219 227/233/220 228/234/221
f 229/235/222 230/236/223 231/237/224 232/238/225
f 233/239/226 217/223/210 223/226/216 234/240/227
f 232/241/225 231/242/224 235/243/228 236/244/229
f 237/245/230 105/105/70 214/246/207 238/247/231
f 238/247/231 214/246/207 217/248/210 233/249/226
f 26/26/26 25/25/25 239/250/232 236/244/229
f 228/234/221 227/233/220 240/251/233 241/252/234
f 242/253/235 232/241/225 236/244/229 239/250/232
f 241/254/234 240/255/233 243/256/236 244/257/237
f 5/5/5 4/4/4 245/258/238 246/259/239
f 246/260/239 245/261/238 247/262/240 248/263/241
f 175/175/151 174/174/150 229/264/222 249/265/242
f 249/265/242 229/264/222 232/266/225 242/267/235
f 136/136/105 135/135/104 250/268/243 251/269/244 252/270/245
f 253/271/246 5/272/5 246/273/239 254/274/247
f 254/275/247 246/260/239 248/263/241 255/276/248
f 142/142/111 141/141/110 256/277/249 257/278/250 258/279/251
f 251/280/244 259/281/252 260/282/253 261/283/254
f 261/284/254 260/285/253 262/286/255 263/287/256
f 250/288/243 113/113/78 112/112/77 259/281/252 251/280/244
f 252/270/245 251/269/244 261/289/254 264/290/257
f 264/291/257 261/284/254 263/287/256 265/292/258
f 147/147/116 266/293/259 267/294/260 268/295/261 269/296/262
f 257/297/250 252/298/245 264/299/257 270/300/263
f 270/301/263 264/291/257 265/292/258 271/302/264
f 256/303/249 181/181/157 136/136/105 252/298/245 257/297/250
f 258/279/251 257/278/250 270/304/263 272/305/265
f 272/306/265 270/301/263 271/302/264 273/307/266
f 268/308/261 258/309/251 272/310/265 274/311/267
f 274/312/267 272/306/265 273/307/266 275/313/268
f 267/314/260 150/150/119 142/142/111 258/309/251 268/308/261
f 269/296/262 268/295/261 274/315/267 276/316/269
f 276/317/269 274/312/267 275/313/268 277/318/270
f 94/319/61 269/320/262 276/321/269 278/322/271
f 278/323/271 276/317/269 277/318/270 279/324/272
f 93/325/60 16/16/16 147/147/116 269/320/262 94/319/61
f 95/95/62 94/94/61 278/326/271 280/327/273
f 280/328/273 278/323/271 279/324/272 281/329/274
f 105/105/70 104/104/69 215/216/208 214/215/207
f 282/330/275 283/331/276 244/257/237 243/256/236
f 167/167/140 166/166/139 221/222/214 220/221/213
f 174/174/150 284/332/277 230/236/223 229/235/222
f 23/23/23 29/29/29 234/240/227 223/226/216
f 285/333/278 283/331/276 282/330/275 24/24/24 23/23/23
f 165/165/138 168/168/141 248/263/241 247/262/240
f 112/112/77 286/334/279 1/335/1 5/272/5 253/271/246 287/336/246 288/337/246 259/338/252
f 289/339/280 290/340/281 262/286/255 291/341/248
f 290/340/281 292/342/282 263/287/256 262/286/255
f 292/342/282 293/343/283 265/292/258 263/287/256
f 293/343/283 294/344/284 271/302/264 265/292/258
f 294/344/284 295/345/285 273/307/266 271/302/264
f 295/345/285 296/346/286 275/313/268 273/307/266
f 296/346/286 297/347/287 277/318/270 275/313/268
f 297/347/287 298/348/288 279/324/272 277/318/270
f 299/349/289 167/167/140 220/221/213 300/350/274
f 301/351/290 302/352/291 303/353/291 304/354/290
f 285/333/278 23/23/23 223/226/216 222/225/215
f 27/27/27 26/26/26 236/244/229 235/243/228
f 290/340/281 298/348/288 297/347/287 292/342/282
f 292/342/282 297/347/287 296/346/286 293/343/283
f 293/343/283 296/346/286 295/345/285 294/344/284
f 305/355/292 205/206/193 54/54/196 53/53/293 306/356/293
f 101/101/66 100/100/65 307/357/294 225/231/218
f 99/99/64 3/3/3 2/2/2 308/358/295 309/359/296
f 310/360/297 311/361/298 312/362/299 313/363/300
f 314/364/301 65/65/302 64/64/303 315/365/304
f 315/365/304 64/64/303 63/63/305 310/360/306
f 306/356/293 53/53/293 52/52/134 162/162/133 316/366/307
f 104/104/69 103/103/68 317/367/308 47/47/47 46/46/46
f 215/216/208 104/104/69 46/46/46 318/368/309
f 318/368/309 46/46/46 50/50/50 224/228/217
f 216/217/209 215/216/208 318/369/309 319/370/310
f 319/371/310 318/372/309 224/228/217 218/230/211
f 222/225/215 216/224/209 319/373/310 320/374/311
f 320/374/311 319/373/310 218/219/211 221/222/214
f 4/4/4 3/3/3 101/101/66 321/375/312
f 321/375/312 101/101/66 225/231/218 228/234/221
f 245/258/238 4/4/4 321/376/312 322/377/313
f 322/378/313 321/379/312 228/234/221 241/252/234
f 247/262/240 245/261/238 322/380/313 323/381/314
f 323/381/314 322/380/313 241/254/234 244/257/237
f 324/382/315 325/383/316 326/384/317 327/385/318 237/245/230
f 328/386/319 305/355/320 306/356/321 329/387/322
f 330/388/323 314/364/324 315/365/325 331/389/325
f 332/390/326 333/391/327 226/232/219 225/231/218 307/357/294
f 285/333/278 222/225/215 320/374/311 334/392/328
f 334/392/328 320/374/311 221/222/214 166/166/139
f 165/165/138 247/262/240 323/381/314 335/393/329
f 335/393/329 323/381/314 244/257/237 283/331/276
f 166/166/139 165/165/138 335/393/329 334/392/328
f 334/392/328 335/393/329 283/331/276 285/333/278
f 336/394/330 106/106/71 105/105/70 237/245/230 327/385/318 337/395/331
f 282/330/275 338/396/332 24/24/24
f 338/396/332 25/397/25 24/24/24
f 339/398/333 116/116/81 58/58/86 57/57/334 130/130/334
f 340/399/335 341/400/336 342/401/337 176/176/152 175/175/151
f 343/402/338 344/403/339 62/62/340 61/61/87 119/119/87
f 345/404/341 119/119/342 121/121/343 346/405/344
f 344/403/339 311/361/345 310/360/306 63/63/305 62/62/340
f 226/232/219 333/391/327 347/406/346 341/400/336 340/399/335
f 130/130/334 57/57/334 56/56/185 200/201/184 131/131/347
f 284/332/277 348/407/348 349/408/349 325/383/316 324/382/315
f 230/236/223 284/332/277 324/382/315 350/409/350
f 350/409/350 324/382/315 237/245/230 238/247/231
f 231/237/224 230/236/223 350/410/350 351/411/351
f 351/412/351 350/413/350 238/247/231 233/249/226
f 235/243/228 231/242/224 351/414/351 352/415/352
f 352/415/352 351/414/351 233/239/226 234/240/227
f 227/233/220 226/232/219 340/399/335 353/416/353
f 353/416/353 340/399/335 175/175/151 249/265/242
f 240/251/233 227/233/220 353/417/353 354/418/354
f 354/419/354 353/420/353 249/265/242 242/267/235
f 243/256/236 240/255/233 354/421/354 355/422/355
f 355/422/355 354/421/354 242/253/235 239/250/232
f 356/423/356 357/424/357 358/425/358 359/426/359
f 360/427/360 339/398/361 130/130/362 129/129/363
f 331/389/364 315/365/364 310/360/297 313/363/300
f 361/428/365 343/402/366 119/119/367 345/404/368
f 27/27/27 235/243/228 352/415/352 28/28/28
f 28/28/28 352/415/352 234/240/227 29/29/29
f 282/330/275 243/256/236 355/422/355 338/429/332
f 338/429/332 355/422/355 239/250/232 25/25/25
f 362/430/369 348/407/348 284/332/277 174/174/150 173/173/149 363/431/370
f 92/92/59 17/432/17 93/325/60
f 17/432/17 16/433/16 93/325/60
f 364/434/371 190/190/170 84/84/173 83/83/372 357/424/372
f 33/33/373 32/32/374 365/435/375 366/436/376
f 357/424/372 83/83/372 82/82/126 156/156/125 358/425/377
f 18/18/18 17/17/17 92/92/59 367/437/378 368/438/379
f 369/439/380 364/434/381 357/424/382 356/423/383
f 370/440/384 371/441/385 372/442/386 308/358/295 2/2/2
f 373/443/387 374/444/388 266/293/259 147/147/116 146/146/115 375/445/389
f 286/334/279 370/440/384 1/1/1
f 370/440/384 2/446/2 1/1/1
f 135/135/104 122/122/91 250/288/243
f 122/122/91 113/447/78 250/288/243
f 141/141/110 376/448/390 256/303/249
f 376/448/390 181/449/157 256/303/249
f 266/293/259 377/450/391 267/314/260
f 377/450/391 150/451/119 267/314/260
f 31/31/392 195/196/177 68/68/180 67/67/393 32/32/394
f 314/364/301 378/452/395 379/453/396 66/66/397 65/65/302
f 380/454/398 207/208/197 72/72/200 71/71/399 381/455/399
f 376/448/390 382/456/400 383/457/401 182/182/158 181/181/157
f 384/458/402 169/169/142 76/76/147 75/75/403 385/459/403
f 377/450/391 386/460/404 387/461/405 151/151/120 150/150/119
f 388/462/406 184/184/160 80/80/163 79/79/407 389/463/407
f 390/464/408 381/455/409 391/465/410 392/466/411
f 389/463/407 79/79/407 78/78/206 213/214/205 393/467/412
f 266/293/259 374/444/388 394/468/413 386/460/404 377/450/391
f 32/32/394 67/67/393 66/66/397 379/453/396 365/435/414
f 286/334/279 395/469/415 396/470/416 371/441/385 370/440/384
f 381/455/399 71/71/399 70/70/168 189/189/167 391/465/417
f 135/135/104 134/134/103 397/471/418 123/123/419 122/122/91
f 385/459/403 75/75/403 74/74/191 204/205/190 398/472/420
f 141/141/110 140/140/109 399/473/421 382/456/422 376/448/390
f 400/474/423 385/459/424 398/472/425 401/475/426
f 378/452/427 314/364/324 330/388/323 402/476/428
f 403/477/429 389/463/430 393/467/431 404/478/432
f 405/479/433 380/454/434 381/455/435 390/464/436
f 192/480/174 406/481/437 193/482/175
f 407/483/438 384/458/439 385/459/440 400/474/441
f 408/484/442 388/462/443 389/463/444 403/477/445
f 409/485/446 395/469/415 286/334/279 112/112/77 111/111/76 410/486/447
f 178/178/172 125/125/448 159/159/130
f 125/125/448 128/487/449 159/159/130
f 128/487/449 160/488/131 159/159/130
f 87/87/195 86/86/450 197/198/181
f 86/86/450 109/489/451 197/198/181
f 109/489/451 198/490/182 197/198/181
f 89/89/83 12/12/452 118/118/84
f 12/12/452 11/491/453 118/118/84
f 11/491/453 209/492/201 118/118/84
f 157/157/179 8/8/454 186/186/164
f 8/8/454 7/493/455 186/186/164
f 7/493/455 187/494/165 186/186/164
f 21/21/199 20/20/456 201/202/187
f 20/20/456 39/495/457 201/202/187
f 39/495/457 202/496/188 201/202/187
f 36/36/144 35/35/458 171/171/145
f 35/35/458 45/497/459 171/171/145
f 45/497/459 211/498/203 171/171/145
f 42/42/162 41/41/460 153/153/122
f 41/41/460 164/499/461 153/153/122
f 164/499/461 154/500/123 153/153/122
f 128/128/97 127/127/96 411/501/462 160/160/463
f 336/502/330 412/503/464 106/106/71
f 178/178/154 191/191/465 413/504/466 179/179/155
f 414/505/467 198/199/468 109/109/74 108/108/73
f 172/506/148 415/507/469 173/173/149
f 87/87/54 206/207/470 416/508/471 88/88/55
f 417/509/472 209/210/473 11/11/11 10/10/10
f 110/110/75 418/510/474 111/111/76
f 89/89/56 117/117/475 419/511/476 90/90/57
f 420/512/477 187/187/478 7/7/7 6/6/6
f 180/180/156 421/513/479 137/137/106
f 157/157/128 196/197/480 422/514/481 158/158/129
f 423/515/482 202/203/483 39/39/39 38/38/38
f 149/516/118 424/517/484 143/143/112
f 21/21/21 208/209/485 425/518/486 22/22/22
f 426/519/487 211/212/488 45/45/45 44/44/44
f 145/520/114 427/521/489 146/146/115
f 36/36/36 170/170/490 428/522/491 37/37/37
f 429/523/492 154/154/493 164/164/137 163/163/136
f 48/524/48 430/525/494 49/49/49
f 42/42/42 185/185/495 431/526/496 43/43/43
f 305/355/292 432/527/497 205/206/193
f 432/527/497 433/528/498 205/206/193
f 433/528/498 206/529/194 205/206/193
f 161/161/132 434/530/499 162/162/133
f 434/530/499 435/531/500 162/162/133
f 435/531/500 316/532/307 162/162/133
f 435/533/501 436/534/502 437/535/503 316/366/504
f 102/536/67 438/537/505 103/538/68
f 434/530/506 439/539/507 436/534/502 435/533/501
f 416/508/471 206/207/470 433/540/508 440/541/509
f 326/542/317 441/543/510 327/385/318
f 440/541/509 433/540/508 432/527/511 442/544/512
f 339/398/333 443/545/513 116/116/81
f 443/545/513 444/546/514 116/116/81
f 444/546/514 117/547/82 116/116/81
f 199/200/183 445/548/515 200/201/184
f 445/548/515 446/549/516 200/201/184
f 446/549/516 131/550/347 200/201/184
f 343/402/338 447/551/517 344/403/339
f 447/551/517 448/552/518 344/403/339
f 448/552/518 311/553/345 344/403/339
f 210/211/202 449/554/519 120/120/89
f 449/554/519 450/555/520 120/120/89
f 450/555/520 121/556/90 120/120/89
f 446/557/521 451/558/522 132/132/101 131/131/100
f 362/559/369 452/560/523 348/561/348
f 445/548/524 453/562/525 451/558/522 446/557/521
f 419/511/476 117/117/475 444/563/526 454/564/527
f 342/565/337 455/566/528 176/176/152
f 454/564/527 444/563/526 443/545/529 456/567/530
f 450/568/531 457/569/532 346/405/344 121/121/343
f 332/570/326 458/571/533 333/572/327
f 449/554/534 459/573/535 457/569/532 450/568/531
f 312/362/299 311/361/298 448/574/536 460/575/537
f 14/576/14 461/577/538 15/15/15
f 460/575/537 448/574/536 447/551/539 462/578/540
f 364/434/371 463/579/541 190/190/170
f 463/579/541 464/580/542 190/190/170
f 464/580/542 191/581/171 190/190/170
f 155/155/124 465/582/543 156/156/125
f 465/582/543 466/583/544 156/156/125
f 466/583/544 358/584/377 156/156/125
f 466/585/545 467/586/546 359/426/359 358/425/358
f 468/587/547 469/588/548 367/589/378
f 465/582/549 470/590/550 467/586/546 466/585/545
f 413/504/466 191/191/465 464/591/551 471/592/552
f 372/593/386 472/594/553 308/358/295
f 471/592/552 464/591/551 463/579/554 473/595/555
f 31/31/392 474/596/556 195/196/177
f 474/596/556 475/597/557 195/196/177
f 475/597/557 196/598/178 195/196/177
f 378/452/395 476/599/558 379/453/396
f 476/599/558 477/600/559 379/453/396
f 477/600/559 365/601/414 379/453/396
f 380/454/398 478/602/560 207/208/197
f 478/602/560 479/603/561 207/208/197
f 479/603/561 208/604/198 207/208/197
f 188/188/166 480/605/562 189/189/167
f 480/605/562 481/606/563 189/189/167
f 481/606/563 391/607/417 189/189/167
f 384/458/402 482/608/564 169/169/142
f 482/608/564 483/609/565 169/169/142
f 483/609/565 170/610/143 169/169/142
f 203/204/189 484/611/566 204/205/190
f 484/611/566 485/612/567 204/205/190
f 485/612/567 398/613/420 204/205/190
f 388/462/406 486/614/568 184/184/160
f 486/614/568 487/615/569 184/184/160
f 487/615/569 185/616/161 184/184/160
f 212/213/204 488/617/570 213/214/205
f 488/617/570 489/618/571 213/214/205
f 489/618/571 393/619/412 213/214/205
f 477/620/572 490/621/573 366/436/376 365/435/375
f 409/622/446 491/623/574 395/624/415
f 476/599/575 492/625/576 490/621/573 477/620/572
f 422/514/481 196/197/480 475/626/577 493/627/578
f 124/628/93 494/629/579 114/114/79
f 493/627/578 475/626/577 474/596/580 495/630/581
f 481/631/582 496/632/583 392/466/411 391/465/410
f 133/633/102 497/634/584 134/635/103
f 480/605/585 498/636/586 496/632/583 481/631/582
f 425/518/486 208/209/485 479/637/587 499/638/588
f 383/639/401 500/640/589 182/182/158
f 499/638/588 479/637/587 478/602/590 501/641/591
f 485/642/592 502/643/593 401/475/426 398/472/425
f 139/644/108 503/645/594 140/646/109
f 484/611/595 504/647/596 502/643/593 485/642/592
f 428/522/491 170/170/490 483/648/597 505/649/598
f 387/650/405 506/651/599 151/151/120
f 505/649/598 483/648/597 482/608/600 507/652/601
f 489/653/602 508/654/603 404/478/432 393/467/431
f 373/655/387 509/656/604 374/657/388
f 488/617/605 510/658/606 508/654/603 489/653/602
f 431/526/496 185/185/495 487/659/607 511/660/608
f 511/660/608 487/659/607 486/614/609 512/661/610
f 513/662/611 514/663/612 193/482/175
f 406/481/437 513/662/611 193/482/175
f 161/161/613 160/160/463 411/501/462 515/664/614
f 199/200/615 198/199/468 414/505/467 516/665/616
f 412/503/464 517/666/617 106/106/71
f 517/666/617 107/107/72 106/106/71
f 210/211/618 209/210/473 417/509/472 518/667/619
f 415/507/469 519/668/620 173/173/149
f 519/668/620 363/431/370 173/173/149
f 188/188/621 187/187/478 420/512/477 520/669/622
f 418/510/474 521/670/623 111/111/76
f 521/670/623 410/671/447 111/111/76
f 203/204/624 202/203/483 423/515/482 522/672/625
f 421/513/479 523/673/626 137/137/106
f 523/673/626 138/674/107 137/137/106
f 212/213/627 211/212/488 426/519/487 524/675/628
f 424/517/484 525/676/629 143/143/112
f 525/676/629 144/144/113 143/143/112
f 155/155/630 154/154/493 429/523/492 526/677/631
f 427/521/489 527/678/632 146/146/115
f 527/678/632 375/445/389 146/146/115
f 442/544/512 432/527/511 305/355/320 328/386/319
f 438/537/505 528/679/633 103/538/68
f 528/679/633 317/680/308 103/538/68
f 529/681/634 194/195/176 49/49/49
f 430/525/494 529/681/634 49/49/49
f 161/161/613 515/664/614 439/539/507 434/530/506
f 456/567/530 443/545/529 339/398/361 360/427/360
f 452/560/523 530/682/635 348/561/348
f 530/682/635 349/683/349 348/561/348
f 531/684/636 337/395/331 327/385/318
f 441/543/510 531/684/636 327/385/318
f 199/200/615 516/665/616 453/562/525 445/548/524
f 462/578/540 447/551/539 343/402/366 361/428/365
f 458/571/533 532/685/637 333/572/327
f 532/685/637 347/686/346 333/572/327
f 533/687/638 177/177/153 176/176/152
f 455/566/528 533/687/638 176/176/152
f 210/211/618 518/667/619 459/573/535 449/554/534
f 473/595/555 463/579/554 364/434/381 369/439/380
f 469/588/548 534/688/639 367/589/378
f 534/688/639 368/689/379 367/589/378
f 535/690/640 148/148/117 15/15/15
f 461/577/538 535/690/640 15/15/15
f 155/155/630 526/677/631 470/590/550 465/582/549
f 495/630/581 474/596/580 31/31/31 30/30/30
f 491/623/574 536/691/641 395/624/415
f 536/691/641 396/692/416 395/624/415
f 537/693/642 309/359/296 308/358/295
f 472/594/553 537/693/642 308/358/295
f 378/452/427 402/476/428 492/625/576 476/599/575
f 501/641/591 478/602/590 380/454/434 405/479/433
f 497/634/584 538/694/643 134/635/103
f 538/694/643 397/695/418 134/635/103
f 539/696/644 115/115/80 114/114/79
f 494/629/579 539/696/644 114/114/79
f 188/188/621 520/669/622 498/636/586 480/605/585
f 507/652/601 482/608/600 384/458/439 407/483/438
f 503/645/594 540/697/645 140/646/109
f 540/697/645 399/698/421 140/646/109
f 541/699/646 183/183/159 182/182/158
f 500/640/589 541/699/646 182/182/158
f 203/204/624 522/672/625 504/647/596 484/611/595
f 512/661/610 486/614/609 388/462/443 408/484/442
f 509/656/604 542/700/647 374/657/388
f 542/700/647 394/701/413 374/657/388
f 543/702/648 152/152/121 151/151/120
f 506/651/599 543/702/648 151/151/120
f 212/213/627 524/675/628 510/658/606 488/617/605
f 468/703/547 367/437/378 92/92/59 91/91/58 193/482/175 514/663/612
f 302/352/24 301/351/24 290/340/281 289/339/280
f 544/704/24 545/705/24 167/167/140 299/349/289
f 545/705/24 546/706/24 168/168/141 167/167/140
f 301/351/24 547/707/24 298/348/288 290/340/281
f 547/707/24 548/708/24 549/709/289 298/348/288
f 548/708/24 550/710/24 551/711/289 549/709/289
f 550/710/24 544/704/24 299/349/289 551/711/289
f 546/706/24 552/712/24 553/713/280 168/168/141
f 552/712/24 554/714/24 555/715/280 553/713/280
f 554/714/24 302/352/24 289/339/280 555/715/280
f 547/707/649 301/351/290 304/354/290 556/716/649
f 544/704/650 550/710/650 557/717/650 558/718/650
f 554/714/651 552/712/651 559/719/651 560/720/651
f 298/348/288 549/709/289 281/329/274 279/324/272
f 549/709/289 551/711/289 561/721/274 281/329/274
f 551/711/289 299/349/289 300/350/274 561/721/274
f 168/168/141 553/713/280 255/276/248 248/263/241
f 553/713/280 555/715/280 562/722/248 255/276/248
f 555/715/280 289/339/280 291/341/248 562/722/248
f 219/220/212 563/723/273 300/350/274 220/221/213
f 563/723/273 564/724/273 561/721/274 300/350/274
f 564/724/273 280/328/273 281/329/274 561/721/274
f 98/98/63 97/97/62 563/725/273 219/726/212
f 97/97/62 96/96/62 564/727/273 563/725/273
f 96/96/62 95/95/62 280/327/273 564/727/273
f 260/285/253 565/728/247 291/341/248 262/286/255
f 565/728/247 566/729/247 562/722/248 291/341/248
f 566/729/247 254/275/247 255/276/248 562/722/248
f 259/338/252 288/337/246 565/730/247 260/731/253
f 288/337/246 287/336/246 566/732/247 565/730/247
f 287/336/246 253/271/246 254/274/247 566/732/247
f 302/352/652 554/714/652 560/720/652 303/353/652
f 548/708/653 547/707/649 556/716/649 567/733/653
f 545/705/654 544/704/655 558/718/655 568/734/654
f 552/712/656 546/706/657 569/735/657 559/719/656
f 546/706/657 545/705/654 568/734/654 569/735/657
f 550/710/658 548/708/658 567/733/658 557/717/658
f 100/100/659 99/99/660 330/736/661 331/737/662
f 307/357/663 100/100/659 331/737/662 313/738/664
f 411/739/665 127/740/666 406/481/667 192/480/668
f 127/741/666 126/742/669 513/662/670 406/481/667
f 126/742/669 179/743/671 514/663/672 513/662/670
f 414/744/673 108/745/674 412/503/675 336/502/676
f 108/746/674 85/747/677 517/666/678 412/503/675
f 85/747/677 88/748/679 107/107/680 517/666/678
f 417/749/681 10/750/682 415/507/683 172/506/684
f 10/751/682 13/752/685 519/668/686 415/507/683
f 13/752/685 90/753/687 363/431/688 519/668/686
f 420/754/689 6/755/690 418/510/691 110/110/692
f 6/755/690 9/756/693 521/670/694 418/510/691
f 9/756/693 158/757/695 410/671/696 521/670/694
f 423/758/697 38/759/698 421/513/699 180/180/700
f 38/759/698 19/760/701 523/673/702 421/513/699
f 19/760/701 22/761/703 138/674/704 523/673/702
f 426/762/705 44/763/706 424/517/707 149/516/708
f 44/764/706 34/765/709 525/676/710 424/517/707
f 34/765/709 37/766/711 144/144/712 525/676/710
f 429/767/713 163/768/714 427/521/715 145/520/716
f 163/769/714 40/770/717 527/678/718 427/521/715
f 40/770/717 43/771/719 375/445/720 527/678/718
f 437/772/503 436/773/502 430/525/721 48/524/722
f 436/774/502 439/775/507 529/681/723 430/525/721
f 439/775/507 515/776/724 194/195/725 529/681/723
f 416/508/726 440/541/509 438/537/727 102/536/728
f 440/541/509 442/544/512 528/679/729 438/537/727
f 442/544/512 328/386/319 317/680/730 528/679/729
f 132/777/101 451/778/522 441/543/731 326/542/732
f 451/779/522 453/780/525 531/684/733 441/543/731
f 453/780/525 516/781/734 337/395/735 531/684/733
f 419/511/736 454/564/527 452/560/737 362/559/738
f 454/564/527 456/567/530 530/682/739 452/560/737
f 456/567/530 360/427/360 349/683/740 530/682/739
f 346/782/344 457/783/532 455/566/741 342/565/742
f 457/784/532 459/785/535 533/687/743 455/566/741
f 459/785/535 518/786/744 177/177/745 533/687/743
f 312/362/746 460/575/537 458/571/747 332/570/748
f 460/575/537 462/578/540 532/685/749 458/571/747
f 462/578/540 361/428/365 347/686/750 532/685/749
f 359/787/359 467/788/546 461/577/751 14/576/752
f 467/789/546 470/790/550 535/690/753 461/577/751
f 470/790/550 526/791/754 148/148/755 535/690/753
f 413/504/756 471/592/552 469/588/757 468/587/758
f 471/592/552 473/595/555 534/688/759 469/588/757
f 473/595/555 369/439/380 368/689/760 534/688/759
f 366/792/376 490/793/573 472/594/761 372/593/762
f 490/794/573 492/795/576 537/693/763 472/594/761
f 492/795/576 402/796/764 309/359/765 537/693/763
f 422/514/766 493/627/578 491/623/767 409/622/768
f 493/627/578 495/630/581 536/691/769 491/623/767
f 495/630/581 30/30/30 396/692/770 536/691/769
f 392/797/411 496/798/583 494/629/771 124/628/772
f 496/799/583 498/800/586 539/696/773 494/629/771
f 498/800/586 520/801/774 115/115/775 539/696/773
f 425/518/776 499/638/588 497/634/777 133/633/778
f 499/638/588 501/641/591 538/694/779 497/634/777
f 501/641/591 405/479/433 397/695/780 538/694/779
f 401/802/426 502/803/593 500/640/781 383/639/782
f 502/804/593 504/805/596 541/699/783 500/640/781
f 504/805/596 522/806/784 183/183/785 541/699/783
f 428/522/786 505/649/598 503/645/787 139/644/788
f 505/649/598 507/652/601 540/697/789 503/645/787
f 507/652/601 407/483/438 399/698/790 540/697/789
f 404/807/432 508/808/603 506/651/791 387/650/792
f 508/809/603 510/810/606 543/702/793 506/651/791
f 510/810/606 524/811/794 152/152/795 543/702/793
f 431/526/796 511/660/608 509/656/797 373/655/798
f 511/660/608 512/661/610 542/700/799 509/656/797
f 512/661/610 408/484/442 394/701/800 542/700/799
f 468/703/758 514/663/672 179/812/671 413/813/756
f 192/192/668 194/195/725 515/814/724 411/815/665
f 336/394/676 337/395/735 516/781/734 414/816/673
f 102/102/728 107/107/680 88/817/679 416/818/726
f 362/430/738 363/431/688 90/819/687 419/820/736
f 172/172/684 177/177/745 518/786/744 417/821/681
f 110/110/692 115/115/775 520/801/774 420/822/689
f 409/485/768 410/486/696 158/823/695 422/824/766
f 180/180/700 183/183/785 522/806/784 423/825/697
f 133/133/778 138/138/704 22/826/703 425/827/776
f 139/139/788 144/144/712 37/828/711 428/829/786
f 149/149/708 152/152/795 524/811/794 426/830/705
f 145/145/716 148/148/755 526/791/754 429/831/713
f 373/443/798 375/445/720 43/832/719 431/833/796
f 47/47/801 317/367/730 328/834/319 329/835/322
f 48/48/722 47/47/802 329/835/803 437/836/503
f 325/383/804 349/408/740 360/837/360 129/838/363
f 326/384/732 325/383/805 129/838/98 132/839/101
f 341/400/806 347/406/750 361/840/365 345/841/368
f 332/390/748 307/357/663 313/842/664 312/843/746
f 342/401/742 341/400/807 345/841/341 346/844/344
f 18/18/808 368/438/760 369/845/380 356/846/383
f 14/14/752 18/18/809 356/846/356 359/847/359
f 371/441/810 396/470/770 30/848/30 33/849/33
f 372/442/762 371/441/811 33/849/373 366/850/376
f 99/99/660 309/359/765 402/796/764 330/851/661
f 123/123/812 397/471/780 405/852/433 390/853/436
f 124/124/772 123/123/813 390/853/408 392/854/411
f 382/456/814 399/473/790 407/855/438 400/856/441
f 383/457/782 382/456/815 400/856/423 401/857/426
f 386/460/816 394/468/800 408/858/442 403/859/445
f 387/461/792 386/460/817 403/859/429 404/860/432
f 329/387/803 306/356/818 316/366/504 437/535/503
o Torus
v 0.000000 1.220000 -0.000000
v -0.154719 1.232820 0.000000
v -0.152408 1.246666 -0.038567
v 0.000000 1.234037 -0.038567
v -0.146558 1.281725 -0.059088
v 0.000000 1.269581 -0.059088
v -0.139905 1.321593 -0.051962
v 0.000000 1.310000 -0.051962
v -0.135563 1.347614 -0.020521
v 0.000000 1.336381 -0.020521
v -0.135563 1.347614 0.020521
v 0.000000 1.336381 0.020521
v -0.139905 1.321593 0.051961
v 0.000000 1.310000 0.051961
v -0.146558 1.281725 0.059088
v 0.000000 1.269581 0.059088
v -0.152408 1.246666 0.038567
v 0.000000 1.234037 0.038567
v -0.305218 1.270931 0.000000
v -0.300660 1.284208 -0.038567
v -0.289119 1.317826 -0.059088
v -0.275995 1.356055 -0.051962
v -0.267429 1.381007 -0.020521
v -0.267429 1.381007 0.020521
v -0.275995 1.356055 0.051961
v -0.289119 1.317826 0.059088
v -0.300660 1.284208 0.038567
v -0.447391 1.333294 0.000000
v -0.440710 1.345640 -0.038567
v -0.423793 1.376900 -0.059088
v -0.404555 1.412447 -0.051962
v -0.391999 1.435649 -0.020521
v -0.391999 1.435649 0.020521
v -0.404555 1.412447 0.051961
v -0.423793 1.376900 0.059088
v -0.440710 1.345640 0.038567
v -0.577360 1.418208 0.000000
v -0.568738 1.429285 -0.038567
v -0.546907 1.457334 -0.059088
v -0.522081 1.489230 -0.051962
v -0.505877 1.510049 -0.020521
v -0.505877 1.510049 0.020521
v -0.522081 1.489230 0.051961
v -0.546907 1.457334 0.059088
v -0.568738 1.429285 0.038567
v -0.691581 1.523355 0.000000
v -0.681253 1.532862 -0.038567
v -0.655103 1.556935 -0.059088
v -0.625365 1.584310 -0.051962
v -0.605956 1.602178 -0.020521
v -0.605956 1.602178 0.020521
v -0.625365 1.584310 0.051961
v -0.655103 1.556935 0.059088
v -0.681253 1.532862 0.038567
v -0.786937 1.645869 0.000000
v -0.775185 1.653546 -0.038567
v -0.745429 1.672987 -0.059088
v -0.711592 1.695094 -0.051962
v -0.689506 1.709523 -0.020521
v -0.689506 1.709523 0.020521
v -0.711592 1.695094 0.051961
v -0.745429 1.672987 0.059088
v -0.775185 1.653546 0.038567
v -0.860827 1.782406 0.000000
v -0.847972 1.788045 -0.038567
v -0.815422 1.802323 -0.059088
v -0.778408 1.818559 -0.051962
v -0.754248 1.829156 -0.020521
v -0.754248 1.829156 0.020521
v -0.778408 1.818559 0.051961
v -0.815422 1.802323 0.059088
v -0.847972 1.788045 0.038567
v -0.911236 1.929244 0.000000
v -0.897629 1.932690 -0.038567
v -0.863173 1.941415 -0.059088
v -0.823990 1.951337 -0.051961
v -0.798416 1.957814 -0.020521
v -0.798416 1.957814 0.020521
v -0.823990 1.951337 0.051961
v -0.863173 1.941415 0.059088
v -0.897629 1.932690 0.038567
v -0.936790 2.082375 0.000000
v -0.922800 2.083534 -0.038567
v -0.887378 2.086469 -0.059088
v -0.847097 2.089807 -0.051961
v -0.820806 2.091986 -0.020521
v -0.820806 2.091986 0.020521
v -0.847097 2.089807 0.051961
v -0.887378 2.086469 0.059088
v -0.922800 2.083534 0.038567
v -0.936790 2.237624 0.000000
v -0.922800 2.236465 -0.038567
v -0.887378 2.233530 -0.059088
v -0.847097 2.230192 -0.051961
v -0.820806 2.228014 -0.020521
v -0.820806 2.228014 0.020521
v -0.847097 2.230192 0.051961
v -0.887378 2.233530 0.059088
v -0.922800 2.236465 0.038567
v -0.911236 2.390756 0.000000
v -0.897629 2.387310 -0.038567
v -0.863172 2.378585 -0.059088
v -0.823990 2.368663 -0.051961
v -0.798416 2.362186 -0.020521
v -0.798416 2.362186 0.020521
v -0.823990 2.368663 0.051961
v -0.863172 2.378585 0.059088
v -0.897629 2.387310 0.038567
v -0.860827 2.537593 0.000000
v -0.847972 2.531955 -0.038567
v -0.815422 2.517677 -0.059088
v -0.778408 2.501441 -0.051961
v -0.754248 2.490844 -0.020521
v -0.754248 2.490844 0.020521
v -0.778408 2.501441 0.051962
v -0.815422 2.517677 0.059088
v -0.847972 2.531955 0.038567
v -0.786937 2.674131 0.000000
v -0.775185 2.666453 -0.038567
v -0.745429 2.647013 -0.059088
v -0.711592 2.624906 -0.051961
v -0.689506 2.610476 -0.020521
v -0.689506 2.610476 0.020521
v -0.711592 2.624906 0.051962
v -0.745429 2.647013 0.059088
v -0.775185 2.666453 0.038567
v -0.691581 2.796645 0.000000
v -0.681253 2.787138 -0.038567
v -0.655103 2.763064 -0.059088
v -0.625365 2.735689 -0.051961
v -0.605956 2.717822 -0.020521
v -0.605956 2.717822 0.020521
v -0.625365 2.735689 0.051962
v -0.655103 2.763064 0.059088
v -0.681253 2.787138 0.038567
v -0.577359 2.901792 0.000000
v -0.568738 2.890715 -0.038567
v -0.546907 2.862666 -0.059088
v -0.522081 2.830770 -0.051961
v -0.505877 2.809951 -0.020521
v -0.505877 2.809951 0.020521
v -0.522081 2.830770 0.051962
v -0.546907 2.862666 0.059088
v -0.568738 2.890715 0.038567
v -0.447390 2.986705 0.000000
v -0.440709 2.974360 -0.038567
v -0.423792 2.943100 -0.059088
v -0.404555 2.907553 -0.051961
v -0.391999 2.884351 -0.020521
v -0.391999 2.884351 0.020521
v -0.404555 2.907553 0.051962
v -0.423792 2.943100 0.059088
v -0.440709 2.974360 0.038567
v -0.305216 3.049068 0.000000
v -0.300658 3.035791 -0.038567
v -0.289118 3.002174 -0.059088
v -0.275994 2.963945 -0.051961
v -0.267428 2.938993 -0.020521
v -0.267428 2.938993 0.020521
v -0.275994 2.963945 0.051962
v -0.289118 3.002174 0.059088
v -0.300658 3.035791 0.038567
v -0.154718 3.087180 0.000000
v -0.152408 3.073334 -0.038567
v -0.146558 3.038275 -0.059088
v -0.139905 2.998407 -0.051961
v -0.135563 2.972385 -0.020521
v -0.135563 2.972385 0.020521
v -0.139905 2.998407 0.051962
v -0.146558 3.038275 0.059088
v -0.152407 3.073334 0.038567
v 0.000001 3.100000 -0.000000
v 0.000001 3.085963 -0.038567
v 0.000000 3.050419 -0.059088
v 0.000000 3.010000 -0.051961
v 0.000000 2.983618 -0.020521
v 0.000000 2.983618 0.020521
v 0.000000 3.010000 0.051962
v 0.000000 3.050419 0.059088
v 0.000001 3.085963 0.038567
v 0.154720 3.087180 -0.000000
v 0.152408 3.073334 -0.038567
v 0.146558 3.038275 -0.059088
v 0.139905 2.998407 -0.051961
v 0.135563 2.972385 -0.020521
v 0.135563 2.972385 0.020521
v 0.139905 2.998407 0.051962
v 0.146558 3.038275 0.059088
v 0.152409 3.073334 0.038567
v 0.305218 3.049068 -0.000000
v 0.300660 3.035791 -0.038567
v 0.289118 3.002174 -0.059088
v 0.275994 2.963945 -0.051961
v 0.267428 2.938993 -0.020521
v 0.267428 2.938993 0.020521
v 0.275994 2.963945 0.051962
v 0.289118 3.002174 0.059088
v 0.300660 3.035791 0.038567
v 0.447390 2.986705 -0.000000
v 0.440709 2.974360 -0.038567
v 0.423792 2.943100 -0.059088
v 0.404555 2.907553 -0.051961
v 0.391999 2.884351 -0.020521
v 0.391999 2.884351 0.020521
v 0.404555 2.907553 0.051962
v 0.423792 2.943100 0.059088
v 0.440709 2.974360 0.038567
v 0.577360 2.901792 -0.000000
v 0.568738 2.890715 -0.038567
v 0.546907 2.862666 -0.059088
v 0.522081 2.830770 -0.051961
v 0.505877 2.809951 -0.020521
v 0.505877 2.809951 0.020521
v 0.522081 2.830770 0.051962
v 0.546907 2.862666 0.059088
v 0.568738 2.890715 0.038567
v 0.691581 2.796645 -0.000000
v 0.681253 2.787138 -0.038567
v 0.655104 2.763064 -0.059088
v 0.625365 2.735689 -0.051961
v 0.605956 2.717822 -0.020521
v 0.605956 2.717822 0.020521
v 0.625365 2.735689 0.051962
v 0.655104 2.763064 0.059088
v 0.681253 2.787138 0.038567
v 0.786937 2.674131 -0.000000
v 0.775185 2.666453 -0.038567
v 0.745429 2.647013 -0.059088
v 0.711592 2.624906 -0.051961
v 0.689506 2.610476 -0.020521
v 0.689506 2.610476 0.020521
v 0.711592 2.624906 0.051962
v 0.745429 2.647013 0.059088
v 0.775185 2.666453 0.038567
v 0.860827 2.537593 -0.000000
v 0.847972 2.531955 -0.038567
v 0.815422 2.517677 -0.059088
v 0.778408 2.501441 -0.051961
v 0.754248 2.490844 -0.020521
v 0.754248 2.490844 0.020521
v 0.778408 2.501441 0.051962
v 0.815422 2.517677 0.059088
v 0.847972 2.531955 0.038567
v 0.911236 2.390757 -0.000000
v 0.897628 2.387311 -0.038567
v 0.863172 2.378585 -0.059088
v 0.823990 2.368663 -0.051961
v 0.798416 2.362187 -0.020521
v 0.798416 2.362187 0.020521
v 0.823990 2.368663 0.051961
v 0.863172 2.378585 0.059088
v 0.897628 2.387311 0.038567
v 0.936790 2.237625 -0.000000
v 0.922800 2.236466 -0.038567
v 0.887378 2.233531 -0.059088
v 0.847097 2.230193 -0.051961
v 0.820806 2.228014 -0.020521
v 0.820806 2.228014 0.020521
v 0.847097 2.230193 0.051961
v 0.887378 2.233531 0.059088
v 0.922800 2.236466 0.038567
v 0.936790 2.082376 -0.000000
v 0.922800 2.083535 -0.038567
v 0.887378 2.086470 -0.059088
v 0.847097 2.089808 -0.051961
v 0.820806 2.091986 -0.020521
v 0.820806 2.091986 0.020521
v 0.847097 2.089808 0.051961
v 0.887378 2.086470 0.059088
v 0.922800 2.083535 0.038567
v 0.911236 1.929244 -0.000000
v 0.897629 1.932690 -0.038567
v 0.863173 1.941415 -0.059088
v 0.823990 1.951337 -0.051961
v 0.798416 1.957814 -0.020521
v 0.798416 1.957814 0.020521
v 0.823990 1.951337 0.051961
v 0.863173 1.941415 0.059088
v 0.897629 1.932690 0.038567
v 0.860827 1.782406 -0.000000
v 0.847972 1.788045 -0.038567
v 0.815422 1.802323 -0.059088
v 0.778408 1.818559 -0.051962
v 0.754248 1.829156 -0.020521
v 0.754248 1.829156 0.020521
v 0.778408 1.818559 0.051961
v 0.815422 1.802323 0.059088
v 0.847972 1.788045 0.038567
v 0.786937 1.645869 -0.000000
v 0.775185 1.653546 -0.038567
v 0.745429 1.672987 -0.059088
v 0.711592 1.695094 -0.051962
v 0.689506 1.709523 -0.020521
v 0.689506 1.709523 0.020521
v 0.711592 1.695094 0.051961
v 0.745429 1.672987 0.059088
v 0.775185 1.653546 0.038567
v 0.691581 1.523355 -0.000000
v 0.681253 1.532862 -0.038567
v 0.655103 1.556935 -0.059088
v 0.625365 1.584310 -0.051962
v 0.605956 1.602178 -0.020521
v 0.605956 1.602178 0.020521
v 0.625365 1.584310 0.051961
v 0.655103 1.556935 0.059088
v 0.681253 1.532862 0.038567
v 0.577360 1.418208 -0.000000
v 0.568738 1.429285 -0.038567
v 0.546907 1.457334 -0.059088
v 0.522081 1.489230 -0.051962
v 0.505877 1.510049 -0.020521
v 0.505877 1.510049 0.020521
v 0.522081 1.489230 0.051961
v 0.546907 1.457334 0.059088
v 0.568738 1.429285 0.038567
v 0.447391 1.333295 -0.000000
v 0.440710 1.345640 -0.038567
v 0.423793 1.376900 -0.059088
v 0.404556 1.412447 -0.051962
v 0.392000 1.435649 -0.020521
v 0.392000 1.435649 0.020521
v 0.404556 1.412447 0.051961
v 0.423793 1.376900 0.059088
v 0.440710 1.345640 0.038567
v 0.305218 1.270932 -0.000000
v 0.300660 1.284208 -0.038567
v 0.289119 1.317826 -0.059088
v 0.275995 1.356055 -0.051962
v 0.267429 1.381007 -0.020521
v 0.267429 1.381007 0.020521
v 0.275995 1.356055 0.051961
v 0.289119 1.317826 0.059088
v 0.300660 1.284208 0.038567
v 0.154719 1.232820 -0.000000
v 0.152409 1.246666 -0.038567
v 0.146558 1.281725 -0.059088
v 0.139906 1.321593 -0.051962
v 0.135563 1.347614 -0.020521
v 0.135563 1.347614 0.020521
v 0.139906 1.321593 0.051961
v 0.146558 1.281725 0.059088
v 0.152409 1.246666 0.038567
vt 0.500000 0.555556
vt 0.526316 0.555556
vt 0.526316 0.666667
vt 0.500000 0.666667
vt 0.526316 0.777778
vt 0.500000 0.777778
vt 0.526316 0.888889
vt 0.500000 0.888889
vt 0.526316 1.000000
vt 0.500000 1.000000
vt 0.500000 0.000000
vt 0.526316 0.000000
vt 0.526316 0.111111
vt 0.500000 0.111111
vt 0.526316 0.222222
vt 0.500000 0.222222
vt 0.526316 0.333333
vt 0.500000 0.333333
vt 0.526316 0.444444
vt 0.500000 0.444444
vt 0.552632 0.555556
vt 0.552632 0.666667
vt 0.552632 0.777778
vt 0.552632 0.888889
vt 0.552632 1.000000
vt 0.552632 0.000000
vt 0.552632 0.111111
vt 0.552632 0.222222
vt 0.552632 0.333333
vt 0.552632 0.444444
vt 0.578947 0.555556
vt 0.578947 0.666667
vt 0.578947 0.777778
vt 0.578947 0.888889
vt 0.578947 1.000000
vt 0.578947 0.000000
vt 0.578947 0.111111
vt 0.578947 0.222222
vt 0.578947 0.333333
vt 0.578947 0.444444
vt 0.605263 0.555556
vt 0.605263 0.666667
vt 0.605263 0.777778
vt 0.605263 0.888889
vt 0.605263 1.000000
vt 0.605263 0.000000
vt 0.605263 0.111111
vt 0.605263 0.222222
vt 0.605263 0.333333
vt 0.605263 0.444444
vt 0.631579 0.555556
vt 0.631579 0.666667
vt 0.631579 0.777778
vt 0.631579 0.888889
vt 0.631579 1.000000
vt 0.631579 0.000000
vt 0.631579 0.111111
vt 0.631579 0.222222
vt 0.631579 0.333333
vt 0.631579 0.444444
vt 0.657895 0.555556
vt 0.657895 0.666667
vt 0.657895 0.777778
vt 0.657895 0.888889
vt 0.657895 1.000000
vt 0.657895 0.000000
vt 0.657895 0.111111
vt 0.657895 0.222222
vt 0.657895 0.333333
vt 0.657895 0.444444
vt 0.684211 0.555556
vt 0.684211 0.666667
vt 0.684211 0.777778
vt 0.684211 0.888889
vt 0.684211 1.000000
vt 0.684211 0.000000
vt 0.684211 0.111111
vt 0.684211 0.222222
vt 0.684211 0.333333
vt 0.684211 0.444444
vt 0.710526 0.555556
vt 0.710526 0.666667
vt 0.710526 0.777778
vt 0.710526 0.888889
vt 0.710526 1.000000
vt 0.710526 0.000000
vt 0.710526 0.111111
vt 0.710526 0.222222
vt 0.710526 0.333333
vt 0.710526 0.444444
vt 0.736842 0.555556
vt 0.736842 0.666667
vt 0.736842 0.777778
vt 0.736842 0.888889
vt 0.736842 1.000000
vt 0.736842 0.000000
vt 0.736842 0.111111
vt 0.736842 0.222222
vt 0.736842 0.333333
vt 0.736842 0.444444
vt 0.763158 0.555556
vt 0.763158 0.666667
vt 0.763158 0.777778
vt 0.763158 0.888889
vt 0.763158 1.000000
vt 0.763158 0.000000
vt 0.763158 0.111111
vt 0.763158 0.222222
vt 0.763158 0.333333
vt 0.763158 0.444444
vt 0.789474 0.555556
vt 0.789474 0.666667
vt 0.789474 0.777778
vt 0.789474 0.888889
vt 0.789474 1.000000
vt 0.789474 0.000000
vt 0.789474 0.111111
vt 0.789474 0.222222
vt 0.789474 0.333333
vt 0.789474 0.444444
vt 0.815789 0.555556
vt 0.815789 0.666667
vt 0.815789 0.777778
vt 0.815789 0.888889
vt 0.815789 1.000000
vt 0.815789 0.000000
vt 0.815789 0.111111
vt 0.815789 0.222222
vt 0.815789 0.333333
vt 0.815789 0.444444
vt 0.842105 0.555556
vt 0.842105 0.666667
vt 0.842105 0.777778
vt 0.842105 0.888889
vt 0.842105 1.000000
vt 0.842105 0.000000
vt 0.842105 0.111111
vt 0.842105 0.222222
vt 0.842105 0.333333
vt 0.842105 0.444444
vt 0.868421 0.555556
vt 0.868421 0.666667
vt 0.868421 0.777778
vt 0.868421 0.888889
vt 0.868421 1.000000
vt 0.868421 0.000000
vt 0.868421 0.111111
vt 0.868421 0.222222
vt 0.868421 0.333333
vt 0.868421 0.444444
vt 0.894737 0.555556
vt 0.894737 0.666667
vt 0.894737 0.777778
vt 0.894737 0.888889
vt 0.894737 1.000000
vt 0.894737 0.000000
vt 0.894737 0.111111
vt 0.894737 0.222222
vt 0.894737 0.333333
vt 0.894737 0.444444
vt 0.921053 0.555556
vt 0.921053 0.666667
vt 0.921053 0.777778
vt 0.921053 0.888889
vt 0.921053 1.000000
vt 0.921053 0.000000
vt 0.921053 0.111111
vt 0.921053 0.222222
vt 0.921053 0.333333
vt 0.921053 0.444444
vt 0.947368 0.555556
vt 0.947368 0.666667
vt 0.947368 0.777778
vt 0.947368 0.888889
vt 0.947368 1.000000
vt 0.947368 0.000000
vt 0.947368 0.111111
vt 0.947368 0.222222
vt 0.947368 0.333333
vt 0.947368 0.444444
vt 0.973684 0.555556
vt 0.973684 0.666667
vt 0.973684 0.777778
vt 0.973684 0.888889
vt 0.973684 1.000000
vt 0.973684 0.000000
vt 0.973684 0.111111
vt 0.973684 0.222222
vt 0.973684 0.333333
vt 0.973684 0.444444
vt 1.000000 0.555556
vt 1.000000 0.666667
vt 1.000000 0.777778
vt 1.000000 0.888889
vt 1.000000 1.000000
vt 1.000000 0.000000
vt 1.000000 0.111111
vt 1.000000 0.222222
vt 1.000000 0.333333
vt 1.000000 0.444444
vt -0.000000 0.555556
vt 0.026316 0.555556
vt 0.026316 0.666667
vt -0.000000 0.666667
vt 0.026316 0.777778
vt -0.000000 0.777778
vt 0.026316 0.888889
vt -0.000000 0.888889
vt 0.026316 1.000000
vt -0.000000 1.000000
vt -0.000000 0.000000
vt 0.026316 0.000000
vt 0.026316 0.111111
vt -0.000000 0.111111
vt 0.026316 0.222222
vt -0.000000 0.222222
vt 0.026316 0.333333
vt -0.000000 0.333333
vt 0.026316 0.444444
vt -0.000000 0.444444
vt 0.052632 0.555556
vt 0.052632 0.666667
vt 0.052632 0.777778
vt 0.052632 0.888889
vt 0.052632 1.000000
vt 0.052632 0.000000
vt 0.052632 0.111111
vt 0.052632 0.222222
vt 0.052632 0.333333
vt 0.052632 0.444444
vt 0.078947 0.555556
vt 0.078947 0.666667
vt 0.078947 0.777778
vt 0.078947 0.888889
vt 0.078947 1.000000
vt 0.078947 0.000000
vt 0.078947 0.111111
vt 0.078947 0.222222
vt 0.078947 0.333333
vt 0.078947 0.444444
vt 0.105263 0.555556
vt 0.105263 0.666667
vt 0.105263 0.777778
vt 0.105263 0.888889
vt 0.105263 1.000000
vt 0.105263 0.000000
vt 0.105263 0.111111
vt 0.105263 0.222222
vt 0.105263 0.333333
vt 0.105263 0.444444
vt 0.131579 0.555556
vt 0.131579 0.666667
vt 0.131579 0.777778
vt 0.131579 0.888889
vt 0.131579 1.000000
vt 0.131579 0.000000
vt 0.131579 0.111111
vt 0.131579 0.222222
vt 0.131579 0.333333
vt 0.131579 0.444444
vt 0.157895 0.555556
vt 0.157895 0.666667
vt 0.157895 0.777778
vt 0.157895 0.888889
vt 0.157895 1.000000
vt 0.157895 0.000000
vt 0.157895 0.111111
vt 0.157895 0.222222
vt 0.157895 0.333333
vt 0.157895 0.444444
vt 0.184211 0.555556
vt 0.184211 0.666667
vt 0.184211 0.777778
vt 0.184211 0.888889
vt 0.184211 1.000000
vt 0.184211 0.000000
vt 0.184211 0.111111
vt 0.184211 0.222222
vt 0.184211 0.333333
vt 0.184211 0.444444
vt 0.210526 0.555556
vt 0.210526 0.666667
vt 0.210526 0.777778
vt 0.210526 0.888889
vt 0.210526 1.000000
vt 0.210526 0.000000
vt 0.210526 0.111111
vt 0.210526 0.222222
vt 0.210526 0.333333
vt 0.210526 0.444444
vt 0.236842 0.555556
vt 0.236842 0.666667
vt 0.236842 0.777778
vt 0.236842 0.888889
vt 0.236842 1.000000
vt 0.236842 0.000000
vt 0.236842 0.111111
vt 0.236842 0.222222
vt 0.236842 0.333333
vt 0.236842 0.444444
vt 0.263158 0.555556
vt 0.263158 0.666667
vt 0.263158 0.777778
vt 0.263158 0.888889
vt 0.263158 1.000000
vt 0.263158 0.000000
vt 0.263158 0.111111
vt 0.263158 0.222222
vt 0.263158 0.333333
vt 0.263158 0.444444
vt 0.289474 0.555556
vt 0.289474 0.666667
vt 0.289474 0.777778
vt 0.289474 0.888889
vt 0.289474 1.000000
vt 0.289474 0.000000
vt 0.289474 0.111111
vt 0.289474 0.222222
vt 0.289474 0.333333
vt 0.289474 0.444444
vt 0.315789 0.555556
vt 0.315789 0.666667
vt 0.315789 0.777778
vt 0.315789 0.888889
vt 0.315789 1.000000
vt 0.315789 0.000000
vt 0.315789 0.111111
vt 0.315789 0.222222
vt 0.315789 0.333333
vt 0.315789 0.444444
vt 0.342105 0.555556
vt 0.342105 0.666667
vt 0.342105 0.777778
vt 0.342105 0.888889
vt 0.342105 1.000000
vt 0.342105 0.000000
vt 0.342105 0.111111
vt 0.342105 0.222222
vt 0.342105 0.333333
vt 0.342105 0.444444
vt 0.368421 0.555556
vt 0.368421 0.666667
vt 0.368421 0.777778
vt 0.368421 0.888889
vt 0.368421 1.000000
vt 0.368421 0.000000
vt 0.368421 0.111111
vt 0.368421 0.222222
vt 0.368421 0.333333
vt 0.368421 0.444444
vt 0.394737 0.555556
vt 0.394737 0.666667
vt 0.394737 0.777778
vt 0.394737 0.888889
vt 0.394737 1.000000
vt 0.394737 0.000000
vt 0.394737 0.111111
vt 0.394737 0.222222
vt 0.394737 0.333333
vt 0.394737 0.444444
vt 0.421053 0.555556
vt 0.421053 0.666667
vt 0.421053 0.777778
vt 0.421053 0.888889
vt 0.421053 1.000000
vt 0.421053 0.000000
vt 0.421053 0.111111
vt 0.421053 0.222222
vt 0.421053 0.333333
vt 0.421053 0.444444
vt 0.447368 0.555556
vt 0.447368 0.666667
vt 0.447368 0.777778
vt 0.447368 0.888889
vt 0.447368 1.000000
vt 0.447368 0.000000
vt 0.447368 0.111111
vt 0.447368 0.222222
vt 0.447368 0.333333
vt 0.447368 0.444444
vt 0.473684 0.555556
vt 0.473684 0.666667
vt 0.473684 0.777778
vt 0.473684 0.888889
vt 0.473684 1.000000
vt 0.473684 0.000000
vt 0.473684 0.111111
vt 0.473684 0.222222
vt 0.473684 0.333333
vt 0.473684 0.444444
vn -0.0000 -1.0000 -0.0000
vn -0.1646 -0.9864 0.0000
vn -0.1273 -0.7627 -0.6341
vn -0.0000 -0.7733 -0.6341
vn -0.0314 -0.1884 -0.9816
vn 0.0000 -0.1910 -0.9816
vn 0.0800 0.4796 -0.8738
vn 0.0000 0.4863 -0.8738
vn 0.1543 0.9247 -0.3479
vn 0.0000 0.9375 -0.3479
vn 0.1543 0.9247 0.3479
vn 0.0000 0.9375 0.3479
vn 0.0800 0.4796 0.8738
vn 0.0000 0.4863 0.8738
vn -0.0314 -0.1884 0.9816
vn -0.0000 -0.1910 0.9816
vn -0.1273 -0.7627 0.6341
vn -0.0000 -0.7733 0.6341
vn -0.3247 -0.9458 -0.0000
vn -0.2511 -0.7314 -0.6341
vn -0.0620 -0.1807 -0.9816
vn 0.1579 0.4599 -0.8738
vn 0.3044 0.8867 -0.3479
vn 0.3044 0.8867 0.3479
vn 0.1579 0.4599 0.8738
vn -0.0620 -0.1806 0.9816
vn -0.2511 -0.7314 0.6341
vn -0.4759 -0.8795 -0.0000
vn -0.3680 -0.6801 -0.6341
vn -0.0909 -0.1680 -0.9816
vn 0.2314 0.4277 -0.8738
vn 0.4462 0.8245 -0.3479
vn 0.4462 0.8245 0.3479
vn 0.2314 0.4277 0.8738
vn -0.0909 -0.1680 0.9816
vn -0.3680 -0.6801 0.6341
vn -0.6142 -0.7891 -0.0000
vn -0.4750 -0.6102 -0.6341
vn -0.1173 -0.1507 -0.9816
vn 0.2987 0.3837 -0.8738
vn 0.5758 0.7398 -0.3479
vn 0.5758 0.7398 0.3479
vn 0.2987 0.3837 0.8738
vn -0.1173 -0.1507 0.9816
vn -0.4750 -0.6102 0.6341
vn -0.7357 -0.6773 -0.0000
vn -0.5689 -0.5237 -0.6341
vn -0.1405 -0.1294 -0.9816
vn 0.3578 0.3293 -0.8738
vn 0.6898 0.6350 -0.3479
vn 0.6898 0.6350 0.3479
vn 0.3578 0.3293 0.8738
vn -0.1405 -0.1294 0.9816
vn -0.5689 -0.5237 0.6341
vn -0.8372 -0.5469 0.0000
vn -0.6474 -0.4229 -0.6341
vn -0.1599 -0.1045 -0.9816
vn 0.4071 0.2660 -0.8738
vn 0.7849 0.5128 -0.3479
vn 0.7849 0.5128 0.3479
vn 0.4071 0.2660 0.8738
vn -0.1599 -0.1045 0.9816
vn -0.6474 -0.4229 0.6341
vn -0.9158 -0.4017 0.0000
vn -0.7081 -0.3106 -0.6341
vn -0.1749 -0.0767 -0.9816
vn 0.4453 0.1953 -0.8738
vn 0.8586 0.3766 -0.3479
vn 0.8586 0.3766 0.3479
vn 0.4453 0.1953 0.8738
vn -0.1749 -0.0767 0.9816
vn -0.7081 -0.3106 0.6341
vn -0.9694 -0.2455 0.0000
vn -0.7496 -0.1898 -0.6341
vn -0.1852 -0.0469 -0.9816
vn 0.4714 0.1194 -0.8738
vn 0.9088 0.2301 -0.3479
vn 0.9088 0.2301 0.3479
vn 0.4714 0.1194 0.8738
vn -0.1851 -0.0469 0.9816
vn -0.7496 -0.1898 0.6341
vn -0.9966 -0.0826 -0.0000
vn -0.7706 -0.0639 -0.6341
vn -0.1903 -0.0158 -0.9816
vn 0.4846 0.0402 -0.8738
vn 0.9343 0.0774 -0.3479
vn 0.9343 0.0774 0.3479
vn 0.4846 0.0402 0.8738
vn -0.1903 -0.0158 0.9816
vn -0.7706 -0.0639 0.6341
vn -0.9966 0.0826 0.0000
vn -0.7706 0.0639 -0.6341
vn -0.1903 0.0158 -0.9816
vn 0.4846 -0.0402 -0.8738
vn 0.9343 -0.0774 -0.3479
vn 0.9343 -0.0774 0.3479
vn 0.4846 -0.0402 0.8738
vn -0.1903 0.0158 0.9816
vn -0.7706 0.0639 0.6341
vn -0.9694 0.2455 0.0000
vn -0.7496 0.1898 -0.6341
vn -0.1851 0.0469 -0.9816
vn 0.4714 -0.1194 -0.8738
vn 0.9088 -0.2301 -0.3479
vn 0.9088 -0.2301 0.3479
vn 0.4714 -0.1194 0.8738
vn -0.1851 0.0469 0.9816
vn -0.7496 0.1898 0.6341
vn -0.9158 0.4017 0.0000
vn -0.7081 0.3106 -0.6341
vn -0.1749 0.0767 -0.9816
vn 0.4453 -0.1953 -0.8738
vn 0.8586 -0.3766 -0.3479
vn 0.8586 -0.3766 0.3479
vn 0.4453 -0.1953 0.8738
vn -0.1749 0.0767 0.9816
vn -0.7081 0.3106 0.6341
vn -0.8372 0.5469 -0.0000
vn -0.6474 0.4229 -0.6341
vn -0.1599 0.1045 -0.9816
vn 0.4071 -0.2660 -0.8738
vn 0.7849 -0.5128 -0.3479
vn 0.7849 -0.5128 0.3479
vn 0.4071 -0.2660 0.8738
vn -0.1599 0.1045 0.9816
vn -0.6474 0.4229 0.6341
vn -0.7357 0.6773 -0.0000
vn -0.5689 0.5237 -0.6341
vn -0.1405 0.1294 -0.9816
vn 0.3578 -0.3293 -0.8738
vn 0.6898 -0.6350 -0.3479
vn 0.6898 -0.6350 0.3479
vn 0.3578 -0.3293 0.8738
vn -0.1405 0.1294 0.9816
vn -0.5689 0.5237 0.6341
vn -0.6142 0.7891 -0.0000
vn -0.4750 0.6102 -0.6341
vn -0.1173 0.1507 -0.9816
vn 0.2987 -0.3837 -0.8738
vn 0.5758 -0.7398 -0.3479
vn 0.5758 -0.7398 0.3479
vn 0.2987 -0.3837 0.8738
vn -0.1173 0.1507 0.9816
vn -0.4750 0.6102 0.6341
vn -0.4759 0.8795 0.0000
vn -0.3680 0.6801 -0.6341
vn -0.0909 0.1680 -0.9816
vn 0.2314 -0.4277 -0.8738
vn 0.4462 -0.8245 -0.3479
vn 0.4462 -0.8245 0.3479
vn 0.2314 -0.4277 0.8738
vn -0.0909 0.1680 0.9816
vn -0.3680 0.6801 0.6341
vn -0.3247 0.9458 0.0000
vn -0.2511 0.7314 -0.6341
vn -0.0620 0.1806 -0.9816
vn 0.1579 -0.4599 -0.8738
vn 0.3044 -0.8867 -0.3479
vn 0.3044 -0.8867 0.3479
vn 0.1579 -0.4599 0.8738
vn -0.0620 0.1807 0.9816
vn -0.2511 0.7314 0.6341
vn -0.1646 0.9864 0.0000
vn -0.1273 0.7627 -0.6341
vn -0.0314 0.1884 -0.9816
vn 0.0800 -0.4796 -0.8738
vn 0.1543 -0.9247 -0.3479
vn 0.1543 -0.9247 0.3479
vn 0.0800 -0.4796 0.8738
vn -0.0314 0.1884 0.9816
vn -0.1273 0.7627 0.6341
vn 0.0000 1.0000 0.0000
vn 0.0000 0.7733 -0.6341
vn 0.0000 0.1910 -0.9816
vn 0.0000 -0.4863 -0.8738
vn -0.0000 -0.9375 -0.3479
vn 0.0000 -0.9375 0.3479
vn 0.0000 -0.4863 0.8738
vn -0.0000 0.1910 0.9816
vn -0.0000 0.7733 0.6341
vn 0.1646 0.9864 0.0000
vn 0.1273 0.7627 -0.6341
vn 0.0314 0.1884 -0.9816
vn -0.0800 -0.4796 -0.8738
vn -0.1543 -0.9247 -0.3479
vn -0.1543 -0.9247 0.3479
vn -0.0800 -0.4796 0.8738
vn 0.0314 0.1884 0.9816
vn 0.1273 0.7627 0.6341
vn 0.3247 0.9458 0.0000
vn 0.2511 0.7314 -0.6341
vn 0.0620 0.1806 -0.9816
vn -0.1579 -0.4599 -0.8738
vn -0.3044 -0.8867 -0.3479
vn -0.3044 -0.8867 0.3479
vn -0.1579 -0.4599 0.8738
vn 0.0620 0.1807 0.9816
vn 0.2511 0.7314 0.6341
vn 0.4759 0.8795 0.0000
vn 0.3680 0.6801 -0.6341
vn 0.0909 0.1680 -0.9816
vn -0.2314 -0.4277 -0.8738
vn -0.4462 -0.8245 -0.3479
vn -0.4462 -0.8245 0.3479
vn -0.2314 -0.4277 0.8738
vn 0.0909 0.1680 0.9816
vn 0.3680 0.6801 0.6341
vn 0.6142 0.7891 0.0000
vn 0.4750 0.6102 -0.6341
vn 0.1173 0.1507 -0.9816
vn -0.2987 -0.3837 -0.8738
vn -0.5758 -0.7398 -0.3479
vn -0.5758 -0.7398 0.3479
vn -0.2987 -0.3837 0.8738
vn 0.1173 0.1507 0.9816
vn 0.4750 0.6102 0.6341
vn 0.7357 0.6773 -0.0000
vn 0.5689 0.5237 -0.6341
vn 0.1405 0.1294 -0.9816
vn -0.3578 -0.3293 -0.8738
vn -0.6898 -0.6350 -0.3479
vn -0.6898 -0.6350 0.3479
vn -0.3578 -0.3293 0.8738
vn 0.1405 0.1294 0.9816
vn 0.5689 0.5237 0.6341
vn 0.8372 0.5469 -0.0000
vn 0.6474 0.4229 -0.6341
vn 0.1599 0.1045 -0.9816
vn -0.4071 -0.2660 -0.8738
vn -0.7849 -0.5128 -0.3479
vn -0.7849 -0.5128 0.3479
vn -0.4071 -0.2660 0.8738
vn 0.1599 0.1045 0.9816
vn 0.6474 0.4229 0.6341
vn 0.9158 0.4017 -0.0000
vn 0.7081 0.3106 -0.6341
vn 0.1749 0.0767 -0.9816
vn -0.4453 -0.1953 -0.8738
vn -0.8586 -0.3766 -0.3479
vn -0.8586 -0.3766 0.3479
vn -0.4453 -0.1953 0.8738
vn 0.1749 0.0767 0.9816
vn 0.7081 0.3106 0.6341
vn 0.9694 0.2455 -0.0000
vn 0.7496 0.1898 -0.6341
vn 0.1851 0.0469 -0.9816
vn -0.4714 -0.1194 -0.8738
vn -0.9088 -0.2301 -0.3479
vn -0.9088 -0.2301 0.3479
vn -0.4714 -0.1194 0.8738
vn 0.1851 0.0469 0.9816
vn 0.7496 0.1898 0.6341
vn 0.9966 0.0826 0.0000
vn 0.7706 0.0639 -0.6341
vn 0.1903 0.0158 -0.9816
vn -0.4846 -0.0402 -0.8738
vn -0.9343 -0.0774 -0.3479
vn -0.9343 -0.0774 0.3479
vn -0.4846 -0.0402 0.8738
vn 0.1903 0.0158 0.9816
vn 0.7706 0.0639 0.6341
vn 0.9966 -0.0826 -0.0000
vn 0.7706 -0.0639 -0.6341
vn 0.1903 -0.0158 -0.9816
vn -0.4846 0.0402 -0.8738
vn -0.9343 0.0774 -0.3479
vn -0.9343 0.0774 0.3479
vn -0.4846 0.0402 0.8738
vn 0.1903 -0.0158 0.9816
vn 0.7706 -0.0639 0.6341
vn 0.9694 -0.2455 -0.0000
vn 0.7496 -0.1898 -0.6341
vn 0.1852 -0.0469 -0.9816
vn -0.4714 0.1194 -0.8738
vn -0.9088 0.2301 -0.3479
vn -0.9088 0.2301 0.3479
vn -0.4714 0.1194 0.8738
vn 0.1851 -0.0469 0.9816
vn 0.7496 -0.1898 0.6341
vn 0.9158 -0.4017 0.0000
vn 0.7081 -0.3106 -0.6341
vn 0.1749 -0.0767 -0.9816
vn -0.4453 0.1953 -0.8738
vn -0.8586 0.3766 -0.3479
vn -0.8586 0.3766 0.3479
vn -0.4453 0.1953 0.8738
vn 0.1749 -0.0767 0.9816
vn 0.7081 -0.3106 0.6341
vn 0.8372 -0.5469 -0.0000
vn 0.6474 -0.4229 -0.6341
vn 0.1599 -0.1045 -0.9816
vn -0.4071 0.2660 -0.8738
vn -0.7849 0.5128 -0.3479
vn -0.7849 0.5128 0.3479
vn -0.4071 0.2660 0.8738
vn 0.1599 -0.1045 0.9816
vn 0.6474 -0.4229 0.6341
vn 0.7357 -0.6773 -0.0000
vn 0.5689 -0.5237 -0.6341
vn 0.1405 -0.1294 -0.9816
vn -0.3578 0.3293 -0.8738
vn -0.6898 0.6350 -0.3479
vn -0.6898 0.6350 0.3479
vn -0.3578 0.3293 0.8738
vn 0.1405 -0.1294 0.9816
vn 0.5689 -0.5237 0.6341
vn 0.6142 -0.7891 0.0000
vn 0.4750 -0.6102 -0.6341
vn 0.1173 -0.1507 -0.9816
vn -0.2987 0.3837 -0.8738
vn -0.5758 0.7398 -0.3479
vn -0.5758 0.7398 0.3479
vn -0.2987 0.3837 0.8738
vn 0.1173 -0.1507 0.9816
vn 0.4750 -0.6102 0.6341
vn 0.4759 -0.8795 -0.0000
vn 0.3680 -0.6801 -0.6341
vn 0.0909 -0.1680 -0.9816
vn -0.2314 0.4277 -0.8738
vn -0.4462 0.8245 -0.3479
vn -0.4462 0.8245 0.3479
vn -0.2314 0.4277 0.8738
vn 0.0909 -0.1680 0.9816
vn 0.3680 -0.6801 0.6341
vn 0.3247 -0.9458 0.0000
vn 0.2511 -0.7314 -0.6341
vn 0.0620 -0.1807 -0.9816
vn -0.1579 0.4599 -0.8738
vn -0.3044 0.8867 -0.3479
vn -0.3044 0.8867 0.3479
vn -0.1579 0.4599 0.8738
vn 0.0620 -0.1806 0.9816
vn 0.2511 -0.7314 0.6341
vn 0.1646 -0.9864 -0.0000
vn 0.1273 -0.7627 -0.6341
vn 0.0314 -0.1884 -0.9816
vn -0.0800 0.4796 -0.8738
vn -0.1543 0.9247 -0.3479
vn -0.1543 0.9247 0.3479
vn -0.0800 0.4796 0.8738
vn 0.0314 -0.1884 0.9816
vn 0.1273 -0.7627 0.6341
usemtl Material.001
s 1
f 570/861/819 571/862/820 572/863/821 573/864/822
f 573/864/822 572/863/821 574/865/823 575/866/824
f 575/866/824 574/865/823 576/867/825 577/868/826
f 577/868/826 576/867/825 578/869/827 579/870/828
f 579/871/828 578/872/827 580/873/829 581/874/830
f 581/874/830 580/873/829 582/875/831 583/876/832
f 583/876/832 582/875/831 584/877/833 585/878/834
f 585/878/834 584/877/833 586/879/835 587/880/836
f 587/880/836 586/879/835 571/862/820 570/861/819
f 571/862/820 588/881/837 589/882/838 572/863/821
f 572/863/821 589/882/838 590/883/839 574/865/823
f 574/865/823 590/883/839 591/884/840 576/867/825
f 576/867/825 591/884/840 592/885/841 578/869/827
f 578/872/827 592/886/841 593/887/842 580/873/829
f 580/873/829 593/887/842 594/888/843 582/875/831
f 582/875/831 594/888/843 595/889/844 584/877/833
f 584/877/833 595/889/844 596/890/845 586/879/835
f 586/879/835 596/890/845 588/881/837 571/862/820
f 588/881/837 597/891/846 598/892/847 589/882/838
f 589/882/838 598/892/847 599/893/848 590/883/839
f 590/883/839 599/893/848 600/894/849 591/884/840
f 591/884/840 600/894/849 601/895/850 592/885/841
f 592/886/841 601/896/850 602/897/851 593/887/842
f 593/887/842 602/897/851 603/898/852 594/888/843
f 594/888/843 603/898/852 604/899/853 595/889/844
f 595/889/844 604/899/853 605/900/854 596/890/845
f 596/890/845 605/900/854 597/891/846 588/881/837
f 597/891/846 606/901/855 607/902/856 598/892/847
f 598/892/847 607/902/856 608/903/857 599/893/848
f 599/893/848 608/903/857 609/904/858 600/894/849
f 600/894/849 609/904/858 610/905/859 601/895/850
f 601/896/850 610/906/859 611/907/860 602/897/851
f 602/897/851 611/907/860 612/908/861 603/898/852
f 603/898/852 612/908/861 613/909/862 604/899/853
f 604/899/853 613/909/862 614/910/863 605/900/854
f 605/900/854 614/910/863 606/901/855 597/891/846
f 606/901/855 615/911/864 616/912/865 607/902/856
f 607/902/856 616/912/865 617/913/866 608/903/857
f 608/903/857 617/913/866 618/914/867 609/904/858
f 609/904/858 618/914/867 619/915/868 610/905/859
f 610/906/859 619/916/868 620/917/869 611/907/860
f 611/907/860 620/917/869 621/918/870 612/908/861
f 612/908/861 621/918/870 622/919/871 613/909/862
f 613/909/862 622/919/871 623/920/872 614/910/863
f 614/910/863 623/920/872 615/911/864 606/901/855
f 615/911/864 624/921/873 625/922/874 616/912/865
f 616/912/865 625/922/874 626/923/875 617/913/866
f 617/913/866 626/923/875 627/924/876 618/914/867
f 618/914/867 627/924/876 628/925/877 619/915/868
f 619/916/868 628/926/877 629/927/878 620/917/869
f 620/917/869 629/927/878 630/928/879 621/918/870
f 621/918/870 630/928/879 631/929/880 622/919/871
f 622/919/871 631/929/880 632/930/881 623/920/872
f 623/920/872 632/930/881 624/921/873 615/911/864
f 624/921/873 633/931/882 634/932/883 625/922/874
f 625/922/874 634/932/883 635/933/884 626/923/875
f 626/923/875 635/933/884 636/934/885 627/924/876
f 627/924/876 636/934/885 637/935/886 628/925/877
f 628/926/877 637/936/886 638/937/887 629/927/878
f 629/927/878 638/937/887 639/938/888 630/928/879
f 630/928/879 639/938/888 640/939/889 631/929/880
f 631/929/880 640/939/889 641/940/890 632/930/881
f 632/930/881 641/940/890 633/931/882 624/921/873
f 633/931/882 642/941/891 643/942/892 634/932/883
f 634/932/883 643/942/892 644/943/893 635/933/884
f 635/933/884 644/943/893 645/944/894 636/934/885
f 636/934/885 645/944/894 646/945/895 637/935/886
f 637/936/886 646/946/895 647/947/896 638/937/887
f 638/937/887 647/947/896 648/948/897 639/938/888
f 639/938/888 648/948/897 649/949/898 640/939/889
f 640/939/889 649/949/898 650/950/899 641/940/890
f 641/940/890 650/950/899 642/941/891 633/931/882
f 642/941/891 651/951/900 652/952/901 643/942/892
f 643/942/892 652/952/901 653/953/902 644/943/893
f 644/943/893 653/953/902 654/954/903 645/944/894
f 645/944/894 654/954/903 655/955/904 646/945/895
f 646/946/895 655/956/904 656/957/905 647/947/896
f 647/947/896 656/957/905 657/958/906 648/948/897
f 648/948/897 657/958/906 658/959/907 649/949/898
f 649/949/898 658/959/907 659/960/908 650/950/899
f 650/950/899 659/960/908 651/951/900 642/941/891
f 651/951/900 660/961/909 661/962/910 652/952/901
f 652/952/901 661/962/910 662/963/911 653/953/902
f 653/953/902 662/963/911 663/964/912 654/954/903
f 654/954/903 663/964/912 664/965/913 655/955/904
f 655/956/904 664/966/913 665/967/914 656/957/905
f 656/957/905 665/967/914 666/968/915 657/958/906
f 657/958/906 666/968/915 667/969/916 658/959/907
f 658/959/907 667/969/916 668/970/917 659/960/908
f 659/960/908 668/970/917 660/961/909 651/951/900
f 660/961/909 669/971/918 670/972/919 661/962/910
f 661/962/910 670/972/919 671/973/920 662/963/911
f 662/963/911 671/973/920 672/974/921 663/964/912
f 663/964/912 672/974/921 673/975/922 664/965/913
f 664/966/913 673/976/922 674/977/923 665/967/914
f 665/967/914 674/977/923 675/978/924 666/968/915
f 666/968/915 675/978/924 676/979/925 667/969/916
f 667/969/916 676/979/925 677/980/926 668/970/917
f 668/970/917 677/980/926 669/971/918 660/961/909
f 669/971/918 678/981/927 679/982/928 670/972/919
f 670/972/919 679/982/928 680/983/929 671/973/920
f 671/973/920 680/983/929 681/984/930 672/974/921
f 672/974/921 681/984/930 682/985/931 673/975/922
f 673/976/922 682/986/931 683/987/932 674/977/923
f 674/977/923 683/987/932 684/988/933 675/978/924
f 675/978/924 684/988/933 685/989/934 676/979/925
f 676/979/925 685/989/934 686/990/935 677/980/926
f 677/980/926 686/990/935 678/981/927 669/971/918
f 678/981/927 687/991/936 688/992/937 679/982/928
f 679/982/928 688/992/937 689/993/938 680/983/929
f 680/983/929 689/993/938 690/994/939 681/984/930
f 681/984/930 690/994/939 691/995/940 682/985/931
f 682/986/931 691/996/940 692/997/941 683/987/932
f 683/987/932 692/997/941 693/998/942 684/988/933
f 684/988/933 693/998/942 694/999/943 685/989/934
f 685/989/934 694/999/943 695/1000/944 686/990/935
f 686/990/935 695/1000/944 687/991/936 678/981/927
f 687/991/936 696/1001/945 697/1002/946 688/992/937
f 688/992/937 697/1002/946 698/1003/947 689/993/938
f 689/993/938 698/1003/947 699/1004/948 690/994/939
f 690/994/939 699/1004/948 700/1005/949 691/995/940
f 691/996/940 700/1006/949 701/1007/950 692/997/941
f 692/997/941 701/1007/950 702/1008/951 693/998/942
f 693/998/942 702/1008/951 703/1009/952 694/999/943
f 694/999/943 703/1009/952 704/1010/953 695/1000/944
f 695/1000/944 704/1010/953 696/1001/945 687/991/936
f 696/1001/945 705/1011/954 706/1012/955 697/1002/946
f 697/1002/946 706/1012/955 707/1013/956 698/1003/947
f 698/1003/947 707/1013/956 708/1014/957 699/1004/948
f 699/1004/948 708/1014/957 709/1015/958 700/1005/949
f 700/1006/949 709/1016/958 710/1017/959 701/1007/950
f 701/1007/950 710/1017/959 711/1018/960 702/1008/951
f 702/1008/951 711/1018/960 712/1019/961 703/1009/952
f 703/1009/952 712/1019/961 713/1020/962 704/1010/953
f 704/1010/953 713/1020/962 705/1011/954 696/1001/945
f 705/1011/954 714/1021/963 715/1022/964 706/1012/955
f 706/1012/955 715/1022/964 716/1023/965 707/1013/956
f 707/1013/956 716/1023/965 717/1024/966 708/1014/957
f 708/1014/957 717/1024/966 718/1025/967 709/1015/958
f 709/1016/958 718/1026/967 719/1027/968 710/1017/959
f 710/1017/959 719/1027/968 720/1028/969 711/1018/960
f 711/1018/960 720/1028/969 721/1029/970 712/1019/961
f 712/1019/961 721/1029/970 722/1030/971 713/1020/962
f 713/1020/962 722/1030/971 714/1021/963 705/1011/954
f 714/1021/963 723/1031/972 724/1032/973 715/1022/964
f 715/1022/964 724/1032/973 725/1033/974 716/1023/965
f 716/1023/965 725/1033/974 726/1034/975 717/1024/966
f 717/1024/966 726/1034/975 727/1035/976 718/1025/967
f 718/1026/967 727/1036/976 728/1037/977 719/1027/968
f 719/1027/968 728/1037/977 729/1038/978 720/1028/969
f 720/1028/969 729/1038/978 730/1039/979 721/1029/970
f 721/1029/970 730/1039/979 731/1040/980 722/1030/971
f 722/1030/971 731/1040/980 723/1031/972 714/1021/963
f 723/1031/972 732/1041/981 733/1042/982 724/1032/973
f 724/1032/973 733/1042/982 734/1043/983 725/1033/974
f 725/1033/974 734/1043/983 735/1044/984 726/1034/975
f 726/1034/975 735/1044/984 736/1045/985 727/1035/976
f 727/1036/976 736/1046/985 737/1047/986 728/1037/977
f 728/1037/977 737/1047/986 738/1048/987 729/1038/978
f 729/1038/978 738/1048/987 739/1049/988 730/1039/979
f 730/1039/979 739/1049/988 740/1050/989 731/1040/980
f 731/1040/980 740/1050/989 732/1041/981 723/1031/972
f 732/1041/981 741/1051/990 742/1052/991 733/1042/982
f 733/1042/982 742/1052/991 743/1053/992 734/1043/983
f 734/1043/983 743/1053/992 744/1054/993 735/1044/984
f 735/1044/984 744/1054/993 745/1055/994 736/1045/985
f 736/1046/985 745/1056/994 746/1057/995 737/1047/986
f 737/1047/986 746/1057/995 747/1058/996 738/1048/987
f 738/1048/987 747/1058/996 748/1059/997 739/1049/988
f 739/1049/988 748/1059/997 749/1060/998 740/1050/989
f 740/1050/989 749/1060/998 741/1051/990 732/1041/981
f 741/1061/990 750/1062/999 751/1063/1000 742/1064/991
f 742/1064/991 751/1063/1000 752/1065/1001 743/1066/992
f 743/1066/992 752/1065/1001 753/1067/1002 744/1068/993
f 744/1068/993 753/1067/1002 754/1069/1003 745/1070/994
f 745/1071/994 754/1072/1003 755/1073/1004 746/1074/995
f 746/1074/995 755/1073/1004 756/1075/1005 747/1076/996
f 747/1076/996 756/1075/1005 757/1077/1006 748/1078/997
f 748/1078/997 757/1077/1006 758/1079/1007 749/1080/998
f 749/1080/998 758/1079/1007 750/1062/999 741/1061/990
f 750/1062/999 759/1081/1008 760/1082/1009 751/1063/1000
f 751/1063/1000 760/1082/1009 761/1083/1010 752/1065/1001
f 752/1065/1001 761/1083/1010 762/1084/1011 753/1067/1002
f 753/1067/1002 762/1084/1011 763/1085/1012 754/1069/1003
f 754/1072/1003 763/1086/1012 764/1087/1013 755/1073/1004
f 755/1073/1004 764/1087/1013 765/1088/1014 756/1075/1005
f 756/1075/1005 765/1088/1014 766/1089/1015 757/1077/1006
f 757/1077/1006 766/1089/1015 767/1090/1016 758/1079/1007
f 758/1079/1007 767/1090/1016 759/1081/1008 750/1062/999
f 759/1081/1008 768/1091/1017 769/1092/1018 760/1082/1009
f 760/1082/1009 769/1092/1018 770/1093/1019 761/1083/1010
f 761/1083/1010 770/1093/1019 771/1094/1020 762/1084/1011
f 762/1084/1011 771/1094/1020 772/1095/1021 763/1085/1012
f 763/1086/1012 772/1096/1021 773/1097/1022 764/1087/1013
f 764/1087/1013 773/1097/1022 774/1098/1023 765/1088/1014
f 765/1088/1014 774/1098/1023 775/1099/1024 766/1089/1015
f 766/1089/1015 775/1099/1024 776/1100/1025 767/1090/1016
f 767/1090/1016 776/1100/1025 768/1091/1017 759/1081/1008
f 768/1091/1017 777/1101/1026 778/1102/1027 769/1092/1018
f 769/1092/1018 778/1102/1027 779/1103/1028 770/1093/1019
f 770/1093/1019 779/1103/1028 780/1104/1029 771/1094/1020
f 771/1094/1020 780/1104/1029 781/1105/1030 772/1095/1021
f 772/1096/1021 781/1106/1030 782/1107/1031 773/1097/1022
f 773/1097/1022 782/1107/1031 783/1108/1032 774/1098/1023
f 774/1098/1023 783/1108/1032 784/1109/1033 775/1099/1024
f 775/1099/1024 784/1109/1033 785/1110/1034 776/1100/1025
f 776/1100/1025 785/1110/1034 777/1101/1026 768/1091/1017
f 777/1101/1026 786/1111/1035 787/1112/1036 778/1102/1027
f 778/1102/1027 787/1112/1036 788/1113/1037 779/1103/1028
f 779/1103/1028 788/1113/1037 789/1114/1038 780/1104/1029
f 780/1104/1029 789/1114/1038 790/1115/1039 781/1105/1030
f 781/1106/1030 790/1116/1039 791/1117/1040 782/1107/1031
f 782/1107/1031 791/1117/1040 792/1118/1041 783/1108/1032
f 783/1108/1032 792/1118/1041 793/1119/1042 784/1109/1033
f 784/1109/1033 793/1119/1042 794/1120/1043 785/1110/1034
f 785/1110/1034 794/1120/1043 786/1111/1035 777/1101/1026
f 786/1111/1035 795/1121/1044 796/1122/1045 787/1112/1036
f 787/1112/1036 796/1122/1045 797/1123/1046 788/1113/1037
f 788/1113/1037 797/1123/1046 798/1124/1047 789/1114/1038
f 789/1114/1038 798/1124/1047 799/1125/1048 790/1115/1039
f 790/1116/1039 799/1126/1048 800/1127/1049 791/1117/1040
f 791/1117/1040 800/1127/1049 801/1128/1050 792/1118/1041
f 792/1118/1041 801/1128/1050 802/1129/1051 793/1119/1042
f 793/1119/1042 802/1129/1051 803/1130/1052 794/1120/1043
f 794/1120/1043 803/1130/1052 795/1121/1044 786/1111/1035
f 795/1121/1044 804/1131/1053 805/1132/1054 796/1122/1045
f 796/1122/1045 805/1132/1054 806/1133/1055 797/1123/1046
f 797/1123/1046 806/1133/1055 807/1134/1056 798/1124/1047
f 798/1124/1047 807/1134/1056 808/1135/1057 799/1125/1048
f 799/1126/1048 808/1136/1057 809/1137/1058 800/1127/1049
f 800/1127/1049 809/1137/1058 810/1138/1059 801/1128/1050
f 801/1128/1050 810/1138/1059 811/1139/1060 802/1129/1051
f 802/1129/1051 811/1139/1060 812/1140/1061 803/1130/1052
f 803/1130/1052 812/1140/1061 804/1131/1053 795/1121/1044
f 804/1131/1053 813/1141/1062 814/1142/1063 805/1132/1054
f 805/1132/1054 814/1142/1063 815/1143/1064 806/1133/1055
f 806/1133/1055 815/1143/1064 816/1144/1065 807/1134/1056
f 807/1134/1056 816/1144/1065 817/1145/1066 808/1135/1057
f 808/1136/1057 817/1146/1066 818/1147/1067 809/1137/1058
f 809/1137/1058 818/1147/1067 819/1148/1068 810/1138/1059
f 810/1138/1059 819/1148/1068 820/1149/1069 811/1139/1060
f 811/1139/1060 820/1149/1069 821/1150/1070 812/1140/1061
f 812/1140/1061 821/1150/1070 813/1141/1062 804/1131/1053
f 813/1141/1062 822/1151/1071 823/1152/1072 814/1142/1063
f 814/1142/1063 823/1152/1072 824/1153/1073 815/1143/1064
f 815/1143/1064 824/1153/1073 825/1154/1074 816/1144/1065
f 816/1144/1065 825/1154/1074 826/1155/1075 817/1145/1066
f 817/1146/1066 826/1156/1075 827/1157/1076 818/1147/1067
f 818/1147/1067 827/1157/1076 828/1158/1077 819/1148/1068
f 819/1148/1068 828/1158/1077 829/1159/1078 820/1149/1069
f 820/1149/1069 829/1159/1078 830/1160/1079 821/1150/1070
f 821/1150/1070 830/1160/1079 822/1151/1071 813/1141/1062
f 822/1151/1071 831/1161/1080 832/1162/1081 823/1152/1072
f 823/1152/1072 832/1162/1081 833/1163/1082 824/1153/1073
f 824/1153/1073 833/1163/1082 834/1164/1083 825/1154/1074
f 825/1154/1074 834/1164/1083 835/1165/1084 826/1155/1075
f 826/1156/1075 835/1166/1084 836/1167/1085 827/1157/1076
f 827/1157/1076 836/1167/1085 837/1168/1086 828/1158/1077
f 828/1158/1077 837/1168/1086 838/1169/1087 829/1159/1078
f 829/1159/1078 838/1169/1087 839/1170/1088 830/1160/1079
f 830/1160/1079 839/1170/1088 831/1161/1080 822/1151/1071
f 831/1161/1080 840/1171/1089 841/1172/1090 832/1162/1081
f 832/1162/1081 841/1172/1090 842/1173/1091 833/1163/1082
f 833/1163/1082 842/1173/1091 843/1174/1092 834/1164/1083
f 834/1164/1083 843/1174/1092 844/1175/1093 835/1165/1084
f 835/1166/1084 844/1176/1093 845/1177/1094 836/1167/1085
f 836/1167/1085 845/1177/1094 846/1178/1095 837/1168/1086
f 837/1168/1086 846/1178/1095 847/1179/1096 838/1169/1087
f 838/1169/1087 847/1179/1096 848/1180/1097 839/1170/1088
f 839/1170/1088 848/1180/1097 840/1171/1089 831/1161/1080
f 840/1171/1089 849/1181/1098 850/1182/1099 841/1172/1090
f 841/1172/1090 850/1182/1099 851/1183/1100 842/1173/1091
f 842/1173/1091 851/1183/1100 852/1184/1101 843/1174/1092
f 843/1174/1092 852/1184/1101 853/1185/1102 844/1175/1093
f 844/1176/1093 853/1186/1102 854/1187/1103 845/1177/1094
f 845/1177/1094 854/1187/1103 855/1188/1104 846/1178/1095
f 846/1178/1095 855/1188/1104 856/1189/1105 847/1179/1096
f 847/1179/1096 856/1189/1105 857/1190/1106 848/1180/1097
f 848/1180/1097 857/1190/1106 849/1181/1098 840/1171/1089
f 849/1181/1098 858/1191/1107 859/1192/1108 850/1182/1099
f 850/1182/1099 859/1192/1108 860/1193/1109 851/1183/1100
f 851/1183/1100 860/1193/1109 861/1194/1110 852/1184/1101
f 852/1184/1101 861/1194/1110 862/1195/1111 853/1185/1102
f 853/1186/1102 862/1196/1111 863/1197/1112 854/1187/1103
f 854/1187/1103 863/1197/1112 864/1198/1113 855/1188/1104
f 855/1188/1104 864/1198/1113 865/1199/1114 856/1189/1105
f 856/1189/1105 865/1199/1114 866/1200/1115 857/1190/1106
f 857/1190/1106 866/1200/1115 858/1191/1107 849/1181/1098
f 858/1191/1107 867/1201/1116 868/1202/1117 859/1192/1108
f 859/1192/1108 868/1202/1117 869/1203/1118 860/1193/1109
f 860/1193/1109 869/1203/1118 870/1204/1119 861/1194/1110
f 861/1194/1110 870/1204/1119 871/1205/1120 862/1195/1111
f 862/1196/1111 871/1206/1120 872/1207/1121 863/1197/1112
f 863/1197/1112 872/1207/1121 873/1208/1122 864/1198/1113
f 864/1198/1113 873/1208/1122 874/1209/1123 865/1199/1114
f 865/1199/1114 874/1209/1123 875/1210/1124 866/1200/1115
f 866/1200/1115 875/1210/1124 867/1201/1116 858/1191/1107
f 867/1201/1116 876/1211/1125 877/1212/1126 868/1202/1117
f 868/1202/1117 877/1212/1126 878/1213/1127 869/1203/1118
f 869/1203/1118 878/1213/1127 879/1214/1128 870/1204/1119
f 870/1204/1119 879/1214/1128 880/1215/1129 871/1205/1120
f 871/1206/1120 880/1216/1129 881/1217/1130 872/1207/1121
f 872/1207/1121 881/1217/1130 882/1218/1131 873/1208/1122
f 873/1208/1122 882/1218/1131 883/1219/1132 874/1209/1123
f 874/1209/1123 883/1219/1132 884/1220/1133 875/1210/1124
f 875/1210/1124 884/1220/1133 876/1211/1125 867/1201/1116
f 876/1211/1125 885/1221/1134 886/1222/1135 877/1212/1126
f 877/1212/1126 886/1222/1135 887/1223/1136 878/1213/1127
f 878/1213/1127 887/1223/1136 888/1224/1137 879/1214/1128
f 879/1214/1128 888/1224/1137 889/1225/1138 880/1215/1129
f 880/1216/1129 889/1226/1138 890/1227/1139 881/1217/1130
f 881/1217/1130 890/1227/1139 891/1228/1140 882/1218/1131
f 882/1218/1131 891/1228/1140 892/1229/1141 883/1219/1132
f 883/1219/1132 892/1229/1141 893/1230/1142 884/1220/1133
f 884/1220/1133 893/1230/1142 885/1221/1134 876/1211/1125
f 885/1221/1134 894/1231/1143 895/1232/1144 886/1222/1135
f 886/1222/1135 895/1232/1144 896/1233/1145 887/1223/1136
f 887/1223/1136 896/1233/1145 897/1234/1146 888/1224/1137
f 888/1224/1137 897/1234/1146 898/1235/1147 889/1225/1138
f 889/1226/1138 898/1236/1147 899/1237/1148 890/1227/1139
f 890/1227/1139 899/1237/1148 900/1238/1149 891/1228/1140
f 891/1228/1140 900/1238/1149 901/1239/1150 892/1229/1141
f 892/1229/1141 901/1239/1150 902/1240/1151 893/1230/1142
f 893/1230/1142 902/1240/1151 894/1231/1143 885/1221/1134
f 894/1231/1143 903/1241/1152 904/1242/1153 895/1232/1144
f 895/1232/1144 904/1242/1153 905/1243/1154 896/1233/1145
f 896/1233/1145 905/1243/1154 906/1244/1155 897/1234/1146
f 897/1234/1146 906/1244/1155 907/1245/1156 898/1235/1147
f 898/1236/1147 907/1246/1156 908/1247/1157 899/1237/1148
f 899/1237/1148 908/1247/1157 909/1248/1158 900/1238/1149
f 900/1238/1149 909/1248/1158 910/1249/1159 901/1239/1150
f 901/1239/1150 910/1249/1159 911/1250/1160 902/1240/1151
f 902/1240/1151 911/1250/1160 903/1241/1152 894/1231/1143
f 903/1241/1152 570/861/819 573/864/822 904/1242/1153
f 904/1242/1153 573/864/822 575/866/824 905/1243/1154
f 905/1243/1154 575/866/824 577/868/826 906/1244/1155
f 906/1244/1155 577/868/826 579/870/828 907/1245/1156
f 907/1246/1156 579/871/828 581/874/830 908/1247/1157
f 908/1247/1157 581/874/830 583/876/832 909/1248/1158
f 909/1248/1158 583/876/832 585/878/834 910/1249/1159
f 910/1249/1159 585/878/834 587/880/836 911/1250/1160
f 911/1250/1160 587/880/836 570/861/819 903/1241/1152
