# WaveFront *.obj file (generated by Cinema 4D)

v 21.470588 11.218595 -15.047580
v 22.722163 11.218595 -15.047580
v 22.722163 11.218595 -14.864058
v 22.722163 11.218595 -14.680535
v 22.722163 11.218595 -14.497013
v 22.722163 11.218595 -14.313490
v 21.470588 11.218595 -14.313490
v 21.470588 11.218595 -14.497013
v 21.470588 11.218595 -14.680535
v 21.470588 11.218595 -14.864058
v 21.446881 12.191881 -15.047580
v 22.696971 12.252818 -15.047580
v 22.696971 12.252818 -14.864058
v 22.696971 12.252818 -14.680535
v 22.696971 12.252818 -14.497013
v 22.696971 12.252818 -14.313490
v 21.446881 12.191881 -14.313490
v 21.446881 12.191881 -14.497013
v 21.446881 12.191881 -14.680535
v 21.446881 12.191881 -14.864058
v 21.375814 13.162859 -15.047580
v 22.621455 13.284587 -15.047580
v 22.621455 13.284587 -14.864058
v 22.621455 13.284587 -14.680535
v 22.621455 13.284587 -14.497013
v 22.621455 13.284587 -14.313490
v 21.375814 13.162859 -14.313490
v 21.375814 13.162859 -14.497013
v 21.375814 13.162859 -14.680535
v 21.375814 13.162859 -14.864058
v 21.257558 14.129225 -15.047580
v 22.495794 14.311455 -15.047580
v 22.495794 14.311455 -14.864058
v 22.495794 14.311455 -14.680535
v 22.495794 14.311455 -14.497013
v 22.495794 14.311455 -14.313490
v 21.257558 14.129225 -14.313490
v 21.257558 14.129225 -14.497013
v 21.257558 14.129225 -14.680535
v 21.257558 14.129225 -14.864058
v 21.092391 15.088687 -15.047580
v 22.320287 15.330988 -15.047580
v 22.320287 15.330988 -14.864058
v 22.320287 15.330988 -14.680535
v 22.320287 15.330988 -14.497013
v 22.320287 15.330988 -14.313490
v 21.092391 15.088687 -14.313490
v 21.092391 15.088687 -14.497013
v 21.092391 15.088687 -14.680535
v 21.092391 15.088687 -14.864058
v 20.880707 16.038970 -15.047580
v 22.095349 16.340767 -15.047580
v 22.095349 16.340767 -14.864058
v 22.095349 16.340767 -14.680535
v 22.095349 16.340767 -14.497013
v 22.095349 16.340767 -14.313490
v 20.880707 16.038970 -14.313490
v 20.880707 16.038970 -14.497013
v 20.880707 16.038970 -14.680535
v 20.880707 16.038970 -14.864058
v 20.623006 16.977819 -15.047580
v 21.821514 17.338396 -15.047580
v 21.821514 17.338396 -14.864058
v 21.821514 17.338396 -14.680535
v 21.821514 17.338396 -14.497013
v 21.821514 17.338396 -14.313490
v 20.623006 16.977819 -14.313490
v 20.623006 16.977819 -14.497013
v 20.623006 16.977819 -14.680535
v 20.623006 16.977819 -14.864058
v 20.319901 17.903008 -15.047580
v 21.499432 18.321510 -15.047580
v 21.499432 18.321510 -14.864058
v 21.499432 18.321510 -14.680535
v 21.499432 18.321510 -14.497013
v 21.499432 18.321510 -14.313490
v 20.319901 17.903008 -14.313490
v 20.319901 17.903008 -14.497013
v 20.319901 17.903008 -14.680535
v 20.319901 17.903008 -14.864058
v 19.972110 18.812343 -15.047580
v 21.129867 19.287777 -15.047580
v 21.129867 19.287777 -14.864058
v 21.129867 19.287777 -14.680535
v 21.129867 19.287777 -14.497013
v 21.129867 19.287777 -14.313490
v 19.972110 18.812343 -14.313490
v 19.972110 18.812343 -14.497013
v 19.972110 18.812343 -14.680535
v 19.972110 18.812343 -14.864058
v 19.580458 19.703665 -15.047580
v 20.713694 20.234905 -15.047580
v 20.713694 20.234905 -14.864058
v 20.713694 20.234905 -14.680535
v 20.713694 20.234905 -14.497013
v 20.713694 20.234905 -14.313490
v 19.580458 19.703665 -14.313490
v 19.580458 19.703665 -14.497013
v 19.580458 19.703665 -14.680535
v 19.580458 19.703665 -14.864058
v 19.145874 20.574863 -15.047580
v 20.251902 21.160646 -15.047580
v 20.251902 21.160646 -14.864058
v 20.251902 21.160646 -14.680535
v 20.251902 21.160646 -14.497013
v 20.251902 21.160646 -14.313490
v 19.145874 20.574863 -14.313490
v 19.145874 20.574863 -14.497013
v 19.145874 20.574863 -14.680535
v 19.145874 20.574863 -14.864058
v 18.669390 21.423868 -15.047580
v 19.745585 22.062807 -15.047580
v 19.745585 22.062807 -14.864058
v 19.745585 22.062807 -14.680535
v 19.745585 22.062807 -14.497013
v 19.745585 22.062807 -14.313490
v 18.669390 21.423868 -14.313490
v 18.669390 21.423868 -14.497013
v 18.669390 21.423868 -14.680535
v 18.669390 21.423868 -14.864058
v 18.152134 22.248667 -15.047580
v 19.195944 22.939246 -15.047580
v 19.195944 22.939246 -14.864058
v 19.195944 22.939246 -14.680535
v 19.195944 22.939246 -14.497013
v 19.195944 22.939246 -14.313490
v 18.152134 22.248667 -14.313490
v 18.152134 22.248667 -14.497013
v 18.152134 22.248667 -14.680535
v 18.152134 22.248667 -14.864058
v 17.595334 23.047305 -15.047580
v 18.604284 23.787885 -15.047580
v 18.604284 23.787885 -14.864058
v 18.604284 23.787885 -14.680535
v 18.604284 23.787885 -14.497013
v 18.604284 23.787885 -14.313490
v 17.595334 23.047305 -14.313490
v 17.595334 23.047305 -14.497013
v 17.595334 23.047305 -14.680535
v 17.595334 23.047305 -14.864058
v 17.000311 23.817886 -15.047580
v 17.972007 24.606711 -15.047580
v 17.972007 24.606711 -14.864058
v 17.972007 24.606711 -14.680535
v 17.972007 24.606711 -14.497013
v 17.972007 24.606711 -14.313490
v 17.000311 23.817886 -14.313490
v 17.000311 23.817886 -14.497013
v 17.000311 23.817886 -14.680535
v 17.000311 23.817886 -14.864058
v 16.368475 24.558582 -15.047580
v 17.300613 25.393782 -15.047580
v 17.300613 25.393782 -14.864058
v 17.300613 25.393782 -14.680535
v 17.300613 25.393782 -14.497013
v 17.300613 25.393782 -14.313490
v 16.368475 24.558582 -14.313490
v 16.368475 24.558582 -14.497013
v 16.368475 24.558582 -14.680535
v 16.368475 24.558582 -14.864058
v 15.701327 25.267638 -15.047580
v 16.591695 26.147230 -15.047580
v 16.591695 26.147230 -14.864058
v 16.591695 26.147230 -14.680535
v 16.591695 26.147230 -14.497013
v 16.591695 26.147230 -14.313490
v 15.701327 25.267638 -14.313490
v 15.701327 25.267638 -14.497013
v 15.701327 25.267638 -14.680535
v 15.701327 25.267638 -14.864058
v 15.000447 25.943371 -15.047580
v 15.846934 26.865270 -15.047580
v 15.846934 26.865270 -14.864058
v 15.846934 26.865270 -14.680535
v 15.846934 26.865270 -14.497013
v 15.846934 26.865270 -14.313490
v 15.000447 25.943371 -14.313490
v 15.000447 25.943371 -14.497013
v 15.000447 25.943371 -14.680535
v 15.000447 25.943371 -14.864058
v 14.267498 26.584179 -15.047580
v 15.068097 27.546198 -15.047580
v 15.068097 27.546198 -14.864058
v 15.068097 27.546198 -14.680535
v 15.068097 27.546198 -14.497013
v 15.068097 27.546198 -14.313490
v 14.267498 26.584179 -14.313490
v 14.267498 26.584179 -14.497013
v 14.267498 26.584179 -14.680535
v 14.267498 26.584179 -14.864058
v 13.504220 27.188541 -15.047580
v 14.257030 28.188398 -15.047580
v 14.257030 28.188398 -14.864058
v 14.257030 28.188398 -14.680535
v 14.257030 28.188398 -14.497013
v 14.257030 28.188398 -14.313490
v 13.504220 27.188541 -14.313490
v 13.504220 27.188541 -14.497013
v 13.504220 27.188541 -14.680535
v 13.504220 27.188541 -14.864058
v 12.712422 27.755024 -15.047580
v 13.415659 28.790348 -15.047580
v 13.415659 28.790348 -14.864058
v 13.415659 28.790348 -14.680535
v 13.415659 28.790348 -14.497013
v 13.415659 28.790348 -14.313490
v 12.712422 27.755024 -14.313490
v 12.712422 27.755024 -14.497013
v 12.712422 27.755024 -14.680535
v 12.712422 27.755024 -14.864058
v 11.893982 28.282285 -15.047580
v 12.545977 29.350620 -15.047580
v 12.545977 29.350620 -14.864058
v 12.545977 29.350620 -14.680535
v 12.545977 29.350620 -14.497013
v 12.545977 29.350620 -14.313490
v 11.893982 28.282285 -14.313490
v 11.893982 28.282285 -14.497013
v 11.893982 28.282285 -14.680535
v 11.893982 28.282285 -14.864058
v 11.050841 28.769072 -15.047580
v 11.650049 29.867884 -15.047580
v 11.650049 29.867884 -14.864058
v 11.650049 29.867884 -14.680535
v 11.650049 29.867884 -14.497013
v 11.650049 29.867884 -14.313490
v 11.050841 28.769072 -14.313490
v 11.050841 28.769072 -14.497013
v 11.050841 28.769072 -14.680535
v 11.050841 28.769072 -14.864058
v 10.185000 29.214231 -15.047580
v 10.729999 30.340915 -15.047580
v 10.729999 30.340915 -14.864058
v 10.729999 30.340915 -14.680535
v 10.729999 30.340915 -14.497013
v 10.729999 30.340915 -14.313490
v 10.185000 29.214231 -14.313490
v 10.185000 29.214231 -14.497013
v 10.185000 29.214231 -14.680535
v 10.185000 29.214231 -14.864058
v 9.298512 29.616707 -15.047580
v 9.788009 30.768589 -15.047580
v 9.788009 30.768589 -14.864058
v 9.788009 30.768589 -14.680535
v 9.788009 30.768589 -14.497013
v 9.788009 30.768589 -14.313490
v 9.298512 29.616707 -14.313490
v 9.298512 29.616707 -14.497013
v 9.298512 29.616707 -14.680535
v 9.298512 29.616707 -14.864058
v 8.393480 29.975545 -15.047580
v 8.826314 31.149893 -15.047580
v 8.826314 31.149893 -14.864058
v 8.826314 31.149893 -14.680535
v 8.826314 31.149893 -14.497013
v 8.826314 31.149893 -14.313490
v 8.393480 29.975545 -14.313490
v 8.393480 29.975545 -14.497013
v 8.393480 29.975545 -14.680535
v 8.393480 29.975545 -14.864058
v 7.472050 30.289893 -15.047580
v 7.847195 31.483922 -15.047580
v 7.847195 31.483922 -14.864058
v 7.847195 31.483922 -14.680535
v 7.847195 31.483922 -14.497013
v 7.847195 31.483922 -14.313490
v 7.472050 30.289893 -14.313490
v 7.472050 30.289893 -14.497013
v 7.472050 30.289893 -14.680535
v 7.472050 30.289893 -14.864058
v 6.536408 30.559006 -15.047580
v 6.852973 31.769884 -15.047580
v 6.852973 31.769884 -14.864058
v 6.852973 31.769884 -14.680535
v 6.852973 31.769884 -14.497013
v 6.852973 31.769884 -14.313490
v 6.536408 30.559006 -14.313490
v 6.536408 30.559006 -14.497013
v 6.536408 30.559006 -14.680535
v 6.536408 30.559006 -14.864058
v 5.588774 30.782246 -15.047580
v 5.846009 32.007101 -15.047580
v 5.846009 32.007101 -14.864058
v 5.846009 32.007101 -14.680535
v 5.846009 32.007101 -14.497013
v 5.846009 32.007101 -14.313490
v 5.588774 30.782246 -14.313490
v 5.588774 30.782246 -14.497013
v 5.588774 30.782246 -14.680535
v 5.588774 30.782246 -14.864058
v 4.631394 30.959083 -15.047580
v 4.828688 32.195009 -15.047580
v 4.828688 32.195009 -14.864058
v 4.828688 32.195009 -14.680535
v 4.828688 32.195009 -14.497013
v 4.828688 32.195009 -14.313490
v 4.631394 30.959083 -14.313490
v 4.631394 30.959083 -14.497013
v 4.631394 30.959083 -14.680535
v 4.631394 30.959083 -14.864058
v 3.666540 31.089098 -15.047580
v 3.803426 32.333164 -15.047580
v 3.803426 32.333164 -14.864058
v 3.803426 32.333164 -14.680535
v 3.803426 32.333164 -14.497013
v 3.803426 32.333164 -14.313490
v 3.666540 31.089098 -14.313490
v 3.666540 31.089098 -14.497013
v 3.666540 31.089098 -14.680535
v 3.666540 31.089098 -14.864058
v 2.696499 31.171982 -15.047580
v 2.772653 32.421238 -15.047580
v 2.772653 32.421238 -14.864058
v 2.772653 32.421238 -14.680535
v 2.772653 32.421238 -14.497013
v 2.772653 32.421238 -14.313490
v 2.696499 31.171982 -14.313490
v 2.696499 31.171982 -14.497013
v 2.696499 31.171982 -14.680535
v 2.696499 31.171982 -14.864058
v 1.723574 31.207539 -15.047580
v 1.738814 32.459021 -15.047580
v 1.738814 32.459021 -14.864058
v 1.738814 32.459021 -14.680535
v 1.738814 32.459021 -14.497013
v 1.738814 32.459021 -14.313490
v 1.723574 31.207539 -14.313490
v 1.723574 31.207539 -14.497013
v 1.723574 31.207539 -14.680535
v 1.723574 31.207539 -14.864058
v 0.750072 31.195684 -15.047580
v 0.704362 32.446424 -15.047580
v 0.704362 32.446424 -14.864058
v 0.704362 32.446424 -14.680535
v 0.704362 32.446424 -14.497013
v 0.704362 32.446424 -14.313490
v 0.750072 31.195684 -14.313490
v 0.750072 31.195684 -14.497013
v 0.750072 31.195684 -14.680535
v 0.750072 31.195684 -14.864058
v -0.221699 31.136446 -15.047580
v -0.328250 32.383477 -15.047580
v -0.328250 32.383477 -14.864058
v -0.328250 32.383477 -14.680535
v -0.328250 32.383477 -14.497013
v -0.328250 32.383477 -14.313490
v -0.221699 31.136446 -14.313490
v -0.221699 31.136446 -14.497013
v -0.221699 31.136446 -14.680535
v -0.221699 31.136446 -14.864058
v -1.189433 31.029965 -15.047580
v -1.356573 32.270329 -15.047580
v -1.356573 32.270329 -14.864058
v -1.356573 32.270329 -14.680535
v -1.356573 32.270329 -14.497013
v -1.356573 32.270329 -14.313490
v -1.189433 31.029965 -14.313490
v -1.189433 31.029965 -14.497013
v -1.189433 31.029965 -14.680535
v -1.189433 31.029965 -14.864058
v -2.150835 30.876494 -15.047580
v -2.378167 32.107249 -15.047580
v -2.378167 32.107249 -14.864058
v -2.378167 32.107249 -14.680535
v -2.378167 32.107249 -14.497013
v -2.378167 32.107249 -14.313490
v -2.150835 30.876494 -14.313490
v -2.150835 30.876494 -14.497013
v -2.150835 30.876494 -14.680535
v -2.150835 30.876494 -14.864058
v -3.103625 30.676396 -15.047580
v -3.390610 31.894623 -15.047580
v -3.390610 31.894623 -14.864058
v -3.390610 31.894623 -14.680535
v -3.390610 31.894623 -14.497013
v -3.390610 31.894623 -14.313490
v -3.103625 30.676396 -14.313490
v -3.103625 30.676396 -14.497013
v -3.103625 30.676396 -14.680535
v -3.103625 30.676396 -14.864058
v -4.045543 30.430146 -15.047580
v -4.391500 31.632957 -15.047580
v -4.391500 31.632957 -14.864058
v -4.391500 31.632957 -14.680535
v -4.391500 31.632957 -14.497013
v -4.391500 31.632957 -14.313490
v -4.045543 30.430146 -14.313490
v -4.045543 30.430146 -14.497013
v -4.045543 30.430146 -14.680535
v -4.045543 30.430146 -14.864058
v -4.974354 30.138329 -15.047580
v -5.378463 31.322869 -15.047580
v -5.378463 31.322869 -14.864058
v -5.378463 31.322869 -14.680535
v -5.378463 31.322869 -14.497013
v -5.378463 31.322869 -14.313490
v -4.974354 30.138329 -14.313490
v -4.974354 30.138329 -14.497013
v -4.974354 30.138329 -14.680535
v -4.974354 30.138329 -14.864058
v -5.887856 29.801637 -15.047580
v -6.349158 30.965096 -15.047580
v -6.349158 30.965096 -14.864058
v -6.349158 30.965096 -14.680535
v -6.349158 30.965096 -14.497013
v -6.349158 30.965096 -14.313490
v -5.887856 29.801637 -14.313490
v -5.887856 29.801637 -14.497013
v -5.887856 29.801637 -14.680535
v -5.887856 29.801637 -14.864058
v -6.783882 29.420867 -15.047580
v -7.301283 30.560487 -15.047580
v -7.301283 30.560487 -14.864058
v -7.301283 30.560487 -14.680535
v -7.301283 30.560487 -14.497013
v -7.301283 30.560487 -14.313490
v -6.783882 29.420867 -14.313490
v -6.783882 29.420867 -14.497013
v -6.783882 29.420867 -14.680535
v -6.783882 29.420867 -14.864058
v -7.660306 28.996923 -15.047580
v -8.232579 30.110001 -15.047580
v -8.232579 30.110001 -14.864058
v -8.232579 30.110001 -14.680535
v -8.232579 30.110001 -14.497013
v -8.232579 30.110001 -14.313490
v -7.660306 28.996923 -14.313490
v -7.660306 28.996923 -14.497013
v -7.660306 28.996923 -14.680535
v -7.660306 28.996923 -14.864058
v -8.515050 28.530812 -15.047580
v -9.140837 29.614707 -15.047580
v -9.140837 29.614707 -14.864058
v -9.140837 29.614707 -14.680535
v -9.140837 29.614707 -14.497013
v -9.140837 29.614707 -14.313490
v -8.515050 28.530812 -14.313490
v -8.515050 28.530812 -14.497013
v -8.515050 28.530812 -14.680535
v -8.515050 28.530812 -14.864058
v -9.346087 28.023637 -15.047580
v -10.023904 29.075779 -15.047580
v -10.023904 29.075779 -14.864058
v -10.023904 29.075779 -14.680535
v -10.023904 29.075779 -14.497013
v -10.023904 29.075779 -14.313490
v -9.346087 28.023637 -14.313490
v -9.346087 28.023637 -14.497013
v -9.346087 28.023637 -14.680535
v -9.346087 28.023637 -14.864058
v -10.151445 27.476603 -15.047580
v -10.879685 28.494496 -15.047580
v -10.879685 28.494496 -14.864058
v -10.879685 28.494496 -14.680535
v -10.879685 28.494496 -14.497013
v -10.879685 28.494496 -14.313490
v -10.151445 27.476603 -14.313490
v -10.151445 27.476603 -14.497013
v -10.151445 27.476603 -14.680535
v -10.151445 27.476603 -14.864058
v -10.929214 26.891007 -15.047580
v -11.706149 27.872236 -15.047580
v -11.706149 27.872236 -14.864058
v -11.706149 27.872236 -14.680535
v -11.706149 27.872236 -14.497013
v -11.706149 27.872236 -14.313490
v -10.929214 26.891007 -14.313490
v -10.929214 26.891007 -14.497013
v -10.929214 26.891007 -14.680535
v -10.929214 26.891007 -14.864058
v -11.677549 26.268238 -15.047580
v -12.501336 27.210476 -15.047580
v -12.501336 27.210476 -14.864058
v -12.501336 27.210476 -14.680535
v -12.501336 27.210476 -14.497013
v -12.501336 27.210476 -14.313490
v -11.677549 26.268238 -14.313490
v -11.677549 26.268238 -14.497013
v -11.677549 26.268238 -14.680535
v -11.677549 26.268238 -14.864058
v -12.394676 25.609772 -15.047580
v -13.263362 26.510785 -15.047580
v -13.263362 26.510785 -14.864058
v -13.263362 26.510785 -14.680535
v -13.263362 26.510785 -14.497013
v -13.263362 26.510785 -14.313490
v -12.394676 25.609772 -14.313490
v -12.394676 25.609772 -14.497013
v -12.394676 25.609772 -14.680535
v -12.394676 25.609772 -14.864058
v -13.078893 24.917172 -15.047580
v -13.990417 25.774822 -15.047580
v -13.990417 25.774822 -14.864058
v -13.990417 25.774822 -14.680535
v -13.990417 25.774822 -14.497013
v -13.990417 25.774822 -14.313490
v -13.078893 24.917172 -14.313490
v -13.078893 24.917172 -14.497013
v -13.078893 24.917172 -14.680535
v -13.078893 24.917172 -14.864058
v -13.728578 24.192081 -15.047580
v -14.680777 25.004334 -15.047580
v -14.680777 25.004334 -14.864058
v -14.680777 25.004334 -14.680535
v -14.680777 25.004334 -14.497013
v -14.680777 25.004334 -14.313490
v -13.728578 24.192081 -14.313490
v -13.728578 24.192081 -14.497013
v -13.728578 24.192081 -14.680535
v -13.728578 24.192081 -14.864058
v -14.342189 23.436218 -15.047580
v -15.332806 24.201147 -15.047580
v -15.332806 24.201147 -14.864058
v -15.332806 24.201147 -14.680535
v -15.332806 24.201147 -14.497013
v -15.332806 24.201147 -14.313490
v -14.342189 23.436218 -14.313490
v -14.342189 23.436218 -14.497013
v -14.342189 23.436218 -14.680535
v -14.342189 23.436218 -14.864058
v -14.918272 22.651376 -15.047580
v -15.944956 23.367168 -15.047580
v -15.944956 23.367168 -14.864058
v -15.944956 23.367168 -14.680535
v -15.944956 23.367168 -14.497013
v -15.944956 23.367168 -14.313490
v -14.918272 22.651376 -14.313490
v -14.918272 22.651376 -14.497013
v -14.918272 22.651376 -14.680535
v -14.918272 22.651376 -14.864058
v -15.455459 21.839417 -15.047580
v -16.515776 22.504373 -15.047580
v -16.515776 22.504373 -14.864058
v -16.515776 22.504373 -14.680535
v -16.515776 22.504373 -14.497013
v -16.515776 22.504373 -14.313490
v -15.455459 21.839417 -14.313490
v -15.455459 21.839417 -14.497013
v -15.455459 21.839417 -14.680535
v -15.455459 21.839417 -14.864058
v -15.952476 21.002266 -15.047580
v -17.043911 21.614809 -15.047580
v -17.043911 21.614809 -14.864058
v -17.043911 21.614809 -14.680535
v -17.043911 21.614809 -14.497013
v -17.043911 21.614809 -14.313490
v -15.952476 21.002266 -14.313490
v -15.952476 21.002266 -14.497013
v -15.952476 21.002266 -14.680535
v -15.952476 21.002266 -14.864058
v -16.408146 20.141910 -15.047580
v -17.528109 20.700587 -15.047580
v -17.528109 20.700587 -14.864058
v -17.528109 20.700587 -14.680535
v -17.528109 20.700587 -14.497013
v -17.528109 20.700587 -14.313490
v -16.408146 20.141910 -14.313490
v -16.408146 20.141910 -14.497013
v -16.408146 20.141910 -14.680535
v -16.408146 20.141910 -14.864058
v -16.821386 19.260389 -15.047580
v -17.967222 19.763875 -15.047580
v -17.967222 19.763875 -14.864058
v -17.967222 19.763875 -14.680535
v -17.967222 19.763875 -14.497013
v -17.967222 19.763875 -14.313490
v -16.821386 19.260389 -14.313490
v -16.821386 19.260389 -14.497013
v -16.821386 19.260389 -14.680535
v -16.821386 19.260389 -14.864058
v -17.191217 18.359793 -15.047580
v -18.360208 18.806894 -15.047580
v -18.360208 18.806894 -14.864058
v -18.360208 18.806894 -14.680535
v -18.360208 18.806894 -14.497013
v -18.360208 18.806894 -14.313490
v -17.191217 18.359793 -14.313490
v -17.191217 18.359793 -14.497013
v -17.191217 18.359793 -14.680535
v -17.191217 18.359793 -14.864058
v -17.516762 17.442259 -15.047580
v -18.706134 17.831914 -15.047580
v -18.706134 17.831914 -14.864058
v -18.706134 17.831914 -14.680535
v -18.706134 17.831914 -14.497013
v -18.706134 17.831914 -14.313490
v -17.516762 17.442259 -14.313490
v -17.516762 17.442259 -14.497013
v -17.516762 17.442259 -14.680535
v -17.516762 17.442259 -14.864058
v -17.797248 16.509963 -15.047580
v -19.004181 16.841249 -15.047580
v -19.004181 16.841249 -14.864058
v -19.004181 16.841249 -14.680535
v -19.004181 16.841249 -14.497013
v -19.004181 16.841249 -14.313490
v -17.797248 16.509963 -14.313490
v -17.797248 16.509963 -14.497013
v -17.797248 16.509963 -14.680535
v -17.797248 16.509963 -14.864058
v -18.032010 15.565117 -15.047580
v -19.253641 15.837247 -15.047580
v -19.253641 15.837247 -14.864058
v -19.253641 15.837247 -14.680535
v -19.253641 15.837247 -14.497013
v -19.253641 15.837247 -14.313490
v -18.032010 15.565117 -14.313490
v -18.032010 15.565117 -14.497013
v -18.032010 15.565117 -14.680535
v -18.032010 15.565117 -14.864058
v -18.220491 14.609961 -15.047580
v -19.453923 14.822290 -15.047580
v -19.453923 14.822290 -14.864058
v -19.453923 14.822290 -14.680535
v -19.453923 14.822290 -14.497013
v -19.453923 14.822290 -14.313490
v -18.220491 14.609961 -14.313490
v -18.220491 14.609961 -14.497013
v -18.220491 14.609961 -14.680535
v -18.220491 14.609961 -14.864058
v -18.362245 13.646762 -15.047580
v -19.604552 13.798786 -15.047580
v -19.604552 13.798786 -14.864058
v -19.604552 13.798786 -14.680535
v -19.604552 13.798786 -14.497013
v -19.604552 13.798786 -14.313490
v -18.362245 13.646762 -14.313490
v -18.362245 13.646762 -14.497013
v -18.362245 13.646762 -14.680535
v -18.362245 13.646762 -14.864058
v -18.456934 12.677803 -15.047580
v -19.705170 12.769162 -15.047580
v -19.705170 12.769162 -14.864058
v -19.705170 12.769162 -14.680535
v -19.705170 12.769162 -14.497013
v -19.705170 12.769162 -14.313490
v -18.456934 12.677803 -14.313490
v -18.456934 12.677803 -14.497013
v -18.456934 12.677803 -14.680535
v -18.456934 12.677803 -14.864058
v -18.504335 11.705383 -15.047580
v -19.755539 11.735860 -15.047580
v -19.755539 11.735860 -14.864058
v -19.755539 11.735860 -14.680535
v -19.755539 11.735860 -14.497013
v -19.755539 11.735860 -14.313490
v -18.504335 11.705383 -14.313490
v -18.504335 11.705383 -14.497013
v -18.504335 11.705383 -14.680535
v -18.504335 11.705383 -14.864058
v -18.504335 10.731808 -15.047580
v -19.755539 10.701331 -15.047580
v -19.755539 10.701331 -14.864058
v -19.755539 10.701331 -14.680535
v -19.755539 10.701331 -14.497013
v -19.755539 10.701331 -14.313490
v -18.504335 10.731808 -14.313490
v -18.504335 10.731808 -14.497013
v -18.504335 10.731808 -14.680535
v -18.504335 10.731808 -14.864058
v -18.456934 9.759388 -15.047580
v -19.705170 9.668029 -15.047580
v -19.705170 9.668029 -14.864058
v -19.705170 9.668029 -14.680535
v -19.705170 9.668029 -14.497013
v -19.705170 9.668029 -14.313490
v -18.456934 9.759388 -14.313490
v -18.456934 9.759388 -14.497013
v -18.456934 9.759388 -14.680535
v -18.456934 9.759388 -14.864058
v -18.362245 8.790429 -15.047580
v -19.604552 8.638405 -15.047580
v -19.604552 8.638405 -14.864058
v -19.604552 8.638405 -14.680535
v -19.604552 8.638405 -14.497013
v -19.604552 8.638405 -14.313490
v -18.362245 8.790429 -14.313490
v -18.362245 8.790429 -14.497013
v -18.362245 8.790429 -14.680535
v -18.362245 8.790429 -14.864058
v -18.220491 7.827229 -15.047580
v -19.453923 7.614900 -15.047580
v -19.453923 7.614900 -14.864058
v -19.453923 7.614900 -14.680535
v -19.453923 7.614900 -14.497013
v -19.453923 7.614900 -14.313490
v -18.220491 7.827229 -14.313490
v -18.220491 7.827229 -14.497013
v -18.220491 7.827229 -14.680535
v -18.220491 7.827229 -14.864058
v -18.032010 6.872074 -15.047580
v -19.253641 6.599944 -15.047580
v -19.253641 6.599944 -14.864058
v -19.253641 6.599944 -14.680535
v -19.253641 6.599944 -14.497013
v -19.253641 6.599944 -14.313490
v -18.032010 6.872074 -14.313490
v -18.032010 6.872074 -14.497013
v -18.032010 6.872074 -14.680535
v -18.032010 6.872074 -14.864058
v -17.797248 5.927227 -15.047580
v -19.004181 5.595942 -15.047580
v -19.004181 5.595942 -14.864058
v -19.004181 5.595942 -14.680535
v -19.004181 5.595942 -14.497013
v -19.004181 5.595942 -14.313490
v -17.797248 5.927227 -14.313490
v -17.797248 5.927227 -14.497013
v -17.797248 5.927227 -14.680535
v -17.797248 5.927227 -14.864058
v -17.516762 4.994932 -15.047580
v -18.706134 4.605276 -15.047580
v -18.706134 4.605276 -14.864058
v -18.706134 4.605276 -14.680535
v -18.706134 4.605276 -14.497013
v -18.706134 4.605276 -14.313490
v -17.516762 4.994932 -14.313490
v -17.516762 4.994932 -14.497013
v -17.516762 4.994932 -14.680535
v -17.516762 4.994932 -14.864058
v -17.191217 4.077398 -15.047580
v -18.360208 3.630297 -15.047580
v -18.360208 3.630297 -14.864058
v -18.360208 3.630297 -14.680535
v -18.360208 3.630297 -14.497013
v -18.360208 3.630297 -14.313490
v -17.191217 4.077398 -14.313490
v -17.191217 4.077398 -14.497013
v -17.191217 4.077398 -14.680535
v -17.191217 4.077398 -14.864058
v -16.821386 3.176802 -15.047580
v -17.967222 2.673316 -15.047580
v -17.967222 2.673316 -14.864058
v -17.967222 2.673316 -14.680535
v -17.967222 2.673316 -14.497013
v -17.967222 2.673316 -14.313490
v -16.821386 3.176802 -14.313490
v -16.821386 3.176802 -14.497013
v -16.821386 3.176802 -14.680535
v -16.821386 3.176802 -14.864058
v -16.408146 2.295281 -15.047580
v -17.528109 1.736604 -15.047580
v -17.528109 1.736604 -14.864058
v -17.528109 1.736604 -14.680535
v -17.528109 1.736604 -14.497013
v -17.528109 1.736604 -14.313490
v -16.408146 2.295281 -14.313490
v -16.408146 2.295281 -14.497013
v -16.408146 2.295281 -14.680535
v -16.408146 2.295281 -14.864058
v -15.952476 1.434924 -15.047580
v -17.043911 0.822381 -15.047580
v -17.043911 0.822381 -14.864058
v -17.043911 0.822381 -14.680535
v -17.043911 0.822381 -14.497013
v -17.043911 0.822381 -14.313490
v -15.952476 1.434924 -14.313490
v -15.952476 1.434924 -14.497013
v -15.952476 1.434924 -14.680535
v -15.952476 1.434924 -14.864058
v -15.455459 0.597774 -15.047580
v -16.515776 -0.067182 -15.047580
v -16.515776 -0.067182 -14.864058
v -16.515776 -0.067182 -14.680535
v -16.515776 -0.067182 -14.497013
v -16.515776 -0.067182 -14.313490
v -15.455459 0.597774 -14.313490
v -15.455459 0.597774 -14.497013
v -15.455459 0.597774 -14.680535
v -15.455459 0.597774 -14.864058
v -14.918272 -0.214185 -15.047580
v -15.944956 -0.929977 -15.047580
v -15.944956 -0.929977 -14.864058
v -15.944956 -0.929977 -14.680535
v -15.944956 -0.929977 -14.497013
v -15.944956 -0.929977 -14.313490
v -14.918272 -0.214185 -14.313490
v -14.918272 -0.214185 -14.497013
v -14.918272 -0.214185 -14.680535
v -14.918272 -0.214185 -14.864058
v -14.342189 -0.999027 -15.047580
v -15.332806 -1.763957 -15.047580
v -15.332806 -1.763957 -14.864058
v -15.332806 -1.763957 -14.680535
v -15.332806 -1.763957 -14.497013
v -15.332806 -1.763957 -14.313490
v -14.342189 -0.999027 -14.313490
v -14.342189 -0.999027 -14.497013
v -14.342189 -0.999027 -14.680535
v -14.342189 -0.999027 -14.864058
v -13.728578 -1.754890 -15.047580
v -14.680777 -2.567143 -15.047580
v -14.680777 -2.567143 -14.864058
v -14.680777 -2.567143 -14.680535
v -14.680777 -2.567143 -14.497013
v -14.680777 -2.567143 -14.313490
v -13.728578 -1.754890 -14.313490
v -13.728578 -1.754890 -14.497013
v -13.728578 -1.754890 -14.680535
v -13.728578 -1.754890 -14.864058
v -13.078893 -2.479982 -15.047580
v -13.990417 -3.337632 -15.047580
v -13.990417 -3.337632 -14.864058
v -13.990417 -3.337632 -14.680535
v -13.990417 -3.337632 -14.497013
v -13.990417 -3.337632 -14.313490
v -13.078893 -2.479982 -14.313490
v -13.078893 -2.479982 -14.497013
v -13.078893 -2.479982 -14.680535
v -13.078893 -2.479982 -14.864058
v -12.394676 -3.172581 -15.047580
v -13.263362 -4.073594 -15.047580
v -13.263362 -4.073594 -14.864058
v -13.263362 -4.073594 -14.680535
v -13.263362 -4.073594 -14.497013
v -13.263362 -4.073594 -14.313490
v -12.394676 -3.172581 -14.313490
v -12.394676 -3.172581 -14.497013
v -12.394676 -3.172581 -14.680535
v -12.394676 -3.172581 -14.864058
v -11.677549 -3.831047 -15.047580
v -12.501336 -4.773285 -15.047580
v -12.501336 -4.773285 -14.864058
v -12.501336 -4.773285 -14.680535
v -12.501336 -4.773285 -14.497013
v -12.501336 -4.773285 -14.313490
v -11.677549 -3.831047 -14.313490
v -11.677549 -3.831047 -14.497013
v -11.677549 -3.831047 -14.680535
v -11.677549 -3.831047 -14.864058
v -10.929214 -4.453816 -15.047580
v -11.706149 -5.435046 -15.047580
v -11.706149 -5.435046 -14.864058
v -11.706149 -5.435046 -14.680535
v -11.706149 -5.435046 -14.497013
v -11.706149 -5.435046 -14.313490
v -10.929214 -4.453816 -14.313490
v -10.929214 -4.453816 -14.497013
v -10.929214 -4.453816 -14.680535
v -10.929214 -4.453816 -14.864058
v -10.151445 -5.039413 -15.047580
v -10.879685 -6.057305 -15.047580
v -10.879685 -6.057305 -14.864058
v -10.879685 -6.057305 -14.680535
v -10.879685 -6.057305 -14.497013
v -10.879685 -6.057305 -14.313490
v -10.151445 -5.039413 -14.313490
v -10.151445 -5.039413 -14.497013
v -10.151445 -5.039413 -14.680535
v -10.151445 -5.039413 -14.864058
v -9.346087 -5.586447 -15.047580
v -10.023904 -6.638588 -15.047580
v -10.023904 -6.638588 -14.864058
v -10.023904 -6.638588 -14.680535
v -10.023904 -6.638588 -14.497013
v -10.023904 -6.638588 -14.313490
v -9.346087 -5.586447 -14.313490
v -9.346087 -5.586447 -14.497013
v -9.346087 -5.586447 -14.680535
v -9.346087 -5.586447 -14.864058
v -8.515050 -6.093621 -15.047580
v -9.140837 -7.177516 -15.047580
v -9.140837 -7.177516 -14.864058
v -9.140837 -7.177516 -14.680535
v -9.140837 -7.177516 -14.497013
v -9.140837 -7.177516 -14.313490
v -8.515050 -6.093621 -14.313490
v -8.515050 -6.093621 -14.497013
v -8.515050 -6.093621 -14.680535
v -8.515050 -6.093621 -14.864058
v -7.660306 -6.559733 -15.047580
v -8.232579 -7.672811 -15.047580
v -8.232579 -7.672811 -14.864058
v -8.232579 -7.672811 -14.680535
v -8.232579 -7.672811 -14.497013
v -8.232579 -7.672811 -14.313490
v -7.660306 -6.559733 -14.313490
v -7.660306 -6.559733 -14.497013
v -7.660306 -6.559733 -14.680535
v -7.660306 -6.559733 -14.864058
v -6.783882 -6.983676 -15.047580
v -7.301283 -8.123297 -15.047580
v -7.301283 -8.123297 -14.864058
v -7.301283 -8.123297 -14.680535
v -7.301283 -8.123297 -14.497013
v -7.301283 -8.123297 -14.313490
v -6.783882 -6.983676 -14.313490
v -6.783882 -6.983676 -14.497013
v -6.783882 -6.983676 -14.680535
v -6.783882 -6.983676 -14.864058
v -5.887856 -7.364446 -15.047580
v -6.349158 -8.527906 -15.047580
v -6.349158 -8.527906 -14.864058
v -6.349158 -8.527906 -14.680535
v -6.349158 -8.527906 -14.497013
v -6.349158 -8.527906 -14.313490
v -5.887856 -7.364446 -14.313490
v -5.887856 -7.364446 -14.497013
v -5.887856 -7.364446 -14.680535
v -5.887856 -7.364446 -14.864058
v -4.974354 -7.701139 -15.047580
v -5.378463 -8.885678 -15.047580
v -5.378463 -8.885678 -14.864058
v -5.378463 -8.885678 -14.680535
v -5.378463 -8.885678 -14.497013
v -5.378463 -8.885678 -14.313490
v -4.974354 -7.701139 -14.313490
v -4.974354 -7.701139 -14.497013
v -4.974354 -7.701139 -14.680535
v -4.974354 -7.701139 -14.864058
v -4.045543 -7.992956 -15.047580
v -4.391500 -9.195766 -15.047580
v -4.391500 -9.195766 -14.864058
v -4.391500 -9.195766 -14.680535
v -4.391500 -9.195766 -14.497013
v -4.391500 -9.195766 -14.313490
v -4.045543 -7.992956 -14.313490
v -4.045543 -7.992956 -14.497013
v -4.045543 -7.992956 -14.680535
v -4.045543 -7.992956 -14.864058
v -3.103625 -8.239205 -15.047580
v -3.390610 -9.457433 -15.047580
v -3.390610 -9.457433 -14.864058
v -3.390610 -9.457433 -14.680535
v -3.390610 -9.457433 -14.497013
v -3.390610 -9.457433 -14.313490
v -3.103625 -8.239205 -14.313490
v -3.103625 -8.239205 -14.497013
v -3.103625 -8.239205 -14.680535
v -3.103625 -8.239205 -14.864058
v -2.150835 -8.439303 -15.047580
v -2.378167 -9.670058 -15.047580
v -2.378167 -9.670058 -14.864058
v -2.378167 -9.670058 -14.680535
v -2.378167 -9.670058 -14.497013
v -2.378167 -9.670058 -14.313490
v -2.150835 -8.439303 -14.313490
v -2.150835 -8.439303 -14.497013
v -2.150835 -8.439303 -14.680535
v -2.150835 -8.439303 -14.864058
v -1.189433 -8.592774 -15.047580
v -1.356573 -9.833138 -15.047580
v -1.356573 -9.833138 -14.864058
v -1.356573 -9.833138 -14.680535
v -1.356573 -9.833138 -14.497013
v -1.356573 -9.833138 -14.313490
v -1.189433 -8.592774 -14.313490
v -1.189433 -8.592774 -14.497013
v -1.189433 -8.592774 -14.680535
v -1.189433 -8.592774 -14.864058
v -0.221699 -8.699256 -15.047580
v -0.328250 -9.946286 -15.047580
v -0.328250 -9.946286 -14.864058
v -0.328250 -9.946286 -14.680535
v -0.328250 -9.946286 -14.497013
v -0.328250 -9.946286 -14.313490
v -0.221699 -8.699256 -14.313490
v -0.221699 -8.699256 -14.497013
v -0.221699 -8.699256 -14.680535
v -0.221699 -8.699256 -14.864058
v 0.750072 -8.758494 -15.047580
v 0.704362 -10.009233 -15.047580
v 0.704362 -10.009233 -14.864058
v 0.704362 -10.009233 -14.680535
v 0.704362 -10.009233 -14.497013
v 0.704362 -10.009233 -14.313490
v 0.750072 -8.758494 -14.313490
v 0.750072 -8.758494 -14.497013
v 0.750072 -8.758494 -14.680535
v 0.750072 -8.758494 -14.864058
v 1.723574 -8.770348 -15.047580
v 1.738814 -10.021830 -15.047580
v 1.738814 -10.021830 -14.864058
v 1.738814 -10.021830 -14.680535
v 1.738814 -10.021830 -14.497013
v 1.738814 -10.021830 -14.313490
v 1.723574 -8.770348 -14.313490
v 1.723574 -8.770348 -14.497013
v 1.723574 -8.770348 -14.680535
v 1.723574 -8.770348 -14.864058
v 2.696499 -8.734791 -15.047580
v 2.772653 -9.984047 -15.047580
v 2.772653 -9.984047 -14.864058
v 2.772653 -9.984047 -14.680535
v 2.772653 -9.984047 -14.497013
v 2.772653 -9.984047 -14.313490
v 2.696499 -8.734791 -14.313490
v 2.696499 -8.734791 -14.497013
v 2.696499 -8.734791 -14.680535
v 2.696499 -8.734791 -14.864058
v 3.666540 -8.651907 -15.047580
v 3.803426 -9.895973 -15.047580
v 3.803426 -9.895973 -14.864058
v 3.803426 -9.895973 -14.680535
v 3.803426 -9.895973 -14.497013
v 3.803426 -9.895973 -14.313490
v 3.666540 -8.651907 -14.313490
v 3.666540 -8.651907 -14.497013
v 3.666540 -8.651907 -14.680535
v 3.666540 -8.651907 -14.864058
v 4.631394 -8.521892 -15.047580
v 4.828688 -9.757818 -15.047580
v 4.828688 -9.757818 -14.864058
v 4.828688 -9.757818 -14.680535
v 4.828688 -9.757818 -14.497013
v 4.828688 -9.757818 -14.313490
v 4.631394 -8.521892 -14.313490
v 4.631394 -8.521892 -14.497013
v 4.631394 -8.521892 -14.680535
v 4.631394 -8.521892 -14.864058
v 5.588774 -8.345055 -15.047580
v 5.846009 -9.569910 -15.047580
v 5.846009 -9.569910 -14.864058
v 5.846009 -9.569910 -14.680535
v 5.846009 -9.569910 -14.497013
v 5.846009 -9.569910 -14.313490
v 5.588774 -8.345055 -14.313490
v 5.588774 -8.345055 -14.497013
v 5.588774 -8.345055 -14.680535
v 5.588774 -8.345055 -14.864058
v 6.536408 -8.121816 -15.047580
v 6.852973 -9.332693 -15.047580
v 6.852973 -9.332693 -14.864058
v 6.852973 -9.332693 -14.680535
v 6.852973 -9.332693 -14.497013
v 6.852973 -9.332693 -14.313490
v 6.536408 -8.121816 -14.313490
v 6.536408 -8.121816 -14.497013
v 6.536408 -8.121816 -14.680535
v 6.536408 -8.121816 -14.864058
v 7.472050 -7.852702 -15.047580
v 7.847195 -9.046731 -15.047580
v 7.847195 -9.046731 -14.864058
v 7.847195 -9.046731 -14.680535
v 7.847195 -9.046731 -14.497013
v 7.847195 -9.046731 -14.313490
v 7.472050 -7.852702 -14.313490
v 7.472050 -7.852702 -14.497013
v 7.472050 -7.852702 -14.680535
v 7.472050 -7.852702 -14.864058
v 8.393480 -7.538354 -15.047580
v 8.826314 -8.712702 -15.047580
v 8.826314 -8.712702 -14.864058
v 8.826314 -8.712702 -14.680535
v 8.826314 -8.712702 -14.497013
v 8.826314 -8.712702 -14.313490
v 8.393480 -7.538354 -14.313490
v 8.393480 -7.538354 -14.497013
v 8.393480 -7.538354 -14.680535
v 8.393480 -7.538354 -14.864058
v 9.298512 -7.179517 -15.047580
v 9.788009 -8.331398 -15.047580
v 9.788009 -8.331398 -14.864058
v 9.788009 -8.331398 -14.680535
v 9.788009 -8.331398 -14.497013
v 9.788009 -8.331398 -14.313490
v 9.298512 -7.179517 -14.313490
v 9.298512 -7.179517 -14.497013
v 9.298512 -7.179517 -14.680535
v 9.298512 -7.179517 -14.864058
v 10.185000 -6.777041 -15.047580
v 10.729999 -7.903724 -15.047580
v 10.729999 -7.903724 -14.864058
v 10.729999 -7.903724 -14.680535
v 10.729999 -7.903724 -14.497013
v 10.729999 -7.903724 -14.313490
v 10.185000 -6.777041 -14.313490
v 10.185000 -6.777041 -14.497013
v 10.185000 -6.777041 -14.680535
v 10.185000 -6.777041 -14.864058
v 11.050841 -6.331881 -15.047580
v 11.650049 -7.430693 -15.047580
v 11.650049 -7.430693 -14.864058
v 11.650049 -7.430693 -14.680535
v 11.650049 -7.430693 -14.497013
v 11.650049 -7.430693 -14.313490
v 11.050841 -6.331881 -14.313490
v 11.050841 -6.331881 -14.497013
v 11.050841 -6.331881 -14.680535
v 11.050841 -6.331881 -14.864058
v 11.893982 -5.845094 -15.047580
v 12.545977 -6.913429 -15.047580
v 12.545977 -6.913429 -14.864058
v 12.545977 -6.913429 -14.680535
v 12.545977 -6.913429 -14.497013
v 12.545977 -6.913429 -14.313490
v 11.893982 -5.845094 -14.313490
v 11.893982 -5.845094 -14.497013
v 11.893982 -5.845094 -14.680535
v 11.893982 -5.845094 -14.864058
v 12.712422 -5.317833 -15.047580
v 13.415659 -6.353157 -15.047580
v 13.415659 -6.353157 -14.864058
v 13.415659 -6.353157 -14.680535
v 13.415659 -6.353157 -14.497013
v 13.415659 -6.353157 -14.313490
v 12.712422 -5.317833 -14.313490
v 12.712422 -5.317833 -14.497013
v 12.712422 -5.317833 -14.680535
v 12.712422 -5.317833 -14.864058
v 13.504220 -4.751350 -15.047580
v 14.257030 -5.751208 -15.047580
v 14.257030 -5.751208 -14.864058
v 14.257030 -5.751208 -14.680535
v 14.257030 -5.751208 -14.497013
v 14.257030 -5.751208 -14.313490
v 13.504220 -4.751350 -14.313490
v 13.504220 -4.751350 -14.497013
v 13.504220 -4.751350 -14.680535
v 13.504220 -4.751350 -14.864058
v 14.267498 -4.146988 -15.047580
v 15.068097 -5.109007 -15.047580
v 15.068097 -5.109007 -14.864058
v 15.068097 -5.109007 -14.680535
v 15.068097 -5.109007 -14.497013
v 15.068097 -5.109007 -14.313490
v 14.267498 -4.146988 -14.313490
v 14.267498 -4.146988 -14.497013
v 14.267498 -4.146988 -14.680535
v 14.267498 -4.146988 -14.864058
v 15.000447 -3.506181 -15.047580
v 15.846934 -4.428080 -15.047580
v 15.846934 -4.428080 -14.864058
v 15.846934 -4.428080 -14.680535
v 15.846934 -4.428080 -14.497013
v 15.846934 -4.428080 -14.313490
v 15.000447 -3.506181 -14.313490
v 15.000447 -3.506181 -14.497013
v 15.000447 -3.506181 -14.680535
v 15.000447 -3.506181 -14.864058
v 15.701327 -2.830448 -15.047580
v 16.591695 -3.710040 -15.047580
v 16.591695 -3.710040 -14.864058
v 16.591695 -3.710040 -14.680535
v 16.591695 -3.710040 -14.497013
v 16.591695 -3.710040 -14.313490
v 15.701327 -2.830448 -14.313490
v 15.701327 -2.830448 -14.497013
v 15.701327 -2.830448 -14.680535
v 15.701327 -2.830448 -14.864058
v 16.368475 -2.121392 -15.047580
v 17.300613 -2.956591 -15.047580
v 17.300613 -2.956591 -14.864058
v 17.300613 -2.956591 -14.680535
v 17.300613 -2.956591 -14.497013
v 17.300613 -2.956591 -14.313490
v 16.368475 -2.121392 -14.313490
v 16.368475 -2.121392 -14.497013
v 16.368475 -2.121392 -14.680535
v 16.368475 -2.121392 -14.864058
v 17.000311 -1.380695 -15.047580
v 17.972007 -2.169520 -15.047580
v 17.972007 -2.169520 -14.864058
v 17.972007 -2.169520 -14.680535
v 17.972007 -2.169520 -14.497013
v 17.972007 -2.169520 -14.313490
v 17.000311 -1.380695 -14.313490
v 17.000311 -1.380695 -14.497013
v 17.000311 -1.380695 -14.680535
v 17.000311 -1.380695 -14.864058
v 17.595334 -0.610114 -15.047580
v 18.604284 -1.350694 -15.047580
v 18.604284 -1.350694 -14.864058
v 18.604284 -1.350694 -14.680535
v 18.604284 -1.350694 -14.497013
v 18.604284 -1.350694 -14.313490
v 17.595334 -0.610114 -14.313490
v 17.595334 -0.610114 -14.497013
v 17.595334 -0.610114 -14.680535
v 17.595334 -0.610114 -14.864058
v 18.152134 0.188523 -15.047580
v 19.195944 -0.502055 -15.047580
v 19.195944 -0.502055 -14.864058
v 19.195944 -0.502055 -14.680535
v 19.195944 -0.502055 -14.497013
v 19.195944 -0.502055 -14.313490
v 18.152134 0.188523 -14.313490
v 18.152134 0.188523 -14.497013
v 18.152134 0.188523 -14.680535
v 18.152134 0.188523 -14.864058
v 18.669390 1.013323 -15.047580
v 19.745585 0.374384 -15.047580
v 19.745585 0.374384 -14.864058
v 19.745585 0.374384 -14.680535
v 19.745585 0.374384 -14.497013
v 19.745585 0.374384 -14.313490
v 18.669390 1.013323 -14.313490
v 18.669390 1.013323 -14.497013
v 18.669390 1.013323 -14.680535
v 18.669390 1.013323 -14.864058
v 19.145874 1.862328 -15.047580
v 20.251902 1.276544 -15.047580
v 20.251902 1.276544 -14.864058
v 20.251902 1.276544 -14.680535
v 20.251902 1.276544 -14.497013
v 20.251902 1.276544 -14.313490
v 19.145874 1.862328 -14.313490
v 19.145874 1.862328 -14.497013
v 19.145874 1.862328 -14.680535
v 19.145874 1.862328 -14.864058
v 19.580458 2.733525 -15.047580
v 20.713694 2.202286 -15.047580
v 20.713694 2.202286 -14.864058
v 20.713694 2.202286 -14.680535
v 20.713694 2.202286 -14.497013
v 20.713694 2.202286 -14.313490
v 19.580458 2.733525 -14.313490
v 19.580458 2.733525 -14.497013
v 19.580458 2.733525 -14.680535
v 19.580458 2.733525 -14.864058
v 19.972110 3.624848 -15.047580
v 21.129867 3.149414 -15.047580
v 21.129867 3.149414 -14.864058
v 21.129867 3.149414 -14.680535
v 21.129867 3.149414 -14.497013
v 21.129867 3.149414 -14.313490
v 19.972110 3.624848 -14.313490
v 19.972110 3.624848 -14.497013
v 19.972110 3.624848 -14.680535
v 19.972110 3.624848 -14.864058
v 20.319901 4.534183 -15.047580
v 21.499432 4.115680 -15.047580
v 21.499432 4.115680 -14.864058
v 21.499432 4.115680 -14.680535
v 21.499432 4.115680 -14.497013
v 21.499432 4.115680 -14.313490
v 20.319901 4.534183 -14.313490
v 20.319901 4.534183 -14.497013
v 20.319901 4.534183 -14.680535
v 20.319901 4.534183 -14.864058
v 20.623006 5.459372 -15.047580
v 21.821514 5.098794 -15.047580
v 21.821514 5.098794 -14.864058
v 21.821514 5.098794 -14.680535
v 21.821514 5.098794 -14.497013
v 21.821514 5.098794 -14.313490
v 20.623006 5.459372 -14.313490
v 20.623006 5.459372 -14.497013
v 20.623006 5.459372 -14.680535
v 20.623006 5.459372 -14.864058
v 20.880707 6.398221 -15.047580
v 22.095349 6.096424 -15.047580
v 22.095349 6.096424 -14.864058
v 22.095349 6.096424 -14.680535
v 22.095349 6.096424 -14.497013
v 22.095349 6.096424 -14.313490
v 20.880707 6.398221 -14.313490
v 20.880707 6.398221 -14.497013
v 20.880707 6.398221 -14.680535
v 20.880707 6.398221 -14.864058
v 21.092391 7.348504 -15.047580
v 22.320287 7.106203 -15.047580
v 22.320287 7.106203 -14.864058
v 22.320287 7.106203 -14.680535
v 22.320287 7.106203 -14.497013
v 22.320287 7.106203 -14.313490
v 21.092391 7.348504 -14.313490
v 21.092391 7.348504 -14.497013
v 21.092391 7.348504 -14.680535
v 21.092391 7.348504 -14.864058
v 21.257558 8.307966 -15.047580
v 22.495794 8.125735 -15.047580
v 22.495794 8.125735 -14.864058
v 22.495794 8.125735 -14.680535
v 22.495794 8.125735 -14.497013
v 22.495794 8.125735 -14.313490
v 21.257558 8.307966 -14.313490
v 21.257558 8.307966 -14.497013
v 21.257558 8.307966 -14.680535
v 21.257558 8.307966 -14.864058
v 21.375814 9.274332 -15.047580
v 22.621455 9.152604 -15.047580
v 22.621455 9.152604 -14.864058
v 22.621455 9.152604 -14.680535
v 22.621455 9.152604 -14.497013
v 22.621455 9.152604 -14.313490
v 21.375814 9.274332 -14.313490
v 21.375814 9.274332 -14.497013
v 21.375814 9.274332 -14.680535
v 21.375814 9.274332 -14.864058
v 21.446881 10.245309 -15.047580
v 22.696971 10.184373 -15.047580
v 22.696971 10.184373 -14.864058
v 22.696971 10.184373 -14.680535
v 22.696971 10.184373 -14.497013
v 22.696971 10.184373 -14.313490
v 21.446881 10.245309 -14.313490
v 21.446881 10.245309 -14.497013
v 21.446881 10.245309 -14.680535
v 21.446881 10.245309 -14.864058
# 1290 vertices

vn 0.000000 0.000000 -1.000000
vn 1.000000 0.000000 0.000000
vn 1.000000 0.000000 0.000000
vn 0.998814 0.048688 0.000000
vn 1.000000 0.000000 0.000000
vn 0.998814 0.048688 0.000000
vn 0.000000 0.000000 1.000000
vn -1.000000 0.000000 0.000000
vn -0.998814 -0.048688 0.000000
vn -0.998814 -0.048688 0.000000
vn -1.000000 -0.000000 0.000000
vn -1.000000 -0.000000 0.000000
vn -0.998814 -0.048688 0.000000
vn -0.998814 -0.048688 0.000000
vn 0.995259 0.097259 0.000000
vn 0.995259 0.097259 0.000000
vn 0.995259 0.097259 0.000000
vn -0.995259 -0.097260 0.000000
vn -0.995259 -0.097260 0.000000
vn -0.995259 -0.097260 0.000000
vn -0.995259 -0.097260 0.000000
vn 0.989344 0.145601 0.000000
vn 0.989343 0.145601 0.000000
vn -0.989343 -0.145601 0.000000
vn -0.989343 -0.145601 0.000000
vn -0.989343 -0.145601 0.000000
vn 0.981081 0.193598 0.000000
vn 0.981081 0.193598 0.000000
vn -0.981081 -0.193597 0.000000
vn -0.981081 -0.193597 0.000000
vn 0.970492 0.241135 0.000000
vn 0.970492 0.241135 0.000000
vn -0.970492 -0.241134 0.000000
vn -0.970492 -0.241134 0.000000
vn -0.970492 -0.241134 0.000000
vn 0.957601 0.288099 0.000000
vn 0.957601 0.288099 0.000000
vn -0.957601 -0.288099 0.000000
vn -0.957600 -0.288099 0.000000
vn 0.942438 0.334381 0.000000
vn -0.942438 -0.334381 0.000000
vn 0.925040 0.379869 0.000000
vn 0.925040 0.379869 0.000000
vn -0.925040 -0.379869 0.000000
vn -0.925040 -0.379869 0.000000
vn -0.925040 -0.379869 0.000000
vn 0.905448 0.424456 0.000000
vn -0.905448 -0.424457 0.000000
vn -0.905448 -0.424457 0.000000
vn 0.883709 0.468037 0.000000
vn 0.883709 0.468037 0.000000
vn 0.883709 0.468037 0.000000
vn -0.883709 -0.468037 0.000000
vn 0.859873 0.510508 0.000000
vn 0.859873 0.510508 0.000000
vn 0.859873 0.510508 0.000000
vn -0.859873 -0.510508 0.000000
vn -0.859873 -0.510508 0.000000
vn 0.833998 0.551768 0.000000
vn 0.833998 0.551768 0.000000
vn -0.833998 -0.551768 0.000000
vn -0.833997 -0.551768 0.000000
vn -0.833997 -0.551768 0.000000
vn 0.806145 0.591718 0.000000
vn 0.806145 0.591718 0.000000
vn 0.806145 0.591718 0.000000
vn -0.806145 -0.591718 0.000000
vn 0.776379 0.630266 0.000000
vn 0.776379 0.630266 0.000000
vn 0.776379 0.630266 0.000000
vn -0.776379 -0.630266 0.000000
vn -0.776379 -0.630266 0.000000
vn 0.744772 0.667319 0.000000
vn 0.744772 0.667319 0.000000
vn -0.744772 -0.667319 0.000000
vn 0.711399 0.702789 0.000000
vn 0.711399 0.702789 0.000000
vn -0.711399 -0.702788 0.000000
vn 0.676338 0.736591 0.000000
vn -0.676338 -0.736592 0.000000
vn -0.676338 -0.736592 0.000000
vn 0.639673 0.768647 0.000000
vn 0.639673 0.768647 0.000000
vn 0.639673 0.768647 0.000000
vn -0.639673 -0.768647 0.000000
vn -0.639673 -0.768647 0.000000
vn -0.639673 -0.768647 0.000000
vn 0.601491 0.798880 0.000000
vn 0.601491 0.798880 0.000000
vn -0.601491 -0.798880 0.000000
vn -0.601491 -0.798880 0.000000
vn -0.601491 -0.798880 0.000000
vn 0.561882 0.827217 0.000000
vn 0.561882 0.827217 0.000000
vn -0.561882 -0.827218 0.000000
vn -0.561882 -0.827218 0.000000
vn 0.520940 0.853593 0.000000
vn 0.520940 0.853593 0.000000
vn -0.520940 -0.853593 0.000000
vn 0.478762 0.877944 0.000000
vn 0.478763 0.877944 0.000000
vn -0.478763 -0.877944 0.000000
vn 0.435450 0.900213 0.000000
vn 0.435450 0.900213 0.000000
vn -0.435450 -0.900213 0.000000
vn 0.391105 0.920346 0.000000
vn -0.391104 -0.920346 0.000000
vn -0.391104 -0.920346 0.000000
vn 0.345832 0.938297 0.000000
vn -0.345831 -0.938297 0.000000
vn -0.345831 -0.938297 0.000000
vn 0.299738 0.954022 0.000000
vn 0.299738 0.954022 0.000000
vn -0.299738 -0.954022 0.000000
vn -0.299738 -0.954022 0.000000
vn -0.299738 -0.954022 0.000000
vn 0.252932 0.967484 0.000000
vn 0.252932 0.967484 0.000000
vn -0.252934 -0.967484 0.000000
vn -0.252934 -0.967484 0.000000
vn -0.252934 -0.967484 0.000000
vn 0.205530 0.978651 0.000000
vn -0.205529 -0.978651 0.000000
vn -0.205529 -0.978651 0.000000
vn 0.157638 0.987497 0.000000
vn 0.157638 0.987497 0.000000
vn -0.157637 -0.987497 0.000000
vn 0.109371 0.994001 0.000000
vn -0.109371 -0.994001 0.000000
vn -0.109371 -0.994001 0.000000
vn 0.060845 0.998147 0.000000
vn -0.060846 -0.998147 0.000000
vn 0.012176 0.999926 0.000000
vn -0.012177 -0.999926 0.000000
vn -0.012177 -0.999926 0.000000
vn -0.012177 -0.999926 0.000000
vn -0.036521 0.999333 0.000000
vn 0.036522 -0.999333 0.000000
vn 0.036522 -0.999333 0.000000
vn 0.036522 -0.999333 0.000000
vn -0.085134 0.996369 0.000000
vn 0.085134 -0.996369 0.000000
vn 0.085134 -0.996369 0.000000
vn 0.085134 -0.996369 0.000000
vn -0.133543 0.991043 0.000000
vn -0.133543 0.991043 0.000000
vn 0.133544 -0.991043 0.000000
vn 0.133544 -0.991043 0.000000
vn -0.181637 0.983366 0.000000
vn -0.181637 0.983366 0.000000
vn -0.181637 0.983366 0.000000
vn 0.181637 -0.983366 0.000000
vn 0.181637 -0.983366 0.000000
vn -0.229299 0.973356 0.000000
vn -0.229299 0.973356 0.000000
vn 0.229299 -0.973356 0.000000
vn 0.229299 -0.973356 0.000000
vn -0.276418 0.961038 0.000000
vn 0.276418 -0.961038 0.000000
vn -0.322881 0.946440 0.000000
vn -0.322881 0.946440 0.000000
vn 0.322881 -0.946440 0.000000
vn 0.322881 -0.946440 0.000000
vn -0.368577 0.929597 0.000000
vn -0.368577 0.929597 0.000000
vn 0.368577 -0.929597 0.000000
vn 0.368577 -0.929597 0.000000
vn 0.368577 -0.929597 0.000000
vn 0.368577 -0.929597 0.000000
vn -0.413400 0.910550 0.000000
vn 0.413400 -0.910550 0.000000
vn 0.413400 -0.910550 0.000000
vn 0.413400 -0.910550 0.000000
vn -0.457242 0.889342 0.000000
vn -0.457242 0.889342 0.000000
vn 0.457242 -0.889342 0.000000
vn 0.457242 -0.889342 0.000000
vn -0.500000 0.866026 0.000000
vn -0.500000 0.866025 0.000000
vn 0.500000 -0.866025 0.000000
vn 0.500000 -0.866025 0.000000
vn -0.541572 0.840654 0.000000
vn 0.541572 -0.840654 0.000000
vn -0.581859 0.813290 0.000000
vn -0.581859 0.813290 0.000000
vn 0.581859 -0.813290 0.000000
vn -0.620766 0.783996 0.000000
vn -0.620766 0.783996 0.000000
vn 0.620766 -0.783996 0.000000
vn 0.620766 -0.783996 0.000000
vn -0.658201 0.752842 0.000000
vn -0.658201 0.752842 0.000000
vn 0.658201 -0.752843 0.000000
vn 0.658200 -0.752843 0.000000
vn -0.694074 0.719904 0.000000
vn -0.694074 0.719904 0.000000
vn 0.694074 -0.719903 0.000000
vn -0.728301 0.685257 0.000000
vn -0.728301 0.685257 0.000000
vn -0.728301 0.685257 0.000000
vn 0.728301 -0.685257 0.000000
vn -0.760801 0.648985 0.000000
vn -0.760801 0.648985 0.000000
vn -0.760801 0.648985 0.000000
vn 0.760801 -0.648985 0.000000
vn -0.791496 0.611174 0.000000
vn 0.791496 -0.611174 0.000000
vn 0.791496 -0.611174 0.000000
vn -0.820314 0.571913 0.000000
vn -0.820314 0.571913 0.000000
vn 0.820314 -0.571913 0.000000
vn 0.820314 -0.571913 0.000000
vn -0.847187 0.531295 0.000000
vn 0.847187 -0.531295 0.000000
vn 0.847187 -0.531295 0.000000
vn 0.847187 -0.531295 0.000000
vn -0.872050 0.489417 0.000000
vn 0.872049 -0.489418 0.000000
vn -0.894844 0.446379 0.000000
vn 0.894844 -0.446380 0.000000
vn -0.915515 0.402283 0.000000
vn -0.915515 0.402283 0.000000
vn -0.915515 0.402283 0.000000
vn 0.915516 -0.402282 0.000000
vn 0.915516 -0.402282 0.000000
vn 0.915516 -0.402282 0.000000
vn -0.934016 0.357231 0.000000
vn -0.934016 0.357231 0.000000
vn -0.934016 0.357231 0.000000
vn 0.934016 -0.357231 0.000000
vn 0.934016 -0.357231 0.000000
vn -0.950301 0.311332 0.000000
vn 0.950301 -0.311332 0.000000
vn -0.964332 0.264695 0.000000
vn -0.964332 0.264695 0.000000
vn 0.964332 -0.264695 0.000000
vn 0.964332 -0.264695 0.000000
vn -0.976076 0.217430 0.000000
vn -0.976076 0.217430 0.000000
vn 0.976076 -0.217431 0.000000
vn -0.985504 0.169649 0.000000
vn -0.985505 0.169649 0.000000
vn 0.985504 -0.169650 0.000000
vn 0.985504 -0.169650 0.000000
vn -0.992595 0.121467 0.000000
vn -0.992595 0.121467 0.000000
vn 0.992596 -0.121466 0.000000
vn 0.992596 -0.121466 0.000000
vn 0.992596 -0.121466 0.000000
vn -0.997332 0.072996 0.000000
vn 0.997332 -0.072995 0.000000
vn -0.999703 0.024351 0.000000
vn -0.999703 0.024351 0.000000
vn 0.999703 -0.024351 0.000000
vn 0.999703 -0.024351 0.000000
vn -0.999703 -0.024351 0.000000
vn -0.999703 -0.024351 0.000000
vn 0.999703 0.024351 0.000000
vn 0.999703 0.024351 0.000000
vn 0.999703 0.024351 0.000000
vn -0.997332 -0.072996 0.000000
vn 0.997332 0.072995 0.000000
vn 0.997332 0.072995 0.000000
vn 0.997332 0.072995 0.000000
vn 0.997332 0.072995 0.000000
vn -0.992595 -0.121467 0.000000
vn -0.992595 -0.121467 0.000000
vn -0.992595 -0.121467 0.000000
vn 0.992596 0.121466 0.000000
vn -0.985505 -0.169649 0.000000
vn -0.985505 -0.169649 0.000000
vn 0.985504 0.169650 0.000000
vn 0.985504 0.169650 0.000000
vn -0.976076 -0.217430 0.000000
vn -0.976076 -0.217430 0.000000
vn -0.976076 -0.217430 0.000000
vn 0.976076 0.217431 0.000000
vn 0.976076 0.217431 0.000000
vn -0.964332 -0.264695 0.000000
vn -0.964332 -0.264695 0.000000
vn 0.964332 0.264695 0.000000
vn -0.950301 -0.311332 0.000000
vn -0.950301 -0.311332 0.000000
vn 0.950301 0.311332 0.000000
vn 0.950301 0.311332 0.000000
vn -0.934016 -0.357231 0.000000
vn -0.934016 -0.357231 0.000000
vn 0.934016 0.357231 0.000000
vn -0.915515 -0.402283 0.000000
vn -0.915515 -0.402283 0.000000
vn -0.915515 -0.402283 0.000000
vn 0.915516 0.402282 0.000000
vn 0.915516 0.402282 0.000000
vn -0.894844 -0.446380 0.000000
vn 0.894844 0.446379 0.000000
vn 0.894844 0.446379 0.000000
vn -0.872050 -0.489418 0.000000
vn -0.872050 -0.489418 0.000000
vn -0.872050 -0.489418 0.000000
vn 0.872049 0.489418 0.000000
vn 0.872049 0.489418 0.000000
vn -0.847187 -0.531295 0.000000
vn 0.847186 0.531296 0.000000
vn 0.847186 0.531296 0.000000
vn -0.820314 -0.571913 0.000000
vn 0.820314 0.571913 0.000000
vn -0.791497 -0.611174 0.000000
vn -0.791497 -0.611174 0.000000
vn 0.791497 0.611174 0.000000
vn 0.791497 0.611174 0.000000
vn -0.760801 -0.648985 0.000000
vn -0.760801 -0.648985 0.000000
vn 0.760801 0.648985 0.000000
vn 0.760801 0.648985 0.000000
vn -0.728301 -0.685257 0.000000
vn 0.728302 0.685257 0.000000
vn 0.728302 0.685257 0.000000
vn 0.728302 0.685257 0.000000
vn -0.694074 -0.719904 0.000000
vn -0.694074 -0.719904 0.000000
vn -0.694074 -0.719904 0.000000
vn 0.694074 0.719904 0.000000
vn 0.694074 0.719904 0.000000
vn 0.694074 0.719904 0.000000
vn -0.658201 -0.752842 0.000000
vn 0.658201 0.752843 0.000000
vn -0.620766 -0.783996 0.000000
vn -0.620766 -0.783996 0.000000
vn 0.620766 0.783996 0.000000
vn -0.581859 -0.813290 0.000000
vn 0.581859 0.813290 0.000000
vn 0.581859 0.813290 0.000000
vn -0.541572 -0.840654 0.000000
vn 0.541572 0.840654 0.000000
vn 0.541572 0.840654 0.000000
vn 0.541572 0.840654 0.000000
vn -0.500000 -0.866025 0.000000
vn -0.500000 -0.866025 0.000000
vn 0.500000 0.866025 0.000000
vn -0.457242 -0.889342 0.000000
vn -0.457242 -0.889342 0.000000
vn 0.457242 0.889342 0.000000
vn 0.457242 0.889342 0.000000
vn -0.413400 -0.910550 0.000000
vn -0.413400 -0.910550 0.000000
vn -0.413400 -0.910550 0.000000
vn 0.413400 0.910550 0.000000
vn 0.413400 0.910550 0.000000
vn 0.413400 0.910550 0.000000
vn -0.368577 -0.929597 0.000000
vn -0.368577 -0.929597 0.000000
vn -0.368577 -0.929597 0.000000
vn 0.368577 0.929597 0.000000
vn 0.368577 0.929597 0.000000
vn -0.322880 -0.946440 0.000000
vn -0.322880 -0.946440 0.000000
vn 0.322880 0.946440 0.000000
vn -0.276418 -0.961038 0.000000
vn -0.276418 -0.961038 0.000000
vn -0.276418 -0.961038 0.000000
vn 0.276418 0.961038 0.000000
vn 0.276418 0.961038 0.000000
vn -0.229299 -0.973356 0.000000
vn -0.229299 -0.973356 0.000000
vn -0.229299 -0.973356 0.000000
vn 0.229299 0.973356 0.000000
vn 0.229299 0.973356 0.000000
vn -0.181637 -0.983366 0.000000
vn -0.181637 -0.983366 0.000000
vn 0.181637 0.983366 0.000000
vn 0.181637 0.983366 0.000000
vn 0.181637 0.983366 0.000000
vn -0.133544 -0.991043 0.000000
vn -0.133544 -0.991043 0.000000
vn 0.133544 0.991043 0.000000
vn 0.133544 0.991043 0.000000
vn -0.085134 -0.996369 0.000000
vn 0.085134 0.996369 0.000000
vn -0.036522 -0.999333 0.000000
vn 0.036522 0.999333 0.000000
vn 0.012176 -0.999926 0.000000
vn 0.012176 -0.999926 0.000000
vn 0.012176 -0.999926 0.000000
vn -0.012176 0.999926 0.000000
vn 0.060846 -0.998147 0.000000
vn 0.060846 -0.998147 0.000000
vn -0.060846 0.998147 0.000000
vn 0.109371 -0.994001 0.000000
vn 0.109371 -0.994001 0.000000
vn -0.109371 0.994001 0.000000
vn 0.157637 -0.987497 0.000000
vn 0.157637 -0.987497 0.000000
vn -0.157637 0.987497 0.000000
vn -0.157637 0.987497 0.000000
vn 0.205529 -0.978651 0.000000
vn 0.205529 -0.978651 0.000000
vn 0.205529 -0.978651 0.000000
vn -0.205529 0.978651 0.000000
vn -0.205529 0.978651 0.000000
vn 0.252934 -0.967484 0.000000
vn 0.252934 -0.967484 0.000000
vn -0.252934 0.967484 0.000000
vn -0.252934 0.967484 0.000000
vn 0.299738 -0.954022 0.000000
vn -0.299738 0.954022 0.000000
vn -0.299738 0.954022 0.000000
vn 0.345831 -0.938297 0.000000
vn -0.345831 0.938297 0.000000
vn -0.345831 0.938297 0.000000
vn -0.345831 0.938297 0.000000
vn -0.345831 0.938297 0.000000
vn 0.391105 -0.920346 0.000000
vn 0.391105 -0.920346 0.000000
vn -0.391105 0.920346 0.000000
vn -0.391105 0.920346 0.000000
vn 0.435450 -0.900213 0.000000
vn 0.435450 -0.900213 0.000000
vn -0.435450 0.900213 0.000000
vn -0.435450 0.900213 0.000000
vn 0.478763 -0.877944 0.000000
vn 0.478763 -0.877944 0.000000
vn -0.478763 0.877944 0.000000
vn -0.478763 0.877944 0.000000
vn 0.520940 -0.853593 0.000000
vn 0.520940 -0.853593 0.000000
vn -0.520940 0.853593 0.000000
vn 0.561882 -0.827217 0.000000
vn 0.561882 -0.827217 0.000000
vn -0.561882 0.827217 0.000000
vn 0.601491 -0.798880 0.000000
vn 0.601491 -0.798880 0.000000
vn -0.601491 0.798880 0.000000
vn -0.601491 0.798880 0.000000
vn -0.601491 0.798880 0.000000
vn 0.639673 -0.768647 0.000000
vn 0.639673 -0.768647 0.000000
vn -0.639673 0.768647 0.000000
vn -0.639673 0.768647 0.000000
vn 0.676338 -0.736591 0.000000
vn 0.676338 -0.736591 0.000000
vn -0.676338 0.736591 0.000000
vn -0.676338 0.736591 0.000000
vn 0.711399 -0.702789 0.000000
vn -0.711399 0.702788 0.000000
vn -0.711399 0.702788 0.000000
vn -0.711399 0.702788 0.000000
vn 0.744772 -0.667319 0.000000
vn 0.744772 -0.667319 0.000000
vn -0.744772 0.667319 0.000000
vn -0.744772 0.667319 0.000000
vn 0.776379 -0.630266 0.000000
vn -0.776379 0.630266 0.000000
vn 0.806145 -0.591718 0.000000
vn 0.806145 -0.591718 0.000000
vn 0.806145 -0.591718 0.000000
vn -0.806145 0.591719 0.000000
vn -0.806144 0.591719 0.000000
vn 0.833998 -0.551768 0.000000
vn 0.833998 -0.551768 0.000000
vn -0.833998 0.551768 0.000000
vn -0.833998 0.551768 0.000000
vn -0.833998 0.551768 0.000000
vn 0.859873 -0.510508 0.000000
vn 0.859873 -0.510508 0.000000
vn -0.859873 0.510508 0.000000
vn -0.859873 0.510508 0.000000
vn -0.859873 0.510508 0.000000
vn 0.883709 -0.468037 0.000000
vn 0.883709 -0.468037 0.000000
vn -0.883709 0.468037 0.000000
vn 0.905448 -0.424456 0.000000
vn 0.905448 -0.424456 0.000000
vn 0.905448 -0.424456 0.000000
vn -0.905448 0.424457 0.000000
vn -0.905448 0.424457 0.000000
vn 0.925040 -0.379869 0.000000
vn 0.925040 -0.379869 0.000000
vn 0.925040 -0.379869 0.000000
vn -0.925040 0.379869 0.000000
vn -0.925040 0.379869 0.000000
vn -0.925040 0.379869 0.000000
vn 0.942438 -0.334381 0.000000
vn -0.942438 0.334381 0.000000
vn -0.942438 0.334381 0.000000
vn 0.957601 -0.288099 0.000000
vn 0.957601 -0.288099 0.000000
vn -0.957601 0.288099 0.000000
vn 0.970492 -0.241135 0.000000
vn 0.970492 -0.241135 0.000000
vn 0.970492 -0.241135 0.000000
vn -0.970492 0.241134 0.000000
vn -0.970492 0.241134 0.000000
vn -0.970492 0.241134 0.000000
vn -0.970492 0.241134 0.000000
vn 0.981081 -0.193598 0.000000
vn 0.981081 -0.193598 0.000000
vn -0.981081 0.193597 0.000000
vn 0.989344 -0.145601 0.000000
vn -0.989343 0.145601 0.000000
vn -0.989343 0.145601 0.000000
vn -0.989343 0.145601 0.000000
vn 0.995259 -0.097259 0.000000
vn 0.995259 -0.097259 0.000000
vn -0.995259 0.097260 0.000000
vn -0.995259 0.097260 0.000000
vn -0.995259 0.097260 0.000000
vn 0.998814 -0.048688 0.000000
vn 0.998814 -0.048688 0.000000
vn 0.998814 -0.048688 0.000000
vn 0.998814 -0.048688 0.000000
vn -0.998814 0.048688 0.000000
vn -0.998814 0.048688 0.000000
vn -0.998814 0.048687 0.000000
vn -0.998814 0.048687 0.000000
# 514 normals

vt 0.029460 0.500000 0.000000
vt 0.000000 0.500000 0.000000
vt 0.000593 0.524344 0.000000
vt 0.030018 0.522909 0.000000
vt 0.000000 0.000000 0.000000
vt 0.000000 0.250000 0.000000
vt 0.007752 0.250000 0.000000
vt 0.007752 0.000000 0.000000
vt 0.007752 0.500000 0.000000
vt 0.000000 0.750000 0.000000
vt 0.007752 0.750000 0.000000
vt 0.000000 1.000000 0.000000
vt 0.007752 1.000000 0.000000
vt 1.000000 0.500000 0.000000
vt 0.970540 0.500000 0.000000
vt 0.969982 0.522909 0.000000
vt 0.999407 0.524344 0.000000
vt 0.002370 0.548630 0.000000
vt 0.031691 0.545765 0.000000
vt 0.015504 0.250000 0.000000
vt 0.015504 0.000000 0.000000
vt 0.015504 0.500000 0.000000
vt 0.015504 0.750000 0.000000
vt 0.015504 1.000000 0.000000
vt 0.968309 0.545765 0.000000
vt 0.997630 0.548630 0.000000
vt 0.005328 0.572801 0.000000
vt 0.034474 0.568511 0.000000
vt 0.023256 0.250000 0.000000
vt 0.023256 0.000000 0.000000
vt 0.023256 0.500000 0.000000
vt 0.023256 0.750000 0.000000
vt 0.023256 1.000000 0.000000
vt 0.965526 0.568511 0.000000
vt 0.994672 0.572801 0.000000
vt 0.009459 0.596799 0.000000
vt 0.038362 0.591095 0.000000
vt 0.031008 0.250000 0.000000
vt 0.031008 0.000000 0.000000
vt 0.031008 0.500000 0.000000
vt 0.031008 0.750000 0.000000
vt 0.031008 1.000000 0.000000
vt 0.961638 0.591095 0.000000
vt 0.990541 0.596799 0.000000
vt 0.014754 0.620567 0.000000
vt 0.043345 0.613463 0.000000
vt 0.038760 0.250000 0.000000
vt 0.038760 0.000000 0.000000
vt 0.038760 0.500000 0.000000
vt 0.038760 0.750000 0.000000
vt 0.038760 1.000000 0.000000
vt 0.956655 0.613463 0.000000
vt 0.985246 0.620567 0.000000
vt 0.021200 0.644050 0.000000
vt 0.049411 0.635562 0.000000
vt 0.046512 0.250000 0.000000
vt 0.046512 0.000000 0.000000
vt 0.046512 0.500000 0.000000
vt 0.046512 0.750000 0.000000
vt 0.046512 1.000000 0.000000
vt 0.950589 0.635562 0.000000
vt 0.978800 0.644050 0.000000
vt 0.028781 0.667190 0.000000
vt 0.056545 0.657340 0.000000
vt 0.054264 0.250000 0.000000
vt 0.054264 0.000000 0.000000
vt 0.054264 0.500000 0.000000
vt 0.054264 0.750000 0.000000
vt 0.054264 1.000000 0.000000
vt 0.943455 0.657340 0.000000
vt 0.971219 0.667190 0.000000
vt 0.037480 0.689935 0.000000
vt 0.064731 0.678744 0.000000
vt 0.062016 0.250000 0.000000
vt 0.062016 0.000000 0.000000
vt 0.062016 0.500000 0.000000
vt 0.062016 0.750000 0.000000
vt 0.062016 1.000000 0.000000
vt 0.935269 0.678744 0.000000
vt 0.962520 0.689935 0.000000
vt 0.047276 0.712228 0.000000
vt 0.073950 0.699724 0.000000
vt 0.069767 0.250000 0.000000
vt 0.069767 0.000000 0.000000
vt 0.069767 0.500000 0.000000
vt 0.069767 0.750000 0.000000
vt 0.069767 1.000000 0.000000
vt 0.926050 0.699724 0.000000
vt 0.952724 0.712228 0.000000
vt 0.058146 0.734019 0.000000
vt 0.084180 0.720230 0.000000
vt 0.077519 0.250000 0.000000
vt 0.077519 0.000000 0.000000
vt 0.077519 0.500000 0.000000
vt 0.077519 0.750000 0.000000
vt 0.077519 1.000000 0.000000
vt 0.915820 0.720230 0.000000
vt 0.941854 0.734019 0.000000
vt 0.070064 0.755254 0.000000
vt 0.095395 0.740215 0.000000
vt 0.085271 0.250000 0.000000
vt 0.085271 0.000000 0.000000
vt 0.085271 0.500000 0.000000
vt 0.085271 0.750000 0.000000
vt 0.085271 1.000000 0.000000
vt 0.904605 0.740215 0.000000
vt 0.929936 0.755254 0.000000
vt 0.083001 0.775884 0.000000
vt 0.107571 0.759629 0.000000
vt 0.093023 0.250000 0.000000
vt 0.093023 0.000000 0.000000
vt 0.093023 0.500000 0.000000
vt 0.093023 0.750000 0.000000
vt 0.093023 1.000000 0.000000
vt 0.892429 0.759629 0.000000
vt 0.916999 0.775884 0.000000
vt 0.096928 0.795859 0.000000
vt 0.120677 0.778427 0.000000
vt 0.100775 0.250000 0.000000
vt 0.100775 0.000000 0.000000
vt 0.100775 0.500000 0.000000
vt 0.100775 0.750000 0.000000
vt 0.100775 1.000000 0.000000
vt 0.879323 0.778427 0.000000
vt 0.903072 0.795859 0.000000
vt 0.111810 0.815133 0.000000
vt 0.134683 0.796566 0.000000
vt 0.108527 0.250000 0.000000
vt 0.108527 0.000000 0.000000
vt 0.108527 0.500000 0.000000
vt 0.108527 0.750000 0.000000
vt 0.108527 1.000000 0.000000
vt 0.865317 0.796566 0.000000
vt 0.888190 0.815133 0.000000
vt 0.127614 0.833659 0.000000
vt 0.149555 0.814000 0.000000
vt 0.116279 0.250000 0.000000
vt 0.116279 0.000000 0.000000
vt 0.116279 0.500000 0.000000
vt 0.116279 0.750000 0.000000
vt 0.116279 1.000000 0.000000
vt 0.850445 0.814000 0.000000
vt 0.872386 0.833659 0.000000
vt 0.144301 0.851394 0.000000
vt 0.165258 0.830690 0.000000
vt 0.124031 0.250000 0.000000
vt 0.124031 0.000000 0.000000
vt 0.124031 0.500000 0.000000
vt 0.124031 0.750000 0.000000
vt 0.124031 1.000000 0.000000
vt 0.834742 0.830690 0.000000
vt 0.855699 0.851394 0.000000
vt 0.161831 0.868296 0.000000
vt 0.181756 0.846596 0.000000
vt 0.131783 0.250000 0.000000
vt 0.131783 0.000000 0.000000
vt 0.131783 0.500000 0.000000
vt 0.131783 0.750000 0.000000
vt 0.131783 1.000000 0.000000
vt 0.818244 0.846596 0.000000
vt 0.838169 0.868296 0.000000
vt 0.180163 0.884324 0.000000
vt 0.199008 0.861679 0.000000
vt 0.139535 0.250000 0.000000
vt 0.139535 0.000000 0.000000
vt 0.139535 0.500000 0.000000
vt 0.139535 0.750000 0.000000
vt 0.139535 1.000000 0.000000
vt 0.800992 0.861679 0.000000
vt 0.819836 0.884324 0.000000
vt 0.199255 0.899440 0.000000
vt 0.216974 0.875905 0.000000
vt 0.147287 0.250000 0.000000
vt 0.147287 0.000000 0.000000
vt 0.147287 0.500000 0.000000
vt 0.147287 0.750000 0.000000
vt 0.147287 1.000000 0.000000
vt 0.783026 0.875905 0.000000
vt 0.800745 0.899440 0.000000
vt 0.219059 0.913609 0.000000
vt 0.235612 0.889239 0.000000
vt 0.155039 0.250000 0.000000
vt 0.155039 0.000000 0.000000
vt 0.155039 0.500000 0.000000
vt 0.155039 0.750000 0.000000
vt 0.155039 1.000000 0.000000
vt 0.764388 0.889239 0.000000
vt 0.780941 0.913609 0.000000
vt 0.239530 0.926797 0.000000
vt 0.254877 0.901650 0.000000
vt 0.162791 0.250000 0.000000
vt 0.162791 0.000000 0.000000
vt 0.162791 0.500000 0.000000
vt 0.162791 0.750000 0.000000
vt 0.162791 1.000000 0.000000
vt 0.745123 0.901650 0.000000
vt 0.760470 0.926797 0.000000
vt 0.260618 0.938972 0.000000
vt 0.274723 0.913108 0.000000
vt 0.170543 0.250000 0.000000
vt 0.170543 0.000000 0.000000
vt 0.170543 0.500000 0.000000
vt 0.170543 0.750000 0.000000
vt 0.170543 1.000000 0.000000
vt 0.725277 0.913108 0.000000
vt 0.739382 0.938972 0.000000
vt 0.282275 0.950106 0.000000
vt 0.295103 0.923586 0.000000
vt 0.178295 0.250000 0.000000
vt 0.178295 0.000000 0.000000
vt 0.178295 0.500000 0.000000
vt 0.178295 0.750000 0.000000
vt 0.178295 1.000000 0.000000
vt 0.704897 0.923586 0.000000
vt 0.717725 0.950106 0.000000
vt 0.304448 0.960173 0.000000
vt 0.315970 0.933060 0.000000
vt 0.186047 0.250000 0.000000
vt 0.186047 0.000000 0.000000
vt 0.186047 0.500000 0.000000
vt 0.186047 0.750000 0.000000
vt 0.186047 1.000000 0.000000
vt 0.684030 0.933060 0.000000
vt 0.695552 0.960173 0.000000
vt 0.327084 0.969148 0.000000
vt 0.337272 0.941506 0.000000
vt 0.193798 0.250000 0.000000
vt 0.193798 0.000000 0.000000
vt 0.193798 0.500000 0.000000
vt 0.193798 0.750000 0.000000
vt 0.193798 1.000000 0.000000
vt 0.662728 0.941506 0.000000
vt 0.672916 0.969148 0.000000
vt 0.350131 0.977011 0.000000
vt 0.358961 0.948905 0.000000
vt 0.201550 0.250000 0.000000
vt 0.201550 0.000000 0.000000
vt 0.201550 0.500000 0.000000
vt 0.201550 0.750000 0.000000
vt 0.201550 1.000000 0.000000
vt 0.641039 0.948905 0.000000
vt 0.649869 0.977011 0.000000
vt 0.373533 0.983742 0.000000
vt 0.380985 0.955240 0.000000
vt 0.209302 0.250000 0.000000
vt 0.209302 0.000000 0.000000
vt 0.209302 0.500000 0.000000
vt 0.209302 0.750000 0.000000
vt 0.209302 1.000000 0.000000
vt 0.619015 0.955240 0.000000
vt 0.626467 0.983742 0.000000
vt 0.397236 0.989326 0.000000
vt 0.403290 0.960495 0.000000
vt 0.217054 0.250000 0.000000
vt 0.217054 0.000000 0.000000
vt 0.217054 0.500000 0.000000
vt 0.217054 0.750000 0.000000
vt 0.217054 1.000000 0.000000
vt 0.596710 0.960495 0.000000
vt 0.602764 0.989326 0.000000
vt 0.421181 0.993749 0.000000
vt 0.425825 0.964657 0.000000
vt 0.224806 0.250000 0.000000
vt 0.224806 0.000000 0.000000
vt 0.224806 0.500000 0.000000
vt 0.224806 0.750000 0.000000
vt 0.224806 1.000000 0.000000
vt 0.574175 0.964657 0.000000
vt 0.578819 0.993749 0.000000
vt 0.445314 0.997000 0.000000
vt 0.448536 0.967717 0.000000
vt 0.232558 0.250000 0.000000
vt 0.232558 0.000000 0.000000
vt 0.232558 0.500000 0.000000
vt 0.232558 0.750000 0.000000
vt 0.232558 1.000000 0.000000
vt 0.551464 0.967717 0.000000
vt 0.554686 0.997000 0.000000
vt 0.469577 0.999074 0.000000
vt 0.471370 0.969668 0.000000
vt 0.240310 0.250000 0.000000
vt 0.240310 0.000000 0.000000
vt 0.240310 0.500000 0.000000
vt 0.240310 0.750000 0.000000
vt 0.240310 1.000000 0.000000
vt 0.528630 0.969668 0.000000
vt 0.530423 0.999074 0.000000
vt 0.493912 0.999963 0.000000
vt 0.494271 0.970505 0.000000
vt 0.248062 0.250000 0.000000
vt 0.248062 0.000000 0.000000
vt 0.248062 0.500000 0.000000
vt 0.248062 0.750000 0.000000
vt 0.248062 1.000000 0.000000
vt 0.505729 0.970505 0.000000
vt 0.506088 0.999963 0.000000
vt 0.518261 0.999666 0.000000
vt 0.517185 0.970226 0.000000
vt 0.255814 0.250000 0.000000
vt 0.255814 0.000000 0.000000
vt 0.255814 0.500000 0.000000
vt 0.255814 0.750000 0.000000
vt 0.255814 1.000000 0.000000
vt 0.482815 0.970226 0.000000
vt 0.481739 0.999666 0.000000
vt 0.542567 0.998185 0.000000
vt 0.540059 0.968832 0.000000
vt 0.263566 0.250000 0.000000
vt 0.263566 0.000000 0.000000
vt 0.263566 0.500000 0.000000
vt 0.263566 0.750000 0.000000
vt 0.263566 1.000000 0.000000
vt 0.459941 0.968832 0.000000
vt 0.457433 0.998185 0.000000
vt 0.566772 0.995521 0.000000
vt 0.562838 0.966325 0.000000
vt 0.271318 0.250000 0.000000
vt 0.271318 0.000000 0.000000
vt 0.271318 0.500000 0.000000
vt 0.271318 0.750000 0.000000
vt 0.271318 1.000000 0.000000
vt 0.437162 0.966325 0.000000
vt 0.433228 0.995521 0.000000
vt 0.590818 0.991683 0.000000
vt 0.585467 0.962713 0.000000
vt 0.279070 0.250000 0.000000
vt 0.279070 0.000000 0.000000
vt 0.279070 0.500000 0.000000
vt 0.279070 0.750000 0.000000
vt 0.279070 1.000000 0.000000
vt 0.414533 0.962713 0.000000
vt 0.409182 0.991683 0.000000
vt 0.614650 0.986678 0.000000
vt 0.607894 0.958003 0.000000
vt 0.286822 0.250000 0.000000
vt 0.286822 0.000000 0.000000
vt 0.286822 0.500000 0.000000
vt 0.286822 0.750000 0.000000
vt 0.286822 1.000000 0.000000
vt 0.392106 0.958003 0.000000
vt 0.385350 0.986678 0.000000
vt 0.638209 0.980519 0.000000
vt 0.630066 0.952207 0.000000
vt 0.294574 0.250000 0.000000
vt 0.294574 0.000000 0.000000
vt 0.294574 0.500000 0.000000
vt 0.294574 0.750000 0.000000
vt 0.294574 1.000000 0.000000
vt 0.369934 0.952207 0.000000
vt 0.361791 0.980519 0.000000
vt 0.661440 0.973220 0.000000
vt 0.651928 0.945338 0.000000
vt 0.302326 0.250000 0.000000
vt 0.302326 0.000000 0.000000
vt 0.302326 0.500000 0.000000
vt 0.302326 0.750000 0.000000
vt 0.302326 1.000000 0.000000
vt 0.348072 0.945338 0.000000
vt 0.338560 0.973220 0.000000
vt 0.684289 0.964799 0.000000
vt 0.673430 0.937413 0.000000
vt 0.310077 0.250000 0.000000
vt 0.310078 0.000000 0.000000
vt 0.310077 0.500000 0.000000
vt 0.310077 0.750000 0.000000
vt 0.310078 1.000000 0.000000
vt 0.326570 0.937413 0.000000
vt 0.315711 0.964799 0.000000
vt 0.706700 0.955275 0.000000
vt 0.694521 0.928450 0.000000
vt 0.317829 0.250000 0.000000
vt 0.317829 0.000000 0.000000
vt 0.317829 0.500000 0.000000
vt 0.317829 0.750000 0.000000
vt 0.317829 1.000000 0.000000
vt 0.305479 0.928450 0.000000
vt 0.293300 0.955275 0.000000
vt 0.728621 0.944671 0.000000
vt 0.715151 0.918471 0.000000
vt 0.325581 0.250000 0.000000
vt 0.325581 0.000000 0.000000
vt 0.325581 0.500000 0.000000
vt 0.325581 0.750000 0.000000
vt 0.325581 1.000000 0.000000
vt 0.284849 0.918471 0.000000
vt 0.271379 0.944671 0.000000
vt 0.750000 0.933013 0.000000
vt 0.735270 0.907500 0.000000
vt 0.333333 0.250000 0.000000
vt 0.333333 0.000000 0.000000
vt 0.333333 0.500000 0.000000
vt 0.333333 0.750000 0.000000
vt 0.333333 1.000000 0.000000
vt 0.264730 0.907500 0.000000
vt 0.250000 0.933013 0.000000
vt 0.770786 0.920327 0.000000
vt 0.754831 0.895562 0.000000
vt 0.341085 0.250000 0.000000
vt 0.341085 0.000000 0.000000
vt 0.341085 0.500000 0.000000
vt 0.341085 0.750000 0.000000
vt 0.341085 1.000000 0.000000
vt 0.245169 0.895562 0.000000
vt 0.229214 0.920327 0.000000
vt 0.790929 0.906645 0.000000
vt 0.773788 0.882685 0.000000
vt 0.348837 0.250000 0.000000
vt 0.348837 0.000000 0.000000
vt 0.348837 0.500000 0.000000
vt 0.348837 0.750000 0.000000
vt 0.348837 1.000000 0.000000
vt 0.226212 0.882685 0.000000
vt 0.209071 0.906645 0.000000
vt 0.810383 0.891998 0.000000
vt 0.792095 0.868902 0.000000
vt 0.356589 0.250000 0.000000
vt 0.356589 0.000000 0.000000
vt 0.356589 0.500000 0.000000
vt 0.356589 0.750000 0.000000
vt 0.356589 1.000000 0.000000
vt 0.207905 0.868902 0.000000
vt 0.189617 0.891998 0.000000
vt 0.829100 0.876421 0.000000
vt 0.809710 0.854243 0.000000
vt 0.364341 0.250000 0.000000
vt 0.364341 0.000000 0.000000
vt 0.364341 0.500000 0.000000
vt 0.364341 0.750000 0.000000
vt 0.364341 1.000000 0.000000
vt 0.190290 0.854243 0.000000
vt 0.170900 0.876421 0.000000
vt 0.847037 0.859952 0.000000
vt 0.826590 0.838743 0.000000
vt 0.372093 0.250000 0.000000
vt 0.372093 0.000000 0.000000
vt 0.372093 0.500000 0.000000
vt 0.372093 0.750000 0.000000
vt 0.372093 1.000000 0.000000
vt 0.173410 0.838743 0.000000
vt 0.152963 0.859952 0.000000
vt 0.864151 0.842628 0.000000
vt 0.842695 0.822441 0.000000
vt 0.379845 0.250000 0.000000
vt 0.379845 0.000000 0.000000
vt 0.379845 0.500000 0.000000
vt 0.379845 0.750000 0.000000
vt 0.379845 1.000000 0.000000
vt 0.157305 0.822441 0.000000
vt 0.135849 0.842628 0.000000
vt 0.880401 0.824492 0.000000
vt 0.857987 0.805373 0.000000
vt 0.387597 0.250000 0.000000
vt 0.387597 0.000000 0.000000
vt 0.387597 0.500000 0.000000
vt 0.387597 0.750000 0.000000
vt 0.387597 1.000000 0.000000
vt 0.142013 0.805373 0.000000
vt 0.119599 0.824492 0.000000
vt 0.895748 0.805587 0.000000
vt 0.872431 0.787582 0.000000
vt 0.395349 0.250000 0.000000
vt 0.395349 0.000000 0.000000
vt 0.395349 0.500000 0.000000
vt 0.395349 0.750000 0.000000
vt 0.395349 1.000000 0.000000
vt 0.127569 0.787582 0.000000
vt 0.104252 0.805587 0.000000
vt 0.910157 0.785956 0.000000
vt 0.885991 0.769108 0.000000
vt 0.403101 0.250000 0.000000
vt 0.403101 0.000000 0.000000
vt 0.403101 0.500000 0.000000
vt 0.403101 0.750000 0.000000
vt 0.403101 1.000000 0.000000
vt 0.114009 0.769108 0.000000
vt 0.089843 0.785956 0.000000
vt 0.923593 0.765648 0.000000
vt 0.898635 0.749996 0.000000
vt 0.410853 0.250000 0.000000
vt 0.410853 0.000000 0.000000
vt 0.410853 0.500000 0.000000
vt 0.410853 0.750000 0.000000
vt 0.410853 1.000000 0.000000
vt 0.101365 0.749996 0.000000
vt 0.076407 0.765648 0.000000
vt 0.936025 0.744709 0.000000
vt 0.910334 0.730291 0.000000
vt 0.418605 0.250000 0.000000
vt 0.418605 0.000000 0.000000
vt 0.418605 0.500000 0.000000
vt 0.418605 0.750000 0.000000
vt 0.418605 1.000000 0.000000
vt 0.089666 0.730291 0.000000
vt 0.063975 0.744709 0.000000
vt 0.947422 0.723190 0.000000
vt 0.921060 0.710039 0.000000
vt 0.426357 0.250000 0.000000
vt 0.426357 0.000000 0.000000
vt 0.426357 0.500000 0.000000
vt 0.426357 0.750000 0.000000
vt 0.426357 1.000000 0.000000
vt 0.078940 0.710039 0.000000
vt 0.052578 0.723190 0.000000
vt 0.957758 0.701141 0.000000
vt 0.930787 0.689290 0.000000
vt 0.434108 0.250000 0.000000
vt 0.434109 0.000000 0.000000
vt 0.434108 0.500000 0.000000
vt 0.434108 0.750000 0.000000
vt 0.434109 1.000000 0.000000
vt 0.069213 0.689290 0.000000
vt 0.042242 0.701141 0.000000
vt 0.967008 0.678615 0.000000
vt 0.939492 0.668091 0.000000
vt 0.441860 0.250000 0.000000
vt 0.441860 0.000000 0.000000
vt 0.441860 0.500000 0.000000
vt 0.441860 0.750000 0.000000
vt 0.441860 1.000000 0.000000
vt 0.060508 0.668091 0.000000
vt 0.032992 0.678615 0.000000
vt 0.975151 0.655666 0.000000
vt 0.947155 0.646494 0.000000
vt 0.449612 0.250000 0.000000
vt 0.449612 0.000000 0.000000
vt 0.449612 0.500000 0.000000
vt 0.449612 0.750000 0.000000
vt 0.449612 1.000000 0.000000
vt 0.052845 0.646494 0.000000
vt 0.024849 0.655666 0.000000
vt 0.982166 0.632348 0.000000
vt 0.953757 0.624550 0.000000
vt 0.457364 0.250000 0.000000
vt 0.457364 0.000000 0.000000
vt 0.457364 0.500000 0.000000
vt 0.457364 0.750000 0.000000
vt 0.457364 1.000000 0.000000
vt 0.046243 0.624550 0.000000
vt 0.017834 0.632348 0.000000
vt 0.988038 0.608715 0.000000
vt 0.959283 0.602310 0.000000
vt 0.465116 0.250000 0.000000
vt 0.465116 0.000000 0.000000
vt 0.465116 0.500000 0.000000
vt 0.465116 0.750000 0.000000
vt 0.465116 1.000000 0.000000
vt 0.040717 0.602310 0.000000
vt 0.011962 0.608715 0.000000
vt 0.992752 0.584825 0.000000
vt 0.963719 0.579827 0.000000
vt 0.472868 0.250000 0.000000
vt 0.472868 0.000000 0.000000
vt 0.472868 0.500000 0.000000
vt 0.472868 0.750000 0.000000
vt 0.472868 1.000000 0.000000
vt 0.036281 0.579827 0.000000
vt 0.007248 0.584825 0.000000
vt 0.996298 0.560733 0.000000
vt 0.967056 0.557155 0.000000
vt 0.480620 0.250000 0.000000
vt 0.480620 0.000000 0.000000
vt 0.480620 0.500000 0.000000
vt 0.480620 0.750000 0.000000
vt 0.480620 1.000000 0.000000
vt 0.032944 0.557155 0.000000
vt 0.003702 0.560733 0.000000
vt 0.998666 0.536498 0.000000
vt 0.969285 0.534347 0.000000
vt 0.488372 0.250000 0.000000
vt 0.488372 0.000000 0.000000
vt 0.488372 0.500000 0.000000
vt 0.488372 0.750000 0.000000
vt 0.488372 1.000000 0.000000
vt 0.030715 0.534347 0.000000
vt 0.001334 0.536498 0.000000
vt 0.999852 0.512176 0.000000
vt 0.970401 0.511458 0.000000
vt 0.496124 0.250000 0.000000
vt 0.496124 0.000000 0.000000
vt 0.496124 0.500000 0.000000
vt 0.496124 0.750000 0.000000
vt 0.496124 1.000000 0.000000
vt 0.029599 0.511458 0.000000
vt 0.000148 0.512176 0.000000
vt 0.999852 0.487825 0.000000
vt 0.970401 0.488542 0.000000
vt 0.503876 0.250000 0.000000
vt 0.503876 0.000000 0.000000
vt 0.503876 0.500000 0.000000
vt 0.503876 0.750000 0.000000
vt 0.503876 1.000000 0.000000
vt 0.029599 0.488542 0.000000
vt 0.000148 0.487825 0.000000
vt 0.998666 0.463502 0.000000
vt 0.969285 0.465653 0.000000
vt 0.511628 0.250000 0.000000
vt 0.511628 0.000000 0.000000
vt 0.511628 0.500000 0.000000
vt 0.511628 0.750000 0.000000
vt 0.511628 1.000000 0.000000
vt 0.030715 0.465653 0.000000
vt 0.001334 0.463502 0.000000
vt 0.996298 0.439267 0.000000
vt 0.967056 0.442845 0.000000
vt 0.519380 0.250000 0.000000
vt 0.519380 0.000000 0.000000
vt 0.519380 0.500000 0.000000
vt 0.519380 0.750000 0.000000
vt 0.519380 1.000000 0.000000
vt 0.032944 0.442845 0.000000
vt 0.003702 0.439267 0.000000
vt 0.992752 0.415175 0.000000
vt 0.963719 0.420173 0.000000
vt 0.527132 0.250000 0.000000
vt 0.527132 0.000000 0.000000
vt 0.527132 0.500000 0.000000
vt 0.527132 0.750000 0.000000
vt 0.527132 1.000000 0.000000
vt 0.036281 0.420173 0.000000
vt 0.007248 0.415175 0.000000
vt 0.988038 0.391285 0.000000
vt 0.959283 0.397690 0.000000
vt 0.534884 0.250000 0.000000
vt 0.534884 0.000000 0.000000
vt 0.534884 0.500000 0.000000
vt 0.534884 0.750000 0.000000
vt 0.534884 1.000000 0.000000
vt 0.040717 0.397690 0.000000
vt 0.011962 0.391285 0.000000
vt 0.982166 0.367652 0.000000
vt 0.953757 0.375450 0.000000
vt 0.542636 0.250000 0.000000
vt 0.542636 0.000000 0.000000
vt 0.542636 0.500000 0.000000
vt 0.542636 0.750000 0.000000
vt 0.542636 1.000000 0.000000
vt 0.046243 0.375450 0.000000
vt 0.017834 0.367652 0.000000
vt 0.975151 0.344334 0.000000
vt 0.947155 0.353506 0.000000
vt 0.550388 0.250000 0.000000
vt 0.550388 0.000000 0.000000
vt 0.550388 0.500000 0.000000
vt 0.550388 0.750000 0.000000
vt 0.550388 1.000000 0.000000
vt 0.052845 0.353506 0.000000
vt 0.024849 0.344334 0.000000
vt 0.967008 0.321385 0.000000
vt 0.939492 0.331909 0.000000
vt 0.558140 0.250000 0.000000
vt 0.558140 0.000000 0.000000
vt 0.558140 0.500000 0.000000
vt 0.558140 0.750000 0.000000
vt 0.558140 1.000000 0.000000
vt 0.060508 0.331909 0.000000
vt 0.032992 0.321385 0.000000
vt 0.957758 0.298859 0.000000
vt 0.930787 0.310710 0.000000
vt 0.565891 0.250000 0.000000
vt 0.565891 0.000000 0.000000
vt 0.565891 0.500000 0.000000
vt 0.565891 0.750000 0.000000
vt 0.565891 1.000000 0.000000
vt 0.069213 0.310710 0.000000
vt 0.042242 0.298859 0.000000
vt 0.947422 0.276810 0.000000
vt 0.921060 0.289961 0.000000
vt 0.573643 0.250000 0.000000
vt 0.573643 0.000000 0.000000
vt 0.573643 0.500000 0.000000
vt 0.573643 0.750000 0.000000
vt 0.573643 1.000000 0.000000
vt 0.078940 0.289961 0.000000
vt 0.052578 0.276810 0.000000
vt 0.936025 0.255291 0.000000
vt 0.910334 0.269709 0.000000
vt 0.581395 0.250000 0.000000
vt 0.581395 0.000000 0.000000
vt 0.581395 0.500000 0.000000
vt 0.581395 0.750000 0.000000
vt 0.581395 1.000000 0.000000
vt 0.089666 0.269709 0.000000
vt 0.063975 0.255291 0.000000
vt 0.923593 0.234352 0.000000
vt 0.898635 0.250004 0.000000
vt 0.589147 0.250000 0.000000
vt 0.589147 0.000000 0.000000
vt 0.589147 0.500000 0.000000
vt 0.589147 0.750000 0.000000
vt 0.589147 1.000000 0.000000
vt 0.101365 0.250004 0.000000
vt 0.076407 0.234352 0.000000
vt 0.910157 0.214044 0.000000
vt 0.885991 0.230892 0.000000
vt 0.596899 0.250000 0.000000
vt 0.596899 0.000000 0.000000
vt 0.596899 0.500000 0.000000
vt 0.596899 0.750000 0.000000
vt 0.596899 1.000000 0.000000
vt 0.114009 0.230892 0.000000
vt 0.089843 0.214044 0.000000
vt 0.895748 0.194413 0.000000
vt 0.872431 0.212418 0.000000
vt 0.604651 0.250000 0.000000
vt 0.604651 0.000000 0.000000
vt 0.604651 0.500000 0.000000
vt 0.604651 0.750000 0.000000
vt 0.604651 1.000000 0.000000
vt 0.127569 0.212418 0.000000
vt 0.104252 0.194413 0.000000
vt 0.880401 0.175508 0.000000
vt 0.857987 0.194627 0.000000
vt 0.612403 0.250000 0.000000
vt 0.612403 0.000000 0.000000
vt 0.612403 0.500000 0.000000
vt 0.612403 0.750000 0.000000
vt 0.612403 1.000000 0.000000
vt 0.142013 0.194627 0.000000
vt 0.119599 0.175508 0.000000
vt 0.864151 0.157372 0.000000
vt 0.842695 0.177559 0.000000
vt 0.620155 0.250000 0.000000
vt 0.620155 0.000000 0.000000
vt 0.620155 0.500000 0.000000
vt 0.620155 0.750000 0.000000
vt 0.620155 1.000000 0.000000
vt 0.157305 0.177559 0.000000
vt 0.135849 0.157372 0.000000
vt 0.847037 0.140048 0.000000
vt 0.826590 0.161257 0.000000
vt 0.627907 0.250000 0.000000
vt 0.627907 0.000000 0.000000
vt 0.627907 0.500000 0.000000
vt 0.627907 0.750000 0.000000
vt 0.627907 1.000000 0.000000
vt 0.173410 0.161257 0.000000
vt 0.152963 0.140048 0.000000
vt 0.829100 0.123579 0.000000
vt 0.809710 0.145757 0.000000
vt 0.635659 0.250000 0.000000
vt 0.635659 0.000000 0.000000
vt 0.635659 0.500000 0.000000
vt 0.635659 0.750000 0.000000
vt 0.635659 1.000000 0.000000
vt 0.190290 0.145757 0.000000
vt 0.170900 0.123579 0.000000
vt 0.810383 0.108002 0.000000
vt 0.792095 0.131099 0.000000
vt 0.643411 0.250000 0.000000
vt 0.643411 0.000000 0.000000
vt 0.643411 0.500000 0.000000
vt 0.643411 0.750000 0.000000
vt 0.643411 1.000000 0.000000
vt 0.207905 0.131099 0.000000
vt 0.189617 0.108002 0.000000
vt 0.790929 0.093355 0.000000
vt 0.773788 0.117315 0.000000
vt 0.651163 0.250000 0.000000
vt 0.651163 0.000000 0.000000
vt 0.651163 0.500000 0.000000
vt 0.651163 0.750000 0.000000
vt 0.651163 1.000000 0.000000
vt 0.226212 0.117315 0.000000
vt 0.209071 0.093355 0.000000
vt 0.770786 0.079673 0.000000
vt 0.754831 0.104438 0.000000
vt 0.658915 0.250000 0.000000
vt 0.658915 0.000000 0.000000
vt 0.658915 0.500000 0.000000
vt 0.658915 0.750000 0.000000
vt 0.658915 1.000000 0.000000
vt 0.245169 0.104438 0.000000
vt 0.229214 0.079673 0.000000
vt 0.750000 0.066987 0.000000
vt 0.735270 0.092500 0.000000
vt 0.666667 0.250000 0.000000
vt 0.666667 0.000000 0.000000
vt 0.666667 0.500000 0.000000
vt 0.666667 0.750000 0.000000
vt 0.666667 1.000000 0.000000
vt 0.264730 0.092500 0.000000
vt 0.250000 0.066987 0.000000
vt 0.728621 0.055329 0.000000
vt 0.715151 0.081529 0.000000
vt 0.674419 0.250000 0.000000
vt 0.674419 0.000000 0.000000
vt 0.674419 0.500000 0.000000
vt 0.674419 0.750000 0.000000
vt 0.674419 1.000000 0.000000
vt 0.284849 0.081529 0.000000
vt 0.271379 0.055329 0.000000
vt 0.706700 0.044725 0.000000
vt 0.694521 0.071550 0.000000
vt 0.682171 0.250000 0.000000
vt 0.682171 0.000000 0.000000
vt 0.682171 0.500000 0.000000
vt 0.682171 0.750000 0.000000
vt 0.682171 1.000000 0.000000
vt 0.305479 0.071550 0.000000
vt 0.293300 0.044725 0.000000
vt 0.684289 0.035202 0.000000
vt 0.673430 0.062587 0.000000
vt 0.689922 0.250000 0.000000
vt 0.689922 0.000000 0.000000
vt 0.689922 0.500000 0.000000
vt 0.689922 0.750000 0.000000
vt 0.689922 1.000000 0.000000
vt 0.326570 0.062587 0.000000
vt 0.315711 0.035202 0.000000
vt 0.661440 0.026780 0.000000
vt 0.651928 0.054662 0.000000
vt 0.697674 0.250000 0.000000
vt 0.697674 0.000000 0.000000
vt 0.697674 0.500000 0.000000
vt 0.697674 0.750000 0.000000
vt 0.697674 1.000000 0.000000
vt 0.348072 0.054662 0.000000
vt 0.338560 0.026780 0.000000
vt 0.638209 0.019481 0.000000
vt 0.630066 0.047793 0.000000
vt 0.705426 0.250000 0.000000
vt 0.705426 0.000000 0.000000
vt 0.705426 0.500000 0.000000
vt 0.705426 0.750000 0.000000
vt 0.705426 1.000000 0.000000
vt 0.369934 0.047793 0.000000
vt 0.361791 0.019481 0.000000
vt 0.614650 0.013322 0.000000
vt 0.607894 0.041997 0.000000
vt 0.713178 0.250000 0.000000
vt 0.713178 0.000000 0.000000
vt 0.713178 0.500000 0.000000
vt 0.713178 0.750000 0.000000
vt 0.713178 1.000000 0.000000
vt 0.392106 0.041997 0.000000
vt 0.385350 0.013322 0.000000
vt 0.590818 0.008317 0.000000
vt 0.585467 0.037287 0.000000
vt 0.720930 0.250000 0.000000
vt 0.720930 0.000000 0.000000
vt 0.720930 0.500000 0.000000
vt 0.720930 0.750000 0.000000
vt 0.720930 1.000000 0.000000
vt 0.414533 0.037287 0.000000
vt 0.409182 0.008317 0.000000
vt 0.566772 0.004479 0.000000
vt 0.562838 0.033675 0.000000
vt 0.728682 0.250000 0.000000
vt 0.728682 0.000000 0.000000
vt 0.728682 0.500000 0.000000
vt 0.728682 0.750000 0.000000
vt 0.728682 1.000000 0.000000
vt 0.437162 0.033675 0.000000
vt 0.433228 0.004479 0.000000
vt 0.542567 0.001815 0.000000
vt 0.540059 0.031168 0.000000
vt 0.736434 0.250000 0.000000
vt 0.736434 0.000000 0.000000
vt 0.736434 0.500000 0.000000
vt 0.736434 0.750000 0.000000
vt 0.736434 1.000000 0.000000
vt 0.459941 0.031168 0.000000
vt 0.457433 0.001815 0.000000
vt 0.518261 0.000334 0.000000
vt 0.517185 0.029774 0.000000
vt 0.744186 0.250000 0.000000
vt 0.744186 0.000000 0.000000
vt 0.744186 0.500000 0.000000
vt 0.744186 0.750000 0.000000
vt 0.744186 1.000000 0.000000
vt 0.482815 0.029774 0.000000
vt 0.481739 0.000334 0.000000
vt 0.493912 0.000037 0.000000
vt 0.494271 0.029495 0.000000
vt 0.751938 0.250000 0.000000
vt 0.751938 0.000000 0.000000
vt 0.751938 0.500000 0.000000
vt 0.751938 0.750000 0.000000
vt 0.751938 1.000000 0.000000
vt 0.505729 0.029495 0.000000
vt 0.506088 0.000037 0.000000
vt 0.469577 0.000926 0.000000
vt 0.471370 0.030332 0.000000
vt 0.759690 0.250000 0.000000
vt 0.759690 0.000000 0.000000
vt 0.759690 0.500000 0.000000
vt 0.759690 0.750000 0.000000
vt 0.759690 1.000000 0.000000
vt 0.528630 0.030332 0.000000
vt 0.530423 0.000926 0.000000
vt 0.445314 0.003000 0.000000
vt 0.448536 0.032283 0.000000
vt 0.767442 0.250000 0.000000
vt 0.767442 0.000000 0.000000
vt 0.767442 0.500000 0.000000
vt 0.767442 0.750000 0.000000
vt 0.767442 1.000000 0.000000
vt 0.551464 0.032283 0.000000
vt 0.554686 0.003000 0.000000
vt 0.421181 0.006251 0.000000
vt 0.425825 0.035343 0.000000
vt 0.775194 0.250000 0.000000
vt 0.775194 0.000000 0.000000
vt 0.775194 0.500000 0.000000
vt 0.775194 0.750000 0.000000
vt 0.775194 1.000000 0.000000
vt 0.574175 0.035343 0.000000
vt 0.578819 0.006251 0.000000
vt 0.397236 0.010674 0.000000
vt 0.403290 0.039505 0.000000
vt 0.782946 0.250000 0.000000
vt 0.782946 0.000000 0.000000
vt 0.782946 0.500000 0.000000
vt 0.782946 0.750000 0.000000
vt 0.782946 1.000000 0.000000
vt 0.596710 0.039505 0.000000
vt 0.602764 0.010674 0.000000
vt 0.373533 0.016258 0.000000
vt 0.380985 0.044760 0.000000
vt 0.790698 0.250000 0.000000
vt 0.790698 0.000000 0.000000
vt 0.790698 0.500000 0.000000
vt 0.790698 0.750000 0.000000
vt 0.790698 1.000000 0.000000
vt 0.619015 0.044760 0.000000
vt 0.626467 0.016258 0.000000
vt 0.350131 0.022989 0.000000
vt 0.358961 0.051095 0.000000
vt 0.798450 0.250000 0.000000
vt 0.798450 0.000000 0.000000
vt 0.798450 0.500000 0.000000
vt 0.798450 0.750000 0.000000
vt 0.798450 1.000000 0.000000
vt 0.641039 0.051095 0.000000
vt 0.649869 0.022989 0.000000
vt 0.327084 0.030852 0.000000
vt 0.337272 0.058494 0.000000
vt 0.806202 0.250000 0.000000
vt 0.806202 0.000000 0.000000
vt 0.806202 0.500000 0.000000
vt 0.806202 0.750000 0.000000
vt 0.806202 1.000000 0.000000
vt 0.662728 0.058494 0.000000
vt 0.672916 0.030852 0.000000
vt 0.304448 0.039827 0.000000
vt 0.315970 0.066940 0.000000
vt 0.813953 0.250000 0.000000
vt 0.813953 0.000000 0.000000
vt 0.813953 0.500000 0.000000
vt 0.813953 0.750000 0.000000
vt 0.813953 1.000000 0.000000
vt 0.684030 0.066940 0.000000
vt 0.695552 0.039827 0.000000
vt 0.282275 0.049894 0.000000
vt 0.295103 0.076414 0.000000
vt 0.821705 0.250000 0.000000
vt 0.821705 0.000000 0.000000
vt 0.821705 0.500000 0.000000
vt 0.821705 0.750000 0.000000
vt 0.821705 1.000000 0.000000
vt 0.704897 0.076414 0.000000
vt 0.717725 0.049894 0.000000
vt 0.260618 0.061028 0.000000
vt 0.274723 0.086892 0.000000
vt 0.829457 0.250000 0.000000
vt 0.829457 0.000000 0.000000
vt 0.829457 0.500000 0.000000
vt 0.829457 0.750000 0.000000
vt 0.829457 1.000000 0.000000
vt 0.725277 0.086892 0.000000
vt 0.739382 0.061028 0.000000
vt 0.239530 0.073203 0.000000
vt 0.254877 0.098350 0.000000
vt 0.837209 0.250000 0.000000
vt 0.837209 0.000000 0.000000
vt 0.837209 0.500000 0.000000
vt 0.837209 0.750000 0.000000
vt 0.837209 1.000000 0.000000
vt 0.745123 0.098350 0.000000
vt 0.760470 0.073203 0.000000
vt 0.219059 0.086391 0.000000
vt 0.235612 0.110761 0.000000
vt 0.844961 0.250000 0.000000
vt 0.844961 0.000000 0.000000
vt 0.844961 0.500000 0.000000
vt 0.844961 0.750000 0.000000
vt 0.844961 1.000000 0.000000
vt 0.764388 0.110761 0.000000
vt 0.780941 0.086391 0.000000
vt 0.199255 0.100560 0.000000
vt 0.216974 0.124095 0.000000
vt 0.852713 0.250000 0.000000
vt 0.852713 0.000000 0.000000
vt 0.852713 0.500000 0.000000
vt 0.852713 0.750000 0.000000
vt 0.852713 1.000000 0.000000
vt 0.783026 0.124095 0.000000
vt 0.800745 0.100560 0.000000
vt 0.180163 0.115676 0.000000
vt 0.199008 0.138321 0.000000
vt 0.860465 0.250000 0.000000
vt 0.860465 0.000000 0.000000
vt 0.860465 0.500000 0.000000
vt 0.860465 0.750000 0.000000
vt 0.860465 1.000000 0.000000
vt 0.800992 0.138321 0.000000
vt 0.819836 0.115676 0.000000
vt 0.161831 0.131704 0.000000
vt 0.181756 0.153404 0.000000
vt 0.868217 0.250000 0.000000
vt 0.868217 0.000000 0.000000
vt 0.868217 0.500000 0.000000
vt 0.868217 0.750000 0.000000
vt 0.868217 1.000000 0.000000
vt 0.818244 0.153404 0.000000
vt 0.838169 0.131704 0.000000
vt 0.144301 0.148606 0.000000
vt 0.165258 0.169310 0.000000
vt 0.875969 0.250000 0.000000
vt 0.875969 0.000000 0.000000
vt 0.875969 0.500000 0.000000
vt 0.875969 0.750000 0.000000
vt 0.875969 1.000000 0.000000
vt 0.834742 0.169310 0.000000
vt 0.855699 0.148606 0.000000
vt 0.127614 0.166341 0.000000
vt 0.149555 0.186000 0.000000
vt 0.883721 0.250000 0.000000
vt 0.883721 0.000000 0.000000
vt 0.883721 0.500000 0.000000
vt 0.883721 0.750000 0.000000
vt 0.883721 1.000000 0.000000
vt 0.850445 0.186000 0.000000
vt 0.872386 0.166341 0.000000
vt 0.111810 0.184867 0.000000
vt 0.134683 0.203434 0.000000
vt 0.891473 0.250000 0.000000
vt 0.891473 0.000000 0.000000
vt 0.891473 0.500000 0.000000
vt 0.891473 0.750000 0.000000
vt 0.891473 1.000000 0.000000
vt 0.865317 0.203434 0.000000
vt 0.888190 0.184867 0.000000
vt 0.096928 0.204141 0.000000
vt 0.120677 0.221573 0.000000
vt 0.899225 0.250000 0.000000
vt 0.899225 0.000000 0.000000
vt 0.899225 0.500000 0.000000
vt 0.899225 0.750000 0.000000
vt 0.899225 1.000000 0.000000
vt 0.879323 0.221573 0.000000
vt 0.903072 0.204141 0.000000
vt 0.083001 0.224116 0.000000
vt 0.107571 0.240371 0.000000
vt 0.906977 0.250000 0.000000
vt 0.906977 0.000000 0.000000
vt 0.906977 0.500000 0.000000
vt 0.906977 0.750000 0.000000
vt 0.906977 1.000000 0.000000
vt 0.892429 0.240371 0.000000
vt 0.916999 0.224116 0.000000
vt 0.070064 0.244746 0.000000
vt 0.095395 0.259786 0.000000
vt 0.914729 0.250000 0.000000
vt 0.914729 0.000000 0.000000
vt 0.914729 0.500000 0.000000
vt 0.914729 0.750000 0.000000
vt 0.914729 1.000000 0.000000
vt 0.904605 0.259786 0.000000
vt 0.929936 0.244746 0.000000
vt 0.058146 0.265981 0.000000
vt 0.084180 0.279770 0.000000
vt 0.922481 0.250000 0.000000
vt 0.922481 0.000000 0.000000
vt 0.922481 0.500000 0.000000
vt 0.922481 0.750000 0.000000
vt 0.922481 1.000000 0.000000
vt 0.915820 0.279770 0.000000
vt 0.941854 0.265981 0.000000
vt 0.047276 0.287772 0.000000
vt 0.073950 0.300276 0.000000
vt 0.930233 0.250000 0.000000
vt 0.930233 0.000000 0.000000
vt 0.930233 0.500000 0.000000
vt 0.930233 0.750000 0.000000
vt 0.930233 1.000000 0.000000
vt 0.926050 0.300276 0.000000
vt 0.952724 0.287772 0.000000
vt 0.037480 0.310065 0.000000
vt 0.064731 0.321256 0.000000
vt 0.937984 0.250000 0.000000
vt 0.937984 0.000000 0.000000
vt 0.937984 0.500000 0.000000
vt 0.937984 0.750000 0.000000
vt 0.937984 1.000000 0.000000
vt 0.935269 0.321256 0.000000
vt 0.962520 0.310065 0.000000
vt 0.028781 0.332810 0.000000
vt 0.056545 0.342661 0.000000
vt 0.945736 0.250000 0.000000
vt 0.945736 0.000000 0.000000
vt 0.945736 0.500000 0.000000
vt 0.945736 0.750000 0.000000
vt 0.945736 1.000000 0.000000
vt 0.943455 0.342661 0.000000
vt 0.971219 0.332810 0.000000
vt 0.021200 0.355950 0.000000
vt 0.049411 0.364438 0.000000
vt 0.953488 0.250000 0.000000
vt 0.953488 0.000000 0.000000
vt 0.953488 0.500000 0.000000
vt 0.953488 0.750000 0.000000
vt 0.953488 1.000000 0.000000
vt 0.950589 0.364438 0.000000
vt 0.978800 0.355950 0.000000
vt 0.014754 0.379433 0.000000
vt 0.043345 0.386537 0.000000
vt 0.961240 0.250000 0.000000
vt 0.961240 0.000000 0.000000
vt 0.961240 0.500000 0.000000
vt 0.961240 0.750000 0.000000
vt 0.961240 1.000000 0.000000
vt 0.956655 0.386537 0.000000
vt 0.985246 0.379433 0.000000
vt 0.009459 0.403201 0.000000
vt 0.038362 0.408905 0.000000
vt 0.968992 0.250000 0.000000
vt 0.968992 0.000000 0.000000
vt 0.968992 0.500000 0.000000
vt 0.968992 0.750000 0.000000
vt 0.968992 1.000000 0.000000
vt 0.961638 0.408905 0.000000
vt 0.990541 0.403201 0.000000
vt 0.005328 0.427199 0.000000
vt 0.034474 0.431489 0.000000
vt 0.976744 0.250000 0.000000
vt 0.976744 0.000000 0.000000
vt 0.976744 0.500000 0.000000
vt 0.976744 0.750000 0.000000
vt 0.976744 1.000000 0.000000
vt 0.965526 0.431489 0.000000
vt 0.994672 0.427199 0.000000
vt 0.002370 0.451370 0.000000
vt 0.031691 0.454235 0.000000
vt 0.984496 0.250000 0.000000
vt 0.984496 0.000000 0.000000
vt 0.984496 0.500000 0.000000
vt 0.984496 0.750000 0.000000
vt 0.984496 1.000000 0.000000
vt 0.968309 0.454235 0.000000
vt 0.997630 0.451370 0.000000
vt 0.000593 0.475656 0.000000
vt 0.030018 0.477091 0.000000
vt 0.992248 0.250000 0.000000
vt 0.992248 0.000000 0.000000
vt 0.992248 0.500000 0.000000
vt 0.992248 0.750000 0.000000
vt 0.992248 1.000000 0.000000
vt 0.969982 0.477091 0.000000
vt 0.999407 0.475656 0.000000
vt 1.000000 0.250000 0.000000
vt 1.000000 0.000000 0.000000
vt 1.000000 0.750000 0.000000
vt 1.000000 1.000000 0.000000
# 1164 texture coordinates

o Tube
usemtl default
f 11/4/1 12/3/1 2/2/1 1/1/1
f 12/8/4 13/7/4 3/6/3 2/5/2
f 13/7/4 14/9/4 4/2/5 3/6/3
f 14/9/4 15/11/4 5/10/5 4/2/5
f 15/11/4 16/13/6 6/12/5 5/10/5
f 16/17/7 17/16/7 7/15/7 6/14/7
f 17/8/10 18/7/9 8/6/8 7/5/8
f 18/7/9 19/9/9 9/2/11 8/6/8
f 19/9/9 20/11/13 10/10/12 9/2/11
f 20/11/13 11/13/14 1/12/12 10/10/12
f 21/19/1 22/18/1 12/3/1 11/4/1
f 22/21/16 23/20/15 13/7/4 12/8/4
f 23/20/15 24/22/15 14/9/4 13/7/4
f 24/22/15 25/23/15 15/11/4 14/9/4
f 25/23/15 26/24/17 16/13/6 15/11/4
f 26/26/7 27/25/7 17/16/7 16/17/7
f 27/21/19 28/20/18 18/7/9 17/8/10
f 28/20/18 29/22/18 19/9/9 18/7/9
f 29/22/18 30/23/20 20/11/13 19/9/9
f 30/23/20 21/24/21 11/13/14 20/11/13
f 31/28/1 32/27/1 22/18/1 21/19/1
f 32/30/23 33/29/22 23/20/15 22/21/16
f 33/29/22 34/31/22 24/22/15 23/20/15
f 34/31/22 35/32/22 25/23/15 24/22/15
f 35/32/22 36/33/22 26/24/17 25/23/15
f 36/35/7 37/34/7 27/25/7 26/26/7
f 37/30/25 38/29/24 28/20/18 27/21/19
f 38/29/24 39/31/24 29/22/18 28/20/18
f 39/31/24 40/32/24 30/23/20 29/22/18
f 40/32/24 31/33/26 21/24/21 30/23/20
f 41/37/1 42/36/1 32/27/1 31/28/1
f 42/39/27 43/38/27 33/29/22 32/30/23
f 43/38/27 44/40/28 34/31/22 33/29/22
f 44/40/28 45/41/28 35/32/22 34/31/22
f 45/41/28 46/42/28 36/33/22 35/32/22
f 46/44/7 47/43/7 37/34/7 36/35/7
f 47/39/29 48/38/29 38/29/24 37/30/25
f 48/38/29 49/40/29 39/31/24 38/29/24
f 49/40/29 50/41/30 40/32/24 39/31/24
f 50/41/30 41/42/30 31/33/26 40/32/24
f 51/46/1 52/45/1 42/36/1 41/37/1
f 52/48/31 53/47/31 43/38/27 42/39/27
f 53/47/31 54/49/32 44/40/28 43/38/27
f 54/49/32 55/50/32 45/41/28 44/40/28
f 55/50/32 56/51/32 46/42/28 45/41/28
f 56/53/7 57/52/7 47/43/7 46/44/7
f 57/48/34 58/47/33 48/38/29 47/39/29
f 58/47/33 59/49/33 49/40/29 48/38/29
f 59/49/33 60/50/35 50/41/30 49/40/29
f 60/50/35 51/51/35 41/42/30 50/41/30
f 61/55/1 62/54/1 52/45/1 51/46/1
f 62/57/36 63/56/36 53/47/31 52/48/31
f 63/56/36 64/58/37 54/49/32 53/47/31
f 64/58/37 65/59/37 55/50/32 54/49/32
f 65/59/37 66/60/37 56/51/32 55/50/32
f 66/62/7 67/61/7 57/52/7 56/53/7
f 67/57/39 68/56/38 58/47/33 57/48/34
f 68/56/38 69/58/38 59/49/33 58/47/33
f 69/58/38 70/59/38 60/50/35 59/49/33
f 70/59/38 61/60/39 51/51/35 60/50/35
f 71/64/1 72/63/1 62/54/1 61/55/1
f 72/66/40 73/65/40 63/56/36 62/57/36
f 73/65/40 74/67/40 64/58/37 63/56/36
f 74/67/40 75/68/40 65/59/37 64/58/37
f 75/68/40 76/69/40 66/60/37 65/59/37
f 76/71/7 77/70/7 67/61/7 66/62/7
f 77/66/41 78/65/41 68/56/38 67/57/39
f 78/65/41 79/67/41 69/58/38 68/56/38
f 79/67/41 80/68/41 70/59/38 69/58/38
f 80/68/41 71/69/41 61/60/39 70/59/38
f 81/73/1 82/72/1 72/63/1 71/64/1
f 82/75/42 83/74/42 73/65/40 72/66/40
f 83/74/42 84/76/43 74/67/40 73/65/40
f 84/76/43 85/77/43 75/68/40 74/67/40
f 85/77/43 86/78/43 76/69/40 75/68/40
f 86/80/7 87/79/7 77/70/7 76/71/7
f 87/75/45 88/74/44 78/65/41 77/66/41
f 88/74/44 89/76/44 79/67/41 78/65/41
f 89/76/44 90/77/44 80/68/41 79/67/41
f 90/77/44 81/78/46 71/69/41 80/68/41
f 91/82/1 92/81/1 82/72/1 81/73/1
f 92/84/47 93/83/47 83/74/42 82/75/42
f 93/83/47 94/85/47 84/76/43 83/74/42
f 94/85/47 95/86/47 85/77/43 84/76/43
f 95/86/47 96/87/47 86/78/43 85/77/43
f 96/89/7 97/88/7 87/79/7 86/80/7
f 97/84/48 98/83/48 88/74/44 87/75/45
f 98/83/48 99/85/48 89/76/44 88/74/44
f 99/85/48 100/86/49 90/77/44 89/76/44
f 100/86/49 91/87/48 81/78/46 90/77/44
f 101/91/1 102/90/1 92/81/1 91/82/1
f 102/93/51 103/92/50 93/83/47 92/84/47
f 103/92/50 104/94/52 94/85/47 93/83/47
f 104/94/52 105/95/52 95/86/47 94/85/47
f 105/95/52 106/96/50 96/87/47 95/86/47
f 106/98/7 107/97/7 97/88/7 96/89/7
f 107/93/53 108/92/53 98/83/48 97/84/48
f 108/92/53 109/94/53 99/85/48 98/83/48
f 109/94/53 110/95/53 100/86/49 99/85/48
f 110/95/53 101/96/53 91/87/48 100/86/49
f 111/100/1 112/99/1 102/90/1 101/91/1
f 112/102/55 113/101/54 103/92/50 102/93/51
f 113/101/54 114/103/56 104/94/52 103/92/50
f 114/103/56 115/104/56 105/95/52 104/94/52
f 115/104/56 116/105/56 106/96/50 105/95/52
f 116/107/7 117/106/7 107/97/7 106/98/7
f 117/102/58 118/101/57 108/92/53 107/93/53
f 118/101/57 119/103/57 109/94/53 108/92/53
f 119/103/57 120/104/57 110/95/53 109/94/53
f 120/104/57 111/105/58 101/96/53 110/95/53
f 121/109/1 122/108/1 112/99/1 111/100/1
f 122/111/59 123/110/59 113/101/54 112/102/55
f 123/110/59 124/112/60 114/103/56 113/101/54
f 124/112/60 125/113/60 115/104/56 114/103/56
f 125/113/60 126/114/60 116/105/56 115/104/56
f 126/116/7 127/115/7 117/106/7 116/107/7
f 127/111/61 128/110/61 118/101/57 117/102/58
f 128/110/61 129/112/61 119/103/57 118/101/57
f 129/112/61 130/113/62 120/104/57 119/103/57
f 130/113/62 121/114/63 111/105/58 120/104/57
f 131/118/1 132/117/1 122/108/1 121/109/1
f 132/120/65 133/119/64 123/110/59 122/111/59
f 133/119/64 134/121/66 124/112/60 123/110/59
f 134/121/66 135/122/66 125/113/60 124/112/60
f 135/122/66 136/123/66 126/114/60 125/113/60
f 136/125/7 137/124/7 127/115/7 126/116/7
f 137/120/67 138/119/67 128/110/61 127/111/61
f 138/119/67 139/121/67 129/112/61 128/110/61
f 139/121/67 140/122/67 130/113/62 129/112/61
f 140/122/67 131/123/67 121/114/63 130/113/62
f 141/127/1 142/126/1 132/117/1 131/118/1
f 142/129/68 143/128/68 133/119/64 132/120/65
f 143/128/68 144/130/69 134/121/66 133/119/64
f 144/130/69 145/131/69 135/122/66 134/121/66
f 145/131/69 146/132/70 136/123/66 135/122/66
f 146/134/7 147/133/7 137/124/7 136/125/7
f 147/129/71 148/128/71 138/119/67 137/120/67
f 148/128/71 149/130/71 139/121/67 138/119/67
f 149/130/71 150/131/71 140/122/67 139/121/67
f 150/131/71 141/132/72 131/123/67 140/122/67
f 151/136/1 152/135/1 142/126/1 141/127/1
f 152/138/73 153/137/73 143/128/68 142/129/68
f 153/137/73 154/139/74 144/130/69 143/128/68
f 154/139/74 155/140/74 145/131/69 144/130/69
f 155/140/74 156/141/73 146/132/70 145/131/69
f 156/143/7 157/142/7 147/133/7 146/134/7
f 157/138/75 158/137/75 148/128/71 147/129/71
f 158/137/75 159/139/75 149/130/71 148/128/71
f 159/139/75 160/140/75 150/131/71 149/130/71
f 160/140/75 151/141/75 141/132/72 150/131/71
f 161/145/1 162/144/1 152/135/1 151/136/1
f 162/147/76 163/146/76 153/137/73 152/138/73
f 163/146/76 164/148/76 154/139/74 153/137/73
f 164/148/76 165/149/76 155/140/74 154/139/74
f 165/149/76 166/150/77 156/141/73 155/140/74
f 166/152/7 167/151/7 157/142/7 156/143/7
f 167/147/78 168/146/78 158/137/75 157/138/75
f 168/146/78 169/148/78 159/139/75 158/137/75
f 169/148/78 170/149/78 160/140/75 159/139/75
f 170/149/78 161/150/78 151/141/75 160/140/75
f 171/154/1 172/153/1 162/144/1 161/145/1
f 172/156/79 173/155/79 163/146/76 162/147/76
f 173/155/79 174/157/79 164/148/76 163/146/76
f 174/157/79 175/158/79 165/149/76 164/148/76
f 175/158/79 176/159/79 166/150/77 165/149/76
f 176/161/7 177/160/7 167/151/7 166/152/7
f 177/156/80 178/155/80 168/146/78 167/147/78
f 178/155/80 179/157/80 169/148/78 168/146/78
f 179/157/80 180/158/80 170/149/78 169/148/78
f 180/158/80 171/159/81 161/150/78 170/149/78
f 181/163/1 182/162/1 172/153/1 171/154/1
f 182/165/83 183/164/82 173/155/79 172/156/79
f 183/164/82 184/166/83 174/157/79 173/155/79
f 184/166/83 185/167/83 175/158/79 174/157/79
f 185/167/83 186/168/84 176/159/79 175/158/79
f 186/170/7 187/169/7 177/160/7 176/161/7
f 187/165/86 188/164/85 178/155/80 177/156/80
f 188/164/85 189/166/85 179/157/80 178/155/80
f 189/166/85 190/167/87 180/158/80 179/157/80
f 190/167/87 181/168/87 171/159/81 180/158/80
f 191/172/1 192/171/1 182/162/1 181/163/1
f 192/174/88 193/173/88 183/164/82 182/165/83
f 193/173/88 194/175/89 184/166/83 183/164/82
f 194/175/89 195/176/89 185/167/83 184/166/83
f 195/176/89 196/177/89 186/168/84 185/167/83
f 196/179/7 197/178/7 187/169/7 186/170/7
f 197/174/91 198/173/90 188/164/85 187/165/86
f 198/173/90 199/175/90 189/166/85 188/164/85
f 199/175/90 200/176/92 190/167/87 189/166/85
f 200/176/92 191/177/91 181/168/87 190/167/87
f 201/181/1 202/180/1 192/171/1 191/172/1
f 202/183/94 203/182/93 193/173/88 192/174/88
f 203/182/93 204/184/93 194/175/89 193/173/88
f 204/184/93 205/185/93 195/176/89 194/175/89
f 205/185/93 206/186/93 196/177/89 195/176/89
f 206/188/7 207/187/7 197/178/7 196/179/7
f 207/183/96 208/182/95 198/173/90 197/174/91
f 208/182/95 209/184/95 199/175/90 198/173/90
f 209/184/95 210/185/95 200/176/92 199/175/90
f 210/185/95 201/186/95 191/177/91 200/176/92
f 211/190/1 212/189/1 202/180/1 201/181/1
f 212/192/98 213/191/97 203/182/93 202/183/94
f 213/191/97 214/193/98 204/184/93 203/182/93
f 214/193/98 215/194/98 205/185/93 204/184/93
f 215/194/98 216/195/98 206/186/93 205/185/93
f 216/197/7 217/196/7 207/187/7 206/188/7
f 217/192/99 218/191/99 208/182/95 207/183/96
f 218/191/99 219/193/99 209/184/95 208/182/95
f 219/193/99 220/194/99 210/185/95 209/184/95
f 220/194/99 211/195/99 201/186/95 210/185/95
f 221/199/1 222/198/1 212/189/1 211/190/1
f 222/201/100 223/200/100 213/191/97 212/192/98
f 223/200/100 224/202/101 214/193/98 213/191/97
f 224/202/101 225/203/101 215/194/98 214/193/98
f 225/203/101 226/204/101 216/195/98 215/194/98
f 226/206/7 227/205/7 217/196/7 216/197/7
f 227/201/102 228/200/102 218/191/99 217/192/99
f 228/200/102 229/202/102 219/193/99 218/191/99
f 229/202/102 230/203/102 220/194/99 219/193/99
f 230/203/102 221/204/102 211/195/99 220/194/99
f 231/208/1 232/207/1 222/198/1 221/199/1
f 232/210/104 233/209/103 223/200/100 222/201/100
f 233/209/103 234/211/103 224/202/101 223/200/100
f 234/211/103 235/212/103 225/203/101 224/202/101
f 235/212/103 236/213/103 226/204/101 225/203/101
f 236/215/7 237/214/7 227/205/7 226/206/7
f 237/210/105 238/209/105 228/200/102 227/201/102
f 238/209/105 239/211/105 229/202/102 228/200/102
f 239/211/105 240/212/105 230/203/102 229/202/102
f 240/212/105 231/213/105 221/204/102 230/203/102
f 241/217/1 242/216/1 232/207/1 231/208/1
f 242/219/106 243/218/106 233/209/103 232/210/104
f 243/218/106 244/220/106 234/211/103 233/209/103
f 244/220/106 245/221/106 235/212/103 234/211/103
f 245/221/106 246/222/106 236/213/103 235/212/103
f 246/224/7 247/223/7 237/214/7 236/215/7
f 247/219/108 248/218/107 238/209/105 237/210/105
f 248/218/107 249/220/107 239/211/105 238/209/105
f 249/220/107 250/221/107 240/212/105 239/211/105
f 250/221/107 241/222/108 231/213/105 240/212/105
f 251/226/1 252/225/1 242/216/1 241/217/1
f 252/228/109 253/227/109 243/218/106 242/219/106
f 253/227/109 254/229/109 244/220/106 243/218/106
f 254/229/109 255/230/109 245/221/106 244/220/106
f 255/230/109 256/231/109 246/222/106 245/221/106
f 256/233/7 257/232/7 247/223/7 246/224/7
f 257/228/110 258/227/110 248/218/107 247/219/108
f 258/227/110 259/229/110 249/220/107 248/218/107
f 259/229/110 260/230/110 250/221/107 249/220/107
f 260/230/110 251/231/111 241/222/108 250/221/107
f 261/235/1 262/234/1 252/225/1 251/226/1
f 262/237/113 263/236/112 253/227/109 252/228/109
f 263/236/112 264/238/112 254/229/109 253/227/109
f 264/238/112 265/239/112 255/230/109 254/229/109
f 265/239/112 266/240/113 256/231/109 255/230/109
f 266/242/7 267/241/7 257/232/7 256/233/7
f 267/237/115 268/236/114 258/227/110 257/228/110
f 268/236/114 269/238/114 259/229/110 258/227/110
f 269/238/114 270/239/114 260/230/110 259/229/110
f 270/239/114 261/240/116 251/231/111 260/230/110
f 271/244/1 272/243/1 262/234/1 261/235/1
f 272/246/118 273/245/117 263/236/112 262/237/113
f 273/245/117 274/247/117 264/238/112 263/236/112
f 274/247/117 275/248/117 265/239/112 264/238/112
f 275/248/117 276/249/118 266/240/113 265/239/112
f 276/251/7 277/250/7 267/241/7 266/242/7
f 277/246/120 278/245/119 268/236/114 267/237/115
f 278/245/119 279/247/119 269/238/114 268/236/114
f 279/247/119 280/248/119 270/239/114 269/238/114
f 280/248/119 271/249/121 261/240/116 270/239/114
f 281/253/1 282/252/1 272/243/1 271/244/1
f 282/255/122 283/254/122 273/245/117 272/246/118
f 283/254/122 284/256/122 274/247/117 273/245/117
f 284/256/122 285/257/122 275/248/117 274/247/117
f 285/257/122 286/258/122 276/249/118 275/248/117
f 286/260/7 287/259/7 277/250/7 276/251/7
f 287/255/124 288/254/123 278/245/119 277/246/120
f 288/254/123 289/256/123 279/247/119 278/245/119
f 289/256/123 290/257/123 280/248/119 279/247/119
f 290/257/123 281/258/123 271/249/121 280/248/119
f 291/262/1 292/261/1 282/252/1 281/253/1
f 292/264/126 293/263/125 283/254/122 282/255/122
f 293/263/125 294/265/125 284/256/122 283/254/122
f 294/265/125 295/266/125 285/257/122 284/256/122
f 295/266/125 296/267/125 286/258/122 285/257/122
f 296/269/7 297/268/7 287/259/7 286/260/7
f 297/264/127 298/263/127 288/254/123 287/255/124
f 298/263/127 299/265/127 289/256/123 288/254/123
f 299/265/127 300/266/127 290/257/123 289/256/123
f 300/266/127 291/267/127 281/258/123 290/257/123
f 301/271/1 302/270/1 292/261/1 291/262/1
f 302/273/128 303/272/128 293/263/125 292/264/126
f 303/272/128 304/274/128 294/265/125 293/263/125
f 304/274/128 305/275/128 295/266/125 294/265/125
f 305/275/128 306/276/128 296/267/125 295/266/125
f 306/278/7 307/277/7 297/268/7 296/269/7
f 307/273/130 308/272/129 298/263/127 297/264/127
f 308/272/129 309/274/129 299/265/127 298/263/127
f 309/274/129 310/275/129 300/266/127 299/265/127
f 310/275/129 301/276/130 291/267/127 300/266/127
f 311/280/1 312/279/1 302/270/1 301/271/1
f 312/282/131 313/281/131 303/272/128 302/273/128
f 313/281/131 314/283/131 304/274/128 303/272/128
f 314/283/131 315/284/131 305/275/128 304/274/128
f 315/284/131 316/285/131 306/276/128 305/275/128
f 316/287/7 317/286/7 307/277/7 306/278/7
f 317/282/132 318/281/132 308/272/129 307/273/130
f 318/281/132 319/283/132 309/274/129 308/272/129
f 319/283/132 320/284/132 310/275/129 309/274/129
f 320/284/132 311/285/132 301/276/130 310/275/129
f 321/289/1 322/288/1 312/279/1 311/280/1
f 322/291/133 323/290/133 313/281/131 312/282/131
f 323/290/133 324/292/133 314/283/131 313/281/131
f 324/292/133 325/293/133 315/284/131 314/283/131
f 325/293/133 326/294/133 316/285/131 315/284/131
f 326/296/7 327/295/7 317/286/7 316/287/7
f 327/291/134 328/290/134 318/281/132 317/282/132
f 328/290/134 329/292/134 319/283/132 318/281/132
f 329/292/134 330/293/135 320/284/132 319/283/132
f 330/293/135 321/294/136 311/285/132 320/284/132
f 331/298/1 332/297/1 322/288/1 321/289/1
f 332/300/137 333/299/137 323/290/133 322/291/133
f 333/299/137 334/301/137 324/292/133 323/290/133
f 334/301/137 335/302/137 325/293/133 324/292/133
f 335/302/137 336/303/137 326/294/133 325/293/133
f 336/305/7 337/304/7 327/295/7 326/296/7
f 337/300/139 338/299/138 328/290/134 327/291/134
f 338/299/138 339/301/138 329/292/134 328/290/134
f 339/301/138 340/302/138 330/293/135 329/292/134
f 340/302/138 331/303/140 321/294/136 330/293/135
f 341/307/1 342/306/1 332/297/1 331/298/1
f 342/309/141 343/308/141 333/299/137 332/300/137
f 343/308/141 344/310/141 334/301/137 333/299/137
f 344/310/141 345/311/141 335/302/137 334/301/137
f 345/311/141 346/312/141 336/303/137 335/302/137
f 346/314/7 347/313/7 337/304/7 336/305/7
f 347/309/143 348/308/142 338/299/138 337/300/139
f 348/308/142 349/310/142 339/301/138 338/299/138
f 349/310/142 350/311/144 340/302/138 339/301/138
f 350/311/144 341/312/144 331/303/140 340/302/138
f 351/316/1 352/315/1 342/306/1 341/307/1
f 352/318/146 353/317/145 343/308/141 342/309/141
f 353/317/145 354/319/145 344/310/141 343/308/141
f 354/319/145 355/320/145 345/311/141 344/310/141
f 355/320/145 356/321/145 346/312/141 345/311/141
f 356/323/7 357/322/7 347/313/7 346/314/7
f 357/318/147 358/317/147 348/308/142 347/309/143
f 358/317/147 359/319/147 349/310/142 348/308/142
f 359/319/147 360/320/147 350/311/144 349/310/142
f 360/320/147 351/321/148 341/312/144 350/311/144
f 361/325/1 362/324/1 352/315/1 351/316/1
f 362/327/150 363/326/149 353/317/145 352/318/146
f 363/326/149 364/328/151 354/319/145 353/317/145
f 364/328/151 365/329/151 355/320/145 354/319/145
f 365/329/151 366/330/150 356/321/145 355/320/145
f 366/332/7 367/331/7 357/322/7 356/323/7
f 367/327/152 368/326/152 358/317/147 357/318/147
f 368/326/152 369/328/152 359/319/147 358/317/147
f 369/328/152 370/329/152 360/320/147 359/319/147
f 370/329/152 361/330/153 351/321/148 360/320/147
f 371/334/1 372/333/1 362/324/1 361/325/1
f 372/336/155 373/335/154 363/326/149 362/327/150
f 373/335/154 374/337/154 364/328/151 363/326/149
f 374/337/154 375/338/154 365/329/151 364/328/151
f 375/338/154 376/339/154 366/330/150 365/329/151
f 376/341/7 377/340/7 367/331/7 366/332/7
f 377/336/157 378/335/156 368/326/152 367/327/152
f 378/335/156 379/337/156 369/328/152 368/326/152
f 379/337/156 380/338/156 370/329/152 369/328/152
f 380/338/156 371/339/156 361/330/153 370/329/152
f 381/343/1 382/342/1 372/333/1 371/334/1
f 382/345/158 383/344/158 373/335/154 372/336/155
f 383/344/158 384/346/158 374/337/154 373/335/154
f 384/346/158 385/347/158 375/338/154 374/337/154
f 385/347/158 386/348/158 376/339/154 375/338/154
f 386/350/7 387/349/7 377/340/7 376/341/7
f 387/345/159 388/344/159 378/335/156 377/336/157
f 388/344/159 389/346/159 379/337/156 378/335/156
f 389/346/159 390/347/159 380/338/156 379/337/156
f 390/347/159 381/348/159 371/339/156 380/338/156
f 391/352/1 392/351/1 382/342/1 381/343/1
f 392/354/161 393/353/160 383/344/158 382/345/158
f 393/353/160 394/355/160 384/346/158 383/344/158
f 394/355/160 395/356/160 385/347/158 384/346/158
f 395/356/160 396/357/160 386/348/158 385/347/158
f 396/359/7 397/358/7 387/349/7 386/350/7
f 397/354/163 398/353/162 388/344/159 387/345/159
f 398/353/162 399/355/162 389/346/159 388/344/159
f 399/355/162 400/356/162 390/347/159 389/346/159
f 400/356/162 391/357/163 381/348/159 390/347/159
f 401/361/1 402/360/1 392/351/1 391/352/1
f 402/363/165 403/362/164 393/353/160 392/354/161
f 403/362/164 404/364/164 394/355/160 393/353/160
f 404/364/164 405/365/164 395/356/160 394/355/160
f 405/365/164 406/366/164 396/357/160 395/356/160
f 406/368/7 407/367/7 397/358/7 396/359/7
f 407/363/167 408/362/166 398/353/162 397/354/163
f 408/362/166 409/364/166 399/355/162 398/353/162
f 409/364/166 410/365/168 400/356/162 399/355/162
f 410/365/168 401/366/169 391/357/163 400/356/162
f 411/370/1 412/369/1 402/360/1 401/361/1
f 412/372/170 413/371/170 403/362/164 402/363/165
f 413/371/170 414/373/170 404/364/164 403/362/164
f 414/373/170 415/374/170 405/365/164 404/364/164
f 415/374/170 416/375/170 406/366/164 405/365/164
f 416/377/7 417/376/7 407/367/7 406/368/7
f 417/372/172 418/371/171 408/362/166 407/363/167
f 418/371/171 419/373/171 409/364/166 408/362/166
f 419/373/171 420/374/171 410/365/168 409/364/166
f 420/374/171 411/375/173 401/366/169 410/365/168
f 421/379/1 422/378/1 412/369/1 411/370/1
f 422/381/175 423/380/174 413/371/170 412/372/170
f 423/380/174 424/382/174 414/373/170 413/371/170
f 424/382/174 425/383/174 415/374/170 414/373/170
f 425/383/174 426/384/174 416/375/170 415/374/170
f 426/386/7 427/385/7 417/376/7 416/377/7
f 427/381/177 428/380/176 418/371/171 417/372/172
f 428/380/176 429/382/176 419/373/171 418/371/171
f 429/382/176 430/383/176 420/374/171 419/373/171
f 430/383/176 421/384/177 411/375/173 420/374/171
f 431/388/1 432/387/1 422/378/1 421/379/1
f 432/390/179 433/389/178 423/380/174 422/381/175
f 433/389/178 434/391/178 424/382/174 423/380/174
f 434/391/178 435/392/178 425/383/174 424/382/174
f 435/392/178 436/393/178 426/384/174 425/383/174
f 436/395/7 437/394/7 427/385/7 426/386/7
f 437/390/180 438/389/180 428/380/176 427/381/177
f 438/389/180 439/391/180 429/382/176 428/380/176
f 439/391/180 440/392/180 430/383/176 429/382/176
f 440/392/180 431/393/181 421/384/177 430/383/176
f 441/397/1 442/396/1 432/387/1 431/388/1
f 442/399/182 443/398/182 433/389/178 432/390/179
f 443/398/182 444/400/182 434/391/178 433/389/178
f 444/400/182 445/401/182 435/392/178 434/391/178
f 445/401/182 446/402/182 436/393/178 435/392/178
f 446/404/7 447/403/7 437/394/7 436/395/7
f 447/399/183 448/398/183 438/389/180 437/390/180
f 448/398/183 449/400/183 439/391/180 438/389/180
f 449/400/183 450/401/183 440/392/180 439/391/180
f 450/401/183 441/402/183 431/393/181 440/392/180
f 451/406/1 452/405/1 442/396/1 441/397/1
f 452/408/184 453/407/184 443/398/182 442/399/182
f 453/407/184 454/409/185 444/400/182 443/398/182
f 454/409/185 455/410/185 445/401/182 444/400/182
f 455/410/185 456/411/184 446/402/182 445/401/182
f 456/413/7 457/412/7 447/403/7 446/404/7
f 457/408/186 458/407/186 448/398/183 447/399/183
f 458/407/186 459/409/186 449/400/183 448/398/183
f 459/409/186 460/410/186 450/401/183 449/400/183
f 460/410/186 451/411/186 441/402/183 450/401/183
f 461/415/1 462/414/1 452/405/1 451/406/1
f 462/417/187 463/416/187 453/407/184 452/408/184
f 463/416/187 464/418/187 454/409/185 453/407/184
f 464/418/187 465/419/187 455/410/185 454/409/185
f 465/419/187 466/420/188 456/411/184 455/410/185
f 466/422/7 467/421/7 457/412/7 456/413/7
f 467/417/189 468/416/189 458/407/186 457/408/186
f 468/416/189 469/418/189 459/409/186 458/407/186
f 469/418/189 470/419/189 460/410/186 459/409/186
f 470/419/189 461/420/190 451/411/186 460/410/186
f 471/424/1 472/423/1 462/414/1 461/415/1
f 472/426/191 473/425/191 463/416/187 462/417/187
f 473/425/191 474/427/192 464/418/187 463/416/187
f 474/427/192 475/428/192 465/419/187 464/418/187
f 475/428/192 476/429/192 466/420/188 465/419/187
f 476/431/7 477/430/7 467/421/7 466/422/7
f 477/426/193 478/425/193 468/416/189 467/417/189
f 478/425/193 479/427/193 469/418/189 468/416/189
f 479/427/193 480/428/194 470/419/189 469/418/189
f 480/428/194 471/429/194 461/420/190 470/419/189
f 481/433/1 482/432/1 472/423/1 471/424/1
f 482/435/196 483/434/195 473/425/191 472/426/191
f 483/434/195 484/436/195 474/427/192 473/425/191
f 484/436/195 485/437/195 475/428/192 474/427/192
f 485/437/195 486/438/196 476/429/192 475/428/192
f 486/440/7 487/439/7 477/430/7 476/431/7
f 487/435/197 488/434/197 478/425/193 477/426/193
f 488/434/197 489/436/197 479/427/193 478/425/193
f 489/436/197 490/437/197 480/428/194 479/427/193
f 490/437/197 481/438/197 471/429/194 480/428/194
f 491/442/1 492/441/1 482/432/1 481/433/1
f 492/444/199 493/443/198 483/434/195 482/435/196
f 493/443/198 494/445/200 484/436/195 483/434/195
f 494/445/200 495/446/200 485/437/195 484/436/195
f 495/446/200 496/447/198 486/438/196 485/437/195
f 496/449/7 497/448/7 487/439/7 486/440/7
f 497/444/201 498/443/201 488/434/197 487/435/197
f 498/443/201 499/445/201 489/436/197 488/434/197
f 499/445/201 500/446/201 490/437/197 489/436/197
f 500/446/201 491/447/201 481/438/197 490/437/197
f 501/451/1 502/450/1 492/441/1 491/442/1
f 502/453/203 503/452/202 493/443/198 492/444/199
f 503/452/202 504/454/204 494/445/200 493/443/198
f 504/454/204 505/455/204 495/446/200 494/445/200
f 505/455/204 506/456/204 496/447/198 495/446/200
f 506/458/7 507/457/7 497/448/7 496/449/7
f 507/453/205 508/452/205 498/443/201 497/444/201
f 508/452/205 509/454/205 499/445/201 498/443/201
f 509/454/205 510/455/205 500/446/201 499/445/201
f 510/455/205 501/456/205 491/447/201 500/446/201
f 511/460/1 512/459/1 502/450/1 501/451/1
f 512/462/206 513/461/206 503/452/202 502/453/203
f 513/461/206 514/463/206 504/454/204 503/452/202
f 514/463/206 515/464/206 505/455/204 504/454/204
f 515/464/206 516/465/206 506/456/204 505/455/204
f 516/467/7 517/466/7 507/457/7 506/458/7
f 517/462/207 518/461/207 508/452/205 507/453/205
f 518/461/207 519/463/207 509/454/205 508/452/205
f 519/463/207 520/464/207 510/455/205 509/454/205
f 520/464/207 511/465/208 501/456/205 510/455/205
f 521/469/1 522/468/1 512/459/1 511/460/1
f 522/471/210 523/470/209 513/461/206 512/462/206
f 523/470/209 524/472/209 514/463/206 513/461/206
f 524/472/209 525/473/209 515/464/206 514/463/206
f 525/473/209 526/474/210 516/465/206 515/464/206
f 526/476/7 527/475/7 517/466/7 516/467/7
f 527/471/211 528/470/211 518/461/207 517/462/207
f 528/470/211 529/472/211 519/463/207 518/461/207
f 529/472/211 530/473/211 520/464/207 519/463/207
f 530/473/211 521/474/212 511/465/208 520/464/207
f 531/478/1 532/477/1 522/468/1 521/469/1
f 532/480/213 533/479/213 523/470/209 522/471/210
f 533/479/213 534/481/213 524/472/209 523/470/209
f 534/481/213 535/482/213 525/473/209 524/472/209
f 535/482/213 536/483/213 526/474/210 525/473/209
f 536/485/7 537/484/7 527/475/7 526/476/7
f 537/480/214 538/479/214 528/470/211 527/471/211
f 538/479/214 539/481/214 529/472/211 528/470/211
f 539/481/214 540/482/215 530/473/211 529/472/211
f 540/482/215 531/483/216 521/474/212 530/473/211
f 541/487/1 542/486/1 532/477/1 531/478/1
f 542/489/217 543/488/217 533/479/213 532/480/213
f 543/488/217 544/490/217 534/481/213 533/479/213
f 544/490/217 545/491/217 535/482/213 534/481/213
f 545/491/217 546/492/217 536/483/213 535/482/213
f 546/494/7 547/493/7 537/484/7 536/485/7
f 547/489/218 548/488/218 538/479/214 537/480/214
f 548/488/218 549/490/218 539/481/214 538/479/214
f 549/490/218 550/491/218 540/482/215 539/481/214
f 550/491/218 541/492/218 531/483/216 540/482/215
f 551/496/1 552/495/1 542/486/1 541/487/1
f 552/498/219 553/497/219 543/488/217 542/489/217
f 553/497/219 554/499/219 544/490/217 543/488/217
f 554/499/219 555/500/219 545/491/217 544/490/217
f 555/500/219 556/501/219 546/492/217 545/491/217
f 556/503/7 557/502/7 547/493/7 546/494/7
f 557/498/220 558/497/220 548/488/218 547/489/218
f 558/497/220 559/499/220 549/490/218 548/488/218
f 559/499/220 560/500/220 550/491/218 549/490/218
f 560/500/220 551/501/220 541/492/218 550/491/218
f 561/505/1 562/504/1 552/495/1 551/496/1
f 562/507/222 563/506/221 553/497/219 552/498/219
f 563/506/221 564/508/222 554/499/219 553/497/219
f 564/508/222 565/509/222 555/500/219 554/499/219
f 565/509/222 566/510/223 556/501/219 555/500/219
f 566/512/7 567/511/7 557/502/7 556/503/7
f 567/507/225 568/506/224 558/497/220 557/498/220
f 568/506/224 569/508/224 559/499/220 558/497/220
f 569/508/224 570/509/224 560/500/220 559/499/220
f 570/509/224 561/510/226 551/501/220 560/500/220
f 571/514/1 572/513/1 562/504/1 561/505/1
f 572/516/228 573/515/227 563/506/221 562/507/222
f 573/515/227 574/517/227 564/508/222 563/506/221
f 574/517/227 575/518/227 565/509/222 564/508/222
f 575/518/227 576/519/229 566/510/223 565/509/222
f 576/521/7 577/520/7 567/511/7 566/512/7
f 577/516/230 578/515/230 568/506/224 567/507/225
f 578/515/230 579/517/230 569/508/224 568/506/224
f 579/517/230 580/518/230 570/509/224 569/508/224
f 580/518/230 571/519/231 561/510/226 570/509/224
f 581/523/1 582/522/1 572/513/1 571/514/1
f 582/525/232 583/524/232 573/515/227 572/516/228
f 583/524/232 584/526/232 574/517/227 573/515/227
f 584/526/232 585/527/232 575/518/227 574/517/227
f 585/527/232 586/528/232 576/519/229 575/518/227
f 586/530/7 587/529/7 577/520/7 576/521/7
f 587/525/233 588/524/233 578/515/230 577/516/230
f 588/524/233 589/526/233 579/517/230 578/515/230
f 589/526/233 590/527/233 580/518/230 579/517/230
f 590/527/233 581/528/233 571/519/231 580/518/230
f 591/532/1 592/531/1 582/522/1 581/523/1
f 592/534/234 593/533/234 583/524/232 582/525/232
f 593/533/234 594/535/235 584/526/232 583/524/232
f 594/535/235 595/536/235 585/527/232 584/526/232
f 595/536/235 596/537/234 586/528/232 585/527/232
f 596/539/7 597/538/7 587/529/7 586/530/7
f 597/534/236 598/533/236 588/524/233 587/525/233
f 598/533/236 599/535/236 589/526/233 588/524/233
f 599/535/236 600/536/236 590/527/233 589/526/233
f 600/536/236 591/537/237 581/528/233 590/527/233
f 601/541/1 602/540/1 592/531/1 591/532/1
f 602/543/239 603/542/238 593/533/234 592/534/234
f 603/542/238 604/544/238 594/535/235 593/533/234
f 604/544/238 605/545/238 595/536/235 594/535/235
f 605/545/238 606/546/239 596/537/234 595/536/235
f 606/548/7 607/547/7 597/538/7 596/539/7
f 607/543/240 608/542/240 598/533/236 597/534/236
f 608/542/240 609/544/240 599/535/236 598/533/236
f 609/544/240 610/545/240 600/536/236 599/535/236
f 610/545/240 601/546/240 591/537/237 600/536/236
f 611/550/1 612/549/1 602/540/1 601/541/1
f 612/552/242 613/551/241 603/542/238 602/543/239
f 613/551/241 614/553/241 604/544/238 603/542/238
f 614/553/241 615/554/241 605/545/238 604/544/238
f 615/554/241 616/555/242 606/546/239 605/545/238
f 616/557/7 617/556/7 607/547/7 606/548/7
f 617/552/243 618/551/243 608/542/240 607/543/240
f 618/551/243 619/553/243 609/544/240 608/542/240
f 619/553/243 620/554/243 610/545/240 609/544/240
f 620/554/243 611/555/244 601/546/240 610/545/240
f 621/559/1 622/558/1 612/549/1 611/550/1
f 622/561/246 623/560/245 613/551/241 612/552/242
f 623/560/245 624/562/245 614/553/241 613/551/241
f 624/562/245 625/563/245 615/554/241 614/553/241
f 625/563/245 626/564/245 616/555/242 615/554/241
f 626/566/7 627/565/7 617/556/7 616/557/7
f 627/561/248 628/560/247 618/551/243 617/552/243
f 628/560/247 629/562/247 619/553/243 618/551/243
f 629/562/247 630/563/249 620/554/243 619/553/243
f 630/563/249 621/564/248 611/555/244 620/554/243
f 631/568/1 632/567/1 622/558/1 621/559/1
f 632/570/250 633/569/250 623/560/245 622/561/246
f 633/569/250 634/571/250 624/562/245 623/560/245
f 634/571/250 635/572/250 625/563/245 624/562/245
f 635/572/250 636/573/250 626/564/245 625/563/245
f 636/575/7 637/574/7 627/565/7 626/566/7
f 637/570/251 638/569/251 628/560/247 627/561/248
f 638/569/251 639/571/251 629/562/247 628/560/247
f 639/571/251 640/572/251 630/563/249 629/562/247
f 640/572/251 631/573/251 621/564/248 630/563/249
f 641/577/1 642/576/1 632/567/1 631/568/1
f 642/579/253 643/578/252 633/569/250 632/570/250
f 643/578/252 644/580/252 634/571/250 633/569/250
f 644/580/252 645/581/252 635/572/250 634/571/250
f 645/581/252 646/582/252 636/573/250 635/572/250
f 646/584/7 647/583/7 637/574/7 636/575/7
f 647/579/254 648/578/254 638/569/251 637/570/251
f 648/578/254 649/580/254 639/571/251 638/569/251
f 649/580/254 650/581/255 640/572/251 639/571/251
f 650/581/255 641/582/255 631/573/251 640/572/251
f 651/586/1 652/585/1 642/576/1 641/577/1
f 652/588/257 653/587/256 643/578/252 642/579/253
f 653/587/256 654/589/256 644/580/252 643/578/252
f 654/589/256 655/590/256 645/581/252 644/580/252
f 655/590/256 656/591/256 646/582/252 645/581/252
f 656/593/7 657/592/7 647/583/7 646/584/7
f 657/588/258 658/587/258 648/578/254 647/579/254
f 658/587/258 659/589/258 649/580/254 648/578/254
f 659/589/258 660/590/259 650/581/255 649/580/254
f 660/590/259 651/591/260 641/582/255 650/581/255
f 661/595/1 662/594/1 652/585/1 651/586/1
f 662/597/261 663/596/261 653/587/256 652/588/257
f 663/596/261 664/598/261 654/589/256 653/587/256
f 664/598/261 665/599/261 655/590/256 654/589/256
f 665/599/261 666/600/261 656/591/256 655/590/256
f 666/602/7 667/601/7 657/592/7 656/593/7
f 667/597/263 668/596/262 658/587/258 657/588/258
f 668/596/262 669/598/262 659/589/258 658/587/258
f 669/598/262 670/599/264 660/590/259 659/589/258
f 670/599/264 661/600/265 651/591/260 660/590/259
f 671/604/1 672/603/1 662/594/1 661/595/1
f 672/606/267 673/605/266 663/596/261 662/597/261
f 673/605/266 674/607/268 664/598/261 663/596/261
f 674/607/268 675/608/268 665/599/261 664/598/261
f 675/608/268 676/609/268 666/600/261 665/599/261
f 676/611/7 677/610/7 667/601/7 666/602/7
f 677/606/269 678/605/269 668/596/262 667/597/263
f 678/605/269 679/607/269 669/598/262 668/596/262
f 679/607/269 680/608/269 670/599/264 669/598/262
f 680/608/269 671/609/269 661/600/265 670/599/264
f 681/613/1 682/612/1 672/603/1 671/604/1
f 682/615/271 683/614/270 673/605/266 672/606/267
f 683/614/270 684/616/270 674/607/268 673/605/266
f 684/616/270 685/617/270 675/608/268 674/607/268
f 685/617/270 686/618/270 676/609/268 675/608/268
f 686/620/7 687/619/7 677/610/7 676/611/7
f 687/615/272 688/614/272 678/605/269 677/606/269
f 688/614/272 689/616/272 679/607/269 678/605/269
f 689/616/272 690/617/273 680/608/269 679/607/269
f 690/617/273 681/618/273 671/609/269 680/608/269
f 691/622/1 692/621/1 682/612/1 681/613/1
f 692/624/275 693/623/274 683/614/270 682/615/271
f 693/623/274 694/625/274 684/616/270 683/614/270
f 694/625/274 695/626/274 685/617/270 684/616/270
f 695/626/274 696/627/276 686/618/270 685/617/270
f 696/629/7 697/628/7 687/619/7 686/620/7
f 697/624/278 698/623/277 688/614/272 687/615/272
f 698/623/277 699/625/277 689/616/272 688/614/272
f 699/625/277 700/626/277 690/617/273 689/616/272
f 700/626/277 691/627/278 681/618/273 690/617/273
f 701/631/1 702/630/1 692/621/1 691/622/1
f 702/633/280 703/632/279 693/623/274 692/624/275
f 703/632/279 704/634/279 694/625/274 693/623/274
f 704/634/279 705/635/279 695/626/274 694/625/274
f 705/635/279 706/636/279 696/627/276 695/626/274
f 706/638/7 707/637/7 697/628/7 696/629/7
f 707/633/281 708/632/281 698/623/277 697/624/278
f 708/632/281 709/634/281 699/625/277 698/623/277
f 709/634/281 710/635/281 700/626/277 699/625/277
f 710/635/281 701/636/281 691/627/278 700/626/277
f 711/640/1 712/639/1 702/630/1 701/631/1
f 712/642/283 713/641/282 703/632/279 702/633/280
f 713/641/282 714/643/282 704/634/279 703/632/279
f 714/643/282 715/644/282 705/635/279 704/634/279
f 715/644/282 716/645/283 706/636/279 705/635/279
f 716/647/7 717/646/7 707/637/7 706/638/7
f 717/642/284 718/641/284 708/632/281 707/633/281
f 718/641/284 719/643/284 709/634/281 708/632/281
f 719/643/284 720/644/284 710/635/281 709/634/281
f 720/644/284 711/645/285 701/636/281 710/635/281
f 721/649/1 722/648/1 712/639/1 711/640/1
f 722/651/287 723/650/286 713/641/282 712/642/283
f 723/650/286 724/652/286 714/643/282 713/641/282
f 724/652/286 725/653/286 715/644/282 714/643/282
f 725/653/286 726/654/287 716/645/283 715/644/282
f 726/656/7 727/655/7 717/646/7 716/647/7
f 727/651/288 728/650/288 718/641/284 717/642/284
f 728/650/288 729/652/288 719/643/284 718/641/284
f 729/652/288 730/653/288 720/644/284 719/643/284
f 730/653/288 721/654/288 711/645/285 720/644/284
f 731/658/1 732/657/1 722/648/1 721/649/1
f 732/660/289 733/659/289 723/650/286 722/651/287
f 733/659/289 734/661/290 724/652/286 723/650/286
f 734/661/290 735/662/290 725/653/286 724/652/286
f 735/662/290 736/663/291 726/654/287 725/653/286
f 736/665/7 737/664/7 727/655/7 726/656/7
f 737/660/293 738/659/292 728/650/288 727/651/288
f 738/659/292 739/661/292 729/652/288 728/650/288
f 739/661/292 740/662/292 730/653/288 729/652/288
f 740/662/292 731/663/292 721/654/288 730/653/288
f 741/667/1 742/666/1 732/657/1 731/658/1
f 742/669/294 743/668/294 733/659/289 732/660/289
f 743/668/294 744/670/294 734/661/290 733/659/289
f 744/670/294 745/671/294 735/662/290 734/661/290
f 745/671/294 746/672/294 736/663/291 735/662/290
f 746/674/7 747/673/7 737/664/7 736/665/7
f 747/669/296 748/668/295 738/659/292 737/660/293
f 748/668/295 749/670/295 739/661/292 738/659/292
f 749/670/295 750/671/296 740/662/292 739/661/292
f 750/671/296 741/672/296 731/663/292 740/662/292
f 751/676/1 752/675/1 742/666/1 741/667/1
f 752/678/297 753/677/297 743/668/294 742/669/294
f 753/677/297 754/679/298 744/670/294 743/668/294
f 754/679/298 755/680/298 745/671/294 744/670/294
f 755/680/298 756/681/299 746/672/294 745/671/294
f 756/683/7 757/682/7 747/673/7 746/674/7
f 757/678/301 758/677/300 748/668/295 747/669/296
f 758/677/300 759/679/300 749/670/295 748/668/295
f 759/679/300 760/680/300 750/671/296 749/670/295
f 760/680/300 751/681/301 741/672/296 750/671/296
f 761/685/1 762/684/1 752/675/1 751/676/1
f 762/687/302 763/686/302 753/677/297 752/678/297
f 763/686/302 764/688/302 754/679/298 753/677/297
f 764/688/302 765/689/302 755/680/298 754/679/298
f 765/689/302 766/690/302 756/681/299 755/680/298
f 766/692/7 767/691/7 757/682/7 756/683/7
f 767/687/303 768/686/303 758/677/300 757/678/301
f 768/686/303 769/688/303 759/679/300 758/677/300
f 769/688/303 770/689/303 760/680/300 759/679/300
f 770/689/303 761/690/304 751/681/301 760/680/300
f 771/694/1 772/693/1 762/684/1 761/685/1
f 772/696/305 773/695/305 763/686/302 762/687/302
f 773/695/305 774/697/305 764/688/302 763/686/302
f 774/697/305 775/698/305 765/689/302 764/688/302
f 775/698/305 776/699/305 766/690/302 765/689/302
f 776/701/7 777/700/7 767/691/7 766/692/7
f 777/696/306 778/695/306 768/686/303 767/687/303
f 778/695/306 779/697/306 769/688/303 768/686/303
f 779/697/306 780/698/306 770/689/303 769/688/303
f 780/698/306 771/699/306 761/690/304 770/689/303
f 781/703/1 782/702/1 772/693/1 771/694/1
f 782/705/307 783/704/307 773/695/305 772/696/305
f 783/704/307 784/706/308 774/697/305 773/695/305
f 784/706/308 785/707/308 775/698/305 774/697/305
f 785/707/308 786/708/308 776/699/305 775/698/305
f 786/710/7 787/709/7 777/700/7 776/701/7
f 787/705/309 788/704/309 778/695/306 777/696/306
f 788/704/309 789/706/309 779/697/306 778/695/306
f 789/706/309 790/707/309 780/698/306 779/697/306
f 790/707/309 781/708/310 771/699/306 780/698/306
f 791/712/1 792/711/1 782/702/1 781/703/1
f 792/714/312 793/713/311 783/704/307 782/705/307
f 793/713/311 794/715/311 784/706/308 783/704/307
f 794/715/311 795/716/311 785/707/308 784/706/308
f 795/716/311 796/717/311 786/708/308 785/707/308
f 796/719/7 797/718/7 787/709/7 786/710/7
f 797/714/314 798/713/313 788/704/309 787/705/309
f 798/713/313 799/715/313 789/706/309 788/704/309
f 799/715/313 800/716/313 790/707/309 789/706/309
f 800/716/313 791/717/313 781/708/310 790/707/309
f 801/721/1 802/720/1 792/711/1 791/712/1
f 802/723/315 803/722/315 793/713/311 792/714/312
f 803/722/315 804/724/315 794/715/311 793/713/311
f 804/724/315 805/725/315 795/716/311 794/715/311
f 805/725/315 806/726/315 796/717/311 795/716/311
f 806/728/7 807/727/7 797/718/7 796/719/7
f 807/723/316 808/722/316 798/713/313 797/714/314
f 808/722/316 809/724/316 799/715/313 798/713/313
f 809/724/316 810/725/317 800/716/313 799/715/313
f 810/725/317 801/726/318 791/717/313 800/716/313
f 811/730/1 812/729/1 802/720/1 801/721/1
f 812/732/319 813/731/319 803/722/315 802/723/315
f 813/731/319 814/733/320 804/724/315 803/722/315
f 814/733/320 815/734/320 805/725/315 804/724/315
f 815/734/320 816/735/321 806/726/315 805/725/315
f 816/737/7 817/736/7 807/727/7 806/728/7
f 817/732/322 818/731/322 808/722/316 807/723/316
f 818/731/322 819/733/322 809/724/316 808/722/316
f 819/733/322 820/734/323 810/725/317 809/724/316
f 820/734/323 811/735/324 801/726/318 810/725/317
f 821/739/1 822/738/1 812/729/1 811/730/1
f 822/741/325 823/740/325 813/731/319 812/732/319
f 823/740/325 824/742/325 814/733/320 813/731/319
f 824/742/325 825/743/325 815/734/320 814/733/320
f 825/743/325 826/744/325 816/735/321 815/734/320
f 826/746/7 827/745/7 817/736/7 816/737/7
f 827/741/326 828/740/326 818/731/322 817/732/322
f 828/740/326 829/742/326 819/733/322 818/731/322
f 829/742/326 830/743/326 820/734/323 819/733/322
f 830/743/326 821/744/326 811/735/324 820/734/323
f 831/748/1 832/747/1 822/738/1 821/739/1
f 832/750/327 833/749/327 823/740/325 822/741/325
f 833/749/327 834/751/327 824/742/325 823/740/325
f 834/751/327 835/752/327 825/743/325 824/742/325
f 835/752/327 836/753/328 826/744/325 825/743/325
f 836/755/7 837/754/7 827/745/7 826/746/7
f 837/750/329 838/749/329 828/740/326 827/741/326
f 838/749/329 839/751/329 829/742/326 828/740/326
f 839/751/329 840/752/329 830/743/326 829/742/326
f 840/752/329 831/753/329 821/744/326 830/743/326
f 841/757/1 842/756/1 832/747/1 831/748/1
f 842/759/330 843/758/330 833/749/327 832/750/327
f 843/758/330 844/760/330 834/751/327 833/749/327
f 844/760/330 845/761/330 835/752/327 834/751/327
f 845/761/330 846/762/330 836/753/328 835/752/327
f 846/764/7 847/763/7 837/754/7 836/755/7
f 847/759/331 848/758/331 838/749/329 837/750/329
f 848/758/331 849/760/331 839/751/329 838/749/329
f 849/760/331 850/761/331 840/752/329 839/751/329
f 850/761/331 841/762/332 831/753/329 840/752/329
f 851/766/1 852/765/1 842/756/1 841/757/1
f 852/768/333 853/767/333 843/758/330 842/759/330
f 853/767/333 854/769/333 844/760/330 843/758/330
f 854/769/333 855/770/333 845/761/330 844/760/330
f 855/770/333 856/771/333 846/762/330 845/761/330
f 856/773/7 857/772/7 847/763/7 846/764/7
f 857/768/335 858/767/334 848/758/331 847/759/331
f 858/767/334 859/769/334 849/760/331 848/758/331
f 859/769/334 860/770/334 850/761/331 849/760/331
f 860/770/334 851/771/336 841/762/332 850/761/331
f 861/775/1 862/774/1 852/765/1 851/766/1
f 862/777/338 863/776/337 853/767/333 852/768/333
f 863/776/337 864/778/337 854/769/333 853/767/333
f 864/778/337 865/779/337 855/770/333 854/769/333
f 865/779/337 866/780/337 856/771/333 855/770/333
f 866/782/7 867/781/7 857/772/7 856/773/7
f 867/777/339 868/776/339 858/767/334 857/768/335
f 868/776/339 869/778/339 859/769/334 858/767/334
f 869/778/339 870/779/339 860/770/334 859/769/334
f 870/779/339 861/780/339 851/771/336 860/770/334
f 871/784/1 872/783/1 862/774/1 861/775/1
f 872/786/340 873/785/340 863/776/337 862/777/338
f 873/785/340 874/787/341 864/778/337 863/776/337
f 874/787/341 875/788/341 865/779/337 864/778/337
f 875/788/341 876/789/341 866/780/337 865/779/337
f 876/791/7 877/790/7 867/781/7 866/782/7
f 877/786/342 878/785/342 868/776/339 867/777/339
f 878/785/342 879/787/342 869/778/339 868/776/339
f 879/787/342 880/788/343 870/779/339 869/778/339
f 880/788/343 871/789/343 861/780/339 870/779/339
f 881/793/1 882/792/1 872/783/1 871/784/1
f 882/795/344 883/794/344 873/785/340 872/786/340
f 883/794/344 884/796/345 874/787/341 873/785/340
f 884/796/345 885/797/345 875/788/341 874/787/341
f 885/797/345 886/798/346 876/789/341 875/788/341
f 886/800/7 887/799/7 877/790/7 876/791/7
f 887/795/348 888/794/347 878/785/342 877/786/342
f 888/794/347 889/796/347 879/787/342 878/785/342
f 889/796/347 890/797/348 880/788/343 879/787/342
f 890/797/348 881/798/349 871/789/343 880/788/343
f 891/802/1 892/801/1 882/792/1 881/793/1
f 892/804/351 893/803/350 883/794/344 882/795/344
f 893/803/350 894/805/352 884/796/345 883/794/344
f 894/805/352 895/806/352 885/797/345 884/796/345
f 895/806/352 896/807/352 886/798/346 885/797/345
f 896/809/7 897/808/7 887/799/7 886/800/7
f 897/804/353 898/803/353 888/794/347 887/795/348
f 898/803/353 899/805/353 889/796/347 888/794/347
f 899/805/353 900/806/353 890/797/348 889/796/347
f 900/806/353 891/807/354 881/798/349 890/797/348
f 901/811/1 902/810/1 892/801/1 891/802/1
f 902/813/355 903/812/355 893/803/350 892/804/351
f 903/812/355 904/814/356 894/805/352 893/803/350
f 904/814/356 905/815/356 895/806/352 894/805/352
f 905/815/356 906/816/355 896/807/352 895/806/352
f 906/818/7 907/817/7 897/808/7 896/809/7
f 907/813/357 908/812/357 898/803/353 897/804/353
f 908/812/357 909/814/357 899/805/353 898/803/353
f 909/814/357 910/815/357 900/806/353 899/805/353
f 910/815/357 901/816/357 891/807/354 900/806/353
f 911/820/1 912/819/1 902/810/1 901/811/1
f 912/822/359 913/821/358 903/812/355 902/813/355
f 913/821/358 914/823/358 904/814/356 903/812/355
f 914/823/358 915/824/358 905/815/356 904/814/356
f 915/824/358 916/825/360 906/816/355 905/815/356
f 916/827/7 917/826/7 907/817/7 906/818/7
f 917/822/361 918/821/361 908/812/357 907/813/357
f 918/821/361 919/823/361 909/814/357 908/812/357
f 919/823/361 920/824/361 910/815/357 909/814/357
f 920/824/361 911/825/362 901/816/357 910/815/357
f 921/829/1 922/828/1 912/819/1 911/820/1
f 922/831/363 923/830/363 913/821/358 912/822/359
f 923/830/363 924/832/364 914/823/358 913/821/358
f 924/832/364 925/833/364 915/824/358 914/823/358
f 925/833/364 926/834/365 916/825/360 915/824/358
f 926/836/7 927/835/7 917/826/7 916/827/7
f 927/831/366 928/830/366 918/821/361 917/822/361
f 928/830/366 929/832/366 919/823/361 918/821/361
f 929/832/366 930/833/366 920/824/361 919/823/361
f 930/833/366 921/834/367 911/825/362 920/824/361
f 931/838/1 932/837/1 922/828/1 921/829/1
f 932/840/369 933/839/368 923/830/363 922/831/363
f 933/839/368 934/841/368 924/832/364 923/830/363
f 934/841/368 935/842/368 925/833/364 924/832/364
f 935/842/368 936/843/369 926/834/365 925/833/364
f 936/845/7 937/844/7 927/835/7 926/836/7
f 937/840/371 938/839/370 928/830/366 927/831/366
f 938/839/370 939/841/370 929/832/366 928/830/366
f 939/841/370 940/842/370 930/833/366 929/832/366
f 940/842/370 931/843/372 921/834/367 930/833/366
f 941/847/1 942/846/1 932/837/1 931/838/1
f 942/849/374 943/848/373 933/839/368 932/840/369
f 943/848/373 944/850/373 934/841/368 933/839/368
f 944/850/373 945/851/373 935/842/368 934/841/368
f 945/851/373 946/852/374 936/843/369 935/842/368
f 946/854/7 947/853/7 937/844/7 936/845/7
f 947/849/376 948/848/375 938/839/370 937/840/371
f 948/848/375 949/850/375 939/841/370 938/839/370
f 949/850/375 950/851/375 940/842/370 939/841/370
f 950/851/375 941/852/375 931/843/372 940/842/370
f 951/856/1 952/855/1 942/846/1 941/847/1
f 952/858/377 953/857/377 943/848/373 942/849/374
f 953/857/377 954/859/377 944/850/373 943/848/373
f 954/859/377 955/860/377 945/851/373 944/850/373
f 955/860/377 956/861/377 946/852/374 945/851/373
f 956/863/7 957/862/7 947/853/7 946/854/7
f 957/858/378 958/857/378 948/848/375 947/849/376
f 958/857/378 959/859/378 949/850/375 948/848/375
f 959/859/378 960/860/378 950/851/375 949/850/375
f 960/860/378 951/861/378 941/852/375 950/851/375
f 961/865/1 962/864/1 952/855/1 951/856/1
f 962/867/379 963/866/379 953/857/377 952/858/377
f 963/866/379 964/868/379 954/859/377 953/857/377
f 964/868/379 965/869/379 955/860/377 954/859/377
f 965/869/379 966/870/379 956/861/377 955/860/377
f 966/872/7 967/871/7 957/862/7 956/863/7
f 967/867/380 968/866/380 958/857/378 957/858/378
f 968/866/380 969/868/380 959/859/378 958/857/378
f 969/868/380 970/869/380 960/860/378 959/859/378
f 970/869/380 961/870/380 951/861/378 960/860/378
f 971/874/1 972/873/1 962/864/1 961/865/1
f 972/876/382 973/875/381 963/866/379 962/867/379
f 973/875/381 974/877/383 964/868/379 963/866/379
f 974/877/383 975/878/383 965/869/379 964/868/379
f 975/878/383 976/879/383 966/870/379 965/869/379
f 976/881/7 977/880/7 967/871/7 966/872/7
f 977/876/384 978/875/384 968/866/380 967/867/380
f 978/875/384 979/877/384 969/868/380 968/866/380
f 979/877/384 980/878/384 970/869/380 969/868/380
f 980/878/384 971/879/384 961/870/380 970/869/380
f 981/883/1 982/882/1 972/873/1 971/874/1
f 982/885/385 983/884/385 973/875/381 972/876/382
f 983/884/385 984/886/386 974/877/383 973/875/381
f 984/886/386 985/887/386 975/878/383 974/877/383
f 985/887/386 986/888/386 976/879/383 975/878/383
f 986/890/7 987/889/7 977/880/7 976/881/7
f 987/885/387 988/884/387 978/875/384 977/876/384
f 988/884/387 989/886/387 979/877/384 978/875/384
f 989/886/387 990/887/387 980/878/384 979/877/384
f 990/887/387 981/888/387 971/879/384 980/878/384
f 991/892/1 992/891/1 982/882/1 981/883/1
f 992/894/388 993/893/388 983/884/385 982/885/385
f 993/893/388 994/895/389 984/886/386 983/884/385
f 994/895/389 995/896/389 985/887/386 984/886/386
f 995/896/389 996/897/388 986/888/386 985/887/386
f 996/899/7 997/898/7 987/889/7 986/890/7
f 997/894/390 998/893/390 988/884/387 987/885/387
f 998/893/390 999/895/390 989/886/387 988/884/387
f 999/895/390 1000/896/390 990/887/387 989/886/387
f 1000/896/390 991/897/390 981/888/387 990/887/387
f 1001/901/1 1002/900/1 992/891/1 991/892/1
f 1002/903/392 1003/902/391 993/893/388 992/894/388
f 1003/902/391 1004/904/391 994/895/389 993/893/388
f 1004/904/391 1005/905/391 995/896/389 994/895/389
f 1005/905/391 1006/906/391 996/897/388 995/896/389
f 1006/908/7 1007/907/7 997/898/7 996/899/7
f 1007/903/393 1008/902/393 998/893/390 997/894/390
f 1008/902/393 1009/904/393 999/895/390 998/893/390
f 1009/904/393 1010/905/394 1000/896/390 999/895/390
f 1010/905/394 1001/906/394 991/897/390 1000/896/390
f 1011/910/1 1012/909/1 1002/900/1 1001/901/1
f 1012/912/396 1013/911/395 1003/902/391 1002/903/392
f 1013/911/395 1014/913/395 1004/904/391 1003/902/391
f 1014/913/395 1015/914/395 1005/905/391 1004/904/391
f 1015/914/395 1016/915/397 1006/906/391 1005/905/391
f 1016/917/7 1017/916/7 1007/907/7 1006/908/7
f 1017/912/399 1018/911/398 1008/902/393 1007/903/393
f 1018/911/398 1019/913/398 1009/904/393 1008/902/393
f 1019/913/398 1020/914/398 1010/905/394 1009/904/393
f 1020/914/398 1011/915/398 1001/906/394 1010/905/394
f 1021/919/1 1022/918/1 1012/909/1 1011/910/1
f 1022/921/400 1023/920/400 1013/911/395 1012/912/396
f 1023/920/400 1024/922/401 1014/913/395 1013/911/395
f 1024/922/401 1025/923/401 1015/914/395 1014/913/395
f 1025/923/401 1026/924/401 1016/915/397 1015/914/395
f 1026/926/7 1027/925/7 1017/916/7 1016/917/7
f 1027/921/402 1028/920/402 1018/911/398 1017/912/399
f 1028/920/402 1029/922/402 1019/913/398 1018/911/398
f 1029/922/402 1030/923/403 1020/914/398 1019/913/398
f 1030/923/403 1021/924/403 1011/915/398 1020/914/398
f 1031/928/1 1032/927/1 1022/918/1 1021/919/1
f 1032/930/404 1033/929/404 1023/920/400 1022/921/400
f 1033/929/404 1034/931/404 1024/922/401 1023/920/400
f 1034/931/404 1035/932/404 1025/923/401 1024/922/401
f 1035/932/404 1036/933/404 1026/924/401 1025/923/401
f 1036/935/7 1037/934/7 1027/925/7 1026/926/7
f 1037/930/405 1038/929/405 1028/920/402 1027/921/402
f 1038/929/405 1039/931/405 1029/922/402 1028/920/402
f 1039/931/405 1040/932/406 1030/923/403 1029/922/402
f 1040/932/406 1031/933/406 1021/924/403 1030/923/403
f 1041/937/1 1042/936/1 1032/927/1 1031/928/1
f 1042/939/407 1043/938/407 1033/929/404 1032/930/404
f 1043/938/407 1044/940/407 1034/931/404 1033/929/404
f 1044/940/407 1045/941/407 1035/932/404 1034/931/404
f 1045/941/407 1046/942/407 1036/933/404 1035/932/404
f 1046/944/7 1047/943/7 1037/934/7 1036/935/7
f 1047/939/409 1048/938/408 1038/929/405 1037/930/405
f 1048/938/408 1049/940/408 1039/931/405 1038/929/405
f 1049/940/408 1050/941/410 1040/932/406 1039/931/405
f 1050/941/410 1041/942/411 1031/933/406 1040/932/406
f 1051/946/1 1052/945/1 1042/936/1 1041/937/1
f 1052/948/412 1053/947/412 1043/938/407 1042/939/407
f 1053/947/412 1054/949/412 1044/940/407 1043/938/407
f 1054/949/412 1055/950/412 1045/941/407 1044/940/407
f 1055/950/412 1056/951/413 1046/942/407 1045/941/407
f 1056/953/7 1057/952/7 1047/943/7 1046/944/7
f 1057/948/414 1058/947/414 1048/938/408 1047/939/409
f 1058/947/414 1059/949/414 1049/940/408 1048/938/408
f 1059/949/414 1060/950/414 1050/941/410 1049/940/408
f 1060/950/414 1051/951/415 1041/942/411 1050/941/410
f 1061/955/1 1062/954/1 1052/945/1 1051/946/1
f 1062/957/416 1063/956/416 1053/947/412 1052/948/412
f 1063/956/416 1064/958/417 1054/949/412 1053/947/412
f 1064/958/417 1065/959/417 1055/950/412 1054/949/412
f 1065/959/417 1066/960/417 1056/951/413 1055/950/412
f 1066/962/7 1067/961/7 1057/952/7 1056/953/7
f 1067/957/419 1068/956/418 1058/947/414 1057/948/414
f 1068/956/418 1069/958/418 1059/949/414 1058/947/414
f 1069/958/418 1070/959/418 1060/950/414 1059/949/414
f 1070/959/418 1061/960/419 1051/951/415 1060/950/414
f 1071/964/1 1072/963/1 1062/954/1 1061/955/1
f 1072/966/421 1073/965/420 1063/956/416 1062/957/416
f 1073/965/420 1074/967/420 1064/958/417 1063/956/416
f 1074/967/420 1075/968/420 1065/959/417 1064/958/417
f 1075/968/420 1076/969/420 1066/960/417 1065/959/417
f 1076/971/7 1077/970/7 1067/961/7 1066/962/7
f 1077/966/422 1078/965/422 1068/956/418 1067/957/419
f 1078/965/422 1079/967/422 1069/958/418 1068/956/418
f 1079/967/422 1080/968/423 1070/959/418 1069/958/418
f 1080/968/423 1071/969/423 1061/960/419 1070/959/418
f 1081/973/1 1082/972/1 1072/963/1 1071/964/1
f 1082/975/424 1083/974/424 1073/965/420 1072/966/421
f 1083/974/424 1084/976/424 1074/967/420 1073/965/420
f 1084/976/424 1085/977/424 1075/968/420 1074/967/420
f 1085/977/424 1086/978/425 1076/969/420 1075/968/420
f 1086/980/7 1087/979/7 1077/970/7 1076/971/7
f 1087/975/426 1088/974/426 1078/965/422 1077/966/422
f 1088/974/426 1089/976/426 1079/967/422 1078/965/422
f 1089/976/426 1090/977/426 1080/968/423 1079/967/422
f 1090/977/426 1081/978/426 1071/969/423 1080/968/423
f 1091/982/1 1092/981/1 1082/972/1 1081/973/1
f 1092/984/428 1093/983/427 1083/974/424 1082/975/424
f 1093/983/427 1094/985/427 1084/976/424 1083/974/424
f 1094/985/427 1095/986/427 1085/977/424 1084/976/424
f 1095/986/427 1096/987/428 1086/978/425 1085/977/424
f 1096/989/7 1097/988/7 1087/979/7 1086/980/7
f 1097/984/429 1098/983/429 1088/974/426 1087/975/426
f 1098/983/429 1099/985/429 1089/976/426 1088/974/426
f 1099/985/429 1100/986/429 1090/977/426 1089/976/426
f 1100/986/429 1091/987/429 1081/978/426 1090/977/426
f 1101/991/1 1102/990/1 1092/981/1 1091/982/1
f 1102/993/431 1103/992/430 1093/983/427 1092/984/428
f 1103/992/430 1104/994/430 1094/985/427 1093/983/427
f 1104/994/430 1105/995/430 1095/986/427 1094/985/427
f 1105/995/430 1106/996/430 1096/987/428 1095/986/427
f 1106/998/7 1107/997/7 1097/988/7 1096/989/7
f 1107/993/432 1108/992/432 1098/983/429 1097/984/429
f 1108/992/432 1109/994/432 1099/985/429 1098/983/429
f 1109/994/432 1110/995/433 1100/986/429 1099/985/429
f 1110/995/433 1101/996/434 1091/987/429 1100/986/429
f 1111/1000/1 1112/999/1 1102/990/1 1101/991/1
f 1112/1002/436 1113/1001/435 1103/992/430 1102/993/431
f 1113/1001/435 1114/1003/435 1104/994/430 1103/992/430
f 1114/1003/435 1115/1004/435 1105/995/430 1104/994/430
f 1115/1004/435 1116/1005/435 1106/996/430 1105/995/430
f 1116/1007/7 1117/1006/7 1107/997/7 1106/998/7
f 1117/1002/437 1118/1001/437 1108/992/432 1107/993/432
f 1118/1001/437 1119/1003/437 1109/994/432 1108/992/432
f 1119/1003/437 1120/1004/437 1110/995/433 1109/994/432
f 1120/1004/437 1111/1005/438 1101/996/434 1110/995/433
f 1121/1009/1 1122/1008/1 1112/999/1 1111/1000/1
f 1122/1011/439 1123/1010/439 1113/1001/435 1112/1002/436
f 1123/1010/439 1124/1012/440 1114/1003/435 1113/1001/435
f 1124/1012/440 1125/1013/440 1115/1004/435 1114/1003/435
f 1125/1013/440 1126/1014/440 1116/1005/435 1115/1004/435
f 1126/1016/7 1127/1015/7 1117/1006/7 1116/1007/7
f 1127/1011/441 1128/1010/441 1118/1001/437 1117/1002/437
f 1128/1010/441 1129/1012/441 1119/1003/437 1118/1001/437
f 1129/1012/441 1130/1013/442 1120/1004/437 1119/1003/437
f 1130/1013/442 1121/1014/442 1111/1005/438 1120/1004/437
f 1131/1018/1 1132/1017/1 1122/1008/1 1121/1009/1
f 1132/1020/443 1133/1019/443 1123/1010/439 1122/1011/439
f 1133/1019/443 1134/1021/443 1124/1012/440 1123/1010/439
f 1134/1021/443 1135/1022/443 1125/1013/440 1124/1012/440
f 1135/1022/443 1136/1023/443 1126/1014/440 1125/1013/440
f 1136/1025/7 1137/1024/7 1127/1015/7 1126/1016/7
f 1137/1020/444 1138/1019/444 1128/1010/441 1127/1011/441
f 1138/1019/444 1139/1021/444 1129/1012/441 1128/1010/441
f 1139/1021/444 1140/1022/445 1130/1013/442 1129/1012/441
f 1140/1022/445 1131/1023/446 1121/1014/442 1130/1013/442
f 1141/1027/1 1142/1026/1 1132/1017/1 1131/1018/1
f 1142/1029/448 1143/1028/447 1133/1019/443 1132/1020/443
f 1143/1028/447 1144/1030/447 1134/1021/443 1133/1019/443
f 1144/1030/447 1145/1031/447 1135/1022/443 1134/1021/443
f 1145/1031/447 1146/1032/448 1136/1023/443 1135/1022/443
f 1146/1034/7 1147/1033/7 1137/1024/7 1136/1025/7
f 1147/1029/449 1148/1028/449 1138/1019/444 1137/1020/444
f 1148/1028/449 1149/1030/449 1139/1021/444 1138/1019/444
f 1149/1030/449 1150/1031/449 1140/1022/445 1139/1021/444
f 1150/1031/449 1141/1032/450 1131/1023/446 1140/1022/445
f 1151/1036/1 1152/1035/1 1142/1026/1 1141/1027/1
f 1152/1038/451 1153/1037/451 1143/1028/447 1142/1029/448
f 1153/1037/451 1154/1039/451 1144/1030/447 1143/1028/447
f 1154/1039/451 1155/1040/451 1145/1031/447 1144/1030/447
f 1155/1040/451 1156/1041/451 1146/1032/448 1145/1031/447
f 1156/1043/7 1157/1042/7 1147/1033/7 1146/1034/7
f 1157/1038/452 1158/1037/452 1148/1028/449 1147/1029/449
f 1158/1037/452 1159/1039/452 1149/1030/449 1148/1028/449
f 1159/1039/452 1160/1040/452 1150/1031/449 1149/1030/449
f 1160/1040/452 1151/1041/452 1141/1032/450 1150/1031/449
f 1161/1045/1 1162/1044/1 1152/1035/1 1151/1036/1
f 1162/1047/454 1163/1046/453 1153/1037/451 1152/1038/451
f 1163/1046/453 1164/1048/455 1154/1039/451 1153/1037/451
f 1164/1048/455 1165/1049/455 1155/1040/451 1154/1039/451
f 1165/1049/455 1166/1050/454 1156/1041/451 1155/1040/451
f 1166/1052/7 1167/1051/7 1157/1042/7 1156/1043/7
f 1167/1047/456 1168/1046/456 1158/1037/452 1157/1038/452
f 1168/1046/456 1169/1048/456 1159/1039/452 1158/1037/452
f 1169/1048/456 1170/1049/457 1160/1040/452 1159/1039/452
f 1170/1049/457 1161/1050/457 1151/1041/452 1160/1040/452
f 1171/1054/1 1172/1053/1 1162/1044/1 1161/1045/1
f 1172/1056/459 1173/1055/458 1163/1046/453 1162/1047/454
f 1173/1055/458 1174/1057/458 1164/1048/455 1163/1046/453
f 1174/1057/458 1175/1058/458 1165/1049/455 1164/1048/455
f 1175/1058/458 1176/1059/459 1166/1050/454 1165/1049/455
f 1176/1061/7 1177/1060/7 1167/1051/7 1166/1052/7
f 1177/1056/461 1178/1055/460 1168/1046/456 1167/1047/456
f 1178/1055/460 1179/1057/460 1169/1048/456 1168/1046/456
f 1179/1057/460 1180/1058/461 1170/1049/457 1169/1048/456
f 1180/1058/461 1171/1059/462 1161/1050/457 1170/1049/457
f 1181/1063/1 1182/1062/1 1172/1053/1 1171/1054/1
f 1182/1065/464 1183/1064/463 1173/1055/458 1172/1056/459
f 1183/1064/463 1184/1066/463 1174/1057/458 1173/1055/458
f 1184/1066/463 1185/1067/463 1175/1058/458 1174/1057/458
f 1185/1067/463 1186/1068/463 1176/1059/459 1175/1058/458
f 1186/1070/7 1187/1069/7 1177/1060/7 1176/1061/7
f 1187/1065/465 1188/1064/465 1178/1055/460 1177/1056/461
f 1188/1064/465 1189/1066/465 1179/1057/460 1178/1055/460
f 1189/1066/465 1190/1067/466 1180/1058/461 1179/1057/460
f 1190/1067/466 1181/1068/467 1171/1059/462 1180/1058/461
f 1191/1072/1 1192/1071/1 1182/1062/1 1181/1063/1
f 1192/1074/469 1193/1073/468 1183/1064/463 1182/1065/464
f 1193/1073/468 1194/1075/468 1184/1066/463 1183/1064/463
f 1194/1075/468 1195/1076/468 1185/1067/463 1184/1066/463
f 1195/1076/468 1196/1077/469 1186/1068/463 1185/1067/463
f 1196/1079/7 1197/1078/7 1187/1069/7 1186/1070/7
f 1197/1074/470 1198/1073/470 1188/1064/465 1187/1065/465
f 1198/1073/470 1199/1075/470 1189/1066/465 1188/1064/465
f 1199/1075/470 1200/1076/470 1190/1067/466 1189/1066/465
f 1200/1076/470 1191/1077/470 1181/1068/467 1190/1067/466
f 1201/1081/1 1202/1080/1 1192/1071/1 1191/1072/1
f 1202/1083/472 1203/1082/471 1193/1073/468 1192/1074/469
f 1203/1082/471 1204/1084/472 1194/1075/468 1193/1073/468
f 1204/1084/472 1205/1085/472 1195/1076/468 1194/1075/468
f 1205/1085/472 1206/1086/473 1196/1077/469 1195/1076/468
f 1206/1088/7 1207/1087/7 1197/1078/7 1196/1079/7
f 1207/1083/475 1208/1082/474 1198/1073/470 1197/1074/470
f 1208/1082/474 1209/1084/474 1199/1075/470 1198/1073/470
f 1209/1084/474 1210/1085/474 1200/1076/470 1199/1075/470
f 1210/1085/474 1201/1086/474 1191/1077/470 1200/1076/470
f 1211/1090/1 1212/1089/1 1202/1080/1 1201/1081/1
f 1212/1092/477 1213/1091/476 1203/1082/471 1202/1083/472
f 1213/1091/476 1214/1093/478 1204/1084/472 1203/1082/471
f 1214/1093/478 1215/1094/478 1205/1085/472 1204/1084/472
f 1215/1094/478 1216/1095/478 1206/1086/473 1205/1085/472
f 1216/1097/7 1217/1096/7 1207/1087/7 1206/1088/7
f 1217/1092/479 1218/1091/479 1208/1082/474 1207/1083/475
f 1218/1091/479 1219/1093/479 1209/1084/474 1208/1082/474
f 1219/1093/479 1220/1094/480 1210/1085/474 1209/1084/474
f 1220/1094/480 1211/1095/481 1201/1086/474 1210/1085/474
f 1221/1099/1 1222/1098/1 1212/1089/1 1211/1090/1
f 1222/1101/482 1223/1100/482 1213/1091/476 1212/1092/477
f 1223/1100/482 1224/1102/482 1214/1093/478 1213/1091/476
f 1224/1102/482 1225/1103/482 1215/1094/478 1214/1093/478
f 1225/1103/482 1226/1104/482 1216/1095/478 1215/1094/478
f 1226/1106/7 1227/1105/7 1217/1096/7 1216/1097/7
f 1227/1101/484 1228/1100/483 1218/1091/479 1217/1092/479
f 1228/1100/483 1229/1102/483 1219/1093/479 1218/1091/479
f 1229/1102/483 1230/1103/483 1220/1094/480 1219/1093/479
f 1230/1103/483 1221/1104/484 1211/1095/481 1220/1094/480
f 1231/1108/1 1232/1107/1 1222/1098/1 1221/1099/1
f 1232/1110/485 1233/1109/485 1223/1100/482 1222/1101/482
f 1233/1109/485 1234/1111/486 1224/1102/482 1223/1100/482
f 1234/1111/486 1235/1112/486 1225/1103/482 1224/1102/482
f 1235/1112/486 1236/1113/486 1226/1104/482 1225/1103/482
f 1236/1115/7 1237/1114/7 1227/1105/7 1226/1106/7
f 1237/1110/487 1238/1109/487 1228/1100/483 1227/1101/484
f 1238/1109/487 1239/1111/487 1229/1102/483 1228/1100/483
f 1239/1111/487 1240/1112/487 1230/1103/483 1229/1102/483
f 1240/1112/487 1231/1113/487 1221/1104/484 1230/1103/483
f 1241/1117/1 1242/1116/1 1232/1107/1 1231/1108/1
f 1242/1119/488 1243/1118/488 1233/1109/485 1232/1110/485
f 1243/1118/488 1244/1120/489 1234/1111/486 1233/1109/485
f 1244/1120/489 1245/1121/489 1235/1112/486 1234/1111/486
f 1245/1121/489 1246/1122/490 1236/1113/486 1235/1112/486
f 1246/1124/7 1247/1123/7 1237/1114/7 1236/1115/7
f 1247/1119/492 1248/1118/491 1238/1109/487 1237/1110/487
f 1248/1118/491 1249/1120/491 1239/1111/487 1238/1109/487
f 1249/1120/491 1250/1121/493 1240/1112/487 1239/1111/487
f 1250/1121/493 1241/1122/494 1231/1113/487 1240/1112/487
f 1251/1126/1 1252/1125/1 1242/1116/1 1241/1117/1
f 1252/1128/496 1253/1127/495 1243/1118/488 1242/1119/488
f 1253/1127/495 1254/1129/495 1244/1120/489 1243/1118/488
f 1254/1129/495 1255/1130/495 1245/1121/489 1244/1120/489
f 1255/1130/495 1256/1131/495 1246/1122/490 1245/1121/489
f 1256/1133/7 1257/1132/7 1247/1123/7 1246/1124/7
f 1257/1128/497 1258/1127/497 1248/1118/491 1247/1119/492
f 1258/1127/497 1259/1129/497 1249/1120/491 1248/1118/491
f 1259/1129/497 1260/1130/497 1250/1121/493 1249/1120/491
f 1260/1130/497 1251/1131/497 1241/1122/494 1250/1121/493
f 1261/1135/1 1262/1134/1 1252/1125/1 1251/1126/1
f 1262/1137/498 1263/1136/498 1253/1127/495 1252/1128/496
f 1263/1136/498 1264/1138/498 1254/1129/495 1253/1127/495
f 1264/1138/498 1265/1139/498 1255/1130/495 1254/1129/495
f 1265/1139/498 1266/1140/498 1256/1131/495 1255/1130/495
f 1266/1142/7 1267/1141/7 1257/1132/7 1256/1133/7
f 1267/1137/500 1268/1136/499 1258/1127/497 1257/1128/497
f 1268/1136/499 1269/1138/499 1259/1129/497 1258/1127/497
f 1269/1138/499 1270/1139/500 1260/1130/497 1259/1129/497
f 1270/1139/500 1261/1140/501 1251/1131/497 1260/1130/497
f 1271/1144/1 1272/1143/1 1262/1134/1 1261/1135/1
f 1272/1146/503 1273/1145/502 1263/1136/498 1262/1137/498
f 1273/1145/502 1274/1147/502 1264/1138/498 1263/1136/498
f 1274/1147/502 1275/1148/502 1265/1139/498 1264/1138/498
f 1275/1148/502 1276/1149/502 1266/1140/498 1265/1139/498
f 1276/1151/7 1277/1150/7 1267/1141/7 1266/1142/7
f 1277/1146/504 1278/1145/504 1268/1136/499 1267/1137/500
f 1278/1145/504 1279/1147/504 1269/1138/499 1268/1136/499
f 1279/1147/504 1280/1148/505 1270/1139/500 1269/1138/499
f 1280/1148/505 1271/1149/506 1261/1140/501 1270/1139/500
f 1281/1153/1 1282/1152/1 1272/1143/1 1271/1144/1
f 1282/1155/508 1283/1154/507 1273/1145/502 1272/1146/503
f 1283/1154/507 1284/1156/509 1274/1147/502 1273/1145/502
f 1284/1156/509 1285/1157/509 1275/1148/502 1274/1147/502
f 1285/1157/509 1286/1158/510 1276/1149/502 1275/1148/502
f 1286/1160/7 1287/1159/7 1277/1150/7 1276/1151/7
f 1287/1155/511 1288/1154/511 1278/1145/504 1277/1146/504
f 1288/1154/511 1289/1156/512 1279/1147/504 1278/1145/504
f 1289/1156/512 1290/1157/513 1280/1148/505 1279/1147/504
f 1290/1157/513 1281/1158/514 1271/1149/506 1280/1148/505
f 1/1/1 2/2/1 1282/1152/1 1281/1153/1
f 2/1162/2 3/1161/3 1283/1154/507 1282/1155/508
f 3/1161/3 4/14/5 1284/1156/509 1283/1154/507
f 4/14/5 5/1163/5 1285/1157/509 1284/1156/509
f 5/1163/5 6/1164/5 1286/1158/510 1285/1157/509
f 6/14/7 7/15/7 1287/1159/7 1286/1160/7
f 7/1162/8 8/1161/8 1288/1154/511 1287/1155/511
f 8/1161/8 9/14/11 1289/1156/512 1288/1154/511
f 9/14/11 10/1163/12 1290/1157/513 1289/1156/512
f 10/1163/12 1/1164/12 1281/1158/514 1290/1157/513

