name,date,js,html,css,json,png,jpg,webp,svg,other,total
(open?) Sea,2021-12-27 22:31:30+00:00,2,1,1,0,0,0,0,0,0,4
01. morph stripes,2021-11-28 06:38:08+00:00,10,1,0,0,2,2,0,0,6,21
0xDrue,2021-12-23 08:04:50+00:00,2,1,0,0,0,0,0,0,1,4
3D pipes W#I#N,2021-11-19 19:16:32+00:00,5,1,0,2,0,0,0,0,0,8
9 incarnations of a mystical shape,2021-11-30 03:37:08+00:00,0,1,0,0,9,2,0,0,0,12
={-<I>-}=,2021-11-28 08:11:08+00:00,4,1,1,0,0,0,0,0,0,6
A Final Chance to Make Things Right,2021-12-18 12:23:36+00:00,1,1,1,0,0,0,0,0,1,4
A lot of Spheres,2021-11-15 13:22:38+00:00,0,1,0,0,0,0,0,0,0,1
A mere matter of ornament,2021-11-20 11:07:12+00:00,0,1,0,0,0,0,0,0,0,1
A Study in Motion,2021-12-17 13:36:46+00:00,3,1,1,0,0,0,0,0,0,5
aberration,2021-11-17 18:47:12+00:00,1,1,1,0,0,0,0,0,0,3
Abrupt,2021-11-26 08:59:38+00:00,2,1,0,0,0,0,0,0,0,3
abstract art,2021-12-26 22:35:40+00:00,4,1,1,0,0,0,0,0,0,6
Abstract Lines,2021-12-12 14:02:16+00:00,3,1,1,0,0,0,0,0,0,5
Abstraction IV,2021-12-09 17:24:20+00:00,2,1,1,0,42,0,0,0,2,48
Adventures In One Octave,2021-12-21 04:01:36+00:00,3,1,1,0,0,3,0,0,0,8
Aguna,2021-11-20 11:07:12+00:00,1,1,0,0,0,0,0,0,0,2
Aluna,2021-12-07 01:34:00+00:00,2,1,1,0,0,0,0,0,0,4
anaglyphic - Antique City,2021-12-03 09:18:44+00:00,1,1,1,1,0,0,0,0,1,5
ANIMATED GEOMETRICA,2021-12-02 23:37:14+00:00,3,1,1,0,0,0,0,0,2,7
Animated Zürich Subdivision Grid,2021-11-29 14:37:58+00:00,1,1,1,0,0,0,0,0,1,4
Another Dots and Lines,2021-12-28 21:00:30+00:00,0,1,0,0,0,0,0,0,0,1
Antz | BDC,2021-12-02 00:04:24+00:00,1,1,1,0,0,0,0,0,0,3
aprendizajes,2021-12-28 20:01:40+00:00,2,1,1,0,0,0,0,0,1,5
Arachnid,2021-12-19 15:01:46+00:00,3,1,1,0,0,0,0,0,0,5
arcs and lines,2021-11-17 20:30:02+00:00,2,1,1,0,0,0,0,0,0,4
Are you there?,2021-12-23 02:46:10+00:00,2,1,0,0,0,0,0,0,0,3
ARGUS,2021-12-27 21:14:40+00:00,2,1,1,0,0,0,0,0,0,4
Art is everywhere.,2021-12-18 12:36:36+00:00,1,1,0,0,0,0,0,0,0,2
ASCII-SMOLSKULL,2021-11-17 21:33:42+00:00,0,1,0,0,0,0,0,0,0,1
Atomic Somethings,2021-12-21 04:03:06+00:00,2,1,1,0,0,0,0,0,0,4
Automatic Abstraction 2,2021-12-20 16:38:56+00:00,3,1,1,0,0,0,0,0,0,5
B W,2021-12-22 12:38:50+00:00,3,1,1,0,0,0,0,0,0,5
Balaclava Gradient,2021-12-26 22:33:10+00:00,1,1,1,0,80,0,0,0,0,83
ball_of_chsoa,2021-12-26 23:38:40+00:00,5,1,1,0,0,0,0,0,3,10
Banana #1,2021-12-21 04:01:06+00:00,3,1,1,0,19,0,0,0,0,24
Barcodez | BCD,2021-12-03 10:03:34+00:00,1,1,1,0,0,0,0,0,0,3
beat,2021-12-08 20:00:00+00:00,0,1,1,0,0,0,0,0,1,3
BINGO,2021-11-10 21:34:38+00:00,0,1,0,0,0,0,0,0,0,1
BIRTH OF THE GALAXY,2021-11-19 17:56:52+00:00,1,1,1,0,0,0,0,0,0,3
bisection - whitehot robot,2021-12-09 23:09:30+00:00,0,1,0,0,1,1,0,0,1,4
bitrpy,2021-11-15 17:05:18+00:00,7,1,1,0,0,0,0,0,1,10
Black And White,2021-11-24 12:42:12+00:00,3,1,1,0,0,0,0,0,0,5
Blobby,2021-11-10 20:00:38+00:00,2,1,0,0,0,0,0,0,2,5
Blocks,2021-12-19 10:06:06+00:00,3,2,1,0,0,0,0,0,1,7
BLOCKS,2021-12-23 10:49:40+00:00,2,1,1,0,0,0,0,0,0,4
Blowup,2021-11-28 07:15:08+00:00,2,1,1,0,0,0,0,0,0,4
BLUE CHIP UNICORN GALAXY II,2021-12-15 11:55:56+00:00,1,1,1,1,15,0,0,0,0,19
BLUE CHIP UNICORN GALAXY VIII,2021-12-17 15:19:46+00:00,1,1,1,1,15,0,0,0,0,19
Blurry Lines,2021-12-21 15:28:06+00:00,2,1,0,0,0,0,0,0,0,3
boxes,2021-12-15 11:46:16+00:00,3,1,1,0,0,0,0,0,2,7
boy,2021-11-25 08:20:58+00:00,5,2,1,0,0,0,0,0,1,9
Breathing,2021-12-19 14:52:46+00:00,8,1,1,0,0,0,0,0,5,15
Broken Dimension,2021-12-23 04:34:30+00:00,4,1,1,0,0,0,0,0,0,6
Bubble Flow,2021-12-13 15:04:16+00:00,2,1,1,0,0,0,0,0,0,4
Bubbles StarZzzzZ,2021-11-17 21:35:12+00:00,1,1,1,0,0,0,0,0,0,3
Bubbly 70's TV,2021-12-08 17:26:10+00:00,2,1,1,0,0,0,0,0,0,4
build,2021-11-28 05:14:58+00:00,3,1,1,0,0,0,0,0,0,5
Butterfly Illusion,2021-12-21 04:03:36+00:00,2,1,1,0,0,0,0,0,0,4
Candle in the Light Breeze,2021-12-23 08:10:20+00:00,2,1,1,0,0,0,0,0,0,4
Canvas Ambient,2021-11-30 03:08:38+00:00,3,1,1,0,0,0,0,0,1,6
Cataract,2021-12-11 15:41:06+00:00,1,1,0,3,1,0,0,0,5,11
CD-RandOM,2021-11-19 09:07:02+00:00,1,1,1,0,0,0,0,0,0,3
Cellular,2021-11-24 10:21:52+00:00,2,1,0,0,0,0,0,0,0,3
Cell,2021-12-05 20:24:50+00:00,2,1,1,0,0,0,0,0,0,4
chameleon,2021-12-09 17:45:00+00:00,3,1,1,0,1,0,0,0,2,8
Chaos Butterflies,2021-12-19 10:52:06+00:00,1,2,0,0,0,0,0,0,2,5
Charcoal Landscapes,2021-12-28 20:22:50+00:00,5,1,1,0,0,0,0,0,1,8
Christmas Gift,2021-12-22 13:12:10+00:00,4,1,1,0,0,0,0,0,0,6
Christmas Tree For You,2021-12-15 14:42:36+00:00,1,1,1,0,58,0,0,0,0,61
CHROMATIC_ABBERATION,2021-11-26 08:50:38+00:00,1,1,1,0,0,0,0,0,0,3
circle gets the square,2021-12-23 02:43:10+00:00,3,1,0,1,0,0,0,0,2,7
City Box 2040,2021-11-20 11:24:12+00:00,3,1,1,0,1,0,0,0,1,7
City of the future,2021-12-29 07:56:20+00:00,0,1,0,0,0,0,0,0,0,1
City,2021-11-30 06:38:18+00:00,2,1,1,0,15,0,0,0,1,20
Coastlines,2021-12-29 07:55:50+00:00,0,1,0,0,0,0,0,0,0,1
Code Page 437 // Ishihara,2021-12-15 10:01:16+00:00,2,1,1,0,1,0,0,0,3,8
COLLAGE,2021-12-21 04:50:26+00:00,3,1,1,0,0,0,0,0,0,5
Color Burn,2021-11-27 07:16:58+00:00,2,1,1,0,0,0,0,0,0,4
Colored flows 1,2021-11-29 06:36:38+00:00,2,1,0,0,0,0,0,0,0,3
Colorful Interference,2021-12-11 16:47:46+00:00,2,1,0,0,0,0,0,0,0,3
Colosseo,2021-12-12 16:25:16+00:00,0,1,0,0,0,1,0,0,0,2
colourful penduli,2021-12-11 15:40:36+00:00,1,1,1,0,0,0,0,0,1,4
ColourPulse,2021-11-19 14:22:42+00:00,1,1,1,0,0,0,0,0,1,4
ColourSine2 - Stellated,2021-11-23 16:21:52+00:00,1,1,1,0,0,0,0,0,1,4
Col,2021-12-17 13:37:16+00:00,3,1,1,0,0,0,0,0,0,5
compartmentalization,2021-11-23 11:25:32+00:00,0,1,0,0,0,1,0,0,0,2
Confini,2021-12-15 11:59:26+00:00,2,1,0,0,0,0,0,0,0,3
Connected,2021-12-12 19:58:06+00:00,2,1,1,1,0,0,0,0,0,5
Connections,2021-11-26 12:32:58+00:00,2,1,1,0,0,0,0,0,0,4
Connections,2021-11-17 17:07:12+00:00,1,1,1,0,0,0,0,0,0,3
connective particulates,2021-12-28 20:55:30+00:00,9,1,1,0,0,0,0,0,1,12
Corinth,2021-12-02 00:03:54+00:00,2,1,0,0,0,0,0,0,0,3
Coupé Décalé,2021-12-29 07:59:20+00:00,3,1,1,0,0,0,0,0,0,5
crazy world of colors,2021-12-27 21:58:50+00:00,2,1,1,0,0,0,0,0,1,5
Crypt-o-Show,2021-12-02 00:01:24+00:00,3,1,1,0,0,0,0,0,0,5
Cryptoblobber,2021-12-17 13:24:26+00:00,2,1,0,0,0,0,0,0,0,3
Crystals,2021-12-26 23:35:00+00:00,1,1,0,0,0,1,0,0,0,3
Cube Craze,2021-11-27 12:28:18+00:00,1,1,0,0,0,0,0,0,1,3
Cursor Bubbles,2021-12-26 01:06:30+00:00,3,1,0,0,0,0,0,0,0,4
curved postcard,2021-12-29 07:32:50+00:00,3,1,1,0,0,0,0,0,1,6
curves,2021-11-13 20:52:58+00:00,3,1,1,0,0,0,0,0,0,5
D.Betr is Thinking,2021-12-17 13:33:46+00:00,3,1,1,0,0,0,0,0,3,8
Dalmatian Factory,2021-12-08 17:01:00+00:00,1,1,1,0,0,0,0,0,1,4
Dancing Dots,2021-12-09 17:42:30+00:00,2,1,1,0,1,0,0,0,0,5
Dancing Flower,2021-12-01 09:47:34+00:00,2,1,0,0,0,0,0,0,0,3
Dangerous Substances,2021-12-27 22:29:30+00:00,2,1,1,1,27,0,0,0,0,32
DataWaves GEN,2021-11-28 08:01:38+00:00,2,1,1,0,0,0,0,0,1,5
Deep eyes.,2021-12-27 23:14:20+00:00,2,1,1,0,0,0,0,0,0,4
Deep Sketch,2021-11-22 13:39:02+00:00,5,1,0,6,0,0,0,0,3,15
Defog,2021-12-25 23:41:20+00:00,2,1,1,0,0,0,0,0,0,4
Derivative 01,2021-12-18 12:53:56+00:00,4,1,1,0,0,0,0,0,1,7
De/FragV3,2021-12-17 13:34:16+00:00,0,1,0,0,0,0,0,0,0,1
Digital Gothic: Framed,2021-12-10 03:56:40+00:00,1,1,1,0,0,0,0,0,2,5
Dis Place,2021-12-05 21:03:50+00:00,3,1,1,0,0,0,0,0,0,5
Distortion City #03,2021-11-28 15:06:18+00:00,4,1,1,0,0,0,0,0,3,9
Dollar Cuts: Ripple,2021-11-25 10:46:48+00:00,1,1,1,0,0,0,0,0,1,4
Dollar Cuts: Swatch,2021-11-26 08:44:08+00:00,1,1,1,0,0,0,0,0,1,4
dopamine,2021-11-22 11:29:52+00:00,0,1,0,0,0,0,0,0,0,1
Dot Rainz,2021-12-09 16:17:10+00:00,1,1,1,0,0,0,0,0,0,3
dot world,2021-12-23 13:19:50+00:00,3,1,1,0,0,0,0,0,0,5
Double Phase Shape,2021-12-27 00:04:10+00:00,2,1,1,0,0,0,0,0,0,4
Dove,2021-12-27 06:15:20+00:00,3,1,1,0,0,0,0,0,0,5
Downtown Skyline,2021-12-05 20:31:30+00:00,2,1,0,0,0,0,0,0,0,3
downward spiral,2021-12-05 20:31:30+00:00,2,1,1,0,0,0,0,0,0,4
Earth,2021-12-06 20:52:00+00:00,0,1,0,0,0,0,0,0,0,1
Eastern,2021-12-28 20:56:30+00:00,3,1,1,0,0,0,0,0,0,5
EAT THE WORLD,2021-11-23 10:00:52+00:00,0,1,1,0,0,0,0,0,1,3
Echoes of Space,2021-12-26 00:53:00+00:00,4,1,1,0,0,0,0,0,0,6
eclipse monochrome,2021-11-17 21:34:12+00:00,2,1,1,0,0,0,0,0,0,4
edit(selfportrait),2021-12-27 22:38:10+00:00,3,1,1,0,0,1,0,0,0,6
egg of the phoenix,2021-12-02 00:04:54+00:00,2,1,1,0,0,0,0,0,1,5
Emoji Life,2021-12-17 17:17:36+00:00,3,1,0,0,0,0,0,0,0,4
Emotion Bubbles,2021-12-06 20:44:50+00:00,2,1,1,0,0,0,0,0,0,4
empty.rooms,2021-12-03 10:18:34+00:00,0,1,0,0,0,0,0,0,0,1
Endless Pixels,2021-12-09 19:23:30+00:00,2,1,1,0,0,0,0,0,1,5
Entanglements,2021-11-19 18:30:02+00:00,2,1,0,0,0,0,0,0,0,3
Equanimity,2021-12-21 11:19:56+00:00,0,1,0,0,0,0,0,0,0,1
etherealArc,2021-11-11 14:38:18+00:00,2,1,1,0,0,0,0,0,1,5
Event horizon,2021-11-25 08:37:18+00:00,1,1,1,0,0,0,0,0,1,4
Ever-evolving Truchet,2021-12-08 17:34:40+00:00,0,1,0,0,0,0,0,0,0,1
Everything is confused,2021-12-23 02:59:40+00:00,3,1,1,0,0,0,0,0,2,7
Evil shark,2021-11-22 11:12:42+00:00,1,1,1,0,0,0,0,0,0,3
Excursion,2021-11-25 08:15:58+00:00,1,1,1,0,1,0,0,0,2,6
EXPANSION PATH,2021-11-23 13:33:02+00:00,1,1,1,0,0,0,0,0,0,3
eye - whitehot robot,2021-12-07 21:50:50+00:00,0,1,0,0,0,2,0,0,1,4
Falcons,2021-12-18 14:30:36+00:00,3,1,1,0,0,0,0,0,0,5
Favela,2021-12-20 05:02:06+00:00,4,1,1,0,53,0,0,0,0,59
Feedback Crystal,2021-11-19 17:59:52+00:00,1,1,0,0,0,0,0,0,0,2
Feedback Splash (interactive),2021-12-01 03:14:58+00:00,2,1,1,0,0,0,0,0,0,4
Fiddle Pixxle,2021-12-02 23:17:44+00:00,2,1,0,0,0,0,0,0,0,3
Field equations,2021-12-08 18:39:10+00:00,1,1,1,0,0,0,0,0,0,3
Field of Splatter Flows,2021-12-18 12:39:06+00:00,2,1,1,0,0,0,0,0,1,5
Fire Cast,2021-11-22 11:13:42+00:00,1,1,1,0,0,0,0,0,0,3
Fireflies and Flower Gardens,2021-12-27 08:51:30+00:00,5,1,1,1,19,0,0,0,0,27
Fixed mandala #002,2021-11-30 03:01:38+00:00,1,1,1,0,0,0,0,0,0,3
Flagged,2021-12-29 07:45:50+00:00,4,1,1,0,0,0,0,0,2,8
Flat Bubbles,2021-11-25 13:17:38+00:00,2,1,0,0,0,0,0,0,0,3
Flourish,2021-11-24 13:01:32+00:00,1,1,1,0,0,0,0,0,0,3
Flowerwork Display,2021-12-02 05:55:54+00:00,1,1,1,0,0,0,0,0,0,3
Fluidynamix - Photofit,2021-12-28 00:28:30+00:00,3,1,1,0,0,0,0,0,0,5
Fluidynamix - Rings,2021-12-20 15:05:06+00:00,2,1,1,0,0,0,0,0,0,4
Focus,2021-12-28 20:54:00+00:00,2,1,1,0,0,0,0,0,3,7
Folding,2021-11-11 03:56:48+00:00,3,1,1,0,0,0,0,0,0,5
Forced Ink,2021-12-20 16:53:56+00:00,7,1,0,0,0,0,0,0,1,9
Forms - Cylinders 01,2021-12-06 00:33:10+00:00,3,1,1,0,0,0,0,0,3,8
Fourth 🗡,2021-11-26 08:25:08+00:00,1,1,0,0,0,0,0,0,1,3
fractalisation of shape,2021-12-12 20:43:56+00:00,3,1,1,0,0,0,0,0,0,5
Fragment,2021-11-24 12:49:42+00:00,1,1,1,0,0,0,0,0,0,3
Frame,2021-12-09 17:43:30+00:00,2,1,1,0,0,0,0,0,0,4
frantic.fractals,2021-12-19 16:05:26+00:00,2,1,0,0,0,0,0,0,0,3
Free agent,2021-11-25 16:05:28+00:00,3,1,1,0,0,0,0,0,3,8
free nothing,2021-12-11 20:24:06+00:00,2,1,1,0,0,0,0,0,0,4
Fresh Perspective,2021-12-13 12:44:26+00:00,4,1,1,0,0,0,0,0,0,6
Funky Squares,2021-11-19 18:36:02+00:00,2,1,1,1,0,0,0,0,0,5
Furbol,2021-11-13 12:17:48+00:00,3,1,1,0,0,0,0,0,1,6
Fur,2021-11-26 08:28:08+00:00,1,1,1,0,0,0,0,0,1,4
FX(eyes) - Experiment w/ Fractals,2021-12-29 07:24:20+00:00,3,1,1,0,0,0,0,0,0,5
"fx(pattern,1)",2021-12-17 13:33:46+00:00,5,1,0,0,0,0,0,0,2,8
FXHASH Generative Logo,2021-11-03 12:26:02+00:00,1,1,1,0,1,0,0,0,0,4
FXHASH Logo with Features,2021-11-06 17:52:58+00:00,1,1,1,0,1,0,0,0,0,4
fx[TRASH],2021-12-03 10:10:04+00:00,2,1,0,0,14,2,0,0,2,21
Generative Art - Poster,2021-11-11 00:49:58+00:00,2,1,1,0,1,0,0,0,3,8
Generative Clouds,2021-12-03 09:43:24+00:00,2,1,0,0,0,0,0,0,0,3
Generative patterns,2021-11-20 14:36:22+00:00,2,1,1,0,0,0,0,0,0,4
Generotique,2021-11-11 11:21:18+00:00,0,1,0,0,0,0,0,0,0,1
Geologic,2021-12-26 22:01:50+00:00,2,1,0,0,0,0,0,0,1,4
Ghosts of the Shells,2021-12-27 01:03:00+00:00,2,1,1,1,0,0,0,0,0,5
Glitched Mountains GT,2021-12-03 09:52:54+00:00,2,1,1,0,0,0,0,0,1,5
Globlin Babies,2021-12-28 23:56:10+00:00,2,1,1,0,0,0,0,0,0,4
Globs,2021-11-23 09:33:32+00:00,1,1,0,0,0,0,0,0,1,3
Granular Síntese,2021-12-08 17:28:40+00:00,3,1,1,0,0,0,0,0,1,6
grasshopper,2021-12-11 14:30:06+00:00,2,1,1,0,0,0,0,0,1,5
Grid deconstructed,2021-11-15 10:21:58+00:00,3,1,1,0,0,0,0,0,0,5
Grid Subdivision I,2021-12-06 23:30:20+00:00,0,1,0,0,0,0,0,0,0,1
Groovy,2021-12-12 01:18:36+00:00,2,1,0,0,1,0,0,0,1,5
halogen - whitehot robot,2021-12-08 18:39:10+00:00,0,1,0,0,0,1,0,0,1,3
Hamster #2,2021-12-29 07:34:20+00:00,1,1,1,0,0,0,0,101,6,110
Hand drawn patterns 1,2021-12-11 15:38:06+00:00,2,1,1,0,0,0,0,0,0,4
Harmonic Generative Spiral,2021-11-26 08:58:38+00:00,1,1,1,0,0,0,0,0,1,4
Hashed Cities,2021-11-30 03:24:18+00:00,2,1,1,0,0,0,0,0,0,4
Hatch Field 002,2021-11-15 17:16:48+00:00,4,1,1,0,0,0,0,0,1,7
Hatch,2021-12-15 11:54:16+00:00,3,1,1,0,0,0,0,0,0,5
HELICAL,2021-11-30 03:02:08+00:00,3,1,1,0,0,0,0,0,0,5
Hesitance,2021-12-07 19:22:30+00:00,1,1,0,0,0,0,0,0,0,2
HicEtLucas on the beach,2021-12-09 17:42:00+00:00,4,1,1,0,61,0,0,0,0,67
Hidden Message,2021-12-29 07:28:50+00:00,1,1,1,0,0,0,0,0,0,3
Histogram Race,2021-12-21 11:21:56+00:00,4,1,1,0,0,0,0,0,0,6
HPY,2021-12-03 02:28:24+00:00,6,1,1,0,0,0,0,0,8,16
Illusion of safety,2021-12-06 23:41:30+00:00,0,1,0,0,0,0,0,0,0,1
Inaccurate Depictions: String Theory,2021-12-17 14:30:56+00:00,1,1,1,0,0,0,0,0,1,4
Infinite voids,2021-11-22 11:23:12+00:00,5,1,0,0,0,0,0,0,0,6
Infinitely derived map,2021-11-23 10:06:02+00:00,0,1,1,0,0,0,0,0,0,2
Ingxolo_GenGlitch,2021-12-13 12:04:56+00:00,1,1,1,0,0,0,0,0,1,4
INKBLOTZ 001,2021-12-01 02:55:18+00:00,4,1,1,0,8,0,0,0,8,22
Inside the Void,2021-11-23 08:47:22+00:00,0,1,0,0,0,0,0,0,0,1
integrated circuit,2021-12-28 23:29:40+00:00,0,1,0,0,0,0,0,0,0,1
Interconnections I,2021-11-24 17:47:02+00:00,2,1,0,0,0,0,0,0,0,3
Intergalactic Planetary,2021-12-12 13:08:06+00:00,1,1,1,0,0,1,0,0,3,7
Invisiblah #1,2021-12-18 17:22:56+00:00,3,1,1,0,1,0,0,0,0,6
Iris Variations,2021-12-04 23:15:10+00:00,0,1,0,0,0,0,0,0,0,1
ISLAND,2021-11-15 16:00:18+00:00,1,1,1,0,0,0,0,36,0,39
It's a small world!,2021-12-26 08:29:00+00:00,2,1,1,0,0,0,0,0,1,5
Jacaranda Copaia,2021-11-30 13:54:08+00:00,4,1,1,0,1,0,0,0,0,7
Japan Pixels Mini Series: Sumo,2021-12-29 07:58:20+00:00,5,1,1,0,0,0,0,0,8,15
Jarapa Generator,2021-12-27 22:31:00+00:00,4,1,1,0,0,0,0,0,2,8
jing,2021-12-22 03:58:56+00:00,1,1,1,0,1,0,0,0,0,4
Kaleidoscope,2021-12-11 15:05:36+00:00,1,1,0,0,0,0,0,0,0,2
Keep Moving,2021-12-22 03:10:56+00:00,2,1,1,0,0,0,0,0,0,4
KONPEITO,2021-11-25 09:09:58+00:00,2,1,1,0,0,0,0,0,2,6
Labyrinth,2021-12-07 00:26:10+00:00,1,1,1,0,0,0,0,0,0,3
Lakeside,2021-12-18 10:03:06+00:00,6,1,1,0,0,5,0,0,0,13
Landscapes 0.0,2021-12-29 07:40:20+00:00,3,1,1,0,0,0,0,0,0,5
Lemmingz Decisions | BCD,2021-12-05 20:02:00+00:00,1,1,1,0,0,0,0,0,0,3
Ley lines,2021-11-17 10:20:32+00:00,1,1,1,0,0,0,0,0,0,3
lightn,2021-12-29 07:57:50+00:00,2,1,0,0,0,0,0,0,0,3
Lightstripes,2021-12-09 22:24:50+00:00,11,1,1,11,0,0,0,0,0,24
Lil Rocket,2021-12-23 03:05:10+00:00,1,1,2,0,1,0,0,0,1,6
Lines,2021-11-25 08:26:38+00:00,3,1,1,0,0,0,0,0,0,5
LL21 Alien Art Rings,2021-11-24 14:10:02+00:00,2,1,0,0,0,0,0,0,0,3
LL21 Anatomy,2021-11-28 08:01:38+00:00,1,1,0,0,0,0,0,0,3,5
LL21 Eztree,2021-11-24 13:11:02+00:00,2,1,0,0,0,0,0,0,0,3
LL21 Mandala,2021-11-24 13:05:02+00:00,2,1,0,0,0,0,0,0,0,3
"Loader, 2021",2021-11-15 17:09:48+00:00,3,1,1,0,0,0,0,0,0,5
Lysergic Paintings / Interactrip /,2021-11-17 20:17:32+00:00,1,1,1,0,0,0,0,0,0,3
Machine 7,2021-12-05 20:30:30+00:00,2,1,0,0,0,0,0,0,0,3
Major Lazer | BDC,2021-12-20 07:17:36+00:00,1,1,1,0,0,0,0,0,0,3
Malevich Scrambled Square,2021-12-07 18:28:20+00:00,2,1,1,0,0,0,0,0,0,4
Mandala #005,2021-11-28 12:33:58+00:00,2,1,1,0,0,0,0,0,0,4
Mandala Hypnosis,2021-11-30 03:14:38+00:00,1,1,1,0,0,0,0,0,0,3
Mangekyou,2021-12-17 17:07:56+00:00,3,1,1,0,0,0,0,0,0,5
marino generativo animato,2021-12-15 11:43:46+00:00,5,1,1,0,0,0,0,0,0,7
Mario Lemieux,2021-11-22 13:21:32+00:00,1,1,1,0,0,0,0,0,1,4
Mark One: Atoms of Space,2021-12-15 11:56:26+00:00,1,1,1,0,0,0,0,0,0,3
Marks_2,2021-12-21 04:02:06+00:00,2,1,0,0,0,0,0,0,0,3
MATH ART 15,2021-12-02 09:18:14+00:00,3,1,1,0,0,0,0,0,0,5
mechanical organism,2021-11-15 17:17:18+00:00,2,1,1,0,0,0,0,0,0,4
Medieval Village,2021-12-28 20:57:30+00:00,3,1,1,0,39,0,0,0,0,44
Megamix,2021-12-04 21:21:30+00:00,1,1,1,0,0,0,0,0,0,3
META BAATIK,2021-12-27 22:33:00+00:00,3,1,1,0,0,0,0,0,0,5
Metaflower,2021-11-22 11:18:42+00:00,2,1,1,0,0,0,0,0,2,6
Micro organisms,2021-11-20 11:07:12+00:00,2,1,1,0,0,0,0,0,2,6
Mimetic 2,2021-12-02 00:00:54+00:00,1,1,1,0,1,0,0,0,1,5
Mina,2021-12-29 07:42:20+00:00,4,1,1,1,0,0,0,0,0,7
Minimal Rect,2021-12-05 22:07:10+00:00,4,1,1,0,0,0,0,0,0,6
Miroïds,2021-12-11 17:08:46+00:00,1,1,1,0,4,0,0,0,22,29
MOBO,2021-12-06 22:21:20+00:00,3,1,1,0,0,0,0,0,1,6
Model Univi,2021-12-05 03:18:20+00:00,2,1,1,0,0,0,0,0,0,4
Modulo Art - Perspective,2021-11-19 10:53:22+00:00,1,1,1,0,0,0,0,0,0,3
Modulus,2021-11-29 11:35:58+00:00,6,1,2,0,21,0,0,0,0,30
Mondrian squares,2021-11-24 10:57:52+00:00,1,1,1,0,0,0,0,0,0,3
Monochrome World,2021-12-26 00:48:30+00:00,2,1,1,0,0,0,0,0,1,5
Moon Lake,2021-12-19 15:11:16+00:00,3,1,1,0,0,0,0,0,0,5
Moonstruck,2021-11-22 11:10:12+00:00,1,1,1,0,0,0,0,0,1,4
MOSAIQUE,2021-11-26 16:15:58+00:00,0,1,0,0,0,0,0,0,0,1
Neon Neighbourhoods,2021-12-12 20:08:16+00:00,4,1,1,0,0,0,0,0,1,7
Neon Night,2021-12-26 00:58:30+00:00,1,1,1,0,0,0,0,0,0,3
Neon Shadow,2021-12-05 20:38:30+00:00,1,1,1,0,0,0,0,0,1,4
networx,2021-12-09 00:17:30+00:00,1,1,1,0,0,0,0,0,0,3
NeuralWhale,2021-12-29 07:33:50+00:00,9,1,1,0,0,0,0,0,1,12
next level - whitehot robot,2021-12-22 03:12:26+00:00,0,1,0,0,0,1,0,0,1,3
NFTemon,2021-11-20 11:06:12+00:00,1,1,1,0,0,0,0,0,0,3
NGarden,2021-11-26 08:32:38+00:00,0,1,0,0,0,0,0,0,0,1
noiseD,2021-12-26 03:41:40+00:00,3,1,1,0,0,0,0,0,1,6
Noise,2021-12-02 00:01:24+00:00,1,1,0,0,0,0,0,0,0,2
Noisy Circles,2021-12-26 22:21:30+00:00,2,1,0,0,0,0,0,0,0,3
NOISY WAVES #7,2021-12-19 11:56:46+00:00,3,1,1,0,0,0,0,0,0,5
Non-Alignment Pact,2021-12-11 16:37:46+00:00,4,1,1,0,0,1,0,0,0,7
Noumenon,2021-12-15 15:01:36+00:00,1,1,0,0,0,0,0,0,0,2
NOW,2021-12-28 20:52:00+00:00,3,1,1,0,0,0,0,0,0,5
obj in grid,2021-11-15 17:41:48+00:00,2,1,0,0,0,0,0,0,1,4
Oblique,2021-12-12 20:51:06+00:00,0,1,0,0,0,0,0,0,0,1
Observers,2021-12-18 12:03:26+00:00,1,1,1,0,0,0,0,0,1,4
ocean - whitehot robot,2021-12-06 22:28:00+00:00,0,1,0,0,0,2,0,0,1,4
octomaton,2021-11-19 09:30:42+00:00,2,1,1,0,0,0,0,0,0,4
Oil stains,2021-11-26 09:38:38+00:00,1,1,1,0,0,0,0,0,0,3
Ongemak,2021-12-17 15:36:46+00:00,2,1,0,0,0,0,0,0,0,3
ontology_001: value,2021-12-19 06:44:06+00:00,3,1,1,0,0,0,0,0,2,7
Orbits,2021-12-09 16:16:10+00:00,3,1,1,0,0,0,0,0,0,5
Organic Objects,2021-11-23 13:52:12+00:00,2,1,1,0,0,0,0,0,0,4
osc,2021-12-21 04:01:36+00:00,1,1,1,0,0,0,0,0,1,4
Other Dimension Gears,2021-12-26 23:33:30+00:00,10,1,1,19,1,0,0,0,47,79
Oumuamua,2021-12-08 17:24:40+00:00,5,1,1,0,6,0,0,0,2,15
Out of the Time,2021-11-27 15:08:58+00:00,0,1,0,0,0,0,0,0,0,1
overcrowded,2021-12-20 13:55:56+00:00,3,1,1,0,0,0,0,0,0,5
overloaded.V2,2021-12-23 02:45:40+00:00,3,1,1,0,0,0,0,0,0,5
overloaded,2021-12-17 15:28:46+00:00,2,1,1,0,0,0,0,0,1,5
Padang,2021-11-17 10:56:42+00:00,2,1,0,0,0,0,0,0,0,3
Pantone Speed,2021-12-26 00:55:00+00:00,2,1,1,0,0,0,0,0,0,4
Paradise Birds Generative Series,2021-11-15 17:31:18+00:00,2,1,0,0,0,0,0,0,0,3
Particulate Hash,2021-11-11 01:36:28+00:00,1,1,1,0,0,0,0,0,1,4
PATCHES,2021-12-23 03:00:40+00:00,4,1,1,0,0,0,0,0,3,9
Personality grid,2021-12-21 07:22:06+00:00,4,1,1,0,0,0,0,0,1,7
Pixel Blender Machine,2021-11-22 07:39:22+00:00,1,1,1,0,0,0,0,0,0,3
Pixel Poker,2021-11-15 17:35:18+00:00,1,1,1,0,54,0,0,0,3,60
Pixel Sorting Flow,2021-11-22 11:06:12+00:00,2,1,1,0,0,0,0,0,0,4
pixelflow,2021-12-06 20:44:20+00:00,0,1,0,0,0,0,0,0,0,1
PixlFlippr,2021-12-02 00:02:24+00:00,1,1,1,0,0,0,0,0,0,3
Playful symetry,2021-11-28 07:57:08+00:00,2,1,1,0,0,10,0,0,2,16
Plottable Circles,2021-12-15 10:20:16+00:00,1,1,0,0,0,0,0,0,1,3
PoetRyngs,2021-12-06 22:52:40+00:00,4,1,1,0,0,0,0,0,0,6
Point waves. Random color,2021-12-15 11:51:46+00:00,2,1,1,0,0,0,0,0,0,4
polar waves,2021-11-30 02:01:28+00:00,2,1,1,0,0,0,0,0,0,4
Polyptych,2021-12-04 21:50:30+00:00,5,2,1,0,0,0,0,0,0,8
primordial soup,2021-12-05 20:35:30+00:00,6,1,0,0,0,0,0,0,0,7
Prospettive Astratte 01a,2021-12-21 10:13:56+00:00,3,1,1,0,0,0,0,0,0,5
proximity,2021-11-22 17:12:12+00:00,0,1,0,0,0,1,0,0,0,2
Psilocybin 250 mg,2021-12-06 23:43:30+00:00,0,1,0,0,0,0,0,0,0,1
Psychedelic World,2021-12-23 02:39:10+00:00,2,1,1,0,0,0,0,0,1,5
Psychotic Delusions,2021-11-19 12:41:02+00:00,3,1,1,0,0,0,0,0,0,5
Punevyr's face,2021-11-08 01:13:46+00:00,1,1,1,0,12,0,0,0,1,16
Pyramids,2021-12-22 03:12:56+00:00,8,1,1,18,1,0,0,0,45,74
pétalos,2021-12-26 23:08:50+00:00,2,1,1,0,0,0,0,0,0,4
Quantum Shift,2021-11-24 12:38:42+00:00,2,1,0,0,0,0,0,0,0,3
Quantum,2021-12-12 20:25:46+00:00,2,1,1,0,0,0,0,0,0,4
Quilt #2,2021-12-22 03:17:26+00:00,1,1,1,0,0,0,0,0,2,5
Quilt #2,2021-12-22 03:17:56+00:00,1,1,1,0,0,0,0,0,2,5
quilt shield,2021-12-22 03:36:46+00:00,1,1,1,0,0,0,0,0,0,3
Radar,2021-12-04 21:25:30+00:00,2,1,1,0,0,0,0,0,0,4
Radio Gel,2021-12-12 19:45:56+00:00,1,1,0,0,0,0,0,0,0,2
Rainbow canvas,2021-12-08 17:26:10+00:00,2,1,1,0,0,0,0,0,1,5
Rainbow channel,2021-12-03 09:48:54+00:00,3,1,1,0,0,0,0,0,1,6
Rainbow Drenk,2021-11-15 10:11:28+00:00,2,1,0,0,0,0,0,0,0,3
Rainbow rope,2021-11-23 07:14:22+00:00,0,1,0,0,0,0,0,0,0,1
Rainbow Wave,2021-12-06 05:32:50+00:00,2,1,1,0,0,0,0,0,0,4
Rainbowscillator #2,2021-11-23 09:43:32+00:00,2,1,0,0,0,0,0,0,0,3
Raked Strokes,2021-12-08 17:33:40+00:00,1,1,1,0,0,0,0,0,2,5
Random Abstract Painter,2021-12-06 23:36:30+00:00,2,1,0,0,0,0,0,0,0,3
Random City Part 4:New Plan,2021-12-19 14:06:46+00:00,3,1,0,0,0,0,0,0,2,6
Random discoloration,2021-11-30 03:34:38+00:00,3,1,1,0,0,0,0,0,1,6
Random Mandala,2021-12-01 04:19:54+00:00,2,1,1,0,0,0,0,0,0,4
rectangles:processor,2021-12-11 15:49:06+00:00,1,1,1,0,0,0,0,0,0,3
Rectircular drop,2021-12-19 15:16:16+00:00,4,1,1,0,0,3,0,0,0,9
reflection,2021-12-19 15:11:46+00:00,2,1,1,0,0,0,0,0,0,4
Refraction of Stones 003,2021-11-22 10:59:42+00:00,5,1,1,0,0,0,0,0,1,8
Retroveau,2021-11-15 20:25:38+00:00,1,1,1,0,0,0,0,0,1,4
RGB #2,2021-12-18 14:10:06+00:00,3,1,1,0,0,0,0,0,0,5
RGB Elementary Cellular Automaton,2021-11-07 20:47:26+00:00,1,1,1,0,0,0,0,0,0,3
RGB Grid Experiment. . .,2021-11-15 17:21:18+00:00,3,1,1,0,0,0,0,0,1,6
.rhizome,2021-12-28 20:55:30+00:00,1,1,1,0,0,0,0,0,1,4
Rigveda Mandala,2021-11-26 11:00:58+00:00,1,1,1,0,0,0,0,0,1,4
Rock `n` roll,2021-12-22 03:16:26+00:00,4,1,1,0,58,0,0,0,0,64
Rose,2021-12-09 17:45:00+00:00,2,1,1,0,0,0,0,0,0,4
Rubik's Cube,2021-11-22 15:31:52+00:00,1,1,1,0,0,0,0,0,0,3
Saturn's rings,2021-12-15 13:24:46+00:00,1,1,1,0,0,0,0,0,1,4
Scattered Architectures,2021-12-12 21:06:46+00:00,2,1,0,0,0,0,0,0,1,4
Scratches,2021-12-23 02:50:10+00:00,2,1,1,0,0,0,0,0,0,4
Scratches,2021-12-25 23:30:50+00:00,1,1,1,0,0,0,0,0,1,4
SeaSpray,2021-12-12 20:28:16+00:00,2,1,1,0,0,0,0,0,0,4
Sezioni,2021-12-21 13:33:16+00:00,2,1,1,0,0,0,0,0,0,4
SHADES,2021-12-28 01:51:10+00:00,1,1,1,0,0,0,0,0,1,4
Shadow Lines 00,2021-12-15 11:47:46+00:00,2,1,1,0,0,0,0,0,1,5
Shadow Lines 03,2021-12-17 13:37:16+00:00,2,1,1,0,0,0,0,0,1,5
SHARP YEAR WIND POWER,2021-11-23 09:50:52+00:00,0,1,2,0,0,0,0,0,0,3
Shigu,2021-12-26 23:39:40+00:00,5,1,1,0,0,0,0,0,0,7
shpz,2021-11-17 20:58:52+00:00,2,1,1,0,0,0,0,0,2,6
side b,2021-12-11 15:36:36+00:00,1,1,1,0,0,0,0,0,0,3
Simbol,2021-12-27 22:33:30+00:00,1,1,1,0,0,0,0,0,1,4
Sin of rings 3x7,2021-12-07 21:19:10+00:00,4,1,1,0,0,0,0,0,0,6
singularity code,2021-12-01 03:18:28+00:00,2,1,1,0,0,0,0,0,1,5
Sketching on Mondrian,2021-12-09 17:43:00+00:00,3,1,1,0,0,0,0,0,0,5
SKULL,2021-12-09 17:44:00+00:00,3,1,1,0,1,0,0,0,2,8
Slant,2021-11-23 07:17:22+00:00,0,1,0,0,0,0,0,0,0,1
Slices Of Entropy,2021-12-02 00:07:24+00:00,1,1,0,0,0,0,0,0,0,2
Slow Burner,2021-12-21 11:18:26+00:00,1,1,1,0,0,0,0,0,0,3
Slow charges,2021-12-28 20:59:30+00:00,1,1,1,0,0,0,0,0,0,3
Snow Globe,2021-12-22 03:15:56+00:00,3,1,1,0,3,0,0,0,5,13
Soft Colors,2021-12-28 20:14:20+00:00,1,1,1,0,0,0,0,0,0,3
Solstice,2021-12-26 23:37:40+00:00,2,1,0,0,0,1,0,0,0,4
Some generative galaxies,2021-12-08 17:30:40+00:00,0,1,0,0,0,0,0,0,0,1
Some generative winter trees,2021-12-15 18:23:06+00:00,1,1,0,0,0,0,0,0,0,2
SoulSea,2021-12-29 05:00:10+00:00,3,1,1,0,0,0,0,0,0,5
Sound Check,2021-11-11 09:57:08+00:00,2,1,1,0,0,0,0,0,0,4
Space Clock,2021-11-19 09:52:12+00:00,1,1,1,0,1,0,0,0,3,7
Spaceouters: On The Airship,2021-12-27 22:31:00+00:00,1,1,0,0,0,0,0,0,0,2
spacious words,2021-12-17 13:33:46+00:00,1,1,1,0,0,0,0,0,1,4
spectrum sun,2021-11-17 21:32:12+00:00,0,1,0,0,0,0,0,0,0,1
Spin,2021-12-18 12:40:36+00:00,3,1,1,0,0,0,0,0,2,7
Splash 💦 Invaders - Why not ?,2021-12-27 22:31:00+00:00,1,1,1,0,0,0,0,0,1,4
Square Tunnels,2021-12-13 19:12:36+00:00,2,1,1,0,0,0,0,0,1,5
Stacks of Inspiration,2021-11-28 07:29:38+00:00,1,1,1,0,46,1,0,0,4,54
Stained glass,2021-12-28 21:11:00+00:00,1,1,1,0,0,0,0,0,1,4
Starfield,2021-12-03 09:55:24+00:00,1,1,1,0,0,0,0,0,1,4
Statistic,2021-12-26 01:01:00+00:00,3,1,1,0,0,1,0,0,0,6
Sternenlicht,2021-12-27 21:03:10+00:00,1,1,1,0,0,0,0,0,1,4
Sticky circles,2021-11-11 14:44:18+00:00,2,1,1,0,0,0,0,0,0,4
Storms Brewing,2021-12-23 02:06:10+00:00,1,1,0,0,0,0,0,0,0,2
Strand,2021-12-29 07:22:50+00:00,1,1,1,0,1,0,0,0,0,4
Strange Machines,2021-12-20 16:47:26+00:00,4,1,1,0,0,0,0,0,5,11
Strange Timez | BDC,2021-12-18 12:20:36+00:00,1,1,1,0,0,0,0,0,0,3
Strata Lines,2021-12-21 11:18:56+00:00,2,1,1,0,0,0,0,0,1,5
Stripes,2021-12-01 01:01:28+00:00,2,1,1,0,0,0,0,0,0,4
Study in Tiling,2021-12-02 00:55:54+00:00,1,1,0,0,0,0,0,0,0,2
Suburbz | BCD,2021-12-03 09:07:44+00:00,1,1,1,0,0,0,0,0,0,3
Sunset beach,2021-11-24 12:51:12+00:00,2,1,0,0,0,0,0,0,2,5
SUPREMATISM,2021-11-15 19:31:28+00:00,2,1,1,0,0,0,0,0,0,4
Suprematist Method #5,2021-12-12 22:46:46+00:00,2,1,1,0,0,0,0,0,0,4
Swirls,2021-11-30 02:56:38+00:00,2,1,1,0,0,0,0,0,0,4
Tech Twister,2021-12-22 03:10:56+00:00,0,1,0,0,0,0,0,0,0,1
Technicolor Dream,2021-11-19 18:50:02+00:00,0,1,0,0,0,0,0,0,0,1
TEMPRINTMENTAL,2021-11-19 17:56:22+00:00,1,1,1,0,0,0,0,0,3,6
Tessellation,2021-12-17 12:33:26+00:00,3,1,1,0,0,0,0,0,0,5
"The City, Through the Rear Window of a Car",2021-12-21 10:53:16+00:00,1,1,1,0,0,0,0,0,1,4
The Colour of DNA II,2021-12-20 11:27:56+00:00,3,1,1,0,0,0,0,0,2,7
The Conjured,2021-12-26 23:35:00+00:00,3,1,1,0,0,0,0,0,0,5
THE FORGOTTEN ASCIIBETICALS,2021-11-26 08:25:08+00:00,2,1,2,0,0,0,0,0,0,5
THE GLITCH DIAMOND,2021-12-02 00:43:54+00:00,3,1,1,0,0,0,0,0,0,5
The Haunted House,2021-11-24 07:14:22+00:00,1,1,1,0,0,0,0,0,0,3
The Kalley do Scope,2021-11-17 20:51:52+00:00,2,1,1,0,0,0,0,0,1,5
The Soft Body,2021-12-17 13:18:26+00:00,2,1,1,0,0,0,0,0,1,5
The Spice,2021-12-26 22:33:10+00:00,3,1,1,0,0,0,0,0,2,7
The Spiral Fountain,2021-12-06 19:36:50+00:00,2,1,1,0,0,0,0,0,0,4
the wall,2021-11-23 09:20:32+00:00,2,1,1,0,0,0,0,0,0,4
thought process,2021-12-26 01:03:00+00:00,4,1,1,0,0,0,0,0,2,8
Three,2021-12-17 19:57:36+00:00,1,1,1,0,0,0,0,0,1,4
Time management,2021-12-08 17:38:10+00:00,2,1,1,0,0,3,0,0,0,7
Time warping,2021-12-19 14:34:46+00:00,4,1,1,0,0,0,0,0,1,7
TOKYO GALAXY: Shibuya,2021-11-23 09:57:22+00:00,2,1,1,0,0,0,0,0,2,6
Tornado,2021-12-18 12:43:16+00:00,2,1,0,0,0,0,0,0,0,3
Transitions,2021-12-05 20:19:40+00:00,2,1,1,0,0,0,0,0,1,5
Treasure loot box,2021-12-26 23:32:00+00:00,3,1,1,0,63,0,0,0,2,70
Trick Room,2021-12-11 15:45:06+00:00,3,1,1,0,0,0,0,0,1,6
Trig color,2021-12-11 16:48:46+00:00,1,1,1,0,0,0,0,0,0,3
Tripping Out,2021-12-15 11:46:16+00:00,2,1,1,0,0,0,0,0,0,4
Troupe No. 46,2021-12-17 13:36:46+00:00,2,1,1,0,0,0,0,0,2,6
Tumbling Glyphs,2021-12-06 19:11:10+00:00,2,1,10,0,0,0,0,0,0,13
tunnels,2021-12-11 15:30:36+00:00,4,1,1,0,0,0,0,0,2,8
Ugly Robots,2021-12-28 05:28:40+00:00,2,1,1,0,0,0,0,0,0,4
UnCircle,2021-11-28 07:02:38+00:00,4,1,1,0,0,0,0,0,1,7
UnSquare,2021-11-29 03:06:48+00:00,4,1,1,0,0,0,0,0,1,7
USG Penguin Adoption Agency,2021-11-19 18:43:32+00:00,1,2,2,0,0,0,0,0,1,6
UTILITAS,2021-11-22 07:23:52+00:00,3,1,1,0,0,0,0,0,0,5
v0rt3x,2021-11-24 13:09:32+00:00,3,1,1,0,0,0,0,0,0,5
Variant Variances,2021-12-26 07:02:00+00:00,2,1,1,2,0,0,0,0,1,7
vera,2021-12-22 09:46:10+00:00,5,1,0,0,0,0,0,0,0,6
Vortex,2021-12-26 01:13:00+00:00,1,1,1,0,0,0,0,0,0,3
Vrn'1',2021-12-26 23:21:20+00:00,2,1,1,0,0,0,0,0,0,4
war 9,2021-12-11 15:38:36+00:00,0,1,1,0,0,0,0,0,0,2
warp,2021-12-22 07:04:56+00:00,2,1,1,0,0,0,0,0,0,4
Wave Lines,2021-12-08 17:46:20+00:00,2,1,1,0,0,0,0,0,1,5
We all go through Tops and Valleys,2021-12-19 14:47:16+00:00,4,1,1,0,0,0,0,0,0,6
Weave,2021-11-10 23:28:48+00:00,2,1,0,0,0,1,0,0,0,4
Weird Wired World,2021-11-19 17:40:52+00:00,0,1,0,0,0,1,0,0,0,2
What's your Unknown Pleasures?,2021-11-23 09:41:02+00:00,2,1,1,0,0,0,0,0,1,5
where the mermaids weep,2021-12-05 20:27:50+00:00,1,1,1,0,0,0,0,0,1,4
Which Universe do You Belong To?,2021-12-07 06:03:50+00:00,2,1,1,0,0,0,0,0,0,4
window of oppurtunity,2021-12-29 02:17:10+00:00,5,1,0,0,0,0,0,0,2,8
Window Still Life,2021-12-11 16:36:16+00:00,0,1,1,0,0,0,0,0,1,3
Window,2021-11-22 09:00:22+00:00,1,1,0,0,0,0,0,0,0,2
winter days - whitehot robot,2021-12-20 05:30:26+00:00,0,1,0,0,1,1,0,0,1,4
Wondering,2021-12-28 22:17:10+00:00,3,1,1,0,0,0,0,0,0,5
Your Fractal Bonsai,2021-11-19 18:02:52+00:00,0,1,0,0,0,0,0,0,0,1
[forma],2021-12-06 20:42:50+00:00,6,1,0,0,0,1,0,0,0,8
"""Mist on the Yangtze River""",2021-12-17 15:37:46+00:00,3,1,1,0,0,0,0,0,4,9
\\ WORLDS APART //,2021-11-30 10:13:58+00:00,2,1,0,0,2,0,0,0,1,6
:/V<°)3,2021-11-22 11:32:52+00:00,1,1,0,0,0,0,0,0,0,2
<~~ instancemeup ~~>,2021-11-17 15:21:32+00:00,16,1,1,0,0,0,0,0,4,22
∏∏∏∏^∏∏∏∏,2021-12-17 15:26:46+00:00,4,1,1,0,0,0,0,0,0,6
ⓂⒺⓉⒶⒷⓄⓁⒾⓈⓂ ➋,2021-12-26 00:53:30+00:00,1,1,1,0,1,0,0,17,3,24
▧▦▨,2021-12-01 04:00:24+00:00,2,1,1,0,0,0,0,0,0,4
雾(fog),2021-12-06 20:44:20+00:00,1,1,1,0,1,0,0,0,1,5
𝒮𝓌ℯℯ𝓉 𝒟𝓇ℯ𝒶𝓂𝓈,2021-12-26 22:39:00+00:00,1,1,1,0,1,0,0,0,25,29
🎄merry yungmas,2021-12-11 15:45:36+00:00,1,1,1,0,0,0,0,0,0,3
#01 Ancient Communication,2022-01-08 12:18:30+00:00,3,1,1,0,0,0,0,0,0,5
$|<_// B&W,2022-03-18 13:47:24+00:00,0,1,0,0,0,0,0,0,1,2
(1B)alance,2022-06-17 15:30:00+00:00,5,1,1,0,24,0,0,0,2,33
(500) BEARS OF SUMMER,2022-06-26 16:00:00+00:00,2,1,1,0,0,35,0,0,6,45
(don't get) _rugged_,2022-03-19 09:07:24+00:00,1,1,1,0,70,0,0,0,19,92
(non)representational,2022-12-21 21:02:59+00:00,2,1,1,0,0,0,0,0,0,4
-/-ÏoÏ-\-,2022-02-22 11:22:10+00:00,4,1,1,0,0,0,0,0,0,6
01_ski,2022-04-17 15:53:59+00:00,1,1,0,0,0,0,0,0,2,4
0xAcht,2022-05-09 13:32:14+00:00,2,1,0,0,0,0,0,0,2,5
0xFoif,2022-02-02 12:52:26+00:00,2,1,0,0,0,0,0,0,1,4
1 of 1 - Alien Orb,2022-04-17 19:00:00+00:00,1,1,1,0,0,0,0,0,1,4
"100 Shirts, Burning",2022-01-28 22:19:48+00:00,1,1,1,0,0,0,0,0,2,5
1000 moving rectangles.,2022-02-07 00:03:44+00:00,1,1,0,0,0,0,0,0,0,2
13.799 ± 0.021 x 109,2022-01-19 01:58:10+00:00,6,1,1,0,0,0,0,0,3,11
1888 - Fragmented,2022-06-03 06:39:44+00:00,3,1,1,0,0,88,0,0,2,95
1888 - Quads,2022-05-17 22:12:44+00:00,3,1,1,0,0,81,0,0,2,88
1888 - Tiles,2022-05-03 05:26:14+00:00,3,1,1,0,0,85,0,0,2,92
2023-2053,2022-08-21 10:00:00+00:00,3,1,1,0,0,0,0,0,1,6
2152: Line Architecture,2022-02-15 09:59:04+00:00,3,1,1,0,0,0,0,0,0,5
2222,2022-02-02 13:53:26+00:00,3,1,1,0,0,0,0,0,1,6
3.5 Pigeons of the Apocalypse,2022-02-10 20:51:44+00:00,2,1,1,1,31,0,0,0,0,36
4rtiu5,2022-09-07 09:31:59+00:00,2,1,1,0,0,0,0,0,1,5
559753,2022-11-13 17:00:00+00:00,2,1,1,0,0,0,0,0,1,5
66 Lover,2022-08-06 15:00:00+00:00,3,1,1,0,0,0,0,0,0,5
68P16,2022-02-03 15:32:36+00:00,3,1,1,0,0,0,0,0,1,6
=DMT=,2022-08-29 15:30:00+00:00,3,1,0,0,0,0,0,0,0,4
A collage of collages,2022-01-14 10:35:50+00:00,1,1,1,0,71,0,0,0,1,75
A Difference of Opinion,2022-02-20 02:32:50+00:00,2,1,1,0,0,0,0,0,2,6
A Dream Within the Dusted Debris,2022-11-07 16:09:44+00:00,4,1,1,0,0,0,0,0,4,10
a fleeting moment,2022-05-27 15:00:00+00:00,2,1,1,0,0,0,0,0,0,4
A Handmade Gift,2022-03-18 15:47:14+00:00,1,1,1,0,0,0,0,0,0,3
A little boat on an Adventure,2022-02-10 22:55:24+00:00,2,1,1,0,0,0,0,0,1,5
A postcard from,2022-06-03 16:00:00+00:00,1,1,1,0,0,0,0,0,7,10
a strange and desolate place,2022-03-17 15:09:34+00:00,3,1,0,0,0,0,0,0,0,4
A study in Entanglement,2022-12-15 17:00:00+00:00,2,1,1,0,0,0,0,0,1,5
a synchronicity,2022-01-12 06:30:40+00:00,2,1,1,0,0,0,0,0,1,5
A Very TezWhales Christmas - Day #1,2022-12-01 20:19:44+00:00,1,1,1,0,48,0,0,0,0,51
A Warm Autumn,2022-10-03 18:20:00+00:00,1,1,1,0,71,0,0,0,1,75
A Watch,2022-08-07 19:00:00+00:00,5,1,1,0,0,0,0,0,13,20
a.lert,2022-03-19 12:08:04+00:00,3,1,1,0,0,0,0,0,1,6
A.R.T (Alien Reptilian Terrestrials),2022-04-29 12:54:59+00:00,1,1,1,0,14,0,0,0,2,19
Abacus I,2022-11-15 17:05:00+00:00,2,1,1,0,0,0,0,0,1,5
Abstracción Celular 3,2022-10-18 18:38:14+00:00,4,1,0,0,5,1,0,0,5,16
Abstract chopsticks,2022-09-26 21:03:14+00:00,2,1,0,0,0,0,0,0,0,3
Abstract colors,2022-08-22 14:30:00+00:00,1,1,1,0,45,0,0,0,1,49
Abstract Dandelion,2022-07-12 16:29:44+00:00,6,1,1,0,0,0,0,0,0,8
Abstract Sunset,2022-01-05 17:45:20+00:00,1,1,1,0,20,0,0,0,1,24
Abstract Urbanism,2022-02-08 23:36:34+00:00,6,1,1,0,0,0,0,0,0,8
Abstraction IX,2022-01-05 12:04:40+00:00,2,1,1,0,35,0,0,0,2,41
abstraction,2022-04-27 11:00:00+00:00,1,1,0,0,0,0,0,0,0,2
Abstract,2022-12-09 02:17:44+00:00,1,1,1,0,149,0,0,0,2,154
Accalance 2,2022-02-19 20:01:50+00:00,2,1,0,0,0,0,0,0,6,9
Access to the  mainframe,2022-06-16 00:51:59+00:00,1,1,0,0,0,0,0,0,0,2
Action and Meditation-2.0,2022-12-23 02:08:59+00:00,2,1,1,0,0,0,0,0,0,4
Acuity,2022-09-17 21:44:00+00:00,3,1,1,0,0,0,0,0,1,6
Additive flames,2022-07-01 11:42:14+00:00,4,1,0,0,0,0,0,0,0,5
Adrift: smoke.fx(hash),2022-07-01 14:00:00+00:00,2,1,1,0,0,0,0,0,0,4
Advaita,2022-07-02 16:00:00+00:00,2,1,1,0,0,0,0,0,0,4
Adva,2022-09-01 06:53:29+00:00,1,1,1,0,52,0,0,0,1,56
Aether Elements,2022-05-21 07:02:59+00:00,1,1,1,0,43,0,0,0,2,48
aether:Astral Loom,2022-02-06 21:01:14+00:00,3,1,1,0,0,0,0,0,0,5
"After all, Only the Light Remains",2022-01-12 06:51:10+00:00,4,1,1,0,0,0,0,0,0,6
After the Fall,2022-02-14 12:20:34+00:00,3,1,1,0,0,0,0,0,1,6
"AH ****, HERE WE GO AGAIN!",2022-06-24 06:23:59+00:00,1,1,1,0,45,0,0,0,1,49
AI Abstract Balls,2022-10-25 06:00:00+00:00,1,1,1,0,129,0,0,0,1,133
AI Eyes and Insect,2022-08-13 17:30:00+00:00,1,1,1,0,19,0,0,0,1,23
AI Japanese City in Winter,2022-12-03 06:15:00+00:00,3,1,1,0,16,0,0,0,1,22
AI Japanese Kid,2022-12-13 14:01:29+00:00,1,1,1,0,32,0,0,0,1,36
AI Kainalu,2022-11-02 04:00:00+00:00,1,1,1,0,59,0,0,0,1,63
AI Newspaper,2022-10-19 04:00:00+00:00,1,1,1,0,42,0,0,0,1,46
AI painter,2022-08-23 04:00:00+00:00,1,1,1,0,31,0,0,0,1,35
AI Psychedelic Garden,2022-12-29 20:00:00+00:00,1,1,1,0,23,0,0,0,1,27
AI Red Forest,2022-12-30 19:30:00+00:00,1,1,1,0,63,0,0,0,1,67
AI Seasons,2022-10-21 04:00:00+00:00,1,1,1,0,90,0,0,0,1,94
AI Snakes,2022-11-26 03:26:59+00:00,1,1,1,0,53,0,0,0,1,57
ALEF,2022-06-16 23:45:44+00:00,3,1,0,0,0,0,0,0,1,5
Algae of my head,2022-01-05 14:59:30+00:00,1,1,1,0,0,0,0,0,6,9
AlgoTown,2022-11-23 14:22:14+00:00,2,1,1,0,0,0,0,0,0,4
Alien Cities,2022-06-04 13:00:00+00:00,3,1,0,0,0,0,0,0,0,4
ALIEN FOREST,2022-08-15 14:00:00+00:00,1,1,1,0,38,0,0,0,2,43
Alien Invaders,2022-03-04 20:28:44+00:00,1,1,1,0,14,0,0,0,0,17
AlIeN ShElLs,2022-06-30 13:37:29+00:00,1,1,1,0,0,0,0,0,0,3
Alisas gods,2022-07-24 18:30:11+00:00,3,1,1,0,0,0,0,0,0,5
AlphaBets,2022-02-21 01:11:50+00:00,3,1,1,0,0,0,0,0,17,22
Alphabet_11_GN,2022-06-18 02:33:44+00:00,1,1,1,10,1,9,0,0,1,24
Altars of chaos,2022-05-09 13:51:29+00:00,1,1,0,0,0,0,0,0,0,2
Analog Grid Burn,2022-05-21 07:18:29+00:00,1,1,1,0,0,0,0,0,0,3
Anatolian Carpet,2022-08-02 19:28:44+00:00,2,1,1,0,108,0,0,0,0,112
anaverse - Derelict chapel,2022-02-01 09:16:58+00:00,2,1,1,0,0,0,0,0,2,6
Anchors,2022-05-09 12:52:00+00:00,2,1,0,0,0,0,0,0,2,5
Ancient Murked Heritage,2022-04-21 00:21:59+00:00,3,1,1,0,0,0,0,0,4,9
Ancient Travelers,2022-11-29 16:15:59+00:00,1,1,1,0,36,0,0,0,0,39
angels - whitehot robot,2022-01-09 12:59:40+00:00,0,1,0,0,0,1,0,0,1,3
Animatronic Musical Gators,2022-05-24 03:33:44+00:00,3,1,1,0,0,0,0,0,2,7
Annoying frogs,2022-06-08 10:00:00+00:00,1,1,1,0,34,0,0,0,2,39
Anomalous square,2022-07-12 17:50:14+00:00,1,1,1,0,17,0,0,0,1,21
Another Rectangle,2022-04-29 12:00:00+00:00,4,1,1,0,0,0,0,0,0,6
Another Time,2022-05-22 04:00:00+00:00,3,1,1,0,0,0,0,0,0,5
antechambers,2022-06-03 00:59:59+00:00,1,1,0,0,1,1,0,0,0,4
apophenia,2022-11-11 15:59:00+00:00,176,1,1,0,1,5,0,0,175,359
Appliqué,2022-07-11 16:10:29+00:00,4,1,1,0,0,0,0,0,0,6
Aqine lines,2022-09-13 22:18:59+00:00,4,1,1,0,0,0,0,0,0,6
Aquarium Mea Culpa,2022-01-08 13:41:50+00:00,2,1,1,0,0,0,0,0,1,5
Arcane,2022-10-04 08:00:00+00:00,1,1,0,0,0,0,0,0,0,2
Arce and Bat,2022-11-11 18:15:00+00:00,1,1,1,0,32,0,0,0,1,36
Arce and Cat,2022-11-23 19:00:00+00:00,1,1,1,0,48,0,0,0,1,52
Aries Girl,2022-10-24 18:00:00+00:00,1,1,1,0,29,0,0,0,1,33
Arrows Between Emotions,2022-05-24 16:00:00+00:00,4,1,1,0,0,0,0,0,2,8
ART BASIL 2022,2022-05-30 12:29:14+00:00,1,1,0,0,9,15,0,0,4,30
Art Glasses,2022-01-11 10:22:00+00:00,1,1,1,0,0,0,0,0,1,4
art-craft,2022-11-19 14:12:59+00:00,3,1,1,0,0,0,0,0,2,7
ARTEFAKT No.2 - Tesseract Matrix,2022-01-10 21:43:00+00:00,11,1,1,0,0,0,0,0,1,14
Artemis and Parrot,2022-12-05 19:10:00+00:00,1,1,1,0,49,0,0,0,1,53
Artifice,2022-12-09 19:00:00+00:00,1,1,1,0,0,0,0,0,0,3
ascension of the builders,2022-07-15 07:52:44+00:00,7,1,1,0,0,1,0,0,10,20
ascii love battles,2022-02-13 14:18:04+00:00,1,1,1,0,0,0,0,0,0,3
Astral Encounters,2022-02-14 12:59:34+00:00,1,1,1,0,0,0,0,0,1,4
Astronomic Comics,2022-02-04 04:07:56+00:00,0,1,0,0,0,0,0,0,0,1
Atmosphere,2022-03-14 15:37:14+00:00,0,1,0,0,0,0,0,0,0,1
Atypical Lands,2022-02-07 19:11:14+00:00,1,1,1,0,0,0,0,0,1,4
Audioreactive Shiny Spheres,2022-09-22 06:52:29+00:00,12,1,1,0,0,0,0,0,170,184
aura,2022-01-25 23:12:30+00:00,5,1,1,0,0,0,0,0,0,7
Automata cotton fabrics,2022-01-08 10:54:30+00:00,2,1,1,0,0,0,0,0,0,4
Automatic parking,2022-01-05 13:35:50+00:00,3,1,1,0,9,0,0,0,1,15
Avatar,2022-04-16 15:35:59+00:00,3,1,0,0,0,0,0,0,0,4
Avoidance,2022-03-05 18:13:14+00:00,2,1,1,0,0,0,0,0,1,5
AzuriteFootPrint,2022-07-07 01:24:14+00:00,1,1,0,0,1,1,0,0,0,4
A/V Rhythmic Blocks,2022-01-07 12:26:30+00:00,1,1,0,0,2,0,0,0,6,10
B-Tiger,2022-01-12 05:45:30+00:00,2,1,1,0,0,0,0,0,0,4
Bad Habits,2022-04-27 12:33:44+00:00,4,1,1,0,32,0,0,0,1,39
Bad Octupus,2022-12-19 23:36:59+00:00,19,9,1,0,1,1,0,0,5,36
bad plastic,2022-01-05 17:09:10+00:00,1,1,0,0,0,0,0,0,0,2
bad ripple,2022-04-19 03:08:59+00:00,1,1,0,0,0,0,0,0,0,2
BadGraffiti A,2022-04-25 15:22:29+00:00,2,1,0,0,0,0,0,0,1,4
BadGraffiti C,2022-04-27 11:21:59+00:00,2,1,0,0,0,0,0,0,1,4
Ballet,2022-10-15 21:20:44+00:00,2,1,1,0,33,0,0,0,1,38
Banners of The Chosen,2022-02-14 15:52:04+00:00,1,1,1,0,204,0,0,0,1,208
barcode(fxhash),2022-11-23 15:02:00+00:00,2,1,1,0,0,0,0,0,4,8
Be Creative,2022-08-21 21:44:59+00:00,2,1,0,0,0,0,0,0,3,6
Be name khoda,2022-12-10 00:49:44+00:00,4,1,1,0,0,0,0,0,0,6
Bean Squiggles,2022-02-15 13:44:54+00:00,2,1,1,1,0,0,0,0,0,5
Beauty in Cubism,2022-02-02 11:10:26+00:00,3,1,1,0,59,0,0,0,2,66
Beauté Féminine,2022-07-24 13:17:14+00:00,1,1,1,0,15,0,0,0,1,19
Bedlam,2022-01-25 01:13:40+00:00,4,1,1,0,0,0,0,0,0,6
Beginner Ideocartography,2022-01-05 12:18:10+00:00,1,1,0,0,0,0,0,0,0,2
Bellissimas,2022-03-18 12:19:14+00:00,3,1,1,0,55,0,0,0,1,61
Betars of bekhar,2022-12-10 00:46:14+00:00,4,1,1,0,0,0,0,0,0,6
Betty's Broken Loom,2022-01-05 12:05:10+00:00,2,1,1,0,0,0,0,0,1,5
Beyond,2022-06-18 01:00:00+00:00,1,1,0,2,29,0,0,0,4,37
bezierSweep(color studies),2022-12-14 15:41:44+00:00,3,1,1,0,0,0,0,0,0,5
Big Tiger Soul,2022-01-31 18:56:08+00:00,4,1,1,0,33,0,0,0,0,39
Billows,2022-06-19 12:04:29+00:00,11,1,1,0,0,0,0,0,0,13
Bird Tales,2022-02-20 15:04:00+00:00,1,1,1,0,40,0,0,0,7,50
Birth of a Star,2022-03-07 17:56:54+00:00,3,1,1,0,0,0,0,0,1,6
Bit: Wise Operator,2022-05-14 18:17:14+00:00,3,1,2,0,0,0,0,0,2,8
BLACK HOLE SUN,2022-06-09 10:59:14+00:00,2,1,1,0,0,0,0,0,1,5
Black holes,2022-12-20 21:09:14+00:00,2,1,1,0,0,0,0,0,0,4
Black Hollow Tension,2022-08-25 13:40:59+00:00,4,1,1,0,0,0,0,0,5,11
Blender3d Snowflake,2022-01-09 16:39:30+00:00,4,1,1,0,0,0,0,0,5,11
Blend,2022-09-07 13:59:29+00:00,1,1,1,1,0,0,0,0,4,8
Blk Blox,2022-04-22 23:33:29+00:00,3,1,1,0,0,0,0,0,2,7
Block Explorer,2022-06-13 18:00:00+00:00,2,1,1,0,2,0,0,0,3,9
Block of Grid Vol 2,2022-05-15 22:36:59+00:00,1,1,1,0,14,0,0,0,2,19
Blocked Colors,2022-06-05 22:51:59+00:00,2,1,1,0,0,0,0,0,0,4
Blockheads,2022-11-25 05:07:29+00:00,1,1,1,0,75,0,0,0,3,81
BLOCKIES,2022-01-05 15:14:00+00:00,2,1,0,0,47,0,0,0,3,53
Blockster,2022-01-08 09:04:40+00:00,1,1,1,0,0,0,0,0,2,5
Blocks,2022-01-18 16:20:10+00:00,2,1,1,0,112,0,0,0,0,116
BlockTrain Building,2022-10-21 15:00:00+00:00,45,1,1,0,0,0,0,0,16,63
bloke,2022-09-22 00:10:44+00:00,0,1,0,0,0,0,0,0,0,1
BlubBuddies,2022-04-30 00:00:00+00:00,1,1,1,0,109,0,0,0,2,114
Blue Arce,2022-11-10 18:00:00+00:00,1,1,1,0,37,0,0,0,1,41
Blue Hestia,2022-12-19 19:10:00+00:00,1,1,1,0,32,0,0,0,1,36
Blumeez: Portraits,2022-10-26 21:26:00+00:00,1,1,1,0,172,0,0,0,2,177
Blurring of Chromatic Alternation,2022-02-13 17:58:44+00:00,2,1,1,0,0,0,0,0,0,4
Blurry Dots,2022-08-29 16:00:00+00:00,15,1,1,0,0,0,0,0,1,18
Boggle,2022-05-22 04:00:00+00:00,2,1,1,0,0,0,0,0,1,5
bonbon topology,2022-07-13 16:00:00+00:00,1,1,0,0,0,0,0,0,0,2
Bone Work (Gulf of Mexico) 2022,2022-10-15 19:00:00+00:00,21,1,0,0,1,0,0,0,18,41
Boobyface,2022-07-18 01:04:14+00:00,1,1,1,0,92,0,0,0,1,96
BOO,2022-04-16 12:57:29+00:00,1,1,1,0,75,0,0,0,1,79
Boreal,2022-01-12 05:52:30+00:00,3,1,1,0,0,0,0,0,1,6
Botanical Gardens,2022-08-29 11:29:00+00:00,2,1,1,0,1,0,0,0,0,5
Bountiful Desire,2022-05-15 02:31:44+00:00,3,1,1,0,0,1,0,0,1,7
boxes_OUTLINED_v2,2022-02-14 12:05:34+00:00,6,1,0,0,0,0,0,0,0,7
Branches,2022-06-23 12:03:29+00:00,6,1,1,0,0,0,0,0,0,8
Breakfast is Ready!,2022-08-03 18:06:44+00:00,1,1,1,0,20,0,0,0,2,25
BREATHING Droste,2022-02-01 15:54:36+00:00,2,1,0,0,0,3,0,0,0,6
Brew,2022-07-31 14:01:00+00:00,2,1,1,0,0,0,0,0,2,6
Bright Circuits,2022-07-30 21:16:00+00:00,10,1,1,0,0,0,0,0,2,14
Broken Land,2022-12-04 03:30:00+00:00,4,1,1,0,0,0,0,0,0,6
Broken Mirror,2022-04-22 00:21:29+00:00,1,1,1,0,574,0,0,0,1,578
Broken Patterns Resolve,2022-02-27 04:26:34+00:00,4,1,2,0,0,0,0,0,1,8
Brushed Rectangles,2022-10-21 10:00:00+00:00,2,1,0,0,0,0,0,0,1,4
Brushed,2022-07-27 09:54:44+00:00,4,1,1,0,0,0,0,0,0,6
BRUTALIST MOVEMENT,2022-09-16 12:00:00+00:00,3,1,1,0,0,0,0,0,0,5
Brutalsy,2022-11-27 13:08:00+00:00,3,1,1,0,0,0,0,0,1,6
BRUT[GLASS,2022-02-26 08:06:44+00:00,3,1,1,0,0,0,0,0,0,5
Bubble field,2022-02-22 14:08:10+00:00,1,1,1,0,0,0,0,0,1,4
Bubble Monster,2022-01-21 18:54:10+00:00,2,1,1,0,0,0,0,0,2,6
Bubbles,2022-01-09 11:38:20+00:00,2,1,0,0,0,0,0,0,0,3
Bubblish,2022-09-23 19:04:14+00:00,1,1,1,1,0,0,0,0,3,7
BUD,2022-10-10 18:30:00+00:00,1,1,1,0,44,0,0,0,1,48
Bugged Textures II,2022-05-05 19:34:59+00:00,2,1,1,0,0,0,0,0,0,4
Building of abstraction,2022-11-04 18:00:00+00:00,3,1,1,0,0,0,0,0,0,5
Building of letters,2022-12-01 16:00:00+00:00,3,1,1,0,0,0,0,0,0,5
Building Perception,2022-08-23 17:20:00+00:00,1,1,1,0,0,16,0,0,0,19
Buildings,2022-04-27 14:30:00+00:00,2,1,0,0,0,0,0,0,1,4
Bundles | Protobyte Series,2022-09-04 15:17:14+00:00,1,1,0,0,0,37,0,0,0,39
Burger,2022-01-27 19:05:18+00:00,1,1,1,0,45,0,0,0,0,48
bw mark,2022-04-28 08:26:44+00:00,2,1,1,0,0,0,0,0,1,5
BY Geisha,2022-10-06 19:10:00+00:00,1,1,1,0,22,0,0,0,1,26
Bézier Aquarium 🦑,2022-07-05 13:00:00+00:00,4,1,1,1,0,0,0,0,2,9
C#l2#D,2022-09-07 13:51:14+00:00,3,1,1,0,0,0,0,0,2,7
Cactigen,2022-06-09 17:30:00+00:00,13,1,0,0,0,0,0,0,0,14
Cages,2022-02-19 18:14:50+00:00,2,1,0,0,0,0,0,0,0,3
Calculating Happiness,2022-01-13 03:23:50+00:00,1,1,0,0,0,0,0,0,0,2
Call me later,2022-07-01 19:27:59+00:00,2,1,1,0,0,0,0,0,0,4
Calligraphy,2022-06-15 20:01:14+00:00,2,1,1,0,1,0,0,0,1,6
Calmer waters - reissue,2022-09-17 09:10:14+00:00,2,1,0,0,0,0,0,0,0,3
Can't Fool The City,2022-02-16 11:56:30+00:00,2,1,1,0,0,0,0,0,1,5
Capricorn Girl,2022-11-02 18:00:00+00:00,1,1,1,0,28,0,0,0,1,32
carpet block,2022-12-10 01:13:44+00:00,2,1,1,0,0,0,0,0,0,4
cascade II,2022-01-09 19:59:30+00:00,1,1,0,0,0,0,0,0,0,2
Cat eyes,2022-06-13 12:30:00+00:00,1,1,0,0,0,0,0,0,0,2
CD Cover generator,2022-05-10 09:18:14+00:00,2,1,0,0,1,1,0,0,0,5
Celestial Isles,2022-07-24 14:00:00+00:00,2,1,0,0,0,0,0,0,4,7
Cell Structure,2022-05-08 15:22:44+00:00,1,1,1,0,0,0,0,0,0,3
Cells,2022-05-06 11:00:00+00:00,1,1,1,0,93,0,0,0,2,98
CELLS,2022-05-30 15:31:59+00:00,2,1,0,0,0,0,0,0,0,3
Cells,2022-01-26 22:08:28+00:00,2,1,0,0,0,0,0,0,5,8
Cellular Arrangement,2022-08-01 21:48:29+00:00,2,1,1,0,0,0,0,0,0,4
chaikin triangilism,2022-02-16 07:59:00+00:00,1,1,1,0,0,0,0,0,0,3
Chance Encounters in the Unknown Space,2022-01-28 01:21:28+00:00,0,1,0,0,0,0,0,0,0,1
Change tree,2022-01-07 13:21:00+00:00,4,1,1,0,0,0,0,0,1,7
CHAOS AND COSMOS - Cosmology of oneself v2,2022-12-01 13:00:00+00:00,7,1,1,0,0,0,0,0,2,11
Chaos and Order,2022-03-02 05:36:34+00:00,2,1,1,0,0,0,0,0,0,4
chaos memory,2022-04-16 13:11:44+00:00,2,1,1,0,24,0,0,0,1,29
Chaos Notes,2022-06-18 01:12:29+00:00,7,1,1,0,0,0,0,0,1,10
Chaos Prints,2022-08-15 11:11:44+00:00,1,1,1,0,0,0,0,0,0,3
Chaos,2022-07-12 19:07:29+00:00,3,1,1,0,0,0,0,0,0,5
Chaotic Trees V2,2022-01-11 15:54:00+00:00,1,1,0,0,0,0,0,0,0,2
Chaotic Treescape,2022-01-05 13:20:40+00:00,1,1,0,0,0,0,0,0,0,2
Cheese,2022-01-14 05:50:40+00:00,2,1,0,0,0,0,0,0,0,3
chemistry,2022-01-06 20:58:30+00:00,2,1,1,0,0,0,0,0,0,4
Childhood,2022-07-25 15:53:44+00:00,2,1,1,0,0,0,0,0,0,4
Chipped Dogtooth,2022-07-24 14:00:00+00:00,2,1,1,0,0,0,0,0,0,4
christmas tree,2022-12-22 19:06:44+00:00,3,1,1,0,0,0,0,0,0,5
chromadynamics,2022-07-31 02:30:00+00:00,1,1,1,0,0,0,0,0,1,4
"CHROMATLAS, Vol. 8",2022-07-08 19:00:00+00:00,4,1,1,0,0,1,0,0,2,9
CHRONUS,2022-09-14 13:30:00+00:00,5,1,1,0,0,0,0,0,0,7
Cidade,2022-05-14 19:12:00+00:00,2,1,0,0,0,0,0,0,0,3
Circled,2022-01-07 15:12:00+00:00,1,1,1,0,0,0,0,0,0,3
Circles & Squares,2022-05-27 22:37:14+00:00,16,1,1,0,0,0,0,0,2,20
CIRCULAR MURMURATIONS,2022-01-18 18:57:00+00:00,1,1,1,0,0,0,0,0,1,4
Circular noise,2022-09-09 11:59:14+00:00,3,1,1,0,0,0,0,0,1,6
Citta,2022-07-30 14:00:00+00:00,11,1,1,1,0,0,0,0,1,15
City 3050,2022-08-16 02:00:00+00:00,3,1,1,0,0,0,0,0,2,7
City and Space,2022-01-05 14:32:50+00:00,1,1,1,0,0,0,0,0,0,3
City in the Wind,2022-01-18 21:47:30+00:00,2,1,0,0,0,0,0,0,0,3
City View,2022-08-26 12:29:29+00:00,2,1,1,0,0,0,0,0,0,4
Classic Rock Concert Ticket Stub Generator,2022-01-25 23:07:00+00:00,6,1,1,0,3,0,0,0,1,12
CLEARSKY,2022-03-05 21:43:44+00:00,0,1,0,0,0,0,0,0,1,2
Cleya,2022-09-24 18:00:00+00:00,2,1,1,0,0,0,0,0,0,4
clouded mind,2022-08-02 16:00:00+00:00,1,1,1,0,0,0,0,0,0,3
Cloudscape,2022-12-23 19:15:00+00:00,1,1,1,0,93,0,0,0,2,98
Clusters,2022-09-03 04:00:00+00:00,2,1,1,0,0,0,0,0,0,4
Coarse,2022-02-23 19:09:10+00:00,3,1,0,1,0,0,0,0,1,6
Code Line,2022-06-17 23:42:44+00:00,3,1,1,0,0,0,0,0,3,8
Colin,2022-05-22 08:04:44+00:00,1,1,1,0,61,0,0,0,3,67
Collider series - Primordial inflation,2022-09-05 17:01:00+00:00,1,1,1,0,0,0,0,0,2,5
Color and danger ox,2022-12-06 12:02:14+00:00,4,1,1,0,0,0,0,0,0,6
Color Field Starry B,2022-12-02 18:00:00+00:00,2,1,1,0,0,0,0,0,1,5
Color Flats,2022-04-16 14:37:59+00:00,3,1,1,0,0,0,0,0,2,7
Color O.D.,2022-04-17 00:08:59+00:00,3,1,1,0,0,0,0,0,0,5
Color of life,2022-08-24 16:00:00+00:00,8,1,1,0,0,0,0,0,2,12
"color, lines, shape, texture",2022-12-20 02:38:44+00:00,2,1,1,0,0,0,0,0,0,4
color.bugs,2022-08-19 00:05:14+00:00,3,1,1,0,0,0,0,0,1,6
ColorBricks,2022-06-09 16:14:59+00:00,3,1,1,0,0,0,0,0,2,7
colorflock.,2022-02-09 19:50:14+00:00,1,1,1,0,0,0,0,0,0,3
Colorful Cubes,2022-06-09 17:30:00+00:00,1,1,1,0,0,0,0,0,1,4
Colorful Hyperspace,2022-06-22 22:00:00+00:00,8,1,1,0,2,0,0,0,1,13
Colorium,2022-07-14 18:15:00+00:00,2,1,1,0,0,0,0,0,0,4
Columns & circle,2022-02-09 22:29:24+00:00,3,1,1,0,0,0,0,0,1,6
Column,2022-09-08 07:33:44+00:00,1,1,1,0,87,0,0,0,1,91
Come Home,2022-05-22 05:07:59+00:00,4,1,1,0,12,0,0,0,1,19
Compartments,2022-03-11 21:36:34+00:00,2,1,0,0,0,0,0,0,0,3
Complementary synapse,2022-02-13 13:03:44+00:00,1,1,1,0,0,0,0,0,1,4
Complementary,2022-11-23 16:00:00+00:00,3,1,1,0,0,0,0,0,0,5
Complex,2022-04-27 10:57:59+00:00,3,1,1,0,0,0,0,0,0,5
Composition R,2022-07-01 13:27:14+00:00,3,1,1,0,0,0,0,0,0,5
Compression Unit 161,2022-01-08 16:41:00+00:00,2,1,1,0,0,0,0,0,0,4
Conceptor,2022-12-29 17:00:00+00:00,2,1,1,0,0,1,0,0,0,5
CONDENSE,2022-05-15 19:00:00+00:00,4,1,1,0,0,0,0,0,2,8
ConectionX,2022-01-08 18:21:00+00:00,3,1,1,0,0,0,0,0,0,5
Confetti Shapes,2022-01-07 10:44:30+00:00,1,1,1,0,0,0,0,0,1,4
CONFINED SPACES #1,2022-10-25 17:00:00+00:00,1,1,1,0,0,0,0,0,0,3
Connected Springs,2022-08-28 12:08:59+00:00,4,1,1,0,0,0,0,0,0,6
Connected-circle,2022-06-11 07:00:00+00:00,2,1,1,0,0,0,0,0,1,5
Consequences,2022-09-24 08:00:00+00:00,6,1,1,0,0,0,0,0,1,9
consistency randomness,2022-08-25 17:51:59+00:00,2,1,1,0,0,0,0,0,0,4
Continuum,2022-11-10 18:00:00+00:00,2,1,1,0,0,0,0,0,1,5
Control the Simulation generative music,2022-08-25 11:53:44+00:00,0,1,0,0,0,0,0,0,9,10
CONTROL,2022-01-06 12:27:00+00:00,1,1,1,0,0,0,0,0,2,5
Cool Raccoon Collection,2022-01-20 17:56:00+00:00,1,1,1,0,0,0,0,33,0,36
Cordilleras,2022-01-11 07:00:30+00:00,2,1,0,0,0,0,0,0,0,3
Corium,2022-07-24 22:00:00+00:00,2,1,0,0,0,0,0,0,1,4
cosas sutiles del textos surcido,2022-02-09 21:50:24+00:00,17,1,1,0,0,0,0,0,14,33
Cosette,2022-07-11 20:30:00+00:00,3,1,1,0,0,0,0,0,2,7
Cosmic Patterns,2022-05-24 18:30:00+00:00,2,1,1,0,0,0,0,0,1,5
Cosmo Fibrils,2022-04-16 23:59:44+00:00,7,1,1,0,1,0,0,0,0,10
Cosmology of oneself,2022-11-14 13:00:00+00:00,7,1,1,0,0,0,0,0,2,11
Crack & Flow,2022-04-29 14:59:14+00:00,2,1,1,0,0,0,0,0,0,4
CRASHERS,2022-01-05 12:16:40+00:00,3,1,1,0,8,0,0,0,0,13
crazy brush,2022-05-12 10:18:14+00:00,3,1,1,0,0,0,0,0,0,5
Creepy doll,2022-07-27 12:30:59+00:00,1,1,1,0,241,0,0,0,15,259
Crescimento,2022-01-10 17:20:20+00:00,3,1,1,0,0,0,0,0,0,5
cRITICAL PUNK,2022-12-11 12:00:00+00:00,1,1,1,0,54,0,0,0,2,59
Croatoan,2022-03-01 01:30:54+00:00,1,1,0,2,1,0,0,0,5,10
Crooked Kenzan,2022-06-03 03:01:14+00:00,2,1,1,0,0,0,0,0,0,4
CrossCube,2022-01-18 16:07:30+00:00,3,1,1,0,0,0,0,0,1,6
Crossroads,2022-02-03 12:47:16+00:00,2,1,0,0,0,0,0,0,0,3
Crosswalk Monsoon,2022-11-17 19:00:00+00:00,2,1,1,0,0,0,0,0,0,4
crumpled colored space,2022-08-25 20:56:29+00:00,2,1,1,0,0,0,0,0,0,4
CryptoStones,2022-08-08 05:40:59+00:00,3,1,0,0,17,0,0,0,2,23
Cryptoz,2022-04-17 22:11:14+00:00,2,1,1,0,0,0,0,0,0,4
Crystal dreaming,2022-04-22 22:01:44+00:00,2,1,1,0,0,0,0,0,1,5
Crystal Grove,2022-04-25 15:30:00+00:00,0,1,0,0,0,0,0,0,1,2
Crépto Pankreas,2022-01-05 12:13:40+00:00,4,1,1,0,34,0,0,0,0,40
Cube Cities,2022-01-14 07:48:50+00:00,2,1,1,0,0,0,0,0,2,6
Cubeism,2022-07-15 13:38:59+00:00,2,1,1,0,15,0,0,0,3,22
Cubic Fam,2022-07-21 18:24:29+00:00,1,1,1,0,50,0,0,0,1,54
Cupkitties,2022-01-14 04:01:30+00:00,1,1,1,0,80,0,0,0,1,84
Currency 3.0,2022-08-12 17:30:00+00:00,2,1,1,0,0,0,0,0,0,4
cursed pages,2022-08-16 10:27:14+00:00,3,1,1,0,0,0,0,0,1,6
Curtain,2022-01-29 03:38:28+00:00,3,1,1,0,0,0,0,0,0,5
Curvature,2022-08-19 04:00:00+00:00,2,1,1,0,0,0,0,0,0,4
Curvature,2022-11-06 00:45:59+00:00,3,1,1,0,0,0,0,0,2,7
Curves,2022-12-19 02:33:59+00:00,1,1,1,0,0,0,0,0,0,3
Curviating,2022-11-06 00:38:29+00:00,2,1,1,0,0,0,0,0,0,4
CYCL,2022-08-20 14:00:00+00:00,3,1,1,0,0,0,0,0,0,5
Daily-[17.0],2022-10-24 05:56:59+00:00,3,1,1,0,0,0,0,0,2,7
Daily-[19.0],2022-10-30 10:06:14+00:00,3,1,1,0,0,0,0,0,2,7
Dali`s Creatures,2022-01-16 00:40:50+00:00,2,1,1,0,45,6,0,0,0,55
Dance of the subconscious mind,2022-04-16 23:19:59+00:00,5,1,3,0,0,0,0,0,5,14
Dance with Trigonometry.,2022-02-08 04:05:44+00:00,3,1,1,0,0,0,0,0,1,6
dancing fxhash logo,2022-05-27 21:00:00+00:00,5,1,0,12,0,0,0,0,1,19
darbast,2022-11-07 22:48:59+00:00,4,1,1,0,0,0,0,0,0,6
Dark Forces,2022-05-18 20:42:59+00:00,2,1,1,0,0,0,0,0,0,4
dARK SANTA,2022-12-24 19:33:44+00:00,1,1,1,0,11,0,0,0,2,16
dash Heart,2022-01-13 12:27:50+00:00,2,1,0,0,0,0,0,0,0,3
DAWGZ,2022-08-03 13:09:44+00:00,1,1,1,0,54,0,0,0,1,58
dead shamans,2022-01-06 21:45:30+00:00,2,1,1,0,52,0,0,0,0,56
Death Star,2022-10-06 01:08:29+00:00,4,1,1,0,0,0,0,0,0,6
DEBUGGERS,2022-01-15 21:10:10+00:00,2,1,1,0,9,0,0,0,0,13
Deep look,2022-02-19 21:23:20+00:00,1,1,1,0,23,0,0,0,0,26
Deformitas,2022-01-13 04:45:20+00:00,4,1,1,0,0,1,0,0,0,7
Degeneration,2022-05-23 05:43:59+00:00,3,1,1,0,0,0,0,0,0,5
Delaunay's Relief-disques 1936-2022,2022-09-22 17:00:00+00:00,13,1,0,0,0,0,0,0,0,14
demilerd dummies,2022-05-22 05:03:29+00:00,1,1,1,0,27,0,0,0,2,32
Demonic,2022-07-01 17:40:14+00:00,3,1,1,0,0,0,0,0,1,6
Depths of Being,2022-06-04 08:06:44+00:00,2,1,0,0,0,0,0,0,0,3
Desert forest,2022-01-18 20:09:50+00:00,4,1,1,0,0,0,0,0,1,7
Desert houses,2022-07-22 15:30:00+00:00,1,1,1,0,29,0,0,0,1,33
Desert Sun Rising,2022-05-09 13:00:00+00:00,3,1,1,0,0,0,0,0,1,6
Destiny Flower,2022-05-22 04:00:00+00:00,1,1,1,0,0,0,0,0,0,3
Destroy,2022-01-07 18:07:00+00:00,1,1,0,0,0,0,0,0,0,2
de|growth:generations,2022-01-31 11:37:58+00:00,1,1,1,0,18,0,0,0,1,22
Diagonals,2022-01-05 12:39:50+00:00,4,1,1,0,0,0,0,0,0,6
digicode,2022-04-21 06:10:44+00:00,4,1,1,0,0,0,0,0,1,7
Digital abstractionism,2022-04-27 04:00:00+00:00,2,1,1,0,0,0,0,0,1,5
digital cloud,2022-03-12 03:15:54+00:00,3,1,1,0,0,0,0,0,2,7
digital donuts,2022-01-05 04:34:50+00:00,2,1,1,0,0,0,0,0,0,4
Digital Surface 2,2022-07-15 17:00:00+00:00,3,1,1,0,0,0,0,0,2,7
Digital Surface 4,2022-07-15 21:10:00+00:00,3,1,1,0,0,0,0,0,2,7
Dimensional Energies,2022-06-24 17:30:00+00:00,3,1,0,0,0,0,0,0,2,6
Disco Ball,2022-01-12 12:01:10+00:00,1,1,1,0,0,0,0,0,2,5
Disintegrated Astral Artefact,2022-02-13 08:12:04+00:00,3,1,1,0,0,0,0,0,4,9
Displacement Emotions,2022-05-21 07:09:59+00:00,2,1,1,0,0,0,0,0,0,4
Distfields,2022-02-16 01:53:54+00:00,2,1,1,0,0,0,0,0,5,9
Distribution for Ukraine,2022-03-04 21:40:04+00:00,2,1,1,0,0,0,0,0,0,4
Dither Creatures,2022-01-20 21:33:30+00:00,2,1,1,0,0,0,0,0,0,4
Dithered Gradients,2022-05-11 02:50:29+00:00,3,1,1,0,0,0,0,0,0,5
Dithered Nostalgia,2022-12-08 16:00:00+00:00,1,1,1,0,0,0,0,0,0,3
Diversity Flow - fxhash,2022-01-05 14:15:10+00:00,3,1,1,0,30,0,0,0,2,37
Diyalebuka,2022-10-21 15:00:00+00:00,2,1,1,0,0,0,0,0,0,4
Doggenstein,2022-01-15 21:33:50+00:00,4,1,1,0,33,0,0,0,0,39
DolanEdmondGoobFanClub,2022-04-19 05:00:14+00:00,3,1,1,0,0,0,0,0,2,7
Don't Look Up,2022-01-15 02:14:20+00:00,2,1,0,0,0,0,0,0,1,4
Doodle,2022-07-12 17:00:00+00:00,3,1,1,0,0,0,0,0,1,6
DOOR MANIA,2022-08-13 10:00:00+00:00,3,1,1,0,0,0,0,0,2,7
Dope 90s,2022-03-04 21:30:04+00:00,2,1,1,0,1,0,0,0,1,6
DOS DECAL,2022-10-28 20:05:29+00:00,1,1,1,2,0,0,0,0,4,9
dots storm,2022-07-14 14:27:44+00:00,5,1,1,0,0,0,0,0,0,7
dots,2022-01-21 16:40:50+00:00,1,1,1,0,0,0,0,0,0,3
Down the Rabbit Hole,2022-11-10 18:00:00+00:00,5,1,1,0,0,0,0,0,1,8
dragon king’s throne,2022-06-06 03:00:00+00:00,1,1,0,0,1,1,0,0,0,4
Dragonfly Abstraction,2022-01-31 18:04:08+00:00,1,1,1,0,38,1,0,0,1,43
Dragon,2022-01-20 21:56:40+00:00,3,1,1,0,0,0,0,0,1,6
Dream Room,2022-09-14 02:07:44+00:00,1,1,1,0,34,0,0,0,1,38
DreamCatchers,2022-05-02 01:10:29+00:00,7,1,1,0,0,1,0,0,1,11
Dreams of remote agglomerations,2022-09-23 00:38:44+00:00,2,1,1,0,0,0,0,0,1,5
drift,2022-01-14 23:31:30+00:00,1,1,1,0,0,0,0,0,0,3
Dungeon Keys,2022-05-28 17:11:14+00:00,1,1,1,0,42,0,0,0,1,46
Dying of the Lights,2022-12-19 14:44:00+00:00,2,1,1,0,0,0,0,0,18,22
Easter Egg,2022-04-17 12:00:00+00:00,26,1,0,0,0,0,0,0,1,28
eASY PUNK,2022-09-14 19:36:29+00:00,1,1,1,0,75,0,0,0,2,80
EGO,2022-01-18 16:10:00+00:00,2,1,1,0,0,0,0,0,0,4
El Churrito,2022-08-16 17:30:00+00:00,3,1,1,0,128,0,0,0,0,133
Elate,2022-09-02 12:02:00+00:00,3,1,1,0,0,0,0,0,1,6
Elders of Genesis,2022-07-31 17:21:59+00:00,1,1,1,0,105,0,0,0,2,110
Electric Fangs,2022-05-03 01:12:14+00:00,1,1,1,0,113,0,0,0,1,117
Electron Trail,2022-09-07 13:30:59+00:00,4,1,1,0,0,0,0,0,0,6
electronics head,2022-08-19 14:00:00+00:00,1,1,1,0,41,0,0,0,2,46
emergence II,2022-05-23 00:35:44+00:00,1,1,0,0,0,0,0,0,0,2
Emergence IV,2022-12-31 23:00:44+00:00,1,1,0,0,0,0,0,0,0,2
emit,2022-03-10 23:06:14+00:00,1,1,1,0,0,0,0,0,3,6
Emojies particle system,2022-02-02 13:50:56+00:00,3,1,0,0,0,0,0,0,1,5
Emotions,2022-12-08 20:40:00+00:00,1,1,1,0,0,0,0,0,55,58
Encoded-Paraty-1,2022-08-06 10:25:14+00:00,4,1,1,0,54,16,0,0,0,76
Encoder,2022-10-19 16:00:00+00:00,1,1,1,0,0,0,0,0,2,5
Enfantines II. Enfantillages Pittoresques,2022-12-22 17:00:00+00:00,6,1,1,15,3,0,0,0,36,62
Ensō,2022-01-07 15:08:30+00:00,1,1,0,0,0,0,0,0,2,4
entanglement,2022-04-16 19:18:44+00:00,1,1,1,0,0,0,0,0,3,6
Entropy,2022-01-12 06:26:10+00:00,1,1,1,1,0,0,0,0,2,6
Enzo F1 cars,2022-04-16 15:59:59+00:00,9,1,1,0,0,0,0,0,3,14
Eroded Spiralling,2022-01-06 14:48:30+00:00,3,1,1,0,0,0,0,0,0,5
Errare I.I.XXI,2022-11-11 16:00:00+00:00,3,1,1,0,0,0,0,0,3,8
Ethereal Realm And What Lies Within,2022-02-09 15:46:14+00:00,3,1,1,0,0,0,0,0,4,9
evangel,2022-01-10 15:45:10+00:00,4,1,1,0,0,0,0,0,0,6
EVENT HORIZON,2022-01-25 23:20:00+00:00,2,1,0,0,0,1,0,0,0,4
Everlasting computational lab,2022-03-17 12:46:44+00:00,1,1,1,0,30,0,0,0,1,34
Everlasting shell chair vault,2022-04-20 22:10:00+00:00,1,1,1,0,43,0,0,0,1,47
Every Second,2022-06-04 04:39:59+00:00,1,1,1,0,88,0,0,0,2,93
Evolving Pixel Pandas,2022-01-27 03:03:28+00:00,1,1,1,0,38,0,0,0,0,41
Ex Mobius (Camouflage),2022-05-21 19:00:00+00:00,1,1,1,0,81,0,0,0,2,86
Exoplanet TZ,2022-01-18 17:15:20+00:00,3,1,1,0,0,0,0,0,0,5
EXPLOR ala Boxes,2022-09-10 03:00:00+00:00,4,1,1,0,0,0,0,0,1,7
Explosion of the universe,2022-08-13 15:01:29+00:00,4,1,1,0,0,0,0,0,0,6
Expression of circles,2022-08-21 02:33:14+00:00,19,1,1,0,0,0,0,0,2,23
Expressive,2022-09-28 15:00:00+00:00,3,1,1,0,37,0,0,0,4,46
Eye Exploder,2022-05-22 03:58:14+00:00,1,1,0,0,0,0,0,0,0,2
Eye of the Storm,2022-05-02 23:01:44+00:00,2,1,1,0,0,0,0,0,0,4
FacesOfCryptown vol.04,2022-01-11 19:48:40+00:00,1,1,1,0,80,20,0,0,0,103
Face,2022-01-06 23:40:20+00:00,1,1,1,0,29,0,0,0,2,34
Fairy flower pattern,2022-09-30 16:00:00+00:00,2,1,1,0,0,0,0,0,0,4
Fake code tree,2022-09-08 14:47:29+00:00,1,1,0,0,0,0,0,0,0,2
Falling Sparkles,2022-09-20 11:26:29+00:00,4,1,1,0,0,0,0,0,0,6
FALL,2022-08-29 14:30:00+00:00,0,1,0,0,0,0,0,0,0,1
Famous Dollors,2022-09-01 16:08:00+00:00,1,1,1,0,114,0,0,0,2,119
Fan - Punk Rock Band,2022-09-04 21:00:00+00:00,1,1,1,0,38,0,0,0,2,43
Far from the Madding Crowd,2022-02-08 20:36:34+00:00,2,1,0,0,0,0,0,0,0,3
fargile,2022-07-24 08:57:59+00:00,1,1,1,0,0,0,0,0,0,3
FARRAGO,2022-01-05 12:15:10+00:00,1,1,1,0,67,0,0,0,2,72
Faults,2022-09-14 03:10:00+00:00,2,1,1,0,0,0,0,0,0,4
Favela 3,2022-02-02 13:29:56+00:00,4,1,1,0,100,0,0,0,0,106
FD 1360.1,2022-11-27 01:07:29+00:00,1,1,0,0,2,0,0,0,6,10
fear of oblivion,2022-07-11 17:22:59+00:00,1,1,1,0,74,0,0,0,2,79
FEELS,2022-07-27 15:00:00+00:00,1,1,0,0,0,0,0,0,1,3
Felicien Rops,2022-03-19 15:50:14+00:00,3,1,1,0,0,16,0,0,1,22
FELT PATCH,2022-02-23 16:15:40+00:00,2,1,0,0,0,0,0,0,1,4
Fengfengyuyu,2022-01-18 22:13:30+00:00,4,1,1,0,0,0,0,0,3,9
Fibonacci study #8,2022-05-05 17:10:59+00:00,1,1,1,0,0,0,0,0,0,3
Fickle,2022-10-13 01:14:11+00:00,3,1,1,0,0,0,0,0,2,7
fierce,2022-08-03 17:00:44+00:00,2,1,1,0,0,0,0,0,0,4
Figment,2022-03-18 13:17:44+00:00,1,1,0,11,0,0,0,0,12,25
Figurative philosophy,2022-07-01 14:00:00+00:00,2,1,0,0,0,0,0,0,2,5
filaments,2022-01-05 12:04:10+00:00,5,1,0,0,0,0,0,0,0,6
Fillinum Waters,2022-06-09 17:30:00+00:00,3,1,1,0,0,0,0,0,1,6
Finestre,2022-08-29 16:00:00+00:00,2,1,1,0,0,0,0,0,0,4
Fingerprint,2022-07-22 21:00:00+00:00,2,1,1,0,0,0,0,0,0,4
Fireworks over a City Skyline,2022-09-15 19:30:00+00:00,8,1,1,1,0,0,0,0,4,15
Fish Abstraction,2022-01-13 10:56:00+00:00,1,1,1,0,22,0,0,0,1,26
Fix The Movement,2022-07-01 14:00:00+00:00,19,1,1,0,0,0,0,0,2,23
Flag Lines,2022-06-09 17:14:59+00:00,2,1,0,0,0,0,0,0,0,3
Flag of character,2022-01-11 14:42:20+00:00,1,1,1,0,0,0,0,0,0,3
Flashback time!,2022-05-29 20:03:59+00:00,1,1,1,0,29,0,0,0,19,51
Flat Monster Village,2022-08-16 09:11:29+00:00,2,1,0,0,0,0,0,0,0,3
Flict,2022-09-12 15:00:00+00:00,61,1,0,0,13,0,0,0,2,77
Floodle,2022-04-22 15:00:00+00:00,1,1,1,0,88,0,0,0,1,92
Floral Cacophony,2022-02-09 17:29:34+00:00,3,1,1,0,0,0,0,0,1,6
Flores del Mal,2022-01-06 16:24:50+00:00,4,1,1,1,0,0,0,0,2,9
Flores II,2022-01-09 08:59:00+00:00,2,1,0,0,0,0,0,0,0,3
Florescence,2022-12-21 17:00:00+00:00,9,1,1,0,23,0,0,0,3,37
Flower of Diversity,2022-08-10 10:00:00+00:00,2,1,1,0,0,0,0,0,2,6
Flowerfield.,2022-03-11 03:20:14+00:00,36,1,1,21,0,0,0,0,97,156
Flowers,2022-06-04 01:15:14+00:00,1,1,0,0,0,0,0,0,0,2
Flowers,2022-11-09 13:00:00+00:00,1,1,0,0,0,0,0,0,0,2
flower,2022-02-17 02:21:20+00:00,0,1,0,0,1,0,0,0,0,2
Flowing Colors,2022-04-26 09:42:59+00:00,6,2,1,0,20,0,0,0,3,32
flow,2022-05-23 22:02:59+00:00,3,1,1,0,0,0,0,0,1,6
Fluid Mosaics,2022-02-19 20:45:20+00:00,6,1,1,0,0,0,0,0,6,14
Fluidness,2022-08-20 00:20:44+00:00,1,1,1,0,95,0,0,0,2,100
Fluids,2022-02-13 10:38:04+00:00,3,4,1,0,0,0,0,0,1,9
FluxMongers,2022-07-03 12:17:00+00:00,4,1,1,0,0,0,0,0,1,7
Flying Souls,2022-06-25 10:00:00+00:00,3,1,1,0,0,0,0,0,1,6
Flying squares,2022-01-06 11:28:30+00:00,2,1,0,0,0,0,0,0,0,3
fm.,2022-01-22 10:19:40+00:00,4,1,1,0,0,0,0,0,3,9
Focus Sound Waves,2022-04-25 17:42:29+00:00,6,1,1,0,0,0,0,0,4,12
FOCUS,2022-07-27 12:45:29+00:00,3,1,1,0,0,0,0,0,1,6
For the Boirds,2022-06-18 02:25:14+00:00,10,1,1,0,0,0,0,0,6,18
Forest Sunrise,2022-08-29 15:00:00+00:00,4,1,0,0,0,0,0,0,1,6
forest,2022-06-03 10:00:00+00:00,1,1,1,0,2,0,0,0,3,8
Forever Dolphin Love,2022-07-04 19:00:00+00:00,5,1,1,0,0,0,0,0,2,9
Fractal Bubble,2022-06-25 22:17:44+00:00,1,1,1,0,40,0,0,0,2,45
Fractal in the words,2022-09-30 16:00:00+00:00,2,1,1,0,0,0,0,0,2,6
Fractal Painting,2022-07-10 13:00:00+00:00,2,1,1,0,0,0,0,0,1,5
Fractal World,2022-11-23 12:41:14+00:00,2,1,1,0,0,0,0,0,0,4
Fragment,2022-08-03 17:00:00+00:00,1,1,0,0,0,0,0,0,0,2
Frame of Feedback,2022-05-17 15:23:29+00:00,2,1,0,0,0,0,0,0,2,5
Framed landscape SciFy Art A.I,2022-01-25 04:13:10+00:00,1,1,0,18,0,30,0,0,0,50
Framez2,2022-02-04 06:25:46+00:00,1,1,1,0,26,0,0,0,6,35
Free fall,2022-11-30 22:09:29+00:00,1,1,1,0,24,0,0,0,2,29
Free Flight,2022-02-20 22:54:00+00:00,2,1,0,0,0,0,0,0,0,3
FREE MINT !,2022-07-19 00:04:44+00:00,1,1,1,0,32,0,0,0,2,37
fREEDOM PUNK,2022-10-12 05:27:59+00:00,1,1,1,0,609,0,0,0,2,614
Freehand,2022-06-10 14:00:00+00:00,1,1,1,0,0,0,0,0,0,3
Friendly Fireflies,2022-08-28 15:14:04+00:00,2,1,1,0,0,0,0,0,0,4
Frizz,2022-11-13 06:49:44+00:00,2,1,1,0,0,0,0,0,0,4
frogarmy,2022-08-20 23:51:14+00:00,1,1,1,0,80,0,0,0,2,85
Froth,2022-01-05 22:27:50+00:00,2,1,1,0,0,0,0,0,2,6
Fur Spot,2022-10-06 01:03:59+00:00,4,1,1,0,0,0,0,0,0,6
furballz,2022-07-05 01:06:14+00:00,1,1,1,0,76,0,0,0,2,81
Fury,2022-02-03 05:48:06+00:00,2,1,0,0,0,0,0,0,0,3
fUTURE FIGHTER,2022-09-10 10:56:44+00:00,1,1,1,0,54,0,0,0,2,59
fx(haish) / the Generator,2022-11-18 16:45:00+00:00,3,1,1,0,3,0,0,0,3,11
fx(hash) birds,2022-11-10 13:16:44+00:00,1,1,1,0,37,0,0,0,1,41
"fx(hungry,angry,pacman)",2022-01-11 17:12:40+00:00,5,1,0,0,0,0,0,0,2,8
fx(nerd),2022-07-02 14:00:00+00:00,1,1,1,0,59,0,0,0,2,64
fx(neuron),2022-04-19 02:43:59+00:00,3,1,1,0,0,0,0,0,2,7
fx(plane),2022-07-20 18:30:00+00:00,3,1,1,0,0,0,0,0,0,5
fx(Unit of truth) II,2022-10-09 12:36:29+00:00,2,1,0,0,0,0,0,0,1,4
fx-SkuElle,2022-05-27 18:33:59+00:00,2,1,1,0,125,0,0,0,0,129
fxBots,2022-06-05 04:31:14+00:00,1,1,1,0,79,0,0,0,1,83
FxBull,2022-04-16 16:23:59+00:00,1,1,1,0,46,0,0,0,1,50
FXHaiku,2022-03-06 19:55:04+00:00,1,1,1,0,25,0,0,0,0,28
fxLady,2022-12-30 14:42:00+00:00,1,1,1,0,103,0,0,0,12,118
FxRand,2022-10-21 12:02:00+00:00,3,1,1,0,0,0,0,0,1,6
fxZombies,2022-06-09 15:00:00+00:00,1,1,1,0,98,0,0,0,2,103
Fx: Scribbles,2022-06-18 14:25:29+00:00,10,1,1,0,0,0,0,0,0,12
fx_dungeon_2,2022-06-04 20:30:00+00:00,15,1,1,6,15,0,0,0,16,54
fx_umanos,2022-07-01 14:00:00+00:00,1,1,1,0,109,0,0,0,2,114
G#lX#A,2022-09-01 21:00:44+00:00,3,1,1,0,0,0,0,0,2,7
Galaxistem,2022-07-18 02:20:44+00:00,1,1,1,0,0,0,0,0,0,3
Galaxy,2022-11-10 18:05:00+00:00,3,1,1,0,0,0,0,0,2,7
GAMA GENE,2022-06-30 16:49:59+00:00,1,1,1,0,56,0,0,0,1,60
Gangsta Cat,2022-01-25 11:56:10+00:00,1,1,1,0,19,0,0,0,1,23
Ganymede at Sunset II,2022-01-06 15:22:50+00:00,2,1,1,0,0,0,0,0,2,6
Garden of Remains,2022-08-07 13:00:00+00:00,1,1,1,0,43,0,0,0,1,47
Gare Saint-Lazare (Monet series),2022-02-01 17:08:48+00:00,3,1,1,0,0,12,0,0,1,18
Garota de Ipanema,2022-11-12 13:15:59+00:00,1,1,1,0,84,0,0,0,2,89
Garota,2022-02-01 12:26:08+00:00,3,1,1,0,0,0,0,0,1,6
gate city,2022-11-10 19:05:29+00:00,4,1,1,0,0,0,0,0,0,6
gate portal,2022-10-10 14:50:59+00:00,4,1,1,0,0,0,0,0,0,6
gate portal,2022-10-11 14:15:29+00:00,4,1,1,0,0,0,0,0,0,6
Gate to the Abyss,2022-09-10 19:00:00+00:00,2,1,0,0,35,0,0,0,0,38
Gear for your quests - Armor,2022-02-21 17:23:30+00:00,0,1,0,0,0,0,0,0,1,2
Gedankengeflecht,2022-01-22 11:17:40+00:00,2,1,0,0,0,0,0,0,0,3
Gedankenverschluss,2022-01-18 19:17:10+00:00,2,1,0,0,0,0,0,0,0,3
gemNerator.js,2022-12-12 14:23:29+00:00,3,1,1,0,0,0,0,0,1,6
Gem,2022-02-07 01:45:44+00:00,1,1,1,0,0,0,0,0,1,4
Generative Consoles,2022-01-25 23:10:30+00:00,1,1,0,1,1,0,0,0,3,7
Generative Gestural Abstraction 1,2022-01-19 00:31:00+00:00,4,1,1,0,0,0,0,0,0,6
Generative Moon,2022-02-10 19:28:54+00:00,3,1,1,0,0,0,0,0,2,7
generator6,2022-05-29 10:01:59+00:00,7,1,1,0,0,0,0,0,7,16
Geo-Linear,2022-09-04 17:30:00+00:00,4,1,1,0,0,0,0,0,0,6
GEO-PEPE X,2022-10-23 09:30:44+00:00,1,1,1,0,70,0,0,0,1,74
Geobot,2022-03-11 02:31:04+00:00,2,1,1,0,0,0,0,0,0,4
GEOMETA,2022-06-05 09:00:00+00:00,1,1,1,0,159,0,0,0,2,164
Geometrail,2022-11-23 15:40:29+00:00,2,1,1,0,0,0,0,0,0,4
Geometric Transcendence,2022-10-14 16:00:00+00:00,2,1,1,0,0,0,0,0,0,4
Geometric,2022-07-15 21:10:00+00:00,2,1,1,0,0,0,0,0,0,4
Geometry dance,2022-05-30 15:00:00+00:00,3,1,1,0,0,0,0,0,0,5
Geometry lessons,2022-05-18 16:15:59+00:00,3,1,1,0,0,0,0,0,2,7
Geometry schematics,2022-06-10 10:00:00+00:00,1,1,1,0,108,0,0,0,1,112
Geometry tumbler,2022-06-19 22:51:14+00:00,1,1,1,2,0,0,0,0,44,49
geopop-explor,2022-01-31 14:36:58+00:00,2,1,1,0,0,0,0,0,0,4
Geo,2022-11-19 20:00:00+00:00,1,1,1,0,270,0,0,0,1,274
Gesamt,2022-07-19 19:58:59+00:00,1,1,0,0,0,0,0,0,0,2
Ghost in polaroid II,2022-05-11 07:22:59+00:00,2,1,0,0,58,0,0,0,0,61
Ghostly Solarized,2022-11-23 16:41:59+00:00,1,1,1,0,0,0,0,0,0,3
Giza on steroids,2022-01-13 08:33:50+00:00,2,1,1,0,10,0,0,0,0,14
Glisten Whip,2022-08-20 02:33:44+00:00,4,1,1,0,0,0,0,0,5,11
Glitch Acuarela,2022-12-13 19:01:59+00:00,3,1,1,0,0,0,0,0,0,5
Glitch City,2022-02-09 22:17:04+00:00,2,1,1,0,0,5,0,0,1,10
Glitchling,2022-02-20 15:20:00+00:00,2,1,0,0,0,0,0,0,0,3
Glomularus,2022-05-31 20:00:00+00:00,1,1,0,0,0,37,0,0,0,39
Glyphs,2022-04-17 14:00:00+00:00,3,1,1,0,0,0,0,0,2,7
GLYPH,2022-03-19 12:58:14+00:00,1,1,0,0,0,0,0,0,0,2
GM.GEN.MATH,2022-09-30 16:00:00+00:00,3,1,1,0,0,0,0,0,2,7
gnarly tree,2022-11-21 16:15:00+00:00,1,1,0,1,0,0,0,0,3,6
go boxy,2022-12-15 09:52:14+00:00,2,1,0,0,0,0,0,0,1,4
GOD SAVE THE QUEEN,2022-10-10 09:25:44+00:00,1,1,1,0,32,0,0,0,1,36
Going Down The Drain,2022-02-19 17:27:20+00:00,2,1,0,0,0,0,0,0,0,3
Gone With The Wind,2022-10-19 19:50:00+00:00,2,1,1,0,0,0,0,0,0,4
good luck vibes,2022-11-01 16:19:14+00:00,12,1,1,0,0,0,0,0,5,19
GPT-3.5 Bouncer,2022-12-06 09:35:44+00:00,2,1,1,0,0,0,0,0,0,4
Gradient City,2022-07-20 00:29:14+00:00,6,1,1,0,0,1,0,0,2,11
Gradientropy,2022-11-17 15:05:00+00:00,4,1,0,0,0,0,0,0,1,6
Gradients,2022-01-14 04:20:40+00:00,3,1,1,0,0,0,0,0,0,5
GRADIUM,2022-06-18 17:01:44+00:00,3,1,1,0,0,0,0,0,0,5
Grande Dame,2022-07-26 18:10:00+00:00,3,1,1,0,0,0,0,0,0,5
grey fungi wisdom,2022-04-25 15:01:14+00:00,4,1,1,0,0,0,0,0,1,7
"Grid, Rules and Cells",2022-05-31 16:51:59+00:00,2,1,1,0,0,0,0,0,0,4
Gridhaus,2022-01-31 16:19:58+00:00,1,1,1,0,1,0,0,0,0,4
Gridient,2022-10-03 14:00:00+00:00,1,1,1,0,0,0,0,0,0,3
GROUNDS ⛰️,2022-01-22 17:56:00+00:00,6,1,0,0,0,0,0,0,1,8
Grove,2022-01-25 01:56:40+00:00,2,1,1,0,0,0,0,0,0,4
Growing trees,2022-01-12 10:51:40+00:00,0,1,0,0,0,0,0,0,0,1
Grunglets,2022-07-31 20:47:29+00:00,1,1,1,0,71,0,0,0,2,76
Guiding Light / Lost in Stillness,2022-04-16 12:25:59+00:00,1,1,0,2,1,0,0,0,5,10
Guise,2022-05-04 16:16:59+00:00,3,1,1,0,0,0,0,0,4,9
gummie hommies,2022-08-09 02:13:14+00:00,1,1,1,0,77,0,0,0,2,82
Gyre,2022-12-10 03:00:00+00:00,6,1,1,0,0,0,0,0,7,15
HABITAT 365,2022-11-18 22:00:00+00:00,2,1,1,0,46,0,0,0,0,50
HALO | BDC,2022-02-14 12:11:24+00:00,1,1,1,0,0,0,0,0,1,4
Halo,2022-06-27 18:41:00+00:00,3,1,1,0,0,0,0,0,2,7
hAMBURGER,2022-09-14 17:42:29+00:00,1,1,1,0,42,0,0,0,2,47
HANASAKA [天.],2022-02-06 21:34:54+00:00,1,1,1,0,48,0,0,0,0,51
Handachak,2022-10-23 18:30:00+00:00,2,1,1,0,0,0,0,0,2,6
Handfan,2022-04-16 13:50:44+00:00,1,1,1,0,0,0,0,0,0,3
Handkerchief in the Galaxy,2022-06-19 19:00:00+00:00,2,1,1,0,0,0,0,0,0,4
Happiness Is Priceless,2022-02-10 16:45:24+00:00,0,1,0,0,0,4,0,0,0,5
Happy Beans,2022-06-09 17:43:14+00:00,1,1,1,0,968,0,0,0,1,972
"Happy Birthday, fx(hash)",2022-11-14 11:00:00+00:00,2,1,1,0,0,0,0,0,1,5
Happy,2022-04-19 02:25:29+00:00,2,1,1,0,0,0,0,0,2,6
Hard Rock Girl 3,2022-12-18 19:10:00+00:00,1,1,1,0,30,0,0,0,1,34
Harlequin block building,2022-01-31 15:06:38+00:00,1,1,1,0,12,6,0,0,1,22
Harmonogram,2022-08-03 18:00:00+00:00,3,1,1,1,0,0,0,0,0,6
Hash Monkeys - Genesis,2022-02-07 22:13:44+00:00,3,1,1,0,0,0,0,0,0,5
Hashbats,2022-09-30 16:00:00+00:00,3,1,1,0,0,0,0,0,1,6
Hashed,2022-04-26 16:27:44+00:00,1,1,1,0,37,0,0,0,2,42
Hashgirls,2022-10-30 16:30:00+00:00,1,1,1,0,30,0,0,0,1,34
hashlines,2022-01-28 20:33:38+00:00,1,1,1,0,0,0,0,0,1,4
HashPunks,2022-07-27 06:12:29+00:00,1,1,0,1,15,0,0,0,14,32
Hashtablakoo,2022-11-29 20:38:59+00:00,4,1,1,0,0,0,0,0,0,6
Hash,2022-01-10 07:01:30+00:00,1,1,1,0,0,0,0,0,1,4
hastily-drawn cityscape sketch,2022-11-16 04:11:44+00:00,4,1,1,0,0,0,0,0,1,7
Hat Guys,2022-11-05 06:00:00+00:00,1,1,1,0,51,0,0,0,2,56
HatchedGlitch,2022-06-25 05:55:44+00:00,3,1,1,0,0,0,0,0,2,7
Hate the bitrate,2022-08-09 20:17:14+00:00,3,1,1,0,0,0,0,0,1,6
Haunted Hash,2022-01-19 23:20:20+00:00,1,1,1,0,67,0,0,0,1,71
Hay Dream,2022-05-18 14:33:59+00:00,2,1,1,0,0,0,0,0,1,5
Helianthus,2022-02-27 11:59:44+00:00,3,1,0,0,0,0,0,0,2,6
Helios Graphene,2022-08-19 16:45:00+00:00,2,1,1,0,0,0,0,0,0,4
Hello World,2022-10-16 20:54:44+00:00,3,1,1,0,0,0,0,0,2,7
Here I can swim,2022-04-27 11:01:59+00:00,2,1,1,0,0,0,0,0,0,4
Hex-a-Sketch,2022-12-07 19:00:00+00:00,2,1,1,0,0,0,0,0,1,5
Hexagones - Art for Bots for Humans,2022-03-17 13:29:34+00:00,3,1,0,0,1,0,0,0,1,6
Hexes And Gradients,2022-04-19 10:18:00+00:00,2,1,1,0,0,0,0,0,0,4
HiCloud,2022-07-30 19:00:00+00:00,5,1,1,0,0,0,0,0,2,9
Hidden Monster,2022-01-27 01:33:58+00:00,4,1,1,0,0,0,0,0,0,6
Hills,2022-07-17 14:00:00+00:00,3,1,1,0,0,0,0,0,0,5
Hindu Dancer,2022-10-20 18:00:00+00:00,1,1,1,0,58,0,0,0,1,62
Hip2BaSqare,2022-01-12 05:51:00+00:00,7,1,1,0,0,0,0,0,1,10
Hizki arrunta,2022-01-18 22:04:30+00:00,2,1,1,1,1,0,0,0,3,9
Hokusai,2022-04-16 17:00:00+00:00,3,1,1,0,0,16,0,0,1,22
Hold the line,2022-10-22 15:30:00+00:00,1,1,1,0,0,0,0,0,1,4
Hollowz,2022-03-17 17:50:34+00:00,1,1,1,0,172,0,0,0,1,176
Holons,2022-10-12 15:00:00+00:00,1,1,1,0,0,0,0,0,0,3
Holy Moly,2022-12-07 16:05:00+00:00,3,1,0,0,0,0,0,0,1,5
hOLY RM,2022-09-09 07:21:59+00:00,1,1,1,0,50,0,0,0,2,55
Hope - Collector’s Edition,2022-11-05 18:00:00+00:00,2,1,0,0,0,0,0,0,0,3
Horizon,2022-08-13 20:37:44+00:00,1,1,1,0,54,0,0,0,2,59
How to Draw Bubbles (◕‿◕)♡,2022-12-28 19:00:00+00:00,5,1,1,0,0,0,0,0,4,11
HSB FractalRecursionOverFractalRecursion,2022-08-13 01:00:00+00:00,2,1,1,0,0,0,0,0,0,4
Humanity,2022-05-12 00:00:00+00:00,1,1,1,0,47,0,0,0,1,51
Humanoids,2022-11-11 10:27:44+00:00,1,1,1,0,82,0,0,0,2,87
hunger for perspective,2022-11-27 15:00:00+00:00,2,1,0,0,0,0,0,0,1,4
Hypergrid,2022-01-25 23:01:00+00:00,1,1,1,0,0,0,0,0,1,4
Hyperphae,2022-05-15 20:00:00+00:00,3,1,1,0,0,0,0,0,1,6
Hyperspace interface,2022-01-06 13:45:30+00:00,3,1,1,0,0,0,0,0,4,9
Hypno Particles,2022-01-08 15:58:40+00:00,5,1,1,0,0,0,0,0,3,10
I dont know!,2022-01-07 21:15:30+00:00,1,1,1,0,0,0,0,0,9,12
Icky,2022-06-30 15:04:44+00:00,1,1,1,0,39,0,0,0,2,44
Idea of Peace Constructed,2022-08-23 00:07:59+00:00,4,1,1,0,0,0,0,0,0,6
Ideocartography: Planar Slicing Experiment,2022-05-09 13:33:14+00:00,11,2,0,0,0,0,0,0,2,15
if trees were liquid,2022-01-05 19:58:00+00:00,2,1,1,0,0,0,0,0,0,4
Illusions,2022-03-18 12:26:54+00:00,1,1,1,0,17,0,0,0,1,21
illusion,2022-05-09 16:41:14+00:00,2,1,1,0,0,0,0,0,0,4
Imaginary Dawn Rev2,2022-03-19 10:57:44+00:00,2,1,1,0,0,0,0,0,0,4
IMAGINARY NEW YORK IN UKIYO-E,2022-10-16 16:04:14+00:00,2,1,1,0,0,0,0,0,4,8
Imaginary Places,2022-05-24 01:12:29+00:00,1,1,1,0,40,0,0,0,12,55
IMPERFCTIONS,2022-01-28 17:18:58+00:00,2,1,0,0,0,0,0,0,0,3
in between,2022-11-18 15:00:00+00:00,4,1,1,0,3,33,0,0,4,46
In Praise of Pixels,2022-11-15 10:26:14+00:00,4,1,1,0,0,0,0,0,0,6
In the woods : Chaos,2022-02-03 11:12:56+00:00,1,1,1,0,1,0,0,0,2,6
InBloom,2022-09-30 16:00:00+00:00,5,1,1,0,0,0,0,0,3,10
Indian Girl,2022-09-27 19:51:44+00:00,1,1,1,0,40,0,0,0,1,44
Infinitude,2022-12-21 15:00:00+00:00,3,1,1,0,0,0,0,0,2,7
Inner Complementary,2022-05-09 06:34:44+00:00,1,1,1,0,38,0,0,0,1,42
Inner Selves,2022-07-01 13:33:44+00:00,3,1,1,0,0,0,0,0,0,5
Inquisitive Sublimation,2022-01-25 08:20:30+00:00,0,1,0,0,0,0,0,0,0,1
Inside The Dreamy Clouds,2022-02-17 03:54:10+00:00,3,1,1,0,0,0,0,0,4,9
Inside the Shape grayscale,2022-06-22 09:02:29+00:00,3,1,1,0,0,0,0,0,0,5
Insider Dreams,2022-10-03 01:20:14+00:00,1,1,1,0,0,0,0,0,1,4
INSTRUCTURES,2022-02-20 15:01:00+00:00,2,1,1,0,0,0,0,0,0,4
Intangible,2022-07-13 18:00:00+00:00,3,1,1,0,0,0,0,0,2,7
Interconnectedness,2022-07-09 03:16:14+00:00,3,1,1,1,0,0,0,0,3,9
Interdimensional Shapes,2022-04-16 15:21:59+00:00,4,1,1,0,0,0,0,0,0,6
Interference architecture,2022-11-14 06:33:59+00:00,2,1,1,0,0,0,0,0,0,4
Interlacement,2022-02-28 05:40:14+00:00,4,1,1,0,0,0,0,0,0,6
Interregnum,2022-01-19 16:21:40+00:00,1,1,1,0,19,0,0,0,2,24
Intersecity,2022-07-27 12:30:00+00:00,2,1,1,0,0,0,0,0,2,6
Intimate,2022-12-12 05:22:44+00:00,5,1,1,0,0,0,0,0,1,8
Intrinsic,2022-09-20 19:00:00+00:00,4,1,0,0,0,0,0,0,1,6
Iron Forest,2022-08-27 00:00:00+00:00,1,1,1,0,45,0,0,0,1,49
Is this a Superpower?,2022-05-31 13:53:59+00:00,2,1,1,0,0,0,0,0,0,4
IS THIS ART?,2022-06-12 18:32:00+00:00,1,1,1,0,18,0,0,0,1,22
islands,2022-05-27 17:00:00+00:00,1,1,0,0,0,0,0,0,0,2
Isomeric doppelgangers,2022-05-28 18:30:00+00:00,2,1,0,0,0,0,0,0,0,3
isoMESS,2022-09-11 04:00:00+00:00,6,1,1,0,0,0,0,0,1,9
Isom,2022-01-31 17:05:58+00:00,15,2,1,0,0,0,0,0,2,20
Janky Cats FX,2022-04-28 02:00:00+00:00,1,1,1,0,139,0,0,0,2,144
Japanese Wave Pattern 2.0,2022-04-26 21:51:29+00:00,3,1,1,0,0,0,0,0,0,5
Jazzman Collection: John Coltrane,2022-03-04 23:30:44+00:00,1,1,1,0,55,0,0,0,1,59
Jolly Roger Flag,2022-01-31 21:03:08+00:00,2,1,1,0,173,0,0,0,11,188
Junkspace,2022-08-03 17:00:00+00:00,2,1,1,0,0,0,0,0,1,5
JUST DONUT,2022-12-12 21:54:14+00:00,1,1,1,0,52,0,0,0,1,56
Just whale,2022-04-27 16:34:14+00:00,3,1,1,0,0,0,0,0,2,7
Kaleidoscope,2022-07-20 20:42:44+00:00,4,1,1,0,0,0,0,0,0,6
Karani,2022-11-30 11:30:00+00:00,3,1,1,0,0,0,0,0,0,5
khatar,2022-11-29 19:44:14+00:00,4,1,1,0,0,0,0,0,0,6
Kid work,2022-07-26 10:35:44+00:00,3,1,1,0,0,0,0,0,0,5
Kids on the Chair,2022-08-29 13:30:00+00:00,1,1,1,0,42,0,0,0,2,47
Kimigayo (君が代),2022-06-26 10:00:00+00:00,3,1,1,0,0,0,0,0,1,6
KINGMOUSE CARD COLLECT EVENT,2022-06-09 17:20:29+00:00,2,1,1,0,6,0,0,0,0,10
Kirto ja,2022-12-09 00:18:14+00:00,4,1,1,0,0,0,0,0,0,6
Kitten Fantasy,2022-07-26 14:00:00+00:00,1,1,1,0,50,0,0,0,1,54
kruispunt,2022-06-23 16:30:00+00:00,3,1,0,1,0,0,0,0,0,5
Kush Buddies,2022-11-15 21:20:00+00:00,1,1,1,0,133,0,0,0,1,137
kwartaal cirkel,2022-01-16 05:13:00+00:00,2,1,1,0,0,0,0,0,0,4
LA BOUGIE 🕯,2022-12-30 08:30:00+00:00,2,1,1,0,0,0,0,0,0,4
La Veranada,2022-08-08 13:00:00+00:00,2,1,0,0,29,0,0,0,0,32
Ladybird Walking,2022-03-17 16:20:04+00:00,13,1,1,0,0,0,0,0,0,15
lakeside village,2022-08-09 10:01:00+00:00,3,1,1,0,0,0,0,0,1,6
Landstreicherin,2022-10-30 13:00:00+00:00,11,1,1,0,1,0,0,0,4,18
Langley,2022-05-09 13:00:00+00:00,4,1,1,0,0,0,0,0,1,7
Laser Paintings,2022-05-05 12:00:00+00:00,0,1,0,0,0,0,0,0,1,2
last dance,2022-07-19 04:05:00+00:00,3,1,1,0,0,0,0,0,0,5
Lattezos!,2022-06-05 21:00:44+00:00,1,1,1,0,28,0,0,0,1,32
layouts v2,2022-01-31 13:10:38+00:00,0,1,0,0,0,0,0,0,0,1
lensing2,2022-01-28 18:01:38+00:00,4,1,0,0,0,0,0,0,2,7
LERPPU,2022-02-02 13:46:26+00:00,1,1,1,0,0,0,0,0,2,5
les vampires,2022-01-21 11:33:50+00:00,3,1,1,0,19,0,0,0,0,24
Less is More,2022-12-16 19:30:00+00:00,4,1,1,0,1,0,0,0,1,8
Let it burn,2022-04-19 02:30:00+00:00,1,1,1,0,30,0,0,0,1,34
Let it snow,2022-01-05 12:02:10+00:00,0,1,0,0,0,0,0,0,0,1
Let's Get Down To Bees-ness,2022-06-07 02:50:44+00:00,1,1,1,0,76,0,0,0,5,84
letters,2022-09-06 17:00:00+00:00,1,1,1,0,51,0,0,0,2,56
Level Up,2022-09-18 18:30:00+00:00,1,1,1,0,155,0,0,0,2,160
Lever de soleil linéaire,2022-05-29 16:11:44+00:00,4,1,1,0,0,0,0,0,1,7
LFP_GEN2,2022-02-14 08:11:04+00:00,3,1,1,0,86,0,0,0,7,98
Life Coubs,2022-02-20 15:20:00+00:00,1,1,1,0,35,0,0,0,0,38
Life Tree,2022-05-28 20:42:44+00:00,4,1,1,0,0,0,0,0,1,7
Life with lines,2022-08-29 16:00:00+00:00,1,1,1,0,31,0,0,0,1,35
light demon,2022-12-12 16:21:29+00:00,7,1,1,0,0,0,0,0,0,9
Light of consensus,2022-03-06 12:30:54+00:00,1,1,1,0,0,0,0,0,0,3
Light Underwater,2022-09-21 15:10:00+00:00,3,1,1,0,0,0,0,0,2,7
"Light, shape and color",2022-06-24 02:13:59+00:00,2,1,1,0,0,0,0,0,0,4
Lighthex,2022-07-09 14:00:00+00:00,10,1,1,1,0,0,0,0,0,13
Lightning,2022-07-07 18:00:00+00:00,1,1,1,0,0,0,0,0,1,4
Lime Brass Hyacinth,2022-05-31 09:01:59+00:00,6,1,1,2,0,0,0,0,0,10
Line art #zentangle2,2022-12-26 16:53:00+00:00,1,1,1,0,105,0,0,0,1,109
Line Depth,2022-05-16 19:19:59+00:00,2,1,0,0,0,0,0,0,0,3
Line.toPolygon(),2022-06-10 17:00:00+00:00,3,1,1,0,0,0,0,0,1,6
LINEA (NON) RECTA,2022-09-13 18:00:00+00:00,0,1,0,0,0,0,0,0,0,1
Lines and Curves,2022-08-22 04:00:00+00:00,2,1,1,0,0,0,0,0,0,4
Lines,2022-08-16 15:30:00+00:00,1,1,1,0,37,0,0,0,1,41
link,2022-07-06 00:18:29+00:00,2,1,0,0,0,0,0,0,0,3
Liquid hash,2022-01-05 12:09:40+00:00,3,1,1,0,0,0,0,0,0,5
Liquid Pixels,2022-07-05 05:28:14+00:00,1,1,1,0,113,0,0,0,1,117
Liquid sands,2022-08-06 18:21:00+00:00,2,1,1,0,0,1,0,0,2,7
Liquidity,2022-01-06 19:29:00+00:00,2,1,1,0,0,0,0,0,1,5
LISBON #1,2022-05-17 00:06:44+00:00,3,1,1,0,0,0,0,0,3,8
LNS,2022-11-10 19:55:29+00:00,1,1,0,0,0,0,0,0,0,2
Loading...,2022-12-31 19:00:00+00:00,2,1,0,0,0,0,0,0,0,3
Lonely Village,2022-06-18 20:00:00+00:00,1,1,1,0,0,0,0,0,0,3
Long exposure,2022-02-27 01:01:34+00:00,0,1,0,0,0,0,0,0,0,1
looking at the sky,2022-09-24 01:05:29+00:00,4,1,1,0,0,0,0,0,0,6
Loop and Random,2022-04-18 10:30:00+00:00,14,1,1,0,1,0,0,0,7,24
lost in nightmares,2022-09-06 17:30:00+00:00,1,1,1,0,52,0,0,0,2,57
Lost in Time,2022-08-31 20:58:59+00:00,1,1,1,0,142,0,0,0,2,147
love&Peace_hate&hurt_2022,2022-01-05 15:53:50+00:00,1,1,1,0,40,0,0,0,0,43
Lovely shoes,2022-03-04 18:36:54+00:00,2,1,0,0,197,0,0,0,3,203
LowRes MaximalPleasure,2022-05-31 12:06:44+00:00,2,1,1,0,0,0,0,0,0,4
Lozenge,2022-07-14 10:30:00+00:00,4,1,1,0,0,0,0,0,0,6
LP-1,2022-01-28 19:40:18+00:00,3,1,1,0,0,0,0,0,2,7
Lucas's City,2022-01-07 19:58:00+00:00,3,1,1,0,65,0,0,0,0,70
Lucky Land,2022-02-07 23:17:04+00:00,3,1,1,0,0,1,0,0,1,7
Luminescent,2022-06-23 09:58:44+00:00,2,1,1,0,0,0,0,0,0,4
Lush Fields,2022-03-17 10:54:24+00:00,1,1,0,0,0,0,0,0,0,2
L̳I̳N̳E̳S̳ ̳A̳N̳D̳ ̳C̳E̳L̳L̳S̳,2022-10-26 11:00:00+00:00,5,1,1,0,0,0,0,0,3,10
"Ma cité, la nuit.",2022-05-08 12:02:14+00:00,1,1,1,0,0,0,0,0,1,4
Machine Spirit,2022-03-04 20:55:24+00:00,0,1,0,0,0,0,0,0,0,1
maelstrom,2022-02-07 03:00:24+00:00,6,1,0,0,0,0,0,0,4,11
MaGas,2022-11-19 22:36:14+00:00,4,1,1,0,0,0,0,0,0,6
Magneto,2022-03-18 12:32:44+00:00,2,1,1,0,0,0,0,0,0,4
Malevolent 8 Ball,2022-06-30 21:31:59+00:00,3,1,1,0,57,0,0,0,6,68
Mangekyō,2022-10-21 16:00:00+00:00,1,1,1,0,52,0,0,0,1,56
Manymalz,2022-06-11 14:00:00+00:00,1,1,1,0,85,0,0,0,2,90
Maru,2022-10-01 16:00:00+00:00,3,1,1,0,0,0,0,0,0,5
Marx Hilton's The Simple Life,2022-05-30 15:17:59+00:00,17,1,2,0,69,0,0,0,13,102
math,2022-10-09 15:57:59+00:00,1,1,1,1,0,1,0,0,2,7
Matriisi,2022-08-26 17:00:00+00:00,9,1,1,0,0,0,0,0,4,15
matrix,2022-01-10 17:53:00+00:00,2,1,0,0,0,0,0,0,0,3
MBTI CARD,2022-05-30 15:00:00+00:00,3,1,1,0,0,0,0,0,3,8
Medieval Summer 1,2022-01-26 21:48:58+00:00,2,1,1,0,21,0,0,0,1,26
Megalopolis,2022-05-29 14:00:00+00:00,2,1,1,0,0,0,0,0,1,5
Meltdown,2022-05-03 21:10:29+00:00,1,1,0,0,0,0,0,0,0,2
melted cïrcles //,2022-07-11 22:58:29+00:00,2,1,1,0,0,0,0,0,2,6
Memory leaks,2022-01-28 05:03:08+00:00,2,1,0,0,2,4,0,0,0,9
Memphis,2022-01-18 15:42:00+00:00,2,1,0,0,0,0,0,0,0,3
Mental Lines,2022-09-26 17:40:00+00:00,4,1,1,0,0,0,0,0,1,7
MEOWPIX,2022-06-17 19:08:14+00:00,1,1,1,0,108,0,0,0,2,113
Meta Flower 3,2022-01-13 07:29:50+00:00,1,1,0,0,0,0,0,0,0,2
Meta Flower 4,2022-01-16 00:05:30+00:00,1,1,0,0,0,0,0,0,0,2
metaBohème,2022-05-16 08:00:00+00:00,1,1,1,0,202,0,0,0,2,207
metal soup,2022-11-27 02:54:44+00:00,0,1,0,0,0,0,0,0,2,3
Metamorphose Two,2022-02-07 20:04:34+00:00,2,1,1,0,0,64,0,0,2,70
Meteor shower,2022-01-20 14:41:30+00:00,3,1,1,0,0,0,0,0,2,7
Meteor,2022-08-02 23:00:00+00:00,3,1,1,0,0,0,0,0,0,5
microcosmos,2022-02-02 14:56:06+00:00,3,1,1,0,0,0,0,0,0,5
Middle Path,2022-06-13 05:25:59+00:00,1,1,1,0,81,0,0,0,2,86
Midfile Crisis,2022-10-07 16:30:00+00:00,2,1,0,0,0,0,0,1,1,5
Midwest Magic,2022-06-19 16:31:29+00:00,0,1,0,0,0,0,0,0,0,1
Milenials Apes Cards Collection,2022-02-10 00:54:34+00:00,3,1,1,0,69,0,0,0,0,74
Mind Boxes,2022-07-02 18:14:29+00:00,2,1,1,0,0,0,0,0,1,5
Mindscapes n1,2022-01-26 21:19:38+00:00,2,1,1,0,25,0,0,0,1,30
Minepixal,2022-07-24 15:38:14+00:00,3,1,1,0,0,0,0,0,0,5
Mines,2022-10-17 16:00:00+00:00,3,1,1,0,0,0,0,0,6,11
mini world of cubes,2022-10-06 16:15:00+00:00,1,1,1,0,38,0,0,0,1,42
MiniBots,2022-01-12 09:30:40+00:00,1,1,5,0,0,0,0,0,0,7
Minimal Blocks,2022-03-13 21:27:54+00:00,1,1,0,0,0,0,0,0,0,2
Minimal Painting #2,2022-08-10 16:30:00+00:00,1,1,1,0,176,0,0,0,1,180
Minimal Scapes,2022-10-20 18:00:00+00:00,4,1,1,0,0,0,0,0,0,6
Minima,2022-09-03 20:00:00+00:00,4,1,1,0,0,0,0,0,7,13
Miniplanet,2022-05-18 18:00:00+00:00,1,1,1,0,122,0,0,0,1,126
Mixed Shapes,2022-11-23 16:52:29+00:00,6,1,1,0,0,0,0,0,2,10
Mo'ai Hills,2022-08-29 05:03:14+00:00,2,1,1,0,1,0,0,0,2,7
mobilé,2022-02-21 19:28:30+00:00,2,1,1,0,2,0,0,0,0,6
modern Papyrus,2022-07-28 04:00:00+00:00,3,1,1,0,0,0,0,0,0,5
Modular Permutation,2022-03-04 14:30:34+00:00,3,1,1,0,0,0,0,0,1,6
Modulation,2022-11-16 18:00:00+00:00,0,1,0,0,0,0,0,0,0,1
MOIRINGS 2.0,2022-06-06 18:00:00+00:00,2,1,1,0,0,0,0,0,1,5
MOMENTS,2022-07-30 23:40:44+00:00,1,1,1,0,67,0,0,0,1,71
MONOLITH,2022-08-08 20:00:00+00:00,1,1,0,0,0,0,0,0,3,5
Monotony,2022-11-07 00:11:59+00:00,4,1,1,0,0,0,0,0,0,6
monyets,2022-07-21 01:26:29+00:00,1,1,1,0,45,0,0,0,1,49
Moo-Verse,2022-04-27 10:59:59+00:00,1,1,1,0,193,0,0,0,2,198
MOON CITY LEVELS,2022-01-07 15:16:40+00:00,4,1,1,0,25,0,0,0,0,31
Moonlit Trees of Iterative Fractal Chaos,2022-02-09 01:18:54+00:00,1,1,1,0,0,0,0,0,0,3
Moon,2022-05-30 15:30:00+00:00,1,1,1,0,4,0,0,0,1,8
Morixels Colab #3 Ancient smileys,2022-08-09 16:30:00+00:00,1,1,1,0,81,0,0,0,1,85
Morning Mist,2022-05-27 18:00:00+00:00,3,1,1,0,0,0,0,0,3,8
Morpheus,2022-05-20 19:00:00+00:00,2,1,1,0,0,0,0,0,0,4
mosaic shatter,2022-10-29 19:00:00+00:00,3,1,1,0,0,0,0,0,3,8
Mosaic,2022-01-27 22:07:48+00:00,2,1,1,0,0,0,0,0,1,5
Motifs,2022-07-26 06:23:14+00:00,3,1,1,0,0,0,0,0,2,7
Motions,2022-06-18 01:00:00+00:00,1,1,1,0,26,0,0,0,2,31
Motivational Posters,2022-04-17 09:00:00+00:00,5,1,1,0,0,0,0,0,4,11
Mount Doodle,2022-06-01 18:00:00+00:00,2,1,1,0,0,0,0,0,1,5
Mountain between Ocean board,2022-09-21 07:35:14+00:00,1,1,1,0,15,0,0,0,1,19
Movement with Wind,2022-09-07 16:52:44+00:00,3,1,1,0,0,0,0,0,0,5
Mr.Deer,2022-09-20 07:34:14+00:00,1,1,1,0,147,0,0,0,1,151
MR.Z,2022-09-08 17:30:00+00:00,1,1,1,0,89,0,0,0,1,93
Mt Linear,2022-04-29 10:59:14+00:00,1,1,0,0,0,0,0,0,0,2
Muare SQ-A0,2022-02-21 01:27:50+00:00,3,1,0,0,0,0,0,0,1,5
MURRRY COVMAS,2022-01-07 15:18:40+00:00,0,1,0,0,1,0,0,0,1,3
Mustachioed,2022-08-04 22:10:00+00:00,1,1,1,0,478,0,0,0,1,482
My friend Koshkin today! It’s you! :),2022-02-01 14:21:58+00:00,1,1,1,0,23,0,0,0,4,30
My neo city,2022-07-25 11:00:00+00:00,3,1,1,0,0,0,0,0,0,5
Myblocks,2022-06-11 10:19:14+00:00,1,1,1,0,25,0,0,0,1,29
Mysterious portal,2022-01-27 23:29:58+00:00,4,1,1,0,0,0,0,0,0,6
NAILS,2022-04-18 07:05:14+00:00,2,1,0,0,0,0,0,0,0,3
Natural Flow,2022-01-18 16:19:10+00:00,2,1,1,0,0,0,0,0,0,4
Nature Force,2022-09-16 16:00:00+00:00,4,1,1,0,0,0,0,0,3,9
Nature's Eyes,2022-10-22 10:26:44+00:00,1,1,1,0,21,0,0,0,2,26
navigation charts II,2022-02-02 08:38:56+00:00,1,1,1,0,0,0,0,0,1,4
navigation charts,2022-01-27 19:47:28+00:00,1,1,1,0,0,0,0,0,1,4
NBR,2022-02-08 21:45:44+00:00,5,1,1,0,1,0,0,0,0,8
"Nebula, Solitude",2022-11-25 16:00:00+00:00,1,1,1,0,0,0,0,0,0,3
NEO APES,2022-01-08 14:28:00+00:00,1,1,1,0,53,0,0,0,0,56
neon flare,2022-08-07 05:30:44+00:00,2,1,1,0,0,0,0,0,0,4
Neon Parrot,2022-01-27 00:14:38+00:00,1,1,1,0,12,0,0,0,1,16
Neon Prophecies,2022-04-16 20:27:59+00:00,1,1,1,0,35,0,0,0,1,39
Neon rings,2022-02-04 10:38:16+00:00,4,1,1,0,0,0,0,0,0,6
NET.ART,2022-06-12 08:17:44+00:00,2,1,1,0,0,0,0,0,2,6
Neural Collapse,2022-07-03 19:00:00+00:00,1,1,1,0,0,0,0,0,0,3
New Babylon Landscapes,2022-04-20 15:00:00+00:00,1,1,1,0,99,0,0,0,1,103
New Consumption Order,2022-01-05 14:01:30+00:00,2,1,1,0,2,0,0,0,3,9
New Year's Chandelier,2022-12-30 19:00:00+00:00,2,1,1,0,0,0,0,0,0,4
night fall moon,2022-01-05 21:52:00+00:00,1,1,1,0,0,0,0,0,3,6
Night Sky,2022-12-10 02:18:44+00:00,4,1,1,0,0,0,0,0,0,6
nighttime in the garden,2022-01-12 05:40:00+00:00,2,1,1,0,0,1,0,0,0,5
Nocturne II,2022-02-14 09:35:14+00:00,2,1,1,0,52,0,0,0,1,57
Noise fabrix,2022-12-03 16:30:00+00:00,1,1,1,0,208,0,0,0,1,212
Noise Inside Water,2022-08-31 23:48:29+00:00,4,1,1,0,0,0,0,0,0,6
Noisy 2.0,2022-04-19 06:30:00+00:00,14,1,1,0,1,0,0,0,7,24
Noisy Forest,2022-04-16 17:35:29+00:00,5,1,3,1,0,0,0,0,7,17
Noisy,2022-07-05 10:05:29+00:00,4,1,1,0,0,0,0,0,0,6
Noren,2022-06-15 23:30:00+00:00,3,1,1,0,0,0,0,0,0,5
North Whispers,2022-06-22 10:20:29+00:00,1,1,1,0,104,0,0,0,2,109
Northern Lights,2022-01-15 06:52:20+00:00,3,1,1,0,1,0,0,0,1,7
Not A World,2022-03-04 16:12:44+00:00,1,1,1,0,0,0,0,0,1,4
not-so-hidden messages,2022-01-06 17:27:50+00:00,2,1,1,0,9,0,0,0,2,15
NotADryGarden,2022-01-25 11:59:40+00:00,1,1,1,0,0,0,0,0,2,5
Nothing,2022-06-26 02:09:44+00:00,1,1,1,0,306,0,0,0,1,310
NPC FX,2022-11-16 01:27:14+00:00,1,1,1,0,24,0,0,0,1,28
Obfuscation,2022-04-25 03:15:00+00:00,3,1,1,0,0,0,0,0,0,5
Observing the city through,2022-05-30 15:37:59+00:00,1,1,1,0,69,0,0,0,1,73
Ocean Of Possibilities,2022-05-04 18:00:00+00:00,2,1,0,0,0,0,0,0,0,3
octos,2022-03-15 00:48:44+00:00,1,1,1,0,17,0,0,0,0,20
Oddeye,2022-08-20 19:06:00+00:00,1,1,1,0,25,0,0,0,1,29
Odyssey,2022-08-17 16:00:00+00:00,2,1,1,0,0,0,0,0,1,5
Oil and pearls,2022-05-21 08:12:59+00:00,2,1,1,0,0,0,0,0,0,4
Oil pastel,2022-08-01 18:15:00+00:00,2,1,1,0,0,0,0,0,0,4
Oil Slick,2022-09-14 12:00:00+00:00,2,1,1,0,0,0,0,0,0,4
oil stains,2022-06-18 01:49:29+00:00,5,1,1,0,0,0,0,0,0,7
Old Town,2022-01-05 12:08:40+00:00,1,1,0,0,1,0,0,0,1,4
Old/Broken/language,2022-12-10 00:42:29+00:00,1,1,1,0,82,0,0,0,2,87
Ombre et Lumière,2022-06-18 02:26:44+00:00,2,1,1,0,0,0,0,0,1,5
Omega Point,2022-04-27 11:00:00+00:00,2,1,1,0,0,0,0,0,1,5
On the paper,2022-12-14 11:07:00+00:00,3,1,1,0,0,0,0,0,2,7
One Eleven (Defaced),2022-05-24 20:11:00+00:00,1,1,1,0,0,0,0,0,3,6
one hour,2022-06-09 17:00:00+00:00,0,1,0,0,0,0,0,0,0,1
One Tezo Drawings_257+,2022-06-06 22:51:44+00:00,2,1,1,0,29,0,0,0,2,35
Open Collab for Ukraine 2,2022-04-18 13:36:14+00:00,2,1,1,0,83,0,0,0,1,88
Operators,2022-07-07 22:22:14+00:00,2,1,1,0,0,0,0,0,0,4
Opposition,2022-01-08 21:08:30+00:00,3,1,1,0,0,0,0,0,1,6
Orbit,2022-01-19 20:33:00+00:00,3,1,1,0,0,0,0,0,0,5
Organic Illusion,2022-06-17 17:00:00+00:00,2,1,1,0,0,0,0,0,1,5
"Organicon, variation I",2022-02-28 23:31:44+00:00,2,1,0,0,0,0,0,0,0,3
orGANics,2022-03-13 17:01:34+00:00,3,1,1,0,0,4,0,0,13,22
ORIGAMI GHOSTS,2022-06-16 19:05:59+00:00,2,1,1,0,0,0,0,0,0,4
Original Codes,2022-07-02 11:03:14+00:00,1,1,1,0,106,0,0,0,2,111
Ornamental typo,2022-07-24 14:00:00+00:00,1,1,1,0,0,0,0,0,1,4
Ornithic,2022-04-26 18:59:59+00:00,3,1,1,0,0,0,0,0,2,7
Oscillator,2022-04-28 15:54:29+00:00,2,1,0,0,0,0,0,0,0,3
Out Of Control,2022-06-25 01:30:00+00:00,5,1,1,0,0,0,0,0,4,11
overflow,2022-07-13 13:58:29+00:00,1,1,0,0,0,0,0,0,5,7
Overgrowth,2022-09-04 19:00:00+00:00,2,1,1,0,0,0,0,0,1,5
Own-Slash,2022-06-22 13:46:14+00:00,3,1,1,0,0,0,0,0,2,7
Oxygen,2022-08-12 18:30:00+00:00,14,1,1,0,0,0,0,0,4,20
P5-Waves,2022-06-10 11:45:29+00:00,2,1,1,0,0,0,0,0,1,5
Pachinko,2022-04-21 20:31:29+00:00,1,1,1,0,0,0,0,0,0,3
Painting by Random Prime Numbers,2022-07-12 17:52:14+00:00,2,1,1,0,0,0,0,0,0,4
Painting Circles,2022-01-11 13:18:10+00:00,2,1,0,0,0,0,0,0,0,3
palimpsest,2022-05-05 18:05:59+00:00,1,1,1,0,33,0,0,0,2,38
PAMILO GENERATOR®,2022-07-07 08:04:14+00:00,59,1,1,21,0,0,0,0,126,208
Pandora,2022-04-21 13:00:00+00:00,2,1,1,1,0,0,0,0,1,6
Panta Rei,2022-09-23 14:00:00+00:00,2,1,1,0,0,0,0,0,1,5
paopao first for all,2022-01-07 15:00:50+00:00,1,1,1,0,0,0,0,0,1,4
Paper Artifact,2022-07-27 19:30:00+00:00,9,1,1,0,0,0,0,0,1,12
Paper Noise,2022-11-04 06:38:44+00:00,8,1,1,0,0,0,0,0,2,12
Paper screen door | 明かり障子 (akarishouji),2022-08-04 14:00:00+00:00,3,1,1,0,1,0,0,0,3,9
Paper Stack,2022-04-16 12:36:59+00:00,7,1,1,0,0,0,0,0,0,9
Papercut imitation,2022-01-19 14:28:50+00:00,2,1,1,0,0,0,0,0,0,4
Parol,2022-10-20 16:00:00+00:00,2,1,1,0,0,0,0,0,2,6
paroxysm,2022-11-29 23:19:29+00:00,5,1,1,0,0,0,0,0,0,7
Parrot,2022-02-07 06:16:54+00:00,1,1,1,0,48,0,0,0,4,55
particle,2022-01-10 12:30:00+00:00,1,1,1,0,0,0,0,0,0,3
Party escape,2022-01-05 13:05:30+00:00,4,1,1,0,44,0,0,0,0,50
Pastel Ice Cream,2022-03-06 16:07:44+00:00,3,1,1,0,0,0,0,0,3,8
Pastel Island,2022-06-19 05:00:00+00:00,1,1,1,0,39,0,0,0,1,43
Pathways,2022-02-09 22:08:04+00:00,2,1,0,0,0,0,0,0,0,3
Pazor,2022-05-14 23:43:29+00:00,3,1,1,0,0,0,0,0,0,5
Peacock,2022-07-04 16:22:14+00:00,2,1,1,0,0,0,0,0,2,6
Peaks,2022-05-30 15:45:29+00:00,3,1,1,0,0,0,0,0,0,5
peaks,2022-06-07 18:00:00+00:00,1,1,0,0,0,0,0,0,1,3
Pearls,2022-12-20 15:00:00+00:00,1,1,1,0,0,0,0,0,1,4
Peculiar humans,2022-11-14 17:00:00+00:00,1,1,1,0,62,0,0,0,2,67
Penrose Sketching,2022-06-10 15:34:29+00:00,1,1,1,0,0,0,0,0,0,3
Perception: Happiness,2022-04-16 18:44:29+00:00,1,1,1,0,168,0,0,0,2,173
Perlin Sun,2022-05-15 04:45:14+00:00,4,1,1,1,0,0,0,0,1,8
Perlin Worms Raving to Music,2022-02-09 21:27:54+00:00,5,1,1,0,0,0,0,0,3,10
Perpetuum,2022-01-13 09:46:30+00:00,3,1,1,0,0,0,0,0,2,7
perplex abstract,2022-02-22 15:27:10+00:00,2,1,1,0,0,0,0,0,1,5
Perspective Construct I,2022-01-26 04:06:00+00:00,2,1,1,0,0,0,0,0,0,4
Perspettivos,2022-06-16 21:24:14+00:00,2,1,0,0,0,0,0,0,0,3
PETRI DISH,2022-07-04 06:32:29+00:00,2,1,0,0,0,0,0,0,0,3
phobia,2022-08-16 10:00:00+00:00,3,1,1,0,0,0,0,0,2,7
PhyllotacticGalaxies,2022-12-07 05:00:00+00:00,2,1,1,0,0,0,0,0,1,5
Pi Allium,2022-08-01 01:00:59+00:00,3,1,1,0,0,0,0,0,2,7
picocomputer,2022-08-01 17:06:14+00:00,1,1,16,0,0,0,0,2,27,47
Pigeon Sat on a Brain Reflecting Existence,2022-01-22 12:37:40+00:00,2,1,1,1,16,0,0,0,0,21
PIGGY MOO,2022-07-29 03:00:00+00:00,1,1,1,0,53,0,0,0,2,58
PILLARS 02,2022-06-03 04:00:00+00:00,1,1,1,0,124,0,0,0,2,129
pinch,2022-06-16 02:23:14+00:00,2,1,0,0,0,0,0,0,0,3
Pink Geisha,2022-09-09 18:00:00+00:00,1,1,1,0,47,0,0,0,1,51
Pink Moon,2022-05-05 22:06:44+00:00,1,1,1,0,77,0,0,0,5,85
Piove 💧,2022-02-13 11:29:04+00:00,2,1,1,0,0,0,0,0,2,6
Pixel Bananas,2022-01-05 12:18:10+00:00,1,1,1,0,20,0,0,0,0,23
Pixel Shrinez,2022-01-25 11:42:10+00:00,4,1,1,0,18,0,0,0,6,30
Pixel Still Life,2022-06-17 20:16:29+00:00,1,1,1,0,24,0,0,0,1,28
Pixel Tunnel IV,2022-03-11 01:21:04+00:00,6,1,1,0,0,0,0,0,0,8
Pixelated Color Study,2022-08-03 17:58:59+00:00,2,1,1,0,0,0,0,0,3,7
Pixelated Orb,2022-06-19 12:52:29+00:00,2,1,1,0,0,0,0,0,0,4
pixelfusion,2022-11-10 17:00:00+00:00,2,1,0,0,0,0,0,0,8,11
PIXO GRUNGE,2022-09-07 15:00:59+00:00,3,1,1,0,0,0,0,0,5,10
Place of power,2022-04-25 21:39:29+00:00,2,1,1,0,0,0,0,0,2,6
PLAID,2022-01-18 22:10:10+00:00,3,1,1,0,0,0,0,0,0,5
Planetaroom,2022-07-18 06:30:00+00:00,2,1,0,0,0,0,0,0,3,6
Planetz,2022-01-06 12:56:30+00:00,9,1,1,0,0,0,0,0,6,17
Plant remains,2022-06-06 19:31:14+00:00,1,1,1,0,29,0,0,0,2,34
Play with lines #3,2022-11-28 17:18:00+00:00,1,1,1,0,70,0,0,0,1,74
Playful interactive variation_02,2022-09-27 13:53:14+00:00,1,1,1,0,0,1,0,0,0,4
playground,2022-06-24 11:57:29+00:00,2,1,1,0,0,1,0,0,1,6
PLOT OF THE SOUL,2022-08-07 09:00:00+00:00,1,1,1,0,1,0,0,0,0,4
poison cracks,2022-07-12 16:34:59+00:00,5,1,1,0,0,0,0,0,0,7
Polkadot Snow,2022-02-08 20:02:04+00:00,5,1,1,1,0,0,0,0,0,8
poly-consciousness,2022-02-04 08:40:06+00:00,1,1,0,0,0,0,0,0,0,2
PolyGem,2022-07-11 18:35:00+00:00,3,1,1,0,0,0,0,0,1,6
Polyquerta 🪢,2022-01-18 16:15:00+00:00,1,1,1,0,0,0,0,0,2,5
Poly,2022-08-03 20:46:44+00:00,2,1,1,0,0,0,0,0,1,5
Pongky,2022-07-19 14:00:00+00:00,1,1,1,0,45,0,0,0,2,50
por rang,2022-12-16 14:47:14+00:00,4,1,1,0,0,0,0,0,0,6
Portal,2022-05-22 05:00:00+00:00,3,1,1,0,0,0,0,0,1,6
Portal,2022-06-03 00:25:00+00:00,2,1,1,0,0,0,0,0,0,4
Possessed Samurai,2022-03-01 22:27:54+00:00,5,1,1,0,0,0,0,0,2,9
Possibilities,2022-01-25 23:50:30+00:00,2,1,1,0,0,0,0,0,0,4
Possible Land #imaginations,2022-04-17 17:32:29+00:00,8,1,1,0,0,1,0,0,2,13
Postcards from Lyon,2022-04-16 15:46:59+00:00,1,1,1,0,191,0,0,0,1,195
POSTERICA,2022-07-24 13:00:00+00:00,3,1,1,0,0,0,0,0,1,6
Posters from the Past,2022-02-16 05:34:44+00:00,1,1,1,0,18,0,0,0,0,21
pOUR ANOTHER DRINK,2022-09-03 17:00:44+00:00,1,1,1,0,44,0,0,0,2,49
POW!,2022-09-17 18:00:00+00:00,1,1,1,0,0,0,0,0,0,3
Power Line,2022-01-15 22:34:20+00:00,1,1,1,0,0,0,0,0,1,4
PPPaternS,2022-09-14 23:21:59+00:00,2,1,1,0,0,0,0,0,0,4
Presence_Disposition,2022-09-07 11:00:14+00:00,1,1,1,0,33,0,0,0,7,43
Pretty year,2022-03-13 01:14:04+00:00,2,1,1,0,0,0,0,0,0,4
Primordial,2022-10-18 15:00:00+00:00,2,1,1,0,0,0,0,0,3,7
proboscidea,2022-01-20 13:47:30+00:00,3,1,0,0,0,0,0,0,0,4
prospect,2022-12-08 01:55:59+00:00,2,1,1,0,0,0,0,0,0,4
Protomorphic,2022-01-26 06:44:20+00:00,4,1,1,1,0,1,0,0,1,9
"Psy 2022 (walkers, 13KB)",2022-02-23 13:03:30+00:00,1,1,0,0,0,0,0,0,1,3
Psychedelic Dance of Pixels,2022-08-12 15:05:14+00:00,2,1,1,0,0,0,0,0,0,4
Psychedelic Pixels,2022-12-15 13:26:44+00:00,2,1,1,0,0,0,0,0,0,4
Psycho TV,2022-09-14 06:00:00+00:00,2,1,1,0,0,0,0,0,0,4
Puffer,2022-01-18 16:04:30+00:00,1,1,1,0,1,0,0,0,0,4
Pump & Dump,2022-05-12 17:30:00+00:00,1,1,0,0,0,0,0,0,0,2
Punks On Acid,2022-10-29 16:00:00+00:00,12,1,1,0,0,77,0,0,1,92
Purple Vases,2022-03-05 14:25:34+00:00,1,1,1,0,96,0,0,0,3,102
Pursuit of Composition,2022-08-14 13:28:29+00:00,5,1,0,0,0,0,0,0,0,6
Putinout,2022-07-24 13:00:00+00:00,3,1,1,0,0,0,0,0,0,5
Puzzle,2022-07-21 14:20:00+00:00,2,1,1,0,0,0,0,0,0,4
QuadTubes - Abstract Variations,2022-04-22 19:15:00+00:00,14,1,0,0,0,0,0,0,0,15
Qualia,2022-08-22 17:00:00+00:00,1,1,0,0,0,0,0,0,0,2
quantum entanglement,2022-01-09 13:59:00+00:00,2,1,1,0,0,0,0,0,0,4
Quantum Universe :: Observations,2022-03-13 18:59:14+00:00,3,1,1,0,0,0,0,0,2,7
Qubiks Art,2022-04-16 17:06:14+00:00,1,1,1,0,6,0,0,0,1,10
"QUE DU BRUIT, VARIATION NOIRE",2022-05-25 06:36:14+00:00,1,1,1,0,21,0,0,0,2,26
quicksand,2022-10-17 20:43:29+00:00,2,1,1,0,0,0,0,0,1,5
quilt_trail,2022-01-05 12:17:10+00:00,5,1,0,0,0,0,0,0,3,9
R U G,2022-02-09 18:29:44+00:00,1,1,1,0,0,0,0,0,1,4
rAD MAX,2022-10-31 12:03:29+00:00,1,1,1,0,68,0,0,0,2,73
radium,2022-02-28 21:12:14+00:00,3,1,1,0,0,0,0,0,0,5
Rain puddles,2022-01-10 10:49:30+00:00,1,1,1,0,0,0,0,0,1,4
RAINBOW FLOWERS,2022-07-02 16:30:00+00:00,1,1,1,0,0,0,0,0,0,3
Rainbow_Glitch~@4,2022-01-09 18:36:00+00:00,4,1,1,0,0,0,0,0,2,8
Rainy Mars,2022-12-16 17:06:00+00:00,3,1,1,0,0,0,0,0,2,7
Rain,2022-11-17 20:00:00+00:00,3,1,1,0,0,0,0,0,2,7
Raise the cat,2022-01-22 07:51:40+00:00,2,1,1,0,0,0,0,0,0,4
random color blocks,2022-11-24 12:49:14+00:00,7,1,1,0,0,0,0,0,0,9
Random-Babylon#2,2022-04-19 05:01:44+00:00,1,1,1,0,28,0,0,0,1,32
Random-Babylon#7,2022-06-19 17:54:29+00:00,1,1,1,0,69,0,0,0,1,73
Randomic Brazilian Insects 1,2022-02-09 22:13:04+00:00,2,1,1,0,26,2,0,0,1,33
Random_Gradients,2022-01-18 22:34:30+00:00,2,1,0,0,0,0,0,0,0,3
Ray of Light,2022-06-13 09:30:29+00:00,2,1,1,0,0,0,0,0,0,4
Rays,2022-08-02 12:54:44+00:00,2,1,1,0,0,0,0,0,4,8
rdr.ohm,2022-05-21 10:32:29+00:00,3,1,1,0,0,0,0,0,1,6
Re-Folded,2022-06-16 13:00:00+00:00,1,1,1,0,0,0,0,0,1,4
Re4l T1me Clock.,2022-03-04 20:39:54+00:00,3,1,1,0,4,0,0,0,1,10
Reality show,2022-09-28 18:49:59+00:00,3,1,1,0,0,0,0,0,0,5
Rectiligne,2022-01-05 18:37:00+00:00,3,1,1,0,0,0,0,0,1,6
rectPusher,2022-01-07 14:18:40+00:00,3,1,1,0,0,0,0,0,0,5
Red or Black?,2022-01-18 18:09:30+00:00,3,1,1,0,0,0,0,0,0,5
redblack,2022-11-23 14:00:00+00:00,2,1,0,0,0,0,0,0,1,4
redes,2022-04-20 01:24:44+00:00,2,1,1,0,0,0,0,8,0,12
Refactor,2022-05-02 15:50:00+00:00,3,1,1,0,0,0,0,0,1,6
Reflection,2022-01-19 17:52:10+00:00,2,1,0,0,0,0,0,0,0,3
Regimes,2022-08-10 23:00:00+00:00,3,1,1,0,0,0,0,0,2,7
reKäp,2022-11-17 18:00:00+00:00,2,1,0,0,0,0,0,0,0,3
relaciones,2022-06-17 01:43:59+00:00,1,1,1,0,0,0,0,0,0,3
RELATION,2022-06-07 00:33:59+00:00,2,1,0,0,0,0,0,0,0,3
Reminisce / Authenticity,2022-08-16 06:18:59+00:00,1,1,1,0,60,0,0,0,2,65
Remnants,2022-06-09 19:00:00+00:00,2,1,0,0,0,0,0,0,0,3
Rendezvous with R,2022-06-04 23:36:14+00:00,2,1,0,0,0,0,0,0,0,3
Reno,2022-01-14 01:23:40+00:00,1,1,1,0,0,0,0,0,2,5
Residents,2022-05-27 17:21:59+00:00,3,1,1,0,0,0,0,0,0,5
Resilience,2022-04-23 13:00:00+00:00,2,1,1,0,0,0,0,0,0,4
Return to Apophenia,2022-11-14 16:00:00+00:00,7,1,1,0,0,0,0,0,0,9
Rework 01A,2022-06-11 12:14:00+00:00,0,1,0,0,0,0,0,0,0,1
RIBBON SPHERE,2022-04-16 23:54:44+00:00,2,1,0,0,0,0,0,0,0,3
Ribbons,2022-02-02 13:39:26+00:00,3,1,0,0,0,0,0,0,0,4
Rings of Order,2022-06-06 14:30:00+00:00,2,1,1,0,0,0,0,0,1,5
Ripped,2022-04-29 08:42:14+00:00,27,1,1,0,0,0,0,0,52,81
Ripple,2022-05-07 06:45:00+00:00,2,1,0,0,0,0,0,0,1,4
Rising perspective,2022-09-19 16:10:00+00:00,3,1,1,0,0,0,0,0,0,5
RisoColor,2022-05-21 05:15:59+00:00,3,1,1,0,0,0,0,0,0,5
risolutions,2022-05-28 16:00:00+00:00,4,1,1,0,0,0,0,0,1,7
RITUALS - MOON TRIBE,2022-02-08 17:57:34+00:00,9,1,1,0,4,3,0,0,16,34
RIVAL,2022-07-12 16:00:00+00:00,1,1,0,0,0,0,0,0,2,4
River Prairie,2022-06-10 18:00:00+00:00,8,1,1,0,0,0,0,0,1,11
Riverscape,2022-05-21 07:04:29+00:00,17,1,1,0,0,0,0,0,0,19
rOLLER KOASTER,2022-12-16 08:54:59+00:00,1,1,1,0,20,0,0,0,2,25
Rooms - S,2022-04-19 15:00:00+00:00,2,1,1,0,0,0,0,0,2,6
Roots - v2,2022-11-26 15:00:00+00:00,3,1,1,0,0,0,0,0,0,5
Roots,2022-07-30 22:00:00+00:00,3,1,1,0,0,0,0,0,0,5
Root,2022-02-07 21:47:34+00:00,2,1,1,0,0,0,0,0,0,4
Rose 1851 (bugged),2022-09-30 16:00:00+00:00,12,1,1,0,0,0,0,0,1,15
Rose 1851,2022-09-30 16:00:00+00:00,12,1,1,0,0,0,0,0,1,15
Rose are red you are my love,2022-07-27 13:00:00+00:00,3,1,1,0,0,0,0,0,0,5
Roses,2022-06-07 04:30:00+00:00,1,1,1,0,12,0,0,0,2,17
Roses,2022-10-25 23:12:14+00:00,3,1,0,0,0,0,0,0,0,4
ROSHA#02,2022-08-15 15:30:00+00:00,1,1,1,0,15,0,0,0,1,19
Ross Generator,2022-01-05 16:15:30+00:00,3,1,1,0,0,0,0,0,0,5
Rotate Landscape,2022-04-27 10:49:59+00:00,2,1,1,0,0,0,0,0,0,4
Rough Cuts,2022-07-09 15:00:00+00:00,2,1,1,0,0,0,0,0,1,5
Rude,2022-02-21 21:22:30+00:00,4,1,1,0,0,0,0,0,2,8
Rug Love,2022-04-19 12:53:14+00:00,2,1,1,0,1,1,0,0,1,7
RUINS,2022-01-11 09:05:20+00:00,1,1,1,0,64,0,0,0,0,67
RunCodex,2022-05-10 13:00:00+00:00,86,1,0,0,32,0,0,0,1,120
RushGushBlush,2022-11-19 00:00:00+00:00,4,1,1,0,0,0,0,0,0,6
ryan #2,2022-04-16 22:28:14+00:00,1,1,1,0,52,27,0,0,1,83
S Y N T H W A V E Nightlife Generator,2022-02-17 00:21:30+00:00,1,1,1,0,125,0,0,0,0,128
Sabler,2022-01-25 23:14:00+00:00,2,1,1,0,0,0,0,0,0,4
SALVAJE,2022-10-05 16:00:00+00:00,3,1,1,0,0,0,0,0,1,6
SAM SAM,2022-06-09 13:55:44+00:00,1,1,1,0,25,0,0,0,1,29
Sand Shapes,2022-07-28 16:00:00+00:00,1,1,1,0,0,0,0,0,0,3
SandBeats Diptych #1,2022-01-11 12:16:00+00:00,3,1,0,2,2,0,0,0,3,11
SandBit,2022-02-02 17:19:26+00:00,1,1,1,0,0,0,0,0,0,3
saprophyte,2022-09-16 19:00:00+00:00,1,1,1,0,9,0,0,0,1,13
Scenery,2022-08-10 00:38:44+00:00,1,1,1,0,23,0,0,0,1,27
scitli,2022-06-15 23:03:44+00:00,1,1,1,0,0,0,0,0,0,3
scribble,2022-03-17 19:54:14+00:00,1,1,1,0,0,1,0,0,2,6
Scribble,2022-04-20 03:24:14+00:00,1,1,1,0,0,0,0,0,0,3
Sea wind pattern,2022-09-14 02:07:44+00:00,3,1,1,1,1,0,0,0,0,7
Search for light,2022-08-29 14:00:00+00:00,1,1,1,0,77,0,0,0,2,82
Secret Stairways,2022-08-03 17:00:00+00:00,3,1,1,0,0,0,0,0,0,5
Secret,2022-04-29 04:57:44+00:00,3,1,1,0,0,0,0,0,2,7
Self-assembly,2022-11-04 03:10:44+00:00,6,1,1,0,1,0,0,0,1,10
Self-Recognition,2022-12-14 18:01:00+00:00,1,1,1,0,69,0,0,0,1,73
Sempiternal,2022-05-17 18:33:59+00:00,2,1,0,0,0,0,0,0,2,5
senderos,2022-07-08 03:25:59+00:00,1,1,1,0,0,0,0,0,0,3
seq02,2022-11-16 13:00:00+00:00,3,1,1,0,0,0,0,0,2,7
Sequence & Color,2022-11-06 01:26:44+00:00,4,1,1,0,0,0,0,0,0,6
Set Disorder,2022-06-05 01:04:14+00:00,2,1,1,0,0,0,0,0,0,4
Shaded disassembly,2022-03-14 19:50:44+00:00,0,1,0,0,0,0,0,0,0,1
Shaded,2022-06-18 22:01:59+00:00,1,1,1,0,30,0,0,0,2,35
Shadow Blocks - RGBSL,2022-02-23 14:21:30+00:00,8,2,1,0,0,0,0,0,5,16
shadow golden blocks,2022-10-05 19:27:29+00:00,4,1,1,0,0,0,0,0,1,7
Shape Blocks,2022-07-01 13:18:44+00:00,1,1,1,0,103,0,0,0,1,107
Shape of The Soul,2022-12-23 23:00:00+00:00,3,1,1,0,0,0,0,0,2,7
Shape pattern I,2022-08-25 15:18:14+00:00,4,1,1,0,0,0,0,0,0,6
Shapes in Center,2022-03-18 11:52:24+00:00,2,1,0,0,0,0,0,0,1,4
Shapes on Fabric.,2022-03-07 11:39:24+00:00,11,1,1,0,1,0,0,0,6,20
Shift,2022-01-21 13:02:10+00:00,1,1,0,0,0,0,0,0,0,2
Shining road,2022-02-15 07:22:34+00:00,2,1,1,0,0,0,0,0,1,5
Ship of the Triangulum,2022-07-04 13:15:00+00:00,9,1,1,0,60,0,0,0,2,73
Shoji ni,2022-05-22 09:30:00+00:00,1,1,1,0,0,0,0,0,2,5
shoot,2022-04-16 21:26:14+00:00,3,1,1,0,0,0,0,0,0,5
Shot Bananas - Warhol Tribute,2022-05-02 02:34:29+00:00,1,1,1,0,43,0,0,0,1,47
Shuffling tiles,2022-01-12 06:01:40+00:00,2,1,1,0,0,0,0,0,0,4
Signs of Nature,2022-04-26 13:29:59+00:00,1,1,1,0,28,0,0,0,2,33
silence inside,2022-12-10 02:25:44+00:00,4,1,1,0,0,0,0,0,0,6
Silicon Dragon Dream,2022-04-20 07:59:00+00:00,2,1,1,0,0,0,0,0,1,5
Simple yet satisfying,2022-05-16 17:27:14+00:00,2,1,1,0,0,0,0,0,2,6
Sinusoidal Weave,2022-08-06 05:38:59+00:00,1,1,0,0,0,0,0,0,0,2
Siren,2022-08-16 13:13:14+00:00,2,1,0,0,0,0,0,0,2,5
sistemas.15,2022-07-12 17:15:00+00:00,3,1,1,0,0,0,0,0,0,5
Sixty#,2022-10-31 18:00:00+00:00,5,1,1,0,0,0,0,0,2,9
sketch land,2022-07-19 22:27:44+00:00,0,1,0,0,0,0,0,0,0,1
Sketches of the Departure,2022-01-18 15:02:00+00:00,3,1,1,0,0,0,0,0,3,8
sketchy chibi alt,2022-05-27 20:04:14+00:00,1,1,1,0,61,0,0,0,1,65
Skumoji,2022-03-12 22:12:54+00:00,1,1,1,0,23,0,0,0,1,27
Skylines,2022-02-23 11:11:30+00:00,2,1,1,0,0,0,0,0,1,5
SKZ#,2022-04-27 09:40:00+00:00,1,1,1,0,60,0,0,0,2,65
sloppiness,2022-09-15 14:30:00+00:00,3,1,1,0,0,0,0,0,1,6
SMOLSKULL-PATTERN,2022-05-14 21:30:29+00:00,0,1,0,0,0,0,0,0,0,1
snowflake,2022-04-20 05:20:44+00:00,0,1,0,0,0,1,0,0,1,3
Soft Memories,2022-07-28 07:22:59+00:00,0,1,0,0,0,0,0,0,0,1
Soft wired,2022-05-08 17:00:00+00:00,2,1,1,0,0,0,0,0,1,5
Solar system model,2022-03-11 08:25:14+00:00,2,1,1,0,0,0,0,0,0,4
Some grassland areas 01,2022-01-09 15:27:00+00:00,4,1,1,0,0,0,0,0,1,7
SoulFish,2022-06-30 16:00:00+00:00,16,1,1,0,0,0,0,0,34,52
Space Actions,2022-02-09 22:48:14+00:00,1,1,1,0,21,0,0,0,2,26
Space Candy Dream Chess,2022-02-20 16:52:40+00:00,0,1,0,0,0,0,0,0,0,1
sPACE EXPLORER,2022-12-24 10:00:00+00:00,1,1,1,0,9,0,0,0,2,14
Space Gems,2022-05-27 14:00:59+00:00,2,1,0,0,0,0,0,0,0,3
Space Voyage to Planet Crypto,2022-01-05 13:11:40+00:00,3,1,1,0,0,0,0,0,2,7
Space(gen3);,2022-01-18 16:11:00+00:00,1,1,1,0,0,0,0,0,0,3
Spectral Mist,2022-10-04 21:48:44+00:00,1,1,1,0,51,0,0,0,2,56
specture square,2022-01-12 08:12:10+00:00,3,1,1,0,0,0,0,0,1,6
Spherical Harmonics Insectarium,2022-01-18 16:36:10+00:00,2,1,1,0,0,0,0,0,0,4
Spin Cycle,2022-01-20 16:25:30+00:00,3,1,0,1,0,0,0,0,1,6
Spiral landscape,2022-05-30 11:01:29+00:00,3,1,0,0,0,0,0,0,1,5
spiral pentagon,2022-01-15 05:46:40+00:00,1,1,0,0,0,0,0,0,1,3
Spiral Type,2022-07-21 17:30:00+00:00,2,1,1,0,0,0,0,0,0,4
Spiraling Thoughts,2022-05-24 22:03:59+00:00,1,1,0,0,0,0,0,0,0,2
Spiral,2022-01-18 20:44:20+00:00,2,1,0,0,0,0,0,0,2,5
"spirits, lifeforms...",2022-01-18 15:19:30+00:00,2,1,0,0,0,0,0,0,0,3
SPIRO,2022-08-12 21:53:14+00:00,4,1,1,0,0,0,0,0,2,8
SPLAT,2022-01-07 15:23:50+00:00,2,1,0,0,0,0,0,0,0,3
Spock's Scope,2022-07-30 19:05:00+00:00,3,1,1,0,0,0,0,0,2,7
Spooky Monsters,2022-10-29 01:00:00+00:00,1,1,0,0,4,0,0,0,0,6
Spring in the mountain,2022-05-04 02:46:59+00:00,2,1,0,0,0,0,0,0,1,4
Square Bubble,2022-07-14 16:50:59+00:00,4,1,1,0,0,0,0,0,0,6
Square Clouds,2022-06-22 11:52:14+00:00,1,1,1,0,0,0,0,0,0,3
Squaruary,2022-01-05 20:59:10+00:00,1,1,0,0,0,0,0,0,0,2
Squiggly lines,2022-03-07 13:52:14+00:00,3,1,1,0,0,0,0,1,1,7
sssCard,2022-02-20 15:08:00+00:00,8,1,1,0,17,0,0,0,1,28
Stand-out,2022-11-17 21:17:14+00:00,2,1,1,0,0,0,0,0,0,4
Standing in fog,2022-07-12 14:31:44+00:00,2,1,1,0,0,0,0,0,3,7
Star polygon II,2022-08-18 14:00:00+00:00,2,1,1,0,0,0,0,9,1,14
Star polygon,2022-08-01 14:00:00+00:00,2,1,1,0,0,0,0,0,0,4
Star Power UP,2022-06-17 21:55:14+00:00,3,1,1,0,0,0,0,0,2,7
stardust,2022-01-12 05:22:00+00:00,3,1,1,0,0,0,0,0,1,6
Stargate Ticket | Reboot,2022-03-18 12:12:24+00:00,8,1,1,0,0,0,0,0,3,13
Staring At The Deepest Essence,2022-05-28 13:17:14+00:00,3,1,1,0,0,0,0,0,4,9
Staring back,2022-09-14 14:00:00+00:00,1,1,1,0,155,0,0,0,1,159
Starlings,2022-11-10 18:10:00+00:00,4,1,0,0,0,0,0,0,1,6
Starry Ways,2022-05-04 20:00:00+00:00,2,1,1,0,0,0,0,0,0,4
Start,2022-07-28 11:30:00+00:00,2,1,1,0,0,0,0,0,0,4
Steps to the y-index,2022-05-03 18:05:00+00:00,3,1,1,0,0,0,0,0,4,9
Sticky,2022-01-05 12:17:40+00:00,10,2,1,0,0,0,0,0,0,13
Still Life #9,2022-05-17 19:46:44+00:00,3,1,1,0,0,0,0,0,0,5
Stone Composition,2022-02-10 15:44:54+00:00,2,1,1,0,0,0,0,0,0,4
Stones and Sticks,2022-08-12 14:00:44+00:00,3,1,0,0,0,0,0,0,1,5
Storm Chamber | Collab with Somfay,2022-05-18 11:00:00+00:00,2,1,1,0,0,0,0,0,0,4
Storm of Rebels,2022-10-15 23:53:59+00:00,4,1,1,0,0,0,0,0,0,6
Strange Attractor Swarm,2022-06-15 21:06:44+00:00,3,1,1,0,0,0,0,0,0,5
Strange little green man,2022-05-23 08:42:29+00:00,1,1,1,0,52,0,0,0,2,57
Strangers,2022-04-17 05:01:29+00:00,1,1,1,0,80,0,0,0,1,84
Street art from Miami,2022-08-28 04:36:59+00:00,3,1,1,0,0,0,0,0,2,7
street tales #2,2022-07-15 12:00:00+00:00,1,1,1,0,133,0,0,0,2,138
string,2022-02-26 12:33:14+00:00,1,1,1,0,0,0,0,0,0,3
stripePusher,2022-04-19 05:06:29+00:00,2,1,1,0,0,0,0,0,0,4
STRUCTS,2022-02-04 12:20:06+00:00,2,1,1,0,5,1,0,0,1,11
Stylin Skulls,2022-02-13 16:02:44+00:00,1,1,1,0,72,0,0,0,2,77
Subjective photography #1,2022-08-16 09:41:44+00:00,3,1,1,0,0,51,0,0,2,58
Sublayers Storm,2022-05-24 09:34:59+00:00,2,1,1,0,0,0,0,0,0,4
Subtle Imaginary Scape,2022-02-09 21:10:04+00:00,3,1,1,0,0,0,0,0,4,9
SUH-DOH-KUH - The Gold Collection,2022-04-22 21:13:44+00:00,5,1,0,0,0,0,0,0,3,9
Sun In Colors,2022-01-15 04:21:40+00:00,3,1,1,1,0,0,0,0,3,9
sun-lands,2022-02-22 20:49:30+00:00,2,1,1,0,0,0,0,0,0,4
Sunjars,2022-09-02 20:55:29+00:00,3,1,1,0,0,0,0,0,0,5
Sunset in Paradise,2022-06-09 13:00:00+00:00,2,1,1,0,0,0,0,0,0,4
Sun,2022-02-19 22:46:20+00:00,3,1,1,0,0,0,0,0,0,5
Super Scrotoons Collection,2022-04-21 02:15:44+00:00,1,1,1,0,18,0,0,0,1,22
Superimposed Rectangles,2022-08-14 17:00:00+00:00,4,1,1,0,0,0,0,0,1,7
Supernova poppy,2022-10-13 08:05:00+00:00,1,1,1,2,0,0,0,0,31,36
Suricata pool,2022-11-05 23:25:29+00:00,1,1,1,0,13,0,0,0,2,18
survival in the city,2022-01-14 23:02:50+00:00,2,1,1,0,0,0,0,0,1,5
Swatch,2022-04-25 19:00:00+00:00,3,1,1,0,0,0,0,0,2,7
Swimbot,2022-02-06 21:23:44+00:00,0,1,0,0,0,0,0,0,0,1
Swimmer,2022-03-08 12:43:54+00:00,2,1,1,0,0,0,0,0,1,5
Swirl,2022-07-08 00:05:59+00:00,2,1,1,0,0,0,0,0,1,5
Switch,2022-11-24 15:23:00+00:00,3,1,1,0,0,0,0,0,1,6
Symphony of Circles,2022-08-15 17:54:44+00:00,4,1,1,0,0,0,0,0,1,7
"system map, recovered archive [TTCS01T12]",2022-09-29 12:12:44+00:00,1,1,0,0,0,0,0,0,0,2
T-Punk,2022-06-30 18:26:59+00:00,3,1,1,0,0,0,0,0,4,9
t1lt,2022-08-06 11:00:59+00:00,3,1,1,0,0,0,0,0,1,6
Take my hand,2022-01-10 10:01:30+00:00,1,1,1,0,18,29,0,0,3,53
Tapped In,2022-09-11 16:00:00+00:00,1,1,0,0,0,0,0,0,0,2
Target,2022-11-05 01:28:59+00:00,2,1,1,0,0,0,0,0,2,6
tatami,2022-05-30 15:30:59+00:00,2,1,1,0,0,0,0,0,0,4
Tectonics,2022-07-13 19:00:00+00:00,3,1,0,0,0,0,0,0,0,4
TeNLenPorts,2022-06-09 17:29:44+00:00,4,1,1,0,1,11,0,0,3,21
textile,2022-07-18 19:30:00+00:00,7,1,1,0,0,0,0,0,0,9
Tez Rocks,2022-10-17 17:39:14+00:00,1,1,1,0,32,0,0,0,2,37
Tezbloom everywhere,2022-09-30 16:00:00+00:00,13,1,1,0,0,0,0,0,0,15
Tezolads,2022-02-20 20:54:40+00:00,10,1,1,3,7,0,0,0,1,23
Tezoolors2.0,2022-01-05 19:31:20+00:00,3,1,1,0,0,0,0,0,1,6
Tezos Block,2022-05-21 13:15:29+00:00,1,1,1,0,8,0,0,0,2,13
Tezosard #4,2022-08-21 18:29:29+00:00,1,1,1,0,46,0,0,0,1,50
Tezumie,2022-03-04 20:40:54+00:00,1,1,1,0,166,0,0,0,0,169
Tezzle,2022-02-07 01:07:04+00:00,3,1,0,0,0,0,0,0,2,6
Thalassophobia,2022-09-30 16:00:00+00:00,3,1,1,0,0,0,0,0,2,7
thanks bag and flowers,2022-11-23 07:02:44+00:00,1,1,1,0,175,0,0,0,1,179
Thanks fxhash community and jjjjjohn!,2022-02-09 18:07:44+00:00,1,1,1,0,14,0,0,0,1,18
The Abstract Truth II,2022-08-29 18:15:00+00:00,3,1,1,0,0,0,0,0,2,7
The Art of Mathematics,2022-12-10 03:27:59+00:00,2,1,1,0,0,0,0,0,1,5
THE BACTERIA #1,2022-03-05 15:44:04+00:00,1,1,1,0,32,0,0,0,1,36
the Black Blocks,2022-06-12 14:07:59+00:00,3,1,1,0,0,0,0,0,0,5
The Climb,2022-09-02 18:00:00+00:00,3,1,1,0,0,0,0,0,1,6
The dota2 hero coming！,2022-01-25 10:14:50+00:00,0,1,0,0,70,0,0,0,1,72
The Elegant Void,2022-10-28 18:00:00+00:00,4,1,1,0,0,0,0,0,5,11
The Elementos,2022-11-18 19:00:00+00:00,3,1,1,0,0,0,0,0,2,7
The Energy of the Earth,2022-07-21 23:00:29+00:00,3,1,1,0,0,0,0,0,0,5
The eye of the sky,2022-08-30 19:00:00+00:00,1,1,1,0,92,0,0,0,2,97
The final hour on planet deadlock topia,2022-01-12 15:04:10+00:00,2,1,1,0,2,19,0,0,1,26
The Foggy Trees,2022-07-01 13:31:44+00:00,3,1,1,0,2,0,0,0,1,8
The Future Rerun - Heliocentric,2022-05-30 15:13:59+00:00,2,1,1,0,0,0,0,0,1,5
The garden of forking arcs,2022-05-09 13:00:00+00:00,1,1,1,0,0,0,0,0,0,3
The Golden Ratio,2022-01-21 15:17:10+00:00,2,1,1,0,0,0,0,0,0,4
The Goliath Artist,2022-07-18 23:02:14+00:00,1,1,1,0,16,0,0,0,2,21
The Good Half,2022-03-08 15:33:04+00:00,3,1,1,1,0,0,0,0,0,6
The horizon,2022-12-23 13:30:00+00:00,2,1,1,0,0,0,0,0,0,4
The insight,2022-01-06 18:39:00+00:00,2,1,1,0,9,0,0,0,1,14
The Inverted,2022-09-26 15:46:29+00:00,2,1,1,0,0,0,0,0,2,6
The Knoot,2022-05-24 13:19:29+00:00,1,1,1,0,56,0,0,0,1,60
The Last Days of Fire and Steel,2022-04-16 18:00:00+00:00,5,1,1,0,0,0,0,0,7,14
The Louis Comfort Collection,2022-05-10 07:00:00+00:00,11,1,0,0,0,0,0,0,4,16
the madness,2022-12-30 17:00:00+00:00,1,1,1,0,126,0,0,0,10,139
The Maze,2022-01-12 13:22:40+00:00,3,1,1,0,1,0,0,0,0,6
The Naked Human II,2022-08-16 05:00:00+00:00,1,1,1,0,36,0,0,0,2,41
The Open License Quests,2022-07-22 17:00:00+00:00,4,1,1,0,201,0,0,0,15,222
The past times,2022-07-13 11:01:29+00:00,2,1,1,0,0,0,0,0,0,4
The Power Of The Shadow,2022-06-22 16:00:00+00:00,2,1,1,0,0,0,0,0,0,4
THE PUNK,2022-01-07 14:46:00+00:00,4,1,1,0,18,0,0,0,3,27
The Question,2022-06-25 16:00:00+00:00,3,1,1,0,0,0,0,0,1,6
The reflection of the dark,2022-06-16 04:08:14+00:00,3,1,1,0,0,475,0,0,0,480
the rifle’s spiral,2022-05-29 17:57:29+00:00,1,1,0,0,1,1,0,0,0,4
The Rock,2022-06-14 08:00:00+00:00,1,1,1,0,169,0,0,0,0,172
The seed :: issue 1,2022-08-20 12:00:00+00:00,1,1,0,0,0,0,0,0,2,4
The Shimmering Line,2022-10-03 23:32:44+00:00,4,1,1,0,0,0,0,0,0,6
The Slow Climb,2022-12-12 17:00:00+00:00,2,1,0,0,0,0,0,0,1,4
The Spectrum of Wind,2022-05-22 06:57:14+00:00,1,1,1,0,37,0,0,0,2,42
The Spiral,2022-01-26 02:32:30+00:00,3,1,1,0,0,0,0,0,0,5
The spring garden,2022-04-21 22:29:29+00:00,1,1,1,0,13,0,0,0,0,16
The story of fish and humans,2022-07-01 16:30:00+00:00,1,1,1,0,36,0,0,0,2,41
The Structure,2022-07-25 18:00:00+00:00,1,1,1,0,21,0,0,0,1,25
The Surf,2022-01-18 16:10:30+00:00,1,1,1,0,0,0,0,0,1,4
The Symphony of the Ether,2022-12-24 16:20:29+00:00,3,1,1,0,0,0,0,0,1,6
The Tip of the Iceberg,2022-01-25 06:18:10+00:00,1,1,1,0,0,0,0,0,1,4
The triangle balance,2022-05-22 18:00:00+00:00,1,1,1,0,0,0,0,0,0,3
The Void Chamber,2022-08-27 19:00:00+00:00,2,1,0,0,77,0,0,0,1,81
The voxel house #N1,2022-08-03 16:30:00+00:00,1,1,1,0,5,0,0,0,2,10
They only care about the final resut.,2022-05-23 14:00:00+00:00,2,1,1,0,0,0,0,0,0,4
they’re watching,2022-03-11 05:29:34+00:00,3,1,1,0,0,0,0,0,1,6
thick growth of grass02,2022-01-06 12:09:30+00:00,4,1,1,0,0,0,0,0,1,7
This fucking darkness,2022-05-03 22:56:00+00:00,1,1,0,0,0,0,0,0,0,2
this is a bird,2022-06-11 20:00:00+00:00,2,1,1,0,0,0,0,0,1,5
Thoughts,2022-08-27 13:39:59+00:00,2,1,1,0,0,0,0,0,0,4
Tidal,2022-01-14 02:02:40+00:00,0,1,0,0,0,0,0,0,0,1
tied,2022-03-19 07:13:24+00:00,3,1,1,0,0,0,0,0,0,5
Tiles,2022-02-20 15:18:00+00:00,2,1,1,0,0,0,0,0,1,5
Time for tzzzzards!,2022-06-09 17:17:59+00:00,1,1,1,0,26,0,0,0,17,46
Tiny Pixel Cascade - Music,2022-02-06 22:47:44+00:00,2,1,1,0,0,0,0,0,1,5
TLDR,2022-08-03 17:00:44+00:00,4,1,1,0,0,0,0,0,0,6
To Not Worry For The Exit,2022-02-15 05:26:34+00:00,3,1,1,0,0,0,0,0,4,9
Tokhme saagi,2022-12-25 00:35:44+00:00,2,1,1,0,0,0,0,0,0,4
Tokhmme,2022-12-02 15:03:29+00:00,4,1,1,0,0,0,0,0,0,6
Tomography of AI,2022-01-10 19:32:30+00:00,3,1,1,0,0,0,0,0,1,6
Touch me,2022-02-02 13:01:26+00:00,2,1,0,0,0,0,0,0,1,4
Touched by Cyberpunk Gods,2022-08-14 19:56:14+00:00,1,1,1,0,0,0,0,0,0,3
Touching,2022-12-28 16:00:00+00:00,2,1,0,0,0,0,0,0,1,4
Towers of Power,2022-10-28 14:01:14+00:00,3,1,1,0,0,0,0,0,3,8
Town,2022-12-03 13:30:00+00:00,2,1,1,0,0,0,0,0,0,4
Tradition vs. Modernity among Female,2022-06-10 19:00:00+00:00,1,1,1,0,18,0,0,0,2,23
Translucent,2022-09-02 00:27:44+00:00,1,1,1,0,54,0,0,0,2,59
Transparency,2022-03-04 20:41:54+00:00,2,1,0,0,0,0,0,0,0,3
TRAPEZOIT,2022-07-06 10:07:14+00:00,1,1,1,0,60,0,0,0,2,65
TRASH Erector V 2.0,2022-06-18 00:43:14+00:00,1,1,1,0,28,0,0,0,66,97
Tree Desiring Calm but Wind Restless,2022-06-09 20:59:59+00:00,3,1,1,0,10,0,0,0,0,15
Tree Oddity,2022-05-17 16:36:59+00:00,5,1,1,0,0,0,0,0,1,8
Triangularisme minimal,2022-09-29 16:44:14+00:00,14,1,1,0,0,0,0,0,1,17
Triangulatria 3.0.0 Glassamatz-Stickyou,2022-07-08 21:29:14+00:00,2,1,0,0,0,24,0,0,0,27
Triangulatria v.3.0.11 Glassamatz-Kerhobiz,2022-07-24 13:28:29+00:00,2,1,0,0,0,26,0,0,1,30
Triangulatria v.3.0.8 Glassamatz-Balabjot,2022-07-20 16:28:29+00:00,2,1,0,0,0,26,0,0,1,30
Triatez,2022-09-15 00:11:59+00:00,2,1,1,0,0,0,0,0,2,6
tribe,2022-01-29 00:31:58+00:00,1,1,1,0,0,0,0,1,1,5
TriFocal Point,2022-01-07 16:30:00+00:00,2,1,1,0,0,0,0,0,0,4
TRISTITIA,2022-09-07 14:00:00+00:00,3,1,1,0,0,0,0,0,2,7
Trivial Sunday,2022-11-15 03:07:29+00:00,3,1,1,0,0,0,0,0,1,6
TROWFLOX_COVER,2022-04-22 03:04:14+00:00,3,1,1,0,12,0,0,0,0,17
Trying to Express Myself,2022-09-13 20:20:00+00:00,1,1,0,0,0,0,0,0,0,2
Tubism,2022-07-11 13:56:59+00:00,0,1,0,0,0,0,0,0,0,1
Tuesday,2022-10-04 18:03:29+00:00,3,1,1,0,0,0,0,0,5,10
Tunnel light,2022-02-17 06:43:40+00:00,2,1,0,0,0,0,0,0,0,3
Turbulent,2022-05-08 10:00:00+00:00,1,1,0,0,0,0,0,0,0,2
turn off,2022-12-10 01:10:14+00:00,4,1,1,0,0,0,0,0,0,6
TV Noise,2022-05-22 11:40:29+00:00,3,1,1,0,0,0,0,0,0,5
TWIST,2022-11-20 15:34:29+00:00,2,1,1,0,0,0,0,0,0,4
tWO OF US,2022-11-07 19:01:14+00:00,1,1,1,0,29,0,0,0,2,34
twosday,2022-02-22 16:20:20+00:00,0,1,0,0,0,0,0,0,3,4
tz - one,2022-01-18 22:10:00+00:00,3,1,1,0,0,0,0,0,0,5
Ukrainian pendili,2022-02-26 09:31:14+00:00,1,1,1,0,0,0,0,0,1,4
Unbalanced,2022-09-30 04:01:14+00:00,1,1,1,0,69,0,0,0,2,74
Unbound Portal II: Supernova,2022-06-19 14:30:29+00:00,2,2,0,0,19,0,0,0,4,27
Uncontrolled Painting,2022-08-06 13:39:29+00:00,1,1,1,0,0,0,0,0,0,3
Undesirable Pixels,2022-07-11 15:12:14+00:00,1,1,1,0,24,0,0,0,1,28
Unfinished,2022-01-19 17:04:50+00:00,1,1,1,0,0,43,0,0,0,46
Unfold,2022-04-26 14:57:59+00:00,1,1,1,0,0,0,0,1,0,4
Unicorn,2022-06-03 22:00:00+00:00,1,1,1,0,0,0,0,0,1,4
Unique Forms,2022-05-01 22:45:00+00:00,3,1,1,0,0,0,0,0,1,6
Unknown Pleasures,2022-04-28 11:01:29+00:00,3,1,1,0,0,0,0,0,0,5
UnKnowN PleasureS,2022-09-17 14:25:44+00:00,3,1,1,0,1,0,0,0,0,6
Unplugged,2022-02-01 19:28:36+00:00,3,1,1,0,0,0,0,0,0,5
Unrealistic Wiring Plans,2022-11-14 18:10:00+00:00,2,1,1,0,0,0,0,0,0,4
Unrestrained,2022-09-27 17:00:00+00:00,1,1,1,0,0,0,0,0,1,4
Unshaped Dudes,2022-11-17 06:22:14+00:00,1,1,1,0,253,0,0,0,2,258
Unstable,2022-02-27 07:30:14+00:00,6,1,1,0,0,0,0,0,4,12
Unswept Floor,2022-02-10 17:51:54+00:00,2,1,1,0,0,6,0,0,3,13
Untitled Canvas | BDC,2022-04-25 16:12:59+00:00,1,1,1,0,0,0,0,0,0,3
Uprise / Go on,2022-08-22 19:43:44+00:00,1,1,1,0,70,0,0,0,2,75
Upside down city,2022-07-24 13:26:14+00:00,2,1,1,0,0,0,0,0,2,6
Urban Flora,2022-02-10 13:30:54+00:00,1,1,0,0,2,0,0,0,1,5
V A P O R W A V E DREAM GENERATOR,2022-01-27 00:44:58+00:00,1,1,1,0,55,0,0,0,1,59
VADFAD : 1Gen,2022-02-20 15:08:00+00:00,3,1,1,1,0,0,0,0,3,9
Valentine Card,2022-02-14 11:39:54+00:00,1,1,1,0,40,0,0,0,0,43
VANDAL SKULL,2022-03-02 01:15:34+00:00,3,1,1,0,65,0,0,0,0,70
Vandals PFP Club,2022-02-26 06:01:54+00:00,1,1,1,0,86,0,0,0,1,90
Various Shape,2022-11-30 18:55:14+00:00,4,1,1,0,0,0,0,0,0,6
vases of emotions,2022-02-09 21:44:54+00:00,1,1,1,0,41,0,0,0,1,45
Vast Difference,2022-07-21 20:30:00+00:00,1,1,0,0,0,37,0,0,1,40
veil,2022-03-18 12:29:54+00:00,4,1,1,0,0,0,0,0,0,6
Ventera,2022-12-06 19:00:00+00:00,6,1,1,0,0,0,0,0,1,9
Vents,2022-12-28 18:23:00+00:00,2,1,0,0,0,0,0,0,0,3
Verse-Hill,2022-05-09 13:00:00+00:00,1,1,1,0,97,0,0,0,2,102
Verse-Plants,2022-04-25 19:59:00+00:00,3,1,1,0,0,0,0,0,2,7
Verse,2022-09-26 01:00:00+00:00,3,1,0,0,0,0,0,0,0,4
Vertex #2,2022-12-22 13:40:00+00:00,1,1,1,0,0,0,0,0,14,17
Vertigone,2022-01-15 02:02:50+00:00,3,1,1,0,0,0,0,0,1,6
Very Large Array,2022-01-15 00:45:00+00:00,1,1,0,0,1,0,0,0,0,3
VESSELOFLIF3_G3N3S1S,2022-01-16 03:45:00+00:00,6,1,1,0,73,0,0,0,0,81
Vestige,2022-02-08 17:03:04+00:00,2,1,1,0,0,0,0,0,1,5
Vibrations,2022-03-01 21:08:14+00:00,2,1,0,0,0,0,0,0,0,3
Vibrations,2022-01-14 01:10:00+00:00,2,1,1,0,0,0,0,0,0,4
Virtual Treasure,2022-11-08 17:05:00+00:00,2,1,0,0,0,0,0,0,1,4
Vision of Confused Object,2022-10-17 23:01:59+00:00,4,1,1,0,0,0,0,0,0,6
Vitamin Sea,2022-07-06 17:08:13+00:00,3,1,1,0,24,0,0,0,0,29
Vixidi (C)lear,2022-10-07 04:00:00+00:00,2,1,1,0,0,0,0,0,2,6
Vlinder,2022-04-19 04:38:44+00:00,1,1,1,0,0,0,0,0,1,4
Voice of life,2022-01-07 15:17:50+00:00,4,1,1,0,0,0,0,0,1,7
Void Wind,2022-02-15 06:02:24+00:00,1,1,1,0,1,0,0,0,1,5
Voidroses,2022-04-19 02:16:59+00:00,11,2,0,0,0,0,0,0,2,15
voie de communication,2022-07-20 10:00:00+00:00,3,1,1,0,0,0,0,0,1,6
Vortices,2022-01-05 13:47:00+00:00,2,1,1,0,0,0,0,0,1,5
Vorticity,2022-04-18 00:56:29+00:00,1,1,1,0,9,0,0,0,1,13
Voxel Temple,2022-05-04 23:00:00+00:00,1,1,1,0,50,0,0,0,1,54
voxman,2022-08-12 20:00:00+00:00,1,1,1,0,12,0,0,0,1,16
VOYAGERS,2022-05-25 16:00:00+00:00,5,1,1,0,11,0,0,0,3,21
Waifus with C Book,2022-01-06 00:02:00+00:00,1,1,1,0,10,0,0,0,0,13
Waiting for Spring,2022-02-28 02:35:14+00:00,1,1,1,0,19,0,0,0,0,22
Waiting Room,2022-03-01 06:56:14+00:00,1,1,1,0,30,0,0,0,0,33
Walk with noise curve,2022-06-20 16:00:00+00:00,2,1,1,0,0,0,0,0,1,5
Walking through the city of Famailla,2022-05-12 03:15:14+00:00,1,1,1,0,38,0,0,0,1,42
wallabye,2022-11-16 22:59:29+00:00,2,1,1,1,0,0,0,0,2,7
WarpedEmotions,2022-11-18 02:00:00+00:00,2,1,1,0,0,0,0,0,0,4
War,2022-12-31 23:36:44+00:00,3,1,1,0,0,0,0,0,2,7
Washed Trees Fluor,2022-07-01 15:00:00+00:00,1,1,1,0,22,0,0,0,2,27
Watch Collector,2022-01-22 14:03:00+00:00,2,1,1,0,0,0,0,0,0,4
Watercolor drawing,2022-01-15 03:03:20+00:00,5,1,1,0,0,0,0,0,0,7
Wavefield,2022-03-14 21:27:14+00:00,2,1,0,0,0,0,0,0,0,3
WAVERTIC,2022-05-09 14:52:59+00:00,3,1,1,0,0,0,0,0,1,6
waves trace,2022-05-11 11:24:29+00:00,2,1,0,0,0,0,0,0,1,4
Wavex,2022-09-15 17:13:14+00:00,3,1,1,0,0,0,0,0,0,5
WavyMood,2022-09-14 11:30:00+00:00,2,1,1,0,0,0,0,0,0,4
Weaver,2022-09-14 13:22:00+00:00,1,1,1,0,36,0,0,0,1,40
WEAVE,2022-07-25 13:08:00+00:00,3,1,1,0,0,0,0,0,1,6
Weltraumblume,2022-01-08 20:00:30+00:00,3,1,1,0,0,0,0,0,2,7
wertis,2022-12-01 18:54:44+00:00,4,1,1,0,0,0,0,0,0,6
WE👾COME👽IN🛸PEACE,2022-06-12 08:04:59+00:00,1,1,1,0,133,0,0,0,4,140
Whale,2022-11-20 19:09:00+00:00,1,1,1,0,31,0,0,0,1,35
wHAT TIME IS IT?,2022-11-23 16:59:29+00:00,1,1,1,0,14,0,0,0,2,19
What's in the room?,2022-05-02 05:26:29+00:00,2,1,1,0,0,0,0,0,0,4
whatsmyageagain,2022-11-16 20:45:00+00:00,1,1,0,0,0,0,0,0,1,3
When Light Meets Water,2022-06-16 18:04:14+00:00,2,1,1,0,0,0,0,0,1,5
When The Nature Calls,2022-07-18 13:00:00+00:00,1,1,1,0,185,0,0,0,1,189
WHISPERS (in code),2022-12-09 14:00:00+00:00,7,1,1,2,17,0,0,0,9,37
Wigglenza,2022-10-13 17:00:00+00:00,3,1,0,0,0,0,0,0,2,6
Winding Windows,2022-11-05 23:51:59+00:00,2,1,0,0,0,0,0,0,0,3
WindowGrill,2022-04-17 00:18:59+00:00,2,1,1,0,0,0,0,0,0,4
Windows on the textures,2022-02-02 12:54:56+00:00,3,1,1,0,0,6,0,0,1,12
Windy Day Under Tree,2022-05-22 05:08:59+00:00,3,1,1,0,1,0,0,0,1,7
Wind,2022-02-08 00:18:14+00:00,2,1,1,0,0,0,0,0,0,4
Winney Wiggins Spyglass,2022-01-18 15:23:30+00:00,2,1,1,0,0,0,0,0,1,5
Witch Doctor,2022-06-05 18:07:44+00:00,3,1,1,0,0,0,0,0,1,6
Wolf-soldier,2022-03-14 18:23:44+00:00,1,1,1,0,51,0,0,0,1,55
Woman With Ball,2022-08-03 15:25:00+00:00,1,1,1,0,59,0,0,0,2,64
Wounds,2022-07-08 13:00:00+00:00,3,1,0,0,0,0,0,0,2,6
Woven Rays,2022-03-14 00:58:34+00:00,1,1,1,0,3,0,0,0,1,7
Wubblum,2022-05-25 00:01:14+00:00,4,1,1,0,18,0,0,0,6,30
XPITO,2022-12-31 13:00:00+00:00,3,1,0,0,0,0,0,0,0,4
Your Octo-Valentine,2022-02-14 12:09:34+00:00,2,1,1,1,8,26,0,0,0,39
Z=== ∞,2022-01-16 01:59:00+00:00,0,1,0,0,0,0,0,0,1,2
zancan puzzle,2022-11-01 11:23:44+00:00,4,1,1,0,1,0,0,0,0,7
Zaratan,2022-01-31 18:05:38+00:00,2,1,1,0,0,0,0,0,0,4
Zen flower card,2022-07-12 16:38:59+00:00,2,1,0,0,37,0,0,0,0,40
Zero: Polemic,2022-08-19 08:00:00+00:00,3,1,1,0,0,0,0,0,2,7
[ascii.dreams.2],2022-01-25 04:49:50+00:00,3,1,1,0,0,0,0,0,1,6
[manic.flow],2022-02-21 15:48:10+00:00,3,1,1,0,0,0,0,0,2,7
[P]enguins,2022-02-09 03:59:34+00:00,1,1,1,0,41,0,0,0,1,45
[STITCHING-MOUNTAINS],2022-02-02 14:08:56+00:00,2,1,1,0,0,0,0,0,2,6
"""33'4",2022-05-09 10:19:14+00:00,2,1,0,0,0,0,0,0,0,3
<Blackhole Waves>,2022-02-28 06:24:14+00:00,6,1,1,0,0,0,0,0,4,12
"""enclosed in a frame""",2022-09-05 08:30:00+00:00,3,1,1,0,0,0,0,0,1,6
_linea_alt,2022-01-11 07:16:50+00:00,3,1,0,0,0,0,0,0,0,4
_linea_,2022-01-10 14:09:30+00:00,3,1,0,0,0,0,0,0,0,4
//p.1nk.(lemønade).ø4\\,2022-03-12 19:06:24+00:00,3,1,1,0,0,0,0,0,1,6
//p.1nk.(lemønade).ø5\\,2022-03-18 12:26:44+00:00,3,1,1,0,0,0,0,0,1,6
"""//p.1nk.(lemønade).ø9.(br0ked)\\""",2022-05-08 14:38:14+00:00,3,1,1,0,0,0,0,0,1,6
éclats,2022-01-07 14:59:00+00:00,1,1,1,0,1,0,0,0,1,5
ðolmen,2022-06-21 17:00:00+00:00,3,1,0,0,0,0,0,0,2,6
último día de verano,2022-04-23 01:20:14+00:00,2,1,1,0,0,0,0,5,0,9
ʾEsṭrangēlā,2022-07-24 14:12:29+00:00,4,1,1,0,0,0,0,0,3,9
Κψλιχ,2022-04-25 16:41:29+00:00,2,1,1,0,0,6,0,0,2,12
Λ peAks Λ,2022-03-12 00:06:34+00:00,1,1,1,0,58,0,0,0,7,68
мир,2022-03-04 16:55:04+00:00,2,1,1,0,0,0,0,0,0,4
Ѵꙁ NACH co5 mo5 🌃,2022-02-20 15:31:00+00:00,9,1,1,0,2,0,0,0,4,17
฿Ⱡ₳₵₭ Ⱨ! V2,2022-06-11 16:13:14+00:00,4,1,1,0,28,0,0,0,4,38
ᑮՕᗯ𝒆𝘳 ⵏﺂꞑ𝒆Ś 𝜶𝘳𝔱ﺂẝ𝜶Ҫ𝔱 nīn℮ߙ𝒆𝒆ꞑ,2022-10-23 03:37:14+00:00,1,1,1,0,77,0,0,0,2,82
‘Low-Res’ poems,2022-05-27 18:35:29+00:00,1,1,1,0,57,0,0,0,1,61
“The blunt dagger.” -Randoms Performances.,2022-04-17 02:04:14+00:00,41,1,1,23,0,302,0,0,109,477
₮ł₥Ɇ Ⱨ₳₵₭ɆⱤ₴,2022-02-07 00:38:24+00:00,4,1,1,0,0,64,0,0,4,74
₴Ɇ₵ɄⱤł₮Ɏ ĐɆVɆⱠØ₱ɆⱤ₴,2022-03-08 08:48:34+00:00,1,1,1,0,16,0,0,0,11,30
₴₵Ɽł₱₮ ₭łĐĐłɆ₴,2022-02-17 09:57:40+00:00,4,1,1,0,33,0,0,0,4,43
₵₳₥ Ⱨ₳₵₭ɆⱤ₴,2022-03-04 21:43:34+00:00,1,1,1,0,20,0,0,0,10,33
∞ Infinite shapes of infinity ∞,2022-06-26 04:08:14+00:00,3,1,1,0,0,0,0,0,1,6
∞_ET3RNAL_∞,2022-03-08 10:10:14+00:00,1,1,1,0,29,0,0,0,1,33
⍉ 🪡 ☵ 🌊 ❏,2022-06-24 17:00:00+00:00,1,1,0,0,0,0,0,0,0,2
┰ǝӏǝ𝒈𝗋aƿ𝒉 𝗻ǝ✝⒲𝝧𝗋ᴋ #７,2022-09-13 16:01:59+00:00,1,1,1,0,91,0,0,0,2,96
╰(▔∀▔)╯ Gachaverse - Gacha Goblinz,2022-01-13 06:04:20+00:00,4,1,1,0,18,0,0,0,2,26
折り紙 Vol.1,2022-05-30 18:28:29+00:00,3,1,1,0,0,0,0,0,1,6
箱の中の図書館personal library in a Box,2022-08-16 09:06:44+00:00,2,1,1,0,0,0,0,0,3,7
𝓢𝓣𝓐𝓡𝓢𝓟𝓐𝓦𝓝,2022-02-20 18:38:00+00:00,1,1,0,8,0,15,0,0,5,30
𝕘𝕣𝕒𝕕𝕦𝕒𝕥𝕚𝕠𝕟,2022-02-16 04:09:44+00:00,8,1,0,0,0,0,0,0,0,9
𝙣𝙚𝙩𝙬𝙤𝙧𝙠 𝙫𝙞𝙡𝙡𝙖𝙞𝙣𝙨,2022-05-14 22:23:59+00:00,1,1,1,0,35,0,0,0,14,52
🄷🄰-0,2022-08-15 20:00:00+00:00,2,1,1,0,0,0,0,0,0,4
🄷🄰-5,2022-11-06 10:00:00+00:00,2,1,1,0,0,0,0,0,0,4
🌲Trunks,2022-01-18 18:28:00+00:00,1,1,1,0,0,0,0,0,1,4
💀ACID SKULL🌈,2022-02-03 08:58:16+00:00,1,1,1,0,2,0,0,0,0,5
🧠 Your Mind 1 🧠,2022-01-07 11:16:50+00:00,1,1,1,0,0,0,0,0,1,4
(Dis)ordered loom,2023-01-19 09:00:00+00:00,5,1,1,0,0,0,0,0,4,11
0004_random generator,2023-01-11 05:14:59+00:00,2,1,1,0,0,0,0,0,0,4
0005: Composition in movement,2023-01-14 20:04:14+00:00,2,1,1,0,2,0,0,0,1,7
1888 - Burning Memories,2023-01-12 01:58:59+00:00,11,1,2,21,0,31,0,0,154,220
1x2 Tower Study,2023-12-03 16:00:00+00:00,2,1,0,1,0,0,0,0,2,6
24th Regiment,2023-07-03 23:33:57+00:00,1,1,1,0,13,0,0,0,2,18
300,2023-01-18 15:01:14+00:00,1,1,1,0,0,0,0,0,0,3
3D Object part#1,2023-12-03 18:30:00+00:00,3,1,0,0,0,0,0,0,0,4
9.11.2003,2023-09-11 12:11:00+00:00,1,1,1,0,25,0,0,0,1,29
95% of These Pixels Are Totally Worthless,2023-09-26 18:45:48+00:00,1,1,1,0,0,0,0,0,0,3
A little dwarf on a unicorn,2023-01-27 17:45:29+00:00,3,1,1,0,97,11,0,0,3,116
A Pocket Full of Wonder,2023-02-14 11:00:00+00:00,3,1,1,0,36,0,0,0,0,41
a reveure!,2023-07-17 09:05:00+00:00,3,1,1,0,0,0,0,0,2,7
A Simple Test,2023-04-20 15:05:00+00:00,6,1,1,0,0,0,0,0,2,10
A singular being,2023-10-06 04:45:27+00:00,1,1,1,0,92,0,0,0,2,97
abc art st II,2023-02-25 15:22:00+00:00,1,1,1,0,56,0,0,0,1,60
Abies 🎧,2023-01-23 00:30:00+00:00,3,1,1,0,0,0,0,0,1,6
Abstract #58,2023-05-17 06:21:24+00:00,3,1,1,0,0,0,0,0,1,6
Abstract painting - vegetation,2023-01-16 16:00:00+00:00,4,1,1,0,0,0,0,0,4,10
Abstrub,2023-10-04 16:00:00+00:00,3,1,1,0,0,11,0,0,1,17
Adoilyadaytokeeptheexistentialdreadatbay,2023-08-21 06:10:20+00:00,3,1,1,0,0,0,0,0,0,5
AfricaAI,2023-02-21 20:16:29+00:00,1,1,1,0,7,1,0,0,6,17
Agora of Timeless,2023-05-03 19:00:00+00:00,1,1,1,0,1,1,0,0,14,19
AI Coline,2023-01-21 17:30:00+00:00,3,1,1,0,10,0,0,0,1,16
AI Gold,2023-01-09 09:30:00+00:00,1,1,1,0,93,0,0,0,1,97
AI Mucaso,2023-01-28 17:10:00+00:00,3,1,1,0,22,0,0,0,1,28
AI Noa,2023-01-23 03:05:59+00:00,3,1,1,0,51,0,0,0,1,57
AlBertv#ll0,2023-01-28 15:25:29+00:00,4,1,1,0,0,0,0,0,2,8
All New Arts of Chet 2023,2023-08-27 16:23:00+00:00,1,1,1,0,95,0,0,0,1,99
Amoeba,2023-05-03 21:47:39+00:00,2,1,1,0,0,0,0,0,0,4
An unrealisable painting,2023-07-06 19:20:00+00:00,3,1,1,0,0,0,0,0,1,6
android shadows,2023-01-31 15:01:44+00:00,3,1,1,0,0,0,0,0,1,6
Another,2023-04-20 18:00:00+00:00,1,1,1,0,425,0,0,0,2,430
Architype,2023-03-25 08:00:00+00:00,1,1,1,0,63,0,0,0,1,67
"Arraigos, estudios 2",2023-06-19 11:00:00+00:00,4,1,1,0,0,0,0,0,0,6
Arranged by Hand,2023-08-04 14:00:00+00:00,6,1,1,0,0,0,0,0,0,8
ArtBud,2023-10-11 16:00:00+00:00,3,1,1,0,1,10,0,0,1,17
Artistic Thoughts V8,2023-10-31 02:28:12+00:00,5,1,1,0,0,0,0,0,1,8
Arts of Chet Abstract 12,2023-04-25 01:47:03+00:00,1,1,1,0,83,0,0,0,1,87
Arts of Chet Abstract 2,2023-02-20 19:19:44+00:00,1,1,1,0,40,0,0,0,1,44
Arts of Chet Abstract 3,2023-02-21 20:03:59+00:00,1,1,1,0,48,0,0,0,1,52
Arts of Chet Masterpiece 01 Dec. 2023,2023-12-03 16:56:00+00:00,2,1,1,0,82,0,0,0,1,87
Arts of Chet Masterpiece 6,2023-09-06 12:56:00+00:00,1,1,1,0,22,0,0,0,1,26
Arts of Chet Masterpiece 8,2023-09-12 12:56:00+00:00,1,1,1,0,26,0,0,0,1,30
Arts of Chet Minimalism 12,2023-04-05 20:36:00+00:00,1,1,1,0,273,0,0,0,1,277
Arts of Chet Minimalism 16,2023-06-02 20:33:00+00:00,1,1,1,0,362,0,0,0,1,366
Arts of Chet Minimalism 4,2023-02-16 21:02:14+00:00,1,1,1,0,166,0,0,0,1,170
Arts of Chet Minimalism 6,2023-02-28 21:00:00+00:00,1,1,1,0,62,0,0,0,1,66
Arts of Chet NFTs 2023,2023-08-04 16:56:00+00:00,1,1,1,0,134,0,0,0,1,138
Arts of Chet Today's #5,2023-03-01 12:28:00+00:00,1,1,1,0,14,0,0,0,1,18
Arts of Chet Today's #6,2023-03-02 12:28:00+00:00,1,1,1,0,11,0,0,0,1,15
assumption,2023-01-06 16:30:00+00:00,4,1,1,0,1,0,0,0,0,7
Asta Collection,2023-09-11 09:25:49+00:00,1,1,1,0,0,0,0,0,3,6
Astral,2023-06-20 15:00:00+00:00,5,1,1,0,0,0,0,0,0,7
At night,2023-01-18 16:00:00+00:00,3,1,0,0,0,0,0,0,0,4
AUTOHIRST - THE CRYPTOCURRENCY,2023-01-01 02:23:14+00:00,3,1,1,0,0,0,0,0,2,7
Bamboo Jungle,2023-04-20 05:21:37+00:00,1,1,1,0,37,0,0,0,1,41
bamboozle,2023-01-25 18:20:00+00:00,2,1,1,0,0,0,0,0,0,4
Bauhaus Study (special edition),2023-07-03 20:00:00+00:00,4,1,1,0,0,0,0,0,0,6
be my digital valentine?,2023-02-13 23:00:00+00:00,2,1,1,0,0,0,0,0,0,4
before euphoria,2023-12-14 10:00:00+00:00,6,1,1,0,0,0,0,0,0,8
Begin Again,2023-01-17 16:20:00+00:00,4,1,1,0,0,0,0,0,1,7
bejuco,2023-05-19 07:00:00+00:00,1,1,0,0,0,0,0,0,3,5
Belarusian prison,2023-03-01 09:00:00+00:00,2,1,1,0,0,0,0,0,0,4
Beneath a sick sky,2023-04-02 18:00:00+00:00,1,1,1,0,0,0,0,0,1,4
BIRDHAUS,2023-01-04 03:12:44+00:00,1,1,1,0,0,0,0,0,0,3
Birdies,2023-04-08 01:33:35+00:00,1,1,1,0,80,1,0,0,2,86
black and white textile machine,2023-06-19 15:00:00+00:00,2,1,1,0,0,0,0,0,0,4
Black Bird,2023-01-08 19:10:00+00:00,1,1,1,0,104,0,0,0,1,108
Blind Gallery Mint Pass (Seed Edition),2023-02-07 20:16:00+00:00,0,1,0,0,1,0,0,3,2,7
Blob Swirls,2023-06-02 21:12:24+00:00,2,1,1,0,0,0,0,0,0,4
Blocarina,2023-02-22 06:53:29+00:00,2,1,1,0,0,0,0,0,0,4
Blocks,2023-03-27 18:00:00+00:00,2,1,1,0,0,0,0,0,0,4
Blue City,2023-02-13 17:30:00+00:00,3,1,1,0,0,16,0,0,1,22
bONES AND FLESH,2023-01-01 04:00:00+00:00,1,1,1,0,6,0,0,0,2,11
Botanical metamorphoses,2023-05-03 23:23:26+00:00,1,1,1,0,13,0,0,0,1,17
Boundaries,2023-05-12 22:00:00+00:00,3,1,1,0,0,0,0,0,1,6
Boxel,2023-06-22 17:30:00+00:00,1,1,1,0,21,1,0,0,1,26
Brief Fragments,2023-02-17 23:32:14+00:00,2,1,0,0,0,0,0,0,0,3
Broken square,2023-01-06 02:11:14+00:00,2,1,1,0,0,0,0,0,0,4
bubble,2023-10-25 08:03:17+00:00,3,1,1,0,0,0,0,0,0,5
Burger/Sandwich Generator,2023-01-04 15:30:00+00:00,3,1,0,0,139,0,0,0,0,143
Calm,2023-06-30 20:22:46+00:00,1,1,0,0,0,0,0,0,0,2
Canon,2023-04-08 12:00:00+00:00,2,1,0,0,0,0,0,0,0,3
Cantabile,2023-04-23 14:00:00+00:00,6,1,1,0,0,0,0,0,0,8
Cell.estials [Adam.Atom],2023-01-31 15:00:00+00:00,3,1,1,0,0,0,0,0,1,6
Cellular Squares,2023-07-26 13:20:39+00:00,1,1,1,0,42,0,0,0,1,46
Cezanne's Dreamscape,2023-01-21 17:05:00+00:00,1,1,1,0,35,0,0,0,4,42
CHAOS,2023-12-30 13:00:00+00:00,2,1,1,0,41,0,0,0,1,46
chat_tori -2022_2023-horizontal_,2023-01-01 00:01:29+00:00,0,1,0,0,0,0,0,0,0,1
Chiptunes,2023-08-24 13:00:00+00:00,4,1,1,0,0,0,0,0,7,13
Chroma-Ville,2023-06-08 15:50:00+00:00,1,1,1,0,43,0,0,0,2,48
Circles Soul,2023-02-03 17:20:44+00:00,3,1,0,0,0,0,0,0,0,4
Circular Serenade,2023-04-29 10:55:20+00:00,2,1,1,0,0,0,0,0,0,4
Circumscript,2023-01-01 21:00:00+00:00,4,1,1,0,0,0,0,0,5,11
CityScape,2023-01-01 02:36:14+00:00,2,1,1,0,0,0,0,0,1,5
CityScape,2023-02-07 19:30:00+00:00,4,1,1,0,1,0,0,0,3,10
CLEAN:MESS,2023-01-15 05:00:00+00:00,3,1,1,0,0,0,0,0,1,6
CMYK Compositions,2023-03-16 21:00:00+00:00,2,1,0,0,0,0,0,0,1,4
coalescence,2023-04-20 16:00:00+00:00,1,1,1,0,15,0,0,0,1,19
Code Flowers,2023-05-03 17:00:00+00:00,1,1,1,0,0,0,0,0,0,3
Code of Pixelated Dreams,2023-03-27 17:25:00+00:00,1,1,1,0,68,0,0,0,1,72
Codes For Love,2023-04-27 15:00:00+00:00,1,1,1,0,103,0,0,0,1,107
codeTurning 1: Dotting,2023-01-01 02:11:14+00:00,2,1,1,0,0,0,0,0,1,5
coffee,2023-04-20 14:30:00+00:00,3,1,1,0,0,17,0,0,1,23
color of ice,2023-01-10 01:26:14+00:00,2,1,1,0,0,0,0,0,0,4
color palettes,2023-01-01 02:17:44+00:00,2,1,0,0,0,0,0,0,0,3
Color Study 2,2023-08-16 18:30:00+00:00,0,1,0,0,0,0,0,0,0,1
colorfall^GPT,2023-02-06 20:31:59+00:00,2,1,1,0,0,0,0,0,0,4
Colorific,2023-10-23 17:00:00+00:00,3,1,1,0,0,0,0,0,2,7
Colour Vision Deficiency.,2023-04-07 21:39:56+00:00,2,1,1,0,0,0,0,0,0,4
Composition #5,2023-06-09 14:58:26+00:00,2,1,0,0,30,0,0,0,0,33
COMPOSITION X,2023-01-23 03:36:59+00:00,2,1,1,0,0,0,0,0,0,4
Computational Decay,2023-03-03 13:30:00+00:00,1,1,0,2,1,0,0,0,5,10
comtemplate v.01.f,2023-02-14 00:03:44+00:00,0,1,0,0,0,0,0,0,0,1
Cone rhythm,2023-01-23 00:52:29+00:00,3,1,1,0,0,0,0,0,2,7
Confusion,2023-01-13 22:35:14+00:00,2,1,1,0,0,0,0,0,0,4
Connect The Unconnected,2023-01-31 19:00:00+00:00,2,1,1,0,0,0,0,0,0,4
Connecting,2023-12-21 12:00:00+00:00,4,1,1,0,0,0,0,0,1,7
Constantilopulus,2023-01-04 17:03:44+00:00,3,1,1,0,0,0,0,0,2,7
Contortion,2023-06-03 17:01:00+00:00,3,1,1,0,0,0,0,0,1,6
Contour Faces,2023-09-11 15:00:00+00:00,1,1,1,0,34,0,0,0,1,38
control alt delete,2023-06-03 11:33:45+00:00,8,1,1,1,22,0,0,0,5,38
Conway Tiles,2023-12-31 19:00:00+00:00,3,1,2,0,0,1,0,0,1,8
conways game of death,2023-01-14 04:23:14+00:00,1,1,1,0,0,0,0,0,0,3
Cosmogony of Thetarion Fractals,2023-10-27 17:00:00+00:00,6,1,1,0,0,0,0,0,0,8
CPT-1,2023-07-08 20:10:42+00:00,2,1,0,1,0,0,0,0,7,11
Crypto Words,2023-02-10 20:00:00+00:00,2,1,0,0,0,0,0,0,21,24
cryptoart object,2023-04-21 17:37:25+00:00,230,1,1,0,0,0,0,0,9,241
CRYSCODY,2023-03-27 17:08:00+00:00,3,1,1,0,0,0,0,0,2,7
Cube World,2023-03-23 23:46:44+00:00,3,1,0,0,1,0,0,0,0,5
Cubey,2023-11-01 23:20:29+00:00,3,1,1,0,0,0,0,0,1,6
Cubism Buildings,2023-03-18 17:30:00+00:00,3,1,1,0,0,11,0,0,1,17
CuboFaces,2023-11-30 16:00:00+00:00,2,1,1,0,0,12,0,0,1,17
Cude,2023-01-30 16:37:00+00:00,1,1,1,0,63,0,0,0,1,67
CUT-OUTS I,2023-12-31 23:00:00+00:00,3,1,1,1,0,0,0,0,0,6
Cyber,2023-04-19 01:46:21+00:00,3,1,1,0,0,0,0,0,2,7
D1ST0P1A,2023-08-23 21:00:00+00:00,5,1,1,0,312,0,0,0,10,329
dapnoise,2023-02-27 18:20:00+00:00,3,1,1,0,0,0,0,0,0,5
Dark life,2023-01-04 15:35:59+00:00,2,1,1,0,0,0,0,0,0,4
darkness Woman,2023-05-24 16:30:00+00:00,1,1,1,0,10,0,0,0,1,14
DDF Square Static,2023-02-21 22:00:59+00:00,3,1,1,0,18,0,0,2,1,26
dead bride,2023-01-13 19:10:00+00:00,1,1,1,0,44,0,0,0,1,48
Dear Bridget,2023-10-13 18:00:00+00:00,3,1,1,0,0,0,0,0,1,6
Decoramata,2023-02-02 18:00:00+00:00,4,1,1,0,0,0,0,0,1,7
Deer Woman,2023-05-04 00:34:00+00:00,1,1,1,0,11,0,0,0,0,14
denied,2023-03-18 05:30:44+00:00,2,1,1,0,0,0,0,0,0,4
Dense,2023-03-09 16:00:00+00:00,3,1,1,0,0,0,0,0,1,6
Desolate Landscape Glitch,2023-03-19 23:15:59+00:00,2,1,1,0,0,0,0,0,0,4
diagonal Arnava,2023-03-07 16:30:00+00:00,3,1,1,0,0,36,0,0,1,42
Digital Circles,2023-01-09 12:12:59+00:00,2,1,1,0,0,0,0,0,0,4
Digital Expression,2023-01-09 16:30:00+00:00,4,1,1,0,0,0,0,0,3,9
Digital Sun,2023-06-06 17:59:18+00:00,2,1,1,0,0,0,0,0,2,6
Dirt,2023-02-11 16:41:29+00:00,3,1,1,0,0,0,0,0,0,5
Disk,2023-02-14 12:56:44+00:00,1,1,1,1,0,0,0,0,4,8
Division Resolution Quilting Drama,2023-05-18 19:55:00+00:00,2,1,0,0,0,0,0,0,2,5
dok,2023-11-11 15:00:00+00:00,5,1,1,0,0,0,0,0,1,8
Doodle Tiles v1.0,2023-02-04 06:28:29+00:00,2,1,1,0,0,0,0,0,1,5
Dot and Spiral,2023-03-17 23:12:59+00:00,3,1,1,2,1,0,0,0,1,9
Dragon Rave,2023-03-17 22:05:00+00:00,3,1,0,0,0,0,0,0,0,4
DrawFlower 3,2023-02-12 17:00:00+00:00,3,1,1,0,0,0,0,14,0,19
Dream,2023-01-01 02:27:44+00:00,2,1,1,0,0,0,0,0,0,4
Drummy,2023-07-04 12:58:36+00:00,1,1,1,0,89,0,0,0,1,93
Echoes,2023-07-18 18:46:47+00:00,6,1,1,1,0,0,0,0,1,10
elapse,2023-08-11 19:00:00+00:00,2,1,1,0,0,0,0,0,0,4
Elevation,2023-03-20 02:27:59+00:00,3,1,1,0,0,0,0,0,2,7
Emittance,2023-02-07 19:34:59+00:00,2,1,1,0,0,0,0,0,0,4
Empathy,2023-01-28 18:30:00+00:00,1,1,0,2,1,0,0,0,4,9
Enfold,2023-01-15 14:47:29+00:00,3,1,1,0,0,0,0,0,2,7
Entre silêncio,2023-07-27 17:30:00+00:00,3,1,1,0,0,0,0,0,1,6
ephemeral,2023-12-24 12:00:00+00:00,7,1,0,0,0,0,0,0,0,8
ephemeral,2023-12-29 12:00:00+00:00,7,1,0,0,0,0,0,0,0,8
Epileptic pixels,2023-02-23 18:26:29+00:00,2,1,1,0,0,0,0,0,0,4
Espresso Dreams,2023-03-29 17:00:00+00:00,4,1,1,0,0,0,0,0,2,8
Everyday Decisions,2023-09-21 09:00:00+00:00,1,1,0,0,0,0,0,0,1,3
Everything In Its Right Place.,2023-06-18 19:18:02+00:00,2,1,1,0,0,0,0,0,0,4
FACING,2023-03-18 04:18:14+00:00,2,1,0,0,0,0,0,0,0,3
Fantasmagoria,2023-10-31 11:00:00+00:00,2,1,1,0,0,0,0,0,1,5
festive lights,2023-02-16 21:59:29+00:00,3,1,1,0,0,0,0,0,2,7
Fibonacci Rainbow Spirals ver2 var8,2023-02-23 03:52:14+00:00,4,1,1,0,0,0,0,0,4,10
Fibonacci Rainbow Spirals ver2 var9,2023-03-01 01:33:14+00:00,4,1,1,0,0,0,0,0,4,10
Film,2023-12-01 13:30:00+00:00,4,1,1,0,0,0,0,0,2,8
First Mint Art 2024,2023-12-31 17:00:00+00:00,2,1,1,0,48,0,0,0,1,53
First Snow in La Invernada,2023-11-04 17:00:00+00:00,3,1,0,0,0,0,0,0,2,6
Fish Scale,2023-02-03 15:30:00+00:00,2,1,1,0,0,0,0,0,1,5
Flecos,2023-06-02 22:00:16+00:00,1,1,1,0,0,0,0,0,0,3
Floral,2023-02-24 16:30:00+00:00,3,1,1,0,0,0,0,0,1,6
flow | meditations,2023-02-06 03:53:29+00:00,2,1,0,0,0,0,0,0,0,3
Flying Solo,2023-09-28 16:30:00+00:00,1,1,0,0,0,0,0,0,1,3
Fly,2023-01-07 18:01:29+00:00,2,1,1,0,0,0,0,0,0,4
Focal Point,2023-01-28 17:09:00+00:00,1,1,1,0,29,0,0,0,9,41
Foo field,2023-06-13 20:00:00+00:00,3,1,1,0,0,0,0,0,1,6
Forest,2023-01-05 03:04:29+00:00,3,1,1,0,0,0,0,0,2,7
Forgive Your Sins,2023-02-02 18:00:00+00:00,9,1,1,0,0,0,0,0,2,13
Fractionary,2023-02-15 16:35:00+00:00,5,1,1,0,0,0,0,0,2,9
Frags of Light,2023-12-03 16:00:00+00:00,3,1,1,0,0,0,0,0,1,6
FrameName,2023-02-02 17:21:29+00:00,1,1,1,0,190,0,0,0,1,194
Freehand,2023-10-04 16:00:00+00:00,1,1,0,0,0,0,0,0,1,3
FREE,2023-02-01 17:37:00+00:00,3,1,1,0,0,0,0,0,2,7
fuzz,2023-04-25 15:29:49+00:00,2,1,1,0,0,0,0,0,0,4
"fx(cryptonoises,1b)",2023-04-08 09:29:12+00:00,4,1,1,0,0,0,0,0,2,8
fx(hash) nouns,2023-01-01 02:32:14+00:00,1,1,1,0,47,0,0,0,1,51
fx(woods),2023-01-02 12:55:29+00:00,2,1,1,0,0,0,0,0,0,4
fx.cartogrpahy,2023-11-17 17:30:00+00:00,4,1,1,0,0,0,0,0,1,7
FxColor,2023-01-18 09:30:00+00:00,1,1,1,0,23,0,0,0,1,27
FXhashtract GIF #1,2023-02-07 19:28:59+00:00,4,3,0,0,0,0,127,0,1,135
FxStricher,2023-01-18 15:30:00+00:00,1,1,1,0,58,0,0,0,1,62
fx_dungeon_2(PRJKTNEON),2023-01-13 16:00:00+00:00,15,1,1,5,14,0,0,0,16,52
GameSqu,2023-01-14 22:03:14+00:00,2,1,1,0,0,0,0,0,0,4
Gate,2023-12-04 00:34:00+00:00,3,1,1,0,6,0,0,0,1,12
geiko,2023-08-23 17:20:00+00:00,1,1,1,0,62,0,0,0,1,66
GemHue,2023-09-15 16:00:00+00:00,3,1,1,0,0,12,0,0,1,18
GenCity,2023-12-08 17:09:28+00:00,3,1,1,0,0,12,0,0,1,18
Generative ARTicle,2023-01-18 15:30:00+00:00,3,1,0,0,0,0,0,0,0,4
GENERATIVE GLASSES,2023-04-04 14:04:00+00:00,1,1,0,4,0,0,0,0,9,15
Generative Virus,2023-11-27 10:16:22+00:00,6,1,1,0,0,0,0,0,0,8
Genuary 2023 Day 10 - Generative Music,2023-01-11 00:35:44+00:00,1,1,0,0,0,0,0,0,0,2
GEODECA,2023-04-21 18:30:00+00:00,4,1,1,0,0,0,0,0,0,6
Geofeminia,2023-04-21 17:30:00+00:00,1,1,1,0,44,0,0,0,1,48
GeoMask,2023-12-29 16:00:00+00:00,2,1,1,0,0,9,0,0,1,14
Geometric Blaze,2023-09-28 16:00:00+00:00,3,1,1,0,0,12,0,0,1,18
Geometric colorful shapes,2023-04-08 08:59:19+00:00,1,1,1,0,0,0,0,0,1,4
geopyramid,2023-11-24 16:00:00+00:00,3,1,1,0,0,12,0,0,1,18
GeoSisters,2023-12-03 15:06:40+00:00,2,1,1,0,0,14,0,0,1,19
Get Up,2023-05-19 07:28:00+00:00,1,1,1,0,8,0,0,0,1,12
Giant Giant Steps,2023-02-02 19:23:00+00:00,3,1,0,0,0,0,0,0,0,4
Giant Mushroom Wood,2023-01-14 06:14:14+00:00,3,1,1,0,0,0,0,0,2,7
GIANT PEPES,2023-02-25 22:34:29+00:00,4,1,1,0,29,0,0,51,4,90
Gidon Transcendent,2023-04-14 20:00:00+00:00,3,1,1,0,1,0,0,0,2,8
GIGI,2023-12-15 16:00:00+00:00,2,1,1,0,0,12,0,0,1,17
Glass Worms v2.0,2023-02-08 04:47:14+00:00,4,1,1,0,0,0,0,0,1,7
Glitches,2023-12-03 17:00:00+00:00,3,1,1,0,0,0,0,0,1,6
Glomularus Redux,2023-04-12 18:00:00+00:00,1,1,0,0,0,216,0,0,5,223
Glow and Flow,2023-01-05 09:41:29+00:00,2,1,1,0,0,0,0,0,0,4
Go to the Moon,2023-07-24 12:56:00+00:00,1,1,1,0,77,0,0,0,1,81
Gold Mining,2023-04-21 20:33:00+00:00,1,1,1,0,67,0,0,0,1,71
Good or Bad,2023-02-19 17:15:00+00:00,3,1,1,0,0,16,0,0,1,22
Gradient Portal,2023-07-07 23:00:00+00:00,3,1,1,0,0,0,0,0,1,6
Granular Spectrum,2023-02-19 16:56:14+00:00,3,1,1,0,1,0,0,0,1,7
grasses of the hay plain,2023-01-09 08:19:59+00:00,2,1,1,0,0,0,0,0,0,4
Gravity Lights,2023-02-28 20:59:00+00:00,2,1,1,0,0,0,0,0,0,4
GRUMPIES PFP,2023-03-13 20:00:14+00:00,1,1,1,0,69,0,0,0,1,73
H#2Y#M,2023-08-07 15:00:00+00:00,4,1,1,0,0,0,0,0,2,8
HANABI,2023-01-18 16:00:00+00:00,3,1,0,0,0,0,0,0,0,4
Happy Ending,2023-09-08 21:00:00+00:00,1,1,1,0,54,0,0,0,10,67
Harmonic Chaos,2023-12-03 18:00:00+00:00,3,1,1,0,0,0,0,0,0,5
Haruka,2023-08-04 17:20:00+00:00,1,1,1,0,59,0,0,0,1,63
Hash Branches,2023-01-23 02:57:29+00:00,4,1,1,0,0,0,0,0,2,8
HASHCOPY,2023-01-01 15:24:29+00:00,1,1,1,0,20,0,0,0,1,24
Hashes,2023-06-02 22:07:01+00:00,1,1,0,0,0,0,0,0,0,2
Havoc,2023-04-16 23:08:51+00:00,3,1,1,0,0,33,0,0,1,39
heikō,2023-07-18 17:00:00+00:00,5,1,1,0,0,1,0,0,1,9
Her - AI07,2023-01-15 00:15:44+00:00,1,1,1,0,0,0,0,0,0,3
HERE & NOW PORTALS,2023-04-07 20:40:26+00:00,1,1,1,0,0,0,0,0,2,5
HexaCity,2023-08-04 16:30:00+00:00,3,1,1,0,0,0,0,0,1,6
Hexscape,2023-10-04 16:00:00+00:00,4,1,1,0,0,0,0,0,1,7
HighHopes#2,2023-08-04 11:44:25+00:00,1,1,1,0,35,0,0,0,9,47
Hilberts,2023-01-26 13:28:29+00:00,1,1,0,0,0,0,0,0,0,2
Hilma,2023-02-02 17:30:00+00:00,1,1,0,0,0,0,0,0,1,3
Hix love,2023-03-15 16:37:44+00:00,1,1,1,0,9,0,0,0,2,14
HixAI*2,2023-04-09 14:21:24+00:00,1,1,1,0,9,0,0,0,2,14
human in search of himself,2023-10-04 17:05:00+00:00,1,1,1,0,78,0,0,0,1,82
Hy3ro3en,2023-08-24 08:45:00+00:00,5,1,1,0,0,0,0,0,2,9
Hyper Drive: B-Side,2023-03-27 17:00:00+00:00,3,1,1,0,200,0,0,0,4,209
i Paint,2023-12-29 12:28:00+00:00,2,1,1,0,111,0,0,0,1,116
illusion,2023-08-26 16:23:00+00:00,1,1,1,0,74,0,0,0,1,78
illu,2023-03-27 16:00:00+00:00,3,1,1,0,0,0,0,0,2,7
Impression of the city,2023-02-05 15:30:00+00:00,8,1,1,0,0,0,0,0,0,10
Improbable Drafts,2023-05-03 18:00:00+00:00,7,1,1,0,0,0,0,0,0,9
Improper Grid - AI18,2023-01-24 21:13:59+00:00,2,1,1,0,0,0,0,0,0,4
In The Dark,2023-01-01 03:41:44+00:00,3,1,0,0,0,0,0,0,2,6
Infection (params),2023-03-23 00:30:59+00:00,0,1,0,0,0,0,0,0,1,2
Infinite,2023-01-14 02:44:14+00:00,2,1,1,0,0,0,0,0,0,4
Inflorescence,2023-03-08 19:29:59+00:00,0,1,0,0,0,0,0,0,1,2
Initial Flakes,2023-06-19 11:11:07+00:00,3,1,1,0,0,0,0,0,3,8
ink painting,2023-03-06 12:58:14+00:00,2,1,1,0,0,0,0,0,0,4
Inspirational,2023-05-23 19:30:00+00:00,2,1,1,0,0,0,0,0,0,4
Intelligence Zone,2023-03-28 13:03:00+00:00,4,1,1,0,0,0,0,0,2,8
Interstellar,2023-02-08 18:00:00+00:00,0,1,0,0,0,1,0,0,0,2
Japanese Showers (JS) - A Beautiful Scar,2023-10-05 01:38:24+00:00,1,1,0,0,0,1,0,0,1,4
key bumps,2023-06-19 12:53:46+00:00,4,1,1,0,0,0,0,0,4,10
Kiosktur,2023-02-07 16:50:44+00:00,2,1,1,0,0,0,0,0,0,4
Kohana,2023-09-18 17:00:00+00:00,1,1,1,0,52,0,0,0,1,56
koke,2023-01-28 15:00:00+00:00,4,1,0,0,0,0,0,0,2,7
Konstruktion v0.5,2023-02-21 16:07:44+00:00,4,1,1,0,0,0,0,0,1,7
landscape,2023-02-01 11:09:14+00:00,2,1,1,0,0,0,0,0,0,4
Latent Garden 2,2023-09-28 20:59:47+00:00,2,1,0,0,0,0,0,0,8,11
Lavendropolis,2023-06-18 17:00:00+00:00,3,1,1,0,0,17,0,0,1,23
Layers of Noise,2023-07-18 13:00:00+00:00,2,1,0,0,3,0,0,0,2,8
LED Assembly,2023-02-14 09:28:14+00:00,3,1,1,0,0,0,0,0,2,7
Let Me Paint,2023-01-18 15:00:00+00:00,9,1,1,0,0,0,0,0,3,14
Letters Rainbow,2023-02-28 19:21:14+00:00,2,1,1,0,0,0,0,0,1,5
Lichen,2023-06-19 16:00:00+00:00,7,1,1,0,0,0,0,0,0,9
Lineamenta,2023-01-23 18:00:00+00:00,4,1,1,0,0,0,0,0,1,7
Lines & Dots [minimal],2023-04-27 16:58:20+00:00,3,1,1,0,0,0,0,0,0,5
Living Structures,2023-05-03 17:00:00+00:00,4,1,1,0,0,0,0,0,0,6
Livro,2023-01-31 15:00:00+00:00,9,1,1,0,0,0,0,0,3,14
local cafe,2023-12-29 13:00:00+00:00,5,1,1,0,0,0,0,0,5,12
Lonely Graves,2023-01-09 04:01:59+00:00,1,1,1,0,32,0,0,0,1,36
Long hair,2023-02-26 16:30:00+00:00,3,1,1,0,0,16,0,0,1,22
Lookouts,2023-08-02 15:00:00+00:00,2,1,1,0,0,0,0,0,1,5
Lost colors,2023-06-10 19:19:38+00:00,1,1,1,0,179,0,0,0,1,183
LOST TIMES!,2023-01-19 16:00:00+00:00,3,1,1,0,0,0,0,0,1,6
Luft,2023-08-24 16:00:00+00:00,2,1,0,0,0,0,0,0,0,3
M5: PULSES,2023-06-29 15:02:00+00:00,8,1,1,0,0,0,0,0,5,15
Magma,2023-01-13 19:00:00+00:00,1,1,1,0,28,0,0,0,1,32
Manifold,2023-08-14 15:00:00+00:00,1,1,1,0,0,0,0,0,1,4
Map,2023-03-21 00:20:14+00:00,2,1,1,0,0,0,0,0,0,4
Marching Matrix,2023-05-19 11:30:00+00:00,2,1,1,0,0,0,0,0,0,4
Medieval Village,2023-10-31 14:00:00+00:00,8,1,1,0,0,0,0,0,0,10
meios,2023-01-18 21:21:14+00:00,2,1,1,1,0,0,0,0,4,9
Mental Image,2023-07-28 11:07:26+00:00,3,1,1,0,0,0,0,0,31,36
Meravigliosa (AR),2023-03-16 18:00:00+00:00,2,1,1,0,0,1,0,0,2,7
Mercurial,2023-06-08 18:00:00+00:00,6,1,1,0,0,0,0,0,0,8
Mess,2023-07-03 20:30:00+00:00,2,1,1,0,0,0,0,0,0,4
MexiMuse,2023-07-28 16:00:00+00:00,3,1,1,0,0,18,0,0,1,24
Millennial,2023-01-09 09:42:29+00:00,2,1,1,0,0,0,0,0,0,4
Minimalist Women / Artificial Realism,2023-03-09 03:05:44+00:00,1,1,1,0,63,0,0,0,2,68
MINISYNTH,2023-03-03 13:00:00+00:00,5,1,1,0,1,0,0,0,3,11
MIRAGE:LOAD,2023-03-17 22:43:44+00:00,5,1,1,0,0,0,0,0,0,7
Mobius Konstruktion v2.0,2023-03-01 12:00:15+00:00,4,1,1,0,0,0,0,0,1,7
Moire,2023-03-17 00:00:00+00:00,2,1,1,0,0,0,0,0,0,4
Moiré Meditation,2023-02-07 19:00:00+00:00,1,1,0,0,1,0,0,0,2,5
Moods,2023-05-19 15:00:00+00:00,4,1,1,0,0,0,0,0,5,11
Moon Night,2023-06-14 12:28:00+00:00,1,1,1,0,17,0,0,0,1,21
Morixels Donkey,2023-04-20 18:30:00+00:00,1,1,1,0,124,0,0,0,1,128
Morning 2019,2023-05-09 07:28:00+00:00,1,1,1,0,13,0,0,0,1,17
Mosaic Dream,2023-05-19 02:00:00+00:00,5,1,1,0,0,0,0,0,1,8
Mounds No. 4,2023-05-22 20:50:05+00:00,2,1,1,0,0,0,0,0,1,5
mozsun,2023-08-16 14:56:45+00:00,4,1,1,0,0,0,0,0,0,6
Mr. Whiskers’ Generative Synthwave Odyssey,2023-05-18 17:10:00+00:00,5,1,1,0,0,0,0,0,5,12
Multiverse Landscape u#3,2023-01-02 21:21:29+00:00,3,1,1,0,0,0,0,0,0,5
Mushroom,2023-09-22 00:34:00+00:00,1,1,1,0,6,0,0,0,1,10
my brother,2023-07-18 17:00:00+00:00,3,1,0,0,0,0,0,0,1,5
Mystery,2023-08-23 16:56:00+00:00,1,1,1,0,61,0,0,0,1,65
NEBELWALD,2023-01-04 17:00:00+00:00,3,1,1,0,0,0,0,0,2,7
Nervography,2023-01-18 15:48:44+00:00,2,1,1,0,0,0,0,0,0,4
New way,2023-02-02 17:00:00+00:00,2,1,1,0,0,0,0,0,0,4
NFT FORTUNE TELLING,2023-07-12 23:52:02+00:00,1,1,1,0,138,0,0,0,6,147
Night Sketch,2023-01-31 03:16:44+00:00,3,1,1,0,0,0,0,0,2,7
Night Vision,2023-03-23 18:00:00+00:00,4,1,1,0,0,0,0,0,0,6
No Aozora,2023-08-18 16:00:00+00:00,2,1,1,0,0,0,0,0,1,5
No need for noise,2023-06-17 00:00:00+00:00,1,1,0,2,0,0,0,0,9,13
No Strings Attached,2023-01-23 03:43:29+00:00,2,1,1,0,1,0,0,0,1,6
No-Boxes#3,2023-08-04 19:30:00+00:00,2,1,1,0,0,0,0,0,0,4
Noisy Creatures,2023-02-09 16:00:00+00:00,1,1,1,0,0,0,0,0,2,5
Nouns Code: 563,2023-01-03 13:00:00+00:00,1,1,1,0,0,8,0,0,2,13
Nouns Code: 569,2023-01-09 08:30:00+00:00,1,1,1,0,0,8,0,0,2,13
OBLIQUE,2023-02-13 03:00:00+00:00,2,1,1,0,0,0,0,0,1,5
Oceanic,2023-09-11 16:00:00+00:00,3,1,1,0,0,13,0,0,1,19
Onablo's Herbs,2023-03-07 19:10:00+00:00,1,1,1,0,226,0,0,0,2,231
Onda Senoidal,2023-03-12 19:20:00+00:00,3,1,1,0,0,0,0,0,1,6
ONE TWO TREE!,2023-06-15 21:10:33+00:00,4,1,1,0,0,0,0,0,0,6
Onyx Dunes,2023-07-03 21:13:19+00:00,16,1,1,0,0,0,0,0,3,21
Opepen Tezos Edition,2023-05-05 13:00:00+00:00,2,1,1,0,0,0,0,0,2,6
Opus 1. The Flow of Souls,2023-01-07 15:30:00+00:00,4,1,0,3,0,0,0,0,64,72
Orbital Plowing v1.0,2023-01-23 01:31:59+00:00,6,1,1,0,0,0,0,0,1,9
Orbit,2023-03-27 17:01:00+00:00,3,1,1,0,0,0,0,0,1,6
Organic Chaos,2023-01-29 20:00:29+00:00,0,1,0,0,0,0,0,0,0,1
Origin,2023-06-02 16:30:00+00:00,3,1,1,0,0,0,0,0,1,6
Out of Frame (fxhash),2023-12-30 16:56:00+00:00,2,1,1,0,89,0,0,0,1,94
Out of Frame,2023-02-19 21:04:59+00:00,1,1,1,0,40,1,0,0,1,45
Out-Run,2023-04-26 11:04:11+00:00,1,1,0,0,0,0,0,0,31,33
P5Js Thoughts V7,2023-08-30 03:26:38+00:00,2,1,1,0,0,0,0,0,1,5
Paint lightning,2023-05-06 08:15:17+00:00,3,1,1,0,0,0,0,0,2,7
palace of ghosts,2023-07-04 13:30:00+00:00,3,1,1,0,17,11,0,0,1,34
Paper salad with colored cardboard,2023-06-19 05:39:04+00:00,3,1,1,0,0,0,0,0,2,7
paper║╢╢╢face╠╢╢▒╢▓▓▀PFP,2023-01-01 00:52:14+00:00,1,1,1,0,23,0,0,0,1,27
pathFlow,2023-05-28 14:30:29+00:00,1,1,1,0,0,0,0,0,1,4
Paths That Join,2023-03-08 19:00:00+00:00,3,1,0,0,0,0,0,0,0,4
pearlFlowers,2023-03-04 00:00:00+00:00,2,1,1,0,0,0,0,0,1,5
personam_data [🎧],2023-10-18 14:00:00+00:00,7,1,1,0,0,0,0,0,4,13
pico_punk_generator_generator.p8,2023-03-20 13:00:00+00:00,2,1,0,0,0,0,0,0,1,4
Piet Canvas,2023-07-04 00:37:36+00:00,1,1,1,0,40,0,0,0,1,44
Piet Windows,2023-07-03 08:39:49+00:00,1,1,1,0,29,0,0,0,1,33
Pigments,2023-03-30 18:00:00+00:00,5,1,1,0,0,0,0,0,2,9
Pixel DECALS,2023-01-03 04:33:44+00:00,1,1,1,0,23,0,0,0,1,27
Playbrokes,2023-02-22 15:00:00+00:00,5,1,1,0,0,0,0,0,4,11
Plexus,2023-06-01 20:28:13+00:00,3,1,1,0,0,0,0,0,2,7
Plottable Sliced Spiral,2023-02-02 17:30:00+00:00,1,1,0,0,0,0,0,0,2,4
Polarization,2023-05-30 17:30:00+00:00,3,1,1,0,0,13,0,0,1,19
Polygon Soup,2023-03-27 16:30:29+00:00,2,1,0,0,0,0,0,19,2,24
Popsicles,2023-07-18 14:37:53+00:00,3,1,1,0,0,0,0,0,1,6
Portals/,2023-06-29 03:49:14+00:00,1,1,1,0,63,0,0,0,2,68
portal,2023-01-18 16:25:44+00:00,1,1,1,0,0,1,0,0,3,7
Porta,2023-01-14 15:06:59+00:00,2,1,1,0,0,0,0,0,1,5
Portrait of the Token as The Code Ran,2023-03-13 11:38:14+00:00,3,1,1,0,0,0,0,0,1,6
Potface,2023-01-04 18:30:00+00:00,2,1,1,0,0,0,0,0,1,5
Promise Pending / Static Oracle,2023-03-14 18:22:14+00:00,1,1,1,0,0,0,0,0,2,5
PROUDUCT - DOOTCUM,2023-02-10 04:01:14+00:00,0,1,0,0,0,0,0,0,0,1
Prunus serrulata 🎧,2023-01-16 00:25:44+00:00,3,1,1,0,0,0,0,0,1,6
Pumpkin Head,2023-10-30 18:30:00+00:00,1,1,1,0,36,0,0,0,1,40
Purple City,2023-05-01 17:10:00+00:00,3,1,1,0,0,18,0,0,1,24
Purpose,2023-01-06 22:34:44+00:00,1,1,1,0,0,0,0,0,0,3
Puzzled guy that rest in pieces,2023-10-31 17:13:00+00:00,14,1,1,0,224,0,0,0,2,242
Race,2023-05-02 19:27:28+00:00,3,1,1,0,0,17,0,0,1,23
Radiate,2023-06-08 17:01:00+00:00,3,1,1,0,0,0,0,0,1,6
Rainbow Ripples Automaton,2023-12-17 19:00:00+00:00,11,1,1,0,0,0,0,0,2,15
Rainbow Swirls,2023-03-27 16:00:00+00:00,3,1,1,0,0,0,0,0,2,7
Random Balls,2023-12-14 16:00:00+00:00,4,1,1,0,0,0,0,0,3,9
Random snow error,2023-07-19 23:30:11+00:00,4,1,1,0,0,0,0,0,1,7
Random walking with colors and mirroring,2023-09-24 18:42:03+00:00,1,1,1,0,0,0,0,0,0,3
Randomness,2023-09-11 18:00:00+00:00,1,1,1,0,56,0,0,0,1,60
Real Steel,2023-12-31 17:00:00+00:00,2,1,1,0,42,0,0,0,1,47
Rebellion,2023-08-07 23:59:45+00:00,1,1,1,0,0,0,0,0,0,3
Rectmatic,2023-05-15 17:45:00+00:00,5,1,1,0,0,0,0,0,2,9
Red forests of broken words,2023-03-01 09:14:59+00:00,3,1,1,0,0,0,0,0,1,6
Red Monsters,2023-10-04 15:49:59+00:00,1,1,1,0,41,0,0,0,1,45
Red Roses II,2023-07-16 10:55:20+00:00,1,1,1,0,14,0,0,0,2,19
Redgy,2023-06-02 17:30:00+00:00,3,1,1,0,0,12,0,0,1,18
RED,2023-01-04 16:30:00+00:00,1,1,1,0,65,0,0,0,1,69
regularity,2023-03-16 21:18:29+00:00,230,1,1,0,0,0,0,0,9,241
Reprint Stamp from deep space,2023-09-02 18:00:00+00:00,3,1,1,0,0,0,0,0,1,6
Resilience,2023-02-14 01:30:44+00:00,2,1,1,0,0,0,0,0,0,4
rESORT GENOME,2023-01-03 19:17:29+00:00,1,1,1,0,5,0,0,0,2,10
Restless Hope,2023-08-05 03:00:16+00:00,1,1,1,0,54,0,0,0,2,59
"Rhythm, Shapes & Colors",2023-09-11 17:04:43+00:00,2,1,1,0,0,0,0,0,0,4
Richter,2023-01-20 17:00:00+00:00,2,1,0,1,1,2,24,0,1,32
rings×GPT,2023-02-06 14:17:44+00:00,2,1,1,0,0,0,0,0,0,4
Ripples,2023-02-21 20:02:29+00:00,2,1,1,0,0,0,0,0,0,4
Rise,2023-02-02 02:49:59+00:00,2,1,1,0,0,0,0,0,0,4
Roll,2023-01-04 17:30:00+00:00,3,1,1,0,0,0,0,0,1,6
Rorshak Redux,2023-03-18 05:27:59+00:00,4,1,1,0,0,0,0,0,1,7
Rotation Bug,2023-10-05 18:00:00+00:00,9,1,1,0,0,0,0,0,0,11
Rotation of colors,2023-02-02 18:30:00+00:00,1,1,1,0,37,0,0,0,1,41
Ruins,2023-03-06 19:00:00+00:00,2,1,1,0,0,0,0,0,0,4
Sand,2023-08-04 17:00:00+00:00,18,1,0,0,0,0,0,0,4,23
Satoshis,2023-01-01 03:10:59+00:00,1,1,1,0,37,0,0,0,1,41
Scarlet Bloom,2023-12-31 20:59:00+00:00,3,1,1,0,0,25,0,0,1,31
Scratch 1998,2023-07-25 21:01:58+00:00,1,1,1,0,27,0,0,0,1,31
Semaphore,2023-02-02 18:00:00+00:00,3,1,1,0,0,0,0,0,1,6
Sensor,2023-02-13 21:53:59+00:00,4,1,1,0,0,0,0,0,2,8
shimmr,2023-02-14 11:30:00+00:00,2,1,1,0,0,0,0,0,1,5
Shine On,2023-01-09 10:00:00+00:00,7,1,0,0,0,0,0,0,0,8
Side of Color,2023-01-24 13:11:59+00:00,1,1,1,0,23,0,0,0,1,27
Silent,2023-12-02 14:57:32+00:00,16,1,1,1,0,0,0,0,1,20
Silkroad,2023-01-25 00:37:14+00:00,1,1,1,0,23,0,0,0,1,27
Silly Faces - AI26,2023-01-31 20:23:44+00:00,2,1,1,0,0,0,0,0,0,4
Simple Fail,2023-06-01 12:00:00+00:00,6,1,1,0,0,0,0,0,0,8
Simplicity,2023-01-31 18:15:44+00:00,2,1,1,0,0,0,0,0,0,4
Sir Peeps A Lot. The Knower.,2023-04-07 21:12:14+00:00,1,1,1,0,104,0,0,0,2,109
Sketch 41,2023-08-23 21:00:00+00:00,4,1,1,0,0,0,0,0,1,7
sketchbook page 6: dice roll,2023-01-27 21:15:00+00:00,3,1,1,0,0,0,0,0,1,6
Sketchy Delight,2023-01-12 16:05:00+00:00,3,1,0,0,0,0,0,0,1,5
skull 💀 token,2023-03-08 19:02:59+00:00,311,1,1,5,8,6,0,0,13,345
Slasher,2023-01-10 18:00:00+00:00,2,1,1,0,0,0,0,0,1,5
Sliders,2023-07-31 15:30:00+00:00,1,1,1,0,127,0,0,0,2,132
SoacomocaoS: mnmnMMXXIII Compositions,2023-10-10 23:14:39+00:00,3,1,1,0,0,0,0,0,3,8
Softly,2023-07-04 12:42:00+00:00,1,1,1,0,51,0,0,0,1,55
SOLAR,2023-03-01 10:56:44+00:00,2,1,1,0,0,0,0,0,0,4
Soliscape,2023-05-20 16:59:27+00:00,2,1,1,0,0,0,0,0,0,4
Sombras,2023-07-05 00:11:21+00:00,3,1,1,0,0,0,0,0,1,6
Something Wicked,2023-10-31 19:00:00+00:00,2,1,1,0,0,0,0,0,3,7
Spheres,2023-01-13 23:31:44+00:00,5,1,1,0,0,0,0,0,1,8
Spinning Mandala,2023-01-01 02:09:44+00:00,3,1,1,0,0,0,0,0,1,6
Spiral TC,2023-02-21 18:39:44+00:00,3,1,1,0,0,0,0,0,0,5
splash paint,2023-01-09 08:29:59+00:00,5,1,0,0,0,0,0,0,0,6
Spoiled Symmetry [H36SR],2023-06-21 22:30:00+00:00,1,1,1,0,29,0,0,0,0,32
Spring will be back again,2023-02-07 19:00:00+00:00,1,1,1,0,0,0,0,1,3,7
Stacked Expressions,2023-10-04 17:30:00+00:00,2,1,0,0,0,0,0,0,2,5
stained glass,2023-01-19 23:57:14+00:00,1,1,0,0,0,0,0,0,0,2
Stamps of Onablo,2023-03-29 18:00:00+00:00,4,3,0,0,131,0,0,0,1,139
stopmotion #1 - universo paralello 13,2023-07-18 17:00:00+00:00,3,1,1,0,0,0,0,0,85,90
Storm of madness,2023-03-26 10:11:44+00:00,3,1,1,0,0,0,0,0,2,7
STORM:RAIN,2023-01-14 20:32:44+00:00,3,1,1,0,0,0,0,0,1,6
Strange Terrain Re·Dux,2023-12-29 22:44:15+00:00,8,1,1,1,0,0,0,0,0,11
Strange Terrain,2023-12-06 13:00:00+00:00,8,1,1,1,0,0,0,0,0,11
Strange-machines,2023-07-18 15:40:46+00:00,4,1,1,0,0,0,0,0,1,7
Stratum,2023-01-28 17:30:00+00:00,2,1,1,0,0,0,0,0,0,4
Successful Waves,2023-01-26 20:45:00+00:00,2,1,0,0,0,0,0,0,1,4
SunFlower,2023-03-11 17:30:00+00:00,3,1,1,0,0,16,0,0,1,22
Supernal Memories,2023-03-09 15:00:00+00:00,3,1,0,0,0,0,0,0,2,6
Suprematrix [Genuary32nd],2023-02-07 19:00:00+00:00,4,1,1,0,0,0,0,0,1,7
Suspended polygons,2023-07-10 18:00:00+00:00,1,1,1,0,0,0,0,0,0,3
swamp or light,2023-01-22 23:07:29+00:00,5,1,1,0,0,0,0,0,0,7
Symbol,2023-03-05 04:30:00+00:00,1,1,1,0,0,0,0,0,1,4
Symphony,2023-02-09 13:30:00+00:00,5,1,1,0,0,0,0,0,0,7
Synth,2023-09-01 11:00:00+00:00,3,1,0,0,0,0,0,0,2,6
Sπral,2023-08-03 23:02:09+00:00,2,1,1,0,0,0,0,0,0,4
Telluria: Commonwealth,2023-06-24 10:00:00+00:00,4,1,0,0,0,0,0,0,2,7
Telluria: Tract,2023-06-08 17:15:00+00:00,3,1,0,0,0,0,0,0,2,6
TEMPEST,2023-05-15 18:00:00+00:00,5,1,1,0,0,0,0,0,2,9
Tendencies,2023-01-01 02:48:29+00:00,3,1,1,0,0,0,0,0,1,6
Terraced,2023-01-04 17:00:00+00:00,1,1,1,0,0,0,0,0,2,5
Terrainity,2023-04-20 19:00:00+00:00,1,1,1,0,0,0,0,0,1,4
Textures,2023-01-04 16:30:00+00:00,4,1,1,0,0,0,0,0,0,6
Tezos Random Rocks,2023-02-21 19:42:29+00:00,1,1,1,0,0,0,0,0,0,3
TezQuakeAid Morocco,2023-09-12 10:00:00+00:00,1,1,1,0,0,0,0,0,0,3
The Cosmic Soup,2023-03-08 20:00:00+00:00,32,1,1,0,0,0,0,0,1,35
The dancing grove,2023-02-20 19:00:00+00:00,10,1,1,0,0,0,0,0,2,14
The endless mountain,2023-01-28 15:30:00+00:00,7,1,1,0,0,0,0,0,0,9
The Fast Marching,2023-01-13 01:13:29+00:00,2,1,1,0,0,0,0,0,0,4
The Future of Us /,2023-06-28 01:15:27+00:00,1,1,1,0,80,0,0,0,2,85
THE GARDEN OF DELIGHTS,2023-02-07 20:47:14+00:00,3,1,1,0,0,0,0,0,4,9
The Incredible Contraption,2023-08-23 19:00:00+00:00,2,1,1,0,14,6,0,0,8,32
The Intimate Dance of Rules,2023-09-28 17:30:00+00:00,4,1,1,0,0,0,0,0,1,7
The Love Gun,2023-03-08 19:00:00+00:00,1,1,1,0,45,0,0,0,6,54
The Machine: Random Access Memory,2023-01-13 15:50:14+00:00,1,1,1,0,0,0,0,0,0,3
the music composer,2023-01-23 00:36:29+00:00,3,1,1,0,4,0,0,0,0,9
The Odds,2023-07-18 17:30:00+00:00,3,1,1,0,0,0,0,0,1,6
The Panoramic City,2023-09-07 17:00:00+00:00,2,1,0,0,0,0,0,0,0,3
the Pazyryk,2023-10-04 15:30:00+00:00,2,1,1,0,0,0,0,0,0,4
The Shifting Clockscape,2023-09-13 00:11:58+00:00,11,1,1,0,0,0,0,0,2,15
Tile Study,2023-02-21 19:00:00+00:00,5,1,1,0,0,0,0,0,1,8
Time Lapse,2023-08-10 09:13:21+00:00,3,1,1,0,0,0,0,0,2,7
Time will tell,2023-01-14 03:00:00+00:00,3,1,0,0,0,0,0,0,0,4
TIMELINES,2023-04-07 08:30:00+00:00,2,1,1,0,0,0,0,0,0,4
Tiny Frens,2023-04-11 02:10:24+00:00,1,1,1,0,47,0,0,0,1,51
TOPO,2023-04-05 16:03:00+00:00,3,1,1,0,0,0,0,0,2,7
Torment,2023-07-28 10:42:11+00:00,1,1,1,0,94,0,0,0,1,98
Torn,2023-07-18 01:00:00+00:00,1,1,1,0,26,0,0,0,2,31
Trail,2023-10-21 00:15:00+00:00,5,1,1,0,0,0,0,0,0,7
Translate,2023-03-17 23:54:14+00:00,1,1,0,0,0,0,0,0,0,2
Trapped Garden,2023-07-22 03:40:58+00:00,10,1,1,0,0,0,0,0,0,12
TREE DIAGRAM,2023-12-31 09:46:28+00:00,3,1,0,0,0,0,0,0,0,4
Tree of Shadows,2023-06-11 01:03:29+00:00,1,1,1,0,22,0,0,0,1,26
Tres Ordines,2023-01-28 16:00:00+00:00,1,1,1,0,88,0,0,0,1,92
Triangle Color Study,2023-06-02 18:00:00+00:00,3,1,1,0,0,0,0,0,2,7
Trouchet,2023-08-27 17:00:00+00:00,2,1,1,0,0,0,0,0,1,5
trāma,2023-07-14 07:30:00+00:00,6,1,1,0,0,0,0,0,1,9
Una,2023-10-30 11:08:00+00:00,3,1,1,0,0,0,0,0,2,7
Underwater World,2023-05-03 07:28:00+00:00,1,1,1,0,13,0,0,0,1,17
unmet expectations,2023-03-08 19:00:00+00:00,1,1,1,0,65,0,0,0,1,69
unstbl.systm,2023-05-18 21:00:22+00:00,3,1,1,0,0,0,0,0,2,7
V'Ger,2023-02-14 19:00:00+00:00,2,1,1,0,0,0,0,0,1,5
Velire,2023-04-20 17:30:00+00:00,1,1,1,0,78,0,0,0,1,82
Visible Spectrum Series Two,2023-01-28 18:00:00+00:00,3,1,1,0,0,9,0,0,4,18
Volatile Condition of Men,2023-05-11 13:00:00+00:00,3,1,1,0,0,0,0,0,0,5
Wallet Spectrums,2023-10-09 16:30:00+00:00,2,1,0,0,0,0,0,0,2,5
Warrior,2023-02-16 00:34:00+00:00,1,1,1,0,17,0,0,0,0,20
Weave Line,2023-04-20 18:02:00+00:00,3,1,1,0,0,0,0,0,1,6
Weird birds,2023-08-23 19:00:00+00:00,1,1,1,0,76,0,0,0,2,81
What Do You See?,2023-02-21 22:00:00+00:00,3,1,1,0,0,0,0,0,0,5
What If,2023-01-05 18:00:00+00:00,2,1,1,0,0,0,0,0,8,12
While drawing,2023-04-08 12:04:57+00:00,3,1,1,0,0,0,0,0,1,6
Whispering Depths,2023-05-26 15:00:00+00:00,3,1,1,0,0,0,0,0,1,6
Wineva,2023-06-26 17:00:00+00:00,3,1,1,0,0,16,0,0,1,22
WISH*,2023-03-10 18:00:00+00:00,2,1,1,0,0,0,0,0,0,4
wizard,2023-12-31 20:30:00+00:00,3,1,1,0,10,0,0,0,1,16
Woman at a Crosswalk,2023-04-12 15:00:00+00:00,1,1,0,0,39,0,0,0,7,48
Worthless Clockwork,2023-10-02 16:50:00+00:00,2,1,1,0,0,0,0,0,0,4
Wreckage,2023-11-06 04:47:27+00:00,4,1,1,0,0,0,0,0,3,9
wreckmess,2023-02-04 20:29:00+00:00,2,1,1,0,0,0,0,0,0,4
Wuthering Heights,2023-01-16 23:30:44+00:00,2,1,1,0,0,0,0,0,1,5
XDeca,2023-01-22 11:34:59+00:00,1,1,1,0,17,0,0,0,1,21
XOXO Pixels,2023-01-01 02:14:44+00:00,1,1,1,0,65,0,0,0,1,69
Zancanism*2*,2023-05-18 20:30:00+00:00,2,1,1,0,0,0,0,0,0,4
zero line,2023-01-21 01:57:44+00:00,4,1,1,0,0,0,0,0,0,6
Zodiac,2023-04-13 12:00:00+00:00,5,1,0,0,26,0,0,13,4,49
"""Dynamic Pathways"".svg",2023-08-04 06:00:00+00:00,1,1,1,0,0,0,0,0,0,3
"""Karyotype""",2023-01-16 16:30:00+00:00,3,1,1,0,0,0,0,0,1,6
//void//able//void//,2023-11-01 03:00:00+00:00,1,1,0,0,0,0,0,0,0,2
///,2023-02-19 17:00:00+00:00,1,1,0,0,0,0,0,0,0,2
共生 / Symbiosis,2023-04-01 14:24:18+00:00,3,1,1,0,0,0,0,0,2,7
春が来て、美しさが咲く。,2023-04-20 00:50:50+00:00,1,1,1,0,6,0,0,0,1,10
野生の本能 / Wild instinct,2023-03-18 03:48:59+00:00,1,1,1,0,78,0,0,0,2,83
𝙧𝙤𝙨𝙚𝙢𝙖𝙧𝙮'𝙨 GᗩᖇᗪEᑎ,2023-03-21 21:51:14+00:00,3,1,1,0,0,0,0,50,0,55
💾 HELLO TEST ∆ GEN_1,2023-05-07 22:16:39+00:00,1,1,0,0,1,0,0,0,3,6
$SKULL Knights,2024-12-28 14:39:55+00:00,2,1,1,0,61,0,0,0,1,66
36 Lines,2024-10-23 20:33:40+00:00,3,1,1,0,0,0,0,0,2,7
A Turbulent and Tempestuous Passion,2024-06-17 17:00:00+00:00,4,1,1,0,0,0,0,0,0,6
Abstract Fusion,2024-06-11 16:56:00+00:00,2,1,1,0,68,0,0,0,1,73
adroste,2024-11-26 12:00:00+00:00,3,1,1,0,0,0,0,2,2,9
AEONS,2024-05-13 04:29:59+00:00,3,1,1,0,71,0,0,0,1,77
Alien DNA,2024-10-21 23:20:05+00:00,3,1,1,0,0,0,0,0,1,6
Allenii,2024-04-20 01:20:00+00:00,4,1,1,0,0,0,0,0,0,6
Ancient time,2024-11-11 22:59:00+00:00,4,1,1,0,0,0,0,0,2,8
ANSITUNES,2024-08-15 14:00:00+00:00,4,1,1,0,0,0,0,0,2,8
anxiety,2024-03-04 17:19:40+00:00,6,1,1,0,0,0,0,0,0,8
Approaching,2024-03-31 05:55:14+00:00,4,1,1,0,4,0,0,0,0,10
aquarelles,2024-12-30 08:07:05+00:00,3,1,1,0,52,0,0,0,1,58
Arc_And_Arch_Archipelago,2024-04-19 11:00:00+00:00,3,1,0,0,0,0,0,0,0,4
Art 18 JAN. 2024 (Algorithm),2024-01-18 12:28:00+00:00,2,1,1,0,11,0,0,0,1,16
Artist Party,2024-02-05 17:28:00+00:00,2,1,1,0,456,0,0,0,1,461
Artistic Circuits,2024-03-22 19:45:36+00:00,4,1,1,0,0,0,0,0,1,7
Arto,2024-01-22 18:30:00+00:00,3,1,1,0,42,0,0,0,1,48
As Above So Below,2024-01-02 16:00:00+00:00,3,1,1,0,0,0,0,0,2,7
Atomic Radiation,2024-05-15 19:00:00+00:00,3,1,2,0,0,0,0,0,2,8
Aura Pulses,2024-12-31 19:57:20+00:00,3,1,1,0,0,0,0,0,2,7
Banding,2024-02-08 14:00:00+00:00,3,1,0,0,0,0,0,0,0,4
Bender Blender (Rerender),2024-05-14 06:39:02+00:00,4,1,1,0,19,0,0,0,0,25
Biomechanika,2024-07-06 16:00:00+00:00,4,1,1,0,4,0,0,0,3,13
Bioz,2024-04-03 15:00:00+00:00,4,1,1,2,0,0,0,0,8,16
BITXO [🎧],2024-09-05 10:00:00+00:00,11,1,2,0,0,0,0,0,6,20
Bit_Bio_Box,2024-03-22 10:00:00+00:00,3,1,0,0,0,0,0,0,0,4
Blend In : Stand Out,2024-07-09 03:14:05+00:00,4,1,1,0,1,0,0,0,0,7
BLUE SERIES UNIVERSAL SPIRITUALITY,2024-10-25 15:00:00+00:00,4,1,1,0,1,0,0,0,3,10
BounceScape,2024-02-26 10:11:44+00:00,4,1,1,0,0,0,0,0,1,7
Breathing Redux,2024-12-27 17:00:00+00:00,3,1,1,0,0,0,0,0,0,5
breeze shift,2024-03-13 18:10:56+00:00,6,1,1,0,0,0,0,0,0,8
BrightTessera,2024-11-26 17:00:00+00:00,1,1,0,0,0,0,0,0,0,2
Brutalist Cubes,2024-02-23 10:31:43+00:00,2,1,1,0,2,0,0,0,1,7
Brutalist Paintings,2024-02-23 17:43:11+00:00,2,1,1,0,3,0,0,0,1,8
Caos,2024-11-02 14:00:00+00:00,2,1,0,0,0,0,0,0,0,3
Celestial Cityscape,2024-04-23 16:00:00+00:00,3,1,0,0,0,0,0,0,1,5
Celestial Grove,2024-11-08 23:36:45+00:00,2,1,1,2,0,0,0,0,1,7
Celestial Harmony,2024-02-25 19:06:51+00:00,4,1,1,0,0,0,0,0,1,7
celestial,2024-07-09 16:00:00+00:00,6,1,1,0,0,0,0,0,0,8
CharCrafter0 (XTZ),2024-11-09 18:36:05+00:00,3,1,1,0,0,0,0,0,0,5
Childhood Cars,2024-01-02 16:50:45+00:00,3,1,1,0,0,0,0,0,6,11
ChromaSlide,2024-02-20 16:30:00+00:00,3,1,0,0,0,0,0,0,1,5
Cirot,2024-05-13 16:00:00+00:00,2,1,1,0,0,0,0,0,1,5
cl0nes,2024-01-14 13:00:00+00:00,3,1,1,0,46,0,0,0,2,53
Cluster Waves,2024-09-27 03:34:20+00:00,7,1,1,0,0,0,0,0,2,11
Collision,2024-02-08 20:00:00+00:00,3,1,0,0,0,0,0,0,0,4
COMICS,2024-01-14 16:00:00+00:00,3,1,0,0,100,0,0,0,0,104
Complementary Opposites,2024-11-11 15:00:00+00:00,4,1,1,0,0,0,0,0,1,7
COMPLEX,2024-12-14 14:00:00+00:00,2,1,1,0,0,0,0,0,1,5
Compositional grids,2024-03-30 12:25:44+00:00,4,1,1,0,0,0,0,0,0,6
Concentric,2024-06-14 20:08:40+00:00,4,1,1,0,0,0,0,0,0,6
Concerts,2024-02-23 10:04:03+00:00,2,1,1,0,2,0,0,0,1,7
Connection,2024-03-02 16:35:00+00:00,2,1,1,0,128,0,0,0,1,133
Continuum,2024-03-22 20:00:00+00:00,5,1,1,1,0,0,0,0,1,9
Contour Faces#3,2024-03-31 14:00:00+00:00,2,1,1,0,41,0,0,0,1,46
cool tree,2024-11-12 22:33:00+00:00,3,1,1,0,0,0,0,0,0,5
cool,2024-03-27 18:50:00+00:00,2,1,1,0,0,0,0,0,2,6
Cosmic Dance,2024-02-25 19:23:32+00:00,4,1,1,0,0,0,0,0,1,7
Cosmic Mandalas,2024-02-17 20:57:12+00:00,4,1,1,0,0,0,0,0,2,8
Cosmic Oscillations,2024-12-28 20:00:00+00:00,3,1,2,0,0,0,0,0,1,7
Cosmic Smoke,2024-04-21 00:00:00+00:00,4,1,1,2,0,0,0,0,2,10
Coulomb Trajectory,2024-09-04 13:13:45+00:00,3,1,1,0,0,0,0,0,2,7
Crazed Circles,2024-01-02 23:55:54+00:00,4,1,1,2,0,0,0,0,2,10
Crowded Maximal,2024-12-31 07:54:40+00:00,3,1,1,0,0,0,0,0,2,7
cryptics,2024-12-31 20:50:40+00:00,4,1,1,0,0,0,0,0,1,7
Cubicle Ripples,2024-01-18 05:00:00+00:00,4,1,0,0,0,0,0,0,0,5
Cult Of Personality,2024-09-03 16:00:00+00:00,4,1,1,0,0,0,0,0,1,7
Cyan Magenta Yellow blacK,2024-04-13 00:30:11+00:00,4,1,1,0,1,0,0,0,0,7
dadada,2024-05-31 04:53:58+00:00,4,1,1,0,0,0,0,0,1,7
Dancing in Meadow,2024-01-22 17:30:00+00:00,3,1,1,0,33,0,0,0,1,39
Dawn,2024-06-15 16:56:00+00:00,2,1,1,0,67,0,0,0,1,72
DEER,2024-12-30 20:30:00+00:00,3,1,1,0,7,0,0,0,1,13
DiGi Heart,2024-07-08 16:00:00+00:00,2,1,1,0,0,0,0,0,1,5
Discombobulated,2024-04-09 15:00:00+00:00,4,1,0,0,0,0,0,0,0,5
Domeus,2024-02-26 13:00:40+00:00,2,1,1,0,0,0,0,0,1,5
DOOMKATS,2024-01-08 12:00:00+00:00,2,1,1,0,163,0,0,0,1,168
Double Bubble Trouble,2024-03-30 02:01:17+00:00,4,1,1,0,1,0,0,0,0,7
Drunk Fish,2024-02-23 09:11:36+00:00,2,1,1,0,2,0,0,0,1,7
Dry twigs,2024-02-08 16:00:00+00:00,9,1,1,1,0,0,0,0,1,13
dw BASIC 2.11,2024-03-10 00:47:00+00:00,4,1,1,0,2,0,0,0,1,9
Ealaíne,2024-01-17 17:08:00+00:00,4,1,0,0,0,0,0,0,0,5
Earthen rampart (tez),2024-10-25 08:00:00+00:00,4,1,0,0,0,0,0,0,2,7
electric skyline,2024-05-10 18:17:24+00:00,2,1,1,0,0,0,0,0,2,6
Elliott Waves,2024-08-15 00:53:05+00:00,3,1,0,0,0,0,0,0,1,5
Ellipses,2024-03-14 02:30:00+00:00,2,1,1,1,0,0,0,0,1,6
Entangled Lives,2024-08-24 14:59:25+00:00,4,1,1,0,0,0,0,0,1,7
Entropy,2024-05-02 18:00:00+00:00,4,1,1,1,0,0,0,0,1,8
Ephemeral Whirls,2024-08-01 21:44:35+00:00,3,1,0,0,0,0,0,0,1,5
Ethereal,2024-02-20 04:00:00+00:00,3,1,0,0,0,0,0,0,0,4
"Every Note, Everywhere, All at Once: KES",2024-06-21 11:07:00+00:00,4,1,1,0,1,0,0,0,2,9
Explosion and Implosion,2024-11-12 16:33:00+00:00,3,1,1,0,0,0,0,0,0,5
Facial Mimicry: Inclusive art,2024-02-12 17:00:00+00:00,3,1,0,0,0,0,0,0,0,4
Fireworks,2024-03-02 22:32:36+00:00,8,1,1,0,0,0,0,0,2,12
Flow of Nature,2024-03-30 19:28:10+00:00,5,1,0,2,0,0,0,0,57,65
Flower Girls,2024-01-01 17:00:00+00:00,2,1,1,0,15,0,0,0,1,20
FlowerSS,2024-02-25 04:12:32+00:00,2,1,1,0,31,0,0,0,1,36
Fluid Edge,2024-09-27 15:00:00+00:00,5,1,1,0,0,0,0,0,0,7
flying sushi,2024-11-12 16:34:30+00:00,3,1,1,0,0,0,0,0,0,5
For you,2024-06-01 11:00:00+00:00,4,1,1,0,0,0,0,0,1,7
Fourier 2,2024-04-10 00:30:00+00:00,2,1,1,1,0,0,0,0,1,6
Fragments of tessuto,2024-03-22 18:30:00+00:00,4,1,1,0,0,0,0,0,2,8
fx cubes,2024-11-29 11:55:05+00:00,3,1,1,0,0,0,0,0,0,5
fx(avatar),2024-02-25 17:42:42+00:00,3,1,1,0,0,0,0,0,0,5
fxAEON ICONS: Star,2024-02-13 17:00:00+00:00,5,3,0,0,0,0,1902,0,1,1911
GeoFa,2024-01-02 16:00:00+00:00,3,1,1,0,0,12,0,0,1,18
GeoTulip,2024-12-31 20:59:00+00:00,3,1,1,0,0,12,0,0,1,18
GiWiGi,2024-03-12 16:00:00+00:00,3,1,1,0,0,15,0,0,1,21
GlitchWorX FX,2024-01-07 14:50:28+00:00,4,1,1,0,0,0,0,0,1,7
Granular Cloud,2024-12-28 16:37:00+00:00,3,1,1,0,0,0,0,0,0,5
Granulations,2024-09-05 10:00:00+00:00,3,1,1,0,0,0,0,0,4,9
Gravitas,2024-12-27 16:00:00+00:00,3,1,0,0,0,0,0,0,1,5
grids untitled,2024-06-14 14:47:00+00:00,4,1,1,0,0,0,0,0,1,7
Grifters Goblins,2024-08-25 08:38:15+00:00,2,1,1,0,65,0,0,0,1,70
1_helix,2025-06-18 21:27:08+00:00,3,1,1,0,1,0,0,0,0,6
1_helix,2025-06-28 20:50:32+00:00,3,1,1,0,0,0,0,0,1,6
2_wavepool,2025-06-20 22:45:00+00:00,3,1,0,0,0,0,0,0,0,4
365,2025-01-01 03:07:55+00:00,4,1,1,0,0,0,0,0,3,9
5 flowers,2025-03-17 16:00:00+00:00,3,1,0,0,0,0,0,0,0,4
50 digital flowers,2025-06-16 06:39:12+00:00,3,1,1,0,0,0,0,0,0,5
56kbps_0001,2025-04-10 06:55:04+00:00,2,1,0,0,3,0,0,0,3,9
56kbps_0002,2025-04-10 09:16:40+00:00,2,1,0,0,3,0,0,0,3,9
A Cidade Que Inventamos,2025-05-25 21:47:20+00:00,4,1,0,0,0,0,0,0,0,5
Adderrels,2025-01-20 07:59:50+00:00,3,1,1,0,145,0,0,0,1,151
Adding To,2025-05-25 04:00:00+00:00,5,1,1,0,0,0,0,0,2,9
African’s Mask,2025-01-11 13:00:00+00:00,2,1,1,0,0,26,0,0,0,30
AKIRA,2025-01-15 22:42:25+00:00,3,1,1,0,199,0,0,0,1,205
Aleacity alpha,2025-02-15 22:39:00+00:00,2,1,0,0,0,0,0,0,0,3
alignment,2025-01-29 23:00:00+00:00,4,1,1,0,0,0,0,0,2,8
Another simple sketch,2025-03-27 13:06:48+00:00,4,1,0,0,0,0,0,0,2,7
ASCII Symphony of Ideas,2025-02-25 01:42:08+00:00,2,1,1,0,0,0,0,0,2,6
Automata Monads,2025-03-05 19:00:00+00:00,3,1,0,0,1,0,0,0,4,9
Averno,2025-04-28 17:30:00+00:00,4,1,1,0,0,0,0,0,2,8
Baroque Me Baby,2025-06-11 13:31:40+00:00,3,1,0,0,0,0,0,0,1,5
Bauhaus Solstice,2025-06-21 02:42:00+00:00,1,1,0,0,0,0,0,0,1,3
Being a crook,2025-05-10 22:47:36+00:00,5,1,0,0,0,0,0,0,0,6
Black and White,2025-01-05 01:25:15+00:00,3,1,1,0,0,0,0,0,0,5
Blockchain Dogs,2025-04-22 01:12:52+00:00,3,1,1,0,129,0,0,0,1,135
BLOKI,2025-01-03 22:24:25+00:00,4,1,1,0,0,0,0,0,0,6
"Blue, Episode 2",2025-01-08 19:50:55+00:00,3,1,1,0,0,0,0,0,0,5
Farol,2026-04-12 15:44:00+00:00,3,1,1,0,0,0,0,0,0,5
Bear Landscapes,2023-12-18 18:00:00+00:00,4,1,1,0,0,0,0,0,0,6
body landscapes,2023-12-23 14:44:35+00:00,3,1,1,0,43,0,0,0,0,48
(Working) Cubic Ascent,2024-05-05 18:34:51+00:00,5,1,1,0,0,0,0,0,2,9
1023B,2024-02-04 22:41:47+00:00,1,1,0,0,0,0,0,0,0,2
1984,2024-03-06 20:47:33+00:00,6,1,1,0,0,0,0,0,2,10
1x4 Shape Study,2024-06-16 08:58:23+00:00,2,1,0,1,0,0,0,0,2,6
50x50x4,2024-02-04 22:55:35+00:00,1,1,0,0,0,0,0,0,0,2
8,2024-02-04 22:59:59+00:00,2,1,0,0,0,0,0,0,0,3
@base Elementes,2024-10-03 19:49:25+00:00,3,1,1,0,0,0,0,0,0,5
A strange kind of physical reality,2024-01-12 18:05:35+00:00,13,1,1,0,0,0,0,0,0,15
A#3UR#A,2024-03-05 22:20:05+00:00,6,1,1,0,0,0,0,0,2,10
Abstract Pixelscape,2024-12-12 16:32:33+00:00,4,1,1,0,0,0,0,0,0,6
Abstract Swirl,2024-06-25 04:48:29+00:00,3,1,1,0,0,0,0,0,2,7
Abstracte Raster*1,2024-08-21 15:42:49+00:00,3,1,0,0,0,0,0,0,1,5
Abstracte Raster*2,2024-10-14 18:52:15+00:00,3,1,0,0,0,0,0,0,1,5
Abstracte Raster:The last piece,2024-10-30 20:11:31+00:00,3,1,0,0,0,0,0,0,1,5
Abstracte Raster,2024-08-04 17:30:00+00:00,3,1,0,0,0,0,0,0,1,5
Algorbit,2024-08-06 14:08:33+00:00,3,1,0,0,0,0,0,0,0,4
Algorithmic Choices,2024-10-22 18:30:00+00:00,3,1,1,0,0,0,0,0,1,6
alienation,2024-05-31 01:10:45+00:00,4,1,1,0,0,0,0,0,2,8
Allegro,2024-05-10 16:20:00+00:00,4,1,1,0,0,0,0,0,2,8
Allenii,2024-04-21 01:39:59+00:00,4,1,1,0,0,0,0,0,0,6
Alseno,2024-08-30 17:30:00+00:00,4,1,1,0,0,0,0,0,2,8
ANIMA,2024-04-30 17:00:00+00:00,3,1,1,0,0,105,0,0,0,110
ANIMA,2024-04-30 17:00:00+00:00,3,1,1,0,0,105,0,0,0,110
Anomaly,2024-05-03 17:00:00+00:00,4,1,1,0,0,0,0,0,5,11
(Un)melted,2025-11-09 16:00:00+00:00,3,1,0,0,0,0,0,0,0,4
1737990084888,2025-01-27 17:00:00+00:00,4,1,1,0,0,0,0,0,1,7
838 (light art),2025-11-26 03:30:09+00:00,3,1,0,0,0,0,0,0,0,4
A Strange Dream,2025-02-03 16:30:00+00:00,1,1,0,0,0,2,0,0,1,5
Abstraction Interference,2025-12-23 15:46:13+00:00,4,1,0,0,0,0,0,0,2,7
Abstraction Interference,2025-11-16 15:27:33+00:00,4,1,0,0,0,0,0,0,2,7
AID,2025-03-24 15:23:33+00:00,3,1,0,0,0,0,0,0,0,4
Algorithmic Cascade,2025-11-16 11:00:00+00:00,4,1,1,0,0,1,0,0,1,8
Algorithmic Entropy,2025-04-08 18:30:00+00:00,3,1,0,0,0,0,0,0,1,5
Allegory of the AI,2025-11-21 09:21:33+00:00,3,1,1,5,0,0,0,0,11,21
AMONG THE INFINITE,2025-01-12 01:00:00+00:00,2,1,1,0,0,0,0,0,2,6
Analog Static Study No. 3,2025-12-05 20:30:00+00:00,5,1,1,0,0,0,0,0,1,8
Analog Static Study No. 7,2025-11-20 11:00:00+00:00,5,1,1,0,0,0,0,0,1,8
Analog Static Study No. 7,2025-11-20 11:00:00+00:00,5,1,1,0,0,0,0,0,1,8
Archipelagos,2025-11-24 05:12:37+00:00,11,1,0,0,1,1,0,0,1,15
Are You Anna?,2025-11-12 18:40:00+00:00,10,1,0,0,0,0,0,0,2,13
astral projections,2025-01-03 08:10:43+00:00,2,1,0,0,0,0,0,0,0,3
Autoleague alpha,2025-11-04 11:42:15+00:00,2,1,0,0,0,0,0,4,1,8
Balanced Galactic Voyages,2025-12-23 18:00:00+00:00,3,1,1,0,0,0,0,0,0,5
"100 Years, Stifled",2026-01-26 08:43:11+00:00,6,1,0,0,0,0,0,0,2,9
AlgoBloom2878655,2026-03-28 18:00:00+00:00,4,1,1,0,0,0,0,0,2,8
Atypicalmachion,2026-04-03 17:30:00+00:00,4,1,1,0,0,0,0,0,2,8
Bacterias,2026-01-12 10:39:17+00:00,3,1,1,0,0,0,0,0,0,5
baum test,2026-02-16 16:28:53+00:00,4,1,1,0,0,0,0,0,0,6
Beneath the Sentence,2026-05-15 15:00:00+00:00,3,1,0,0,0,0,0,0,1,5
Bitcoin Genesis Pizza 10K,2026-05-22 13:10:00+00:00,1,1,0,0,0,0,0,0,0,2
CELLUK,2026-04-24 14:01:00+00:00,2,1,0,0,0,0,0,0,2,5
Cellular Warfare,2026-01-16 13:00:00+00:00,3,1,1,0,0,0,0,0,0,5
