"V1","V2","V3","V4","V5","V6","V7","V8","V9","V10","V11","V12"
"#2A363BFF","#019875FF","#99B898FF","#FECEA8FF","#FF847CFF","#E84A5FFF","#C0392BFF","#96281BFF","#2A363BFF","#019875FF","#99B898FF","#FECEA8FF"
"#F7DC05FF","#3D98D3FF","#EC0B88FF","#5E35B1FF","#F9791EFF","#3DD378FF","#C6C6C6FF","#444444FF","#F7DC05FF","#3D98D3FF","#EC0B88FF","#5E35B1FF"
"#C62828FF","#F44336FF","#9C27B0FF","#673AB7FF","#3F51B5FF","#2196F3FF","#29B6F6FF","#006064FF","#009688FF","#4CAF50FF","#8BC34AFF","#FFEB3BFF"
"#D6D6D6FF","#ADADADFF","#707070FF","#333333FF","#D6D6D6FF","#ADADADFF","#707070FF","#333333FF","#D6D6D6FF","#ADADADFF","#707070FF","#333333FF"
"#017A4AFF","#FFCE4EFF","#3D98D3FF","#FF363CFF","#7559A2FF","#794924FF","#8CDB5EFF","#D6D6D6FF","#FB8C00FF","#017A4AFF","#FFCE4EFF","#3D98D3FF"
"#9F248FFF","#FFCE4EFF","#017A4AFF","#F9791EFF","#244579FF","#C6242DFF","#9F248FFF","#FFCE4EFF","#017A4AFF","#F9791EFF","#244579FF","#C6242DFF"
"#5E81ACFF","#8FA87AFF","#BF616AFF","#E7D202FF","#7D5329FF","#F49538FF","#66CDAAFF","#D070B9FF","#98FB98FF","#FCA3B7FF","#5E81ACFF","#8FA87AFF"
"#5DA5DAFF","#FAA43AFF","#60BD68FF","#F15854FF","#B276B2FF","#8D4B08FF","#DECF3FFF","#F17CB0FF","#66E3D9FF","#00FF7FFF","#5DA5DAFF","#FAA43AFF"
"#3870C2FF","#8AC1D4FF","#F2A83BFF","#66C84DFF","#DA2E20FF","#FFFD55FF","#EB8677FF","#A6EB99FF","#DF89E8FF","#8A6842FF","#3870C2FF","#8AC1D4FF"
"#42BA90FF","#BEE948FF","#3A82E4FF","#D25D38FF","#E9A820FF","#9041BAFF","#795C32FF","#EC5578FF","#00B7EBFF","#FEE12BFF","#42BA90FF","#BEE948FF"
"#FF0000FF","#0000FFFF","#008B00FF","#8B4513FF","#ECC700FF","#A020F0FF","#FF8C00FF","#EE1289FF","#00FFFFFF","#00FF00FF","#FF0000FF","#0000FFFF"
"#5DA5DAFF","#FAA43AFF","#60BD68FF","#F15854FF","#B276B2FF","#8D4B08FF","#DECF3FFF","#F17CB0FF","#66E3D9FF","#00FF7FFF","#5DA5DAFF","#FAA43AFF"
"#7852A9FF","#E93FBCFF","#B33941FF","#1175BBFF","#2E8B57FF","#DBA520FF","#EF7215FF","#4AC6AEFF","#997950FF","#E27069FF","#7852A9FF","#E93FBCFF"
"#5DA5DAFF","#FAA43AFF","#60BD68FF","#F15854FF","#B276B2FF","#8D4B08FF","#DECF3FFF","#F17CB0FF","#66E3D9FF","#00FF7FFF","#5DA5DAFF","#FAA43AFF"
"#273649FF","#647184FF","#B1B2C8FF","#A7755DFF","#5D2E1CFF","#38201CFF","#273649FF","#647184FF","#B1B2C8FF","#A7755DFF","#5D2E1CFF","#38201CFF"
"#0F2B5FFF","#5991C7FF","#8EC1E7FF","#B9DBF1FF","#D5A370FF","#7B4F37FF","#0F2B5FFF","#5991C7FF","#8EC1E7FF","#B9DBF1FF","#D5A370FF","#7B4F37FF"
"#5A7362FF","#6B867CFF","#A1A897FF","#9A8D6BFF","#8E6341FF","#432B21FF","#5A7362FF","#6B867CFF","#A1A897FF","#9A8D6BFF","#8E6341FF","#432B21FF"
"#1F150DFF","#2B190CFF","#513B2CFF","#9B4D44FF","#893D37FF","#3E1B17FF","#1F150DFF","#2B190CFF","#513B2CFF","#9B4D44FF","#893D37FF","#3E1B17FF"
"#9C8A45FF","#CABE85FF","#678B88FF","#9CADAFFF","#CCCCCCFF","#EFEFEFFF","#9C8A45FF","#CABE85FF","#678B88FF","#9CADAFFF","#CCCCCCFF","#EFEFEFFF"
"#1C3333FF","#226060FF","#639CA4FF","#D2AD7CFF","#BE7245FF","#46211CFF","#1C3333FF","#226060FF","#639CA4FF","#D2AD7CFF","#BE7245FF","#46211CFF"
"#0D1723FF","#112040FF","#204D88FF","#96ABC6FF","#D1DDE2FF","#EFEFEFFF","#0D1723FF","#112040FF","#204D88FF","#96ABC6FF","#D1DDE2FF","#EFEFEFFF"
"#000000FF","#350E16FF","#5E1521FF","#A72C29FF","#C44221FF","#EC702EFF","#000000FF","#350E16FF","#5E1521FF","#A72C29FF","#C44221FF","#EC702EFF"
"#A56B47FF","#C79982FF","#0D8EDAFF","#23ADEDFF","#6BC6F5FF","#EFEFEFFF","#A56B47FF","#C79982FF","#0D8EDAFF","#23ADEDFF","#6BC6F5FF","#EFEFEFFF"
"#2A2432FF","#4F3855FF","#846D86FF","#EFEFCFFF","#D5B77DFF","#A89E5EFF","#2A2432FF","#4F3855FF","#846D86FF","#EFEFCFFF","#D5B77DFF","#A89E5EFF"
"#3D227FFF","#993382FF","#C81B74FF","#B6D5D7FF","#C7DBD8FF","#EFEFEFFF","#3D227FFF","#993382FF","#C81B74FF","#B6D5D7FF","#C7DBD8FF","#EFEFEFFF"
"#451E06FF","#7A3C12FF","#C18E4FFF","#7E748DFF","#ACA3B7FF","#A1C0C2FF","#451E06FF","#7A3C12FF","#C18E4FFF","#7E748DFF","#ACA3B7FF","#A1C0C2FF"
"#01213DFF","#022A44FF","#1D96BFFF","#985F81FF","#9B3257FF","#480F1FFF","#01213DFF","#022A44FF","#1D96BFFF","#985F81FF","#9B3257FF","#480F1FFF"
"#211E31FF","#38233EFF","#4F2035FF","#A4275DFF","#C75D6CFF","#F6A5A1FF","#211E31FF","#38233EFF","#4F2035FF","#A4275DFF","#C75D6CFF","#F6A5A1FF"
"#020419FF","#262D58FF","#798BB5FF","#72B9DEFF","#2B72ADFF","#182B64FF","#020419FF","#262D58FF","#798BB5FF","#72B9DEFF","#2B72ADFF","#182B64FF"
"#110D03FF","#3B2611FF","#9A703FFF","#BF9539FF","#E8C163FF","#FFE4BFFF","#110D03FF","#3B2611FF","#9A703FFF","#BF9539FF","#E8C163FF","#FFE4BFFF"
"#231040FF","#2C1769FF","#5D36B1FF","#CFA2D2FF","#D3D2BFFF","#E5E4D0FF","#231040FF","#2C1769FF","#5D36B1FF","#CFA2D2FF","#D3D2BFFF","#E5E4D0FF"
"#424395FF","#018AC4FF","#5EC2DAFF","#EBC915FF","#EB549AFF","#550133FF","#424395FF","#018AC4FF","#5EC2DAFF","#EBC915FF","#EB549AFF","#550133FF"
"#08173AFF","#012F53FF","#016D83FF","#02A0A2FF","#AC9679FF","#E9DEB4FF","#08173AFF","#012F53FF","#016D83FF","#02A0A2FF","#AC9679FF","#E9DEB4FF"
"#1B0204FF","#4E0C0DFF","#881618FF","#B01515FF","#C47F4EFF","#773924FF","#1B0204FF","#4E0C0DFF","#881618FF","#B01515FF","#C47F4EFF","#773924FF"
"#171C45FF","#3E2361FF","#622E82FF","#A45789FF","#8EC87AFF","#439E5FFF","#171C45FF","#3E2361FF","#622E82FF","#A45789FF","#8EC87AFF","#439E5FFF"
"#12343AFF","#193E44FF","#539E59FF","#84C876FF","#BBD961FF","#F5EC54FF","#12343AFF","#193E44FF","#539E59FF","#84C876FF","#BBD961FF","#F5EC54FF"
"#937338FF","#B99A57FF","#D7C295FF","#EADCBFFF","#E3BD91FF","#B2825BFF","#937338FF","#B99A57FF","#D7C295FF","#EADCBFFF","#E3BD91FF","#B2825BFF"
"#2B1917FF","#7E5945FF","#BC927BFF","#F1E6E1FF","#2B1917FF","#7E5945FF","#BC927BFF","#F1E6E1FF","#2B1917FF","#7E5945FF","#BC927BFF","#F1E6E1FF"
"#040406FF","#07144EFF","#0D5BBBFF","#9EBBE7FF","#F80F61FF","#6F041EFF","#040406FF","#07144EFF","#0D5BBBFF","#9EBBE7FF","#F80F61FF","#6F041EFF"
"#1F0206FF","#3C030AFF","#6C051AFF","#A81F31FF","#B84E5AFF","#D8ADC1FF","#1F0206FF","#3C030AFF","#6C051AFF","#A81F31FF","#B84E5AFF","#D8ADC1FF"
"#2B1F6BFF","#531F67FF","#71195AFF","#994C9CFF","#DB829BFF","#FBB5B7FF","#2B1F6BFF","#531F67FF","#71195AFF","#994C9CFF","#DB829BFF","#FBB5B7FF"
"#82441BFF","#B45921FF","#F49D63FF","#FDC57AFF","#FEEECFFF","#F6F6F6FF","#82441BFF","#B45921FF","#F49D63FF","#FDC57AFF","#FEEECFFF","#F6F6F6FF"
"#43152BFF","#7B3532FF","#CC643FFF","#CF7F46FF","#CBE08BFF","#86C767FF","#43152BFF","#7B3532FF","#CC643FFF","#CF7F46FF","#CBE08BFF","#86C767FF"
"#040320FF","#352140FF","#871951FF","#EB4A60FF","#CFAB7AFF","#EEE5B4FF","#040320FF","#352140FF","#871951FF","#EB4A60FF","#CFAB7AFF","#EEE5B4FF"
"#020113FF","#1B143CFF","#431534FF","#5F2E4CFF","#717F9AFF","#4F4D72FF","#020113FF","#1B143CFF","#431534FF","#5F2E4CFF","#717F9AFF","#4F4D72FF"
"#D56702FF","#EA8425FF","#FCCD1BFF","#EFE3D7FF","#EFEFEFFF","#DB1C6AFF","#D56702FF","#EA8425FF","#FCCD1BFF","#EFE3D7FF","#EFEFEFFF","#DB1C6AFF"
"#003542FF","#00766EFF","#008A82FF","#DDE0D0FF","#D4B798FF","#B58052FF","#003542FF","#00766EFF","#008A82FF","#DDE0D0FF","#D4B798FF","#B58052FF"
"#000000FF","#333333FF","#666666FF","#F8D564FF","#EFB344FF","#F8A02EFF","#000000FF","#333333FF","#666666FF","#F8D564FF","#EFB344FF","#F8A02EFF"
"#87B9D5FF","#9DCBE4FF","#BBD4E4FF","#B7D1BFFF","#DAB87CFF","#744D1FFF","#87B9D5FF","#9DCBE4FF","#BBD4E4FF","#B7D1BFFF","#DAB87CFF","#744D1FFF"
"#180705FF","#3A140CFF","#DD8521FF","#F1C332FF","#ED9C97FF","#E1595CFF","#180705FF","#3A140CFF","#DD8521FF","#F1C332FF","#ED9C97FF","#E1595CFF"
"#030439FF","#00298CFF","#211DF0FF","#4092E1FF","#CE8A8CFF","#4B393BFF","#030439FF","#00298CFF","#211DF0FF","#4092E1FF","#CE8A8CFF","#4B393BFF"
"#421E0FFF","#582810FF","#8F522FFF","#E9BEA0FF","#355A67FF","#293A39FF","#421E0FFF","#582810FF","#8F522FFF","#E9BEA0FF","#355A67FF","#293A39FF"
"#417839FF","#9BB655FF","#D3D5AEFF","#EDD6D5FF","#D89873FF","#803342FF","#417839FF","#9BB655FF","#D3D5AEFF","#EDD6D5FF","#D89873FF","#803342FF"
"#042F49FF","#096590FF","#3394BBFF","#8DB576FF","#418877FF","#146252FF","#B06429FF","#E5AE8DFF","#042F49FF","#096590FF","#3394BBFF","#8DB576FF"
"#411F6BFF","#623976FF","#BE3979FF","#DB928AFF","#E2C6A6FF","#411F6BFF","#623976FF","#BE3979FF","#DB928AFF","#E2C6A6FF","#411F6BFF","#623976FF"
"#241E0CFF","#342C16FF","#574A2FFF","#6D5D3BFF","#B48E64FF","#72472FFF","#241E0CFF","#342C16FF","#574A2FFF","#6D5D3BFF","#B48E64FF","#72472FFF"
"#283265FF","#55648CFF","#7C86A6FF","#72C3C7FF","#F8FFFFFF","#50B8BEFF","#283265FF","#55648CFF","#7C86A6FF","#72C3C7FF","#F8FFFFFF","#50B8BEFF"
"#CA2A48FF","#E7466EFF","#F36892FF","#FC98B4FF","#CCCCCCFF","#EFEFEFFF","#CA2A48FF","#E7466EFF","#F36892FF","#FC98B4FF","#CCCCCCFF","#EFEFEFFF"
"#12070DFF","#38190FFF","#8C5228FF","#FA9646FF","#FED5ACFF","#B41417FF","#12070DFF","#38190FFF","#8C5228FF","#FA9646FF","#FED5ACFF","#B41417FF"
"#1F1A15FF","#5F392CFF","#ECCAADFF","#EBD6C0FF","#EA879CFF","#8E2322FF","#1F1A15FF","#5F392CFF","#ECCAADFF","#EBD6C0FF","#EA879CFF","#8E2322FF"
"#2D1E78FF","#4A3587FF","#635595FF","#ABB2A5FF","#9D9E92FF","#848575FF","#2D1E78FF","#4A3587FF","#635595FF","#ABB2A5FF","#9D9E92FF","#848575FF"
"#341D39FF","#562034FF","#84254FFF","#BA2271FF","#CD3A95FF","#DBD553FF","#341D39FF","#562034FF","#84254FFF","#BA2271FF","#CD3A95FF","#DBD553FF"
"#1755A2FF","#3E8AC6FF","#BDB0A0FF","#DDD9D0FF","#D573A6FF","#BE0157FF","#1755A2FF","#3E8AC6FF","#BDB0A0FF","#DDD9D0FF","#D573A6FF","#BE0157FF"
"#715C59FF","#BFAAA5FF","#DBCAC6FF","#EBDCDCFF","#F2E4E3FF","#D1D0D5FF","#715C59FF","#BFAAA5FF","#DBCAC6FF","#EBDCDCFF","#F2E4E3FF","#D1D0D5FF"
"#07646DFF","#45837FFF","#699896FF","#E394BBFF","#DE6DA7FF","#D4419EFF","#07646DFF","#45837FFF","#699896FF","#E394BBFF","#DE6DA7FF","#D4419EFF"
"#A1674FFF","#D7A786FF","#EBD9C6FF","#F0E7DDFF","#F2EDE6FF","#64BDC6FF","#A1674FFF","#D7A786FF","#EBD9C6FF","#F0E7DDFF","#F2EDE6FF","#64BDC6FF"
"#000000FF","#1C153FFF","#403081FF","#5D4494FF","#AD8867FF","#8C6542FF","#000000FF","#1C153FFF","#403081FF","#5D4494FF","#AD8867FF","#8C6542FF"
"#068D9DFF","#65A8ABFF","#8CBDBCFF","#ADB9A1FF","#BCC2A5FF","#D0AF84FF","#068D9DFF","#65A8ABFF","#8CBDBCFF","#ADB9A1FF","#BCC2A5FF","#D0AF84FF"
"#5C4746FF","#7F6B61FF","#836F65FF","#C2B0A3FF","#D9C6B8FF","#F4EBE2FF","#FFF8F5FF","#5C4746FF","#7F6B61FF","#836F65FF","#C2B0A3FF","#D9C6B8FF"
"#19172CFF","#A20226FF","#818392FF","#AAB0BEFF","#E3EAF4FF","#FFFFFFFF","#19172CFF","#A20226FF","#818392FF","#AAB0BEFF","#E3EAF4FF","#FFFFFFFF"
"#4A1326FF","#5E0F24FF","#750B21FF","#943047FF","#BE294CFF","#A46478FF","#ACBAC7FF","#8895A5FF","#7E8B9CFF","#4A1326FF","#5E0F24FF","#750B21FF"
"#01000EFF","#D42D24FF","#EE7E24FF","#FBA724FF","#DABD8EFF","#C9C8C6FF","#01000EFF","#D42D24FF","#EE7E24FF","#FBA724FF","#DABD8EFF","#C9C8C6FF"
"#491C09FF","#722D19FF","#A54E21FF","#CC842AFF","#E7A92FFF","#DFB54DFF","#DDB855FF","#DABE69FF","#F2E488FF","#491C09FF","#722D19FF","#A54E21FF"
"#1F4E93FF","#464A6BFF","#4275AFFF","#617B97FF","#7A99C3FF","#BBC6D4FF","#E5E6E8FF","#E28772FF","#D83036FF","#1F4E93FF","#464A6BFF","#4275AFFF"
"#221C3EFF","#383562FF","#424071FF","#424072FF","#575EAEFF","#585FAFFF","#6E6DA7FF","#E2BC7DFF","#E2BC7BFF","#E1B97CFF","#A7743FFF","#A8733FFF"
"#01193FFF","#001A3FFF","#001A3DFF","#001D49FF","#002B6AFF","#012A6AFF","#002C6BFF","#0F4581FF","#0061BCFF","#0261BDFF","#0062BDFF","#70849DFF"
"#0A2443FF","#254D72FF","#75A6F0FF","#74A7EFFF","#5BC4D9FF","#B7D0D2FF","#C5D8DFFF","#BBA7A3FF","#B7928AFF","#B5958EFF","#9B6E65FF","#0A2443FF"
"#22203BFF","#35213DFF","#3A213EFF","#472240FF","#5B2442FF","#737C77FF","#72BD95FF","#63BBA4FF","#02AC9AFF","#2B9494FF","#015969FF","#22203BFF"
"#000000FF","#FFFFFFFF","#FEFEFEFF","#FCFCFCFF","#F9F9F9FF","#F3F3F3FF","#ECECECFF","#EAEAEAFF","#EBEBEBFF","#FDFDFDFF","#FBFBFBFF","#F0E5C4FF"
"#252B5BFF","#125B99FF","#0C66ACFF","#6FA7B9FF","#80CCDFFF","#DBD749FF","#FCEA1BFF","#EAC89BFF","#F5BD9FFF","#E69EA6FF","#E74690FF","#252B5BFF"
"#1C121BFF","#27232AFF","#2C2B30FF","#4F4848FF","#786A65FF","#B4A8A7FF","#E3D9DBFF","#AD988FFF","#4F2B12FF","#512D19FF","#451E09FF","#1C121BFF"
"#1D1D20FF","#434544FF","#454746FF","#481825FF","#4A0317FF","#7A172BFF","#992437FF","#633142FF","#17293BFF","#66838EFF","#5F7E89FF","#1D1D20FF"
"#551B1AFF","#661D1CFF","#7B201FFF","#913834FF","#B1342DFF","#B7806FFF","#D8BF95FF","#D1BC9BFF","#C6A374FF","#C4A076FF","#BA8C5DFF","#551B1AFF"
"#97110EFF","#D61C20FF","#D71C20FF","#BE6C63FF","#AF9989FF","#B88D6AFF","#C1824CFF","#925A40FF","#834329FF","#6D321FFF","#62291AFF","#97110EFF"
"#000000FF","#2E0711FF","#330813FF","#570D21FF","#610F25FF","#781E31FF","#862137FF","#9F3043FF","#B1364BFF","#C65C66FF","#DC6772FF","#D16970FF"
"#00B5E4FF","#649D72FF","#F1E436FF","#F3E338FF","#C25337FF","#E80F18FF","#EA0E18FF","#E02327FF","#C7844FFF","#A96943FF","#8A472AFF","#8C472AFF"
"#000000FF","#001221FF","#012243FF","#002142FF","#002341FF","#002343FF","#187999FF","#00B6E6FF","#00B6E5FF","#62A2ACFF","#CD8958FF","#CD8A56FF"
"#5152E0FF","#266DB8FF","#00A4EEFF","#0AA5E2FF","#35CBBFFF","#51C5B4FF","#A9BE93FF","#C2B3A2FF","#F78FB2FF","#F186AAFF","#EC6D98FF","#5152E0FF"
"#04738DFF","#127C86FF","#04C3C8FF","#449D94FF","#D87939FF","#D2854AFF","#E5AB52FF","#695037FF","#2C201EFF","#948885FF","#D8CDC9FF","#04738DFF"
"#05185AFF","#041759FF","#04175BFF","#0D497DFF","#075D9AFF","#085C9AFF","#783850FF","#AF2547FF","#AF2549FF","#B32D4EFF","#DB3367FF","#DA3367FF"
"#000000FF","#081F39FF","#0F3B6CFF","#345A78FF","#316283FF","#4A879CFF","#2F8FA8FF","#88B2BEFF","#C6D4DDFF","#CAD6DFFF","#EFEFEFFF","#000000FF"
"#000000FF","#1E46A2FF","#FB323BFF","#C5E137FF","#000000FF","#1E46A2FF","#FB323BFF","#C5E137FF","#000000FF","#1E46A2FF","#FB323BFF","#C5E137FF"
"#000000FF","#045456FF","#079FA3FF","#677773FF","#E75742FF","#CF7660FF","#C6AA73FF","#CCB587FF","#F0D69FFF","#E8CEA9FF","#E2C8B2FF","#000000FF"
"#643833FF","#714531FF","#F29E5AFF","#C3736DFF","#EB5088FF","#DA6992FF","#F077A4FF","#E685AAFF","#C26898FF","#BA9E90FF","#B0CA84FF","#643833FF"
"#000000FF","#333333FF","#694C44FF","#996354FF","#CB9578FF","#D49979FF","#D59B7CFF","#E3B396FF","#D44E58FF","#C11B32FF","#000000FF","#333333FF"
"#122246FF","#304A83FF","#4B6FBBFF","#717580FF","#928167FF","#B6A593FF","#C2B2A2FF","#739762FF","#538C48FF","#95B469FF","#BFCD70FF","#122246FF"
"#000000FF","#0C0E24FF","#171A45FF","#274B84FF","#1C519BFF","#DC3141FF","#E92837FF","#E63435FF","#D66B29FF","#DC762AFF","#F9AA2DFF","#000000FF"
"#000000FF","#170F25FF","#2C1C47FF","#6D4A6BFF","#7B4E73FF","#8C657EFF","#AD9494FF","#A39BA6FF","#5872A8FF","#4B5B87FF","#212C5AFF","#000000FF"
"#261710FF","#2C1C14FF","#322119FF","#583E30FF","#72523FFF","#775A48FF","#AF8361FF","#BCA08FFF","#CAC0C1FF","#CDC4C5FF","#EEE8E8FF","#261710FF"
"#341B0EFF","#5B2E16FF","#673419FF","#79421DFF","#A46425FF","#B28351FF","#E2AF6DFF","#DFB77DFF","#FFBC38FF","#FCCA60FF","#F8DC8CFF","#341B0EFF"
"#000000FF","#472F1AFF","#885932FF","#986C4CFF","#A67E63FF","#A8917CFF","#AA9A87FF","#BAB2A8FF","#CCCCCCFF","#CDCDCDFF","#CECECEFF","#EDEDEDFF"
"#332830FF","#2D2429FF","#544549FF","#8F070FFF","#90060EFF","#E0B412FF","#DCAE14FF","#FDCA00FF","#F0B50AFF","#C97827FF","#B7712CFF","#512100FF"
"#212121FF","#452711FF","#CA5600FF","#C17100FF","#C17200FF","#C97A00FF","#FFB000FF","#F8B016FF","#D41311FF","#BB1717FF","#781A1FFF","#212121FF"
"#795998FF","#7D4D7FFF","#954C84FF","#AD5A88FF","#D05F95FF","#DAA7ABFF","#F0A9A7FF","#E7B7B2FF","#EFCCB6FF","#D1CAC8FF","#B5C5D5FF","#795998FF"
"#29192CFF","#48122BFF","#7F002FFF","#CF0073FF","#DB0096FF","#E9006EFF","#29192CFF","#48122BFF","#7F002FFF","#CF0073FF","#DB0096FF","#E9006EFF"
"#373239FF","#6E2B3DFF","#A21C3FFF","#E9003FFF","#E783A9FF","#EDEDEDFF","#EEEEEEFF","#EFEFEFFF","#373239FF","#6E2B3DFF","#A21C3FFF","#E9003FFF"
"#AE0315FF","#AF0215FF","#AE0313FF","#AA0412FF","#FF2643FF","#FB2642FF","#FB2740FF","#F92740FF","#F9283EFF","#FD2441FF","#F52942FF","#F62640FF"
"#E37A0FFF","#492F48FF","#482E47FF","#AA8B4AFF","#AA8B48FF","#E65286FF","#E65284FF","#E75387FF","#E95285FF","#E85184FF","#018F83FF","#009083FF"
"#000103FF","#010101FF","#000000FF","#000201FF","#000002FF","#010103FF","#F8B3D0FF","#F7B4D5FF","#F6B3D4FF","#F8B2D6FF","#F9B3D7FF","#FBB1D6FF"
"#000000FF","#000002FF","#000100FF","#010000FF","#1B90C6FF","#1A8FC5FF","#1D8FC3FF","#1A8FC4FF","#1B8EC4FF","#EE4A91FF","#EC4B8FFF","#EF4991FF"
"#01199DFF","#02189FFF","#001A9BFF","#00199CFF","#01179EFF","#0001DFFF","#0200DFFF","#0000DFFF","#0000DEFF","#0101DFFF","#34DD9CFF","#33DE9CFF"
"#000000FF","#000004FF","#211753FF","#221654FF","#22174FFF","#221753FF","#3C2A7CFF","#382B7DFF","#3E287BFF","#392A7BFF","#3B2A7AFF","#714DA4FF"
"#1C144DFF","#1A154DFF","#1D164CFF","#1A174EFF","#393593FF","#373894FF","#363793FF","#3A3792FF","#383794FF","#D4344CFF","#D6344CFF","#D3334BFF"
"#000000FF","#010000FF","#000100FF","#000002FF","#4F2C19FF","#4D2C1BFF","#4F2B1BFF","#4C2D1BFF","#8A5A34FF","#885B34FF","#8B5A31FF","#9B8673FF"
"#921F58FF","#CE599DFF","#68C2BFFF","#9DD5DBFF","#D5DED0FF","#EFEFEFFF","#921F58FF","#CE599DFF","#68C2BFFF","#9DD5DBFF","#D5DED0FF","#EFEFEFFF"
"#000000FF","#963F17FF","#B75A1CFF","#B68455FF","#574F32FF","#A48A58FF","#000000FF","#963F17FF","#B75A1CFF","#B68455FF","#574F32FF","#A48A58FF"
"#000000FF","#613922FF","#7D4C29FF","#96725BFF","#C1B5A2FF","#000000FF","#613922FF","#7D4C29FF","#96725BFF","#C1B5A2FF","#000000FF","#613922FF"
"#000000FF","#333333FF","#AB2C43FF","#7ADCF6FF","#FEC3FFFF","#000000FF","#333333FF","#AB2C43FF","#7ADCF6FF","#FEC3FFFF","#000000FF","#333333FF"
"#000000FF","#303539FF","#CA9A72FF","#CB9A72FF","#EAEAEAFF","#F5F5F7FF","#000000FF","#303539FF","#CA9A72FF","#CB9A72FF","#EAEAEAFF","#F5F5F7FF"
"#111A27FF","#291828FF","#1D4258FF","#6F9394FF","#CB0227FF","#111A27FF","#291828FF","#1D4258FF","#6F9394FF","#CB0227FF","#111A27FF","#291828FF"
"#242424FF","#37253DFF","#852851FF","#E10131FF","#F6F4F5FF","#242424FF","#37253DFF","#852851FF","#E10131FF","#F6F4F5FF","#242424FF","#37253DFF"
"#02307DFF","#0355B8FF","#84C5FFFF","#83C5FFFF","#856A7BFF","#836B7BFF","#B79498FF","#02307DFF","#0355B8FF","#84C5FFFF","#83C5FFFF","#856A7BFF"
"#000000FF","#DB0F12FF","#DB0E13FF","#DB1014FF","#DC1013FF","#DC0F14FF","#000000FF","#DB0F12FF","#DB0E13FF","#DB1014FF","#DC1013FF","#DC0F14FF"
"#000000FF","#000002FF","#000104FF","#1C272DFF","#172830FF","#19282FFF","#274857FF","#274955FF","#27485BFF","#254955FF","#274756FF","#48899FFF"
"#3850A8FF","#3A4FA8FF","#3650A5FF","#0068F7FF","#0068F8FF","#0367FBFF","#0069F7FF","#889DFAFF","#869DFBFF","#859CF9FF","#E0B0FCFF","#DCB0FBFF"
"#000000FF","#000002FF","#241C4BFF","#241E4CFF","#231D4DFF","#231D4BFF","#512282FF","#4F2384FF","#542180FF","#502380FF","#512184FF","#7D3BA7FF"
"#000000FF","#000104FF","#533A26FF","#4F392BFF","#503A2CFF","#9C846AFF","#9A8568FF","#9D8368FF","#99836CFF","#DB5844FF","#D75849FF","#DA5647FF"
"#000000FF","#000002FF","#010000FF","#000100FF","#000004FF","#7F1845FF","#821849FF","#7E1848FF","#801948FF","#801849FF","#5F3BE7FF","#5F3AE9FF"
"#001A29FF","#633633FF","#834A39FF","#E3B571FF","#EEE6A6FF","#001A29FF","#633633FF","#834A39FF","#E3B571FF","#EEE6A6FF","#001A29FF","#633633FF"
"#0E151FFF","#0E151DFF","#171F2AFF","#19232FFF","#1A222FFF","#29313EFF","#4C5260FF","#4C525EFF","#877E81FF","#DEB9A7FF","#E0B9A8FF","#DFBAA8FF"
"#51301FFF","#85512CFF","#B2713BFF","#B27139FF","#B26F38FF","#B37039FF","#B1703AFF","#B17038FF","#BA8946FF","#BA8B47FF","#BA8B45FF","#BE8F49FF"
"#000000FF","#640002FF","#630102FF","#640003FF","#810100FF","#BA142AFF","#BB132AFF","#EA3639FF","#E93639FF","#EAEAEAFF","#000000FF","#640002FF"
"#000000FF","#2E1A13FF","#2D1A13FF","#40281EFF","#40281CFF","#7E3D29FF","#D29E3BFF","#000000FF","#2E1A13FF","#2D1A13FF","#40281EFF","#40281CFF"
"#000000FF","#220152FF","#230052FF","#210051FF","#540187FF","#530086FF","#530088FF","#8A01A9FF","#8A00ABFF","#8F0133FF","#000000FF","#220152FF"
"#000000FF","#3E4243FF","#EBBFDDFF","#E6498FFF","#4ECBCEFF","#2E335EFF","#000000FF","#3E4243FF","#EBBFDDFF","#E6498FFF","#4ECBCEFF","#2E335EFF"
"#000000FF","#281913FF","#5E382EFF","#9EA6A9FF","#B8C3C5FF","#EAEBEDFF","#000000FF","#281913FF","#5E382EFF","#9EA6A9FF","#B8C3C5FF","#EAEBEDFF"
"#000000FF","#4E1005FF","#A1200DFF","#E13217FF","#C4CFD1FF","#E7EBEEFF","#000000FF","#4E1005FF","#A1200DFF","#E13217FF","#C4CFD1FF","#E7EBEEFF"
"#141824FF","#32363FFF","#55555FFF","#AD8875FF","#523B33FF","#361913FF","#141824FF","#32363FFF","#55555FFF","#AD8875FF","#523B33FF","#361913FF"
"#1C193AFF","#351520FF","#608587FF","#77B2ACFF","#ABD4C6FF","#9D8072FF","#3B324BFF","#1C193AFF","#351520FF","#608587FF","#77B2ACFF","#ABD4C6FF"
"#484D53FF","#737A82FF","#A67B6BFF","#DABFACFF","#E7DDD3FF","#D47DD2FF","#484D53FF","#737A82FF","#A67B6BFF","#DABFACFF","#E7DDD3FF","#D47DD2FF"
"#DBF4F8FF","#11B2E8FF","#CF2154FF","#94FF7BFF","#4D343AFF","#A4A192FF","#DBF4F8FF","#11B2E8FF","#CF2154FF","#94FF7BFF","#4D343AFF","#A4A192FF"
"#1D1719FF","#6AA1C1FF","#CDEAF4FF","#A19388FF","#9B816AFF","#6E4C40FF","#1D1719FF","#6AA1C1FF","#CDEAF4FF","#A19388FF","#9B816AFF","#6E4C40FF"
"#325E5AFF","#909C78FF","#ECE0C3FF","#98C8CAFF","#D1EEF2FF","#CB0A36FF","#325E5AFF","#909C78FF","#ECE0C3FF","#98C8CAFF","#D1EEF2FF","#CB0A36FF"
"#192847FF","#294683FF","#4C1D2BFF","#B12A2FFF","#E9D4BAFF","#192847FF","#294683FF","#4C1D2BFF","#B12A2FFF","#E9D4BAFF","#192847FF","#294683FF"
"#BD973DFF","#5F5C29FF","#3B7D6EFF","#5792CCFF","#4D5B75FF","#262E43FF","#BD973DFF","#5F5C29FF","#3B7D6EFF","#5792CCFF","#4D5B75FF","#262E43FF"
"#FDD989FF","#8BAD57FF","#516238FF","#4CA2B0FF","#5A8B92FF","#395B5FFF","#FDD989FF","#8BAD57FF","#516238FF","#4CA2B0FF","#5A8B92FF","#395B5FFF"
"#DCC27AFF","#B0B9BEFF","#63605FFF","#985E5CFF","#AEBFA8FF","#F19B34FF","#DCC27AFF","#B0B9BEFF","#63605FFF","#985E5CFF","#AEBFA8FF","#F19B34FF"
"#D98A63FF","#D9E4DCFF","#C5D2D2FF","#79B38FFF","#9A9B5FFF","#A7C2CDFF","#D98A63FF","#D9E4DCFF","#C5D2D2FF","#79B38FFF","#9A9B5FFF","#A7C2CDFF"
"#D3E3CAFF","#BED6B3FF","#92A587FF","#4A5438FF","#2F3525FF","#D3E3CAFF","#BED6B3FF","#92A587FF","#4A5438FF","#2F3525FF","#D3E3CAFF","#BED6B3FF"
"#CC7540FF","#765043FF","#A69260FF","#979A6BFF","#39692FFF","#CC7540FF","#765043FF","#A69260FF","#979A6BFF","#39692FFF","#CC7540FF","#765043FF"
"#F6EECFFF","#ECD6ABFF","#B09175FF","#632D1FFF","#291611FF","#F6EECFFF","#ECD6ABFF","#B09175FF","#632D1FFF","#291611FF","#F6EECFFF","#ECD6ABFF"
"#DED4C8FF","#AD6F4FFF","#AEC96FFF","#2B3851FF","#3F320DFF","#DED4C8FF","#AD6F4FFF","#AEC96FFF","#2B3851FF","#3F320DFF","#DED4C8FF","#AD6F4FFF"
"#EFC68EFF","#B58755FF","#7C9867FF","#4F5730FF","#7A5028FF","#EFC68EFF","#B58755FF","#7C9867FF","#4F5730FF","#7A5028FF","#EFC68EFF","#B58755FF"
"#C70000FF","#FFBF00FF","#BE8333FF","#54662CFF","#009BB0FF","#114C54FF","#C70000FF","#FFBF00FF","#BE8333FF","#54662CFF","#009BB0FF","#114C54FF"
"#0FB2D3FF","#026779FF","#368000FF","#3D6334FF","#6D5A18FF","#0FB2D3FF","#026779FF","#368000FF","#3D6334FF","#6D5A18FF","#0FB2D3FF","#026779FF"
"#DCC8BAFF","#DCD6C5FF","#B4AA98FF","#D7DCE4FF","#444239FF","#DCC8BAFF","#DCD6C5FF","#B4AA98FF","#D7DCE4FF","#444239FF","#DCC8BAFF","#DCD6C5FF"
"#E2D78AFF","#E4B3E2FF","#90816EFF","#523833FF","#372E21FF","#E2D78AFF","#E4B3E2FF","#90816EFF","#523833FF","#372E21FF","#E2D78AFF","#E4B3E2FF"
"#B9C7E2FF","#ECAB99FF","#F1C100FF","#5B6530FF","#9484B1FF","#B9C7E2FF","#ECAB99FF","#F1C100FF","#5B6530FF","#9484B1FF","#B9C7E2FF","#ECAB99FF"
"#DE7424FF","#F5CA37FF","#AD8D26FF","#496849FF","#654783FF","#DE7424FF","#F5CA37FF","#AD8D26FF","#496849FF","#654783FF","#DE7424FF","#F5CA37FF"
"#E69512FF","#D3105CFF","#3B4F8EFF","#3A5D3DFF","#4C4976FF","#6C91BDFF","#E69512FF","#D3105CFF","#3B4F8EFF","#3A5D3DFF","#4C4976FF","#6C91BDFF"
"#A1CAF6FF","#6592D6FF","#4C6FA1FF","#375377FF","#1E2F46FF","#A1CAF6FF","#6592D6FF","#4C6FA1FF","#375377FF","#1E2F46FF","#A1CAF6FF","#6592D6FF"
"#CECEB9FF","#7AC9B7FF","#6CA184FF","#3793ECFF","#2A3927FF","#CECEB9FF","#7AC9B7FF","#6CA184FF","#3793ECFF","#2A3927FF","#CECEB9FF","#7AC9B7FF"
"#B77B7BFF","#FEEC44FF","#F66C09FF","#E60505FF","#2C1B21FF","#B77B7BFF","#FEEC44FF","#F66C09FF","#E60505FF","#2C1B21FF","#B77B7BFF","#FEEC44FF"
"#A45C44FF","#5A7F3CFF","#CACA91FF","#2C3B26FF","#88B063FF","#A45C44FF","#5A7F3CFF","#CACA91FF","#2C3B26FF","#88B063FF","#A45C44FF","#5A7F3CFF"
"#E4DECEFF","#ECBD95FF","#9BB1BBFF","#79ACBDFF","#346575FF","#0B4221FF","#E4DECEFF","#ECBD95FF","#9BB1BBFF","#79ACBDFF","#346575FF","#0B4221FF"
"#E29244FF","#FFAA00FF","#D46F10FF","#4CA49EFF","#69B9FAFF","#59A3F8FF","#4B8FF7FF","#5A7ECBFF","#6B6D9FFF","#E29244FF","#FFAA00FF","#D46F10FF"
"#E6DECCFF","#F3E3C2FF","#8F96A6FF","#625D55FF","#501F16FF","#E6DECCFF","#F3E3C2FF","#8F96A6FF","#625D55FF","#501F16FF","#E6DECCFF","#F3E3C2FF"
"#F2B705FF","#F29F05FF","#F28705FF","#D95204FF","#A62F03FF","#F2B705FF","#F29F05FF","#F28705FF","#D95204FF","#A62F03FF","#F2B705FF","#F29F05FF"
"#DFE3CEFF","#B5C861FF","#8AA789FF","#CB8573FF","#976153FF","#DFE3CEFF","#B5C861FF","#8AA789FF","#CB8573FF","#976153FF","#DFE3CEFF","#B5C861FF"
"#CAC8CFFF","#C9B3B5FF","#8F706EFF","#AF6E78FF","#5C3327FF","#CAC8CFFF","#C9B3B5FF","#8F706EFF","#AF6E78FF","#5C3327FF","#CAC8CFFF","#C9B3B5FF"
"#E1BC8DFF","#845B3EFF","#5B4E23FF","#35301CFF","#4C5454FF","#E1BC8DFF","#845B3EFF","#5B4E23FF","#35301CFF","#4C5454FF","#E1BC8DFF","#845B3EFF"
"#4C4E32FF","#908E6CFF","#5D8FBCFF","#97C2E2FF","#17252AFF","#B4A480FF","#4C4E32FF","#908E6CFF","#5D8FBCFF","#97C2E2FF","#17252AFF","#B4A480FF"
"#607860FF","#304830FF","#C0D8F0FF","#909078FF","#181818FF","#607860FF","#304830FF","#C0D8F0FF","#909078FF","#181818FF","#607860FF","#304830FF"
"#84A6A2FF","#4A5352FF","#151E2FFF","#D7C8C6FF","#BE5A47FF","#604A76FF","#84A6A2FF","#4A5352FF","#151E2FFF","#D7C8C6FF","#BE5A47FF","#604A76FF"
"#5A870AFF","#BDD0A2FF","#555B53FF","#6A4D3BFF","#BEAB91FF","#8F9BABFF","#5A870AFF","#BDD0A2FF","#555B53FF","#6A4D3BFF","#BEAB91FF","#8F9BABFF"
"#20618DFF","#91AAC4FF","#6B6C58FF","#464724FF","#83932DFF","#CAB89FFF","#20618DFF","#91AAC4FF","#6B6C58FF","#464724FF","#83932DFF","#CAB89FFF"
"#286A81FF","#045CB4FF","#7F6F43FF","#748B75FF","#B8B196FF","#286A81FF","#045CB4FF","#7F6F43FF","#748B75FF","#B8B196FF","#286A81FF","#045CB4FF"
"#303018FF","#604830FF","#609048FF","#90A860FF","#786048FF","#303018FF","#604830FF","#609048FF","#90A860FF","#786048FF","#303018FF","#604830FF"
"#304818FF","#906030FF","#486030FF","#784830FF","#181800FF","#304818FF","#906030FF","#486030FF","#784830FF","#181800FF","#304818FF","#906030FF"
"#A2A098FF","#5E6B7BFF","#233D3FFF","#85ADCCFF","#426714FF","#A2A098FF","#5E6B7BFF","#233D3FFF","#85ADCCFF","#426714FF","#A2A098FF","#5E6B7BFF"
"#EBDAC9FF","#CEAD96FF","#CECFD4FF","#686F60FF","#455D44FF","#23341EFF","#EBDAC9FF","#CEAD96FF","#CECFD4FF","#686F60FF","#455D44FF","#23341EFF"
"#C39CA4FF","#E05959FF","#AC181DFF","#713D3FFF","#381F21FF","#C39CA4FF","#E05959FF","#AC181DFF","#713D3FFF","#381F21FF","#C39CA4FF","#E05959FF"
"#FFDBA5FF","#FAB455FF","#F28023FF","#A5683CFF","#B4450EFF","#FFDBA5FF","#FAB455FF","#F28023FF","#A5683CFF","#B4450EFF","#FFDBA5FF","#FAB455FF"
"#336887FF","#8197A4FF","#A9B4BCFF","#B7AA9FFF","#706A6BFF","#336887FF","#8197A4FF","#A9B4BCFF","#B7AA9FFF","#706A6BFF","#336887FF","#8197A4FF"
"#6C568CFF","#9386A6FF","#BFCDD9FF","#7F8C72FF","#607345FF","#6C568CFF","#9386A6FF","#BFCDD9FF","#7F8C72FF","#607345FF","#6C568CFF","#9386A6FF"
"#7E8C69FF","#E7A655FF","#E59D7FFF","#E38377FF","#6D4847FF","#7E8C69FF","#E7A655FF","#E59D7FFF","#E38377FF","#6D4847FF","#7E8C69FF","#E7A655FF"
"#AA767CFF","#B7AF57FF","#797014FF","#C2607FFF","#A65644FF","#AA767CFF","#B7AF57FF","#797014FF","#C2607FFF","#A65644FF","#AA767CFF","#B7AF57FF"
"#9E8ABCFF","#A99CD9FF","#808C91FF","#A7907BFF","#A5BA92FF","#9E8ABCFF","#A99CD9FF","#808C91FF","#A7907BFF","#A5BA92FF","#9E8ABCFF","#A99CD9FF"
"#DED4CBFF","#DBE38EFF","#7E7576FF","#A79787FF","#3A2C21FF","#DED4CBFF","#DBE38EFF","#7E7576FF","#A79787FF","#3A2C21FF","#DED4CBFF","#DBE38EFF"
"#000000FF","#004949FF","#009292FF","#FF6DB6FF","#FFB6DBFF","#490092FF","#006DDBFF","#B66DFFFF","#6DB6FFFF","#B6DBFFFF","#920000FF","#924900FF"
"#1E8E99FF","#51C3CCFF","#99F9FFFF","#B2FCFFFF","#CCFEFFFF","#E5FFFFFF","#FFE5CCFF","#FFCA99FF","#FFAD65FF","#FF8E32FF","#CC5800FF","#993F00FF"
"#006666FF","#009999FF","#00CCCCFF","#00FFFFFF","#33FFFFFF","#65FFFFFF","#99FFFFFF","#B2FFFFFF","#CBFFFFFF","#E5FFFFFF","#FFE5CBFF","#FFCA99FF"
"#290AD8FF","#264DFFFF","#3FA0FFFF","#72D9FFFF","#AAF7FFFF","#E0FFFFFF","#FFFFBFFF","#FFE099FF","#FFAD72FF","#F76D5EFF","#D82632FF","#A50021FF"
"#2400D8FF","#181CF7FF","#2857FFFF","#3D87FFFF","#56B0FFFF","#75D3FFFF","#99EAFFFF","#BCF9FFFF","#EAFFFFFF","#FFFFEAFF","#FFF1BCFF","#FFD699FF"
"#0099CCFF","#66E5FFFF","#99FFFFFF","#CCFFFFFF","#E5E5E5FF","#999999FF","#666666FF","#333333FF","#0099CCFF","#66E5FFFF","#99FFFFFF","#CCFFFFFF"
"#0000FFFF","#3333FFFF","#6565FFFF","#9999FFFF","#B2B2FFFF","#CBCBFFFF","#E5E5FFFF","#E5FFE5FF","#CBFFCBFF","#B2FFB2FF","#99FF99FF","#65FF65FF"
"#0054FFFF","#3299FFFF","#65CCFFFF","#99EDFFFF","#CCFFFFFF","#FFFFCCFF","#FFEE99FF","#FFCC65FF","#FF9932FF","#FF5500FF","#0054FFFF","#3299FFFF"
"#002AFFFF","#1965FFFF","#3299FFFF","#65CCFFFF","#99EDFFFF","#CCFFFFFF","#FFFFCCFF","#FFEE99FF","#FFCC65FF","#FF9932FF","#FF6619FF","#FF2A00FF"
"#007FFFFF","#4CC3FFFF","#99EDFFFF","#CCFFFFFF","#FFFFCCFF","#FFEE99FF","#FFC34CFF","#FF7F00FF","#007FFFFF","#4CC3FFFF","#99EDFFFF","#CCFFFFFF"
"#075AFFFF","#3276FFFF","#5990FFFF","#8CB2FFFF","#BFD4FFFF","#E5EEFFFF","#F7F9FFFF","#FFFFCCFF","#FFFF99FF","#FFFF00FF","#FFCC00FF","#FF9900FF"
"#662F00FF","#996035FF","#CC9B7AFF","#D8AF97FF","#F2DACDFF","#CCFDFFFF","#99F8FFFF","#65EFFFFF","#32E3FFFF","#00A9CCFF","#662F00FF","#996035FF"
"#331900FF","#662F00FF","#996035FF","#CC9B7AFF","#D8AF97FF","#F2DACDFF","#CCFDFFFF","#99F8FFFF","#65EFFFFF","#32E3FFFF","#00A9CCFF","#007A99FF"
"#005000FF","#008600FF","#00BB00FF","#00F100FF","#50FF50FF","#86FF86FF","#BBFFBBFF","#FFFFFFFF","#FFF1FFFF","#FFBBFFFF","#FF86FFFF","#FF50FFFF"
"#E5FFFFFF","#CCFAFFFF","#B2F2FFFF","#99E5FFFF","#7FD4FFFF","#65BFFFFF","#4CA5FFFF","#3288FFFF","#1965FFFF","#003FFFFF","#E5FFFFFF","#CCFAFFFF"
"#FFFFFFFF","#CCFDFFFF","#99F8FFFF","#66F0FFFF","#33E4FFFF","#00AACCFF","#007A99FF","#FFFFFFFF","#CCFDFFFF","#99F8FFFF","#66F0FFFF","#33E4FFFF"
"#A50021FF","#D82632FF","#F76D5EFF","#FFAD72FF","#FFE099FF","#FFFFBFFF","#E0FFFFFF","#AAF7FFFF","#72D8FFFF","#3FA0FFFF","#264CFFFF","#A50021FF"
"#FFBF7FFF","#FF7F00FF","#FFFF99FF","#FFFF32FF","#B2FF8CFF","#32FF00FF","#A5EDFFFF","#19B2FFFF","#CCBFFFFF","#654CFFFF","#FF99BFFF","#E51932FF"
"#990F0FFF","#B22C2CFF","#CC5151FF","#E57E7EFF","#FFB2B2FF","#99540FFF","#B26F2CFF","#CC8E51FF","#E5B17EFF","#FFD8B2FF","#6B990FFF","#85B22CFF"
"#E69F00FF","#56B4E9FF","#009E73FF","#F0E442FF","#0072B2FF","#D55E00FF","#CC79A7FF","#999999FF","#E69F00FF","#56B4E9FF","#009E73FF","#F0E442FF"
"#E69F00FF","#56B4E9FF","#009E73FF","#F0E442FF","#0072B2FF","#D55E00FF","#CC79A7FF","#000000FF","#E69F00FF","#56B4E9FF","#009E73FF","#F0E442FF"
"#911B1BFF","#985775FF","#BAAE94FF","#DE7184FF","#74892EFF","#FF9A6EFF","#911B1BFF","#985775FF","#BAAE94FF","#DE7184FF","#74892EFF","#FF9A6EFF"
"#573333FF","#E0C5BEFF","#FDD41AFF","#D3AD64FF","#7A5D55FF","#DE5C00FF","#573333FF","#E0C5BEFF","#FDD41AFF","#D3AD64FF","#7A5D55FF","#DE5C00FF"
"#E5A430FF","#9C7210FF","#D7A8B8FF","#BAB24FFF","#392821FF","#9B391BFF","#E5A430FF","#9C7210FF","#D7A8B8FF","#BAB24FFF","#392821FF","#9B391BFF"
"#EED4C5FF","#835D4AFF","#D2A19AFF","#F3AC5EFF","#130B08FF","#B77897FF","#EED4C5FF","#835D4AFF","#D2A19AFF","#F3AC5EFF","#130B08FF","#B77897FF"
"#7E8E2CFF","#372815FF","#5A5F9DFF","#732405FF","#FECA64FF","#457D60FF","#7E8E2CFF","#372815FF","#5A5F9DFF","#732405FF","#FECA64FF","#457D60FF"
"#3D2E27FF","#664D51FF","#BF6938FF","#F3B65DFF","#9D9C42FF","#EBDECEFF","#3D2E27FF","#664D51FF","#BF6938FF","#F3B65DFF","#9D9C42FF","#EBDECEFF"
"#DCA761FF","#C6C16DFF","#8B9C94FF","#628CA5FF","#5A6C7AFF","#514F5CFF","#DCA761FF","#C6C16DFF","#8B9C94FF","#628CA5FF","#5A6C7AFF","#514F5CFF"
"#E38A22FF","#939114FF","#F0E6C6FF","#6E5A16FF","#DECB21FF","#E38A22FF","#939114FF","#F0E6C6FF","#6E5A16FF","#DECB21FF","#E38A22FF","#939114FF"
"#E2B745FF","#E3BB88FF","#988E42FF","#4E3D1DFF","#1B1702FF","#E2B745FF","#E3BB88FF","#988E42FF","#4E3D1DFF","#1B1702FF","#E2B745FF","#E3BB88FF"
"#5A2D27FF","#888238FF","#BCD7EAFF","#6D7F7FFF","#172530FF","#5A2D27FF","#888238FF","#BCD7EAFF","#6D7F7FFF","#172530FF","#5A2D27FF","#888238FF"
"#2A1805FF","#122B08FF","#D7D38CFF","#4B5012FF","#95C247FF","#2A1805FF","#122B08FF","#D7D38CFF","#4B5012FF","#95C247FF","#2A1805FF","#122B08FF"
"#6F2305FF","#D29155FF","#975428FF","#477298FF","#224263FF","#6F2305FF","#D29155FF","#975428FF","#477298FF","#224263FF","#6F2305FF","#D29155FF"
"#DCA25DFF","#E8C999FF","#6C3921FF","#26130EFF","#C29153FF","#DCA25DFF","#E8C999FF","#6C3921FF","#26130EFF","#C29153FF","#DCA25DFF","#E8C999FF"
"#FFDAA0FF","#B29952FF","#A38847FF","#F9A338FF","#867673FF","#0F120FFF","#FFDAA0FF","#B29952FF","#A38847FF","#F9A338FF","#867673FF","#0F120FFF"
"#F1CFA2FF","#F8BC64FF","#E68B47FF","#BD6E39FF","#4A2C22FF","#F1CFA2FF","#F8BC64FF","#E68B47FF","#BD6E39FF","#4A2C22FF","#F1CFA2FF","#F8BC64FF"
"#EDAA6AFF","#41230EFF","#B0612DFF","#743F1CFF","#120906FF","#EDAA6AFF","#41230EFF","#B0612DFF","#743F1CFF","#120906FF","#EDAA6AFF","#41230EFF"
"#080808FF","#5E596FFF","#9A7354FF","#DCA57EFF","#F6FCD0FF","#C5E4F6FF","#080808FF","#5E596FFF","#9A7354FF","#DCA57EFF","#F6FCD0FF","#C5E4F6FF"
"#18181AFF","#848178FF","#C6C7C2FF","#815B37FF","#E3C77CFF","#FEFF99FF","#18181AFF","#848178FF","#C6C7C2FF","#815B37FF","#E3C77CFF","#FEFF99FF"
"#412A26FF","#583423FF","#765B4CFF","#85797AFF","#E0AE74FF","#F7ECE6FF","#412A26FF","#583423FF","#765B4CFF","#85797AFF","#E0AE74FF","#F7ECE6FF"
"#543813FF","#E4733BFF","#D9842AFF","#DAB77FFF","#CFE0D8FF","#9CC3E0FF","#5981BCFF","#543813FF","#E4733BFF","#D9842AFF","#DAB77FFF","#CFE0D8FF"
"#343530FF","#636051FF","#A0A384FF","#A3BECFFF","#93B9ACFF","#BDD6C3FF","#343530FF","#636051FF","#A0A384FF","#A3BECFFF","#93B9ACFF","#BDD6C3FF"
"#9DBFDAFF","#6FA3DDFF","#588ECEFF","#336AAAFF","#295A9CFF","#1B4287FF","#9DBFDAFF","#6FA3DDFF","#588ECEFF","#336AAAFF","#295A9CFF","#1B4287FF"
"#626063FF","#AD5E59FF","#FD7C45FF","#FABA62FF","#FFFFBBFF","#BBDADCFF","#626063FF","#AD5E59FF","#FD7C45FF","#FABA62FF","#FFFFBBFF","#BBDADCFF"
"#040605FF","#0A183FFF","#1C407AFF","#A1A4B7FF","#F2BFA4FF","#FFD585FF","#040605FF","#0A183FFF","#1C407AFF","#A1A4B7FF","#F2BFA4FF","#FFD585FF"
"#552C10FF","#865B48FF","#343611FF","#515530FF","#977F7DFF","#D3B696FF","#552C10FF","#865B48FF","#343611FF","#515530FF","#977F7DFF","#D3B696FF"
"#1B396DFF","#3E88B9FF","#34362BFF","#B6BFBEFF","#5D3F27FF","#C7B29DFF","#1B396DFF","#3E88B9FF","#34362BFF","#B6BFBEFF","#5D3F27FF","#C7B29DFF"
"#020401FF","#101E07FF","#2A4613FF","#374E0AFF","#7D8B3CFF","#020401FF","#101E07FF","#2A4613FF","#374E0AFF","#7D8B3CFF","#020401FF","#101E07FF"
"#10100EFF","#697573FF","#384A22FF","#8D8B4EFF","#D6AA85FF","#E4E6D1FF","#10100EFF","#697573FF","#384A22FF","#8D8B4EFF","#D6AA85FF","#E4E6D1FF"
"#808314FF","#DCDB43FF","#C5DFF4FF","#323526FF","#534C2EFF","#808314FF","#DCDB43FF","#C5DFF4FF","#323526FF","#534C2EFF","#808314FF","#DCDB43FF"
"#322419FF","#291A17FF","#534546FF","#D3CCC8FF","#8F7772FF","#322419FF","#291A17FF","#534546FF","#D3CCC8FF","#8F7772FF","#322419FF","#291A17FF"
"#2F2E0FFF","#8D7046FF","#67331EFF","#844522FF","#2A61A2FF","#619DC1FF","#2F2E0FFF","#8D7046FF","#67331EFF","#844522FF","#2A61A2FF","#619DC1FF"
"#CFC7C4FF","#75767AFF","#DCA074FF","#994B1EFF","#593C2AFF","#1B1110FF","#CFC7C4FF","#75767AFF","#DCA074FF","#994B1EFF","#593C2AFF","#1B1110FF"
"#2E3780FF","#384AB3FF","#7C444DFF","#A34D36FF","#B4AFAFFF","#272A28FF","#2E3780FF","#384AB3FF","#7C444DFF","#A34D36FF","#B4AFAFFF","#272A28FF"
"#659FCBFF","#05090FFF","#477173FF","#22372CFF","#3A6C4EFF","#659FCBFF","#05090FFF","#477173FF","#22372CFF","#3A6C4EFF","#659FCBFF","#05090FFF"
"#252523FF","#496161FF","#4C2715FF","#573C21FF","#845736FF","#9E7F60FF","#252523FF","#496161FF","#4C2715FF","#573C21FF","#845736FF","#9E7F60FF"
"#17170BFF","#422811FF","#5A3111FF","#A06322FF","#E9C74AFF","#F5EACCFF","#17170BFF","#422811FF","#5A3111FF","#A06322FF","#E9C74AFF","#F5EACCFF"
"#301E48FF","#796D9DFF","#DDDAEFFF","#F9E011FF","#D9B523FF","#946D2AFF","#301E48FF","#796D9DFF","#DDDAEFFF","#F9E011FF","#D9B523FF","#946D2AFF"
"#736F66FF","#1D1C1AFF","#2E3F13FF","#90A53EFF","#E1AF4CFF","#A36407FF","#736F66FF","#1D1C1AFF","#2E3F13FF","#90A53EFF","#E1AF4CFF","#A36407FF"
"#7B6E18FF","#24566DFF","#617764FF","#9DD2CBFF","#B3C29AFF","#BBCC64FF","#7B6E18FF","#24566DFF","#617764FF","#9DD2CBFF","#B3C29AFF","#BBCC64FF"
"#3F2723FF","#F4F4DAFF","#9B7B66FF","#DBF379FF","#4F6A35FF","#3F2723FF","#F4F4DAFF","#9B7B66FF","#DBF379FF","#4F6A35FF","#3F2723FF","#F4F4DAFF"
"#3D76A3FF","#5EADBEFF","#5EA176FF","#A76123FF","#7A4018FF","#B48D48FF","#767D76FF","#3D76A3FF","#5EADBEFF","#5EA176FF","#A76123FF","#7A4018FF"
"#553945FF","#9D758DFF","#734631FF","#B3956FFF","#554A48FF","#8A91A4FF","#553945FF","#9D758DFF","#734631FF","#B3956FFF","#554A48FF","#8A91A4FF"
"#31241EFF","#57302BFF","#AD836DFF","#45472FFF","#5B671FFF","#6C8422FF","#31241EFF","#57302BFF","#AD836DFF","#45472FFF","#5B671FFF","#6C8422FF"
"#313632FF","#7D8184FF","#432B21FF","#6B503BFF","#B89E83FF","#313632FF","#7D8184FF","#432B21FF","#6B503BFF","#B89E83FF","#313632FF","#7D8184FF"
"#800824FF","#9A1609FF","#C4603CFF","#B53E78FF","#6090D2FF","#DC9722FF","#DCB78BFF","#800824FF","#9A1609FF","#C4603CFF","#B53E78FF","#6090D2FF"
"#0F1309FF","#F86100FF","#FF9E00FF","#897F27FF","#C9B13FFF","#FFCB7BFF","#0F1309FF","#F86100FF","#FF9E00FF","#897F27FF","#C9B13FFF","#FFCB7BFF"
"#1F1A10FF","#493823FF","#9E6E27FF","#C47E2AFF","#FDB958FF","#FCE3A8FF","#1F1A10FF","#493823FF","#9E6E27FF","#C47E2AFF","#FDB958FF","#FCE3A8FF"
"#061349FF","#44618CFF","#82B4DEFF","#492772FF","#C78EF0FF","#3D5537FF","#061349FF","#44618CFF","#82B4DEFF","#492772FF","#C78EF0FF","#3D5537FF"
"#3C2726FF","#767D6DFF","#6D723AFF","#33511CFF","#3A6722FF","#547F47FF","#3C2726FF","#767D6DFF","#6D723AFF","#33511CFF","#3A6722FF","#547F47FF"
"#44290CFF","#8A6026FF","#BC9B7CFF","#4D6706FF","#6F9703FF","#ABC035FF","#44290CFF","#8A6026FF","#BC9B7CFF","#4D6706FF","#6F9703FF","#ABC035FF"
"#342125FF","#C04D5CFF","#F17F2AFF","#EB9734FF","#FFB765FF","#FFE9C4FF","#342125FF","#C04D5CFF","#F17F2AFF","#EB9734FF","#FFB765FF","#FFE9C4FF"
"#3E3041FF","#8D6486FF","#745C5AFF","#674232FF","#BA8E69FF","#C5A99BFF","#3E3041FF","#8D6486FF","#745C5AFF","#674232FF","#BA8E69FF","#C5A99BFF"
"#040403FF","#423A31FF","#6E5D54FF","#684E2DFF","#BEA26CFF","#F5DEB6FF","#040403FF","#423A31FF","#6E5D54FF","#684E2DFF","#BEA26CFF","#F5DEB6FF"
"#463732FF","#674F37FF","#6C5948FF","#9A7B5CFF","#C7B084FF","#463732FF","#674F37FF","#6C5948FF","#9A7B5CFF","#C7B084FF","#463732FF","#674F37FF"
"#663000FF","#996136FF","#CC9B7AFF","#D9AF98FF","#F2DACEFF","#CCFDFFFF","#99F8FFFF","#66F0FFFF","#33E4FFFF","#00AACCFF","#663000FF","#996136FF"
"#331A00FF","#663000FF","#996136FF","#CC9B7AFF","#D9AF98FF","#F2DACEFF","#CCFDFFFF","#99F8FFFF","#66F0FFFF","#33E4FFFF","#00AACCFF","#007A99FF"
"#1F8F99FF","#52C4CCFF","#99FAFFFF","#B2FCFFFF","#CCFEFFFF","#E6FFFFFF","#FFE6CCFF","#FFCA99FF","#FFAD66FF","#FF8F33FF","#CC5800FF","#994000FF"
"#006666FF","#009999FF","#00CCCCFF","#00FFFFFF","#33FFFFFF","#66FFFFFF","#99FFFFFF","#B2FFFFFF","#CCFFFFFF","#E6FFFFFF","#FFE6CCFF","#FFCA99FF"
"#2A0BD9FF","#264EFFFF","#40A1FFFF","#73DAFFFF","#ABF8FFFF","#E0FFFFFF","#FFFFBFFF","#FFE099FF","#FFAD73FF","#F76E5EFF","#D92632FF","#A60021FF"
"#2400D9FF","#191DF7FF","#2957FFFF","#3D87FFFF","#57B0FFFF","#75D3FFFF","#99EBFFFF","#BDF9FFFF","#EBFFFFFF","#FFFFEBFF","#FFF2BDFF","#FFD699FF"
"#0000FFFF","#3333FFFF","#6666FFFF","#9999FFFF","#B2B2FFFF","#CCCCFFFF","#E6E6FFFF","#E6FFE6FF","#CCFFCCFF","#B2FFB2FF","#99FF99FF","#66FF66FF"
"#0099CCFF","#66E6FFFF","#99FFFFFF","#CCFFFFFF","#E6E6E6FF","#999999FF","#666666FF","#333333FF","#0099CCFF","#66E6FFFF","#99FFFFFF","#CCFFFFFF"
"#085AFFFF","#3377FFFF","#5991FFFF","#8CB2FFFF","#BFD4FFFF","#E6EEFFFF","#F7FAFFFF","#FFFFCCFF","#FFFF99FF","#FFFF00FF","#FFCC00FF","#FF9900FF"
"#0055FFFF","#3399FFFF","#66CCFFFF","#99EEFFFF","#CCFFFFFF","#FFFFCCFF","#FFEE99FF","#FFCC66FF","#FF9933FF","#FF5500FF","#0055FFFF","#3399FFFF"
"#002BFFFF","#1A66FFFF","#3399FFFF","#66CCFFFF","#99EEFFFF","#CCFFFFFF","#FFFFCCFF","#FFEE99FF","#FFCC66FF","#FF9933FF","#FF661AFF","#FF2B00FF"
"#0080FFFF","#4CC4FFFF","#99EEFFFF","#CCFFFFFF","#FFFFCCFF","#FFEE99FF","#FFC44CFF","#FF8000FF","#0080FFFF","#4CC4FFFF","#99EEFFFF","#CCFFFFFF"
"#E6FFFFFF","#CCFBFFFF","#B2F2FFFF","#99E6FFFF","#80D4FFFF","#66BFFFFF","#4CA6FFFF","#3388FFFF","#1A66FFFF","#0040FFFF","#E6FFFFFF","#CCFBFFFF"
"#FFFFFFFF","#CCFDFFFF","#99F8FFFF","#66F0FFFF","#33E4FFFF","#00AACCFF","#007A99FF","#FFFFFFFF","#CCFDFFFF","#99F8FFFF","#66F0FFFF","#33E4FFFF"
"#FFBF80FF","#FF8000FF","#FFFF99FF","#FFFF33FF","#B2FF8CFF","#33FF00FF","#A6EDFFFF","#1AB2FFFF","#CCBFFFFF","#664CFFFF","#FF99BFFF","#E61A33FF"
"#005100FF","#008600FF","#00BC00FF","#00F100FF","#51FF51FF","#86FF86FF","#BCFFBCFF","#FFFFFFFF","#FFF1FFFF","#FFBCFFFF","#FF86FFFF","#FF51FFFF"
"#990F0FFF","#B22D2DFF","#CC5252FF","#E67E7EFF","#FFB2B2FF","#99700FFF","#B28B2DFF","#CCA852FF","#E6C77EFF","#FFE8B2FF","#1F990FFF","#3CB22DFF"
"#48211AFF","#376597FF","#537270FF","#556246FF","#928F6BFF","#CCAF69FF","#ECE5D3FF","#104A8AFF","#C5AC8EFF","#889F95FF","#7C4728FF","#00295DFF"
"#A65141FF","#E7CDC2FF","#80A0C7FF","#394165FF","#FCF9F0FF","#B1934AFF","#DCA258FF","#100F14FF","#8B9DAFFF","#EEDA9DFF","#E8DCCFFF","#A65141FF"
"#78A8D1FF","#D5BF98FF","#E3C78FFF","#FDF9F8FF","#867D6CFF","#A04437FF","#AF7366FF","#EFBF6AFF","#8E7C56FF","#CDD4E4FF","#8B6C4FFF","#B4B7B9FF"
"#9D3D2DFF","#99A8A5FF","#8F4C2DFF","#6A6A54FF","#EADAC5FF","#27221FFF","#727C73FF","#C9AA82FF","#3A2D22FF","#8F5144FF","#C9BDA3FF","#9D3D2DFF"
"#B2AAA2FF","#0D0B0CFF","#B47562FF","#332826FF","#B18147FF","#803B31FF","#CBC2C3FF","#B2AAA2FF","#0D0B0CFF","#B47562FF","#332826FF","#B18147FF"
"#A13826FF","#701B06FF","#4C3114FF","#7A491EFF","#D7E1D6FF","#060A0DFF","#D39C7BFF","#A13826FF","#701B06FF","#4C3114FF","#7A491EFF","#D7E1D6FF"
"#F3CB66FF","#CB9060FF","#D5B09AFF","#A59587FF","#544142FF","#030504FF","#F3CB66FF","#CB9060FF","#D5B09AFF","#A59587FF","#544142FF","#030504FF"
"#532026FF","#BA141EFF","#E2E3E7FF","#61829CFF","#354C6AFF","#050505FF","#532026FF","#BA141EFF","#E2E3E7FF","#61829CFF","#354C6AFF","#050505FF"
"#C7341EFF","#EC9C3EFF","#DDD2B5FF","#B9AA7FFF","#936E4CFF","#40382EFF","#C7341EFF","#EC9C3EFF","#DDD2B5FF","#B9AA7FFF","#936E4CFF","#40382EFF"
"#AC5A42FF","#865C1EFF","#BCAF49FF","#746D28FF","#3E3C19FF","#191C0CFF","#AC5A42FF","#865C1EFF","#BCAF49FF","#746D28FF","#3E3C19FF","#191C0CFF"
"#926159FF","#87876EFF","#C7D2D8FF","#62B7C8FF","#43535CFF","#23313CFF","#926159FF","#87876EFF","#C7D2D8FF","#62B7C8FF","#43535CFF","#23313CFF"
"#875E3BFF","#E37F3EFF","#B3C6ADFF","#5E6748FF","#384630FF","#0D120BFF","#875E3BFF","#E37F3EFF","#B3C6ADFF","#5E6748FF","#384630FF","#0D120BFF"
"#818470FF","#D1BED8FF","#B9C9D8FF","#5E7EACFF","#876B4DFF","#131A24FF","#818470FF","#D1BED8FF","#B9C9D8FF","#5E7EACFF","#876B4DFF","#131A24FF"
"#AD3D27FF","#D1E5C6FF","#BCD384FF","#4F9D4EFF","#255025FF","#0E130FFF","#AD3D27FF","#D1E5C6FF","#BCD384FF","#4F9D4EFF","#255025FF","#0E130FFF"
"#847675FF","#BA857CFF","#F9F9F9FF","#CBCCD1FF","#5D758AFF","#2E2E30FF","#847675FF","#BA857CFF","#F9F9F9FF","#CBCCD1FF","#5D758AFF","#2E2E30FF"
"#A94120FF","#E6B12BFF","#FED89FFF","#8E6036FF","#532612FF","#060405FF","#A94120FF","#E6B12BFF","#FED89FFF","#8E6036FF","#532612FF","#060405FF"
"#651F10FF","#A86249FF","#B19D6FFF","#888D60FF","#6A412AFF","#2F1E0FFF","#651F10FF","#A86249FF","#B19D6FFF","#888D60FF","#6A412AFF","#2F1E0FFF"
"#560B06FF","#D54A1EFF","#C38636FF","#F6E090FF","#503F23FF","#1B1202FF","#560B06FF","#D54A1EFF","#C38636FF","#F6E090FF","#503F23FF","#1B1202FF"
"#33645FFF","#9D1B1FFF","#CEA0B5FF","#F6F5F1FF","#7B7987FF","#1D2731FF","#33645FFF","#9D1B1FFF","#CEA0B5FF","#F6F5F1FF","#7B7987FF","#1D2731FF"
"#8A8CA4FF","#D3EEF9FF","#A0FFFEFF","#70B7E1FF","#5074A5FF","#BFBBA1FF","#8A8CA4FF","#D3EEF9FF","#A0FFFEFF","#70B7E1FF","#5074A5FF","#BFBBA1FF"
"#3E321AFF","#643613FF","#D35127FF","#EB974EFF","#FAEAADFF","#AFBBDFFF","#3E321AFF","#643613FF","#D35127FF","#EB974EFF","#FAEAADFF","#AFBBDFFF"
"#DBD8C3FF","#C1714DFF","#F1B161FF","#A9823BFF","#4B4118FF","#2F2111FF","#DBD8C3FF","#C1714DFF","#F1B161FF","#A9823BFF","#4B4118FF","#2F2111FF"
"#C2697FFF","#FDDFA4FF","#B4B9E0FF","#513965FF","#201B43FF","#2C3778FF","#C2697FFF","#FDDFA4FF","#B4B9E0FF","#513965FF","#201B43FF","#2C3778FF"
"#9E4058FF","#C2697FFF","#D0641EFF","#E68E54FF","#F9AB0EFF","#FBC559FF","#589E40FF","#7FC269FF","#2C3778FF","#4151B0FF","#513965FF","#785596FF"
"#527E87FF","#B88244FF","#B8B69EFF","#B48F2CFF","#A37903FF","#527E87FF","#B88244FF","#B8B69EFF","#B48F2CFF","#A37903FF","#527E87FF","#B88244FF"
"#0F1926FF","#025940FF","#02734AFF","#038C33FF","#03A62CFF","#0F1926FF","#025940FF","#02734AFF","#038C33FF","#03A62CFF","#0F1926FF","#025940FF"
"#491212FF","#F27127FF","#F24C27FF","#BF281BFF","#CE471CFF","#491212FF","#F27127FF","#F24C27FF","#BF281BFF","#CE471CFF","#491212FF","#F27127FF"
"#00010DFF","#032CA6FF","#034AA6FF","#035AA6FF","#93ABBFFF","#00010DFF","#032CA6FF","#034AA6FF","#035AA6FF","#93ABBFFF","#00010DFF","#032CA6FF"
"#0476D9FF","#01260EFF","#618C03FF","#BFB304FF","#A68B03FF","#0476D9FF","#01260EFF","#618C03FF","#BFB304FF","#A68B03FF","#0476D9FF","#01260EFF"
"#071140FF","#0E34B2FF","#207CF5FF","#9EC8FFFF","#FBFB53FF","#071140FF","#0E34B2FF","#207CF5FF","#9EC8FFFF","#FBFB53FF","#071140FF","#0E34B2FF"
"#FDC718FF","#3E938BFF","#1D373AFF","#1942CDFF","#73D8FEFF","#FDC718FF","#3E938BFF","#1D373AFF","#1942CDFF","#73D8FEFF","#FDC718FF","#3E938BFF"
"#E96C0CFF","#CDEE40FF","#8BD4F7FF","#1927DDFF","#0D0006FF","#E96C0CFF","#CDEE40FF","#8BD4F7FF","#1927DDFF","#0D0006FF","#E96C0CFF","#CDEE40FF"
"#110F0EFF","#673821FF","#BD9931FF","#EEE436FF","#E9E9DCFF","#110F0EFF","#673821FF","#BD9931FF","#EEE436FF","#E9E9DCFF","#110F0EFF","#673821FF"
"#7992A6FF","#C0D1CEFF","#BCB584FF","#70684DFF","#383733FF","#7992A6FF","#C0D1CEFF","#BCB584FF","#70684DFF","#383733FF","#7992A6FF","#C0D1CEFF"
"#011C40FF","#035AA6FF","#05AFF2FF","#05C7F2FF","#05DBF2FF","#011C40FF","#035AA6FF","#05AFF2FF","#05C7F2FF","#05DBF2FF","#011C40FF","#035AA6FF"
"#8A7036FF","#937366FF","#CE9B89FF","#A7988DFF","#E7E9E4FF","#8A7036FF","#937366FF","#CE9B89FF","#A7988DFF","#E7E9E4FF","#8A7036FF","#937366FF"
"#0487D9FF","#BFA004FF","#A6681CFF","#3B3217FF","#553A19FF","#0487D9FF","#BFA004FF","#A6681CFF","#3B3217FF","#553A19FF","#0487D9FF","#BFA004FF"
"#26677FFF","#635C72FF","#89374FFF","#C46F3EFF","#B79E4BFF","#26677FFF","#635C72FF","#89374FFF","#C46F3EFF","#B79E4BFF","#26677FFF","#635C72FF"
"#420A01FF","#854007FF","#C39328FF","#DBC51CFF","#F3F33AFF","#420A01FF","#854007FF","#C39328FF","#DBC51CFF","#F3F33AFF","#420A01FF","#854007FF"
"#677381FF","#917249FF","#B1A5A0FF","#BFB4ACFF","#E7E2DAFF","#677381FF","#917249FF","#B1A5A0FF","#BFB4ACFF","#E7E2DAFF","#677381FF","#917249FF"
"#6A150EFF","#DB8165FF","#F1E201FF","#747B4EFF","#0A0203FF","#6A150EFF","#DB8165FF","#F1E201FF","#747B4EFF","#0A0203FF","#6A150EFF","#DB8165FF"
"#E27B0CFF","#FED105FF","#6CA167FF","#145A76FF","#1E1719FF","#E27B0CFF","#FED105FF","#6CA167FF","#145A76FF","#1E1719FF","#E27B0CFF","#FED105FF"
"#0086DAFF","#0468BFFF","#009BECFF","#A29641FF","#9E8430FF","#0086DAFF","#0468BFFF","#009BECFF","#A29641FF","#9E8430FF","#0086DAFF","#0468BFFF"
"#CE9E01FF","#F0EB00FF","#93AC38FF","#5CA0B4FF","#06101BFF","#CE9E01FF","#F0EB00FF","#93AC38FF","#5CA0B4FF","#06101BFF","#CE9E01FF","#F0EB00FF"
"#6B472CFF","#8D4F20FF","#CA925BFF","#CFC99FFF","#89AAC6FF","#6B472CFF","#8D4F20FF","#CA925BFF","#CFC99FFF","#89AAC6FF","#6B472CFF","#8D4F20FF"
"#DE0502FF","#D44D78FF","#C190B2FF","#78BBDCFF","#FDF50AFF","#DE0502FF","#D44D78FF","#C190B2FF","#78BBDCFF","#FDF50AFF","#DE0502FF","#D44D78FF"
"#FCDD23FF","#F8B100FF","#CA697CFF","#AB74CFFF","#48439BFF","#FCDD23FF","#F8B100FF","#CA697CFF","#AB74CFFF","#48439BFF","#FCDD23FF","#F8B100FF"
"#EA3DF6FF","#DD2F24FF","#D6822FFF","#F9D449FF","#DCDBEAFF","#EA3DF6FF","#DD2F24FF","#D6822FFF","#F9D449FF","#DCDBEAFF","#EA3DF6FF","#DD2F24FF"
"#DD75D3FF","#E16305FF","#F2CB05FF","#719F47FF","#7E8CF3FF","#DD75D3FF","#E16305FF","#F2CB05FF","#719F47FF","#7E8CF3FF","#DD75D3FF","#E16305FF"
"#F3F0FAFF","#FFF1E0FF","#F2935CFF","#F27141FF","#BF604BFF","#F3F0FAFF","#FFF1E0FF","#F2935CFF","#F27141FF","#BF604BFF","#F3F0FAFF","#FFF1E0FF"
"#8F1D1EFF","#EA3228FF","#FFC737FF","#3E52A1FF","#000000FF","#8F1D1EFF","#EA3228FF","#FFC737FF","#3E52A1FF","#000000FF","#8F1D1EFF","#EA3228FF"
"#105FE8FF","#0DE6FEFF","#EFD289FF","#70601EFF","#041A2CFF","#105FE8FF","#0DE6FEFF","#EFD289FF","#70601EFF","#041A2CFF","#105FE8FF","#0DE6FEFF"
"#CE803FFF","#EDC695FF","#FFCF9AFF","#B15A00FF","#ED9256FF","#CE803FFF","#EDC695FF","#FFCF9AFF","#B15A00FF","#ED9256FF","#CE803FFF","#EDC695FF"
"#806607FF","#807A50FF","#5C6560FF","#9BA59DFF","#A6AEA6FF","#806607FF","#807A50FF","#5C6560FF","#9BA59DFF","#A6AEA6FF","#806607FF","#807A50FF"
"#010101FF","#6DAABDFF","#CAECB3FF","#F3CB04FF","#E28027FF","#010101FF","#6DAABDFF","#CAECB3FF","#F3CB04FF","#E28027FF","#010101FF","#6DAABDFF"
"#010310FF","#3886C4FF","#D0D8DAFF","#FEF99AFF","#E0700AFF","#010310FF","#3886C4FF","#D0D8DAFF","#FEF99AFF","#E0700AFF","#010310FF","#3886C4FF"
"#E2B000FF","#F7F656FF","#2449A2FF","#809098FF","#0D1115FF","#E2B000FF","#F7F656FF","#2449A2FF","#809098FF","#0D1115FF","#E2B000FF","#F7F656FF"
"#655A5AFF","#BFB304FF","#DBC470FF","#E4D6C0FF","#F8E5D7FF","#655A5AFF","#BFB304FF","#DBC470FF","#E4D6C0FF","#F8E5D7FF","#655A5AFF","#BFB304FF"
"#01040EFF","#65AFF3FF","#5E9A9CFF","#F8CD50FF","#80784AFF","#01040EFF","#65AFF3FF","#5E9A9CFF","#F8CD50FF","#80784AFF","#01040EFF","#65AFF3FF"
"#623DBFFF","#1664FFFF","#0EE6F9FF","#14B8CEFF","#14AA62FF","#623DBFFF","#1664FFFF","#0EE6F9FF","#14B8CEFF","#14AA62FF","#623DBFFF","#1664FFFF"
"#A790DBFF","#4A79BCFF","#00A5FFFF","#04EAB8FF","#D8D643FF","#A790DBFF","#4A79BCFF","#00A5FFFF","#04EAB8FF","#D8D643FF","#A790DBFF","#4A79BCFF"
"#DEB06CFF","#9C6F00FF","#F2B705FF","#D29300FF","#8C4E03FF","#DEB06CFF","#9C6F00FF","#F2B705FF","#D29300FF","#8C4E03FF","#DEB06CFF","#9C6F00FF"
"#0D132AFF","#1F2B98FF","#808FFCFF","#EEE115FF","#D69209FF","#0D132AFF","#1F2B98FF","#808FFCFF","#EEE115FF","#D69209FF","#0D132AFF","#1F2B98FF"
"#214DBEFF","#2FD2F6FF","#00F293FF","#FEF500FF","#FF7657FF","#214DBEFF","#2FD2F6FF","#00F293FF","#FEF500FF","#FF7657FF","#214DBEFF","#2FD2F6FF"
"#754AB3FF","#0627B3FF","#FDC300FF","#BE245BFF","#E841BDFF","#754AB3FF","#0627B3FF","#FDC300FF","#BE245BFF","#E841BDFF","#754AB3FF","#0627B3FF"
"#A6036DFF","#D9A404FF","#BF6B04FF","#A62103FF","#A07DAFFF","#A6036DFF","#D9A404FF","#BF6B04FF","#A62103FF","#A07DAFFF","#A6036DFF","#D9A404FF"
"#E28928FF","#C464AAFF","#7C43A9FF","#001847FF","#0646CFFF","#E28928FF","#C464AAFF","#7C43A9FF","#001847FF","#0646CFFF","#E28928FF","#C464AAFF"
"#006BFFFF","#00957EFF","#D0E005FF","#FD873EFF","#7C6D46FF","#006BFFFF","#00957EFF","#D0E005FF","#FD873EFF","#7C6D46FF","#006BFFFF","#00957EFF"
"#003C74FF","#4A88F8FF","#02B6A3FF","#9DCE03FF","#F1E700FF","#003C74FF","#4A88F8FF","#02B6A3FF","#9DCE03FF","#F1E700FF","#003C74FF","#4A88F8FF"
"#853709FF","#542110FF","#F2B705FF","#F29F05FF","#BF5B04FF","#853709FF","#542110FF","#F2B705FF","#F29F05FF","#BF5B04FF","#853709FF","#542110FF"
"#1C1C1BFF","#FFEB08FF","#F2CB05FF","#F2B705FF","#AEB021FF","#1C1C1BFF","#FFEB08FF","#F2CB05FF","#F2B705FF","#AEB021FF","#1C1C1BFF","#FFEB08FF"
"#1A91EBFF","#144C69FF","#07868CFF","#49A85FFF","#81E74AFF","#1A91EBFF","#144C69FF","#07868CFF","#49A85FFF","#81E74AFF","#1A91EBFF","#144C69FF"
"#0E1823FF","#9AB8CEFF","#669638FF","#D8A828FF","#F15E22FF","#0E1823FF","#9AB8CEFF","#669638FF","#D8A828FF","#F15E22FF","#0E1823FF","#9AB8CEFF"
"#E5D8D6FF","#CA8C9FFF","#7D292BFF","#D7443FFF","#EFAF30FF","#E5D8D6FF","#CA8C9FFF","#7D292BFF","#D7443FFF","#EFAF30FF","#E5D8D6FF","#CA8C9FFF"
"#2A3F6EFF","#3E92E0FF","#C0CED1FF","#FCD34BFF","#F79409FF","#2A3F6EFF","#3E92E0FF","#C0CED1FF","#FCD34BFF","#F79409FF","#2A3F6EFF","#3E92E0FF"
"#7D8556FF","#784849FF","#553748FF","#C1892DFF","#95C0A1FF","#7D8556FF","#784849FF","#553748FF","#C1892DFF","#95C0A1FF","#7D8556FF","#784849FF"
"#543329FF","#7E321DFF","#B4362AFF","#DA5A5AFF","#DCC1AEFF","#543329FF","#7E321DFF","#B4362AFF","#DA5A5AFF","#DCC1AEFF","#543329FF","#7E321DFF"
"#E1E2DDFF","#C6C7B6FF","#BBA88AFF","#935933FF","#5C2C18FF","#E1E2DDFF","#C6C7B6FF","#BBA88AFF","#935933FF","#5C2C18FF","#E1E2DDFF","#C6C7B6FF"
"#89DCE5FF","#4F9E5CFF","#E5D898FF","#BA511CFF","#59130AFF","#89DCE5FF","#4F9E5CFF","#E5D898FF","#BA511CFF","#59130AFF","#89DCE5FF","#4F9E5CFF"
"#CC3D24FF","#F3C558FF","#6DAE90FF","#30B4CCFF","#004F7AFF","#CC3D24FF","#F3C558FF","#6DAE90FF","#30B4CCFF","#004F7AFF","#CC3D24FF","#F3C558FF"
"#3D1614FF","#861705FF","#C02909FF","#AB6B64FF","#BAE3E4FF","#3D1614FF","#861705FF","#C02909FF","#AB6B64FF","#BAE3E4FF","#3D1614FF","#861705FF"
"#E3B01DFF","#FEFB29FF","#BBD84EFF","#AFE8FCFF","#696C8FFF","#E3B01DFF","#FEFB29FF","#BBD84EFF","#AFE8FCFF","#696C8FFF","#E3B01DFF","#FEFB29FF"
"#5D784CFF","#ADDAB3FF","#778E3FFF","#B1F0EEFF","#6E927DFF","#5D784CFF","#ADDAB3FF","#778E3FFF","#B1F0EEFF","#6E927DFF","#5D784CFF","#ADDAB3FF"
"#D9C5BDFF","#67939AFF","#A59D83FF","#AAAEA1FF","#949D9BFF","#D9C5BDFF","#67939AFF","#A59D83FF","#AAAEA1FF","#949D9BFF","#D9C5BDFF","#67939AFF"
"#6D62AFFF","#163885FF","#41DEFFFF","#A9FC21FF","#107E68FF","#6D62AFFF","#163885FF","#41DEFFFF","#A9FC21FF","#107E68FF","#6D62AFFF","#163885FF"
"#D94AB3FF","#8404D9FF","#6503A6FF","#F27405FF","#0D0D0DFF","#D94AB3FF","#8404D9FF","#6503A6FF","#F27405FF","#0D0D0DFF","#D94AB3FF","#8404D9FF"
"#020122FF","#492AD7FF","#A511DFFF","#E3386AFF","#F0BF0BFF","#020122FF","#492AD7FF","#A511DFFF","#E3386AFF","#F0BF0BFF","#020122FF","#492AD7FF"
"#5C732CFF","#B4B611FF","#43603CFF","#809D5BFF","#99A11FFF","#5C732CFF","#B4B611FF","#43603CFF","#809D5BFF","#99A11FFF","#5C732CFF","#B4B611FF"
"#E5BD00FF","#BFA004FF","#7E9FB2FF","#97A8ADFF","#E1D100FF","#E5BD00FF","#BFA004FF","#7E9FB2FF","#97A8ADFF","#E1D100FF","#E5BD00FF","#BFA004FF"
"#A2BF64FF","#7ED7DAFF","#3E8CA5FF","#C19AA1FF","#C77344FF","#A2BF64FF","#7ED7DAFF","#3E8CA5FF","#C19AA1FF","#C77344FF","#A2BF64FF","#7ED7DAFF"
"#056CF2FF","#0583F2FF","#05AFF2FF","#05C7F2FF","#05DBF2FF","#056CF2FF","#0583F2FF","#05AFF2FF","#05C7F2FF","#05DBF2FF","#056CF2FF","#0583F2FF"
"#325CD9FF","#0476D9FF","#F2B705FF","#F29F05FF","#3344A3FF","#325CD9FF","#0476D9FF","#F2B705FF","#F29F05FF","#3344A3FF","#325CD9FF","#0476D9FF"
"#D29B02FF","#FAEE09FF","#8FAE22FF","#2F83A8FF","#1A1C2BFF","#D29B02FF","#FAEE09FF","#8FAE22FF","#2F83A8FF","#1A1C2BFF","#D29B02FF","#FAEE09FF"
"#F1CECCFF","#F4A647FF","#65D1B2FF","#4E8672FF","#5B4A4CFF","#F1CECCFF","#F4A647FF","#65D1B2FF","#4E8672FF","#5B4A4CFF","#F1CECCFF","#F4A647FF"
"#63BBF2FF","#4997F0FF","#5E5B04FF","#A66D03FF","#8C5D23FF","#63BBF2FF","#4997F0FF","#5E5B04FF","#A66D03FF","#8C5D23FF","#63BBF2FF","#4997F0FF"
"#7995C1FF","#7B8C95FF","#A7B8A6FF","#F0EBE7FF","#FAC2AFFF","#7995C1FF","#7B8C95FF","#A7B8A6FF","#F0EBE7FF","#FAC2AFFF","#7995C1FF","#7B8C95FF"
"#574A3CFF","#835813FF","#BE8B00FF","#FFE514FF","#C6D4D9FF","#574A3CFF","#835813FF","#BE8B00FF","#FFE514FF","#C6D4D9FF","#574A3CFF","#835813FF"
"#D6352BFF","#6E201BFF","#BF3A2AFF","#FF6244FF","#F24C3DFF","#D6352BFF","#6E201BFF","#BF3A2AFF","#FF6244FF","#F24C3DFF","#D6352BFF","#6E201BFF"
"#3E271DFF","#A45019FF","#FE2A02FF","#D5AE06FF","#637613FF","#3E271DFF","#A45019FF","#FE2A02FF","#D5AE06FF","#637613FF","#3E271DFF","#A45019FF"
"#F2CB05FF","#F2B705FF","#D98E04FF","#D57326FF","#8C310FFF","#F2CB05FF","#F2B705FF","#D98E04FF","#D57326FF","#8C310FFF","#F2CB05FF","#F2B705FF"
"#80CCE1FF","#9DA376FF","#9F7707FF","#764409FF","#6A0A09FF","#80CCE1FF","#9DA376FF","#9F7707FF","#764409FF","#6A0A09FF","#80CCE1FF","#9DA376FF"
"#D6930EFF","#D6D206FF","#7EA310FF","#5AAAF9FF","#2436B0FF","#D6930EFF","#D6D206FF","#7EA310FF","#5AAAF9FF","#2436B0FF","#D6930EFF","#D6D206FF"
"#BF961BFF","#A67417FF","#F19564FF","#F2784BFF","#D94B2BFF","#BF961BFF","#A67417FF","#F19564FF","#F2784BFF","#D94B2BFF","#BF961BFF","#A67417FF"
"#F29F05FF","#ECEAD9FF","#CAB6A2FF","#BF712CFF","#817158FF","#F29F05FF","#ECEAD9FF","#CAB6A2FF","#BF712CFF","#817158FF","#F29F05FF","#ECEAD9FF"
"#2E9FE6FF","#00EBF0FF","#E2DD4DFF","#E8A302FF","#50331CFF","#2E9FE6FF","#00EBF0FF","#E2DD4DFF","#E8A302FF","#50331CFF","#2E9FE6FF","#00EBF0FF"
"#30618CFF","#21355DFF","#229BAEFF","#E3E2C3FF","#D65638FF","#30618CFF","#21355DFF","#229BAEFF","#E3E2C3FF","#D65638FF","#30618CFF","#21355DFF"
"#0C59FEFF","#15E0FAFF","#FEC700FF","#FB7200FF","#FC0F00FF","#0C59FEFF","#15E0FAFF","#FEC700FF","#FB7200FF","#FC0F00FF","#0C59FEFF","#15E0FAFF"
"#DB3D06FF","#FCD723FF","#8EB035FF","#7DB3E2FF","#3D3E52FF","#DB3D06FF","#FCD723FF","#8EB035FF","#7DB3E2FF","#3D3E52FF","#DB3D06FF","#FCD723FF"
"#764743FF","#2F3033FF","#BC846CFF","#F2785CFF","#8C423BFF","#764743FF","#2F3033FF","#BC846CFF","#F2785CFF","#8C423BFF","#764743FF","#2F3033FF"
"#8C8303FF","#F2B705FF","#D96704FF","#592B02FF","#F24405FF","#8C8303FF","#F2B705FF","#D96704FF","#592B02FF","#F24405FF","#8C8303FF","#F2B705FF"
"#13317DFF","#7EA7D3FF","#85D3C3FF","#D99279FF","#F75107FF","#13317DFF","#7EA7D3FF","#85D3C3FF","#D99279FF","#F75107FF","#13317DFF","#7EA7D3FF"
"#56C0BFFF","#8EE5B0FF","#F6D25CFF","#D5752DFF","#5E1A0AFF","#56C0BFFF","#8EE5B0FF","#F6D25CFF","#D5752DFF","#5E1A0AFF","#56C0BFFF","#8EE5B0FF"
"#857C3CFF","#7C7056FF","#595741FF","#373C38FF","#CAD9D6FF","#857C3CFF","#7C7056FF","#595741FF","#373C38FF","#CAD9D6FF","#857C3CFF","#7C7056FF"
"#CBB1B9FF","#E3AE8EFF","#BECCD9FF","#C89F6DFF","#BF7E04FF","#CBB1B9FF","#E3AE8EFF","#BECCD9FF","#C89F6DFF","#BF7E04FF","#CBB1B9FF","#E3AE8EFF"
"#E5E9EAFF","#A2BAC5FF","#CE3D21FF","#992216FF","#490D07FF","#E5E9EAFF","#A2BAC5FF","#CE3D21FF","#992216FF","#490D07FF","#E5E9EAFF","#A2BAC5FF"
"#C29315FF","#B4945CFF","#D3D1CFFF","#D7EDF1FF","#EDF9F9FF","#C29315FF","#B4945CFF","#D3D1CFFF","#D7EDF1FF","#EDF9F9FF","#C29315FF","#B4945CFF"
"#142E2BFF","#899275FF","#E9E868FF","#F2C26CFF","#F396B4FF","#142E2BFF","#899275FF","#E9E868FF","#F2C26CFF","#F396B4FF","#142E2BFF","#899275FF"
"#727250FF","#655323FF","#2A2712FF","#B3AC66FF","#434727FF","#727250FF","#655323FF","#2A2712FF","#B3AC66FF","#434727FF","#727250FF","#655323FF"
"#E57C05FF","#FAF500FF","#2ABF01FF","#05DEF5FF","#0A7CA1FF","#E57C05FF","#FAF500FF","#2ABF01FF","#05DEF5FF","#0A7CA1FF","#E57C05FF","#FAF500FF"
"#4E4139FF","#888862FF","#B5AFB1FF","#D6D5DBFF","#E4EDF4FF","#4E4139FF","#888862FF","#B5AFB1FF","#D6D5DBFF","#E4EDF4FF","#4E4139FF","#888862FF"
"#A79C9AFF","#775D60FF","#B0C9D9FF","#95AFBEFF","#5A646FFF","#A79C9AFF","#775D60FF","#B0C9D9FF","#95AFBEFF","#5A646FFF","#A79C9AFF","#775D60FF"
"#C3BF9DFF","#FFC700FF","#FFE624FF","#848176FF","#535157FF","#C3BF9DFF","#FFC700FF","#FFE624FF","#848176FF","#535157FF","#C3BF9DFF","#FFC700FF"
"#27253BFF","#626175FF","#90B3FAFF","#E9EF6FFF","#FF9100FF","#27253BFF","#626175FF","#90B3FAFF","#E9EF6FFF","#FF9100FF","#27253BFF","#626175FF"
"#BA9FF7FF","#DA8679FF","#661F0FFF","#CB480DFF","#D0CA80FF","#BA9FF7FF","#DA8679FF","#661F0FFF","#CB480DFF","#D0CA80FF","#BA9FF7FF","#DA8679FF"
"#64CCFCFF","#EDE27BFF","#BB904EFF","#825841FF","#1A0202FF","#64CCFCFF","#EDE27BFF","#BB904EFF","#825841FF","#1A0202FF","#64CCFCFF","#EDE27BFF"
"#264F7FFF","#119EFAFF","#3AF4F4FF","#3EB7A9FF","#B4502BFF","#264F7FFF","#119EFAFF","#3AF4F4FF","#3EB7A9FF","#B4502BFF","#264F7FFF","#119EFAFF"
"#D294AFFF","#D5A892FF","#4A6446FF","#58827EFF","#474750FF","#D294AFFF","#D5A892FF","#4A6446FF","#58827EFF","#474750FF","#D294AFFF","#D5A892FF"
"#516959FF","#7B9EA4FF","#889B76FF","#6E7A30FF","#C5B968FF","#516959FF","#7B9EA4FF","#889B76FF","#6E7A30FF","#C5B968FF","#516959FF","#7B9EA4FF"
"#CC8394FF","#AC563BFF","#CDA97CFF","#7C8EC5FF","#2B3C51FF","#CC8394FF","#AC563BFF","#CDA97CFF","#7C8EC5FF","#2B3C51FF","#CC8394FF","#AC563BFF"
"#C4CFBFFF","#81754EFF","#CBA660FF","#86551CFF","#E3BABBFF","#C4CFBFFF","#81754EFF","#CBA660FF","#86551CFF","#E3BABBFF","#C4CFBFFF","#81754EFF"
"#CB6986FF","#AB3140FF","#95A150FF","#6692BBFF","#3B4C5CFF","#CB6986FF","#AB3140FF","#95A150FF","#6692BBFF","#3B4C5CFF","#CB6986FF","#AB3140FF"
"#9A9391FF","#78847FFF","#AAC197FF","#B1AF53FF","#D0937DFF","#9A9391FF","#78847FFF","#AAC197FF","#B1AF53FF","#D0937DFF","#9A9391FF","#78847FFF"
"#366698FF","#52838CFF","#767F8FFF","#72ABB1FF","#E3ECE9FF","#366698FF","#52838CFF","#767F8FFF","#72ABB1FF","#E3ECE9FF","#366698FF","#52838CFF"
"#FBFCEBFF","#F0E990FF","#DB9CABFF","#6C402CFF","#291E15FF","#FBFCEBFF","#F0E990FF","#DB9CABFF","#6C402CFF","#291E15FF","#FBFCEBFF","#F0E990FF"
"#0E1326FF","#784E38FF","#99732BFF","#C7AA2EFF","#F7ED4CFF","#0E1326FF","#784E38FF","#99732BFF","#C7AA2EFF","#F7ED4CFF","#0E1326FF","#784E38FF"
"#191819FF","#233253FF","#305395FF","#62AFD7FF","#CBEAF1FF","#191819FF","#233253FF","#305395FF","#62AFD7FF","#CBEAF1FF","#191819FF","#233253FF"
"#15110BFF","#4A7B80FF","#7AC7DBFF","#E4C041FF","#D9822FFF","#15110BFF","#4A7B80FF","#7AC7DBFF","#E4C041FF","#D9822FFF","#15110BFF","#4A7B80FF"
"#A8ECF7FF","#F2B33DFF","#F27C38FF","#733426FF","#5C2619FF","#A8ECF7FF","#F2B33DFF","#F27C38FF","#733426FF","#5C2619FF","#A8ECF7FF","#F2B33DFF"
"#8FC7C4FF","#32BDFFFF","#03A678FF","#559055FF","#5C7A45FF","#8FC7C4FF","#32BDFFFF","#03A678FF","#559055FF","#5C7A45FF","#8FC7C4FF","#32BDFFFF"
"#782E00FF","#DED324FF","#6099FDFF","#2E3BF8FF","#061135FF","#782E00FF","#DED324FF","#6099FDFF","#2E3BF8FF","#061135FF","#782E00FF","#DED324FF"
"#43431DFF","#7D804BFF","#A9A56DFF","#D3C793FF","#E6EEE0FF","#43431DFF","#7D804BFF","#A9A56DFF","#D3C793FF","#E6EEE0FF","#43431DFF","#7D804BFF"
"#725C76FF","#60272CFF","#F29F05FF","#B6A6ACFF","#D94929FF","#725C76FF","#60272CFF","#F29F05FF","#B6A6ACFF","#D94929FF","#725C76FF","#60272CFF"
"#49351CFF","#624D1EFF","#A13601FF","#C67E22FF","#BA8D55FF","#49351CFF","#624D1EFF","#A13601FF","#C67E22FF","#BA8D55FF","#49351CFF","#624D1EFF"
"#6EDCF9FF","#FCE15EFF","#E9CCD4FF","#FD0409FF","#471839FF","#6EDCF9FF","#FCE15EFF","#E9CCD4FF","#FD0409FF","#471839FF","#6EDCF9FF","#FCE15EFF"
"#514337FF","#7B533EFF","#9C7148FF","#AC955FFF","#ADA185FF","#514337FF","#7B533EFF","#9C7148FF","#AC955FFF","#ADA185FF","#514337FF","#7B533EFF"
"#C11800FF","#ED5903FF","#E8B332FF","#80695CFF","#C5C7A7FF","#C11800FF","#ED5903FF","#E8B332FF","#80695CFF","#C5C7A7FF","#C11800FF","#ED5903FF"
"#D5531FFF","#B23B09FF","#794422FF","#A56029FF","#D29C63FF","#D5531FFF","#B23B09FF","#794422FF","#A56029FF","#D29C63FF","#D5531FFF","#B23B09FF"
"#04093AFF","#0527B4FF","#555DFEFF","#FAF830FF","#B8980FFF","#04093AFF","#0527B4FF","#555DFEFF","#FAF830FF","#B8980FFF","#04093AFF","#0527B4FF"
"#005281FF","#000008FF","#0096CBFF","#D2D904FF","#F28705FF","#005281FF","#000008FF","#0096CBFF","#D2D904FF","#F28705FF","#005281FF","#000008FF"
"#0B3DD5FF","#4F8EBEFF","#50725EFF","#E0F7C4FF","#F4DD06FF","#0B3DD5FF","#4F8EBEFF","#50725EFF","#E0F7C4FF","#F4DD06FF","#0B3DD5FF","#4F8EBEFF"
"#003C74FF","#024F70FF","#06A2BCFF","#00D0F3FF","#A0F5F7FF","#003C74FF","#024F70FF","#06A2BCFF","#00D0F3FF","#A0F5F7FF","#003C74FF","#024F70FF"
"#EAF205FF","#D9CB04FF","#D9A404FF","#C8BC66FF","#DDEC7EFF","#EAF205FF","#D9CB04FF","#D9A404FF","#C8BC66FF","#DDEC7EFF","#EAF205FF","#D9CB04FF"
"#E3F8EEFF","#DEF2B3FF","#D9C252FF","#D9CE5BFF","#1E1A1EFF","#E3F8EEFF","#DEF2B3FF","#D9C252FF","#D9CE5BFF","#1E1A1EFF","#E3F8EEFF","#DEF2B3FF"
"#66ADD9FF","#D9B504FF","#D96725FF","#544691FF","#D52220FF","#66ADD9FF","#D9B504FF","#D96725FF","#544691FF","#D52220FF","#66ADD9FF","#D9B504FF"
"#EE4F42FF","#FBAD20FF","#AF9D32FF","#94C5EAFF","#373142FF","#EE4F42FF","#FBAD20FF","#AF9D32FF","#94C5EAFF","#373142FF","#EE4F42FF","#FBAD20FF"
"#161613FF","#4E74B4FF","#10B4D7FF","#E19B40FF","#B24531FF","#161613FF","#4E74B4FF","#10B4D7FF","#E19B40FF","#B24531FF","#161613FF","#4E74B4FF"
"#7C4333FF","#D59F00FF","#A6662EFF","#F22222FF","#36211AFF","#7C4333FF","#D59F00FF","#A6662EFF","#F22222FF","#36211AFF","#7C4333FF","#D59F00FF"
"#BFAB82FF","#EED17EFF","#D15217FF","#842D18FF","#2F2723FF","#BFAB82FF","#EED17EFF","#D15217FF","#842D18FF","#2F2723FF","#BFAB82FF","#EED17EFF"
"#FFBF0FFF","#FBE144FF","#8FCDCAFF","#0382E5FF","#223052FF","#FFBF0FFF","#FBE144FF","#8FCDCAFF","#0382E5FF","#223052FF","#FFBF0FFF","#FBE144FF"
"#FA9108FF","#F7DF7FFF","#0258ECFF","#CFAFCCFF","#E4DFEAFF","#FA9108FF","#F7DF7FFF","#0258ECFF","#CFAFCCFF","#E4DFEAFF","#FA9108FF","#F7DF7FFF"
"#FB6246FF","#E59C1EFF","#F5DE31FF","#ADA01FFF","#BBC0CDFF","#FB6246FF","#E59C1EFF","#F5DE31FF","#ADA01FFF","#BBC0CDFF","#FB6246FF","#E59C1EFF"
"#F7F7F7FF","#E6452EFF","#EED58CFF","#4B5957FF","#303030FF","#F7F7F7FF","#E6452EFF","#EED58CFF","#4B5957FF","#303030FF","#F7F7F7FF","#E6452EFF"
"#E6452EFF","#E49A36FF","#F9DD4CFF","#5B4A4CFF","#01040EFF","#E6452EFF","#E49A36FF","#F9DD4CFF","#5B4A4CFF","#01040EFF","#E6452EFF","#E49A36FF"
"#F1ECEBFF","#B3B0AFFF","#93745CFF","#522F1DFF","#3E2528FF","#F1ECEBFF","#B3B0AFFF","#93745CFF","#522F1DFF","#3E2528FF","#F1ECEBFF","#B3B0AFFF"
"#798962FF","#A9BDB5FF","#8DA5BEFF","#A1C7DCFF","#D3EEFEFF","#798962FF","#A9BDB5FF","#8DA5BEFF","#A1C7DCFF","#D3EEFEFF","#798962FF","#A9BDB5FF"
"#CB604CFF","#E3A4A1FF","#F2490CFF","#D95436FF","#D33A24FF","#CB604CFF","#E3A4A1FF","#F2490CFF","#D95436FF","#D33A24FF","#CB604CFF","#E3A4A1FF"
"#D6AF13FF","#EAEB2FFF","#02D17AFF","#7DE7CBFF","#01B4DEFF","#D6AF13FF","#EAEB2FFF","#02D17AFF","#7DE7CBFF","#01B4DEFF","#D6AF13FF","#EAEB2FFF"
"#05BFCBFF","#107C88FF","#0293BEFF","#A192CEFF","#D87CAFFF","#05BFCBFF","#107C88FF","#0293BEFF","#A192CEFF","#D87CAFFF","#05BFCBFF","#107C88FF"
"#D2372CFF","#F3800AFF","#DFC137FF","#00D174FF","#0499EAFF","#D2372CFF","#F3800AFF","#DFC137FF","#00D174FF","#0499EAFF","#D2372CFF","#F3800AFF"
"#D53288FF","#DC8045FF","#21B14BFF","#008AC2FF","#3F459BFF","#D53288FF","#DC8045FF","#21B14BFF","#008AC2FF","#3F459BFF","#D53288FF","#DC8045FF"
"#E22618FF","#EAAF38FF","#01AD74FF","#08B5D3FF","#002E3BFF","#E22618FF","#EAAF38FF","#01AD74FF","#08B5D3FF","#002E3BFF","#E22618FF","#EAAF38FF"
"#009690FF","#68A66DFF","#725475FF","#BF8C60FF","#009AB8FF","#009690FF","#68A66DFF","#725475FF","#BF8C60FF","#009AB8FF","#009690FF","#68A66DFF"
"#242427FF","#794B3EFF","#9D6359FF","#CDAD9DFF","#E8DDD7FF","#242427FF","#794B3EFF","#9D6359FF","#CDAD9DFF","#E8DDD7FF","#242427FF","#794B3EFF"
"#048ABFFF","#474F3EFF","#F2B705FF","#A64F03FF","#BF3030FF","#048ABFFF","#474F3EFF","#F2B705FF","#A64F03FF","#BF3030FF","#048ABFFF","#474F3EFF"
"#F97E09FF","#C8242BFF","#2A2B3AFF","#3054AFFF","#84C7F4FF","#F97E09FF","#C8242BFF","#2A2B3AFF","#3054AFFF","#84C7F4FF","#F97E09FF","#C8242BFF"
"#0477BFFF","#005F8EFF","#8288B2FF","#5C7CABFF","#00ADDEFF","#0477BFFF","#005F8EFF","#8288B2FF","#5C7CABFF","#00ADDEFF","#0477BFFF","#005F8EFF"
"#C55451FF","#E97C5FFF","#A56166FF","#FF9A8EFF","#F24535FF","#C55451FF","#E97C5FFF","#A56166FF","#FF9A8EFF","#F24535FF","#C55451FF","#E97C5FFF"
"#0089D0FF","#4074A2FF","#6F6F72FF","#C48596FF","#38695DFF","#0089D0FF","#4074A2FF","#6F6F72FF","#C48596FF","#38695DFF","#0089D0FF","#4074A2FF"
"#FE7562FF","#FEFE00FF","#52CE9CFF","#3AD8FEFF","#7E8BD6FF","#FE7562FF","#FEFE00FF","#52CE9CFF","#3AD8FEFF","#7E8BD6FF","#FE7562FF","#FEFE00FF"
"#E1A519FF","#1E81C6FF","#CAA6E8FF","#696B61FF","#2D2E2EFF","#E1A519FF","#1E81C6FF","#CAA6E8FF","#696B61FF","#2D2E2EFF","#E1A519FF","#1E81C6FF"
"#413C28FF","#E09718FF","#FCDA01FF","#B0E1E8FF","#013AE7FF","#413C28FF","#E09718FF","#FCDA01FF","#B0E1E8FF","#013AE7FF","#413C28FF","#E09718FF"
"#4F22F2FF","#173761FF","#F8BB19FF","#CAAF01FF","#4A57AAFF","#4F22F2FF","#173761FF","#F8BB19FF","#CAAF01FF","#4A57AAFF","#4F22F2FF","#173761FF"
"#00486DFF","#00E5E5FF","#58F37EFF","#FFE74FFF","#FC4902FF","#00486DFF","#00E5E5FF","#58F37EFF","#FFE74FFF","#FC4902FF","#00486DFF","#00E5E5FF"
"#FB771DFF","#FEFB0FFF","#8BEB83FF","#04C4F8FF","#1914CEFF","#FB771DFF","#FEFB0FFF","#8BEB83FF","#04C4F8FF","#1914CEFF","#FB771DFF","#FEFB0FFF"
"#F5A507FF","#AF9241FF","#41917BFF","#0464F9FF","#27B6FDFF","#F5A507FF","#AF9241FF","#41917BFF","#0464F9FF","#27B6FDFF","#F5A507FF","#AF9241FF"
"#080214FF","#16407BFF","#2B7FF9FF","#B1FCFCFF","#6CBE50FF","#080214FF","#16407BFF","#2B7FF9FF","#B1FCFCFF","#6CBE50FF","#080214FF","#16407BFF"
"#081114FF","#00ADDEFF","#8FD5E1FF","#A1CD3AFF","#F8B3BBFF","#081114FF","#00ADDEFF","#8FD5E1FF","#A1CD3AFF","#F8B3BBFF","#081114FF","#00ADDEFF"
"#84D4E9FF","#04C4D9FF","#04D9C4FF","#A77848FF","#AC5E91FF","#84D4E9FF","#04C4D9FF","#04D9C4FF","#A77848FF","#AC5E91FF","#84D4E9FF","#04C4D9FF"
"#01040EFF","#4581C5FF","#63991DFF","#BDE653FF","#BB7B3AFF","#01040EFF","#4581C5FF","#63991DFF","#BDE653FF","#BB7B3AFF","#01040EFF","#4581C5FF"
"#669ABFFF","#D4D05BFF","#FDF6E2FF","#747798FF","#534D56FF","#669ABFFF","#D4D05BFF","#FDF6E2FF","#747798FF","#534D56FF","#669ABFFF","#D4D05BFF"
"#4AB2B8FF","#EDBA36FF","#F6871FFF","#ED1C24FF","#791214FF","#4AB2B8FF","#EDBA36FF","#F6871FFF","#ED1C24FF","#791214FF","#4AB2B8FF","#EDBA36FF"
"#494947FF","#B2CFD0FF","#01C1E5FF","#F9E44BFF","#A07A0EFF","#494947FF","#B2CFD0FF","#01C1E5FF","#F9E44BFF","#A07A0EFF","#494947FF","#B2CFD0FF"
"#220FFBFF","#3F184DFF","#991520FF","#FA3F2AFF","#F9D419FF","#220FFBFF","#3F184DFF","#991520FF","#FA3F2AFF","#F9D419FF","#220FFBFF","#3F184DFF"
"#4399E3FF","#A6ABD1FF","#9E7772FF","#C1AEA5FF","#F2A20CFF","#4399E3FF","#A6ABD1FF","#9E7772FF","#C1AEA5FF","#F2A20CFF","#4399E3FF","#A6ABD1FF"
"#000000FF","#FB9406FF","#FEFF45FF","#BBEE00FF","#8EEAF5FF","#000000FF","#FB9406FF","#FEFF45FF","#BBEE00FF","#8EEAF5FF","#000000FF","#FB9406FF"
"#F2DFBBFF","#BF9969FF","#734C29FF","#402718FF","#CCB48FFF","#F2DFBBFF","#BF9969FF","#734C29FF","#402718FF","#CCB48FFF","#F2DFBBFF","#BF9969FF"
"#283F99FF","#CFC9C8FF","#F1EB58FF","#AA812DFF","#442316FF","#283F99FF","#CFC9C8FF","#F1EB58FF","#AA812DFF","#442316FF","#283F99FF","#CFC9C8FF"
"#FCE500FF","#4F7BFFFF","#1243E4FF","#7763E8FF","#252C50FF","#FCE500FF","#4F7BFFFF","#1243E4FF","#7763E8FF","#252C50FF","#FCE500FF","#4F7BFFFF"
"#EDB992FF","#FEF9F4FF","#6B8A8DFF","#ABAAA6FF","#4B5453FF","#EDB992FF","#FEF9F4FF","#6B8A8DFF","#ABAAA6FF","#4B5453FF","#EDB992FF","#FEF9F4FF"
"#3B4B42FF","#75AC42FF","#B0D9CBFF","#FFFFFEFF","#FCF063FF","#935932FF","#642E2AFF","#3B4B42FF","#75AC42FF","#B0D9CBFF","#FFFFFEFF","#FCF063FF"
"#DB3A2FFF","#EAB33AFF","#275D8EFF","#902A57FF","#F7EBD3FF","#0B0C0BFF","#DB3A2FFF","#EAB33AFF","#275D8EFF","#902A57FF","#F7EBD3FF","#0B0C0BFF"
"#882B6AFF","#EB9FAFFF","#4E9678FF","#303251FF","#0C0D0EFF","#BDC1D4FF","#882B6AFF","#EB9FAFFF","#4E9678FF","#303251FF","#0C0D0EFF","#BDC1D4FF"
"#181D20FF","#4A5F71FF","#6F8BA0FF","#F8F9FAFF","#181D20FF","#4A5F71FF","#6F8BA0FF","#F8F9FAFF","#181D20FF","#4A5F71FF","#6F8BA0FF","#F8F9FAFF"
"#1C1113FF","#1A2A29FF","#D1DCCEFF","#CE512CFF","#5D1722FF","#1C1113FF","#1A2A29FF","#D1DCCEFF","#CE512CFF","#5D1722FF","#1C1113FF","#1A2A29FF"
"#030F1EFF","#253473FF","#4982B6FF","#8CCCE4FF","#DFEBF1FF","#030F1EFF","#253473FF","#4982B6FF","#8CCCE4FF","#DFEBF1FF","#030F1EFF","#253473FF"
"#0C0C0BFF","#58271AFF","#752021FF","#DF5730FF","#DC942FFF","#FDEE92FF","#0C0C0BFF","#58271AFF","#752021FF","#DF5730FF","#DC942FFF","#FDEE92FF"
"#343854FF","#8C384DFF","#CF2438FF","#D95E31FF","#F0C742FF","#F8F0E5FF","#343854FF","#8C384DFF","#CF2438FF","#D95E31FF","#F0C742FF","#F8F0E5FF"
"#3C659AFF","#A0B8C3FF","#BC9E51FF","#67A850FF","#3E5B59FF","#2D332DFF","#3C659AFF","#A0B8C3FF","#BC9E51FF","#67A850FF","#3E5B59FF","#2D332DFF"
"#803233FF","#ED3F39FF","#E46844FF","#DC876CFF","#FEFEFEFF","#ADD0B5FF","#8FA3ABFF","#484357FF","#303638FF","#803233FF","#ED3F39FF","#E46844FF"
"#FEFEFEFF","#FFEFA9FF","#FAAC51FF","#6A5188FF","#C77998FF","#A24745FF","#462F2FFF","#FEFEFEFF","#FFEFA9FF","#FAAC51FF","#6A5188FF","#C77998FF"
"#552F31FF","#DC363BFF","#EE5D36FF","#EFCF40FF","#698E7CFF","#315886FF","#2B2D2DFF","#CBB193FF","#552F31FF","#DC363BFF","#EE5D36FF","#EFCF40FF"
"#272727FF","#383955FF","#61619BFF","#BDC6DCFF","#FBFAFAFF","#272727FF","#383955FF","#61619BFF","#BDC6DCFF","#FBFAFAFF","#272727FF","#383955FF"
"#0E100FFF","#181223FF","#2D2546FF","#723349FF","#D32930FF","#111E33FF","#273973FF","#4882B6FF","#0E100FFF","#181223FF","#2D2546FF","#723349FF"
"#418D87FF","#2B5E3DFF","#73224EFF","#AD2E37FF","#E37D41FF","#E9A144FF","#F6EBD1FF","#418D87FF","#2B5E3DFF","#73224EFF","#AD2E37FF","#E37D41FF"
"#09283CFF","#3CC8C0FF","#F2EBBBFF","#F18B00FF","#CB1724FF","#09283CFF","#3CC8C0FF","#F2EBBBFF","#F18B00FF","#CB1724FF","#09283CFF","#3CC8C0FF"
"#09283CFF","#CB1724FF","#F2EBBBFF","#09283CFF","#CB1724FF","#F2EBBBFF","#09283CFF","#CB1724FF","#F2EBBBFF","#09283CFF","#CB1724FF","#F2EBBBFF"
"#09283CFF","#3CC8C0FF","#F2EBBBFF","#09283CFF","#3CC8C0FF","#F2EBBBFF","#09283CFF","#3CC8C0FF","#F2EBBBFF","#09283CFF","#3CC8C0FF","#F2EBBBFF"
"#09283CFF","#F18B00FF","#F2EBBBFF","#09283CFF","#F18B00FF","#F2EBBBFF","#09283CFF","#F18B00FF","#F2EBBBFF","#09283CFF","#F18B00FF","#F2EBBBFF"
"#E64B35FF","#4DBBD5FF","#00A087FF","#3C5488FF","#F39B7FFF","#8491B4FF","#91D1C2FF","#DC0000FF","#7E6148FF","#B09C85FF","#E64B35FF","#4DBBD5FF"
"#3B4992FF","#EE0000FF","#008B45FF","#631879FF","#008280FF","#BB0021FF","#5F559BFF","#A20056FF","#808180FF","#1B1919FF","#3B4992FF","#EE0000FF"
"#BC3C29FF","#0072B5FF","#E18727FF","#20854EFF","#7876B1FF","#6F99ADFF","#FFDC91FF","#EE4C97FF","#BC3C29FF","#0072B5FF","#E18727FF","#20854EFF"
"#00468BFF","#ED0000FF","#42B540FF","#0099B4FF","#925E9FFF","#FDAF91FF","#AD002AFF","#ADB6B6FF","#1B1919FF","#00468BFF","#ED0000FF","#42B540FF"
"#374E55FF","#DF8F44FF","#00A1D5FF","#B24745FF","#79AF97FF","#6A6599FF","#80796BFF","#374E55FF","#DF8F44FF","#00A1D5FF","#B24745FF","#79AF97FF"
"#0073C2FF","#EFC000FF","#868686FF","#CD534CFF","#7AA6DCFF","#003C67FF","#8F7700FF","#3B3B3BFF","#A73030FF","#4A6990FF","#0073C2FF","#EFC000FF"
"#FF0000FF","#FF9900FF","#FFCC00FF","#00FF00FF","#6699FFFF","#CC33FFFF","#99991EFF","#999999FF","#FF00CCFF","#CC0000FF","#FFCCCCFF","#FFFF00FF"
"#1F77B4FF","#FF7F0EFF","#2CA02CFF","#D62728FF","#9467BDFF","#8C564BFF","#E377C2FF","#7F7F7FFF","#BCBD22FF","#17BECFFF","#1F77B4FF","#FF7F0EFF"
"#1F77B4FF","#FF7F0EFF","#2CA02CFF","#D62728FF","#9467BDFF","#8C564BFF","#E377C2FF","#7F7F7FFF","#BCBD22FF","#17BECFFF","#AEC7E8FF","#FFBB78FF"
"#393B79FF","#637939FF","#8C6D31FF","#843C39FF","#7B4173FF","#5254A3FF","#8CA252FF","#BD9E39FF","#AD494AFF","#A55194FF","#6B6ECFFF","#B5CF6BFF"
"#3182BDFF","#E6550DFF","#31A354FF","#756BB1FF","#636363FF","#6BAED6FF","#FD8D3CFF","#74C476FF","#9E9AC8FF","#969696FF","#9ECAE1FF","#FDAE6BFF"
"#5050FFFF","#CE3D32FF","#749B58FF","#F0E685FF","#466983FF","#BA6338FF","#5DB1DDFF","#802268FF","#6BD76BFF","#D595A7FF","#924822FF","#837B8DFF"
"#D43F3AFF","#EEA236FF","#5CB85CFF","#46B8DAFF","#357EBDFF","#9632B8FF","#B8B8B8FF","#D43F3AFF","#EEA236FF","#5CB85CFF","#46B8DAFF","#357EBDFF"
"#800000FF","#767676FF","#FFA319FF","#8A9045FF","#155F83FF","#C16622FF","#8F3931FF","#58593FFF","#350E20FF","#800000FF","#767676FF","#FFA319FF"
"#800000FF","#D6D6CEFF","#FFB547FF","#ADB17DFF","#5B8FA8FF","#D49464FF","#B1746FFF","#8A8B79FF","#725663FF","#800000FF","#D6D6CEFF","#FFB547FF"
"#800000FF","#767676FF","#CC8214FF","#616530FF","#0F425CFF","#9A5324FF","#642822FF","#3E3E23FF","#350E20FF","#800000FF","#767676FF","#CC8214FF"
"#171717FF","#7D0226FF","#300049FF","#165459FF","#3F2327FF","#0B1948FF","#E71012FF","#555555FF","#193006FF","#A8450CFF","#171717FF","#7D0226FF"
"#2E2A2BFF","#CF4E9CFF","#8C57A2FF","#358DB9FF","#82581FFF","#2F509EFF","#E5614CFF","#97A1A7FF","#3DA873FF","#DC9445FF","#2E2A2BFF","#CF4E9CFF"
"#5ABCEBFF","#050708FF","#D33C32FF","#CBCACBFF","#ABCD72FF","#E7C9C6FF","#5ABCEBFF","#050708FF","#D33C32FF","#CBCACBFF","#ABCD72FF","#E7C9C6FF"
"#FED439FF","#709AE1FF","#8A9197FF","#D2AF81FF","#FD7446FF","#D5E4A2FF","#197EC0FF","#F05C3BFF","#46732EFF","#71D0F5FF","#370335FF","#075149FF"
"#FF6F00FF","#C71000FF","#008EA0FF","#8A4198FF","#5A9599FF","#FF6348FF","#84D7E1FF","#FF95A8FF","#3D3B25FF","#ADE2D0FF","#1A5354FF","#3F4041FF"
"#FAFD7CFF","#82491EFF","#24325FFF","#B7E4F9FF","#FB6467FF","#526E2DFF","#E762D7FF","#E89242FF","#FAE48BFF","#A6EEE6FF","#917C5DFF","#69C8ECFF"
"#CC0C00FF","#5C88DAFF","#84BD00FF","#FFCD00FF","#7C878EFF","#00B5E2FF","#00AF66FF","#CC0C00FF","#5C88DAFF","#84BD00FF","#FFCD00FF","#7C878EFF"
"#FF410DFF","#6EE2FFFF","#F7C530FF","#95CC5EFF","#D0DFE6FF","#F79D1EFF","#748AA6FF","#FF410DFF","#6EE2FFFF","#F7C530FF","#95CC5EFF","#D0DFE6FF"
"#4500ADFF","#2700D1FF","#6B58EFFF","#8888FFFF","#C7C1FFFF","#D5D5FFFF","#FFC0E5FF","#FF8989FF","#FF7080FF","#FF5A5AFF","#EF4040FF","#D60C00FF"
"#FFEBEEFF","#FFCDD2FF","#EF9A9AFF","#E57373FF","#EF5350FF","#F44336FF","#E53935FF","#D32F2FFF","#C62828FF","#B71C1CFF","#FFEBEEFF","#FFCDD2FF"
"#FCE4ECFF","#F8BBD0FF","#F48FB1FF","#F06292FF","#EC407AFF","#E91E63FF","#D81B60FF","#C2185BFF","#AD1457FF","#880E4FFF","#FCE4ECFF","#F8BBD0FF"
"#F3E5F5FF","#E1BEE7FF","#CE93D8FF","#BA68C8FF","#AB47BCFF","#9C27B0FF","#8E24AAFF","#7B1FA2FF","#6A1B9AFF","#4A148CFF","#F3E5F5FF","#E1BEE7FF"
"#EDE7F6FF","#D1C4E9FF","#B39DDBFF","#9575CDFF","#7E57C2FF","#673AB7FF","#5E35B1FF","#512DA8FF","#4527A0FF","#311B92FF","#EDE7F6FF","#D1C4E9FF"
"#E8EAF6FF","#C5CAE9FF","#9FA8DAFF","#7986CBFF","#5C6BC0FF","#3F51B5FF","#3949ABFF","#303F9FFF","#283593FF","#1A237EFF","#E8EAF6FF","#C5CAE9FF"
"#E3F2FDFF","#BBDEFBFF","#90CAF9FF","#64B5F6FF","#42A5F5FF","#2196F3FF","#1E88E5FF","#1976D2FF","#1565C0FF","#0D47A1FF","#E3F2FDFF","#BBDEFBFF"
"#E1F5FEFF","#B3E5FCFF","#81D4FAFF","#4FC3F7FF","#29B6F6FF","#03A9F4FF","#039BE5FF","#0288D1FF","#0277BDFF","#01579BFF","#E1F5FEFF","#B3E5FCFF"
"#E0F7FAFF","#B2EBF2FF","#80DEEAFF","#4DD0E1FF","#26C6DAFF","#00BCD4FF","#00ACC1FF","#0097A7FF","#00838FFF","#006064FF","#E0F7FAFF","#B2EBF2FF"
"#E0F2F1FF","#B2DFDBFF","#80CBC4FF","#4DB6ACFF","#26A69AFF","#009688FF","#00897BFF","#00796BFF","#00695CFF","#004D40FF","#E0F2F1FF","#B2DFDBFF"
"#E8F5E9FF","#C8E6C9FF","#A5D6A7FF","#81C784FF","#66BB6AFF","#4CAF50FF","#43A047FF","#388E3CFF","#2E7D32FF","#1B5E20FF","#E8F5E9FF","#C8E6C9FF"
"#F1F8E9FF","#DCEDC8FF","#C5E1A5FF","#AED581FF","#9CCC65FF","#8BC34AFF","#7CB342FF","#689F38FF","#558B2FFF","#33691EFF","#F1F8E9FF","#DCEDC8FF"
"#F9FBE7FF","#F0F4C3FF","#E6EE9CFF","#DCE775FF","#D4E157FF","#CDDC39FF","#C0CA33FF","#AFB42BFF","#9E9D24FF","#827717FF","#F9FBE7FF","#F0F4C3FF"
"#FFFDE7FF","#FFF9C4FF","#FFF59DFF","#FFF176FF","#FFEE58FF","#FFEB3BFF","#FDD835FF","#FBC02DFF","#F9A825FF","#F57F17FF","#FFFDE7FF","#FFF9C4FF"
"#FFF8E1FF","#FFECB3FF","#FFE082FF","#FFD54FFF","#FFCA28FF","#FFC107FF","#FFB300FF","#FFA000FF","#FF8F00FF","#FF6F00FF","#FFF8E1FF","#FFECB3FF"
"#FFF3E0FF","#FFE0B2FF","#FFCC80FF","#FFB74DFF","#FFA726FF","#FF9800FF","#FB8C00FF","#F57C00FF","#EF6C00FF","#E65100FF","#FFF3E0FF","#FFE0B2FF"
"#FBE9E7FF","#FFCCBCFF","#FFAB91FF","#FF8A65FF","#FF7043FF","#FF5722FF","#F4511EFF","#E64A19FF","#D84315FF","#BF360CFF","#FBE9E7FF","#FFCCBCFF"
"#EFEBE9FF","#D7CCC8FF","#BCAAA4FF","#A1887FFF","#8D6E63FF","#795548FF","#6D4C41FF","#5D4037FF","#4E342EFF","#3E2723FF","#EFEBE9FF","#D7CCC8FF"
"#FAFAFAFF","#F5F5F5FF","#EEEEEEFF","#E0E0E0FF","#BDBDBDFF","#9E9E9EFF","#757575FF","#616161FF","#424242FF","#212121FF","#FAFAFAFF","#F5F5F5FF"
"#ECEFF1FF","#CFD8DCFF","#B0BEC5FF","#90A4AEFF","#78909CFF","#607D8BFF","#546E7AFF","#455A64FF","#37474FFF","#263238FF","#ECEFF1FF","#CFD8DCFF"
"#FFFEEAFF","#F8EED1FF","#EFE1C6FF","#A89985FF","#6B452BFF","#3A3E3FFF","#2B323FFF","#FFFEEAFF","#F8EED1FF","#EFE1C6FF","#A89985FF","#6B452BFF"
"#C03728FF","#919C4CFF","#FD8F24FF","#F5C04AFF","#E68C7CFF","#828585FF","#C3C377FF","#4F5157FF","#6F5438FF","#C03728FF","#919C4CFF","#FD8F24FF"
"#A00000FF","#FF0000FF","#CE0665FF","#FF8080FF","#9F044DFF","#F94040FF","#FF6000FF","#CE0665FF","#C06000FF","#A00000FF","#FF0000FF","#CE0665FF"
"#94641FFF","#C5944EFF","#D79A40FF","#C0B57BFF","#804040FF","#BB5E00FF","#CD751DFF","#910000FF","#A25100FF","#94641FFF","#C5944EFF","#D79A40FF"
"#000000FF","#A0A0A4FF","#808080FF","#D4D4D4FF","#606060FF","#A0A0A4FF","#606060FF","#E8E8E8FF","#A0A0A4FF","#000000FF","#A0A0A4FF","#808080FF"
"#FFFFFFFF","#366699FF","#FFFFFFFF","#366699FF","#366699FF","#366699FF","#000000FF","#000000FF","#003366FF","#FFFFFFFF","#366699FF","#FFFFFFFF"
"#FFFFFFFF","#C8DEF9FF","#FFFFFFFF","#FFFFFFFF","#99CCFFFF","#FFFFFFFF","#FFFFFFFF","#366699FF","#FFFFFFFF","#FFFFFFFF","#C8DEF9FF","#FFFFFFFF"
"#FFFFFFFF","#FFFFFFFF","#FFFFFFFF","#366699FF","#366699FF","#366699FF","#000000FF","#000000FF","#003366FF","#FFFFFFFF","#FFFFFFFF","#FFFFFFFF"
"#F71480FF","#FF8000FF","#808000FF","#008000FF","#0000FFFF","#76069AFF","#F71480FF","#FF8000FF","#808000FF","#F71480FF","#FF8000FF","#808000FF"
"#FF8080FF","#FFA040FF","#C0C000FF","#00C000FF","#55A0FBFF","#AD07E3FF","#FF8080FF","#FFA040FF","#C0C000FF","#FF8080FF","#FFA040FF","#C0C000FF"
"#000000FF","#FF0066FF","#107F80FF","#40007FFF","#AA66FFFF","#66CCFEFF","#000000FF","#FF0066FF","#107F80FF","#40007FFF","#AA66FFFF","#66CCFEFF"
"#0000FFFF","#FF0000FF","#00C000FF","#AD07E3FF","#FF8000FF","#000000FF","#94641FFF","#000080FF","#610051FF","#A00000FF","#056943FF","#F2B77CFF"
"#C8DEF9FF","#90BFF9FF","#FFFFFFFF","#D4D4D4FF","#FFFFFFFF","#90BFF9FF","#0000FFFF","#C8DEF9FF","#FFFFFFFF","#C8DEF9FF","#90BFF9FF","#FFFFFFFF"
"#383E22FF","#4C4927FF","#705B46FF","#463124FF","#242620FF","#4E5B2DFF","#6F6338FF","#713C34FF","#534943FF","#33362EFF","#383E22FF","#4C4927FF"
"#005A00FF","#099963FF","#00C000FF","#008000FF","#05BE78FF","#099963FF","#ADDEADFF","#0F99B2FF","#0A9444FF","#005A00FF","#099963FF","#00C000FF"
"#336666FF","#20B2AAFF","#99CCCCFF","#20B2AAFF","#000000FF","#20B2AAFF","#336666FF","#000000FF","#336666FF","#336666FF","#20B2AAFF","#99CCCCFF"
"#9DF8FFFF","#20B2AAFF","#99CCCCFF","#9DF8FFFF","#336666FF","#20B2AAFF","#99CCCCFF","#000000FF","#336666FF","#9DF8FFFF","#20B2AAFF","#99CCCCFF"
"#336666FF","#20B2AAFF","#99CCCCFF","#20B2AAFF","#336666FF","#20B2AAFF","#336666FF","#000000FF","#336666FF","#336666FF","#20B2AAFF","#99CCCCFF"
"#FFCC00FF","#FF9900FF","#CD3807FF","#FFAD21FF","#FFAD21FF","#F40000FF","#FF9900FF","#FFCC00FF","#FFCC00FF","#FFCC00FF","#FF9900FF","#CD3807FF"
"#FFCC00FF","#FF9900FF","#CD3807FF","#FFAD21FF","#FFFF33FF","#F40000FF","#FF9900FF","#FFCC00FF","#FFFF33FF","#FFCC00FF","#FF9900FF","#CD3807FF"
"#285291FF","#4F2B8EFF","#91188EFF","#539027FF","#0D405BFF","#34274DFF","#91181DFF","#2C3324FF","#022240FF","#21063FFF","#3D0620FF","#022013FF"
"#7CA0D4FF","#A48AD3FF","#E995EBFF","#BADE86FF","#2B8AAEFF","#624894FF","#DE757BFF","#8BA56FFF","#073F80FF","#40007FFF","#80003FFF","#0A522AFF"
"#512305FF","#73130FFF","#AF4B1BFF","#181818FF","#435D14FF","#993D38FF","#845852FF","#E98440FF","#5A5448FF","#818C5AFF","#512305FF","#73130FFF"
"#000004FF","#420A68FF","#932667FF","#DD513AFF","#FCA50AFF","#FCFFA4FF","#000004FF","#420A68FF","#932667FF","#DD513AFF","#FCA50AFF","#FCFFA4FF"
"#000004FF","#3B0F70FF","#8C2981FF","#DE4968FF","#FE9F6DFF","#FCFDBFFF","#000004FF","#3B0F70FF","#8C2981FF","#DE4968FF","#FE9F6DFF","#FCFDBFFF"
"#C0B57BFF","#808000FF","#C0C000FF","#8C7D37FF","#918751FF","#808000FF","#C0B57BFF","#808000FF","#C0C000FF","#C0B57BFF","#808000FF","#C0C000FF"
"#C0B57BFF","#8C7D37FF","#C0C000FF","#C5944EFF","#918751FF","#FFC080FF","#C0B57BFF","#8C7D37FF","#C0C000FF","#C0B57BFF","#8C7D37FF","#C0C000FF"
"#6E1F00FF","#58092CFF","#254100FF","#064233FF","#263D5DFF","#BD6345FF","#9D3A5EFF","#5D7A2BFF","#2C8169FF","#4269A0FF","#6E1F00FF","#58092CFF"
"#FFFF00FF","#00FF00FF","#F74ED6FF","#FFFF00FF","#00FF00FF","#0000FFFF","#FFFF00FF","#0000FFFF","#F74ED6FF","#FFFF00FF","#00FF00FF","#F74ED6FF"
"#808000FF","#FFFFCCFF","#3F71A3FF","#808000FF","#666699FF","#666699FF","#FFFFCCFF","#808000FF","#FFFFCCFF","#808000FF","#FFFFCCFF","#3F71A3FF"
"#F0E68CFF","#FFFFCCFF","#6699CCFF","#CCCC00FF","#C0C0C0FF","#666699FF","#FFFFCCFF","#CCCC99FF","#FFFFCCFF","#F0E68CFF","#FFFFCCFF","#6699CCFF"
"#808000FF","#FFFFCCFF","#3F71A3FF","#808000FF","#666699FF","#666699FF","#FFFFCCFF","#808000FF","#FFFFFFFF","#808000FF","#FFFFCCFF","#3F71A3FF"
"#000080FF","#800040FF","#4C4C4CFF","#008080FF","#004080FF","#800080FF","#008040FF","#0000FFFF","#5757F9FF","#000080FF","#800040FF","#4C4C4CFF"
"#CCCCFFFF","#99CCFFFF","#6699CCFF","#666699FF","#9370DBFF","#6699CCFF","#666699FF","#996699FF","#CC6699FF","#CCCCFFFF","#99CCFFFF","#6699CCFF"
"#000000FF","#4D402FFF","#22456FFF","#B63530FF","#85827AFF","#705443FF","#000000FF","#4D402FFF","#22456FFF","#B63530FF","#85827AFF","#705443FF"
"#000000FF","#E8A761FF","#9BB3D2FF","#E5938AFF","#BDC1C4FF","#F2CEC0FF","#000000FF","#E8A761FF","#9BB3D2FF","#E5938AFF","#BDC1C4FF","#F2CEC0FF"
"#0D0887FF","#6A00A8FF","#B12A90FF","#E16462FF","#FCA636FF","#F0F921FF","#0D0887FF","#6A00A8FF","#B12A90FF","#E16462FF","#FCA636FF","#F0F921FF"
"#A48AD3FF","#1CC5FEFF","#6FC7CFFF","#FBA27DFF","#FB7D80FF","#2C1453FF","#114CE8FF","#0E6F7CFF","#FB4F06FF","#FB0005FF","#A48AD3FF","#1CC5FEFF"
"#2C1453FF","#114CE8FF","#0E6F7CFF","#FB4F06FF","#FB0005FF","#A48AD3FF","#1CC5FEFF","#6FC7CFFF","#FBA27DFF","#FB7D80FF","#2C1453FF","#114CE8FF"
"#2C1453FF","#114CE8FF","#0E6F7CFF","#FB4F06FF","#FB0005FF","#A48AD3FF","#1CC5FEFF","#6FC7CFFF","#FBA27DFF","#FB7D80FF","#2C1453FF","#114CE8FF"
"#A48AD3FF","#1CC5FEFF","#6FC7CFFF","#FBA27DFF","#FB7D80FF","#2C1453FF","#114CE8FF","#0E6F7CFF","#FB4F06FF","#FB0005FF","#A48AD3FF","#1CC5FEFF"
"#76069AFF","#AD07E3FF","#F74ED6FF","#B856D7FF","#DE8BF9FF","#F71480FF","#F7ABE8FF","#B07FC0FF","#D614AFFF","#76069AFF","#AD07E3FF","#F74ED6FF"
"#006666FF","#999966FF","#999966FF","#336666FF","#6C6935FF","#CCCC99FF","#999966FF","#999966FF","#336666FF","#006666FF","#999966FF","#999966FF"
"#006666FF","#CCCC99FF","#999966FF","#99CCCCFF","#6C6935FF","#CCCC99FF","#999966FF","#F0E68CFF","#336666FF","#006666FF","#CCCC99FF","#999966FF"
"#000000FF","#A0A0A4FF","#808080FF","#A0A0A4FF","#606060FF","#A0A0A4FF","#606060FF","#A0A0A4FF","#A0A0A4FF","#000000FF","#A0A0A4FF","#808080FF"
"#1E90FFFF","#3F71A3FF","#FFA040FF","#FF8000FF","#279D00FF","#008000FF","#CC6699FF","#CC6699FF","#6699CCFF","#1E90FFFF","#3F71A3FF","#FFA040FF"
"#1E90FFFF","#FFFFFFFF","#FFFF00FF","#FFCC00FF","#90EE90FF","#33CC00FF","#CC6699FF","#FF99FFFF","#9DF8FFFF","#1E90FFFF","#FFFFFFFF","#FFFF00FF"
"#FF0000FF","#FFFF00FF","#00FF00FF","#55A0FBFF","#B856D7FF","#F74ED6FF","#FF8000FF","#0000C0FF","#00C000FF","#FF0000FF","#FFFF00FF","#00FF00FF"
"#FF0000FF","#FFFF00FF","#00FF00FF","#55A0FBFF","#B856D7FF","#F74ED6FF","#FF8000FF","#0000C0FF","#FFFF00FF","#FF0000FF","#FFFF00FF","#00FF00FF"
"#000000FF","#042E3DFF","#765A22FF","#44726DFF","#9A9343FF","#000000FF","#042E3DFF","#765A22FF","#44726DFF","#9A9343FF","#000000FF","#042E3DFF"
"#323232FF","#1B6393FF","#FCD351FF","#C7E3CCFF","#F8EEC1FF","#323232FF","#1B6393FF","#FCD351FF","#C7E3CCFF","#F8EEC1FF","#323232FF","#1B6393FF"
"#285291FF","#579125FF","#915B11FF","#91181EFF","#91188FFF","#4F2B91FF","#0F0F5CFF","#0E405CFF","#0B5C2DFF","#285C08FF","#285291FF","#579125FF"
"#008000FF","#8B4513FF","#6699CCFF","#8B4513FF","#33CC00FF","#008000FF","#CC9900FF","#FFCC00FF","#FFCC00FF","#008000FF","#8B4513FF","#6699CCFF"
"#33CC00FF","#CC9900FF","#6699CCFF","#8B4513FF","#90EE90FF","#008000FF","#CC9900FF","#FFCC00FF","#FFFF33FF","#33CC00FF","#CC9900FF","#6699CCFF"
"#008000FF","#8B4513FF","#6699CCFF","#8B4513FF","#33CC00FF","#008000FF","#8B4513FF","#FFCC00FF","#FFCC00FF","#008000FF","#8B4513FF","#6699CCFF"
"#000080FF","#0000C0FF","#0000FFFF","#5757F9FF","#55A0FBFF","#90BFF9FF","#C8DEF9FF","#0000FFFF","#5757F9FF","#000080FF","#0000C0FF","#0000FFFF"
"#440154FF","#414487FF","#2A788EFF","#22A884FF","#7AD151FF","#FDE725FF","#440154FF","#414487FF","#2A788EFF","#22A884FF","#7AD151FF","#FDE725FF"
"#F94040FF","#FF6000FF","#FFFF06FF","#FCA92EFF","#000000FF","#F94040FF","#FFC080FF","#FF8000FF","#CE0665FF","#F94040FF","#FF6000FF","#FFFF06FF"
"#99CCFFFF","#CCCCFFFF","#FFD700FF","#00CCCCFF","#AFEEEEFF","#FF99FFFF","#FF9999FF","#FFD700FF","#99FFCCFF","#99CCFFFF","#CCCCFFFF","#FFD700FF"
"#99CCFFFF","#CCCCFFFF","#FFD700FF","#00CCCCFF","#00CCCCFF","#FF99FFFF","#FF9999FF","#FFD700FF","#00CCCCFF","#99CCFFFF","#CCCCFFFF","#FFD700FF"
"#031431FF","#6F5A35FF","#63615DFF","#33565FFF","#27292BFF","#031431FF","#6F5A35FF","#63615DFF","#33565FFF","#27292BFF","#031431FF","#6F5A35FF"
"#2E58A4FF","#B69D71FF","#E3DED4FF","#70AFC7FF","#4F5357FF","#2E58A4FF","#B69D71FF","#E3DED4FF","#70AFC7FF","#4F5357FF","#2E58A4FF","#B69D71FF"
"#077E97FF","#800080FF","#000080FF","#8D8DFFFF","#C000C0FF","#056943FF","#077E97FF","#800080FF","#000080FF","#077E97FF","#800080FF","#000080FF"
"#55A0FBFF","#F74ED6FF","#5757F9FF","#C8DEF9FF","#DE8BF9FF","#05BE78FF","#90BFF9FF","#F7ABE8FF","#8D8DFFFF","#55A0FBFF","#F74ED6FF","#5757F9FF"
"#6699CCFF","#6699CCFF","#FF9933FF","#4169E1FF","#87CEFAFF","#FF6600FF","#CCCCFFFF","#6699CCFF","#FF6600FF","#6699CCFF","#6699CCFF","#FF9933FF"
"#6699CCFF","#87CEFAFF","#FF9933FF","#6699CCFF","#87CEFAFF","#FF6600FF","#CCCCFFFF","#87CEFAFF","#FF9933FF","#6699CCFF","#87CEFAFF","#FF9933FF"
"#6699CCFF","#87CEFAFF","#FF9933FF","#4169E1FF","#87CEFAFF","#FF6600FF","#CCCCFFFF","#87CEFAFF","#FF6600FF","#6699CCFF","#87CEFAFF","#FF9933FF"
"#004586FF","#FF420EFF","#FFD320FF","#579D1CFF","#7E0021FF","#83CAFFFF","#314004FF","#AECF00FF","#4B1F6FFF","#FF950EFF","#C5000BFF","#0084D1FF"
"#9C9EDEFF","#7375B5FF","#4A5584FF","#CEDB9CFF","#B5CF6BFF","#8CA252FF","#637939FF","#E7CB94FF","#E7BA52FF","#BD9E39FF","#8C6D31FF","#E7969CFF"
"#3366CCFF","#DC3912FF","#FF9900FF","#109618FF","#990099FF","#0099C6FF","#DD4477FF","#66AA00FF","#B82E2EFF","#316395FF","#3366CCFF","#DC3912FF"
"#3C3C3CFF","#D2D2D2FF","#F0F0F0FF","#FF2700FF","#008FD5FF","#77AB43FF","#3C3C3CFF","#D2D2D2FF","#F0F0F0FF","#FF2700FF","#008FD5FF","#77AB43FF"
"#000000FF","#E69F00FF","#56B4E9FF","#009E73FF","#F0E442FF","#0072B2FF","#D55E00FF","#CC79A7FF","#000000FF","#E69F00FF","#56B4E9FF","#009E73FF"
"#4E79A7FF","#F28E2BFF","#E15759FF","#76B7B2FF","#59A14FFF","#EDC948FF","#B07AA1FF","#FF9DA7FF","#9C755FFF","#BAB0ACFF","#4E79A7FF","#F28E2BFF"
"#4E79A7FF","#A0CBE8FF","#F28E2BFF","#FFBE7DFF","#59A14FFF","#8CD17DFF","#B6992DFF","#F1CE63FF","#499894FF","#86BCB6FF","#E15759FF","#FF9D9AFF"
"#1170AAFF","#FC7D0BFF","#A3ACB9FF","#57606CFF","#5FA2CEFF","#C85200FF","#7B848FFF","#A3CCE9FF","#FFBC79FF","#C8D0D9FF","#1170AAFF","#FC7D0BFF"
"#767F8BFF","#B3B7B8FF","#5C6068FF","#D3D3D3FF","#989CA3FF","#767F8BFF","#B3B7B8FF","#5C6068FF","#D3D3D3FF","#989CA3FF","#767F8BFF","#B3B7B8FF"
"#B60A1CFF","#E39802FF","#309143FF","#E03531FF","#F0BD27FF","#51B364FF","#FF684CFF","#FFDA66FF","#8ACE7EFF","#B60A1CFF","#E39802FF","#309143FF"
"#4F6980FF","#849DB1FF","#A2CEAAFF","#638B66FF","#BFBB60FF","#F47942FF","#FBB04EFF","#B66353FF","#D7CE9FFF","#B9AA97FF","#7E756DFF","#4F6980FF"
"#6388B4FF","#FFAE34FF","#EF6F6AFF","#8CC2CAFF","#55AD89FF","#C3BC3FFF","#BB7693FF","#BAA094FF","#A9B5AEFF","#767676FF","#6388B4FF","#FFAE34FF"
"#8175AAFF","#6FB899FF","#31A1B3FF","#CCB22BFF","#A39FC9FF","#94D0C0FF","#959C9EFF","#027B8EFF","#9F8F12FF","#8175AAFF","#6FB899FF","#31A1B3FF"
"#EB1E2CFF","#FD6F30FF","#F9A729FF","#F9D23CFF","#5FBB68FF","#64CDCCFF","#91DCEAFF","#A4A4D5FF","#BBC9E5FF","#EB1E2CFF","#FD6F30FF","#F9A729FF"
"#BFB202FF","#B9CA5DFF","#CF3E53FF","#F1788DFF","#00A2B3FF","#97CFD0FF","#F3A546FF","#F7C480FF","#BFB202FF","#B9CA5DFF","#CF3E53FF","#F1788DFF"
"#90728FFF","#B9A0B4FF","#9D983DFF","#CECB76FF","#E15759FF","#FF9888FF","#6B6B6BFF","#BAB2AEFF","#AA8780FF","#DAB6AFFF","#90728FFF","#B9A0B4FF"
"#4E9F50FF","#87D180FF","#EF8A0CFF","#FCC66DFF","#3CA8BCFF","#98D9E4FF","#94A323FF","#C3CE3DFF","#A08400FF","#F7D42AFF","#26897EFF","#8DBFA8FF"
"#466F9DFF","#91B3D7FF","#ED444AFF","#FEB5A2FF","#9D7660FF","#D7B5A6FF","#3896C4FF","#A0D4EEFF","#BA7E45FF","#39B87FFF","#C8133BFF","#EA8783FF"
"#8074A8FF","#C6C1F0FF","#C46487FF","#FFBED1FF","#9C9290FF","#C5BFBEFF","#9B93C9FF","#DDB5D5FF","#7C7270FF","#F498B6FF","#B173A0FF","#C799BCFF"
"#1BA3C6FF","#2CB5C0FF","#30BCADFF","#21B087FF","#33A65CFF","#57A337FF","#A2B627FF","#D5BB21FF","#F8B620FF","#F89217FF","#F06719FF","#E03426FF"
"#1F77B4FF","#FF7F0EFF","#2CA02CFF","#D62728FF","#9467BDFF","#8C564BFF","#E377C2FF","#7F7F7FFF","#BCBD22FF","#17BECFFF","#1F77B4FF","#FF7F0EFF"
"#729ECEFF","#FF9E4AFF","#67BF5CFF","#ED665DFF","#AD8BC9FF","#A8786EFF","#ED97CAFF","#A2A2A2FF","#CDCC5DFF","#6DCCDAFF","#729ECEFF","#FF9E4AFF"
"#AEC7E8FF","#FFBB78FF","#98DF8AFF","#FF9896FF","#C5B0D5FF","#C49C94FF","#F7B6D2FF","#C7C7C7FF","#DBDB8DFF","#9EDAE5FF","#AEC7E8FF","#FFBB78FF"
"#1F77B4FF","#AEC7E8FF","#FF7F0EFF","#FFBB78FF","#2CA02CFF","#98DF8AFF","#D62728FF","#FF9896FF","#9467BDFF","#C5B0D5FF","#8C564BFF","#C49C94FF"
"#60636AFF","#A5ACAFFF","#414451FF","#8F8782FF","#CFCFCFFF","#60636AFF","#A5ACAFFF","#414451FF","#8F8782FF","#CFCFCFFF","#60636AFF","#A5ACAFFF"
"#006BA4FF","#FF800EFF","#ABABABFF","#595959FF","#5F9ED1FF","#C85200FF","#898989FF","#A2C8ECFF","#FFBC79FF","#CFCFCFFF","#006BA4FF","#FF800EFF"
"#B10318FF","#DBA13AFF","#309343FF","#D82526FF","#FFC156FF","#69B764FF","#F26C64FF","#FFDD71FF","#9FCD99FF","#B10318FF","#DBA13AFF","#309343FF"
"#7B66D2FF","#DC5FBDFF","#94917BFF","#995688FF","#D098EEFF","#D7D5C5FF","#7B66D2FF","#DC5FBDFF","#94917BFF","#995688FF","#D098EEFF","#D7D5C5FF"
"#7B66D2FF","#A699E8FF","#DC5FBDFF","#FFC0DAFF","#5F5A41FF","#B4B19BFF","#995688FF","#D898BAFF","#AB6AD5FF","#D098EEFF","#8B7C6EFF","#DBD4C5FF"
"#32A251FF","#FF7F0FFF","#3CB7CCFF","#FFD94AFF","#39737CFF","#B85A0DFF","#32A251FF","#FF7F0FFF","#3CB7CCFF","#FFD94AFF","#39737CFF","#B85A0DFF"
"#32A251FF","#ACD98DFF","#FF7F0FFF","#FFB977FF","#3CB7CCFF","#98D9E4FF","#B85A0DFF","#FFD94AFF","#39737CFF","#86B4A9FF","#82853BFF","#CCC94DFF"
"#2C69B0FF","#F02720FF","#AC613CFF","#6BA3D6FF","#EA6B73FF","#E9C39BFF","#2C69B0FF","#F02720FF","#AC613CFF","#6BA3D6FF","#EA6B73FF","#E9C39BFF"
"#2C69B0FF","#B5C8E2FF","#F02720FF","#FFB6B0FF","#AC613CFF","#E9C39BFF","#6BA3D6FF","#B5DFFDFF","#AC8763FF","#DDC9B4FF","#BD0A36FF","#F4737AFF"
"#1F83B4FF","#12A2A8FF","#2CA030FF","#78A641FF","#BCBD22FF","#FFBF50FF","#FFAA0EFF","#FF7F0EFF","#D63A3AFF","#C7519CFF","#BA43B4FF","#8A60B0FF"
"#8C8C8CFF","#88BDE6FF","#FBB258FF","#90CD97FF","#F6AAC9FF","#BFA554FF","#BC99C7FF","#EDDD46FF","#F07E6EFF","#8C8C8CFF","#88BDE6FF","#FBB258FF"
"#4D4D4DFF","#5DA5DAFF","#FAA43AFF","#60BD68FF","#F17CB0FF","#B2912FFF","#B276B2FF","#DECF3FFF","#F15854FF","#4D4D4DFF","#5DA5DAFF","#FAA43AFF"
"#000000FF","#265DABFF","#DF5C24FF","#059748FF","#E5126FFF","#9D722AFF","#7B3A96FF","#C7B42EFF","#CB2027FF","#000000FF","#265DABFF","#DF5C24FF"
"#F81B02FF","#FC7715FF","#AFBF41FF","#50C49FFF","#3B95C4FF","#B560D4FF","#F81B02FF","#FC7715FF","#AFBF41FF","#50C49FFF","#3B95C4FF","#B560D4FF"
"#F8B323FF","#656A59FF","#46B2B5FF","#8CAA7EFF","#D36F68FF","#826276FF","#F8B323FF","#656A59FF","#46B2B5FF","#8CAA7EFF","#D36F68FF","#826276FF"
"#F09415FF","#C1B56BFF","#4BAF73FF","#5AA6C0FF","#D17DF9FF","#FA7E5CFF","#F09415FF","#C1B56BFF","#4BAF73FF","#5AA6C0FF","#D17DF9FF","#FA7E5CFF"
"#AC3EC1FF","#477BD1FF","#46B298FF","#90BA4CFF","#DD9D31FF","#E25247FF","#AC3EC1FF","#477BD1FF","#46B298FF","#90BA4CFF","#DD9D31FF","#E25247FF"
"#8C8D86FF","#E6C069FF","#897B61FF","#8DAB8EFF","#77A2BBFF","#E28394FF","#8C8D86FF","#E6C069FF","#897B61FF","#8DAB8EFF","#77A2BBFF","#E28394FF"
"#41AEBDFF","#97E9D5FF","#A2CF49FF","#608F3DFF","#F4DE3AFF","#FCB11CFF","#41AEBDFF","#97E9D5FF","#A2CF49FF","#608F3DFF","#F4DE3AFF","#FCB11CFF"
"#2FA3EEFF","#4BCAADFF","#86C157FF","#D99C3FFF","#CE6633FF","#A35DD1FF","#2FA3EEFF","#4BCAADFF","#86C157FF","#D99C3FFF","#CE6633FF","#A35DD1FF"
"#90C226FF","#54A021FF","#E6B91EFF","#E76618FF","#C42F1AFF","#918655FF","#90C226FF","#54A021FF","#E6B91EFF","#E76618FF","#C42F1AFF","#918655FF"
"#606372FF","#79A8A4FF","#B2AD8FFF","#AD8082FF","#DEC18CFF","#92A185FF","#606372FF","#79A8A4FF","#B2AD8FFF","#AD8082FF","#DEC18CFF","#92A185FF"
"#B71E42FF","#DE478EFF","#BC72F0FF","#795FAFFF","#586EA6FF","#6892A0FF","#B71E42FF","#DE478EFF","#BC72F0FF","#795FAFFF","#586EA6FF","#6892A0FF"
"#439EB7FF","#E28B55FF","#DCB64DFF","#4CA198FF","#835B82FF","#645135FF","#439EB7FF","#E28B55FF","#DCB64DFF","#4CA198FF","#835B82FF","#645135FF"
"#1CADE4FF","#2683C6FF","#27CED7FF","#42BA97FF","#3E8853FF","#62A39FFF","#1CADE4FF","#2683C6FF","#27CED7FF","#42BA97FF","#3E8853FF","#62A39FFF"
"#B31166FF","#E33D6FFF","#E45F3CFF","#E9943AFF","#9B6BF2FF","#D53DD0FF","#B31166FF","#E33D6FFF","#E45F3CFF","#E9943AFF","#9B6BF2FF","#D53DD0FF"
"#B01513FF","#EA6312FF","#E6B729FF","#6AAC90FF","#54849AFF","#9E5E9BFF","#B01513FF","#EA6312FF","#E6B729FF","#6AAC90FF","#54849AFF","#9E5E9BFF"
"#A1D68BFF","#5EC795FF","#4DADCFFF","#CDB756FF","#E29C36FF","#8EC0C1FF","#A1D68BFF","#5EC795FF","#4DADCFFF","#CDB756FF","#E29C36FF","#8EC0C1FF"
"#B80E0FFF","#A6987DFF","#7F9A71FF","#64969FFF","#9B75B2FF","#80737AFF","#B80E0FFF","#A6987DFF","#7F9A71FF","#64969FFF","#9B75B2FF","#80737AFF"
"#6F6F6FFF","#BFBFA5FF","#DCD084FF","#E7BF5FFF","#E9A039FF","#CF7133FF","#6F6F6FFF","#BFBFA5FF","#DCD084FF","#E7BF5FFF","#E9A039FF","#CF7133FF"
"#4472C4FF","#ED7D31FF","#A5A5A5FF","#FFC000FF","#5B9BD5FF","#70AD47FF","#4472C4FF","#ED7D31FF","#A5A5A5FF","#FFC000FF","#5B9BD5FF","#70AD47FF"
"#83992AFF","#3C9770FF","#44709DFF","#A23C33FF","#D97828FF","#DEB340FF","#83992AFF","#3C9770FF","#44709DFF","#A23C33FF","#D97828FF","#DEB340FF"
"#30ACECFF","#80C34FFF","#E29D3EFF","#D64A3BFF","#D64787FF","#A666E1FF","#30ACECFF","#80C34FFF","#E29D3EFF","#D64A3BFF","#D64787FF","#A666E1FF"
"#F6A21DFF","#9BAFB5FF","#C96731FF","#9CA383FF","#87795DFF","#A0988CFF","#F6A21DFF","#9BAFB5FF","#C96731FF","#9CA383FF","#87795DFF","#A0988CFF"
"#E48312FF","#BD582CFF","#865640FF","#9B8357FF","#C2BC80FF","#94A088FF","#E48312FF","#BD582CFF","#865640FF","#9B8357FF","#C2BC80FF","#94A088FF"
"#1CADE4FF","#2683C6FF","#27CED7FF","#42BA97FF","#3E8853FF","#62A39FFF","#1CADE4FF","#2683C6FF","#27CED7FF","#42BA97FF","#3E8853FF","#62A39FFF"
"#052F61FF","#A50E82FF","#14967CFF","#6A9E1FFF","#E87D37FF","#C62324FF","#052F61FF","#A50E82FF","#14967CFF","#6A9E1FFF","#E87D37FF","#C62324FF"
"#DF2E28FF","#FE801AFF","#E9BF35FF","#81BB42FF","#32C7A9FF","#4A9BDCFF","#DF2E28FF","#FE801AFF","#E9BF35FF","#81BB42FF","#32C7A9FF","#4A9BDCFF"
"#6F6F74FF","#92A9B9FF","#A7B789FF","#B9A489FF","#8D6374FF","#9B7362FF","#6F6F74FF","#92A9B9FF","#A7B789FF","#B9A489FF","#8D6374FF","#9B7362FF"
"#A53010FF","#DE7E18FF","#9F8351FF","#728653FF","#92AA4CFF","#6AAC91FF","#A53010FF","#DE7E18FF","#9F8351FF","#728653FF","#92AA4CFF","#6AAC91FF"
"#D34817FF","#9B2D1FFF","#A28E6AFF","#956251FF","#918485FF","#855D5DFF","#D34817FF","#9B2D1FFF","#A28E6AFF","#956251FF","#918485FF","#855D5DFF"
"#F07F09FF","#9F2936FF","#1B587CFF","#4E8542FF","#604878FF","#C19859FF","#F07F09FF","#9F2936FF","#1B587CFF","#4E8542FF","#604878FF","#C19859FF"
"#3494BAFF","#58B6C0FF","#75BDA7FF","#7A8C8EFF","#84ACB6FF","#2683C6FF","#3494BAFF","#58B6C0FF","#75BDA7FF","#7A8C8EFF","#84ACB6FF","#2683C6FF"
"#1CADE4FF","#2683C6FF","#27CED7FF","#42BA97FF","#3E8853FF","#62A39FFF","#1CADE4FF","#2683C6FF","#27CED7FF","#42BA97FF","#3E8853FF","#62A39FFF"
"#4A66ACFF","#629DD1FF","#297FD5FF","#7F8FA9FF","#5AA2AEFF","#9D90A0FF","#4A66ACFF","#629DD1FF","#297FD5FF","#7F8FA9FF","#5AA2AEFF","#9D90A0FF"
"#0F6FC6FF","#009DD9FF","#0BD0D9FF","#10CF9BFF","#7CCA62FF","#A5C249FF","#0F6FC6FF","#009DD9FF","#0BD0D9FF","#10CF9BFF","#7CCA62FF","#A5C249FF"
"#DDDDDDFF","#B2B2B2FF","#969696FF","#808080FF","#5F5F5FFF","#4D4D4DFF","#DDDDDDFF","#B2B2B2FF","#969696FF","#808080FF","#5F5F5FFF","#4D4D4DFF"
"#99CB38FF","#63A537FF","#37A76FFF","#44C1A3FF","#4EB3CFFF","#51C3F9FF","#99CB38FF","#63A537FF","#37A76FFF","#44C1A3FF","#4EB3CFFF","#51C3F9FF"
"#549E39FF","#8AB833FF","#C0CF3AFF","#029676FF","#4AB5C4FF","#0989B1FF","#549E39FF","#8AB833FF","#C0CF3AFF","#029676FF","#4AB5C4FF","#0989B1FF"
"#418AB3FF","#A6B727FF","#F69200FF","#838383FF","#FEC306FF","#DF5327FF","#418AB3FF","#A6B727FF","#F69200FF","#838383FF","#FEC306FF","#DF5327FF"
"#94B6D2FF","#DD8047FF","#A5AB81FF","#D8B25CFF","#7BA79DFF","#968C8CFF","#94B6D2FF","#DD8047FF","#A5AB81FF","#D8B25CFF","#7BA79DFF","#968C8CFF"
"#4F81BDFF","#C0504DFF","#9BBB59FF","#8064A2FF","#4BACC6FF","#F79646FF","#4F81BDFF","#C0504DFF","#9BBB59FF","#8064A2FF","#4BACC6FF","#F79646FF"
"#D34817FF","#9B2D1FFF","#A28E6AFF","#956251FF","#918485FF","#855D5DFF","#D34817FF","#9B2D1FFF","#A28E6AFF","#956251FF","#918485FF","#855D5DFF"
"#E48312FF","#BD582CFF","#865640FF","#9B8357FF","#C2BC80FF","#94A088FF","#E48312FF","#BD582CFF","#865640FF","#9B8357FF","#C2BC80FF","#94A088FF"
"#A5B592FF","#F3A447FF","#E7BC29FF","#D092A7FF","#9C85C0FF","#809EC2FF","#A5B592FF","#F3A447FF","#E7BC29FF","#D092A7FF","#9C85C0FF","#809EC2FF"
"#E84C22FF","#FFBD47FF","#B64926FF","#FF8427FF","#CC9900FF","#B22600FF","#E84C22FF","#FFBD47FF","#B64926FF","#FF8427FF","#CC9900FF","#B22600FF"
"#E32D91FF","#C830CCFF","#4EA6DCFF","#4775E7FF","#8971E1FF","#D54773FF","#E32D91FF","#C830CCFF","#4EA6DCFF","#4775E7FF","#8971E1FF","#D54773FF"
"#A5300FFF","#D55816FF","#E19825FF","#B19C7DFF","#7F5F52FF","#B27D49FF","#A5300FFF","#D55816FF","#E19825FF","#B19C7DFF","#7F5F52FF","#B27D49FF"
"#4E67C8FF","#5ECCF3FF","#A7EA52FF","#5DCEAFFF","#FF8021FF","#F14124FF","#4E67C8FF","#5ECCF3FF","#A7EA52FF","#5DCEAFFF","#FF8021FF","#F14124FF"
"#92278FFF","#9B57D3FF","#755DD9FF","#665EB8FF","#45A5EDFF","#5982DBFF","#92278FFF","#9B57D3FF","#755DD9FF","#665EB8FF","#45A5EDFF","#5982DBFF"
"#AD84C6FF","#8784C7FF","#5D739AFF","#6997AFFF","#84ACB6FF","#6F8183FF","#AD84C6FF","#8784C7FF","#5D739AFF","#6997AFFF","#84ACB6FF","#6F8183FF"
"#F0A22EFF","#A5644EFF","#B58B80FF","#C3986DFF","#A19574FF","#C17529FF","#F0A22EFF","#A5644EFF","#B58B80FF","#C3986DFF","#A19574FF","#C17529FF"
"#FFCA08FF","#F8931DFF","#CE8D3EFF","#EC7016FF","#E64823FF","#9C6A6AFF","#FFCA08FF","#F8931DFF","#CE8D3EFF","#EC7016FF","#E64823FF","#9C6A6AFF"
"#D3BA68FF","#D5695DFF","#5D8CA8FF","#65A479FF","#D3BA68FF","#D5695DFF","#5D8CA8FF","#65A479FF","#D3BA68FF","#D5695DFF","#5D8CA8FF","#65A479FF"
"#000000FF","#595959FF","#59A77FFF","#008856FF","#000000FF","#595959FF","#59A77FFF","#008856FF","#000000FF","#595959FF","#59A77FFF","#008856FF"
"#006A8EFF","#B1283AFF","#A8A6A7FF","#006A8EFF","#B1283AFF","#A8A6A7FF","#006A8EFF","#B1283AFF","#A8A6A7FF","#006A8EFF","#B1283AFF","#A8A6A7FF"
"#C72E29FF","#016392FF","#BE9C2EFF","#098154FF","#FB832DFF","#000000FF","#C72E29FF","#016392FF","#BE9C2EFF","#098154FF","#FB832DFF","#000000FF"
"#1A476FFF","#90353BFF","#55752FFF","#E37E00FF","#6E8E84FF","#C10534FF","#938DD2FF","#CAC27EFF","#A0522DFF","#7B92A8FF","#2D6D66FF","#9C8847FF"
"#FFFF00FF","#00FF00FF","#0080FFFF","#FF00FFFF","#FF7F00FF","#FF0000FF","#ADD8E6FF","#FFE474FF","#00FF80FF","#C0DCC0FF","#FF4500FF","#0000FFFF"
"#006000FF","#FF4500FF","#1A476FFF","#90353BFF","#6E8E84FF","#A0522DFF","#FF7F00FF","#FF00FFFF","#00FFFFFF","#FF0000FF","#00FF00FF","#9C8847FF"
"#606060FF","#A0A0A0FF","#808080FF","#404040FF","#000000FF","#E0E0E0FF","#202020FF","#707070FF","#909090FF","#B0B0B0FF","#D0D0D0FF","#F0F0F0FF"
"#FFFFFF00","#7B92A8FF","#82C0E9FF","#2D6D66FF","#BFA19CFF","#008BBCFF","#97B6B0FF","#D7D29EFF","#1A476FFF","#90353BFF","#9C8847FF","#938DD2FF"
"#7CB5ECFF","#434348FF","#90ED7DFF","#F7A35CFF","#8085E9FF","#F15C80FF","#E4D354FF","#8085E8FF","#8D4653FF","#91E8E1FF","#7CB5ECFF","#434348FF"
"#2B908FFF","#90EE7EFF","#F45B5BFF","#7798BFFF","#AAEEEEFF","#FF0066FF","#EEAAEEFF","#55BF3BFF","#DF5353FF","#7798BFFF","#AAEEEEFF","#2B908FFF"
"#D5E4EBFF","#C3D6DFFF","#ED111AFF","#EBEBEBFF","#C9C9C9FF","#D5E4EBFF","#C3D6DFFF","#ED111AFF","#EBEBEBFF","#C9C9C9FF","#D5E4EBFF","#C3D6DFFF"
"#6794A7FF","#014D64FF","#76C0C1FF","#01A2D9FF","#7AD2F6FF","#00887DFF","#ADADADFF","#7BD3F6FF","#7C260BFF","#EE8F71FF","#76C0C1FF","#A18376FF"
"#34495EFF","#3498DBFF","#2ECC71FF","#F1C40FFF","#E74C3CFF","#9B59B6FF","#1ABC9CFF","#F39C12FF","#D35400FF","#34495EFF","#3498DBFF","#2ECC71FF"
"#ECF0F1FF","#3498DBFF","#2ECC71FF","#F1C40FFF","#E74C3CFF","#9B59B6FF","#1ABC9CFF","#F39C12FF","#D35400FF","#ECF0F1FF","#3498DBFF","#2ECC71FF"
"#555555FF","#DB735CFF","#EFA86EFF","#9A8A76FF","#F3C57BFF","#7A6752FF","#2A91A2FF","#87F28AFF","#6EDCEFFF","#555555FF","#DB735CFF","#EFA86EFF"
"#785D37FF","#62BBA5FF","#FFB84DFF","#AAA488FF","#B2432FFF","#3A6589FF","#9B5672FF","#908150FF","#373634FF","#785D37FF","#62BBA5FF","#FFB84DFF"
"#F8F8F0FF","#DB784DFF","#95CC5EFF","#E84646FF","#F8BB39FF","#7A7267FF","#E1AA93FF","#168E7FFF","#2B338EFF","#F8F8F0FF","#DB784DFF","#95CC5EFF"
"#111111FF","#65ADC2FF","#233B43FF","#E84646FF","#C29365FF","#362C21FF","#316675FF","#168E7FFF","#109B37FF","#111111FF","#65ADC2FF","#233B43FF"
"#FFFFFFFF","#C2C5BEFF","#D4DADAFF","#111111FF","#6D8875FF","#EAEAEAFF","#908A78FF","#FFFFFFFF","#C2C5BEFF","#D4DADAFF","#111111FF","#6D8875FF"
"#555555FF","#886EB2FF","#C29DFFFF","#B2B06EFF","#DDE8B2FF","#689940FF","#B96CBFFF","#403F34FF","#FFFFFFFF","#473566FF","#D2B6FFFF","#555555FF"
"#6C3921FF","#45764AFF","#63AB5EFF","#FFFFFFFF","#B05D34FF","#6C4F41FF","#EFAE90FF","#109F92FF","#47ECDDFF","#6C3921FF","#45764AFF","#63AB5EFF"
"#444444FF","#DE6757FF","#EB9050FF","#3262ABFF","#FF8D7DFF","#C8E370FF","#C45B4DFF","#41A65CFF","#5E2C25FF","#78695FFF","#444444FF","#DE6757FF"
"#0D0905FF","#614128FF","#AE7448FF","#F2F0EEFF","#E6C1A4FF","#EE6C56FF","#208794FF","#37AE79FF","#5DD2E1FF","#4B37AEFF","#78E676FF","#0D0905FF"
"#0B0E0AFF","#9B3950FF","#F79B57FF","#6B3241FF","#E65E62FF","#9E7587FF","#4C8659FF","#6B6C69FF","#0B0E0AFF","#0B0E0AFF","#9B3950FF","#F79B57FF"
"#000000FF","#515151FF","#909090FF","#D0D0D0FF","#444444FF","#111111FF","#EAEAEAFF","#666666FF","#000000FF","#000000FF","#515151FF","#909090FF"
"#59595CFF","#739EABFF","#2C3639FF","#36555EFF","#F99E93FF","#C43D31FF","#59595CFF","#739EABFF","#2C3639FF","#36555EFF","#F99E93FF","#C43D31FF"
"#073642FF","#268BD2FF","#DC322FFF","#2AA198FF","#B58900FF","#6C71C4FF","#D33682FF","#073642FF","#268BD2FF","#DC322FFF","#2AA198FF","#B58900FF"
"#4A3D4FFF","#CEF3C6FF","#DED42FFF","#B45454FF","#3E6735FF","#BE1D2DFF","#57826FFF","#4A3D4FFF","#CEF3C6FF","#DED42FFF","#B45454FF","#3E6735FF"
"#135078FF","#F0F0F0FF","#F1F14CFF","#135078FF","#F94240FF","#CBE9FDFF","#F9A765FF","#092639FF","#C5430BFF","#C5C40BFF","#8ACEFBFF","#135078FF"
"#F4F4A9FF","#6D9A58FF","#E5CA28FF","#4E4E36FF","#F6F6F6FF","#C8CC9FFF","#353525FF","#F4F4A9FF","#6D9A58FF","#E5CA28FF","#4E4E36FF","#F6F6F6FF"
"#95918EFF","#AF9699FF","#80C7C9FF","#8EBBD2FF","#E3D1C3FF","#B3DDEBFF","#F3E8CCFF","#95918EFF","#AF9699FF","#80C7C9FF","#8EBBD2FF","#E3D1C3FF"
"#28231DFF","#5E2D30FF","#008E90FF","#1C77A3FF","#C5A387FF","#67B8D6FF","#E9D097FF","#28231DFF","#5E2D30FF","#008E90FF","#1C77A3FF","#C5A387FF"
"#15110EFF","#2F1619FF","#004749FF","#0E3B52FF","#635143FF","#335D6BFF","#73684CFF","#15110EFF","#2F1619FF","#004749FF","#0E3B52FF","#635143FF"
"#8E938DFF","#94A39CFF","#97B8AFFF","#A2D1BDFF","#C0CDBCFF","#ACD2A3FF","#E6E58BFF","#8E938DFF","#94A39CFF","#97B8AFFF","#A2D1BDFF","#C0CDBCFF"
"#1D271CFF","#274637FF","#2C715FFF","#44A57CFF","#819A7AFF","#58A449FF","#CEC917FF","#1D271CFF","#274637FF","#2C715FFF","#44A57CFF","#819A7AFF"
"#0E130DFF","#14231CFF","#17382FFF","#22513DFF","#404D3CFF","#2C5223FF","#66650BFF","#0E130DFF","#14231CFF","#17382FFF","#22513DFF","#404D3CFF"
"#A6A0A0FF","#ADB7C0FF","#94C5CCFF","#F4ADB3FF","#EEBCB1FF","#ECD89DFF","#F4E3D3FF","#A6A0A0FF","#ADB7C0FF","#94C5CCFF","#F4ADB3FF","#EEBCB1FF"
"#4C413FFF","#5A6F80FF","#278B9AFF","#E75B64FF","#DE7862FF","#D8AF39FF","#E8C4A2FF","#4C413FFF","#5A6F80FF","#278B9AFF","#E75B64FF","#DE7862FF"
"#262020FF","#2D3740FF","#14454CFF","#742D33FF","#6E3C31FF","#6C581DFF","#746353FF","#262020FF","#2D3740FF","#14454CFF","#742D33FF","#6E3C31FF"
"#898D90FF","#8D93A1FF","#9F99B5FF","#AFACC9FF","#D7CADEFF","#DAEDF3FF","#F7EABDFF","#898D90FF","#8D93A1FF","#9F99B5FF","#AFACC9FF","#D7CADEFF"
"#14191FFF","#1D2645FF","#403369FF","#5C5992FF","#AE93BEFF","#B4DAE5FF","#F0D77BFF","#14191FFF","#1D2645FF","#403369FF","#5C5992FF","#AE93BEFF"
"#090D10FF","#0D1321FF","#1F1935FF","#2F2C49FF","#574A5EFF","#5A6D73FF","#776A3DFF","#090D10FF","#0D1321FF","#1F1935FF","#2F2C49FF","#574A5EFF"
"#838A90FF","#BA968AFF","#9FA7BEFF","#B3B8B1FF","#E7A79BFF","#F2C695FF","#F5EDC9FF","#838A90FF","#BA968AFF","#9FA7BEFF","#B3B8B1FF","#E7A79BFF"
"#06141FFF","#742C14FF","#3D4F7DFF","#657060FF","#CD4F38FF","#E48C2AFF","#EAD890FF","#06141FFF","#742C14FF","#3D4F7DFF","#657060FF","#CD4F38FF"
"#030A10FF","#3A160AFF","#1F273EFF","#333831FF","#67271BFF","#724615FF","#756D49FF","#030A10FF","#3A160AFF","#1F273EFF","#333831FF","#67271BFF"
"#8F9297FF","#9A9C97FF","#C19A9BFF","#C7C0C8FF","#B4DCF5FF","#E1D7CBFF","#DBEBF8FF","#8F9297FF","#9A9C97FF","#C19A9BFF","#C7C0C8FF","#B4DCF5FF"
"#1F262EFF","#353831FF","#833437FF","#8F8093FF","#67B9E9FF","#C3AF97FF","#B7D9F2FF","#1F262EFF","#353831FF","#833437FF","#8F8093FF","#67B9E9FF"
"#0F1217FF","#1A1C17FF","#411A1BFF","#474048FF","#345C75FF","#61574BFF","#5B6B78FF","#0F1217FF","#1A1C17FF","#411A1BFF","#474048FF","#345C75FF"
"#768185FF","#7E8C97FF","#88988DFF","#9DAFC3FF","#B1D5BBFF","#ECE28BFF","#C3DAEAFF","#768185FF","#7E8C97FF","#88988DFF","#9DAFC3FF","#B1D5BBFF"
"#061A21FF","#132E41FF","#26432FFF","#4D6D93FF","#6FB382FF","#DCCA2CFF","#92BBD9FF","#061A21FF","#132E41FF","#26432FFF","#4D6D93FF","#6FB382FF"
"#030E12FF","#0B1924FF","#15251AFF","#2A3C50FF","#3E6248FF","#796F18FF","#506777FF","#030E12FF","#0B1924FF","#15251AFF","#2A3C50FF","#3E6248FF"
"#8E8C8FFF","#9A9AA2FF","#D98594FF","#86C2DAFF","#D0C1AAFF","#C0DDE1FF","#E9DBD0FF","#8E8C8FFF","#9A9AA2FF","#D98594FF","#86C2DAFF","#D0C1AAFF"
"#1C1A1FFF","#333544FF","#B50A2AFF","#0E84B4FF","#9E8356FF","#7EBAC2FF","#D1B79EFF","#1C1A1FFF","#333544FF","#B50A2AFF","#0E84B4FF","#9E8356FF"
"#0E0C0FFF","#1A1A22FF","#590514FF","#06425AFF","#50412AFF","#405D61FF","#695B50FF","#0E0C0FFF","#1A1A22FF","#590514FF","#06425AFF","#50412AFF"
"#85898AFF","#959492FF","#AC9D96FF","#A8A6A9FF","#A1B1C8FF","#D6C0A9FF","#DCD3C4FF","#85898AFF","#959492FF","#AC9D96FF","#A8A6A9FF","#A1B1C8FF"
"#0A1215FF","#2D2A25FF","#583B2BFF","#534C53FF","#446590FF","#AD8152FF","#BBA78CFF","#0A1215FF","#2D2A25FF","#583B2BFF","#534C53FF","#446590FF"
"#05090AFF","#151412FF","#2C1D16FF","#282629FF","#213148FF","#564029FF","#5C5344FF","#05090AFF","#151412FF","#2C1D16FF","#282629FF","#213148FF"
"#F7FBFFFF","#DEEBF7FF","#C6DBEFFF","#9ECAE1FF","#6BAED6FF","#4292C6FF","#2171B5FF","#08519CFF","#08306BFF","#F7FBFFFF","#DEEBF7FF","#C6DBEFFF"
"#402733FF","#8F6052FF","#2F6349FF","#AE2B47FF","#7BC17DFF","#68D8F2FF","#7982F7FF","#E03E4AFF","#FFF759FF","#ECA987FF","#705549FF","#9F4739FF"
"#DFD5CAFF","#907A58FF","#A59DA2FF","#406975FF","#A2D2D4FF","#475286FF","#738492FF","#D1BFA2FF","#AB8A5AFF","#4C9AC4FF","#8EC6E9FF","#B7DAECFF"
"#002594FF","#E0B2CDFF","#54C4E3FF","#F3AA4FFF","#002594FF","#E0B2CDFF","#54C4E3FF","#F3AA4FFF","#002594FF","#E0B2CDFF","#54C4E3FF","#F3AA4FFF"
"#8B633DFF","#8A999DFF","#C4B57CFF","#CB4E33FF","#F0D1A9FF","#1B3F8AFF","#68A1D3FF","#AECCDFFF","#D18860FF","#30588BFF","#C2944FFF","#F9D073FF"
"#715843FF","#4C525EFF","#80848EFF","#BFC8D3FF","#A26B3AFF","#E9B972FF","#856B59FF","#AFA099FF","#D8C0B6FF","#DAD9DCFF","#D5CFCAFF","#A3A4AFFF"
"#888485FF","#BF8967FF","#A4ADBAFF","#D1CDCDFF","#A7ABB0FF","#BAB5B5FF","#4E6279FF","#B1AFA4FF","#888485FF","#BF8967FF","#A4ADBAFF","#D1CDCDFF"
"#083ED0FF","#AE904EFF","#503329FF","#C18155FF","#9E3E1CFF","#DB7C3CFF","#EACB85FF","#9CA897FF","#BDA173FF","#63BDD3FF","#9399A5FF","#083ED0FF"
"#896C51FF","#D9682BFF","#BF964AFF","#7D8795FF","#F7C145FF","#B56F2BFF","#6A5557FF","#D88D36FF","#896C51FF","#D9682BFF","#BF964AFF","#7D8795FF"
"#94856EFF","#E2BE8AFF","#BFBDBAFF","#2A696EFF","#69C1C5FF","#8BDFE5FF","#CEC4A8FF","#848A8AFF","#94856EFF","#E2BE8AFF","#BFBDBAFF","#2A696EFF"
"#CBC5B8FF","#4F779FFF","#729E93FF","#99985DFF","#699CB6FF","#485178FF","#A47443FF","#FAE3A0FF","#CEAE88FF","#CBC5B8FF","#4F779FFF","#729E93FF"
"#C8876EFF","#5A4532FF","#2F533CFF","#63764EFF","#A87735FF","#F3C571FF","#EEB043FF","#E0D2B5FF","#C8876EFF","#5A4532FF","#2F533CFF","#63764EFF"
"#4E4B4DFF","#AE9366FF","#7F7657FF","#A6A48DFF","#7F6960FF","#C9CBC8FF","#95949BFF","#507A69FF","#344A47FF","#4E4B4DFF","#AE9366FF","#7F7657FF"
"#DBC197FF","#372D2FFF","#5B7CA7FF","#DB9942FF","#8DAE87FF","#985A71FF","#DBC197FF","#372D2FFF","#5B7CA7FF","#DB9942FF","#8DAE87FF","#985A71FF"
"#594B3FFF","#525A5EFF","#886A50FF","#E9AA52FF","#F7D380FF","#CA6C3DFF","#D6B478FF","#B6966CFF","#594B3FFF","#525A5EFF","#886A50FF","#E9AA52FF"
"#BF816BFF","#653F2CFF","#BABAAFFF","#959BA1FF","#937D61FF","#C29961FF","#9AA490FF","#415555FF","#E3CA97FF","#BF816BFF","#653F2CFF","#BABAAFFF"
"#05215DFF","#BFC8D3FF","#E63833FF","#5E9546FF","#3381A8FF","#05215DFF","#BFC8D3FF","#E63833FF","#5E9546FF","#3381A8FF","#05215DFF","#BFC8D3FF"
"#2C194CFF","#2C1A4DFF","#2C1D4EFF","#2C1E51FF","#2C1F52FF","#2B2053FF","#2B2254FF","#2B2457FF","#2B2659FF","#2B2659FF","#2B285BFF","#2B2B5DFF"
"#2C194CFF","#2C1A4DFF","#2C1D4EFF","#2C1E51FF","#2C1F52FF","#2B2053FF","#2B2254FF","#2B2457FF","#2B2658FF","#2B2659FF","#2B285AFF","#2B2A5DFF"
"#001260FF","#001361FF","#001463FF","#001764FF","#001865FF","#001966FF","#011B66FF","#011D67FF","#011F68FF","#011F6AFF","#01216BFF","#01246CFF"
"#E5E5FFFF","#E3E3FDFF","#DFE1FCFF","#DDDFF9FF","#DADEF8FF","#D8DCF7FF","#D4D9F4FF","#D2D8F3FF","#D0D6F2FF","#CCD3F1FF","#CBD2EEFF","#C7D0ECFF"
"#DED8FFFF","#DAD7FEFF","#D8D4FDFF","#D6D2FAFF","#D2D1F9FF","#D0CEF8FF","#CDCCF8FF","#CBCBF7FF","#C7CAF6FF","#C5C7F3FF","#C3C5F2FF","#BFC4F2FF"
"#9EB0FFFF","#9BB0FEFF","#99B0FDFF","#98AEFCFF","#94AEFAFF","#92AEF9FF","#91ADF8FF","#8DADF7FF","#8CADF6FF","#8AADF4FF","#86ACF3FF","#85ACF2FF"
"#7E1900FF","#7F1D01FF","#801F02FF","#812104FF","#832504FF","#852705FF","#852A06FF","#862C06FF","#872E07FF","#883207FF","#8B3308FF","#8C350AFF"
"#65024BFF","#67054EFF","#6A0750FF","#6C0A52FF","#6E0D54FF","#701057FF","#721259FF","#75145BFF","#77175DFF","#79195FFF","#7B1B61FF","#7D1D63FF"
"#FFCDFDFF","#FDCAFBFF","#FCC7F9FF","#FAC4F7FF","#F9C1F4FF","#F7BEF2FF","#F6BBF0FF","#F4B9EEFF","#F3B6ECFF","#F1B3EAFF","#F0B0E8FF","#EEADE6FF"
"#192659FF","#1A275AFF","#1D285BFF","#1E2B5EFF","#1F2C5FFF","#202D60FF","#222E61FF","#243164FF","#263265FF","#273366FF","#283467FF","#2B376AFF"
"#1A3333FF","#1A3435FF","#1A3537FF","#1A3539FF","#1B363BFF","#1B373DFF","#1B383FFF","#1B3941FF","#1B3A43FF","#1C3B45FF","#1C3C47FF","#1C3D49FF"
"#0D0D0DFF","#0F0F0FFF","#121212FF","#141414FF","#161616FF","#181818FF","#191919FF","#1B1B1BFF","#1D1D1DFF","#1F1F1FFF","#212121FF","#222222FF"
"#2B194CFF","#2B1A4CFF","#2B1B4DFF","#2B1B4EFF","#2B1D50FF","#2B1E51FF","#2B1F52FF","#2B1F52FF","#2B2053FF","#2B2154FF","#2A2255FF","#2A2457FF"
"#FFFFCCFF","#FFFECAFF","#FFFEC7FF","#FFFDC5FF","#FEFCC4FF","#FEFCC1FF","#FEFABFFF","#FEF9BEFF","#FEF9BBFF","#FEF8BAFF","#FEF8B8FF","#FDF8B7FF"
"#003F4CFF","#003F4CFF","#01404CFF","#01404BFF","#02404BFF","#04414BFF","#04414AFF","#05414AFF","#06434AFF","#064348FF","#064448FF","#074448FF"
"#2C194CFF","#2B1A4DFF","#2B1B4EFF","#2B1E50FF","#2B1F52FF","#2B1F52FF","#2B2153FF","#2B2255FF","#2B2457FF","#2A2658FF","#2A2659FF","#2A275AFF"
"#FFFFFFFF","#FEFEFEFF","#FCFCFCFF","#FAFAFAFF","#F8F8F8FF","#F8F8F8FF","#F6F6F6FF","#F4F4F4FF","#F3F3F3FF","#F2F2F2FF","#F1F1F1FF","#EEEEEEFF"
"#04598CFF","#05598CFF","#06598BFF","#08598BFF","#0B598BFF","#0C5A8AFF","#0D5A8AFF","#0E5A88FF","#115A88FF","#125B88FF","#135B87FF","#145B87FF"
"#000000FF","#000102FF","#000205FF","#010406FF","#010508FF","#01060BFF","#02060CFF","#02070EFF","#040A11FF","#040B12FF","#050C13FF","#050C14FF"
"#FFFFFFFF","#FEFEFEFF","#FDFDFDFF","#FCFCFCFF","#F9F9F9FF","#F8F8F8FF","#F8F8F8FF","#F7F7F7FF","#F6F6F6FF","#F4F4F4FF","#F3F3F3FF","#F2F2F2FF"
"#8C0172FF","#8C0472FF","#8C0671FF","#8C0770FF","#8C0A6EFF","#8D0C6DFF","#8D0D6CFF","#8D106CFF","#8D126BFF","#8D136AFF","#8E1468FF","#8E1567FF"
"#190C65FF","#1A0D66FF","#1A1066FF","#1A1166FF","#1B1367FF","#1B1368FF","#1B156AFF","#1B176BFF","#1D186CFF","#1D196CFF","#1D1A6DFF","#1E1B6EFF"
"#190D33FF","#1B0E33FF","#1E0E34FF","#1F1035FF","#201037FF","#211038FF","#241139FF","#261139FF","#261239FF","#28123AFF","#2A133BFF","#2C133DFF"
"#B200B2FF","#B202B2FF","#B205B1FF","#B206B0FF","#B208AEFF","#B20BADFF","#B20CADFF","#B20EACFF","#B211ACFF","#B212ABFF","#B213AAFF","#B215A9FF"
"#2D204CFF","#2E214CFF","#30224DFF","#31244EFF","#322550FF","#332651FF","#332652FF","#342652FF","#352753FF","#372854FF","#382A55FF","#392B57FF"
"#000000FF","#010101FF","#040404FF","#060605FF","#060606FF","#080808FF","#0B0B0BFF","#0C0C0CFF","#0D0D0DFF","#10100EFF","#111111FF","#121212FF"
"#1933B2FF","#1933B2FF","#1A34B2FF","#1A34B1FF","#1B35B1FF","#1B37B1FF","#1B37B0FF","#1D38B0FF","#1D39B0FF","#1E39AEFF","#1E39AEFF","#1E3AAEFF"
"#001959FF","#011A59FF","#011B59FF","#021D59FF","#021E59FF","#041F59FF","#041F59FF","#05205AFF","#05215AFF","#06225AFF","#06245AFF","#06255AFF"
"#011959FF","#021B59FF","#031C5AFF","#041E5AFF","#051F5AFF","#06215BFF","#07225BFF","#07245BFF","#08255BFF","#09275CFF","#0A285CFF","#0A2A5CFF"
"#030405FF","#040608FF","#05080AFF","#060A0DFF","#070C0FFF","#080E11FF","#090F13FF","#0A1115FF","#0B1216FF","#0C1418FF","#0D1519FF","#0E161BFF"
"#372F38FF","#362F39FF","#362F3AFF","#362F3BFF","#362F3CFF","#36303DFF","#36303FFF","#363040FF","#363041FF","#363143FF","#363144FF","#363246FF"
"#3F3E3AFF","#3F3E3BFF","#3F3E3CFF","#3F3D3DFF","#3E3D3EFF","#3E3D3FFF","#3E3D40FF","#3E3D41FF","#3E3D42FF","#3E3D43FF","#3E3D44FF","#3E3D45FF"
"#4F1A3DFF","#4E1A3EFF","#4E1B3FFF","#4D1B41FF","#4C1C42FF","#4B1D43FF","#4B1D44FF","#4A1E46FF","#491F47FF","#482049FF","#48214AFF","#47214BFF"
"#733957FF","#743956FF","#753954FF","#753853FF","#763851FF","#773850FF","#77384FFF","#78384DFF","#79384CFF","#79384BFF","#7A3849FF","#7B3848FF"
"#4F3043FF","#502F45FF","#512F46FF","#533047FF","#543049FF","#56304BFF","#58304DFF","#5A314EFF","#5C3250FF","#5E3252FF","#603354FF","#623457FF"
"#4477AAFF","#EE6677FF","#228833FF","#CCBB44FF","#66CCEEFF","#AA3377FF","#BBBBBBFF","#4477AAFF","#EE6677FF","#228833FF","#CCBB44FF","#66CCEEFF"
"#004488FF","#DDAA33FF","#BB5566FF","#004488FF","#DDAA33FF","#BB5566FF","#004488FF","#DDAA33FF","#BB5566FF","#004488FF","#DDAA33FF","#BB5566FF"
"#EE7733FF","#0077BBFF","#33BBEEFF","#EE3377FF","#CC3311FF","#009988FF","#BBBBBBFF","#EE7733FF","#0077BBFF","#33BBEEFF","#EE3377FF","#CC3311FF"
"#CC6677FF","#332288FF","#DDCC77FF","#117733FF","#88CCEEFF","#882255FF","#44AA99FF","#999933FF","#AA4499FF","#CC6677FF","#332288FF","#DDCC77FF"
"#BBCCEEFF","#CCEEFFFF","#CCDDAAFF","#EEEEBBFF","#FFCCCCFF","#DDDDDDFF","#BBCCEEFF","#CCEEFFFF","#CCDDAAFF","#EEEEBBFF","#FFCCCCFF","#DDDDDDFF"
"#222255FF","#225555FF","#225522FF","#666633FF","#663333FF","#555555FF","#222255FF","#225555FF","#225522FF","#666633FF","#663333FF","#555555FF"
"#77AADDFF","#EE8866FF","#EEDD88FF","#FFAABBFF","#99DDFFFF","#44BB99FF","#BBCC33FF","#AAAA00FF","#DDDDDDFF","#77AADDFF","#EE8866FF","#EEDD88FF"
"#364B9AFF","#4A7BB7FF","#6EA6CDFF","#98CAE1FF","#C2E4EFFF","#EAECCCFF","#FEDA8BFF","#FDB366FF","#F67E4BFF","#DD3D2DFF","#A50026FF","#364B9AFF"
"#2166ACFF","#4393C3FF","#92C5DEFF","#D1E5F0FF","#F7F7F7FF","#FDDBC7FF","#F4A582FF","#D6604DFF","#B2182BFF","#2166ACFF","#4393C3FF","#92C5DEFF"
"#762A83FF","#9970ABFF","#C2A5CFFF","#E7D4E8FF","#F7F7F7FF","#D9F0D3FF","#ACD39EFF","#5AAE61FF","#1B7837FF","#762A83FF","#9970ABFF","#C2A5CFFF"
"#FFFFE5FF","#FFF7BCFF","#FEE391FF","#FEC44FFF","#FB9A29FF","#EC7014FF","#CC4C02FF","#993404FF","#662506FF","#FFFFE5FF","#FFF7BCFF","#FEE391FF"
"#FEFBE9FF","#FCF7D5FF","#F5F3C1FF","#EAF0B5FF","#DDECBFFF","#D0E7CAFF","#C2E3D2FF","#B5DDD8FF","#A8D8DCFF","#9BD2E1FF","#8DCBE4FF","#81C4E7FF"
"#E8ECFBFF","#D9CCE3FF","#D1BBD7FF","#CAACCBFF","#BA8DB4FF","#AE76A3FF","#AA6F9EFF","#994F88FF","#882E72FF","#1965B0FF","#437DBFFF","#5289C7FF"
"#E8ECFBFF","#DDD8EFFF","#D1C1E1FF","#C3A8D1FF","#B58FC2FF","#A778B4FF","#9B62A7FF","#8C4E99FF","#6F4C9BFF","#6059A9FF","#5568B8FF","#4E79C5FF"
"#000000FF","#E69F00FF","#56B4E9FF","#009E73FF","#F0E442FF","#0072B2FF","#D55E00FF","#CC79A7FF","#000000FF","#E69F00FF","#56B4E9FF","#009E73FF"
"#FEF2E0FF","#FFF2D3FF","#FFF2C7FF","#FFF2BAFF","#FFEDB3FF","#FFF2AEFF","#F9F97FFF","#FFFFBFFF","#FFFFB3FF","#FFFF99FF","#FFFF73FF","#FFFF66FF"
"#795F35FF","#FBC1AFFF","#EF2C30FF","#706D6EFF","#F4D49DFF","#FFEE00FF","#FBC41EFF","#B45241FF","#5A69B2FF","#1AB3EFFF","#DD9785FF","#938ABBFF"
"#5566AAFF","#117733FF","#44AA66FF","#55AA22FF","#668822FF","#99BB55FF","#558877FF","#88BBAAFF","#AADDCCFF","#44AA88FF","#DDCC66FF","#FFDD44FF"
"#29BF12FF","#00A5CFFF","#DE1A1AFF","#574AE2FF","#FFBF00FF","#29BF12FF","#00A5CFFF","#DE1A1AFF","#574AE2FF","#FFBF00FF","#29BF12FF","#00A5CFFF"
"#3E71A8FF","#CEFF1AFF","#870E75FF","#FE6900FF","#0BB19FFF","#3E71A8FF","#CEFF1AFF","#870E75FF","#FE6900FF","#0BB19FFF","#3E71A8FF","#CEFF1AFF"
"#66CD00FF","#009ACDFF","#FF4500FF","#9A32CDFF","#F5E400FF","#66CD00FF","#009ACDFF","#FF4500FF","#9A32CDFF","#F5E400FF","#66CD00FF","#009ACDFF"
"#202547FF","#53354AFF","#7A6C5DFF","#BE3144FF","#FF7844FF","#E3D26FFF","#202547FF","#53354AFF","#7A6C5DFF","#BE3144FF","#FF7844FF","#E3D26FFF"
"#628395FF","#C5D86DFF","#DB2763FF","#17377AFF","#FC471EFF","#55DDE0FF","#628395FF","#C5D86DFF","#DB2763FF","#17377AFF","#FC471EFF","#55DDE0FF"
"#558AA6FF","#B1740FFF","#D5006AFF","#08585AFF","#FFFD98FF","#9449D2FF","#BBBE64FF","#D7263DFF","#558AA6FF","#B1740FFF","#D5006AFF","#08585AFF"
"#1D3554FF","#DFE07CFF","#7F8E39FF","#42858CFF","#E48F1BFF","#570D32FF","#E5C616FF","#D33B44FF","#1D3554FF","#DFE07CFF","#7F8E39FF","#42858CFF"
"#943CB4FF","#194D44FF","#C6CF6EFF","#5B6DC8FF","#3CA437FF","#6B244CFF","#6ACDC5FF","#DE1A1AFF","#BBB53EFF","#2A297AFF","#995533FF","#D590DAFF"
"#273B5BFF","#C1C243FF","#E73E26FF","#2E6657FF","#E8F5B3FF","#24A99CFF","#273B5BFF","#C1C243FF","#E73E26FF","#2E6657FF","#E8F5B3FF","#24A99CFF"
"#3E71A8FF","#577F9FFF","#698E96FF","#779D8DFF","#84AD83FF","#8FBD77FF","#99CD6BFF","#A2DD5CFF","#AAEE49FF","#B2FF2EFF","#3E71A8FF","#577F9FFF"
"#202547FF","#323649FF","#41474BFF","#4E5A4CFF","#5C6C4CFF","#68804CFF","#75944BFF","#81A949FF","#8EBE45FF","#9AD340FF","#A6E939FF","#B2FF2EFF"
"#202547FF","#43444AFF","#5F654AFF","#7B8948FF","#97B043FF","#B2D736FF","#CEFF1AFF","#D8E01BFF","#DFC11BFF","#E2A11BFF","#E37F1BFF","#E1581AFF"
"#D12600FF","#DB6A00FF","#B2FF2EFF","#00AD00FF","#9CCADEFF","#005B94FF","#1E2085FF","#610052FF","#953272FF","#D12600FF","#DB6A00FF","#B2FF2EFF"
"#C70E7BFF","#FC6882FF","#A6E000FF","#1BB6AFFF","#6C6C9DFF","#172869FF","#C70E7BFF","#FC6882FF","#A6E000FF","#1BB6AFFF","#6C6C9DFF","#172869FF"
"#FF5300FF","#9ED80BFF","#43B629FF","#1BB6AFFF","#8F92A1FF","#172869FF","#FF5300FF","#9ED80BFF","#43B629FF","#1BB6AFFF","#8F92A1FF","#172869FF"
"#AFDFEFFF","#54BCD1FF","#1BB6AFFF","#0099D5FF","#007BC3FF","#172869FF","#AFDFEFFF","#54BCD1FF","#1BB6AFFF","#0099D5FF","#007BC3FF","#172869FF"
"#2CB11BFF","#95C65CFF","#BDDE9BFF","#1BB6AFFF","#0076C0FF","#172869FF","#2CB11BFF","#95C65CFF","#BDDE9BFF","#1BB6AFFF","#0076C0FF","#172869FF"
"#F7AA14FF","#F5D000FF","#F7E690FF","#1BB6AFFF","#088BBEFF","#172869FF","#F7AA14FF","#F5D000FF","#F7E690FF","#1BB6AFFF","#088BBEFF","#172869FF"
"#EF7C12FF","#FCA315FF","#F4B95AFF","#1BB6AFFF","#088BBEFF","#172869FF","#EF7C12FF","#FCA315FF","#F4B95AFF","#1BB6AFFF","#088BBEFF","#172869FF"
"#B25D91FF","#CB87B4FF","#EFC7E6FF","#1BB6AFFF","#088BBEFF","#172869FF","#B25D91FF","#CB87B4FF","#EFC7E6FF","#1BB6AFFF","#088BBEFF","#172869FF"
"#D9565CFF","#F28A8AFF","#EDA9ABFF","#1BB6AFFF","#088BBEFF","#172869FF","#D9565CFF","#F28A8AFF","#EDA9ABFF","#1BB6AFFF","#088BBEFF","#172869FF"
"#EA7580FF","#F6A1A5FF","#F8CD9CFF","#1BB6AFFF","#088BBEFF","#172869FF","#EA7580FF","#F6A1A5FF","#F8CD9CFF","#1BB6AFFF","#088BBEFF","#172869FF"
"#FF3200FF","#E9A17CFF","#E9E4A6FF","#1BB6AFFF","#0076BBFF","#172869FF","#FF3200FF","#E9A17CFF","#E9E4A6FF","#1BB6AFFF","#0076BBFF","#172869FF"
"#881C00FF","#AF6125FF","#F4E3C7FF","#1BB6AFFF","#0076BBFF","#172869FF","#881C00FF","#AF6125FF","#F4E3C7FF","#1BB6AFFF","#0076BBFF","#172869FF"
"#D72000FF","#EE6100FF","#FFAD0AFF","#1BB6AFFF","#9093A2FF","#132157FF","#D72000FF","#EE6100FF","#FFAD0AFF","#1BB6AFFF","#9093A2FF","#132157FF"
"#EF562AFF","#EC921DFF","#F7B449FF","#FFED00FF","#1BB6AFFF","#9093A2FF","#132157FF","#EF562AFF","#EC921DFF","#F7B449FF","#FFED00FF","#1BB6AFFF"
"#D84D16FF","#FFF800FF","#8FDA04FF","#009F3FFF","#132157FF","#D84D16FF","#FFF800FF","#8FDA04FF","#009F3FFF","#132157FF","#D84D16FF","#FFF800FF"
"#C23A4BFF","#FBBB48FF","#EFEF46FF","#31D64DFF","#132157FF","#C23A4BFF","#FBBB48FF","#EFEF46FF","#31D64DFF","#132157FF","#C23A4BFF","#FBBB48FF"
"#EE4244FF","#F8D961FF","#B6D944FF","#638E6EFF","#3C5541FF","#132157FF","#EE4244FF","#F8D961FF","#B6D944FF","#638E6EFF","#3C5541FF","#132157FF"
"#F44B4BFF","#F19743FF","#F1F1A8FF","#92D84FFF","#7473A6FF","#132157FF","#F44B4BFF","#F19743FF","#F1F1A8FF","#92D84FFF","#7473A6FF","#132157FF"
"#D18F55FF","#FF3F38FF","#FF8C8DFF","#AFDE62FF","#3CBC38FF","#4F5791FF","#132157FF","#D18F55FF","#FF3F38FF","#FF8C8DFF","#AFDE62FF","#3CBC38FF"
"#EE404EFF","#F99D53FF","#F9E7C2FF","#24C852FF","#4F5791FF","#132157FF","#EE404EFF","#F99D53FF","#F9E7C2FF","#24C852FF","#4F5791FF","#132157FF"
"#D64358FF","#EAFB88FF","#3C8C4DFF","#DFCEE0FF","#4F5791FF","#132157FF","#D64358FF","#EAFB88FF","#3C8C4DFF","#DFCEE0FF","#4F5791FF","#132157FF"
"#C70E7BFF","#FC6882FF","#007BC3FF","#54BCD1FF","#EF7C12FF","#F4B95AFF","#009F3FFF","#8FDA04FF","#AF6125FF","#F4E3C7FF","#B25D91FF","#EFC7E6FF"
"#D77186FF","#61A2DAFF","#6CB7DAFF","#B5B5B3FF","#D75725FF","#D77186FF","#61A2DAFF","#6CB7DAFF","#B5B5B3FF","#D75725FF","#D77186FF","#61A2DAFF"
"#C00559FF","#DE1F6CFF","#F3A20DFF","#F07A13FF","#DE6716FF","#C00559FF","#DE1F6CFF","#F3A20DFF","#F07A13FF","#DE6716FF","#C00559FF","#DE1F6CFF"
"#171635FF","#00225DFF","#763262FF","#CA7508FF","#E9A621FF","#171635FF","#00225DFF","#763262FF","#CA7508FF","#E9A621FF","#171635FF","#00225DFF"
"#F24D98FF","#813B7CFF","#59D044FF","#F3A002FF","#F2F44DFF","#F24D98FF","#813B7CFF","#59D044FF","#F3A002FF","#F2F44DFF","#F24D98FF","#813B7CFF"
"#C2151BFF","#2021A0FF","#3547B3FF","#E2C43FFF","#E0DCDDFF","#C2151BFF","#2021A0FF","#3547B3FF","#E2C43FFF","#E0DCDDFF","#C2151BFF","#2021A0FF"
"#F3C937FF","#7B533EFF","#BFA588FF","#604847FF","#552723FF","#F3C937FF","#7B533EFF","#BFA588FF","#604847FF","#552723FF","#F3C937FF","#7B533EFF"
"#E2CACDFF","#2E7CA8FF","#F1C061FF","#DA7338FF","#741D13FF","#E2CACDFF","#2E7CA8FF","#F1C061FF","#DA7338FF","#741D13FF","#E2CACDFF","#2E7CA8FF"
"#D6CFC4FF","#466CA6FF","#D1AE45FF","#87240EFF","#040204FF","#D6CFC4FF","#466CA6FF","#D1AE45FF","#87240EFF","#040204FF","#D6CFC4FF","#466CA6FF"
"#8CABD9FF","#F6A7B8FF","#F1EC7AFF","#1D4D9FFF","#F08838FF","#8CABD9FF","#F6A7B8FF","#F1EC7AFF","#1D4D9FFF","#F08838FF","#8CABD9FF","#F6A7B8FF"
"#C11432FF","#009ADAFF","#66A64FFF","#FDD10AFF","#070707FF","#C11432FF","#009ADAFF","#66A64FFF","#FDD10AFF","#070707FF","#C11432FF","#009ADAFF"
"#4B3A51FF","#A77A4BFF","#ECC6A2FF","#A43020FF","#722D24FF","#4B3A51FF","#A77A4BFF","#ECC6A2FF","#A43020FF","#722D24FF","#4B3A51FF","#A77A4BFF"
"#99B6BDFF","#B3A86AFF","#ECC9A0FF","#D4613EFF","#BB9568FF","#99B6BDFF","#B3A86AFF","#ECC9A0FF","#D4613EFF","#BB9568FF","#99B6BDFF","#B3A86AFF"
"#7A989AFF","#849271FF","#C1AE8DFF","#CF9546FF","#C67052FF","#7A989AFF","#849271FF","#C1AE8DFF","#CF9546FF","#C67052FF","#7A989AFF","#849271FF"
"#272725FF","#DDBD85FF","#DA694FFF","#A54A48FF","#FDFFE5FF","#272725FF","#DDBD85FF","#DA694FFF","#A54A48FF","#FDFFE5FF","#272725FF","#DDBD85FF"
"#BFBED5FF","#7F9086FF","#A29A68FF","#676A4FFF","#A63C24FF","#BFBED5FF","#7F9086FF","#A29A68FF","#676A4FFF","#A63C24FF","#BFBED5FF","#7F9086FF"
"#529DCBFF","#ECA063FF","#71BF50FF","#F3CC4FFF","#D46934FF","#529DCBFF","#ECA063FF","#71BF50FF","#F3CC4FFF","#D46934FF","#529DCBFF","#ECA063FF"
"#A1D8B6FF","#D2C48EFF","#F45F40FF","#F9AE8DFF","#80B9CEFF","#A1D8B6FF","#D2C48EFF","#F45F40FF","#F9AE8DFF","#80B9CEFF","#A1D8B6FF","#D2C48EFF"
"#1C5679FF","#BBB592FF","#CAC3B2FF","#808C5CFF","#5F4B3BFF","#1C5679FF","#BBB592FF","#CAC3B2FF","#808C5CFF","#5F4B3BFF","#1C5679FF","#BBB592FF"
"#8399B3FF","#697A55FF","#C4AA88FF","#B68E52FF","#8C5B28FF","#8399B3FF","#697A55FF","#C4AA88FF","#B68E52FF","#8C5B28FF","#8399B3FF","#697A55FF"
"#3F6F76FF","#69B7CEFF","#C65840FF","#F4CE4BFF","#62496FFF","#3F6F76FF","#69B7CEFF","#C65840FF","#F4CE4BFF","#62496FFF","#3F6F76FF","#69B7CEFF"
"#204035FF","#4A7169FF","#BEB59CFF","#735231FF","#49271BFF","#204035FF","#4A7169FF","#BEB59CFF","#735231FF","#49271BFF","#204035FF","#4A7169FF"
"#40798CFF","#BCA455FF","#BFB37FFF","#805730FF","#514A2EFF","#40798CFF","#BCA455FF","#BFB37FFF","#805730FF","#514A2EFF","#40798CFF","#BCA455FF"
"#9BC0CCFF","#CAD8D8FF","#D0CE9FFF","#806641FF","#534832FF","#9BC0CCFF","#CAD8D8FF","#D0CE9FFF","#806641FF","#534832FF","#9BC0CCFF","#CAD8D8FF"
"#C8B272FF","#A88B4CFF","#A0A584FF","#697153FF","#43362AFF","#C8B272FF","#A88B4CFF","#A0A584FF","#697153FF","#43362AFF","#C8B272FF","#A88B4CFF"
"#293757FF","#568D4BFF","#D5BB56FF","#D26A1BFF","#A41D1AFF","#293757FF","#568D4BFF","#D5BB56FF","#D26A1BFF","#A41D1AFF","#293757FF","#568D4BFF"
"#27403DFF","#48725CFF","#212412FF","#F3E4C2FF","#D88F2EFF","#27403DFF","#48725CFF","#212412FF","#F3E4C2FF","#D88F2EFF","#27403DFF","#48725CFF"
"#2992BFFF","#4CBED9FF","#292C17FF","#F9F6EFFF","#F0742AFF","#2992BFFF","#4CBED9FF","#292C17FF","#F9F6EFFF","#F0742AFF","#2992BFFF","#4CBED9FF"
"#BDB592FF","#ACBBC5FF","#9E8D3DFF","#8C4F36FF","#2C2D2CFF","#BDB592FF","#ACBBC5FF","#9E8D3DFF","#8C4F36FF","#2C2D2CFF","#BDB592FF","#ACBBC5FF"
"#4368B6FF","#78A153FF","#DEC23BFF","#E4930AFF","#C53211FF","#4368B6FF","#78A153FF","#DEC23BFF","#E4930AFF","#C53211FF","#4368B6FF","#78A153FF"
"#A4B7E1FF","#B8B87AFF","#EFDE80FF","#EFBD37FF","#A85E5EFF","#A4B7E1FF","#B8B87AFF","#EFDE80FF","#EFBD37FF","#A85E5EFF","#A4B7E1FF","#B8B87AFF"
"#E4AF79FF","#DF9C41FF","#AF7231FF","#923621FF","#2D2A28FF","#E4AF79FF","#DF9C41FF","#AF7231FF","#923621FF","#2D2A28FF","#E4AF79FF","#DF9C41FF"
"#2677A5FF","#639BC1FF","#639BC1FF","#90A74AFF","#5D8722FF","#2677A5FF","#639BC1FF","#639BC1FF","#90A74AFF","#5D8722FF","#2677A5FF","#639BC1FF"
"#1E1D20FF","#B66636FF","#547A56FF","#BDAE5BFF","#515A7CFF","#1E1D20FF","#B66636FF","#547A56FF","#BDAE5BFF","#515A7CFF","#1E1D20FF","#B66636FF"
"#E0DBC8FF","#C9BE90FF","#76684BFF","#CDAB7EFF","#3C2B23FF","#E0DBC8FF","#C9BE90FF","#76684BFF","#CDAB7EFF","#3C2B23FF","#E0DBC8FF","#C9BE90FF"
"#D0CEC2FF","#7BAA80FF","#4B6B5EFF","#BF9A41FF","#980019FF","#D0CEC2FF","#7BAA80FF","#4B6B5EFF","#BF9A41FF","#980019FF","#D0CEC2FF","#7BAA80FF"
"#657359FF","#9AA582FF","#8B775FFF","#D7C9BEFF","#F1E4DBFF","#657359FF","#9AA582FF","#8B775FFF","#D7C9BEFF","#F1E4DBFF","#657359FF","#9AA582FF"
"#91323AFF","#3A4960FF","#D7C969FF","#6D7345FF","#554540FF","#91323AFF","#3A4960FF","#D7C969FF","#6D7345FF","#554540FF","#91323AFF","#3A4960FF"
"#C1395EFF","#AEC17BFF","#F0CA50FF","#E07B42FF","#89A7C2FF","#C1395EFF","#AEC17BFF","#F0CA50FF","#E07B42FF","#89A7C2FF","#C1395EFF","#AEC17BFF"
"#2C458DFF","#E4DFD9FF","#425B4FFF","#EBAD30FF","#BF2124FF","#2C458DFF","#E4DFD9FF","#425B4FFF","#EBAD30FF","#BF2124FF","#2C458DFF","#E4DFD9FF"
"#202221FF","#661E2AFF","#AB381BFF","#EAD4A3FF","#E3DED8FF","#202221FF","#661E2AFF","#AB381BFF","#EAD4A3FF","#E3DED8FF","#202221FF","#661E2AFF"
"#5D7342FF","#D7AE04FF","#ECD7B8FF","#A58B8CFF","#272727FF","#5D7342FF","#D7AE04FF","#ECD7B8FF","#A58B8CFF","#272727FF","#5D7342FF","#D7AE04FF"
"#E1D2BDFF","#A77E5EFF","#2D291DFF","#85868BFF","#83774DFF","#E1D2BDFF","#A77E5EFF","#2D291DFF","#85868BFF","#83774DFF","#E1D2BDFF","#A77E5EFF"
"#EF5950FF","#8D5A78FF","#C66F26FF","#FB6B22FF","#DC2227FF","#EF5950FF","#8D5A78FF","#C66F26FF","#FB6B22FF","#DC2227FF","#EF5950FF","#8D5A78FF"
"#21344FFF","#8AAD05FF","#E2CE1BFF","#DF5D22FF","#E17976FF","#21344FFF","#8AAD05FF","#E2CE1BFF","#DF5D22FF","#E17976FF","#21344FFF","#8AAD05FF"
"#FF62A9FF","#F77177FF","#FA9849FF","#FE6E3AFF","#FD5A35FF","#FF62A9FF","#F77177FF","#FA9849FF","#FE6E3AFF","#FD5A35FF","#FF62A9FF","#F77177FF"
"#1A6DEDFF","#2C7CE6FF","#145CBFFF","#162B3DFF","#F9ECE4FF","#1A6DEDFF","#2C7CE6FF","#145CBFFF","#162B3DFF","#F9ECE4FF","#1A6DEDFF","#2C7CE6FF"
"#1F284CFF","#2D4472FF","#6E6352FF","#D9CCACFF","#ECE2C6FF","#1F284CFF","#2D4472FF","#6E6352FF","#D9CCACFF","#ECE2C6FF","#1F284CFF","#2D4472FF"
"#A9944AFF","#F2D9B3FF","#725435FF","#8E9DBFFF","#BD483CFF","#A9944AFF","#F2D9B3FF","#725435FF","#8E9DBFFF","#BD483CFF","#A9944AFF","#F2D9B3FF"
"#67161CFF","#3F6148FF","#DBD3A4FF","#A4804CFF","#4B5F80FF","#67161CFF","#3F6148FF","#DBD3A4FF","#A4804CFF","#4B5F80FF","#67161CFF","#3F6148FF"
"#2659D8FF","#1C6FF3FF","#5EBC4EFF","#53A946FF","#F24534FF","#2659D8FF","#1C6FF3FF","#5EBC4EFF","#53A946FF","#F24534FF","#2659D8FF","#1C6FF3FF"
"#51394EFF","#F6DE7DFF","#C8AF8AFF","#658385FF","#B04838FF","#51394EFF","#F6DE7DFF","#C8AF8AFF","#658385FF","#B04838FF","#51394EFF","#F6DE7DFF"
"#4B6892FF","#F9E583FF","#FED43FFF","#F6BD28FF","#BE4C46FF","#4B6892FF","#F9E583FF","#FED43FFF","#F6BD28FF","#BE4C46FF","#4B6892FF","#F9E583FF"
"#121510FF","#6D8325FF","#D6CFB7FF","#E5AD4FFF","#BD5630FF","#121510FF","#6D8325FF","#D6CFB7FF","#E5AD4FFF","#BD5630FF","#121510FF","#6D8325FF"
"#5D7388FF","#A08F27FF","#E5A729FF","#4F4D1DFF","#8AAE8AFF","#5D7388FF","#A08F27FF","#E5A729FF","#4F4D1DFF","#8AAE8AFF","#5D7388FF","#A08F27FF"
"#D2981AFF","#A53E1FFF","#457277FF","#8DCEE2FF","#8F657DFF","#D2981AFF","#A53E1FFF","#457277FF","#8DCEE2FF","#8F657DFF","#D2981AFF","#A53E1FFF"
"#C13C53FF","#DA73A8FF","#4052BDFF","#EFE96DFF","#D85143FF","#C13C53FF","#DA73A8FF","#4052BDFF","#EFE96DFF","#D85143FF","#C13C53FF","#DA73A8FF"
"#A7B3CDFF","#E6DA9EFF","#676155FF","#CDB296FF","#CCD7ADFF","#A7B3CDFF","#E6DA9EFF","#676155FF","#CDB296FF","#CCD7ADFF","#A7B3CDFF","#E6DA9EFF"
"#4F51FEFF","#8C1E92FF","#FF4E0BFF","#CD2019FF","#441C21FF","#4F51FEFF","#8C1E92FF","#FF4E0BFF","#CD2019FF","#441C21FF","#4F51FEFF","#8C1E92FF"
"#344CB9FF","#1B288AFF","#0F185BFF","#D7C99AFF","#F2E4C7FF","#344CB9FF","#1B288AFF","#0F185BFF","#D7C99AFF","#F2E4C7FF","#344CB9FF","#1B288AFF"
"#4A5FABFF","#609F5CFF","#E3C454FF","#A27CBAFF","#B85031FF","#4A5FABFF","#609F5CFF","#E3C454FF","#A27CBAFF","#B85031FF","#4A5FABFF","#609F5CFF"
"#D6AABEFF","#B69F7FFF","#ECD9ADFF","#76A9A2FF","#A26775FF","#D6AABEFF","#B69F7FFF","#ECD9ADFF","#76A9A2FF","#A26775FF","#D6AABEFF","#B69F7FFF"
"#333333FF","#D1B817FF","#2A2996FF","#B34325FF","#C8CCC6FF","#333333FF","#D1B817FF","#2A2996FF","#B34325FF","#C8CCC6FF","#333333FF","#D1B817FF"
"#614671FF","#BE994AFF","#C8B595FF","#BD4335FF","#8B3834FF","#614671FF","#BE994AFF","#C8B595FF","#BD4335FF","#8B3834FF","#614671FF","#BE994AFF"
"#5E3194FF","#9870B9FF","#F1B02FFF","#EA454CFF","#CC0115FF","#5E3194FF","#9870B9FF","#F1B02FFF","#EA454CFF","#CC0115FF","#5E3194FF","#9870B9FF"
"#0A71B6FF","#F9C40AFF","#190506FF","#EB5432FF","#EAF2F0FF","#0A71B6FF","#F9C40AFF","#190506FF","#EB5432FF","#EAF2F0FF","#0A71B6FF","#F9C40AFF"
"#3229ADFF","#BC000EFF","#E7CFB7FF","#FFEC04FF","#090109FF","#3229ADFF","#BC000EFF","#E7CFB7FF","#FFEC04FF","#090109FF","#3229ADFF","#BC000EFF"
"#00020EFF","#FFDE01FF","#A5BAD6FF","#F1C9C7FF","#BD0304FF","#00020EFF","#FFDE01FF","#A5BAD6FF","#F1C9C7FF","#BD0304FF","#00020EFF","#FFDE01FF"
"#C7991FFF","#C63D33FF","#23254CFF","#E0C4AEFF","#D5D0B2FF","#C7991FFF","#C63D33FF","#23254CFF","#E0C4AEFF","#D5D0B2FF","#C7991FFF","#C63D33FF"
"#151817FF","#001A56FF","#197C3FFF","#D4A821FF","#C74C25FF","#151817FF","#001A56FF","#197C3FFF","#D4A821FF","#C74C25FF","#151817FF","#001A56FF"
"#6486ADFF","#2D345DFF","#D9BE7FFF","#5A3A26FF","#C6A490FF","#6486ADFF","#2D345DFF","#D9BE7FFF","#5A3A26FF","#C6A490FF","#6486ADFF","#2D345DFF"
"#B60614FF","#3A282FFF","#909018FF","#E3BFA1FF","#EE833EFF","#B60614FF","#3A282FFF","#909018FF","#E3BFA1FF","#EE833EFF","#B60614FF","#3A282FFF"
"#B6B3BBFF","#697D8EFF","#B8B87EFF","#6F5F4BFF","#292A2DFF","#B6B3BBFF","#697D8EFF","#B8B87EFF","#6F5F4BFF","#292A2DFF","#B6B3BBFF","#697D8EFF"
"#0E2523FF","#324028FF","#C26B61FF","#5A788DFF","#DE7944FF","#0E2523FF","#324028FF","#C26B61FF","#5A788DFF","#DE7944FF","#0E2523FF","#324028FF"
"#42819FFF","#86AA7DFF","#CBB396FF","#555234FF","#4D280FFF","#42819FFF","#86AA7DFF","#CBB396FF","#555234FF","#4D280FFF","#42819FFF","#86AA7DFF"
"#C04759FF","#3B6C73FF","#383431FF","#F1D87FFF","#EDE5D2FF","#C04759FF","#3B6C73FF","#383431FF","#F1D87FFF","#EDE5D2FF","#C04759FF","#3B6C73FF"
"#1D2025FF","#45312AFF","#7E2F28FF","#202938FF","#D58E40FF","#1D2025FF","#45312AFF","#7E2F28FF","#202938FF","#D58E40FF","#1D2025FF","#45312AFF"
"#314290FF","#4A71C0FF","#F1F2EDFF","#F0D32DFF","#AB3A2CFF","#314290FF","#4A71C0FF","#F1F2EDFF","#F0D32DFF","#AB3A2CFF","#314290FF","#4A71C0FF"
"#184430FF","#548150FF","#DEB738FF","#734321FF","#852419FF","#184430FF","#548150FF","#DEB738FF","#734321FF","#852419FF","#184430FF","#548150FF"
"#9F4640FF","#4885A4FF","#395A92FF","#7EA860FF","#B985BAFF","#9F4640FF","#4885A4FF","#395A92FF","#7EA860FF","#B985BAFF","#9F4640FF","#4885A4FF"
"#82A4BCFF","#4C7899FF","#2F5136FF","#B1B94CFF","#E5DCBEFF","#82A4BCFF","#4C7899FF","#2F5136FF","#B1B94CFF","#E5DCBEFF","#82A4BCFF","#4C7899FF"
"#5059A1FF","#EFC337FF","#1F386EFF","#D1AE82FF","#BE3B2CFF","#5059A1FF","#EFC337FF","#1F386EFF","#D1AE82FF","#BE3B2CFF","#5059A1FF","#EFC337FF"
"#272A2AFF","#E69253FF","#EDB931FF","#E4502EFF","#4378A0FF","#272A2AFF","#E69253FF","#EDB931FF","#E4502EFF","#4378A0FF","#272A2AFF","#E69253FF"
"#442327FF","#C0BC98FF","#A6885DFF","#8A3230FF","#973B2BFF","#442327FF","#C0BC98FF","#A6885DFF","#8A3230FF","#973B2BFF","#442327FF","#C0BC98FF"
"#D0D8CDFF","#586180FF","#E2AC29FF","#1A1915FF","#E6E1CEFF","#D0D8CDFF","#586180FF","#E2AC29FF","#1A1915FF","#E6E1CEFF","#D0D8CDFF","#586180FF"
"#0E122DFF","#182044FF","#51628EFF","#91A1BAFF","#AFD0C9FF","#0E122DFF","#182044FF","#51628EFF","#91A1BAFF","#AFD0C9FF","#0E122DFF","#182044FF"
"#95B1C9FF","#263656FF","#698946FF","#F8D440FF","#C82720FF","#95B1C9FF","#263656FF","#698946FF","#F8D440FF","#C82720FF","#95B1C9FF","#263656FF"
"#CD6C74FF","#566C7DFF","#DD9D91FF","#A1544BFF","#D5898DFF","#CD6C74FF","#566C7DFF","#DD9D91FF","#A1544BFF","#D5898DFF","#CD6C74FF","#566C7DFF"
"#4E7989FF","#A9011BFF","#E4A826FF","#80944EFF","#DCD6B2FF","#4E7989FF","#A9011BFF","#E4A826FF","#80944EFF","#DCD6B2FF","#4E7989FF","#A9011BFF"
"#D89CA9FF","#1962A0FF","#F1ECD7FF","#E8C051FF","#1A1C23FF","#D89CA9FF","#1962A0FF","#F1ECD7FF","#E8C051FF","#1A1C23FF","#D89CA9FF","#1962A0FF"
"#735BCCFF","#6650B4FF","#59449CFF","#4B3984FF","#3E2D6CFF","#735BCCFF","#6650B4FF","#59449CFF","#4B3984FF","#3E2D6CFF","#735BCCFF","#6650B4FF"
"#B79A59FF","#826C37FF","#54442FFF","#DBCEAFFF","#C4AA52FF","#B79A59FF","#826C37FF","#54442FFF","#DBCEAFFF","#C4AA52FF","#B79A59FF","#826C37FF"
"#C13E43FF","#376EA5FF","#565654FF","#F9D502FF","#E7CA6BFF","#C13E43FF","#376EA5FF","#565654FF","#F9D502FF","#E7CA6BFF","#C13E43FF","#376EA5FF"
"#695B8FFF","#B26C61FF","#C2AF46FF","#4D5E30FF","#8B1F1DFF","#695B8FFF","#B26C61FF","#C2AF46FF","#4D5E30FF","#8B1F1DFF","#695B8FFF","#B26C61FF"
"#DBC99AFF","#A68329FF","#5B5224FF","#8A350CFF","#090A04FF","#DBC99AFF","#A68329FF","#5B5224FF","#8A350CFF","#090A04FF","#DBC99AFF","#A68329FF"
"#2B5275FF","#A69F55FF","#F1D395FF","#FFFBDDFF","#D16647FF","#2B5275FF","#A69F55FF","#F1D395FF","#FFFBDDFF","#D16647FF","#2B5275FF","#A69F55FF"
"#303241FF","#B7A067FF","#C8C2B2FF","#686D4FFF","#4D3930FF","#303241FF","#B7A067FF","#C8C2B2FF","#686D4FFF","#4D3930FF","#303241FF","#B7A067FF"
"#FAB9ACFF","#7BBC53FF","#DE6736FF","#67C1ECFF","#E6B90DFF","#FAB9ACFF","#7BBC53FF","#DE6736FF","#67C1ECFF","#E6B90DFF","#FAB9ACFF","#7BBC53FF"
"#E25D75FF","#3F4C8CFF","#6A79B0FF","#D7BC1FFF","#DCCFABFF","#E25D75FF","#3F4C8CFF","#6A79B0FF","#D7BC1FFF","#DCCFABFF","#E25D75FF","#3F4C8CFF"
"#E49A16FF","#E19713FF","#D67629FF","#DA6E2EFF","#D85434FF","#E49A16FF","#E19713FF","#D67629FF","#DA6E2EFF","#D85434FF","#E49A16FF","#E19713FF"
"#D5D6D1FF","#BEC0BFFF","#5B382CFF","#39352CFF","#1B1B1BFF","#D5D6D1FF","#BEC0BFFF","#5B382CFF","#39352CFF","#1B1B1BFF","#D5D6D1FF","#BEC0BFFF"
"#B43A35FF","#3E501EFF","#F8F2F4FF","#6B381DFF","#20242DFF","#B43A35FF","#3E501EFF","#F8F2F4FF","#6B381DFF","#20242DFF","#B43A35FF","#3E501EFF"
"#778BD0FF","#E2D76BFF","#95BF78FF","#4E6A3DFF","#5F4F38FF","#778BD0FF","#E2D76BFF","#95BF78FF","#4E6A3DFF","#5F4F38FF","#778BD0FF","#E2D76BFF"
"#EEC7A0FF","#EAA69CFF","#BD7C96FF","#A1A481FF","#D97669FF","#EEC7A0FF","#EAA69CFF","#BD7C96FF","#A1A481FF","#D97669FF","#EEC7A0FF","#EAA69CFF"
"#3A488AFF","#8785B2FF","#DABD61FF","#D95F30FF","#BE3428FF","#3A488AFF","#8785B2FF","#DABD61FF","#D95F30FF","#BE3428FF","#3A488AFF","#8785B2FF"
"#3F3F63FF","#808EB7FF","#465946FF","#8C9355FF","#925E48FF","#3F3F63FF","#808EB7FF","#465946FF","#8C9355FF","#925E48FF","#3F3F63FF","#808EB7FF"
"#D7F96EFF","#457D24FF","#879387FF","#E1C39FFF","#394835FF","#D7F96EFF","#457D24FF","#879387FF","#E1C39FFF","#394835FF","#D7F96EFF","#457D24FF"
"#AC2527FF","#F8CC5AFF","#5C8447FF","#61221AFF","#2B4868FF","#AC2527FF","#F8CC5AFF","#5C8447FF","#61221AFF","#2B4868FF","#AC2527FF","#F8CC5AFF"
"#F1ECCEFF","#9EA3B5FF","#E9D688FF","#A85835FF","#AE8045FF","#F1ECCEFF","#9EA3B5FF","#E9D688FF","#A85835FF","#AE8045FF","#F1ECCEFF","#9EA3B5FF"
"#F2788FFF","#F591EAFF","#F0C333FF","#F5C2AFFF","#F23B3FFF","#F2788FFF","#F591EAFF","#F0C333FF","#F5C2AFFF","#F23B3FFF","#F2788FFF","#F591EAFF"
"#FDDDABFF","#E7A974FF","#A87250FF","#7B533DFF","#6A4531FF","#FDDDABFF","#E7A974FF","#A87250FF","#7B533DFF","#6A4531FF","#FDDDABFF","#E7A974FF"
"#BD748FFF","#3D578EFF","#BFAB68FF","#DAD7D0FF","#272928FF","#BD748FFF","#3D578EFF","#BFAB68FF","#DAD7D0FF","#272928FF","#BD748FFF","#3D578EFF"
"#53628DFF","#B8B45BFF","#C1C3B6FF","#984F48FF","#2E3432FF","#53628DFF","#B8B45BFF","#C1C3B6FF","#984F48FF","#2E3432FF","#53628DFF","#B8B45BFF"
"#3C490CFF","#3B5B71FF","#262121FF","#7C6C4EFF","#6C2B23FF","#3C490CFF","#3B5B71FF","#262121FF","#7C6C4EFF","#6C2B23FF","#3C490CFF","#3B5B71FF"
"#1A3431FF","#2B41A7FF","#6283C8FF","#CCC776FF","#C7AD24FF","#1A3431FF","#2B41A7FF","#6283C8FF","#CCC776FF","#C7AD24FF","#1A3431FF","#2B41A7FF"
"#FBDC30FF","#A7A651FF","#E0BA7AFF","#9BA7B0FF","#5A5F80FF","#FBDC30FF","#A7A651FF","#E0BA7AFF","#9BA7B0FF","#5A5F80FF","#FBDC30FF","#A7A651FF"
"#374D8DFF","#93A0CBFF","#82A866FF","#C4B743FF","#A35029FF","#374D8DFF","#93A0CBFF","#82A866FF","#C4B743FF","#A35029FF","#374D8DFF","#93A0CBFF"
"#C8DAADFF","#989E53FF","#738D60FF","#DEBC31FF","#9D471AFF","#C8DAADFF","#989E53FF","#738D60FF","#DEBC31FF","#9D471AFF","#C8DAADFF","#989E53FF"
"#413A2CFF","#241F1AFF","#C5B49BFF","#A57F5BFF","#5C351EFF","#413A2CFF","#241F1AFF","#C5B49BFF","#A57F5BFF","#5C351EFF","#413A2CFF","#241F1AFF"
"#0C0B10FF","#707DA6FF","#CCAD9DFF","#B08E4AFF","#863B34FF","#0C0B10FF","#707DA6FF","#CCAD9DFF","#B08E4AFF","#863B34FF","#0C0B10FF","#707DA6FF"
"#022F69FF","#D6C17AFF","#D8D0BEFF","#6B724BFF","#7C3E2FFF","#022F69FF","#D6C17AFF","#D8D0BEFF","#6B724BFF","#7C3E2FFF","#022F69FF","#D6C17AFF"
"#F26386FF","#F588AFFF","#A4D984FF","#FCBC52FF","#FD814EFF","#F26386FF","#F588AFFF","#A4D984FF","#FCBC52FF","#FD814EFF","#F26386FF","#F588AFFF"
"#FD0C81FF","#FFED4DFF","#C34582FF","#EBA49EFF","#272324FF","#FD0C81FF","#FFED4DFF","#C34582FF","#EBA49EFF","#272324FF","#FD0C81FF","#FFED4DFF"
"#D32934FF","#2F191BFF","#2BAA92FF","#D12E6CFF","#F4BCB9FF","#D32934FF","#2F191BFF","#2BAA92FF","#D12E6CFF","#F4BCB9FF","#D32934FF","#2F191BFF"
"#A99364FF","#DA95AAFF","#F4F0E4FF","#B74954FF","#C2DDB2FF","#A99364FF","#DA95AAFF","#F4F0E4FF","#B74954FF","#C2DDB2FF","#A99364FF","#DA95AAFF"
"#A6BDB0FF","#8B842FFF","#41240BFF","#9C4823FF","#D6AA7EFF","#A6BDB0FF","#8B842FFF","#41240BFF","#9C4823FF","#D6AA7EFF","#A6BDB0FF","#8B842FFF"
"#2C6AA5FF","#D9AE2CFF","#DDC655FF","#D88C27FF","#64894DFF","#2C6AA5FF","#D9AE2CFF","#DDC655FF","#D88C27FF","#64894DFF","#2C6AA5FF","#D9AE2CFF"
"#59A55DFF","#EFDB56FF","#7D9DC6FF","#ECA23FFF","#CA4D2AFF","#59A55DFF","#EFDB56FF","#7D9DC6FF","#ECA23FFF","#CA4D2AFF","#59A55DFF","#EFDB56FF"
"#46734FFF","#CAAB6CFF","#D0CCAFFF","#617F97FF","#9A352DFF","#46734FFF","#CAAB6CFF","#D0CCAFFF","#617F97FF","#9A352DFF","#46734FFF","#CAAB6CFF"
"#D58A60FF","#40663FFF","#497381FF","#548F01FF","#CFA3EEFF","#4E5462FF","#D58A60FF","#40663FFF","#497381FF","#548F01FF","#CFA3EEFF","#4E5462FF"
"#EBECF0FF","#DDC70FFF","#4B4E55FF","#62589FFF","#2B313FFF","#EBECF0FF","#DDC70FFF","#4B4E55FF","#62589FFF","#2B313FFF","#EBECF0FF","#DDC70FFF"
"#8CBEB1FF","#FAFAF2FF","#EEEAA0FF","#999275FF","#E8C533FF","#3A5836FF","#8CBEB1FF","#FAFAF2FF","#EEEAA0FF","#999275FF","#E8C533FF","#3A5836FF"
"#A8CDECFF","#F6955EFF","#682C37FF","#9B6981FF","#7887A4FF","#A89F8EFF","#A8CDECFF","#F6955EFF","#682C37FF","#9B6981FF","#7887A4FF","#A89F8EFF"
"#F4E7C5FF","#678096FF","#ACC2CFFF","#979461FF","#CD5733FF","#A12A19FF","#F4E7C5FF","#678096FF","#ACC2CFFF","#979461FF","#CD5733FF","#A12A19FF"
"#D5AE63FF","#6E6C81FF","#F7ECD8FF","#3F3939FF","#93AD90FF","#C9B793FF","#D5AE63FF","#6E6C81FF","#F7ECD8FF","#3F3939FF","#93AD90FF","#C9B793FF"
"#FBE697FF","#F3AE6DFF","#516888FF","#C9DACAFF","#14232AFF","#557780FF","#1F304AFF","#802729FF","#FBE697FF","#F3AE6DFF","#516888FF","#C9DACAFF"
"#D67B44FF","#34273BFF","#D95B42FF","#150718FF","#F2E191FF","#D67B44FF","#34273BFF","#D95B42FF","#150718FF","#F2E191FF","#D67B44FF","#34273BFF"
"#7DCCD3FF","#4E7147FF","#BE9C9DFF","#F7ECD8FF","#376597FF","#9888A5FF","#DBA662FF","#7DCCD3FF","#4E7147FF","#BE9C9DFF","#F7ECD8FF","#376597FF"
"#847CA3FF","#E45A5AFF","#F4A65EFF","#80792BFF","#F2D56FFF","#1A1237FF","#847CA3FF","#E45A5AFF","#F4A65EFF","#80792BFF","#F2D56FFF","#1A1237FF"
"#F0EEE2FF","#5B6C88FF","#48594EFF","#A8D0CFFF","#BABBB1FF","#F0EEE2FF","#5B6C88FF","#48594EFF","#A8D0CFFF","#BABBB1FF","#F0EEE2FF","#5B6C88FF"
"#E39B38FF","#C7D8C8FF","#B6BDCCFF","#BFC4C5FF","#9B593FFF","#E39B38FF","#C7D8C8FF","#B6BDCCFF","#BFC4C5FF","#9B593FFF","#E39B38FF","#C7D8C8FF"
"#466D53FF","#83CDC0FF","#D3A3A1FF","#A79CA5FF","#FBEAD6FF","#466D53FF","#83CDC0FF","#D3A3A1FF","#A79CA5FF","#FBEAD6FF","#466D53FF","#83CDC0FF"
"#5495CFFF","#F5AF4DFF","#DB4743FF","#7C873EFF","#FEF4D5FF","#5495CFFF","#F5AF4DFF","#DB4743FF","#7C873EFF","#FEF4D5FF","#5495CFFF","#F5AF4DFF"
"#769370FF","#BDB2A7FF","#F1C646FF","#6E687EFF","#F17236FF","#769370FF","#BDB2A7FF","#F1C646FF","#6E687EFF","#F17236FF","#769370FF","#BDB2A7FF"
"#91D5DEFF","#2E8289FF","#B4674EFF","#EAAE37FF","#565F41FF","#91D5DEFF","#2E8289FF","#B4674EFF","#EAAE37FF","#565F41FF","#91D5DEFF","#2E8289FF"
"#8FC0CEFF","#F6F18FFF","#FDFCDEFF","#238451FF","#359F8BFF","#8FC0CEFF","#F6F18FFF","#FDFCDEFF","#238451FF","#359F8BFF","#8FC0CEFF","#F6F18FFF"
"#EC8FA3FF","#FCBA65FF","#FAECCFFF","#8D7F99FF","#8C9D57FF","#163343FF","#EC8FA3FF","#FCBA65FF","#FAECCFFF","#8D7F99FF","#8C9D57FF","#163343FF"
"#73979DFF","#DADCD7FF","#43200EFF","#E16509FF","#747669FF","#73979DFF","#DADCD7FF","#43200EFF","#E16509FF","#747669FF","#73979DFF","#DADCD7FF"
"#6BBAE5FF","#E3EEF4FF","#454B68FF","#F9F5EAFF","#81974CFF","#553F31FF","#6BBAE5FF","#E3EEF4FF","#454B68FF","#F9F5EAFF","#81974CFF","#553F31FF"
"#F5D2E6FF","#554C6CFF","#EB8D43FF","#70646EFF","#7397CBFF","#CEA347FF","#F5D2E6FF","#554C6CFF","#EB8D43FF","#70646EFF","#7397CBFF","#CEA347FF"
"#9FC2B2FF","#DFDED3FF","#A49A69FF","#3F5B66FF","#869144FF","#9FC2B2FF","#DFDED3FF","#A49A69FF","#3F5B66FF","#869144FF","#9FC2B2FF","#DFDED3FF"
"#FED789FF","#023743FF","#72874EFF","#476F84FF","#A4BED5FF","#453947FF","#FED789FF","#023743FF","#72874EFF","#476F84FF","#A4BED5FF","#453947FF"
"#B23539FF","#FAB57CFF","#F7E790FF","#73652DFF","#E79498FF","#514289FF","#B23539FF","#FAB57CFF","#F7E790FF","#73652DFF","#E79498FF","#514289FF"
"#469BECFF","#C9FAFFFF","#F1E3B6FF","#C4878CFF","#6D882BFF","#469BECFF","#C9FAFFFF","#F1E3B6FF","#C4878CFF","#6D882BFF","#469BECFF","#C9FAFFFF"
"#0C2340FF","#418FDEFF","#1B365DFF","#E35205FF","#888B8DFF","#0C2340FF","#418FDEFF","#1B365DFF","#E35205FF","#888B8DFF","#0C2340FF","#418FDEFF"
"#F9423AFF","#1B365DFF","#8D9093FF","#010101FF","#F9423AFF","#1B365DFF","#8D9093FF","#010101FF","#F9423AFF","#1B365DFF","#8D9093FF","#010101FF"
"#E13A3EFF","#C4CED4FF","#000000FF","#E13A3EFF","#C4CED4FF","#000000FF","#E13A3EFF","#C4CED4FF","#000000FF","#E13A3EFF","#C4CED4FF","#000000FF"
"#C8102EFF","#010101FF","#373A36FF","#C8102EFF","#010101FF","#373A36FF","#C8102EFF","#010101FF","#373A36FF","#C8102EFF","#010101FF","#373A36FF"
"#FEA30CFF","#203B7EFF","#0881C6FF","#CF152DFF","#DF4826FF","#FEA30CFF","#203B7EFF","#0881C6FF","#CF152DFF","#DF4826FF","#FEA30CFF","#203B7EFF"
"#2E2E2EFF","#140C0BFF","#C72830FF","#EC3036FF","#2E2E2EFF","#140C0BFF","#C72830FF","#EC3036FF","#2E2E2EFF","#140C0BFF","#C72830FF","#EC3036FF"
"#00471BFF","#EEE1C6FF","#0077C0FF","#000000FF","#00471BFF","#EEE1C6FF","#0077C0FF","#000000FF","#00471BFF","#EEE1C6FF","#0077C0FF","#000000FF"
"#7AC043FF","#00713DFF","#014711FF","#CB0423FF","#D7D7D7FF","#FFFFFFFF","#7AC043FF","#00713DFF","#014711FF","#CB0423FF","#D7D7D7FF","#FFFFFFFF"
"#AC1A2FFF","#274E37FF","#95999DFF","#AC1A2FFF","#274E37FF","#95999DFF","#AC1A2FFF","#274E37FF","#95999DFF","#AC1A2FFF","#274E37FF","#95999DFF"
"#2C5234FF","#00843DFF","#6CC24AFF","#DE7C00FF","#010101FF","#2C5234FF","#00843DFF","#6CC24AFF","#DE7C00FF","#010101FF","#2C5234FF","#00843DFF"
"#DDCBA4FF","#2C5234FF","#0057B7FF","#010101FF","#DDCBA4FF","#2C5234FF","#0057B7FF","#010101FF","#DDCBA4FF","#2C5234FF","#0057B7FF","#010101FF"
"#FFC72CFF","#FFA400FF","#DA291CFF","#6CC24AFF","#2C5234FF","#0057B7FF","#FFC72CFF","#FFA400FF","#DA291CFF","#6CC24AFF","#2C5234FF","#0057B7FF"
"#333F48FF","#C6AA76FF","#BA0C2FFF","#333F48FF","#C6AA76FF","#BA0C2FFF","#333F48FF","#C6AA76FF","#BA0C2FFF","#333F48FF","#C6AA76FF","#BA0C2FFF"
"#010101FF","#69B3E7FF","#BA0C2FFF","#010101FF","#69B3E7FF","#BA0C2FFF","#010101FF","#69B3E7FF","#BA0C2FFF","#010101FF","#69B3E7FF","#BA0C2FFF"
"#007A33FF","#010101FF","#BA0C2FFF","#007A33FF","#010101FF","#BA0C2FFF","#007A33FF","#010101FF","#BA0C2FFF","#007A33FF","#010101FF","#BA0C2FFF"
"#860038FF","#041E42FF","#FDBB30FF","#000000FF","#860038FF","#041E42FF","#FDBB30FF","#000000FF","#860038FF","#041E42FF","#FDBB30FF","#000000FF"
"#E35205FF","#5C88DAFF","#27251FFF","#E35205FF","#5C88DAFF","#27251FFF","#E35205FF","#5C88DAFF","#27251FFF","#E35205FF","#5C88DAFF","#27251FFF"
"#008348FF","#061922FF","#BB9753FF","#008348FF","#061922FF","#BB9753FF","#008348FF","#061922FF","#BB9753FF","#008348FF","#061922FF","#BB9753FF"
"#007A33FF","#BA9653FF","#963821FF","#E59E6DFF","#000000FF","#007A33FF","#BA9653FF","#963821FF","#E59E6DFF","#000000FF","#007A33FF","#BA9653FF"
"#007A33FF","#010101FF","#BA0C2FFF","#007A33FF","#010101FF","#BA0C2FFF","#007A33FF","#010101FF","#BA0C2FFF","#007A33FF","#010101FF","#BA0C2FFF"
"#B4975AFF","#7A673BFF","#010101FF","#007A33FF","#B4975AFF","#7A673BFF","#010101FF","#007A33FF","#B4975AFF","#7A673BFF","#010101FF","#007A33FF"
"#C8102EFF","#1D428AFF","#BEC0C2FF","#000000FF","#C8102EFF","#1D428AFF","#BEC0C2FF","#000000FF","#C8102EFF","#1D428AFF","#BEC0C2FF","#000000FF"
"#003DA5FF","#418FDEFF","#DC4405FF","#B1B3B3FF","#010101FF","#003DA5FF","#418FDEFF","#DC4405FF","#B1B3B3FF","#010101FF","#003DA5FF","#418FDEFF"
"#418FDEFF","#003DA5FF","#D50032FF","#418FDEFF","#003DA5FF","#D50032FF","#418FDEFF","#003DA5FF","#D50032FF","#418FDEFF","#003DA5FF","#D50032FF"
"#00B398FF","#010101FF","#FF8200FF","#8D9093FF","#00B398FF","#010101FF","#FF8200FF","#8D9093FF","#00B398FF","#010101FF","#FF8200FF","#8D9093FF"
"#5D76A9FF","#12173FFF","#F5B112FF","#707271FF","#F21A00FF","#5D76A9FF","#12173FFF","#F5B112FF","#707271FF","#F21A00FF","#5D76A9FF","#12173FFF"
"#707271FF","#00285EFF","#FDB927FF","#BED4E9FF","#707271FF","#00285EFF","#FDB927FF","#BED4E9FF","#707271FF","#00285EFF","#FDB927FF","#BED4E9FF"
"#00B2A9FF","#E43C40FF","#BC7844FF","#040204FF","#00B2A9FF","#E43C40FF","#BC7844FF","#040204FF","#00B2A9FF","#E43C40FF","#BC7844FF","#040204FF"
"#0C2340FF","#7D9CC0FF","#CED9E5FF","#A6192EFF","#FFC72CFF","#0C2340FF","#7D9CC0FF","#CED9E5FF","#A6192EFF","#FFC72CFF","#0C2340FF","#7D9CC0FF"
"#C8102EFF","#FDB927FF","#9EA2A2FF","#000000FF","#C8102EFF","#FDB927FF","#9EA2A2FF","#000000FF","#C8102EFF","#FDB927FF","#9EA2A2FF","#000000FF"
"#C8102EFF","#C1D32FFF","#26282AFF","#C8102EFF","#C1D32FFF","#26282AFF","#C8102EFF","#C1D32FFF","#26282AFF","#C8102EFF","#C1D32FFF","#26282AFF"
"#C8102EFF","#FFCD00FF","#87674FFF","#000000FF","#C8102EFF","#FFCD00FF","#87674FFF","#000000FF","#C8102EFF","#FFCD00FF","#87674FFF","#000000FF"
"#041E42FF","#69B3E7FF","#C8102EFF","#041E42FF","#69B3E7FF","#C8102EFF","#041E42FF","#69B3E7FF","#C8102EFF","#041E42FF","#69B3E7FF","#C8102EFF"
"#98002EFF","#F9A01BFF","#000000FF","#98002EFF","#F9A01BFF","#000000FF","#98002EFF","#F9A01BFF","#000000FF","#98002EFF","#F9A01BFF","#000000FF"
"#BA0C2FFF","#FEDD00FF","#000000FF","#BA0C2FFF","#FEDD00FF","#000000FF","#BA0C2FFF","#FEDD00FF","#000000FF","#BA0C2FFF","#FEDD00FF","#000000FF"
"#41B6E6FF","#DB3EB1FF","#000000FF","#41B6E6FF","#DB3EB1FF","#000000FF","#41B6E6FF","#DB3EB1FF","#000000FF","#41B6E6FF","#DB3EB1FF","#000000FF"
"#010101FF","#BA0C2FFF","#E03C31FF","#FFCD00FF","#010101FF","#BA0C2FFF","#E03C31FF","#FFCD00FF","#010101FF","#BA0C2FFF","#E03C31FF","#FFCD00FF"
"#D40F7DFF","#E35205FF","#000000FF","#D40F7DFF","#E35205FF","#000000FF","#D40F7DFF","#E35205FF","#000000FF","#D40F7DFF","#E35205FF","#000000FF"
"#B7B09CFF","#535435FF","#4E4934FF","#A6192EFF","#0C2340FF","#B7B09CFF","#535435FF","#4E4934FF","#A6192EFF","#0C2340FF","#B7B09CFF","#535435FF"
"#00778BFF","#211747FF","#888B8DFF","#00778BFF","#211747FF","#888B8DFF","#00778BFF","#211747FF","#888B8DFF","#00778BFF","#211747FF","#888B8DFF"
"#00778BFF","#211747FF","#888B8DFF","#6CACE4FF","#00778BFF","#211747FF","#888B8DFF","#6CACE4FF","#00778BFF","#211747FF","#888B8DFF","#6CACE4FF"
"#280071FF","#0032A0FF","#00778BFF","#6CACE4FF","#F9423AFF","#010101FF","#280071FF","#0032A0FF","#00778BFF","#6CACE4FF","#F9423AFF","#010101FF"
"#BDE9C9FF","#25282AFF","#C6AA76FF","#BDE9C9FF","#25282AFF","#C6AA76FF","#BDE9C9FF","#25282AFF","#C6AA76FF","#BDE9C9FF","#25282AFF","#C6AA76FF"
"#B1B3B3FF","#888B8DFF","#211747FF","#00778BFF","#B1B3B3FF","#888B8DFF","#211747FF","#00778BFF","#B1B3B3FF","#888B8DFF","#211747FF","#00778BFF"
"#0C2340FF","#2C5234FF","#FFA400FF","#0C2340FF","#2C5234FF","#FFA400FF","#0C2340FF","#2C5234FF","#FFA400FF","#0C2340FF","#2C5234FF","#FFA400FF"
"#010101FF","#5D2A2CFF","#93282CFF","#C8102EFF","#DA291CFF","#DC582AFF","#E87722FF","#FF9E1BFF","#FFC72CFF","#010101FF","#5D2A2CFF","#93282CFF"
"#582C83FF","#00A9E0FF","#006271FF","#954E4CFF","#010101FF","#582C83FF","#00A9E0FF","#006271FF","#954E4CFF","#010101FF","#582C83FF","#00A9E0FF"
"#753BBDFF","#00A9E0FF","#006271FF","#954E4CFF","#010101FF","#753BBDFF","#00A9E0FF","#006271FF","#954E4CFF","#010101FF","#753BBDFF","#00A9E0FF"
"#582C83FF","#5B6770FF","#010101FF","#582C83FF","#5B6770FF","#010101FF","#582C83FF","#5B6770FF","#010101FF","#582C83FF","#5B6770FF","#010101FF"
"#010101FF","#545859FF","#418FDEFF","#D50032FF","#010101FF","#545859FF","#418FDEFF","#D50032FF","#010101FF","#545859FF","#418FDEFF","#D50032FF"
"#753BBDFF","#8D9093FF","#010101FF","#003DA5FF","#D50032FF","#753BBDFF","#8D9093FF","#010101FF","#003DA5FF","#D50032FF","#753BBDFF","#8D9093FF"
"#010101FF","#582C83FF","#5B6770FF","#010101FF","#582C83FF","#5B6770FF","#010101FF","#582C83FF","#5B6770FF","#010101FF","#582C83FF","#5B6770FF"
"#003DA5FF","#FF6720FF","#B1B3B3FF","#003DA5FF","#FF6720FF","#B1B3B3FF","#003DA5FF","#FF6720FF","#B1B3B3FF","#003DA5FF","#FF6720FF","#B1B3B3FF"
"#003DA5FF","#E35205FF","#010101FF","#003DA5FF","#E35205FF","#010101FF","#003DA5FF","#E35205FF","#010101FF","#003DA5FF","#E35205FF","#010101FF"
"#010101FF","#003DA5FF","#FF6720FF","#B1B3B3FF","#010101FF","#003DA5FF","#FF6720FF","#B1B3B3FF","#010101FF","#003DA5FF","#FF6720FF","#B1B3B3FF"
"#0C2340FF","#FF6720FF","#707372FF","#C8C9C7FF","#0C2340FF","#FF6720FF","#707372FF","#C8C9C7FF","#0C2340FF","#FF6720FF","#707372FF","#C8C9C7FF"
"#007A33FF","#FE5000FF","#0072CEFF","#8D9093FF","#010101FF","#007A33FF","#FE5000FF","#0072CEFF","#8D9093FF","#010101FF","#007A33FF","#FE5000FF"
"#582C83FF","#FFC72CFF","#010101FF","#582C83FF","#FFC72CFF","#010101FF","#582C83FF","#FFC72CFF","#010101FF","#582C83FF","#FFC72CFF","#010101FF"
"#010101FF","#373A36FF","#FFC72CFF","#582C83FF","#010101FF","#373A36FF","#FFC72CFF","#582C83FF","#010101FF","#373A36FF","#FFC72CFF","#582C83FF"
"#702F8AFF","#9063CDFF","#FFC72CFF","#702F8AFF","#9063CDFF","#FFC72CFF","#702F8AFF","#9063CDFF","#FFC72CFF","#702F8AFF","#9063CDFF","#FFC72CFF"
"#0057B7FF","#8D9093FF","#010101FF","#0057B7FF","#8D9093FF","#010101FF","#0057B7FF","#8D9093FF","#010101FF","#0057B7FF","#8D9093FF","#010101FF"
"#FF8200FF","#E57200FF","#010101FF","#FF8200FF","#E57200FF","#010101FF","#FF8200FF","#E57200FF","#010101FF","#FF8200FF","#E57200FF","#010101FF"
"#3B4559FF","#1B365DFF","#0057B7FF","#CCCCCCFF","#010101FF","#3B4559FF","#1B365DFF","#0057B7FF","#CCCCCCFF","#010101FF","#3B4559FF","#1B365DFF"
"#0050B5FF","#0C2340FF","#8D9093FF","#010101FF","#0050B5FF","#0C2340FF","#8D9093FF","#010101FF","#0050B5FF","#0C2340FF","#8D9093FF","#010101FF"
"#007A33FF","#0057B7FF","#0C2340FF","#8D9093FF","#010101FF","#007A33FF","#0057B7FF","#0C2340FF","#8D9093FF","#010101FF","#007A33FF","#0057B7FF"
"#0086BFFF","#0C2340FF","#010101FF","#78BE21FF","#0086BFFF","#0C2340FF","#010101FF","#78BE21FF","#0086BFFF","#0C2340FF","#010101FF","#78BE21FF"
"#002855FF","#FA4616FF","#010101FF","#002855FF","#FA4616FF","#010101FF","#002855FF","#FA4616FF","#010101FF","#002855FF","#FA4616FF","#010101FF"
"#041E42FF","#0057B7FF","#8D9093FF","#FED141FF","#AD841FFF","#041E42FF","#0057B7FF","#8D9093FF","#FED141FF","#AD841FFF","#041E42FF","#0057B7FF"
"#010101FF","#FFB81CFF","#DA291CFF","#004C97FF","#418FDEFF","#010101FF","#FFB81CFF","#DA291CFF","#004C97FF","#418FDEFF","#010101FF","#FFB81CFF"
"#211747FF","#004F71FF","#59C7EBFF","#99D6EAFF","#0082BAFF","#FFC72CFF","#211747FF","#004F71FF","#59C7EBFF","#99D6EAFF","#0082BAFF","#FFC72CFF"
"#0C2340FF","#1D4289FF","#862633FF","#FFC72CFF","#0C2340FF","#1D4289FF","#862633FF","#FFC72CFF","#0C2340FF","#1D4289FF","#862633FF","#FFC72CFF"
"#041E42FF","#041E42FF","#FFCD00FF","#E4002BFF","#FF6720FF","#0032A0FF","#AC145AFF","#041E42FF","#041E42FF","#FFCD00FF","#E4002BFF","#FF6720FF"
"#AC145AFF","#FFC72CFF","#862633FF","#0C2340FF","#AC145AFF","#FFC72CFF","#862633FF","#0C2340FF","#AC145AFF","#FFC72CFF","#862633FF","#0C2340FF"
"#862633FF","#862633FF","#FC4C02FF","#FF8200FF","#FFC72CFF","#862633FF","#862633FF","#FC4C02FF","#FF8200FF","#FFC72CFF","#862633FF","#862633FF"
"#010101FF","#C8102EFF","#FF6720FF","#FFC72CFF","#009739FF","#1D4289FF","#702F8AFF","#010101FF","#C8102EFF","#FF6720FF","#FFC72CFF","#009739FF"
"#041E42FF","#FFC72CFF","#B1B3B3FF","#041E42FF","#FFC72CFF","#B1B3B3FF","#041E42FF","#FFC72CFF","#B1B3B3FF","#041E42FF","#FFC72CFF","#B1B3B3FF"
"#782F40FF","#004E42FF","#F2C75CFF","#010101FF","#782F40FF","#004E42FF","#F2C75CFF","#010101FF","#782F40FF","#004E42FF","#F2C75CFF","#010101FF"
"#0047BBFF","#EFD19FFF","#5B7F95FF","#FFB81CFF","#0047BBFF","#EFD19FFF","#5B7F95FF","#FFB81CFF","#0047BBFF","#EFD19FFF","#5B7F95FF","#FFB81CFF"
"#0C2340FF","#B9975BFF","#C8102EFF","#0C2340FF","#B9975BFF","#C8102EFF","#0C2340FF","#B9975BFF","#C8102EFF","#0C2340FF","#B9975BFF","#C8102EFF"
"#1D4289FF","#C8102EFF","#B9975BFF","#89734CFF","#1D4289FF","#C8102EFF","#B9975BFF","#89734CFF","#1D4289FF","#C8102EFF","#B9975BFF","#89734CFF"
"#211747FF","#2C5234FF","#FFB81CFF","#89734CFF","#211747FF","#2C5234FF","#FFB81CFF","#89734CFF","#211747FF","#2C5234FF","#FFB81CFF","#89734CFF"
"#041E42FF","#1D4289FF","#C8102EFF","#B1B3B3FF","#041E42FF","#1D4289FF","#C8102EFF","#B1B3B3FF","#041E42FF","#1D4289FF","#C8102EFF","#B1B3B3FF"
"#006271FF","#9D2235FF","#FFA400FF","#8D9093FF","#010101FF","#006271FF","#9D2235FF","#FFA400FF","#8D9093FF","#010101FF","#006271FF","#9D2235FF"
"#1D4289FF","#041E42FF","#C8102EFF","#B1B3B3FF","#1D4289FF","#041E42FF","#C8102EFF","#B1B3B3FF","#1D4289FF","#041E42FF","#C8102EFF","#B1B3B3FF"
"#BA0C2FFF","#753BBDFF","#B9975BFF","#89734CFF","#010101FF","#BA0C2FFF","#753BBDFF","#B9975BFF","#89734CFF","#010101FF","#BA0C2FFF","#753BBDFF"
"#BA0C2FFF","#545859FF","#010101FF","#BA0C2FFF","#545859FF","#010101FF","#BA0C2FFF","#545859FF","#010101FF","#BA0C2FFF","#545859FF","#010101FF"
"#888B8DFF","#B9975BFF","#89734CFF","#010101FF","#888B8DFF","#B9975BFF","#89734CFF","#010101FF","#888B8DFF","#B9975BFF","#89734CFF","#010101FF"
"#753BBDFF","#BA0C2FFF","#8D9093FF","#010101FF","#753BBDFF","#BA0C2FFF","#8D9093FF","#010101FF","#753BBDFF","#BA0C2FFF","#8D9093FF","#010101FF"
"#BA0C2FFF","#00A05EFF","#8D9093FF","#010101FF","#BA0C2FFF","#00A05EFF","#8D9093FF","#010101FF","#BA0C2FFF","#00A05EFF","#8D9093FF","#010101FF"
"#010101FF","#8D9093FF","#789D4AFF","#3D441EFF","#816040FF","#010101FF","#8D9093FF","#789D4AFF","#3D441EFF","#816040FF","#010101FF","#8D9093FF"
"#BA0C2FFF","#9EA2A2FF","#373A36FF","#010101FF","#BA0C2FFF","#9EA2A2FF","#373A36FF","#010101FF","#BA0C2FFF","#9EA2A2FF","#373A36FF","#010101FF"
"#041E42FF","#BA0C2FFF","#2C7AA1FF","#8D9093FF","#041E42FF","#BA0C2FFF","#2C7AA1FF","#8D9093FF","#041E42FF","#BA0C2FFF","#2C7AA1FF","#8D9093FF"
"#0C2340FF","#418FDEFF","#BA0C2FFF","#0C2340FF","#418FDEFF","#BA0C2FFF","#0C2340FF","#418FDEFF","#BA0C2FFF","#0C2340FF","#418FDEFF","#BA0C2FFF"
"#FFC72CFF","#BA0C2FFF","#010101FF","#FFC72CFF","#BA0C2FFF","#010101FF","#FFC72CFF","#BA0C2FFF","#010101FF","#FFC72CFF","#BA0C2FFF","#010101FF"
"#0C2340FF","#003DA5FF","#D50032FF","#8D9093FF","#010101FF","#0C2340FF","#003DA5FF","#D50032FF","#8D9093FF","#010101FF","#0C2340FF","#003DA5FF"
"#010101FF","#8D9093FF","#D50032FF","#896C4CFF","#010101FF","#8D9093FF","#D50032FF","#896C4CFF","#010101FF","#8D9093FF","#D50032FF","#896C4CFF"
"#888B8DFF","#E4D5D3FF","#003DA5FF","#D50032FF","#888B8DFF","#E4D5D3FF","#003DA5FF","#D50032FF","#888B8DFF","#E4D5D3FF","#003DA5FF","#D50032FF"
"#9A8822FF","#F5CDB4FF","#F8AFA8FF","#FDDDA0FF","#74A089FF","#9A8822FF","#F5CDB4FF","#F8AFA8FF","#FDDDA0FF","#74A089FF","#9A8822FF","#F5CDB4FF"
"#211747FF","#FFA400FF","#CB6015FF","#A9431EFF","#B1B3B3FF","#5B6770FF","#010101FF","#211747FF","#FFA400FF","#CB6015FF","#A9431EFF","#B1B3B3FF"
"#582C83FF","#CB6015FF","#FFA400FF","#A6192EFF","#5B6770FF","#010101FF","#582C83FF","#CB6015FF","#FFA400FF","#A6192EFF","#5B6770FF","#010101FF"
"#702F8AFF","#FA4616FF","#A45A2AFF","#702F8AFF","#FA4616FF","#A45A2AFF","#702F8AFF","#FA4616FF","#A45A2AFF","#702F8AFF","#FA4616FF","#A45A2AFF"
"#010101FF","#5B6770FF","#B1B3B3FF","#CB6015FF","#211747FF","#010101FF","#5B6770FF","#B1B3B3FF","#CB6015FF","#211747FF","#010101FF","#5B6770FF"
"#010101FF","#211747FF","#582C83FF","#5F249FFF","#702F8AFF","#A6192EFF","#C8102EFF","#FC4C02FF","#FF6720FF","#FF7F41FF","#FFA400FF","#FFB81CFF"
"#173F35FF","#FFA400FF","#010101FF","#173F35FF","#FFA400FF","#010101FF","#173F35FF","#FFA400FF","#010101FF","#173F35FF","#FFA400FF","#010101FF"
"#173F35FF","#9E2B2FFF","#FFA400FF","#8F654DFF","#E35205FF","#173F35FF","#9E2B2FFF","#FFA400FF","#8F654DFF","#E35205FF","#173F35FF","#9E2B2FFF"
"#D50032FF","#F6BE00FF","#00573FFF","#010101FF","#D50032FF","#F6BE00FF","#00573FFF","#010101FF","#D50032FF","#F6BE00FF","#00573FFF","#010101FF"
"#0072CEFF","#041E42FF","#F9423AFF","#FFB81CFF","#0072CEFF","#041E42FF","#F9423AFF","#FFB81CFF","#0072CEFF","#041E42FF","#F9423AFF","#FFB81CFF"
"#25282AFF","#545859FF","#9EA2A2FF","#FFB81CFF","#F9423AFF","#0072CEFF","#25282AFF","#545859FF","#9EA2A2FF","#FFB81CFF","#F9423AFF","#0072CEFF"
"#0093B2FF","#0072CEFF","#041E42FF","#F9423AFF","#FFB81CFF","#0093B2FF","#0072CEFF","#041E42FF","#F9423AFF","#FFB81CFF","#0093B2FF","#0072CEFF"
"#373A36FF","#C27237FF","#007A33FF","#007A33FF","#FFCD00FF","#0072CEFF","#74531CFF","#F9423AFF","#041E42FF","#373A36FF","#C27237FF","#007A33FF"
"#0C2340FF","#236192FF","#78BE21FF","#9EA2A2FF","#0C2340FF","#236192FF","#78BE21FF","#9EA2A2FF","#0C2340FF","#236192FF","#78BE21FF","#9EA2A2FF"
"#236192FF","#009739FF","#FFD700FF","#C8102EFF","#8D9093FF","#010101FF","#236192FF","#009739FF","#FFD700FF","#C8102EFF","#8D9093FF","#010101FF"
"#010101FF","#8D9093FF","#236192FF","#00843DFF","#FFD700FF","#C8102EFF","#010101FF","#8D9093FF","#236192FF","#00843DFF","#FFD700FF","#C8102EFF"
"#C8102EFF","#236192FF","#0C2340FF","#9EA2A2FF","#C8102EFF","#236192FF","#0C2340FF","#9EA2A2FF","#C8102EFF","#236192FF","#0C2340FF","#9EA2A2FF"
"#003DA5FF","#FFC72CFF","#25282AFF","#003DA5FF","#FFC72CFF","#25282AFF","#003DA5FF","#FFC72CFF","#25282AFF","#003DA5FF","#FFC72CFF","#25282AFF"
"#041E42FF","#00A9E0FF","#BE3A34FF","#FFA400FF","#041E42FF","#00A9E0FF","#BE3A34FF","#FFA400FF","#041E42FF","#00A9E0FF","#BE3A34FF","#FFA400FF"
"#041E42FF","#BE3A34FF","#FFA400FF","#041E42FF","#BE3A34FF","#FFA400FF","#041E42FF","#BE3A34FF","#FFA400FF","#041E42FF","#BE3A34FF","#FFA400FF"
"#003DA5FF","#2CCCD3FF","#FFC72CFF","#D50032FF","#003DA5FF","#2CCCD3FF","#FFC72CFF","#D50032FF","#003DA5FF","#2CCCD3FF","#FFC72CFF","#D50032FF"
"#25282AFF","#D50032FF","#FFC72CFF","#25282AFF","#D50032FF","#FFC72CFF","#25282AFF","#D50032FF","#FFC72CFF","#25282AFF","#D50032FF","#FFC72CFF"
"#010101FF","#0C2340FF","#8D9093FF","#010101FF","#0C2340FF","#8D9093FF","#010101FF","#0C2340FF","#8D9093FF","#010101FF","#0C2340FF","#8D9093FF"
"#B1B3B3FF","#0C2340FF","#C8102EFF","#B1B3B3FF","#0C2340FF","#C8102EFF","#B1B3B3FF","#0C2340FF","#C8102EFF","#B1B3B3FF","#0C2340FF","#C8102EFF"
"#C8102EFF","#0C2340FF","#8D9093FF","#C8C9C7FF","#C8102EFF","#0C2340FF","#8D9093FF","#C8C9C7FF","#C8102EFF","#0C2340FF","#8D9093FF","#C8C9C7FF"
"#EF342CFF","#E85569FF","#111013FF","#CB302CFF","#5C2C2DFF","#3E509AFF","#EF342CFF","#E85569FF","#111013FF","#CB302CFF","#5C2C2DFF","#3E509AFF"
"#CB54D6FF","#3E45C4FF","#21191AFF","#362F78FF","#57B4AEFF","#CB54D6FF","#3E45C4FF","#21191AFF","#362F78FF","#57B4AEFF","#CB54D6FF","#3E45C4FF"
"#FF69B4FF","#FF6EB4FF","#EE6AA7FF","#CD6090FF","#8B3A62FF","#FF69B4FF","#FF6EB4FF","#EE6AA7FF","#CD6090FF","#8B3A62FF","#FF69B4FF","#FF6EB4FF"
"#FF4E86FF","#FF9E44FF","#FDFD31FF","#85FD4EFF","#4ED5FFFF","#FF4E86FF","#FF9E44FF","#FDFD31FF","#85FD4EFF","#4ED5FFFF","#FF4E86FF","#FF9E44FF"
"#69D2E7FF","#A7DBD8FF","#E0E4CCFF","#F38630FF","#FA6900FF","#69D2E7FF","#A7DBD8FF","#E0E4CCFF","#F38630FF","#FA6900FF","#69D2E7FF","#A7DBD8FF"
"#3FB8AFFF","#7FC7AFFF","#DAD8A7FF","#FF9E9DFF","#FF3D7FFF","#3FB8AFFF","#7FC7AFFF","#DAD8A7FF","#FF9E9DFF","#FF3D7FFF","#3FB8AFFF","#7FC7AFFF"
"#FEDF37FF","#FCA811FF","#D25117FF","#8A4C19FF","#573420FF","#FEDF37FF","#FCA811FF","#D25117FF","#8A4C19FF","#573420FF","#FEDF37FF","#FCA811FF"
"#4C9385FF","#F2D1B3FF","#F2E77EFF","#DA7698FF","#E3A7C0FF","#4C9385FF","#F2D1B3FF","#F2E77EFF","#DA7698FF","#E3A7C0FF","#4C9385FF","#F2D1B3FF"
"#ECD078FF","#DA5B43FF","#C12942FF","#542437FF","#53777AFF","#ECD078FF","#DA5B43FF","#C12942FF","#542437FF","#53777AFF","#ECD078FF","#DA5B43FF"
"#D99E4CFF","#D65238FF","#9E443FFF","#422B3AFF","#28212BFF","#D99E4CFF","#D65238FF","#9E443FFF","#422B3AFF","#28212BFF","#D99E4CFF","#D65238FF"
"#390E40FF","#701C34FF","#A63228FF","#C7662AFF","#EBA42BFF","#390E40FF","#701C34FF","#A63228FF","#C7662AFF","#EBA42BFF","#390E40FF","#701C34FF"
"#00CED1FF","#48D1CCFF","#AFEEEEFF","#BBFFFFFF","#AEEEEEFF","#96CDCDFF","#668B8BFF","#40E0D0FF","#00F5FFFF","#00E5EEFF","#00C5CDFF","#00868BFF"
"#2E3440FF","#3B4252FF","#434C5EFF","#4C566AFF","#2E3440FF","#3B4252FF","#434C5EFF","#4C566AFF","#2E3440FF","#3B4252FF","#434C5EFF","#4C566AFF"
"#D8DEE9FF","#E5E9F0FF","#ECEFF4FF","#D8DEE9FF","#E5E9F0FF","#ECEFF4FF","#D8DEE9FF","#E5E9F0FF","#ECEFF4FF","#D8DEE9FF","#E5E9F0FF","#ECEFF4FF"
"#8FBCBBFF","#88C0D0FF","#81A1C1FF","#5E81ACFF","#8FBCBBFF","#88C0D0FF","#81A1C1FF","#5E81ACFF","#8FBCBBFF","#88C0D0FF","#81A1C1FF","#5E81ACFF"
"#BF616AFF","#D08770FF","#EBCB8BFF","#A3BE8CFF","#B48EADFF","#BF616AFF","#D08770FF","#EBCB8BFF","#A3BE8CFF","#B48EADFF","#BF616AFF","#D08770FF"
"#EDDAEBFF","#AD8CAEFF","#4F93B8FF","#306489FF","#222B4CFF","#EDDAEBFF","#AD8CAEFF","#4F93B8FF","#306489FF","#222B4CFF","#EDDAEBFF","#AD8CAEFF"
"#184860FF","#486078FF","#D8D8D8FF","#484860FF","#181830FF","#184860FF","#486078FF","#D8D8D8FF","#484860FF","#181830FF","#184860FF","#486078FF"
"#4B644BFF","#647D4BFF","#E1E1E1FF","#7D96AFFF","#647D96FF","#4B644BFF","#647D4BFF","#E1E1E1FF","#7D96AFFF","#647D96FF","#4B644BFF","#647D4BFF"
"#7D4B19FF","#C89664FF","#C87D4BFF","#4B647DFF","#324B64FF","#19324BFF","#7D4B19FF","#C89664FF","#C87D4BFF","#4B647DFF","#324B64FF","#19324BFF"
"#AF1900FF","#C83200FF","#E19600FF","#193264FF","#001964FF","#AF1900FF","#C83200FF","#E19600FF","#193264FF","#001964FF","#AF1900FF","#C83200FF"
"#E1C8AFFF","#C8AF96FF","#AF967DFF","#967D7DFF","#644B64FF","#4B324BFF","#E1C8AFFF","#C8AF96FF","#AF967DFF","#967D7DFF","#644B64FF","#4B324BFF"
"#4B3232FF","#7D4B32FF","#966432FF","#AF7D32FF","#E19632FF","#E1AF4BFF","#C8C896FF","#4B4B4BFF","#4B3232FF","#7D4B32FF","#966432FF","#AF7D32FF"
"#4B4B4BFF","#967D4BFF","#AFAF7DFF","#C89632FF","#647D64FF","#96AFAFFF","#7D96AFFF","#4B4B4BFF","#967D4BFF","#AFAF7DFF","#C89632FF","#647D64FF"
"#BEBEBEFF","#C8C8C8FF","#DCD2C8FF","#D2C8C8FF","#BEBEC8FF","#B4B4BEFF","#BEBEBEFF","#C8C8C8FF","#DCD2C8FF","#D2C8C8FF","#BEBEC8FF","#B4B4BEFF"
"#7D3232FF","#7D4B4BFF","#7D6464FF","#AF967DFF","#FAC87DFF","#E1AF64FF","#C8964BFF","#32324BFF","#7D3232FF","#7D4B4BFF","#7D6464FF","#AF967DFF"
"#304890FF","#7890A8FF","#90A8C0FF","#A8A8A8FF","#C0C0A8FF","#6A7E4FFF","#304848FF","#304890FF","#7890A8FF","#90A8C0FF","#A8A8A8FF","#C0C0A8FF"
"#486090FF","#6078A8FF","#7890A8FF","#90A8C0FF","#F0D8C0FF","#D6BBCFFF","#A8C0C0FF","#C0D8D8FF","#A8A890FF","#486090FF","#6078A8FF","#7890A8FF"
"#D8F0F0FF","#786060FF","#D8C0A8FF","#A86030FF","#A890A8FF","#486090FF","#A89078FF","#F0A860FF","#D8F0F0FF","#786060FF","#D8C0A8FF","#A86030FF"
"#786060FF","#486090FF","#A890A8FF","#D8F0F0FF","#F0A860FF","#D8C0A8FF","#A89078FF","#A86030FF","#786060FF","#486090FF","#A890A8FF","#D8F0F0FF"
"#A8C0A8FF","#C0C0A8FF","#A8A890FF","#909078FF","#A8A8A8FF","#C0C0C0FF","#D8C0A8FF","#C09048FF","#C07848FF","#D89060FF","#C07848FF","#A8C0A8FF"
"#A84848FF","#F0D8D8FF","#304830FF","#909078FF","#607890FF","#90A8A8FF","#906030FF","#C0A890FF","#A84848FF","#F0D8D8FF","#304830FF","#909078FF"
"#A84830FF","#D89060FF","#604830FF","#6090D8FF","#C0C0D8FF","#606030FF","#486030FF","#A84830FF","#D89060FF","#604830FF","#6090D8FF","#C0C0D8FF"
"#A89030FF","#004878FF","#78A890FF","#000000FF","#481800FF","#A89030FF","#004878FF","#78A890FF","#000000FF","#481800FF","#A89030FF","#004878FF"
"#D8D8D8FF","#609060FF","#183030FF","#A8C090FF","#604848FF","#D8C0A8FF","#A86048FF","#D8D8D8FF","#609060FF","#183030FF","#A8C090FF","#604848FF"
"#C47000FF","#E0C48CFF","#8C3800FF","#E0A81CFF","#8CA8C4FF","#385438FF","#C47000FF","#E0C48CFF","#8C3800FF","#E0A81CFF","#8CA8C4FF","#385438FF"
"#701C00FF","#8C3800FF","#A85400FF","#C47000FF","#C48C1CFF","#E0A81CFF","#E0C48CFF","#E0E0E0FF","#C4C4C4FF","#8CA8C4FF","#708CA8FF","#1C54A8FF"
"#D23C1EFF","#965A3CFF","#B4783CFF","#B4D2D2FF","#96B4B4FF","#96B4D2FF","#7896B4FF","#D23C1EFF","#965A3CFF","#B4783CFF","#B4D2D2FF","#96B4B4FF"
"#F63B32FF","#E37870FF","#F3FF41FF","#005487FF","#52BCD4FF","#679C40FF","#F3FBFBFF","#1C0608FF","#002B52FF","#F63B32FF","#E37870FF","#F3FF41FF"
"#AB7E37FF","#79222AFF","#562323FF","#333B43FF","#B68830FF","#232728FF","#B9ACA3FF","#7A2529FF","#2C374AFF","#120F11FF","#768B99FF","#6F2827FF"
"#903030FF","#D84860FF","#F0A8C0FF","#FFFFFFFF","#A8A8A8FF","#787878FF","#903030FF","#D84860FF","#F0A8C0FF","#FFFFFFFF","#A8A8A8FF","#787878FF"
"#486030FF","#C03018FF","#F0A800FF","#484878FF","#A8C018FF","#609048FF","#486030FF","#C03018FF","#F0A800FF","#484878FF","#A8C018FF","#609048FF"
"#D2E1DEFF","#548495FF","#3C4347FF","#758388FF","#DBE9E2FF","#8E9796FF","#D2E1DEFF","#548495FF","#3C4347FF","#758388FF","#DBE9E2FF","#8E9796FF"
"#607848FF","#184848FF","#C0C030FF","#A8A890FF","#90A878FF","#607848FF","#184848FF","#C0C030FF","#A8A890FF","#90A878FF","#607848FF","#184848FF"
"#389078FF","#60D0A0FF","#184848FF","#98D048FF","#70A830FF","#80E8C0FF","#506028FF","#B8F870FF","#B82820FF","#F8F8F8FF","#F86860FF","#D84840FF"
"#209058FF","#105020FF","#58C890FF","#68B020FF","#488820FF","#80E8C0FF","#D04058FF","#80E058FF","#F87878FF","#783028FF","#885838FF","#F8F8F8FF"
"#209058FF","#58C890FF","#105020FF","#D84040FF","#40A018FF","#80E8C0FF","#F88070FF","#803000FF","#68C840FF","#98F088FF","#D8C830FF","#F8F8F8FF"
"#D85020FF","#F89040FF","#903000FF","#F8D068FF","#D04008FF","#F8C060FF","#F8E098FF","#E0A858FF","#F09008FF","#F8F8F8FF","#184830FF","#40A078FF"
"#D04820FF","#F86848FF","#902010FF","#D04008FF","#F8B060FF","#F8D068FF","#F09008FF","#F8F8F8FF","#686868FF","#F8E098FF","#E0A858FF","#B0B0B0FF"
"#D86020FF","#F89040FF","#903000FF","#184068FF","#F8D068FF","#207890FF","#C03020FF","#F8C060FF","#F8A058FF","#F8E098FF","#E85040FF","#F8F8F8FF"
"#58A898FF","#90D0C8FF","#407060FF","#B0E8B8FF","#F8D068FF","#D08038FF","#E0A858FF","#902000FF","#602800FF","#F8E098FF","#F8F8F8FF","#B86800FF"
"#7868C0FF","#504078FF","#A888E8FF","#F0E888FF","#D8C088FF","#E0E8E0FF","#C0D0D8FF","#F8F8F8FF","#D0B8F8FF","#B88838FF","#C03000FF","#906060FF"
"#4080C0FF","#484880FF","#68A8E0FF","#E8A858FF","#F8F8F8FF","#D0C8C8FF","#90A0A0FF","#80D0F8FF","#F8D068FF","#B88838FF","#684838FF","#986848FF"
"#70A830FF","#506028FF","#98D048FF","#786038FF","#D0C860FF","#E8E878FF","#F8C060FF","#C04040FF","#E87830FF","#B8F870FF","#808080FF","#F8F8F8FF"
"#70A830FF","#98D048FF","#506028FF","#B8F870FF","#F8F8F8FF","#70A830FF","#98D048FF","#506028FF","#B8F870FF","#F8F8F8FF","#70A830FF","#98D048FF"
"#404058FF","#787898FF","#505070FF","#E0E0E0FF","#C0C0C0FF","#F8F8F8FF","#B0B0C0FF","#58B088FF","#D05828FF","#902010FF","#98C8C0FF","#F87850FF"
"#E8A840FF","#C87010FF","#882810FF","#181818FF","#F8E078FF","#808090FF","#F8F8F8FF","#C8C8C8FF","#C82800FF","#E06830FF","#C89858FF","#E8A840FF"
"#E0A858FF","#F8D068FF","#885800FF","#F8E098FF","#B07800FF","#686868FF","#383838FF","#F8F8F8FF","#E0A858FF","#F8D068FF","#885800FF","#F8E098FF"
"#181818FF","#D8C8F0FF","#F8F8F8FF","#B8A8C0FF","#606060FF","#E8A030FF","#A090A8FF","#F8C848FF","#885000FF","#980008FF","#E8E0F8FF","#F8F0A0FF"
"#785848FF","#583828FF","#A87858FF","#E0B860FF","#F8E088FF","#F8F0B8FF","#C89878FF","#E86040FF","#B00800FF","#F8A870FF","#F8F8F8FF","#B8B8B8FF"
"#785848FF","#E0B048FF","#D03018FF","#202020FF","#A87858FF","#F8E858FF","#583828FF","#E86040FF","#F0F0A0FF","#F8A870FF","#C89878FF","#F8F8F8FF"
"#785848FF","#E0B860FF","#A87858FF","#583828FF","#F8E088FF","#D03018FF","#F8F0B8FF","#E86040FF","#F8A870FF","#C89878FF","#F8F8F8FF","#E0B090FF"
"#603050FF","#905090FF","#B070B0FF","#586060FF","#F8F8F8FF","#D090D0FF","#D8D8D8FF","#C0C0C0FF","#A0A0A0FF","#B09030FF","#A01838FF","#E0C870FF"
"#C09840FF","#F0F0A0FF","#704800FF","#D8B850FF","#A07830FF","#F8E858FF","#E0B048FF","#F8F8F8FF","#D88060FF","#B87028FF","#F8C898FF","#B0B0B0FF"
"#181818FF","#C82010FF","#A87010FF","#784000FF","#F05040FF","#F88070FF","#D09838FF","#781800FF","#686050FF","#D0C098FF","#F8D0A8FF","#A89870FF"
"#D09838FF","#A87010FF","#784000FF","#F0B058FF","#C0B088FF","#605030FF","#C82010FF","#F8F8F8FF","#F05040FF","#F8C878FF","#F88070FF","#D8C8A0FF"
"#B870A0FF","#984880FF","#682058FF","#D8A0C0FF","#E0A858FF","#F8D068FF","#805010FF","#981000FF","#F8F8F8FF","#F07048FF","#F8E098FF","#C04018FF"
"#B870A0FF","#984880FF","#682058FF","#D8A0C0FF","#981000FF","#C04018FF","#F8F848FF","#C8C8C8FF","#F07048FF","#F8F8F8FF","#B870A0FF","#984880FF"
"#F8E800FF","#E8B800FF","#805000FF","#C08800FF","#F8F878FF","#686868FF","#E00000FF","#B00000FF","#F8F8F8FF","#F84848FF","#F8E800FF","#E8B800FF"
"#F8C000FF","#E89800FF","#F8F8F8FF","#986838FF","#704808FF","#F8E800FF","#F8F880FF","#885030FF","#E0B020FF","#B88040FF","#F8E058FF","#A85820FF"
"#E0E000FF","#E8E8D8FF","#D0B800FF","#A88800FF","#805010FF","#C8C8B8FF","#505050FF","#B0B0A0FF","#F8F8F8FF","#888888FF","#E0E000FF","#E8E8D8FF"
"#987810FF","#F0E858FF","#583000FF","#D8C020FF","#C8B048FF","#C8C8B8FF","#B8A000FF","#E8E8D8FF","#484848FF","#785800FF","#888888FF","#806000FF"
"#C0E0E8FF","#88C0C8FF","#385860FF","#5088B8FF","#F8F8F8FF","#1060B0FF","#D8F8F8FF","#183870FF","#4880F0FF","#C02010FF","#E84838FF","#C0E0E8FF"
"#88C0C8FF","#C0E0E8FF","#5088B8FF","#385860FF","#183870FF","#D8F8F8FF","#4880F0FF","#F8F8F8FF","#1060B0FF","#C02010FF","#E84838FF","#C0C0C0FF"
"#5090B8FF","#88C0C8FF","#385860FF","#B8E0E8FF","#E0C888FF","#786020FF","#B8A858FF","#E8E0A0FF","#F8F8F8FF","#E84838FF","#A81000FF","#D0D0D0FF"
"#B860B8FF","#E098D0FF","#802880FF","#F8D0F8FF","#006040FF","#00A070FF","#808080FF","#F8F8F8FF","#C0C0C0FF","#B01800FF","#B860B8FF","#E098D0FF"
"#B860B8FF","#802880FF","#E098D0FF","#F8D0F8FF","#00A070FF","#18C898FF","#C0C0C0FF","#808080FF","#F8F8F8FF","#F86850FF","#B01800FF","#D84028FF"
"#B860B8FF","#882880FF","#E098D0FF","#C0C0A0FF","#F8D0F8FF","#E0E0D0FF","#707058FF","#F8F8F8FF","#00A070FF","#005040FF","#18C898FF","#B860B8FF"
"#F8C0A0FF","#E08078FF","#F89880FF","#985850FF","#702808FF","#A86030FF","#B03828FF","#C0C0C0FF","#E85848FF","#F8F8F8FF","#985020FF","#C88050FF"
"#F8C0A0FF","#F89880FF","#B03828FF","#F86858FF","#584018FF","#887048FF","#909090FF","#D82010FF","#F86828FF","#F8F8F8FF","#705830FF","#C0C0C0FF"
"#D89858FF","#803800FF","#D86828FF","#B84800FF","#F88048FF","#F0B878FF","#C07838FF","#C87828FF","#A85808FF","#F8E0B0FF","#E89848FF","#903000FF"
"#F8D068FF","#D09848FF","#F8E8A0FF","#986010FF","#B01000FF","#F86828FF","#F8F8F8FF","#F8D068FF","#D09848FF","#F8E8A0FF","#986010FF","#B01000FF"
"#F8A8A0FF","#F8C8C0FF","#A03010FF","#E07060FF","#403098FF","#F8F8F8FF","#7060D8FF","#704018FF","#C8B8F8FF","#9080F8FF","#A03000FF","#F8A8A0FF"
"#F8F8F8FF","#F8C0A8FF","#F89880FF","#983800FF","#F85848FF","#205860FF","#F8E8C0FF","#704018FF","#E0E0E0FF","#C8C8C8FF","#509888FF","#90D8C8FF"
"#7870B8FF","#A8A0E8FF","#504880FF","#702058FF","#B05098FF","#D070B8FF","#C8C0F8FF","#606060FF","#F080D8FF","#D0D0D0FF","#F8F8F8FF","#7870B8FF"
"#000000FF","#7870C8FF","#303088FF","#A84890FF","#A8A0E8FF","#680850FF","#C868B0FF","#606060FF","#F8F8F8FF","#C8C0F8FF","#D0D0D0FF","#000000FF"
"#70A830FF","#98D048FF","#506028FF","#486880FF","#7090A0FF","#304858FF","#B8F870FF","#90B0C0FF","#F8B838FF","#F84800FF","#70A830FF","#98D048FF"
"#7090A0FF","#486878FF","#A07030FF","#E84800FF","#103058FF","#805010FF","#F87000FF","#D0A060FF","#603000FF","#983000FF","#90B0C0FF","#F8C050FF"
"#F87850FF","#D86030FF","#7090A0FF","#507080FF","#F8A880FF","#A03020FF","#90B0C0FF","#F8D8D8FF","#204050FF","#F8B0B8FF","#F8E098FF","#B88030FF"
"#E0B850FF","#B88830FF","#A05810FF","#E8D888FF","#E0E0E0FF","#B81010FF","#F84848FF","#F89090FF","#A0A0A0FF","#E0D840FF","#F8F058FF","#F8F0F8FF"
"#E03030FF","#B04030FF","#F85858FF","#D86830FF","#782010FF","#F8F058FF","#F8A0A0FF","#F88050FF","#A01010FF","#D0C830FF","#A0A0A0FF","#E03030FF"
"#9050A0FF","#B078C0FF","#684070FF","#401050FF","#808080FF","#D0D0D0FF","#F8F8F8FF","#F87850FF","#C05020FF","#B88868FF","#885838FF","#9070A0FF"
"#A888C8FF","#F8E0F8FF","#E8C0F8FF","#683890FF","#D0A8D8FF","#A08068FF","#605038FF","#C0A888FF","#E0D0A8FF","#F8F8F8FF","#A8C0C0FF","#A888C8FF"
"#B0A870FF","#807848FF","#585020FF","#E0E0B0FF","#B0A870FF","#807848FF","#585020FF","#E0E0B0FF","#B0A870FF","#807848FF","#585020FF","#E0E0B0FF"
"#C07840FF","#A05820FF","#682000FF","#B0A870FF","#E0A060FF","#E0E0B0FF","#585020FF","#807848FF","#F86858FF","#F04030FF","#F8C8C0FF","#F8F8F8FF"
"#F8E080FF","#E0B040FF","#F8F8B0FF","#986800FF","#C87810FF","#E89830FF","#904000FF","#D05838FF","#C8A000FF","#F87050FF","#F8F890FF","#F8D000FF"
"#F8E080FF","#F8F8A8FF","#906000FF","#D8B050FF","#F8F8F8FF","#A01000FF","#907820FF","#705810FF","#B8A048FF","#D8D8D8FF","#F05040FF","#F8B898FF"
"#E0A030FF","#F8D048FF","#F8D8A0FF","#D8B050FF","#905810FF","#F0D888FF","#F8E8B8FF","#F8F8F8FF","#805800FF","#D8D8D8FF","#E0A030FF","#F8D048FF"
"#90B0D0FF","#5878A8FF","#305068FF","#A8D8F8FF","#F8F8F8FF","#D0D068FF","#F8F8A0FF","#A0A038FF","#707010FF","#880000FF","#C0C0C0FF","#D81818FF"
"#E8D080FF","#C0A850FF","#886810FF","#B08020FF","#704000FF","#F0E8A0FF","#D8A848FF","#F8F8F8FF","#F8D080FF","#E08860FF","#E8B088FF","#F8E0B8FF"
"#987820FF","#D8B888FF","#000000FF","#F8E0B0FF","#C8A040FF","#785828FF","#583000FF","#404040FF","#E0C870FF","#F8F8D0FF","#F89058FF","#F8F8F8FF"
"#C07810FF","#E0D090FF","#706020FF","#903000FF","#F8F0B0FF","#B0A068FF","#F8F8F0FF","#E8A040FF","#F8C050FF","#505050FF","#D8D8D0FF","#C07810FF"
"#F0B868FF","#F8F090FF","#C05030FF","#A86020FF","#F8F0A8FF","#601000FF","#E87030FF","#585858FF","#F88850FF","#501010FF","#D8D8D0FF","#F86040FF"
"#606890FF","#F8F8F8FF","#405060FF","#8088B0FF","#D8D8D8FF","#606060FF","#B8B8B8FF","#B0B8E0FF","#E85848FF","#F8B8A8FF","#F88878FF","#606890FF"
"#606890FF","#B8B8B8FF","#D8D8D8FF","#8090C0FF","#505050FF","#203860FF","#F8F8F8FF","#787878FF","#B0B8E0FF","#606890FF","#B8B8B8FF","#D8D8D8FF"
"#606890FF","#B0B8E0FF","#8088B0FF","#B8B8B8FF","#F8F8F8FF","#303068FF","#D8D8D8FF","#505050FF","#787878FF","#606890FF","#B0B8E0FF","#8088B0FF"
"#F8E828FF","#D0B000FF","#886000FF","#F8F878FF","#603000FF","#906810FF","#A88028FF","#D0B050FF","#F8E828FF","#D0B000FF","#886000FF","#F8F878FF"
"#D0B000FF","#F8E828FF","#886000FF","#603000FF","#886010FF","#A88028FF","#F8F8F8FF","#585858FF","#F8F878FF","#D8D8D8FF","#B0B0B0FF","#F04030FF"
"#F8E828FF","#D0B000FF","#886000FF","#603000FF","#886010FF","#A88028FF","#F8F878FF","#585858FF","#F8F8F8FF","#D8D8D8FF","#B0B0B0FF","#D0B050FF"
"#709878FF","#98C0A0FF","#205030FF","#B8E0C0FF","#A0A828FF","#606810FF","#E8F070FF","#F83838FF","#980000FF","#F8F8F8FF","#C0C848FF","#D0D0D0FF"
"#9078B0FF","#B8A8D8FF","#584078FF","#A0A828FF","#E8F070FF","#706000FF","#D8C8F8FF","#F8F8F8FF","#C00000FF","#F83838FF","#980000FF","#C0C848FF"
"#60A060FF","#A8D0B0FF","#305840FF","#C8F0D0FF","#C0C848FF","#706000FF","#F8F8F8FF","#F83838FF","#E8F070FF","#A0A828FF","#505050FF","#980000FF"
"#70A830FF","#98D048FF","#684000FF","#F8E098FF","#506028FF","#987020FF","#F8C058FF","#F8F8F8FF","#C09028FF","#B84020FF","#B8F870FF","#E87040FF"
"#70A830FF","#98D048FF","#F8D068FF","#F8E098FF","#E87040FF","#F8A070FF","#F8F8F8FF","#B8F870FF","#506028FF","#B84010FF","#705010FF","#A87828FF"
"#70A830FF","#98D048FF","#506028FF","#684000FF","#F8E098FF","#B8F870FF","#E0A858FF","#F8D068FF","#F8A070FF","#B08028FF","#D04820FF","#B07830FF"
"#68B0E0FF","#205080FF","#4890C0FF","#98E0F0FF","#505020FF","#B0A870FF","#F85048FF","#D0C090FF","#808040FF","#B02820FF","#F8C0B8FF","#F8F8F8FF"
"#68B0E0FF","#B0A870FF","#4890C0FF","#505020FF","#E0D0A0FF","#205080FF","#F85048FF","#B02820FF","#808040FF","#F8F8F8FF","#98E0F0FF","#801010FF"
"#707830FF","#A8B060FF","#404810FF","#C8D080FF","#F8F8F8FF","#C8C8C8FF","#707830FF","#A8B060FF","#404810FF","#C8D080FF","#F8F8F8FF","#C8C8C8FF"
"#788030FF","#A8B060FF","#504810FF","#C8D080FF","#F8F8F8FF","#C8C8C8FF","#788030FF","#A8B060FF","#504810FF","#C8D080FF","#F8F8F8FF","#C8C8C8FF"
"#D0B058FF","#606820FF","#B0B860FF","#889040FF","#988838FF","#485010FF","#584810FF","#F0D878FF","#F8F8F8FF","#808080FF","#B00000FF","#C8C8C8FF"
"#F8E878FF","#F8C050FF","#E80000FF","#F89800FF","#A06020FF","#F86000FF","#F8F0B0FF","#F8E020FF","#585858FF","#989898FF","#F8F8F8FF","#F8E878FF"
"#F86000FF","#E80000FF","#F8C050FF","#F89800FF","#F8E020FF","#F8E878FF","#F8F0B0FF","#A06020FF","#585858FF","#F8F8F8FF","#C08040FF","#F86000FF"
"#F88060FF","#F04020FF","#F8A080FF","#883800FF","#F8F8F8FF","#686060FF","#984820FF","#F8C860FF","#F0A040FF","#D0C8C8FF","#F8F088FF","#882020FF"
"#E05028FF","#F88868FF","#C0D098FF","#98A860FF","#607038FF","#902010FF","#F8E898FF","#F8B890FF","#F8C860FF","#E0F0B8FF","#A07020FF","#E0A858FF"
"#383030FF","#504848FF","#B0D0B8FF","#90B898FF","#588060FF","#D0F0D8FF","#F8F8F8FF","#2880A8FF","#888888FF","#B0B0B0FF","#D0D0D0FF","#E81800FF"
"#383030FF","#D0F0D8FF","#F8F8F8FF","#B0D0B8FF","#504848FF","#588060FF","#90B898FF","#E81800FF","#B0B0B0FF","#2880A8FF","#888888FF","#50C8F0FF"
"#B09050FF","#806020FF","#604000FF","#E0E0A0FF","#F8E068FF","#E0A858FF","#E0C078FF","#C0C080FF","#009820FF","#C8F888FF","#40D840FF","#B86828FF"
"#B88850FF","#906848FF","#706830FF","#E8D8A8FF","#584020FF","#B8A878FF","#D8A870FF","#F8F8F8FF","#606060FF","#B88850FF","#906848FF","#706830FF"
"#000000FF","#C89850FF","#A07848FF","#685038FF","#B0A078FF","#E8D8A8FF","#404040FF","#605840FF","#E8C070FF","#F080A0FF","#F8F8F8FF","#F8D0E0FF"
"#E0E0F0FF","#C0C8E8FF","#405080FF","#98A0B8FF","#D0B080FF","#F8F8C0FF","#F8F8F8FF","#706830FF","#A05020FF","#D08050FF","#F8B8A0FF","#E0E0F0FF"
"#E0E0F0FF","#C0C8E8FF","#405080FF","#98A0B8FF","#F8F8F8FF","#807878FF","#D0C8C8FF","#E0E0F0FF","#C0C8E8FF","#405080FF","#98A0B8FF","#F8F8F8FF"
"#C098B0FF","#905898FF","#583070FF","#E0B8D8FF","#F8F8F8FF","#E8D8E8FF","#808898FF","#404858FF","#D0D0D8FF","#C098B0FF","#905898FF","#583070FF"
"#905898FF","#C098B0FF","#E0B8D8FF","#583070FF","#E8D8E8FF","#808898FF","#404858FF","#A8B0B8FF","#905898FF","#C098B0FF","#E0B8D8FF","#583070FF"
"#B088B8FF","#583860FF","#805888FF","#D8B8E8FF","#D0D0E8FF","#782010FF","#C84820FF","#F87840FF","#F8F8F8FF","#B088B8FF","#583860FF","#805888FF"
"#785080FF","#A878B8FF","#482050FF","#D8B0E8FF","#404040FF","#909090FF","#F8F8F8FF","#C0C0C0FF","#606060FF","#785080FF","#A878B8FF","#482050FF"
"#B890B0FF","#D0A8C8FF","#503058FF","#886080FF","#704868FF","#D8D8D8FF","#B02810FF","#D85038FF","#B890B0FF","#D0A8C8FF","#503058FF","#886080FF"
"#8058A0FF","#503060FF","#C080C8FF","#B01818FF","#680000FF","#D83030FF","#F8F8F8FF","#D0A0D8FF","#D0D0D0FF","#707070FF","#8058A0FF","#503060FF"
"#804078FF","#A86090FF","#482848FF","#C080B0FF","#D8D8D8FF","#F8F8F8FF","#787878FF","#C83820FF","#E86048FF","#F8B078FF","#804078FF","#A86090FF"
"#807878FF","#B8B0B0FF","#D8D0D0FF","#504848FF","#F0E8E8FF","#F8F8F8FF","#807878FF","#B8B0B0FF","#D8D0D0FF","#504848FF","#F0E8E8FF","#F8F8F8FF"
"#F8D840FF","#D8B810FF","#906840FF","#684820FF","#906800FF","#F8F040FF","#482800FF","#B88850FF","#F8F8F8FF","#F8D840FF","#D8B810FF","#906840FF"
"#F8D860FF","#C8B068FF","#786030FF","#D0D0D8FF","#F8E898FF","#989898FF","#F8F8F8FF","#706880FF","#606060FF","#F8D860FF","#C8B068FF","#786030FF"
"#D86020FF","#B03010FF","#F07838FF","#705010FF","#D8C068FF","#F0E8A0FF","#F8A060FF","#A08840FF","#F8F8F8FF","#D8D8D8FF","#D86020FF","#B03010FF"
"#C06838FF","#E88848FF","#804018FF","#D8C068FF","#705010FF","#F0E8A0FF","#A08840FF","#F0C088FF","#F8F8F8FF","#D8D8F0FF","#C06838FF","#E88848FF"
"#F8F8F8FF","#D03000FF","#F85020FF","#B0A8A8FF","#801010FF","#D8D0D0FF","#F8A898FF","#E04000FF","#585050FF","#F8F8F8FF","#D03000FF","#F85020FF"
"#E8E8E8FF","#E04000FF","#F8F8F8FF","#F87848FF","#B03000FF","#C8C8C8FF","#A09898FF","#F8B098FF","#801010FF","#585050FF","#E8E8E8FF","#E04000FF"
"#F8D0A8FF","#F8B088FF","#903010FF","#E06850FF","#F8E8C0FF","#F8F8F8FF","#D8D8D8FF","#E09800FF","#F8C848FF","#F8D0A8FF","#F8B088FF","#903010FF"
"#506028FF","#F8D868FF","#70A830FF","#98D048FF","#887040FF","#E0A858FF","#B09848FF","#604010FF","#B8F870FF","#A06820FF","#F8E8A0FF","#F8F8F8FF"
"#906830FF","#282828FF","#F8F8F8FF","#E0E0D0FF","#C0C0A8FF","#C09848FF","#683010FF","#888868FF","#585830FF","#F0C090FF","#F8D8B0FF","#E09050FF"
"#906830FF","#C09848FF","#683010FF","#C0C0A8FF","#D8B868FF","#E0E0D0FF","#505038FF","#F8F8F8FF","#888868FF","#F0C090FF","#E09050FF","#F8D8B0FF"
"#A07858FF","#C8A080FF","#282828FF","#683818FF","#706060FF","#D0C8C8FF","#B0A0A0FF","#F8F8F8FF","#E8C0A0FF","#707820FF","#C0C870FF","#E8F890FF"
"#A08850FF","#C8B078FF","#685010FF","#E8D098FF","#A090A0FF","#E06038FF","#B83010FF","#C0B0C0FF","#706070FF","#882000FF","#F8F8F8FF","#F89058FF"
"#E86850FF","#F8A080FF","#901000FF","#C85030FF","#F8C8B0FF","#E0D070FF","#F8F8A0FF","#F8F8F8FF","#807820FF","#E86850FF","#F8A080FF","#901000FF"
"#E8D068FF","#905088FF","#B878B0FF","#582850FF","#C0B028FF","#D03820FF","#D0C868FF","#D898D0FF","#F0E890FF","#F8F8F8FF","#F86048FF","#D8D8D8FF"
"#B06888FF","#D0A0A8FF","#884060FF","#682040FF","#E8D068FF","#E8C0C0FF","#C0B028FF","#A02000FF","#F8F8F8FF","#D0C048FF","#D8D8D8FF","#D86020FF"
"#B8B8C8FF","#8080A8FF","#404058FF","#E0E0E8FF","#585878FF","#580800FF","#F8F8F8FF","#A83828FF","#B8B8C8FF","#8080A8FF","#404058FF","#E0E0E8FF"
"#888890FF","#C0C0B8FF","#505058FF","#F8E8C0FF","#B0A070FF","#E0E0D8FF","#786838FF","#E0D0A8FF","#F8F8F8FF","#A03010FF","#E05038FF","#888890FF"
"#F8D0D0FF","#F8A8A8FF","#B04030FF","#F07070FF","#E85830FF","#F88058FF","#F8D8D8FF","#F8F8F8FF","#F0E8A0FF","#F8D0D0FF","#F8A8A8FF","#B04030FF"
"#204050FF","#80B8D0FF","#407890FF","#A8D8F0FF","#D85858FF","#F8F8F8FF","#902828FF","#F88080FF","#B0B0B0FF","#204050FF","#80B8D0FF","#407890FF"
"#987840FF","#B8A068FF","#504010FF","#F8F890FF","#E8C868FF","#889060FF","#D0B880FF","#686850FF","#F8F8F8FF","#D0D0D0FF","#A0A878FF","#B81818FF"
"#6890B0FF","#A0C0E8FF","#385060FF","#B8D8F8FF","#988048FF","#F8F8A8FF","#D8C048FF","#F87070FF","#F8F8F8FF","#C02828FF","#6890B0FF","#A0C0E8FF"
"#80A8C8FF","#688098FF","#204058FF","#D8C050FF","#907840FF","#000000FF","#A0C8E0FF","#F8F8A8FF","#F8F8F8FF","#486880FF","#80A8C8FF","#688098FF"
"#F8F8F8FF","#D8D8E0FF","#E87840FF","#606068FF","#F8C078FF","#888890FF","#B8B8C0FF","#D04010FF","#801000FF","#006860FF","#40A8A0FF","#F8F8F8FF"
"#F8F8F8FF","#D0D0D8FF","#F07858FF","#D84020FF","#808898FF","#585860FF","#505050FF","#A8B0B8FF","#A03020FF","#F8A078FF","#A03840FF","#F8C0C8FF"
"#A08030FF","#D0B070FF","#705800FF","#F0D050FF","#785028FF","#C0A810FF","#F8F8B0FF","#A84020FF","#F0D8B0FF","#E06040FF","#E89888FF","#F8D0D0FF"
"#A878B0FF","#804080FF","#502058FF","#F8F8B0FF","#D0A0D8FF","#C0A010FF","#705800FF","#F0D050FF","#C83010FF","#781000FF","#F8D0B0FF","#F06030FF"
"#586070FF","#C8D0D8FF","#F8C8C8FF","#F8F8F8FF","#98A0A8FF","#E06048FF","#E8A8A0FF","#B84838FF","#303848FF","#885850FF","#803030FF","#F8E8E8FF"
"#60B820FF","#486820FF","#98D848FF","#B8F870FF","#F8F8A8FF","#F0E078FF","#F8F8F8FF","#D8D8D8FF","#988830FF","#707070FF","#B8B8B8FF","#C8C058FF"
"#E87850FF","#D09830FF","#F8D868FF","#C04018FF","#000000FF","#F8F0A8FF","#804000FF","#701000FF","#C078D0FF","#703860FF","#9048A8FF","#F8F8F8FF"
"#F8D068FF","#E0A050FF","#A05000FF","#F8E098FF","#F8F8D0FF","#707070FF","#F8F8F8FF","#F85020FF","#B83008FF","#D8D8D8FF","#F8D068FF","#E0A050FF"
"#E83000FF","#F8D000FF","#F87010FF","#F8F068FF","#A01000FF","#282828FF","#D8A020FF","#985810FF","#686868FF","#F8F8F8FF","#D0D0D0FF","#F8A040FF"
"#C0A888FF","#907860FF","#584028FF","#D0D0B0FF","#A0A080FF","#E0D0A8FF","#505040FF","#F0F0D0FF","#F8F8F8FF","#C0A888FF","#907860FF","#584028FF"
"#786028FF","#C09820FF","#E8C050FF","#A89058FF","#483000FF","#685010FF","#F8D868FF","#584868FF","#A090C8FF","#C8B878FF","#C8C0F8FF","#E8D8F8FF"
"#901000FF","#F86820FF","#F8F8F8FF","#D81800FF","#E8F880FF","#F8A870FF","#D8D8E0FF","#806810FF","#707088FF","#A8A8B8FF","#D8C058FF","#F87858FF"
"#6080A0FF","#000000FF","#404068FF","#80A0E0FF","#F8F8F8FF","#C8C880FF","#B0C8F8FF","#686858FF","#D8E0F0FF","#F8F890FF","#A8B0C0FF","#C83030FF"
"#7090C8FF","#98B8E0FF","#282828FF","#E0C068FF","#D0C0B8FF","#385070FF","#F8E890FF","#605058FF","#A09088FF","#C0D8F0FF","#E8D8D0FF","#806830FF"
"#E898D0FF","#D070A0FF","#B05080FF","#303030FF","#702858FF","#F0C0E8FF","#E898D0FF","#D070A0FF","#B05080FF","#303030FF","#702858FF","#F0C0E8FF"
"#C09050FF","#605028FF","#A07830FF","#E0B070FF","#C0B070FF","#E8E0C0FF","#D8D0A0FF","#807048FF","#F8F8F8FF","#C09050FF","#605028FF","#A07830FF"
"#38A088FF","#282828FF","#304078FF","#80E8D0FF","#106850FF","#60C8B0FF","#E0E0E0FF","#F8F8F8FF","#887828FF","#587098FF","#E0B848FF","#F8E878FF"
"#D0B830FF","#F8D830FF","#685020FF","#282828FF","#988838FF","#606060FF","#D8D8E0FF","#F8F8F8FF","#F8F880FF","#8890A0FF","#680000FF","#D0B830FF"
"#E8C808FF","#F8F838FF","#D06000FF","#F88800FF","#802020FF","#A06800FF","#F8F8C0FF","#F8B028FF","#F8F8F8FF","#707078FF","#E8C808FF","#F8F838FF"
"#40A0D8FF","#F89088FF","#68C8F8FF","#2078C0FF","#F8D0A8FF","#282828FF","#003098FF","#D86050FF","#F8F8F8FF","#B02010FF","#D8D8E0FF","#40A0D8FF"
"#E8E088FF","#A8A048FF","#605810FF","#60A8A0FF","#80C8C0FF","#F8F8A8FF","#105850FF","#C8C068FF","#388078FF","#F8F8F8FF","#E0E0E0FF","#606060FF"
"#60A8A0FF","#A8A048FF","#686010FF","#E8E088FF","#106058FF","#C8C068FF","#80C8C0FF","#F8F8A8FF","#98E0D8FF","#F8E8B0FF","#F0D060FF","#B09840FF"
"#B88828FF","#704010FF","#986808FF","#F8D030FF","#D0A040FF","#E84840FF","#F8F888FF","#F8A8A0FF","#E8B020FF","#A06800FF","#F8F8F8FF","#B88828FF"
"#D8C088FF","#B09860FF","#685820FF","#D8D8D0FF","#B8B8B0FF","#686868FF","#989890FF","#F8F8F8FF","#F8E0A8FF","#D8C088FF","#B09860FF","#685820FF"
"#C8D0D8FF","#90A8B0FF","#305058FF","#E8F0F8FF","#F8F8F8FF","#883030FF","#401060FF","#C8D0D8FF","#90A8B0FF","#305058FF","#E8F0F8FF","#F8F8F8FF"
"#404058FF","#585870FF","#F0F098FF","#F8F8C8FF","#707090FF","#E0D890FF","#989850FF","#D09858FF","#A06828FF","#8888B0FF","#E8A870FF","#F8F8F8FF"
"#6090C8FF","#3868A0FF","#88B0E0FF","#404058FF","#A8D0F8FF","#D0E8F8FF","#484868FF","#5870A0FF","#88A0D0FF","#F8F8F8FF","#B82838FF","#E06070FF"
"#F8E800FF","#805020FF","#E8B800FF","#C08800FF","#F8F898FF","#D88000FF","#F8B838FF","#F8F8F8FF","#585858FF","#D8D8D8FF","#F8E800FF","#805020FF"
"#F8D810FF","#F86000FF","#F8D098FF","#E80000FF","#F8A800FF","#B85000FF","#F8F040FF","#F89048FF","#803000FF","#C87820FF","#E8A848FF","#F8F8F8FF"
"#A080C0FF","#E8E8C0FF","#C0C098FF","#705090FF","#381858FF","#787850FF","#F8F8F8FF","#C0A0E0FF","#8810B0FF","#A080C0FF","#E8E8C0FF","#C0C098FF"
"#3078A8FF","#50A0D0FF","#F8F8F8FF","#184068FF","#D8D8E0FF","#686878FF","#B0B0C0FF","#90C8F0FF","#204088FF","#5080C8FF","#78C0F0FF","#783078FF"
"#C8A850FF","#F0D070FF","#685838FF","#D0D0A0FF","#78C0C0FF","#50A0A0FF","#F8F0C8FF","#989868FF","#F8E890FF","#F8F8F8FF","#707070FF","#307068FF"
"#E0E0F0FF","#B080D0FF","#B8B8D0FF","#8858A8FF","#505068FF","#F8F8F8FF","#8888B0FF","#703090FF","#E0B0F8FF","#E0E0F0FF","#B080D0FF","#B8B8D0FF"
"#F8C0C8FF","#F88078FF","#B02030FF","#D04850FF","#282828FF","#F0D0E0FF","#F8C0C8FF","#F88078FF","#B02030FF","#D04850FF","#282828FF","#F0D0E0FF"
"#C8E860FF","#98C008FF","#60A848FF","#487000FF","#388028FF","#005800FF","#D8F880FF","#003800FF","#900000FF","#C8C8C8FF","#989898FF","#C8E860FF"
"#F0E868FF","#D8B828FF","#105010FF","#A08018FF","#68C030FF","#307808FF","#685000FF","#48A010FF","#F8F8A8FF","#F8F8F8FF","#606060FF","#C0C0C0FF"
"#98E050FF","#F83858FF","#68B830FF","#C82038FF","#208810FF","#F0A098FF","#F8F8F8FF","#F8D820FF","#781038FF","#604800FF","#B8F878FF","#686868FF"
"#F86000FF","#F8E8A0FF","#E0C868FF","#405088FF","#E80000FF","#886020FF","#182850FF","#284060FF","#6080B8FF","#F8D800FF","#B09850FF","#F89800FF"
"#F8E8A0FF","#F86000FF","#405088FF","#E80000FF","#F8D800FF","#E0C868FF","#B09850FF","#886020FF","#F89800FF","#182850FF","#284060FF","#6080B8FF"
"#F8E890FF","#D0C068FF","#283860FF","#405078FF","#A08848FF","#E80800FF","#604810FF","#000848FF","#F8F8C0FF","#6088B0FF","#F8D800FF","#F86000FF"
"#3080C0FF","#68B0E0FF","#484880FF","#90D0F8FF","#F8C050FF","#C82810FF","#F85820FF","#780000FF","#A88028FF","#F8F8F8FF","#B0B0B0FF","#3080C0FF"
"#58A8E0FF","#3080C0FF","#484880FF","#E0B050FF","#780000FF","#F8E060FF","#C82818FF","#80C8F8FF","#987008FF","#F85820FF","#E04020FF","#F8A858FF"
"#58A8E0FF","#3080C0FF","#484880FF","#80C8F8FF","#F85820FF","#C82818FF","#F8D050FF","#C8A840FF","#780000FF","#987008FF","#F8F898FF","#F8A858FF"
"#E0C050FF","#F8F8F8FF","#E8D888FF","#906820FF","#704010FF","#B08838FF","#C8A040FF","#D84018FF","#380800FF","#B02010FF","#707070FF","#582808FF"
"#F8E890FF","#986048FF","#784038FF","#C09840FF","#481818FF","#E0C048FF","#202028FF","#F8F8C0FF","#980000FF","#707070FF","#F8F8F8FF","#F8E890FF"
"#786810FF","#A89820FF","#D8D058FF","#F0F8B8FF","#505050FF","#E07828FF","#584800FF","#908018FF","#F8B068FF","#C8B828FF","#787878FF","#F8F8F8FF"
"#C8A040FF","#987038FF","#482818FF","#785848FF","#E0C860FF","#604030FF","#F8F8A8FF","#707070FF","#F8F8F8FF","#987868FF","#F8E870FF","#C03018FF"
"#F0E070FF","#707070FF","#F8F8F8FF","#C8B038FF","#B0B0B0FF","#E85018FF","#B04028FF","#C8C8C8FF","#783018FF","#A07800FF","#F09830FF","#F8F8B8FF"
"#F85820FF","#686868FF","#C03810FF","#803010FF","#F0E070FF","#F8F8F8FF","#B0B0B0FF","#D0D0D0FF","#C8B038FF","#F8C080FF","#A07800FF","#001870FF"
"#90E040FF","#60B820FF","#907830FF","#B0A030FF","#C8F870FF","#305010FF","#507828FF","#F8F858FF","#787878FF","#903000FF","#F8F8F8FF","#B8B8B8FF"
"#6830A8FF","#F8E858FF","#9058E8FF","#D8B048FF","#C85000FF","#907030FF","#F87828FF","#686868FF","#882000FF","#F8A838FF","#B890F8FF","#F8F8F8FF"
"#C058C8FF","#9838B0FF","#701890FF","#E088F0FF","#F8F8F8FF","#F8D000FF","#A0A0A0FF","#D09000FF","#686868FF","#C058C8FF","#9838B0FF","#701890FF"
"#4058A8FF","#6078D0FF","#F8F8F8FF","#8898F8FF","#A0C8F8FF","#F8F0A8FF","#B08838FF","#D0B058FF","#F8D878FF","#003870FF","#C8E0F8FF","#886018FF"
"#6088E0FF","#88A8F8FF","#3868C8FF","#A0C8F8FF","#005088FF","#805008FF","#F8E050FF","#F8E878FF","#B08838FF","#D0B058FF","#F8F8F8FF","#B00000FF"
"#F8E880FF","#E0B040FF","#505050FF","#F8F8C0FF","#C08800FF","#805000FF","#F87048FF","#707070FF","#C04028FF","#702008FF","#F8F8F8FF","#F8E880FF"
"#F8C898FF","#F8A080FF","#D87040FF","#784800FF","#C04800FF","#A06800FF","#980000FF","#D0A028FF","#603020FF","#C80000FF","#F8F8F8FF","#F8C898FF"
"#F8D8D8FF","#F8B8C0FF","#B05050FF","#E87890FF","#980000FF","#288808FF","#206000FF","#F8F8F8FF","#006000FF","#F8D8D8FF","#F8B8C0FF","#B05050FF"
"#F8F0A8FF","#F0F0F8FF","#A89048FF","#D8C070FF","#F8F8C8FF","#683800FF","#C8C8C8FF","#686878FF","#D87070FF","#C01800FF","#6880D8FF","#0048D0FF"
"#F8F8F8FF","#C8C8C8FF","#A8A8B8FF","#E0E0E8FF","#808090FF","#585870FF","#0028C0FF","#6880D8FF","#B00000FF","#880000FF","#D87070FF","#F8F8F8FF"
"#50C048FF","#282828FF","#98E048FF","#802800FF","#F84800FF","#806020FF","#C83800FF","#F8D840FF","#489040FF","#C8A838FF","#306028FF","#505050FF"
"#282828FF","#50C848FF","#F8F8F8FF","#489040FF","#C8C8C8FF","#505050FF","#E83800FF","#306028FF","#B03000FF","#909090FF","#98E048FF","#F8D840FF"
"#F8E880FF","#E0C060FF","#C09028FF","#885818FF","#2090B8FF","#48B0E0FF","#004890FF","#F8D800FF","#E0A800FF","#505050FF","#B07800FF","#002068FF"
"#E85840FF","#F8F8F8FF","#F89078FF","#C8C8D8FF","#9898B0FF","#707088FF","#C83818FF","#A80000FF","#484848FF","#F8C0A0FF","#5080C0FF","#80C0F8FF"
"#F8E848FF","#F8C010FF","#D09000FF","#F8F8F8FF","#904800FF","#606868FF","#E0E0E0FF","#A8A8A8FF","#C04000FF","#F86000FF","#882000FF","#580000FF"
"#D02000FF","#50C030FF","#388800FF","#800000FF","#70A830FF","#B0B038FF","#F06800FF","#98D048FF","#E0E068FF","#506028FF","#808018FF","#105810FF"
"#6890F8FF","#3858B8FF","#F8F8F8FF","#98B8F8FF","#304058FF","#901800FF","#4870F8FF","#606060FF","#D8E0D8FF","#D04800FF","#6890F8FF","#3858B8FF"
"#58A8E0FF","#3080C0FF","#F8F8F8FF","#80C8F8FF","#484880FF","#C8C8C8FF","#E05000FF","#C02800FF","#686868FF","#989898FF","#58A8E0FF","#3080C0FF"
"#B89850FF","#907030FF","#E0C068FF","#604810FF","#28A830FF","#28D830FF","#186820FF","#88F888FF","#D89000FF","#F8F8F8FF","#F8C800FF","#B89850FF"
"#78B818FF","#98E830FF","#F8E050FF","#307800FF","#E0B028FF","#986000FF","#C8F880FF","#B03800FF","#808080FF","#E06830FF","#F8F8F8FF","#F8B068FF"
"#F86050FF","#80E038FF","#40A020FF","#206010FF","#D04010FF","#60C838FF","#A01000FF","#F89870FF","#F8F850FF","#F0C000FF","#F86050FF","#80E038FF"
"#60C838FF","#40A820FF","#186000FF","#88E838FF","#A85800FF","#F8D000FF","#F0A000FF","#F8E870FF","#A0A0A0FF","#D0D0D0FF","#F8F8F8FF","#60C838FF"
"#E8D890FF","#F0E8B0FF","#F8F8D8FF","#5880D0FF","#4068C0FF","#988850FF","#78A0F8FF","#C8B870FF","#385090FF","#309830FF","#40E038FF","#D04000FF"
"#8838B0FF","#B060E0FF","#502068FF","#F8E8A0FF","#E8C058FF","#000000FF","#C09850FF","#886840FF","#F8F8F8FF","#D080F8FF","#F8F0C0FF","#D0D0D0FF"
"#F8F800FF","#B0A030FF","#50A038FF","#504828FF","#D0C830FF","#686030FF","#70D028FF","#A0F038FF","#206010FF","#483828FF","#F800F8FF","#707088FF"
"#98D048FF","#70A830FF","#805810FF","#506028FF","#D8A018FF","#F8F010FF","#F8F8A0FF","#B8F870FF","#E0D858FF","#E8C808FF","#C07820FF","#D83800FF"
"#F87840FF","#E0F8F8FF","#D04000FF","#A0B0D0FF","#80E820FF","#708088FF","#F8D890FF","#903000FF","#50B020FF","#484850FF","#306800FF","#F87840FF"
"#88C0F0FF","#4898D0FF","#304880FF","#C0E0E0FF","#9060A0FF","#C078C0FF","#603868FF","#E8A8F8FF","#F8F8F8FF","#88C0F0FF","#4898D0FF","#304880FF"
"#60A0E0FF","#A8C8E8FF","#4888C8FF","#385898FF","#204060FF","#103040FF","#906090FF","#C0E8F0FF","#605078FF","#60A0E0FF","#A8C8E8FF","#4888C8FF"
"#B070E0FF","#D0A8E0FF","#7850B0FF","#503868FF","#303030FF","#803840FF","#001890FF","#F8F8F8FF","#D03840FF","#B070E0FF","#D0A8E0FF","#7850B0FF"
"#585050FF","#908080FF","#403838FF","#302828FF","#F8C000FF","#C89028FF","#B0A0A0FF","#F8E888FF","#F85838FF","#F8F8F8FF","#585050FF","#908080FF"
"#506868FF","#385050FF","#284040FF","#88A0A0FF","#987820FF","#F8F850FF","#D0B028FF","#684810FF","#F8F8F8FF","#E83840FF","#A81020FF","#F8A888FF"
"#E06830FF","#F8B070FF","#F8F8F8FF","#B0B0A8FF","#D8D8C8FF","#505040FF","#C84820FF","#909078FF","#F8B830FF","#982000FF","#906800FF","#F87838FF"
"#709890FF","#486870FF","#284840FF","#A81048FF","#F890B8FF","#E85890FF","#90B8B0FF","#782000FF","#F8D0C0FF","#B82018FF","#F85828FF","#F8F050FF"
"#707070FF","#505050FF","#F8F8F8FF","#D8D8D8FF","#A0A0A0FF","#707070FF","#505050FF","#F8F8F8FF","#D8D8D8FF","#A0A0A0FF","#707070FF","#505050FF"
"#4898B8FF","#68B8D8FF","#98D0E8FF","#207090FF","#284850FF","#505050FF","#808080FF","#F8F8F8FF","#4898B8FF","#68B8D8FF","#98D0E8FF","#207090FF"
"#585038FF","#A09050FF","#F8D840FF","#E8B030FF","#786838FF","#F8F8F8FF","#403020FF","#B88810FF","#E86870FF","#F8A8B8FF","#B0D0E0FF","#F8F078FF"
"#3870A0FF","#284878FF","#80D0D0FF","#50A8B0FF","#B0E8F0FF","#3870A0FF","#284878FF","#80D0D0FF","#50A8B0FF","#B0E8F0FF","#3870A0FF","#284878FF"
"#A84888FF","#C080B8FF","#E0B0E0FF","#602858FF","#B82840FF","#F0D8E8FF","#801030FF","#F06070FF","#F8F8F8FF","#F8B8C8FF","#A84888FF","#C080B8FF"
"#48A8B8FF","#E0E080FF","#B88820FF","#F0F0C0FF","#D8B838FF","#205088FF","#80C8D0FF","#685828FF","#C0C8D0FF","#585858FF","#F8F8F8FF","#888888FF"
"#B080D0FF","#D8B8F8FF","#7058A0FF","#584078FF","#4888B8FF","#F0D8F8FF","#F8F8F8FF","#585858FF","#60C0E8FF","#105890FF","#183070FF","#909090FF"
"#8098A8FF","#485878FF","#B8C8C0FF","#D8E0D8FF","#383850FF","#F8F8F8FF","#D05040FF","#8098A8FF","#485878FF","#B8C8C0FF","#D8E0D8FF","#383850FF"
"#E8B0A0FF","#E06068FF","#902838FF","#404050FF","#F8C8C0FF","#607070FF","#90A0A0FF","#A8D8F0FF","#F8F8F8FF","#D8D8D8FF","#A02828FF","#F88028FF"
"#D070D0FF","#986090FF","#E098E8FF","#583850FF","#E8B8F8FF","#A0A098FF","#303840FF","#F8F8F8FF","#505858FF","#803800FF","#E0C080FF","#D070D0FF"
"#4858A0FF","#5880C0FF","#384860FF","#70A8E8FF","#C0B050FF","#E0D870FF","#E8F8A0FF","#685030FF","#F8F8F8FF","#D05060FF","#F8A090FF","#900000FF"
"#F86010FF","#C83800FF","#782000FF","#F8C070FF","#F8F8F8FF","#909098FF","#C0C0C8FF","#585868FF","#B88828FF","#F8C810FF","#F88828FF","#F86010FF"
"#802000FF","#F8F8F8FF","#C03810FF","#F8F858FF","#E8C048FF","#E09880FF","#F0C8B0FF","#B88828FF","#F07038FF","#705010FF","#F8B078FF","#908070FF"
"#6068B0FF","#303860FF","#7888D8FF","#98B0F8FF","#F8F8F8FF","#D0D0D0FF","#686868FF","#989898FF","#886800FF","#C0A028FF","#F8F888FF","#6068B0FF"
"#385848FF","#507868FF","#283828FF","#C04848FF","#88A898FF","#F8F8F8FF","#801020FF","#F8C8D0FF","#B8B0C0FF","#F87068FF","#686078FF","#C88000FF"
"#C0A050FF","#A08038FF","#786018FF","#F8F0A0FF","#584000FF","#F8D078FF","#D8C070FF","#D0A850FF","#F8F8F8FF","#686878FF","#D8D8D8FF","#B0B0B8FF"
"#A08038FF","#786018FF","#C0A050FF","#483000FF","#F8D078FF","#D0A850FF","#F8F0A0FF","#787888FF","#F8F8F8FF","#B0B0B8FF","#D8C070FF","#E85068FF"
"#D85820FF","#F88048FF","#902000FF","#F8B868FF","#F8D070FF","#F8E898FF","#F8F8F8FF","#F0A000FF","#686868FF","#D85820FF","#F88048FF","#902000FF"
"#D85820FF","#902000FF","#F88048FF","#606060FF","#808080FF","#F8B868FF","#404040FF","#A8A8A8FF","#F8D070FF","#F8E898FF","#A06858FF","#F8C000FF"
"#C0A050FF","#A08038FF","#786018FF","#584000FF","#382800FF","#D8C070FF","#F8B880FF","#B06028FF","#D88850FF","#C0A050FF","#A08038FF","#786018FF"
"#C0A050FF","#A08038FF","#786018FF","#D8C070FF","#503800FF","#F8F8F8FF","#D8D8D8FF","#B0B0B8FF","#F8B880FF","#787888FF","#B06028FF","#D88850FF"
"#F8A8C0FF","#E06888FF","#D8D8D8FF","#881010FF","#B83858FF","#F8D0D8FF","#A8A8A8FF","#F8F8F8FF","#585860FF","#F8A8C0FF","#E06888FF","#D8D8D8FF"
"#B0D8D0FF","#384878FF","#88A8B8FF","#6088A0FF","#D0F0F0FF","#F8F8F8FF","#282838FF","#D0D0D0FF","#787880FF","#B0D8D0FF","#384878FF","#88A8B8FF"
"#D03810FF","#F06830FF","#800000FF","#F8B068FF","#905800FF","#D09828FF","#F8D050FF","#F8F8A8FF","#F8F8F8FF","#787880FF","#A8A8B0FF","#D0D0D0FF"
"#F8F8F8FF","#D04000FF","#D0D0D0FF","#F87010FF","#A8A8B0FF","#585858FF","#903000FF","#808080FF","#C88828FF","#784000FF","#F8B868FF","#F8C840FF"
"#D0B8C8FF","#E0C8E0FF","#284060FF","#F0E0F0FF","#A090A0FF","#586888FF","#182848FF","#686868FF","#90A0D0FF","#F8F8F8FF","#98A0C0FF","#B0C8F8FF"
"#C0C0C8FF","#A0A0A8FF","#787880FF","#C03830FF","#E0E0E8FF","#505050FF","#F06050FF","#902000FF","#F89878FF","#F8F8F8FF","#C89000FF","#F8D800FF"
"#504848FF","#383030FF","#F8F8F8FF","#B0A0A0FF","#282020FF","#E8A050FF","#B87838FF","#887878FF","#F8D088FF","#905018FF","#B03008FF","#504848FF"
"#504848FF","#383030FF","#887878FF","#B0A0A0FF","#F8F8F8FF","#E8A050FF","#282020FF","#B87838FF","#905018FF","#F8D088FF","#B03008FF","#F86830FF"
"#4898B8FF","#98B8F0FF","#484880FF","#B8D8F0FF","#F8F8F8FF","#A86800FF","#E0A838FF","#F8F898FF","#F0E048FF","#D0D0D0FF","#B83830FF","#F06850FF"
"#98B8E8FF","#6090C0FF","#505090FF","#A8D0E8FF","#B83830FF","#F06850FF","#800000FF","#F8F8F8FF","#F8A888FF","#98B8E8FF","#6090C0FF","#505090FF"
"#507070FF","#D0C8C8FF","#A8A0A0FF","#789898FF","#A0C0C0FF","#305050FF","#585858FF","#903828FF","#F8F8F8FF","#D8D8D8FF","#B8B8B8FF","#C07858FF"
"#D86050FF","#F89088FF","#68C8F8FF","#40A0D8FF","#90E8F8FF","#003098FF","#2078C0FF","#F8F8F8FF","#B02010FF","#F8D0A8FF","#D0D0D0FF","#686878FF"
"#B08030FF","#E0B058FF","#784000FF","#F8F8A8FF","#E0A020FF","#F8D850FF","#F8D880FF","#484848FF","#F8D070FF","#B0B0B0FF","#787878FF","#F8F8F8FF"
"#A8A888FF","#D8D8B8FF","#685830FF","#888050FF","#483810FF","#189800FF","#68D840FF","#40C018FF","#F8F8F8FF","#F08000FF","#006000FF","#B00000FF"
"#E8A8F8FF","#C880C8FF","#803058FF","#A86098FF","#700000FF","#C86028FF","#B03000FF","#E08840FF","#F8D8F8FF","#F8F8F8FF","#D0D0D0FF","#A8A8A8FF"
"#B8A050FF","#806010FF","#505890FF","#4880C8FF","#E0C878FF","#60A8E8FF","#F8E898FF","#88D0F8FF","#909098FF","#C8C8C8FF","#F8F8F8FF","#606068FF"
"#F8E050FF","#D84878FF","#F890A0FF","#D8C830FF","#881058FF","#000000FF","#908018FF","#B8A828FF","#D8C080FF","#888048FF","#F0E0A8FF","#F8C0A0FF"
"#E0A800FF","#F0C048FF","#B06800FF","#F8E098FF","#303040FF","#686868FF","#C8C8C8FF","#F8F8F8FF","#701000FF","#E0A800FF","#F0C048FF","#B06800FF"
"#D05038FF","#F87860FF","#903020FF","#F8C080FF","#D0A800FF","#707078FF","#F8F8B0FF","#F8F8F8FF","#F0D038FF","#C0C0C0FF","#D05038FF","#F87860FF"
"#F8A8A0FF","#D07870FF","#303030FF","#F8E098FF","#181820FF","#884848FF","#585858FF","#C09850FF","#F8D0D8FF","#A0A0A0FF","#906820FF","#E8C078FF"
"#F8A8C0FF","#E87898FF","#D8D8D8FF","#F8F8F8FF","#B0B0B0FF","#D04860FF","#F8D0D8FF","#686868FF","#B82030FF","#F8A8C0FF","#E87898FF","#D8D8D8FF"
"#D0D0D0FF","#D09828FF","#F8C840FF","#686868FF","#7828D8FF","#F8F8F8FF","#B070F8FF","#886010FF","#A0A0A0FF","#401090FF","#F8E890FF","#D0B0F8FF"
"#806020FF","#B09048FF","#D0D0D0FF","#F8F8F8FF","#D8B860FF","#503800FF","#A8A8A8FF","#606060FF","#980000FF","#F8E090FF","#D09000FF","#E02800FF"
"#5870D0FF","#78B8F8FF","#8830E0FF","#A868F8FF","#384890FF","#686868FF","#503888FF","#B0B0B0FF","#F8F8F8FF","#B8E8F8FF","#D0D0D0FF","#909090FF"
"#B0D8B0FF","#78A878FF","#486048FF","#C0E8C0FF","#B83820FF","#682000FF","#E85028FF","#F8A058FF","#F8F8F8FF","#B0D8B0FF","#78A878FF","#486048FF"
"#7098C0FF","#88C0E8FF","#285880FF","#B8E0F8FF","#F8F8F8FF","#404060FF","#A8A8A8FF","#C8C8D0FF","#B04000FF","#7098C0FF","#88C0E8FF","#285880FF"
"#A0D0A0FF","#70A070FF","#385038FF","#C0E8C0FF","#4898E0FF","#F8F8F8FF","#707070FF","#2078B8FF","#004888FF","#60B0F8FF","#C0C0C0FF","#A0D0A0FF"
"#F8F8F8FF","#D8D8E0FF","#606060FF","#9898B0FF","#B8B8C0FF","#0060B8FF","#5870F8FF","#004080FF","#78A0F0FF","#F8F8F8FF","#D8D8E0FF","#606060FF"
"#F85800FF","#40D050FF","#F8F8F8FF","#C84000FF","#981000FF","#109010FF","#A06800FF","#F8E000FF","#E0A800FF","#F8A800FF","#98F0A8FF","#686868FF"
"#E8F8D0FF","#208820FF","#40B840FF","#78D070FF","#F8F8F8FF","#C0E8A0FF","#3888C8FF","#0060B0FF","#A8E8F8FF","#70B8E0FF","#B0B0B8FF","#E8F8D0FF"
"#98D048FF","#70A830FF","#506028FF","#488858FF","#F86850FF","#184038FF","#48B880FF","#D05038FF","#B8F870FF","#A04830FF","#F8C050FF","#E09848FF"
"#000000FF","#105048FF","#58B068FF","#50A0B8FF","#388090FF","#88E090FF","#E04028FF","#388040FF","#F87050FF","#802830FF","#B8F8B0FF","#B84040FF"
"#98D048FF","#70A830FF","#587820FF","#386020FF","#B8F870FF","#D05038FF","#A04830FF","#C08038FF","#F8C050FF","#F8E068FF","#F86850FF","#F8E8B0FF"
"#F86838FF","#D05838FF","#F8C050FF","#583830FF","#F8D060FF","#887858FF","#F8A038FF","#D09838FF","#F8D890FF","#D0B890FF","#B09078FF","#F8F8F8FF"
"#F0B050FF","#F8D060FF","#F86838FF","#C09038FF","#786858FF","#B09078FF","#583830FF","#F8D898FF","#D0B890FF","#D05838FF","#883830FF","#F8A038FF"
"#F87850FF","#F8D068FF","#482840FF","#E8D0A8FF","#000000FF","#D86030FF","#E0A858FF","#907078FF","#B04030FF","#F8E098FF","#A89090FF","#907858FF"
"#58A8E0FF","#3080C0FF","#B0B8F0FF","#484880FF","#78C0F8FF","#A07858FF","#8898B0FF","#F8B050FF","#787078FF","#F09840FF","#C88040FF","#C0C8F8FF"
"#585870FF","#68B8B8FF","#609098FF","#90D0D0FF","#F8A050FF","#F07838FF","#C86020FF","#A8A8D0FF","#C0C0E8FF","#808098FF","#D8D8F8FF","#A8E8E8FF"
"#5068A0FF","#3080C0FF","#C0E0F8FF","#283060FF","#58A8E0FF","#385080FF","#A8B8E0FF","#984858FF","#88C8F8FF","#F8D048FF","#886048FF","#F09840FF"
"#485060FF","#C0B8C8FF","#000000FF","#A098A8FF","#807888FF","#303040FF","#D0C8D8FF","#F8D058FF","#B08858FF","#A83840FF","#F8F8F8FF","#D84840FF"
"#303040FF","#000000FF","#485068FF","#C0C8D0FF","#908898FF","#202028FF","#A8A8B0FF","#A01010FF","#F8F8F8FF","#D83838FF","#F8C058FF","#303040FF"
"#A87858FF","#685848FF","#C0A888FF","#E0D0A8FF","#C89878FF","#484028FF","#100000FF","#403830FF","#E8B898FF","#F8E8C0FF","#785848FF","#C83820FF"
"#886040FF","#D8D0B0FF","#F8F0F0FF","#A88870FF","#000000FF","#C0B090FF","#807058FF","#403820FF","#C8A888FF","#385080FF","#7888D8FF","#886040FF"
"#605050FF","#C85058FF","#D8D0A0FF","#F8F8D0FF","#F07860FF","#181818FF","#F0B888FF","#B0A098FF","#F0F000FF","#C0C058FF","#909000FF","#E0D0E8FF"
"#E8E8E0FF","#D8D0E0FF","#686870FF","#B8B8C8FF","#A8A8B0FF","#181818FF","#F8F8F8FF","#888890FF","#101018FF","#E8E8E0FF","#D8D0E0FF","#686870FF"
"#888878FF","#585850FF","#F8F830FF","#C0C070FF","#E0D870FF","#181800FF","#E8E8B0FF","#F89028FF","#F8F8E8FF","#9880F8FF","#A8A868FF","#989870FF"
"#E8D0E0FF","#D8B0E0FF","#686070FF","#A898B8FF","#181818FF","#888890FF","#E8E0F8FF","#A8A8B0FF","#E8D0E0FF","#D8B0E0FF","#686070FF","#A898B8FF"
"#B0D070FF","#584848FF","#C0F890FF","#809080FF","#98B098FF","#C05030FF","#D090C0FF","#181818FF","#B06890FF","#C8C030FF","#B89050FF","#E8E830FF"
"#488828FF","#304820FF","#307090FF","#78D048FF","#60B830FF","#D0A838FF","#887030FF","#48A828FF","#F8D048FF","#5088C8FF","#304058FF","#90B0D8FF"
"#606840FF","#809040FF","#88B030FF","#A8D038FF","#D8F8C0FF","#80C090FF","#B8E0B0FF","#C8F050FF","#C84830FF","#904838FF","#F87040FF","#F8F8F8FF"
"#98C060FF","#F0F090FF","#A0E858FF","#886850FF","#486848FF","#D0D078FF","#C8F888FF","#688858FF","#282828FF","#D0B048FF","#B0B070FF","#C08070FF"
"#505020FF","#985830FF","#B0C880FF","#D0B050FF","#F0C060FF","#D09030FF","#789050FF","#E0E8B0FF","#F8E8A8FF","#F8F8F8FF","#807870FF","#505020FF"
"#987898FF","#C89860FF","#483840FF","#E0E8B0FF","#B0C880FF","#181818FF","#789050FF","#685060FF","#407038FF","#E0C090FF","#60C080FF","#90E880FF"
"#E0D8F8FF","#985860FF","#000000FF","#704048FF","#F8F8F8FF","#D87850FF","#503030FF","#60A860FF","#B8B0C0FF","#808070FF","#487828FF","#80D060FF"
"#F8F8F8FF","#283058FF","#5868A8FF","#485890FF","#C8D0D0FF","#000000FF","#909090FF","#785858FF","#803850FF","#C03030FF","#E0B848FF","#F8E850FF"
"#405078FF","#283058FF","#000000FF","#5868A8FF","#E06860FF","#C8D0D0FF","#803850FF","#C03030FF","#F89088FF","#7888C8FF","#909090FF","#785858FF"
"#C0B8E0FF","#F0E8F8FF","#383838FF","#888888FF","#000000FF","#5070E0FF","#885810FF","#606060FF","#305088FF","#F8A830FF","#D88000FF","#D8D0F8FF"
"#F8D060FF","#E0A858FF","#D8D8E8FF","#3898B0FF","#000000FF","#206078FF","#F0F0F8FF","#505058FF","#805840FF","#F8E898FF","#70B8D0FF","#B88838FF"
"#C8F8A8FF","#C0C8D8FF","#E8E8F8FF","#307848FF","#70B870FF","#E05038FF","#8090B0FF","#90E090FF","#785050FF","#A0B0C8FF","#F89880FF","#C8F8A8FF"
"#70B870FF","#C8F8A8FF","#E8E8F8FF","#307848FF","#C0C8D8FF","#90E090FF","#E05038FF","#A0B0C8FF","#785050FF","#687890FF","#F89880FF","#F8F8F8FF"
"#E8E8F8FF","#C0C8D8FF","#307848FF","#70B870FF","#C8F8A8FF","#8090B0FF","#90E090FF","#A0B0C8FF","#E05038FF","#785050FF","#F89880FF","#F8F8F8FF"
"#305858FF","#5888B0FF","#78C0D0FF","#786810FF","#207090FF","#F8D058FF","#A88810FF","#58A0D0FF","#C8A830FF","#E87888FF","#E06858FF","#F8F8F8FF"
"#90A0C0FF","#C88830FF","#F8F8F8FF","#C0E8E8FF","#F89848FF","#B0C8E8FF","#684820FF","#404058FF","#D8D8C8FF","#804020FF","#181818FF","#D83820FF"
"#E8C088FF","#D0A058FF","#F8E0A8FF","#000000FF","#604830FF","#88C080FF","#906830FF","#588048FF","#405030FF","#78A868FF","#A8C080FF","#E8C088FF"
"#709030FF","#000000FF","#F0D078FF","#A08050FF","#D0A868FF","#90B848FF","#385018FF","#604838FF","#A8D060FF","#D84828FF","#A83010FF","#E87848FF"
"#E0C8A0FF","#B09068FF","#C8B088FF","#000000FF","#503828FF","#886840FF","#705028FF","#404040FF","#D07868FF","#C8C8C8FF","#F8F8F8FF","#883040FF"
"#C8C8C8FF","#F8F8F8FF","#E0E0E0FF","#404040FF","#808080FF","#000000FF","#F86060FF","#D03830FF","#504020FF","#886840FF","#703030FF","#705028FF"
"#A88868FF","#D0C8B0FF","#886850FF","#584030FF","#C8C8E8FF","#C0A890FF","#100000FF","#586078FF","#E8E8F8FF","#883040FF","#F0E8D0FF","#D88090FF"
"#E0D0D0FF","#585050FF","#988878FF","#B0A890FF","#C8B8B0FF","#787060FF","#282828FF","#704838FF","#987050FF","#C8A068FF","#80C068FF","#F0E8E0FF"
"#F8F8F8FF","#000000FF","#A8B0B0FF","#889090FF","#404058FF","#B03820FF","#D8A850FF","#886840FF","#F0D050FF","#F06810FF","#D0D0C8FF","#585878FF"
"#B0A038FF","#D0C040FF","#887028FF","#504828FF","#F0E060FF","#B8B8B8FF","#F8F8F8FF","#D8D8D8FF","#705828FF","#A08030FF","#B0A038FF","#D0C040FF"
"#E890D0FF","#D868B8FF","#F0A838FF","#000000FF","#F8D078FF","#F8A0E8FF","#B85088FF","#883860FF","#A07018FF","#D09800FF","#700818FF","#585868FF"
"#7870B0FF","#585088FF","#000000FF","#A098D8FF","#383868FF","#F8D858FF","#D0A018FF","#C8C8C8FF","#987018FF","#F8F8F8FF","#D04830FF","#707070FF"
"#504888FF","#000000FF","#7870B0FF","#B8B8E8FF","#A098D8FF","#D8B048FF","#F8D858FF","#D04830FF","#F87050FF","#987018FF","#683018FF","#983818FF"
"#F8D050FF","#E8B830FF","#C89850FF","#785838FF","#585870FF","#000000FF","#303858FF","#9898A0FF","#C85040FF","#808090FF","#F8E078FF","#F85848FF"
"#E8B850FF","#181818FF","#D08058FF","#303060FF","#A86040FF","#E0D0A0FF","#F0D070FF","#F0E0C0FF","#E8A068FF","#886850FF","#804830FF","#606090FF"
"#6890F8FF","#3858B8FF","#4870F8FF","#000000FF","#304058FF","#98B8F8FF","#5880F0FF","#B84840FF","#D8E8F8FF","#D86058FF","#E87870FF","#6890F8FF"
"#8090A0FF","#90B8B0FF","#607078FF","#383850FF","#B8D0D8FF","#181818FF","#F08828FF","#C85818FF","#883818FF","#485050FF","#F8C0A0FF","#8090A0FF"
"#F88068FF","#F8F090FF","#C05038FF","#F8A890FF","#802830FF","#000000FF","#F8C860FF","#F8C8B8FF","#C89840FF","#780068FF","#806840FF","#F88068FF"
"#D890A0FF","#000000FF","#F8B840FF","#704850FF","#A05868FF","#803848FF","#F8D860FF","#C07888FF","#D89840FF","#B88058FF","#F0B0C0FF","#F8F898FF"
"#A070A0FF","#C078B8FF","#886088FF","#483048FF","#000000FF","#D090D0FF","#684870FF","#F8F8F8FF","#9080D0FF","#C0D8F8FF","#A8B0C8FF","#F85048FF"
"#000000FF","#808080FF","#505050FF","#B86088FF","#984868FF","#D09848FF","#F8C058FF","#A0A0A0FF","#F8D888FF","#C0C0C0FF","#987838FF","#D080A8FF"
"#D8C8C8FF","#000000FF","#B8A8A8FF","#686868FF","#F8F8F8FF","#484840FF","#988888FF","#68B8F8FF","#888888FF","#D8C8C8FF","#000000FF","#B8A8A8FF"
"#D8C8C8FF","#686868FF","#888888FF","#B8A8A8FF","#000000FF","#484840FF","#F8F8F8FF","#383840FF","#988888FF","#A8A8A8FF","#786868FF","#68B8F8FF"
"#484840FF","#686868FF","#D8C8C8FF","#A8A8A8FF","#888888FF","#000000FF","#F8F8F8FF","#B8A8A8FF","#786868FF","#988888FF","#68B8F8FF","#A83848FF"
"#C8C0C0FF","#E8E0E0FF","#000000FF","#907878FF","#6090C8FF","#4870A8FF","#88B8F0FF","#485870FF","#C0D8F8FF","#F8F8F8FF","#E05838FF","#702840FF"
"#C85850FF","#000000FF","#E07878FF","#F89890FF","#888878FF","#E8E8D0FF","#B8B8A8FF","#785048FF","#D0D0C0FF","#F8C858FF","#F8E080FF","#A08868FF"
"#98D880FF","#68B078FF","#181818FF","#508858FF","#405040FF","#F8E820FF","#D0D018FF","#A8C040FF","#C0C8D8FF","#F8F8F8FF","#98D880FF","#68B078FF"
"#D8E068FF","#7080C0FF","#F8F848FF","#887840FF","#384048FF","#B0C068FF","#88A8E8FF","#181818FF","#505880FF","#F8F8F8FF","#E85068FF","#A82010FF"
"#F8E8C0FF","#D86048FF","#E8D080FF","#000000FF","#885830FF","#787050FF","#E89870FF","#F8F0D8FF","#B8A880FF","#F8F8F8FF","#F8E8C0FF","#D86048FF"
"#5878E0FF","#F8E8C0FF","#E8D080FF","#000000FF","#6098F8FF","#305880FF","#787050FF","#F8F0D8FF","#B8A880FF","#283040FF","#E85038FF","#404060FF"
"#484850FF","#000000FF","#A0B0C0FF","#604830FF","#E05060FF","#D8B850FF","#7888A0FF","#F8F8F8FF","#C83850FF","#888890FF","#883048FF","#F8E050FF"
"#88A8C8FF","#484848FF","#000000FF","#B060C8FF","#A8C0E8FF","#885098FF","#302830FF","#787878FF","#586888FF","#C888D8FF","#E0B048FF","#988050FF"
"#000000FF","#285890FF","#F05880FF","#78C860FF","#B0E870FF","#A03048FF","#5090D0FF","#609048FF","#406030FF","#8098A0FF","#60B0F8FF","#C8D8D0FF"
"#A0D890FF","#80A070FF","#000000FF","#486838FF","#98B888FF","#C0E8B0FF","#F8E8A0FF","#F0D858FF","#404040FF","#A89048FF","#C8A810FF","#A0D890FF"
"#B888F8FF","#9868D0FF","#D0A8F8FF","#705890FF","#F82800FF","#303030FF","#000000FF","#583868FF","#686868FF","#505050FF","#807840FF","#F8D058FF"
"#C89028FF","#000000FF","#304898FF","#604838FF","#E8B828FF","#F03838FF","#783838FF","#B83838FF","#4078B8FF","#282858FF","#F8F8F8FF","#A8C0F8FF"
"#408890FF","#D8C8F0FF","#406078FF","#384048FF","#90B8B8FF","#000000FF","#A898B0FF","#E8E0F8FF","#F8F8F8FF","#F8D860FF","#D8B840FF","#683848FF"
"#306898FF","#4880B0FF","#E8D0A0FF","#C8B080FF","#6098C8FF","#203048FF","#000000FF","#686048FF","#988860FF","#90C0E8FF","#385078FF","#B0B8C0FF"
"#B0A8B0FF","#D0C8D8FF","#E8E0F8FF","#2850C0FF","#3060F8FF","#303858FF","#5080F8FF","#807080FF","#B098A8FF","#285078FF","#90A8F8FF","#504848FF"
"#F0D800FF","#C8B038FF","#90D818FF","#686020FF","#181818FF","#909050FF","#F0F0A0FF","#D0D090FF","#587068FF","#B0F030FF","#D8C820FF","#70A038FF"
"#E06818FF","#B85028FF","#E8A848FF","#A8A858FF","#503018FF","#D0D080FF","#484820FF","#8080B8FF","#181818FF","#E8E8C8FF","#B87868FF","#F8F8F8FF"
"#B8A8A0FF","#D0C8C0FF","#E8D8D0FF","#585858FF","#C05038FF","#303030FF","#000000FF","#904830FF","#808080FF","#583038FF","#E07848FF","#F89868FF"
"#888890FF","#687078FF","#303028FF","#000000FF","#F8C8B8FF","#484848FF","#A8A8A0FF","#C08858FF","#E0A880FF","#F8E0F8FF","#904848FF","#F8F8F8FF"
"#606060FF","#E0A8E8FF","#000000FF","#B070B8FF","#909090FF","#484848FF","#D06880FF","#787878FF","#984860FF","#F0C8F8FF","#785088FF","#C888D0FF"
"#E0D0A0FF","#C0B080FF","#584030FF","#786048FF","#B05828FF","#F0E0A8FF","#D86838FF","#A89068FF","#D88848FF","#A84058FF","#E0D0A0FF","#C0B080FF"
"#C87870FF","#704040FF","#E89848FF","#F8B878FF","#202020FF","#404030FF","#789048FF","#A8C060FF","#D8F070FF","#F8F8F8FF","#C87870FF","#704040FF"
"#000000FF","#308860FF","#60C090FF","#A0A0A0FF","#505050FF","#808080FF","#88E8B0FF","#B8B078FF","#787038FF","#E0D088FF","#F8F8A0FF","#C8C8C8FF"
"#000000FF","#A8D870FF","#98B860FF","#D0F880FF","#983030FF","#E07070FF","#588058FF","#68A070FF","#789840FF","#90D098FF","#305858FF","#F8B0B0FF"
"#C8E870FF","#A8C860FF","#305028FF","#407028FF","#88A850FF","#688840FF","#489838FF","#78C868FF","#E0F898FF","#F8D048FF","#B89840FF","#F8E890FF"
"#B0D070FF","#98B860FF","#308048FF","#385028FF","#80A050FF","#C8E870FF","#60C068FF","#50A860FF","#40A058FF","#688840FF","#607048FF","#F8E048FF"
"#D0D0E0FF","#E8E8F0FF","#78C8F8FF","#F8F8F8FF","#9898C0FF","#5890C8FF","#386880FF","#000000FF","#60A8E0FF","#A8E0F8FF","#B0B0D8FF","#808090FF"
"#E8F0F8FF","#D8D8E8FF","#C0C0D0FF","#70B0E8FF","#6088C0FF","#406898FF","#283858FF","#000000FF","#A8B0C0FF","#808090FF","#A8D0F8FF","#802008FF"
"#D0C0C8FF","#F8F8F8FF","#E0D8E0FF","#000000FF","#F86068FF","#908088FF","#B8A8B0FF","#C85868FF","#685860FF","#783880FF","#F8A090FF","#884050FF"
"#504848FF","#383030FF","#000000FF","#282020FF","#D8B840FF","#A030F8FF","#C84038FF","#583040FF","#807840FF","#8828B0FF","#F8E058FF","#887878FF"
"#C0A878FF","#D0C080FF","#A89868FF","#E0D090FF","#887050FF","#F8E8A0FF","#503828FF","#A03048FF","#786048FF","#988060FF","#604838FF","#B83848FF"
"#B09050FF","#E89038FF","#D8B048FF","#E8D070FF","#382818FF","#A86028FF","#786048FF","#C87830FF","#F8E8A0FF","#505058FF","#885020FF","#887070FF"
"#88A0D8FF","#485898FF","#5868B0FF","#A0A0A8FF","#A0C0F8FF","#B8B8C0FF","#707080FF","#384050FF","#000000FF","#D0D0D8FF","#C0D8E8FF","#E8F0F0FF"
"#506090FF","#7088B0FF","#D8A038FF","#000000FF","#886830FF","#384870FF","#68B8D8FF","#F8D048FF","#80D8F8FF","#6070A0FF","#90B0D8FF","#F8F8F8FF"
"#D05808FF","#000000FF","#F87810FF","#604030FF","#E0C890FF","#A85008FF","#F8C040FF","#C8A868FF","#907040FF","#F0E8C0FF","#F8F8F8FF","#E8B040FF"
"#000000FF","#B84000FF","#E06800FF","#F0A830FF","#883820FF","#C0A060FF","#907040FF","#E0C890FF","#F8E058FF","#F0E8C0FF","#5098F0FF","#4070A8FF"
"#605050FF","#98A040FF","#C0C060FF","#E0E0A8FF","#F09050FF","#D84060FF","#808060FF","#605050FF","#98A040FF","#C0C060FF","#E0E0A8FF","#F09050FF"
"#505028FF","#686840FF","#909878FF","#C0C0D0FF","#F8C0A0FF","#F07858FF","#F8F8F8FF","#606018FF","#A85800FF","#F8D070FF","#B0A078FF","#9890B8FF"
"#B86010FF","#884078FF","#F8D088FF","#F8A868FF","#E87838FF","#601848FF","#000000FF","#B070A8FF","#E0A800FF","#E0A0D8FF","#F8D828FF","#F8F078FF"
"#70B068FF","#000000FF","#508058FF","#90E078FF","#F8A870FF","#385848FF","#B05048FF","#F8D828FF","#F06820FF","#F8D0A8FF","#E0A800FF","#F8F078FF"
"#000000FF","#686878FF","#708870FF","#D8D8D8FF","#587058FF","#F87850FF","#D85020FF","#F8F8F8FF","#905048FF","#A8C8A8FF","#88A888FF","#B0B0B8FF"
"#000000FF","#384050FF","#8888B8FF","#D8B060FF","#585888FF","#7070A8FF","#686878FF","#B8B8D8FF","#F86048FF","#D8D8D8FF","#F8D868FF","#B0B0B8FF"
"#A0A8C0FF","#E8E898FF","#908050FF","#B0A070FF","#D0D080FF","#584838FF","#181818FF","#505070FF","#C8D8F8FF","#F8F8F8FF","#E07860FF","#E0D8E0FF"
"#D06040FF","#703830FF","#F8D0B0FF","#D8B898FF","#88C0F8FF","#E88058FF","#F8E0D0FF","#90A8C0FF","#686078FF","#000000FF","#E08088FF","#B05040FF"
"#C8B8B8FF","#E0D8D8FF","#F8F8F8FF","#585050FF","#181818FF","#F0F0E8FF","#999999FF","#D8D8F0FF","#485048FF","#C8B8B8FF","#E0D8D8FF","#F8F8F8FF"
"#60B080FF","#508858FF","#000000FF","#406040FF","#D8C058FF","#F0E878FF","#887858FF","#78D088FF","#A0E898FF","#B85840FF","#C0A848FF","#E86848FF"
"#908088FF","#A0A0A8FF","#484048FF","#A8B8C0FF","#787078FF","#181818FF","#78B040FF","#68D0F0FF","#B8B000FF","#F0D030FF","#50B8D0FF","#689040FF"
"#707088FF","#484860FF","#9090A8FF","#000000FF","#B8B8C8FF","#804028FF","#D87830FF","#B85810FF","#F8B830FF","#E0A018FF","#E03030FF","#F8F830FF"
"#686858FF","#585850FF","#888878FF","#D8D0A8FF","#383830FF","#000000FF","#F8F8E0FF","#A8A078FF","#E8E0B8FF","#B0B090FF","#F8A0A8FF","#884858FF"
"#503830FF","#908078FF","#686058FF","#B0B0A0FF","#888870FF","#D0C0B0FF","#181818FF","#585868FF","#A8A890FF","#F8F8F8FF","#F80000FF","#503830FF"
"#78D888FF","#A07030FF","#38A840FF","#000000FF","#206020FF","#B88850FF","#684828FF","#B8F098FF","#50C058FF","#C8A068FF","#E8B838FF","#F8F868FF"
"#98C0E0FF","#404868FF","#C0E0F8FF","#F05870FF","#7090B0FF","#F8D058FF","#000000FF","#782840FF","#F87890FF","#C04860FF","#A87048FF","#F8F8F8FF"
"#F8F8F8FF","#C0C0D0FF","#000000FF","#506060FF","#283838FF","#708080FF","#D8D8E8FF","#90A0A0FF","#9090A8FF","#C82820FF","#782830FF","#F8F8F8FF"
"#68B8D8FF","#4898B8FF","#284850FF","#98D0E8FF","#000000FF","#3878A0FF","#D85860FF","#A03040FF","#403838FF","#782838FF","#C8C8C0FF","#68B8D8FF"
"#E0A858FF","#504848FF","#F87850FF","#383030FF","#F8E8A0FF","#282020FF","#B04030FF","#B07030FF","#F8D068FF","#887878FF","#F8F8F8FF","#D8D8D8FF"
"#282838FF","#C8C8D8FF","#E0E0F0FF","#A0A0B8FF","#505058FF","#505068FF","#F8F8F8FF","#787890FF","#787880FF","#A0C8F8FF","#4888C0FF","#C8C8D0FF"
"#F0E0B8FF","#98A0F8FF","#D0C090FF","#C0C0F8FF","#6878D0FF","#E0D0A8FF","#000000FF","#485088FF","#A09068FF","#D8D8F8FF","#685830FF","#F8F8F8FF"
"#6890D0FF","#E8C8A8FF","#F8E0B8FF","#F8F8F8FF","#385070FF","#88A8F8FF","#000000FF","#9898B0FF","#587890FF","#D8D8F8FF","#B8B8D0FF","#D0B090FF"
"#5888C0FF","#3870A8FF","#80B0E0FF","#000000FF","#D8E0F8FF","#305078FF","#F8F8F8FF","#C0C8D8FF","#F8D880FF","#A08058FF","#F8F8A0FF","#F8C060FF"
"#000000FF","#002850FF","#3058C8FF","#F8F8F8FF","#284080FF","#488880FF","#C8D0D0FF","#C0D0F0FF","#6088F0FF","#88B8C8FF","#D07080FF","#88A090FF"
"#4898B0FF","#D89000FF","#000000FF","#78C0D8FF","#986840FF","#306078FF","#E8B060FF","#98D8F0FF","#F8F8F8FF","#F88090FF","#A08090FF","#C87090FF"
"#E880A8FF","#000000FF","#F0A8B8FF","#904858FF","#F8C8C8FF","#9058A8FF","#603868FF","#A868D0FF","#D06090FF","#C870F8FF","#F8F8F8FF","#C8B8A8FF"
"#D0B890FF","#A08880FF","#786058FF","#B09068FF","#000000FF","#F0D8B0FF","#504038FF","#685040FF","#887068FF","#F8F0D8FF","#B8A0A0FF","#887048FF"
"#F8A078FF","#C89090FF","#181818FF","#F0D090FF","#703830FF","#E09880FF","#A06850FF","#F8F8F8FF","#5860B8FF","#F8A078FF","#C89090FF","#181818FF"
"#7878D8FF","#484860FF","#787090FF","#A8A8F8FF","#D8D0E8FF","#181818FF","#A8A0B8FF","#C08060FF","#809090FF","#F89060FF","#F8F8F8FF","#7878D8FF"
"#E8E8C8FF","#C8C8C8FF","#505070FF","#9088B0FF","#B0B0B8FF","#181818FF","#484038FF","#787860FF","#F0F000FF","#605848FF","#C0C000FF","#B85820FF"
"#B87048FF","#7878D8FF","#A8A8F8FF","#384060FF","#506090FF","#181818FF","#784830FF","#D87850FF","#A8A0B8FF","#F89060FF","#D8D0E8FF","#F8F8F8FF"
"#3860B0FF","#303870FF","#4880D0FF","#58A0F8FF","#80C8F8FF","#D04850FF","#706870FF","#804848FF","#C8C8C8FF","#908890FF","#3860B0FF","#303870FF"
"#3860B0FF","#4880D0FF","#58A0F8FF","#303870FF","#80C8F8FF","#A8A8A8FF","#706870FF","#C8C8C8FF","#D8D8D8FF","#804848FF","#D04850FF","#908890FF"
"#4880D0FF","#3860B0FF","#303870FF","#58A0F8FF","#80C8F8FF","#A8A8A8FF","#908890FF","#706870FF","#C0D8F8FF","#C8C8C8FF","#D8D8D8FF","#D04850FF"
"#E0D8A8FF","#C8C0A8FF","#E8E0D8FF","#504828FF","#E88038FF","#908870FF","#B0A890FF","#B88038FF","#181818FF","#E8A868FF","#885838FF","#B04000FF"
"#8070B0FF","#98A0D8FF","#B8D0E8FF","#303858FF","#D8F8F8FF","#586078FF","#181818FF","#F8F8F8FF","#F8E000FF","#F8F8A8FF","#8070B0FF","#98A0D8FF"
"#B8B8B0FF","#E8E8E8FF","#585050FF","#D8D0E0FF","#888068FF","#A8A878FF","#181818FF","#808078FF","#707058FF","#F058A8FF","#F8F8F8FF","#F8B0A0FF"
"#D0D0E8FF","#883040FF","#F86868FF","#C84850FF","#D85858FF","#E8E8F8FF","#787090FF","#F8A070FF","#A8A0C8FF","#5868B0FF","#70A8E8FF","#C8A048FF"
"#4880D0FF","#A8A8A8FF","#3860B0FF","#303870FF","#58A0F8FF","#C8C8C8FF","#706870FF","#98C8F8FF","#908890FF","#D04850FF","#D8D8D8FF","#F8F8F8FF"
"#3860B0FF","#4880D0FF","#303870FF","#C8B8C8FF","#285090FF","#F80810FF","#58A0F8FF","#B82028FF","#D8D8D8FF","#585068FF","#702838FF","#988890FF"
"#785860FF","#F82028FF","#383838FF","#F87880FF","#A82838FF","#782028FF","#C0C0C8FF","#C83848FF","#F8F8F8FF","#987888FF","#A890A0FF","#F8B8B8FF"
"#488070FF","#58B888FF","#385038FF","#181818FF","#90D8B0FF","#F06060FF","#F8E800FF","#C09060FF","#D8C800FF","#F8F8F8FF","#408040FF","#D8D0E8FF"
"#E0C050FF","#F8E058FF","#C8D0D8FF","#B08830FF","#E0E8F0FF","#000000FF","#80A0F8FF","#F8F090FF","#98A0A8FF","#284070FF","#687070FF","#5070F8FF"
"#181818FF","#CE6363FF","#7B7352FF","#FF844AFF","#73D6ADFF","#734A31FF","#84A59CFF","#9C9C84FF","#524A42FF","#39635AFF","#FFAD84FF","#DE6BE7FF"
"#F8D000FF","#E86850FF","#98D048FF","#684000FF","#B870A0FF","#A02000FF","#F8D000FF","#E86850FF","#98D048FF","#684000FF","#B870A0FF","#A02000FF"
"#209058FF","#58C890FF","#903000FF","#F89040FF","#484880FF","#68A8E0FF","#209058FF","#58C890FF","#903000FF","#F89040FF","#484880FF","#68A8E0FF"
"#488820FF","#207890FF","#7868C0FF","#C03000FF","#F09008FF","#686868FF","#488820FF","#207890FF","#7868C0FF","#C03000FF","#F09008FF","#686868FF"
"#F0A0FFFF","#0075DCFF","#993F00FF","#4C005CFF","#191919FF","#005C31FF","#2BCE48FF","#FFCC99FF","#808080FF","#94FFB5FF","#8F7C00FF","#9DCC00FF"
"#AA0DFEFF","#3283FEFF","#85660DFF","#782AB6FF","#565656FF","#1C8356FF","#16FF32FF","#F7E1A0FF","#E2E2E2FF","#1CBE4FFF","#C4451CFF","#DEA0FDFF"
"#0000FFFF","#FF0000FF","#00FF00FF","#000033FF","#FF00B6FF","#005300FF","#FFD300FF","#009FFFFF","#9A4D42FF","#00FFBEFF","#783FC1FF","#1F9698FF"
"#F2F3F4FF","#222222FF","#F3C300FF","#875692FF","#F38400FF","#A1CAF1FF","#BE0032FF","#C2B280FF","#848482FF","#008856FF","#E68FACFF","#0067A5FF"
"#5A5156FF","#E4E1E3FF","#F6222EFF","#FE00FAFF","#16FF32FF","#3283FEFF","#FEAF16FF","#B00068FF","#1CFFCEFF","#90AD1CFF","#2ED9FFFF","#DEA0FDFF"
"#990F26FF","#B33E52FF","#CC7A88FF","#E6B8BFFF","#99600FFF","#B3823EFF","#CCAA7AFF","#E6D2B8FF","#54990FFF","#78B33EFF","#A3CC7AFF","#CFE6B8FF"
"#332288FF","#6699CCFF","#88CCEEFF","#44AA99FF","#117733FF","#999933FF","#DDCC77FF","#661100FF","#CC6677FF","#AA4466FF","#882255FF","#AA4499FF"
"#000000FF","#575757FF","#AD2323FF","#2A4BD7FF","#1D6914FF","#814A19FF","#8126C0FF","#A0A0A0FF","#81C57AFF","#9DAFFFFF","#29D0D0FF","#FF9233FF"
"#AA0DFEFF","#3283FEFF","#85660DFF","#782AB6FF","#565656FF","#1C8356FF","#16FF32FF","#F7E1A0FF","#E2E2E2FF","#1CBE4FFF","#C4451CFF","#DEA0FDFF"
"#2E91E5FF","#E15F99FF","#1CA71CFF","#FB0D0DFF","#DA16FFFF","#222A2AFF","#B68100FF","#750D86FF","#EB663BFF","#511CFBFF","#00A08BFF","#FB00D1FF"
"#FFFFFFFF","#0000FFFF","#FF0000FF","#00FF00FF","#000033FF","#FF00B6FF","#005300FF","#FFD300FF","#009FFFFF","#9A4D42FF","#00FFBEFF","#783FC1FF"
"#F0A3FFFF","#0075DCFF","#993F00FF","#4C005CFF","#191919FF","#005C31FF","#2BCE48FF","#FFCC99FF","#808080FF","#94FFB5FF","#8F7C00FF","#9DCC00FF"
"#F2F3F4FF","#222222FF","#F3C300FF","#875692FF","#F38400FF","#A1CAF1FF","#BE0032FF","#C2B280FF","#848482FF","#008856FF","#E68FACFF","#0067A5FF"
"#FD3216FF","#00FE35FF","#6A76FCFF","#FED4C4FF","#FE00CEFF","#0DF9FFFF","#F6F926FF","#FF9616FF","#479B55FF","#EEA6FBFF","#DC587DFF","#D626FFFF"
"#5A5156FF","#E4E1E3FF","#F6222EFF","#FE00FAFF","#16FF32FF","#3283FEFF","#FEAF16FF","#B00068FF","#1CFFCEFF","#90AD1CFF","#2ED9FFFF","#DEA0FDFF"
"#070604FF","#F9E211FF","#797A87FF","#A8ACADFF","#D6CBB5FF","#070604FF","#F9E211FF","#797A87FF","#A8ACADFF","#D6CBB5FF","#070604FF","#F9E211FF"
"#CABEE9FF","#7C7189FF","#FAE093FF","#D04E59FF","#BC8E7DFF","#2F3D70FF","#CABEE9FF","#7C7189FF","#FAE093FF","#D04E59FF","#BC8E7DFF","#2F3D70FF"
"#A7473AFF","#4B5F6CFF","#B09B37FF","#955F47FF","#A8B9CBFF","#A7473AFF","#4B5F6CFF","#B09B37FF","#955F47FF","#A8B9CBFF","#A7473AFF","#4B5F6CFF"
"#7D9D33FF","#CED38CFF","#DCC949FF","#BCA888FF","#CD8862FF","#775B24FF","#7D9D33FF","#CED38CFF","#DCC949FF","#BCA888FF","#CD8862FF","#775B24FF"
"#44781EFF","#A1B654FF","#2C3B75FF","#B8321AFF","#565052FF","#44781EFF","#A1B654FF","#2C3B75FF","#B8321AFF","#565052FF","#44781EFF","#A1B654FF"
"#6C803AFF","#7B5C34FF","#AB7C47FF","#CCAE42FF","#D73202FF","#272318FF","#D3CDBFFF","#6C803AFF","#7B5C34FF","#AB7C47FF","#CCAE42FF","#D73202FF"
"#325756FF","#7D9FC2FF","#C582B2FF","#51806AFF","#4D5F8EFF","#A092B7FF","#325756FF","#7D9FC2FF","#C582B2FF","#51806AFF","#4D5F8EFF","#A092B7FF"
"#5A8B8AFF","#337166FF","#2C5F44FF","#C47C94FF","#43394CFF","#5A8B8AFF","#337166FF","#2C5F44FF","#C47C94FF","#43394CFF","#5A8B8AFF","#337166FF"
"#757B16FF","#4F651DFF","#798C8BFF","#2F638FFF","#091A26FF","#490B0AFF","#757B16FF","#4F651DFF","#798C8BFF","#2F638FFF","#091A26FF","#490B0AFF"
"#85BEDCFF","#3A383FFF","#A6B0BBFF","#CCBBCDFF","#647588FF","#85BEDCFF","#3A383FFF","#A6B0BBFF","#CCBBCDFF","#647588FF","#85BEDCFF","#3A383FFF"
"#214D65FF","#287DABFF","#E5BF86FF","#B09771FF","#624B27FF","#CACFD0FF","#214D65FF","#287DABFF","#E5BF86FF","#B09771FF","#624B27FF","#CACFD0FF"
"#AA988AFF","#B66A40FF","#2F414BFF","#2B4B3CFF","#7A3520FF","#7B8BA5FF","#AA988AFF","#B66A40FF","#2F414BFF","#2B4B3CFF","#7A3520FF","#7B8BA5FF"
"#DD3C51FF","#313657FF","#1F6683FF","#6C90B9FF","#D1C7B5FF","#DD3C51FF","#313657FF","#1F6683FF","#6C90B9FF","#D1C7B5FF","#DD3C51FF","#313657FF"
"#DEB478FF","#976533FF","#D3D5D0FF","#76716EFF","#272623FF","#DEB478FF","#976533FF","#D3D5D0FF","#76716EFF","#272623FF","#DEB478FF","#976533FF"
"#3E4331FF","#AD6B17FF","#66743BFF","#D0C471FF","#CCB62FFF","#BAC4C2FF","#3E4331FF","#AD6B17FF","#66743BFF","#D0C471FF","#CCB62FFF","#BAC4C2FF"
"#7ACCD7FF","#115896FF","#7C6C65FF","#4C4C53FF","#BA2F00FF","#21282FFF","#7ACCD7FF","#115896FF","#7C6C65FF","#4C4C53FF","#BA2F00FF","#21282FFF"
"#719E56FF","#71702FFF","#947163FF","#623711FF","#425266FF","#719E56FF","#71702FFF","#947163FF","#623711FF","#425266FF","#719E56FF","#71702FFF"
"#5FA1F7FF","#83A552FF","#3D4928FF","#9B1F1AFF","#B19F8EFF","#4E0B0CFF","#5FA1F7FF","#83A552FF","#3D4928FF","#9B1F1AFF","#B19F8EFF","#4E0B0CFF"
"#3399FFFF","#666600FF","#003399FF","#999900FF","#000000FF","#3399FFFF","#666600FF","#003399FF","#999900FF","#000000FF","#3399FFFF","#666600FF"
"#1D3141FF","#096168FF","#209478FF","#75C56EFF","#E2EE5EFF","#1D3141FF","#096168FF","#209478FF","#75C56EFF","#E2EE5EFF","#1D3141FF","#096168FF"
"#1E313EFF","#4E475FFF","#8B5975FF","#C86C7CFF","#FA8975FF","#1E313EFF","#4E475FFF","#8B5975FF","#C86C7CFF","#FA8975FF","#1E313EFF","#4E475FFF"
"#00778AFF","#82A2BFFF","#D4D2E5FF","#B77DAFFF","#A30248FF","#00778AFF","#82A2BFFF","#D4D2E5FF","#B77DAFFF","#A30248FF","#00778AFF","#82A2BFFF"
"#488F31FF","#8CBCACFF","#F1F1F1FF","#B896D6FF","#783DBAFF","#488F31FF","#8CBCACFF","#F1F1F1FF","#B896D6FF","#783DBAFF","#488F31FF","#8CBCACFF"
"#F09000FF","#FEC289FF","#F6F6F6FF","#9DC7E4FF","#0099D1FF","#F09000FF","#FEC289FF","#F6F6F6FF","#9DC7E4FF","#0099D1FF","#F09000FF","#FEC289FF"
"#2A8F27FF","#95C08BFF","#F1F1F1FF","#FFBEFEFF","#FF8B26FF","#2A8F27FF","#95C08BFF","#F1F1F1FF","#FFBEFEFF","#FF8B26FF","#2A8F27FF","#95C08BFF"
"#DCEAEAFF","#7CC3C9FF","#E1650BFF","#996244FF","#A83600FF","#519B9AFF","#3D726AFF","#03424BFF","#DCEAEAFF","#7CC3C9FF","#E1650BFF","#996244FF"
"#FAB5C8FF","#F67E99FF","#F54E6CFF","#AB553EFF","#EDC580FF","#E0A55FFF","#FDAB7BFF","#9E3B00FF","#FAB5C8FF","#F67E99FF","#F54E6CFF","#AB553EFF"
"#CDD2CCFF","#F2DCC4FF","#E6C2A2FF","#E5A488FF","#FF8460FF","#BCBDB7FF","#997457FF","#573617FF","#CDD2CCFF","#F2DCC4FF","#E6C2A2FF","#E5A488FF"
"#91969AFF","#6A7473FF","#565551FF","#383B34FF","#AAE8FFFF","#15100CFF","#004E5BFF","#10AEC9FF","#91969AFF","#6A7473FF","#565551FF","#383B34FF"
"#FDA380FF","#E17489FF","#CF5483FF","#FE8BB2FF","#B6CAC1FF","#98E2E3FF","#57ADBAFF","#5F4E3CFF","#FDA380FF","#E17489FF","#CF5483FF","#FE8BB2FF"
"#008000FF","#0000FFFF","#800080FF","#00FF00FF","#FF00FFFF","#008080FF","#FFFF00FF","#808080FF","#00FFFFFF","#000080FF","#800000FF","#FF0000FF"
"#C8C8C8FF","#BDBDBDFF","#B2B2B2FF","#A7A7A7FF","#9C9C9CFF","#919191FF","#868686FF","#7B7B7BFF","#707070FF","#656565FF","#5A5A5AFF","#4F4F4FFF"
"#9999FFFF","#993366FF","#FFFFCCFF","#CCFFFFFF","#660066FF","#FF8080FF","#0066CCFF","#CCCCFFFF","#000080FF","#FF00FFFF","#FFFF00FF","#00FFFFFF"
"#E6E6FAFF","#FFF0F5FF","#FFDAB9FF","#FFFACDFF","#FFE4E1FF","#F0FFF0FF","#F0F8FFFF","#F5F5F5FF","#FAEBD7FF","#E0FFFFFF","#E6E6FAFF","#FFF0F5FF"
"#87CEEBFF","#32CD32FF","#BA55D3FF","#F08080FF","#4682B4FF","#9ACD32FF","#40E0D0FF","#FF69B4FF","#F0E68CFF","#D2B48CFF","#8FBC8BFF","#6495EDFF"
"#FF8000FF","#B8860BFF","#C04000FF","#6B8E23FF","#CD853FFF","#C0C000FF","#228B22FF","#D2691EFF","#808000FF","#20B2AAFF","#F4A460FF","#00C000FF"
"#FF0000FF","#00FF00FF","#0000FFFF","#FFFF00FF","#00FFFFFF","#FF00FFFF","#AA7814FF","#FF0000FF","#00FF00FF","#0000FFFF","#FFFF00FF","#00FFFFFF"
"#8A2BE2FF","#BA55D3FF","#4169E1FF","#C71585FF","#0000FFFF","#8A2BE2FF","#DA70D6FF","#7B68EEFF","#C000C0FF","#0000CDFF","#800080FF","#8A2BE2FF"
"#A0522DFF","#D2691EFF","#8B0000FF","#CD853FFF","#A52A2AFF","#F4A460FF","#8B4513FF","#C04000FF","#B22222FF","#B65C3AFF","#A0522DFF","#D2691EFF"
"#FFD700FF","#FF0000FF","#FF1493FF","#DC143CFF","#FF8C00FF","#FF00FFFF","#FFFF00FF","#FF4500FF","#C71585FF","#DDE221FF","#FFD700FF","#FF0000FF"
"#2E8B57FF","#66CDAAFF","#4682B4FF","#008B8BFF","#5F9EA0FF","#3CB371FF","#48D1CCFF","#B0C4DEFF","#8FBC8BFF","#87CEEBFF","#2E8B57FF","#66CDAAFF"
"#418CF0FF","#FCB441FF","#E0400AFF","#056492FF","#BFBFBFFF","#1A3B69FF","#FFE382FF","#129CDDFF","#CA6B4BFF","#005CDBFF","#F3D288FF","#506381FF"
"#FFFFFFFF","#BFBFBFFF","#808080FF","#404040FF","#000000FF","#6699FFFF","#3366CCFF","#003399FF","#99CC33FF","#00CC00FF","#669900FF","#FFCC00FF"
"#080808FF","#442C2CFF","#50080CFF","#483838FF","#685444FF","#746050FF","#54382CFF","#8C6858FF","#AC745CFF","#442C38FF","#584844FF","#70544CFF"
"#ECD814FF","#ECD814FF","#ECD814FF","#ECD414FF","#ECD414FF","#ECD018FF","#ECD018FF","#E8CC18FF","#E8CC18FF","#E8CC18FF","#E8C818FF","#E8C818FF"
"#000000FF","#808080FF","#FFFFFFFF","#000004FF","#00000CFF","#000010FF","#000018FF","#000020FF","#000024FF","#00002CFF","#000030FF","#000038FF"
"#CC34B4FF","#CC34B4FF","#CC34B8FF","#CC30BCFF","#C830C0FF","#C82CC8FF","#C82CCCFF","#C428D0FF","#C428D4FF","#C424DCFF","#C024E0FF","#C020E4FF"
"#BDB76BFF","#F0E68CFF","#EEE8AAFF","#FAFAD2FF","#FFFFE0FF","#FFFF00FF","#FFD700FF","#EEDD82FF","#DAA520FF","#B8860BFF","#BC8F8FFF","#8B4513FF"
"#303030FF","#A488C0FF","#AC8CC0FF","#B490C0FF","#BC94C0FF","#C498C0FF","#CC98C0FF","#D49CC0FF","#DCA0C0FF","#E4A4C0FF","#ECA8C0FF","#E4A0BCFF"
"#6C5880FF","#6C5880FF","#6C5880FF","#685C84FF","#685C84FF","#645C84FF","#605C84FF","#606088FF","#5C6088FF","#5C6088FF","#586088FF","#54648CFF"
"#E04CF0FF","#E04CF0FF","#E050F0FF","#E054F0FF","#E458F0FF","#E45CF0FF","#E460F0FF","#E460F0FF","#E464F0FF","#E468F0FF","#E46CF0FF","#E870F0FF"
"#00ACFCFF","#00ACFCFF","#00ACFCFF","#00A8FCFF","#00A4FCFF","#00A0FCFF","#009CFCFF","#0098FCFF","#0098FCFF","#0094FCFF","#0090FCFF","#008CFCFF"
"#112AC6FF","#539BE2FF","#161066FF","#40234CFF","#073F93FF","#2C6CCCFF","#265121FF","#04422CFF","#112AC6FF","#539BE2FF","#161066FF","#40234CFF"
"#080808FF","#C0B090FF","#C0A480FF","#504844FF","#708C58FF","#688460FF","#5C6854FF","#18080CFF","#606C5CFF","#80684CFF","#2C1C18FF","#9C8C74FF"
"#3868B8FF","#3468B4FF","#3468B4FF","#3468B0FF","#3468B0FF","#3068ACFF","#3068ACFF","#3064A8FF","#3064A8FF","#2C64A4FF","#2C64A4FF","#2C64A4FF"
"#FF0000FF","#FF00FFFF","#0000FFFF","#00FFFFFF","#00FF00FF","#FFFF00FF","#7F0000FF","#7F007FFF","#00007FFF","#007F7FFF","#007F00FF","#827F00FF"
"#19AEFFFF","#0084C8FF","#005C94FF","#FF4141FF","#DC0000FF","#B50000FF","#FFFF3EFF","#FF9900FF","#FF6600FF","#FFC022FF","#B88100FF","#804D00FF"
"#000000FF","#A800A8FF","#FC5454FF","#FC54A8FF","#FC54FCFF","#FCA8FCFF","#FCFC00FF","#FCFCA8FF","#FCFCFCFF","#A8FCFCFF","#00FCFCFF","#54A8FCFF"
"#000000FF","#000018FF","#000018FF","#00001CFF","#000020FF","#000020FF","#000024FF","#000028FF","#080028FF","#100024FF","#180024FF","#200020FF"
"#000000FF","#808080FF","#FFFFFFFF","#FCFC80FF","#FCF87CFF","#FCF478FF","#F8F478FF","#F8F074FF","#F8F070FF","#F8EC70FF","#F4EC6CFF","#F4E86CFF"
"#000000FF","#010101FF","#020202FF","#030303FF","#040404FF","#050505FF","#060606FF","#070707FF","#080808FF","#090909FF","#0A0A0AFF","#0B0B0BFF"
"#7CA480FF","#7CA480FF","#7CA47CFF","#7CA07CFF","#7CA07CFF","#78A07CFF","#78A07CFF","#789C7CFF","#789C7CFF","#789C78FF","#749C78FF","#749878FF"
"#070707FF","#0F0F0FFF","#171717FF","#1F1F1FFF","#272727FF","#2F2F2FFF","#373737FF","#3F3F3FFF","#474747FF","#4F4F4FFF","#575757FF","#5F5F5FFF"
"#000000FF","#000000FF","#040404FF","#040404FF","#080808FF","#080808FF","#0C0C0CFF","#0C0C0CFF","#101010FF","#101010FF","#141414FF","#141414FF"
"#000000FF","#808080FF","#FFFFFFFF","#000400FF","#000C00FF","#001000FF","#001800FF","#002000FF","#002400FF","#002C00FF","#003000FF","#003800FF"
"#000000FF","#808080FF","#FFFFFFFF","#A490B4FF","#A090B4FF","#A090B0FF","#A08CACFF","#A08CA8FF","#A08CA4FF","#A088A4FF","#9C88A0FF","#9C889CFF"
"#000000FF","#1A1A1AFF","#333333FF","#4D4D4DFF","#666666FF","#808080FF","#999999FF","#B3B3B3FF","#CCCCCCFF","#E6E6E6FF","#ECECECFF","#F2F2F2FF"
"#000000FF","#808080FF","#FFFFFFFF","#90846CFF","#908470FF","#908474FF","#908874FF","#908878FF","#908C78FF","#908C7CFF","#908C80FF","#909080FF"
"#181C57FF","#252B82FF","#3139AEFF","#E9E9F2FF","#8D91D0FF","#3139AEFF","#F5E7E7FF","#CD8282FF","#A51D1EFF","#E8EEE6FF","#8AA678FF","#2B5D0AFF"
"#FFFAFAFF","#F8F8FFFF","#F5F5F5FF","#DCDCDCFF","#FFFAF0FF","#FDF5E6FF","#FAF0E6FF","#FAEBD7FF","#FFEFD5FF","#FFEBCDFF","#FFE4C4FF","#FFDAB9FF"
"#00007FFF","#00007FFF","#00008DFF","#00009BFF","#0000A9FF","#0000B7FF","#0000C6FF","#0000D4FF","#0000E2FF","#0000F0FF","#0000FFFF","#000EFFFF"
"#8B8989FF","#8B8682FF","#8B8378FF","#8B7D6BFF","#8B7765FF","#8B795EFF","#8B8970FF","#8B8878FF","#8B8B83FF","#838B83FF","#8B8386FF","#8B7D7BFF"
"#FFFAFAFF","#F8F8FFFF","#F5F5F5FF","#DCDCDCFF","#FFFAF0FF","#FDF5E6FF","#FAF0E6FF","#FAEBD7FF","#FFEFD5FF","#FFEBCDFF","#FFE4C4FF","#FFDAB9FF"
"#ECE804FF","#ECE804FF","#E8E804FF","#E4E804FF","#E4E804FF","#E0E804FF","#DCE804FF","#DCE804FF","#D8E804FF","#D4E404FF","#D4E404FF","#D0E404FF"
"#CC9064FF","#CC9064FF","#C89468FF","#C8986CFF","#C89870FF","#C49C74FF","#C4A078FF","#C0A47CFF","#ACD4B4FF","#C0A880FF","#C0AC84FF","#BCB088FF"
"#18140CFF","#F4F0E8FF","#C44448FF","#30845CFF","#F0E848FF","#343074FF","#BC306CFF","#2874C4FF","#18140CFF","#F4F0E8FF","#C44448FF","#30845CFF"
"#E29191FF","#99DD92FF","#93D8B9FF","#94C4D3FF","#949ACEFF","#B394CCFF","#CC96B1FF","#CCA499FF","#DFE592FF","#FFA560FF","#6BFF63FF","#65FFCCFF"
"#F0F000FF","#F0E000FF","#F0D000FF","#F0C000FF","#F0B000FF","#F0A000FF","#F09000FF","#F08000FF","#F07000FF","#F06000FF","#F05000FF","#F04000FF"
"#000000FF","#808080FF","#FFFFFFFF","#4C0000FF","#480000FF","#440000FF","#400000FF","#3C0000FF","#380000FF","#340000FF","#300000FF","#2C0000FF"
"#000000FF","#808080FF","#FFFFFFFF","#3C0050FF","#3C0054FF","#400054FF","#400058FF","#440058FF","#44005CFF","#480060FF","#480064FF","#4C0064FF"
"#000000FF","#696969FF","#808080FF","#A9A9A9FF","#C0C0C0FF","#D3D3D3FF","#DCDCDCFF","#F5F5F5FF","#FFFFFFFF","#BC8F8FFF","#CD5C5CFF","#A52A2AFF"
"#FCE94FFF","#EDD400FF","#C4A000FF","#8AE234FF","#73D216FF","#4E9A06FF","#FCAF3EFF","#F57900FF","#CE5C00FF","#729FCFFF","#3465A4FF","#204A87FF"
"#000000FF","#808080FF","#FFFFFFFF","#0000A8FF","#0400ACFF","#0408ACFF","#040CACFF","#0410ACFF","#0814B0FF","#0818B0FF","#081CB0FF","#0C20B0FF"
"#FFFFFFFF","#CCCCCCFF","#999999FF","#666666FF","#333333FF","#000000FF","#FFCC00FF","#FF9900FF","#FF6600FF","#FF3300FF","#000000FF","#333333FF"
"#000000FF","#000000FF","#000008FF","#000010FF","#000018FF","#000020FF","#000028FF","#000030FF","#000038FF","#000040FF","#000048FF","#000054FF"
"#C40909FF","#D8D508FF","#ED6E00FF","#E80032FF","#8C0B0BFF","#E4AA04FF","#750000FF","#C40909FF","#D8D508FF","#ED6E00FF","#E80032FF","#8C0B0BFF"
"#FFFFFFFF","#FFFFCCFF","#FFFF99FF","#FFFF66FF","#FFFF33FF","#FFFF00FF","#FFCCFFFF","#FFCCCCFF","#FFCC99FF","#FFCC66FF","#FFCC33FF","#FFCC00FF"
"#FFFFFFFF","#FFFFCCFF","#FFFF99FF","#FFFF66FF","#FFFF33FF","#FFFF00FF","#FFCCFFFF","#FFCCCCFF","#FFCC99FF","#FFCC66FF","#FFCC33FF","#FFCC00FF"
"#FFFFFFFF","#FFFF66FF","#FFFF33FF","#FFFF00FF","#CCFF66FF","#66FFFFFF","#66FF33FF","#66FF00FF","#33FFFFFF","#33FFCCFF","#33FF66FF","#33FF33FF"
"#996600FF","#CC9900FF","#FFCC00FF","#FFFF00FF","#FFFF99FF","#FFDB9DFF","#FFCC66FF","#FF9933FF","#FF794BFF","#FF3300FF","#990000FF","#333366FF"
"#24492EFF","#015B58FF","#2C6184FF","#59629BFF","#89689DFF","#BA7999FF","#E69B99FF","#24492EFF","#015B58FF","#2C6184FF","#59629BFF","#89689DFF"
"#33271EFF","#74677EFF","#AC8EABFF","#D7B1C5FF","#EBBDC8FF","#F2CEC7FF","#F8E3D1FF","#FEFBE9FF","#33271EFF","#74677EFF","#AC8EABFF","#D7B1C5FF"
"#00496FFF","#0F85A0FF","#EDD746FF","#ED8B00FF","#DD4124FF","#00496FFF","#0F85A0FF","#EDD746FF","#ED8B00FF","#DD4124FF","#00496FFF","#0F85A0FF"
"#2D2926FF","#33454EFF","#537380FF","#81A9ADFF","#ECECECFF","#2D2926FF","#33454EFF","#537380FF","#81A9ADFF","#ECECECFF","#2D2926FF","#33454EFF"
"#362904FF","#54450FFF","#45681EFF","#4A9152FF","#64A8A8FF","#85B6CEFF","#CDE5F9FF","#EEF3FFFF","#362904FF","#54450FFF","#45681EFF","#4A9152FF"
"#41476BFF","#675478FF","#9E6374FF","#C67B6FFF","#DE9B71FF","#EFBC82FF","#FBDFA2FF","#41476BFF","#675478FF","#9E6374FF","#C67B6FFF","#DE9B71FF"
"#5D74A5FF","#B0CBE7FF","#FEF7C7FF","#EBA07EFF","#A8554EFF","#5D74A5FF","#B0CBE7FF","#FEF7C7FF","#EBA07EFF","#A8554EFF","#5D74A5FF","#B0CBE7FF"
"#2D4030FF","#516823FF","#DEC000FF","#E2E260FF","#677E8EFF","#88A2B9FF","#2D4030FF","#516823FF","#DEC000FF","#E2E260FF","#677E8EFF","#88A2B9FF"
"#6E7CB9FF","#7BBCD5FF","#D0E2AFFF","#F5DB99FF","#E89C81FF","#D2848DFF","#6E7CB9FF","#7BBCD5FF","#D0E2AFFF","#F5DB99FF","#E89C81FF","#D2848DFF"
"#4A3A3BFF","#984136FF","#C26A7AFF","#ECC0A1FF","#F0F0E4FF","#4A3A3BFF","#984136FF","#C26A7AFF","#ECC0A1FF","#F0F0E4FF","#4A3A3BFF","#984136FF"
"#D8AEDDFF","#BF9BDDFF","#CB74ADFF","#E69E9CFF","#FFC3A3FF","#FBE4C6FF","#D8AEDDFF","#BF9BDDFF","#CB74ADFF","#E69E9CFF","#FFC3A3FF","#FBE4C6FF"
"#4F412BFF","#865A3CFF","#BA783EFF","#E69C4CFF","#FBCC74FF","#FFFBDAFF","#4F412BFF","#865A3CFF","#BA783EFF","#E69C4CFF","#FBCC74FF","#FFFBDAFF"
"#1D457FFF","#61599DFF","#C36377FF","#EB7F54FF","#F2AF4AFF","#1D457FFF","#61599DFF","#C36377FF","#EB7F54FF","#F2AF4AFF","#1D457FFF","#61599DFF"
"#009474FF","#11C2B5FF","#72E1E1FF","#F1F4EEFF","#EFDDCFFF","#DCBE9BFF","#B0986CFF","#009474FF","#11C2B5FF","#72E1E1FF","#F1F4EEFF","#EFDDCFFF"
"#4B2991FF","#872CA2FF","#C0369DFF","#EA4F88FF","#FA7876FF","#F6A97AFF","#EDD9A3FF","#4B2991FF","#872CA2FF","#C0369DFF","#EA4F88FF","#FA7876FF"
"#245668FF","#0F7279FF","#0D8F81FF","#39AB7EFF","#6EC574FF","#A9DC67FF","#EDEF5DFF","#245668FF","#0F7279FF","#0D8F81FF","#39AB7EFF","#6EC574FF"
"#009B9EFF","#42B7B9FF","#A7D3D4FF","#F1F1F1FF","#E4C1D9FF","#D691C1FF","#C75DABFF","#009B9EFF","#42B7B9FF","#A7D3D4FF","#F1F1F1FF","#E4C1D9FF"
"#009392FF","#39B185FF","#9CCB86FF","#E9E29CFF","#EEB479FF","#E88471FF","#CF597EFF","#009392FF","#39B185FF","#9CCB86FF","#E9E29CFF","#EEB479FF"
"#009392FF","#72AAA1FF","#B1C7B3FF","#F1EAC8FF","#E5B9ADFF","#D98994FF","#D0587EFF","#009392FF","#72AAA1FF","#B1C7B3FF","#F1EAC8FF","#E5B9ADFF"
"#008080FF","#70A494FF","#B4C8A8FF","#F6EDBDFF","#EDBB8AFF","#DE8A5AFF","#CA562CFF","#008080FF","#70A494FF","#B4C8A8FF","#F6EDBDFF","#EDBB8AFF"
"#3D5941FF","#778868FF","#B5B991FF","#F6EDBDFF","#EDBB8AFF","#DE8A5AFF","#CA562CFF","#3D5941FF","#778868FF","#B5B991FF","#F6EDBDFF","#EDBB8AFF"
"#A16928FF","#BD925AFF","#D6BD8DFF","#EDEAC2FF","#B5C8B8FF","#79A7ACFF","#2887A1FF","#A16928FF","#BD925AFF","#D6BD8DFF","#EDEAC2FF","#B5C8B8FF"
"#798234FF","#A3AD62FF","#D0D3A2FF","#FDFBE4FF","#F0C6C3FF","#DF91A3FF","#D46780FF","#798234FF","#A3AD62FF","#D0D3A2FF","#FDFBE4FF","#F0C6C3FF"
"#E58606FF","#5D69B1FF","#52BCA3FF","#99C945FF","#CC61B0FF","#24796CFF","#DAA51BFF","#2F8AC4FF","#764E9FFF","#ED645AFF","#CC3A8EFF","#A5AA99FF"
"#88CCEEFF","#CC6677FF","#DDCC77FF","#117733FF","#332288FF","#AA4499FF","#44AA99FF","#999933FF","#882255FF","#661100FF","#6699CCFF","#888888FF"
"#5F4690FF","#1D6996FF","#38A6A5FF","#0F8554FF","#73AF48FF","#EDAD08FF","#E17C05FF","#CC503EFF","#94346EFF","#6F4070FF","#994E95FF","#666666FF"
"#66C5CCFF","#F6CF71FF","#F89C74FF","#DCB0F2FF","#87C55FFF","#9EB9F3FF","#FE88B1FF","#C9DB74FF","#8BE0A4FF","#B497E7FF","#D3B484FF","#B3B3B3FF"
"#7F3C8DFF","#11A579FF","#3969ACFF","#F2B701FF","#E73F74FF","#80BA5AFF","#E68310FF","#008695FF","#CF1C90FF","#F97B72FF","#4B4B8FFF","#A5AA99FF"
"#855C75FF","#D9AF6BFF","#AF6458FF","#736F4CFF","#526A83FF","#625377FF","#68855CFF","#9C9C5EFF","#A06177FF","#8C785DFF","#467378FF","#7C7C7CFF"
"#B0F2BCFF","#89E8ACFF","#67DBA5FF","#4CC8A3FF","#38B2A3FF","#2C98A0FF","#257D98FF","#B0F2BCFF","#89E8ACFF","#67DBA5FF","#4CC8A3FF","#38B2A3FF"
"#D1EEEAFF","#A8DBD9FF","#85C4C9FF","#68ABB8FF","#4F90A6FF","#3B738FFF","#2A5674FF","#D1EEEAFF","#A8DBD9FF","#85C4C9FF","#68ABB8FF","#4F90A6FF"
"#FCDE9CFF","#FAA476FF","#F0746EFF","#E34F6FFF","#DC3977FF","#B9257AFF","#7C1D6FFF","#FCDE9CFF","#FAA476FF","#F0746EFF","#E34F6FFF","#DC3977FF"
"#F3E79BFF","#FAC484FF","#F8A07EFF","#EB7F86FF","#CE6693FF","#A059A0FF","#5C53A5FF","#F3E79BFF","#FAC484FF","#F8A07EFF","#EB7F86FF","#CE6693FF"
"#F6D2A9FF","#F5B78EFF","#F19C7CFF","#EA8171FF","#DD686CFF","#CA5268FF","#B13F64FF","#F6D2A9FF","#F5B78EFF","#F19C7CFF","#EA8171FF","#DD686CFF"
"#F9DDDAFF","#F2B9C4FF","#E597B9FF","#CE78B3FF","#AD5FADFF","#834BA0FF","#573B88FF","#F9DDDAFF","#F2B9C4FF","#E597B9FF","#CE78B3FF","#AD5FADFF"
"#F3E0F7FF","#E4C7F1FF","#D1AFE8FF","#B998DDFF","#9F82CEFF","#826DBAFF","#63589FFF","#F3E0F7FF","#E4C7F1FF","#D1AFE8FF","#B998DDFF","#9F82CEFF"
"#FEF6B5FF","#FFDD9AFF","#FFC285FF","#FFA679FF","#FA8A76FF","#F16D7AFF","#E15383FF","#FEF6B5FF","#FFDD9AFF","#FFC285FF","#FFA679FF","#FA8A76FF"
"#FDE0C5FF","#FACBA6FF","#F8B58BFF","#F59E72FF","#F2855DFF","#EF6A4CFF","#EB4A40FF","#FDE0C5FF","#FACBA6FF","#F8B58BFF","#F59E72FF","#F2855DFF"
"#ECDA9AFF","#EFC47EFF","#F3AD6AFF","#F7945DFF","#F97B57FF","#F66356FF","#EE4D5AFF","#ECDA9AFF","#EFC47EFF","#F3AD6AFF","#F7945DFF","#F97B57FF"
"#E4F1E1FF","#B4D9CCFF","#89C0B6FF","#63A6A0FF","#448C8AFF","#287274FF","#0D585FFF","#E4F1E1FF","#B4D9CCFF","#89C0B6FF","#63A6A0FF","#448C8AFF"
"#F3CBD3FF","#EAA9BDFF","#DD88ACFF","#CA699DFF","#B14D8EFF","#91357DFF","#6C2167FF","#F3CBD3FF","#EAA9BDFF","#DD88ACFF","#CA699DFF","#B14D8EFF"
"#D3F2A3FF","#97E196FF","#6CC08BFF","#4C9B82FF","#217A79FF","#105965FF","#074050FF","#D3F2A3FF","#97E196FF","#6CC08BFF","#4C9B82FF","#217A79FF"
"#D2FBD4FF","#A5DBC2FF","#7BBCB0FF","#559C9EFF","#3A7C89FF","#235D72FF","#123F5AFF","#D2FBD4FF","#A5DBC2FF","#7BBCB0FF","#559C9EFF","#3A7C89FF"
"#FBE6C5FF","#F5BA98FF","#EE8A82FF","#DC7176FF","#C8586CFF","#9C3F5DFF","#70284AFF","#FBE6C5FF","#F5BA98FF","#EE8A82FF","#DC7176FF","#C8586CFF"
"#FFC6C4FF","#F4A3A8FF","#E38191FF","#CC607DFF","#AD466CFF","#8B3058FF","#672044FF","#FFC6C4FF","#F4A3A8FF","#E38191FF","#CC607DFF","#AD466CFF"
"#EDE5CFFF","#E0C2A2FF","#D39C83FF","#C1766FFF","#A65461FF","#813753FF","#541F3FFF","#EDE5CFFF","#E0C2A2FF","#D39C83FF","#C1766FFF","#A65461FF"
"#F7FEAEFF","#B7E6A5FF","#7CCBA2FF","#46AEA0FF","#089099FF","#00718BFF","#045275FF","#F7FEAEFF","#B7E6A5FF","#7CCBA2FF","#46AEA0FF","#089099FF"
"#C4E6C3FF","#96D2A4FF","#6DBC90FF","#4DA284FF","#36877AFF","#266B6EFF","#1D4F60FF","#C4E6C3FF","#96D2A4FF","#6DBC90FF","#4DA284FF","#36877AFF"
"#543005FF","#8C510AFF","#BF812DFF","#DFC27DFF","#F6E8C3FF","#F5F5F5FF","#C7EAE5FF","#80CDC1FF","#35978FFF","#01665EFF","#003C30FF","#543005FF"
"#8E0152FF","#C51B7DFF","#DE77AEFF","#F1B6DAFF","#FDE0EFFF","#F7F7F7FF","#E6F5D0FF","#B8E186FF","#7FBC41FF","#4D9221FF","#276419FF","#8E0152FF"
"#40004BFF","#762A83FF","#9970ABFF","#C2A5CFFF","#E7D4E8FF","#F7F7F7FF","#D9F0D3FF","#A6DBA0FF","#5AAE61FF","#1B7837FF","#00441BFF","#40004BFF"
"#7F3B08FF","#B35806FF","#E08214FF","#FDB863FF","#FEE0B6FF","#F7F7F7FF","#D8DAEBFF","#B2ABD2FF","#8073ACFF","#542788FF","#2D004BFF","#7F3B08FF"
"#67001FFF","#B2182BFF","#D6604DFF","#F4A582FF","#FDDBC7FF","#F7F7F7FF","#D1E5F0FF","#92C5DEFF","#4393C3FF","#2166ACFF","#053061FF","#67001FFF"
"#67001FFF","#B2182BFF","#D6604DFF","#F4A582FF","#FDDBC7FF","#FFFFFFFF","#E0E0E0FF","#BABABAFF","#878787FF","#4D4D4DFF","#1A1A1AFF","#67001FFF"
"#A50026FF","#D73027FF","#F46D43FF","#FDAE61FF","#FEE090FF","#FFFFBFFF","#E0F3F8FF","#ABD9E9FF","#74ADD1FF","#4575B4FF","#313695FF","#A50026FF"
"#A50026FF","#D73027FF","#F46D43FF","#FDAE61FF","#FEE08BFF","#FFFFBFFF","#D9EF8BFF","#A6D96AFF","#66BD63FF","#1A9850FF","#006837FF","#A50026FF"
"#9E0142FF","#D53E4FFF","#F46D43FF","#FDAE61FF","#FEE08BFF","#FFFFBFFF","#E6F598FF","#ABDDA4FF","#66C2A5FF","#3288BDFF","#5E4FA2FF","#9E0142FF"
"#7FC97FFF","#BEAED4FF","#FDC086FF","#FFFF99FF","#386CB0FF","#F0027FFF","#BF5B17FF","#666666FF","#7FC97FFF","#BEAED4FF","#FDC086FF","#FFFF99FF"
"#1B9E77FF","#D95F02FF","#7570B3FF","#E7298AFF","#66A61EFF","#E6AB02FF","#A6761DFF","#666666FF","#1B9E77FF","#D95F02FF","#7570B3FF","#E7298AFF"
"#A6CEE3FF","#1F78B4FF","#B2DF8AFF","#33A02CFF","#FB9A99FF","#E31A1CFF","#FDBF6FFF","#FF7F00FF","#CAB2D6FF","#6A3D9AFF","#FFFF99FF","#B15928FF"
"#FBB4AEFF","#B3CDE3FF","#CCEBC5FF","#DECBE4FF","#FED9A6FF","#FFFFCCFF","#E5D8BDFF","#FDDAECFF","#F2F2F2FF","#FBB4AEFF","#B3CDE3FF","#CCEBC5FF"
"#B3E2CDFF","#FDCDACFF","#CBD5E8FF","#F4CAE4FF","#E6F5C9FF","#FFF2AEFF","#F1E2CCFF","#CCCCCCFF","#B3E2CDFF","#FDCDACFF","#CBD5E8FF","#F4CAE4FF"
"#E41A1CFF","#377EB8FF","#4DAF4AFF","#984EA3FF","#FF7F00FF","#FFFF33FF","#A65628FF","#F781BFFF","#999999FF","#E41A1CFF","#377EB8FF","#4DAF4AFF"
"#66C2A5FF","#FC8D62FF","#8DA0CBFF","#E78AC3FF","#A6D854FF","#FFD92FFF","#E5C494FF","#B3B3B3FF","#66C2A5FF","#FC8D62FF","#8DA0CBFF","#E78AC3FF"
"#8DD3C7FF","#FFFFB3FF","#BEBADAFF","#FB8072FF","#80B1D3FF","#FDB462FF","#B3DE69FF","#FCCDE5FF","#D9D9D9FF","#BC80BDFF","#CCEBC5FF","#FFED6FFF"
"#F7FBFFFF","#DEEBF7FF","#C6DBEFFF","#9ECAE1FF","#6BAED6FF","#4292C6FF","#2171B5FF","#08519CFF","#08306BFF","#F7FBFFFF","#DEEBF7FF","#C6DBEFFF"
"#F7FCFDFF","#E5F5F9FF","#CCECE6FF","#99D8C9FF","#66C2A4FF","#41AE76FF","#238B45FF","#006D2CFF","#00441BFF","#F7FCFDFF","#E5F5F9FF","#CCECE6FF"
"#F7FCFDFF","#E0ECF4FF","#BFD3E6FF","#9EBCDAFF","#8C96C6FF","#8C6BB1FF","#88419DFF","#810F7CFF","#4D004BFF","#F7FCFDFF","#E0ECF4FF","#BFD3E6FF"
"#F7FCF0FF","#E0F3DBFF","#CCEBC5FF","#A8DDB5FF","#7BCCC4FF","#4EB3D3FF","#2B8CBEFF","#0868ACFF","#084081FF","#F7FCF0FF","#E0F3DBFF","#CCEBC5FF"
"#F7FCF5FF","#E5F5E0FF","#C7E9C0FF","#A1D99BFF","#74C476FF","#41AB5DFF","#238B45FF","#006D2CFF","#00441BFF","#F7FCF5FF","#E5F5E0FF","#C7E9C0FF"
"#FFFFFFFF","#F0F0F0FF","#D9D9D9FF","#BDBDBDFF","#969696FF","#737373FF","#525252FF","#252525FF","#000000FF","#FFFFFFFF","#F0F0F0FF","#D9D9D9FF"
"#FFF5EBFF","#FEE6CEFF","#FDD0A2FF","#FDAE6BFF","#FD8D3CFF","#F16913FF","#D94801FF","#A63603FF","#7F2704FF","#FFF5EBFF","#FEE6CEFF","#FDD0A2FF"
"#FFF7ECFF","#FEE8C8FF","#FDD49EFF","#FDBB84FF","#FC8D59FF","#EF6548FF","#D7301FFF","#B30000FF","#7F0000FF","#FFF7ECFF","#FEE8C8FF","#FDD49EFF"
"#FFF7FBFF","#ECE7F2FF","#D0D1E6FF","#A6BDDBFF","#74A9CFFF","#3690C0FF","#0570B0FF","#045A8DFF","#023858FF","#FFF7FBFF","#ECE7F2FF","#D0D1E6FF"
"#FFF7FBFF","#ECE2F0FF","#D0D1E6FF","#A6BDDBFF","#67A9CFFF","#3690C0FF","#02818AFF","#016C59FF","#014636FF","#FFF7FBFF","#ECE2F0FF","#D0D1E6FF"
"#F7F4F9FF","#E7E1EFFF","#D4B9DAFF","#C994C7FF","#DF65B0FF","#E7298AFF","#CE1256FF","#980043FF","#67001FFF","#F7F4F9FF","#E7E1EFFF","#D4B9DAFF"
"#FCFBFDFF","#EFEDF5FF","#DADAEBFF","#BCBDDCFF","#9E9AC8FF","#807DBAFF","#6A51A3FF","#54278FFF","#3F007DFF","#FCFBFDFF","#EFEDF5FF","#DADAEBFF"
"#FFF7F3FF","#FDE0DDFF","#FCC5C0FF","#FA9FB5FF","#F768A1FF","#DD3497FF","#AE017EFF","#7A0177FF","#49006AFF","#FFF7F3FF","#FDE0DDFF","#FCC5C0FF"
"#FFF5F0FF","#FEE0D2FF","#FCBBA1FF","#FC9272FF","#FB6A4AFF","#EF3B2CFF","#CB181DFF","#A50F15FF","#67000DFF","#FFF5F0FF","#FEE0D2FF","#FCBBA1FF"
"#FFFFE5FF","#F7FCB9FF","#D9F0A3FF","#ADDD8EFF","#78C679FF","#41AB5DFF","#238443FF","#006837FF","#004529FF","#FFFFE5FF","#F7FCB9FF","#D9F0A3FF"
"#FFFFD9FF","#EDF8B1FF","#C7E9B4FF","#7FCDBBFF","#41B6C4FF","#1D91C0FF","#225EA8FF","#253494FF","#081D58FF","#FFFFD9FF","#EDF8B1FF","#C7E9B4FF"
"#FFFFE5FF","#FFF7BCFF","#FEE391FF","#FEC44FFF","#FE9929FF","#EC7014FF","#CC4C02FF","#993404FF","#662506FF","#FFFFE5FF","#FFF7BCFF","#FEE391FF"
"#FFFFCCFF","#FFEDA0FF","#FED976FF","#FEB24CFF","#FD8D3CFF","#FC4E2AFF","#E31A1CFF","#BD0026FF","#800026FF","#FFFFCCFF","#FFEDA0FF","#FED976FF"
"#796409FF","#B6960DFF","#F5D341FF","#F7DE70FF","#FAE9A0FF","#F5F5F5FF","#D0EEF7FF","#B9E5F3FF","#A1DDEFFF","#689FB0FF","#456A76FF","#796409FF"
"#796409FF","#B6960DFF","#F5D341FF","#F7DE70FF","#FAE9A0FF","#F5F5F5FF","#DBC3D6FF","#CAA5C2FF","#B887ADFF","#7D4F73FF","#53354DFF","#796409FF"
"#53354DFF","#7D4F73FF","#B887ADFF","#CAA5C2FF","#DBC3D6FF","#F5F5F5FF","#99E3DDFF","#66D4CCFF","#33C6BBFF","#008A80FF","#005C55FF","#53354DFF"
"#53354DFF","#7D4F73FF","#B887ADFF","#CAA5C2FF","#DBC3D6FF","#F5F5F5FF","#FFD5C2FF","#FEC0A3FF","#FEAB85FF","#BF714DFF","#7F4B33FF","#53354DFF"
"#7F312FFF","#BE4A47FF","#FD817EFF","#FEA19EFF","#FEC0BFFF","#F5F5F5FF","#D0EEF7FF","#B9E5F3FF","#A1DDEFFF","#689FB0FF","#456A76FF","#7F312FFF"
"#7F312FFF","#BE4A47FF","#FD817EFF","#FEA19EFF","#FEC0BFFF","#F5F5F5FF","#AFB5B6FF","#879092FF","#5F6B6DFF","#293537FF","#1C2325FF","#7F312FFF"
"#7F312FFF","#BE4A47FF","#FD817EFF","#FEA19EFF","#FEC0BFFF","#F5F5F5FF","#99E3DDFF","#66D4CCFF","#33C6BBFF","#008A80FF","#005C55FF","#7F312FFF"
"#C00000FF","#FF0000FF","#FFC000FF","#FFFF00FF","#92D050FF","#00B050FF","#00B0F0FF","#0070C0FF","#002060FF","#7030A0FF","#C00000FF","#FF0000FF"
"#EEECE1FF","#1F497DFF","#4F81BDFF","#C0504DFF","#9BBB59FF","#8064A2FF","#4BACC6FF","#F79646FF","#EEECE1FF","#1F497DFF","#4F81BDFF","#C0504DFF"
"#E7E6E6FF","#44546AFF","#5B9BD5FF","#ED7D31FF","#A5A5A5FF","#FFC000FF","#4472C4FF","#70AD47FF","#E7E6E6FF","#44546AFF","#5B9BD5FF","#ED7D31FF"
"#ACCBF9FF","#242852FF","#4A66ACFF","#629DD1FF","#297FD5FF","#7F8FA9FF","#5AA2AEFF","#9D90A0FF","#ACCBF9FF","#242852FF","#4A66ACFF","#629DD1FF"
"#DBEFF9FF","#17406DFF","#0F6FC6FF","#009DD9FF","#0BD0D9FF","#10CF9BFF","#7CCA62FF","#A5C249FF","#DBEFF9FF","#17406DFF","#0F6FC6FF","#009DD9FF"
"#DFE3E5FF","#335B74FF","#1CADE4FF","#2683C6FF","#27CED7FF","#42BA97FF","#3E8853FF","#62A39FFF","#DFE3E5FF","#335B74FF","#1CADE4FF","#2683C6FF"
"#CEDBE6FF","#373545FF","#3494BAFF","#58B6C0FF","#75BDA7FF","#7A8C8EFF","#84ACB6FF","#2683C6FF","#CEDBE6FF","#373545FF","#3494BAFF","#58B6C0FF"
"#E3DED1FF","#455F51FF","#549E39FF","#8AB833FF","#C0CF3AFF","#029676FF","#4AB5C4FF","#098975FF","#E3DED1FF","#455F51FF","#549E39FF","#8AB833FF"
"#E2DFCCFF","#455F51FF","#99CB38FF","#63A537FF","#37A76FFF","#44C1A3FF","#4EB3CFFF","#51C3F9FF","#E2DFCCFF","#455F51FF","#99CB38FF","#63A537FF"
"#E5DEDBFF","#39302AFF","#E1CA08FF","#F8931DFF","#CE8D3EFF","#EC7016FF","#E64823FF","#9C6A6AFF","#E5DEDBFF","#39302AFF","#E1CA08FF","#F8931DFF"
"#FBEEC9FF","#4E3B30FF","#F0A22EFF","#A5644EFF","#B58B80FF","#C3986DFF","#A19574FF","#C17529FF","#FBEEC9FF","#4E3B30FF","#F0A22EFF","#A5644EFF"
"#CCDDEAFF","#637052FF","#E48312FF","#BD582CFF","#865640FF","#9B8357FF","#C2BC80FF","#94A088FF","#CCDDEAFF","#637052FF","#E48312FF","#BD582CFF"
"#E9E5DCFF","#696464FF","#D34917FF","#9B2D1FFF","#A28E6AFF","#956251FF","#918485FF","#855D5DFF","#E9E5DCFF","#696464FF","#D34917FF","#9B2D1FFF"
"#EEECE1FF","#505046FF","#E84C22FF","#E1BD47FF","#B64926FF","#FF8427FF","#CC9900FF","#B22600FF","#EEECE1FF","#505046FF","#E84C22FF","#E1BD47FF"
"#E5C243FF","#323232FF","#A5300FFF","#D55816FF","#E19825FF","#B19C7DFF","#7F5F52FF","#B27D49FF","#E5C243FF","#323232FF","#A5300FFF","#D55816FF"
"#D8D9DCFF","#454551FF","#E32D91FF","#C830CCFF","#4EA6DCFF","#4775E7FF","#8971E1FF","#D54773FF","#D8D9DCFF","#454551FF","#E32D91FF","#C830CCFF"
"#DCD8DCFF","#373545FF","#AD84C6FF","#8784C7FF","#5D739AFF","#6997AFFF","#84ACB6FF","#6F8183FF","#DCD8DCFF","#373545FF","#AD84C6FF","#8784C7FF"
"#EAE5EBFF","#632E62FF","#92278FFF","#9B57D3FF","#755DD9FF","#665EB8FF","#45A5EDFF","#5982DBFF","#EAE5EBFF","#632E62FF","#92278FFF","#9B57D3FF"
"#EBDDC3FF","#775F55FF","#94B6D2FF","#DD8047FF","#A5AB81FF","#D8B25CFF","#7BA79DFF","#968C8CFF","#EBDDC3FF","#775F55FF","#94B6D2FF","#DD8047FF"
"#FEFAC9FF","#444D26FF","#A5B592FF","#F3A447FF","#E7BC29FF","#D092A7FF","#9C85C0FF","#809EC2FF","#FEFAC9FF","#444D26FF","#A5B592FF","#F3A447FF"
"#DDDDDDFF","#5E5E5EFF","#418AB3FF","#A6B727FF","#F69200FF","#838383FF","#FEC306FF","#DF5327FF","#DDDDDDFF","#5E5E5EFF","#418AB3FF","#A6B727FF"
"#B4DCFAFF","#212745FF","#4E67C8FF","#5ECCF3FF","#A7EA52FF","#5DCEAFFF","#FF8021FF","#F14124FF","#B4DCFAFF","#212745FF","#4E67C8FF","#5ECCF3FF"
"#E3DED1FF","#323232FF","#F07F09FF","#9F2936FF","#1B587CFF","#4E8542FF","#604878FF","#C19859FF","#E3DED1FF","#323232FF","#F07F09FF","#9F2936FF"
"#00B8AAFF","#374649FF","#FD625EFF","#F2C811FF","#5F6B6DFF","#8AD4EBFF","#FE9666FF","#A66999FF","#00B8AAFF","#374649FF","#FD625EFF","#F2C811FF"
"#E9F8F6FF","#CCE5E2FF","#AFD1CEFF","#92BEBAFF","#75AAA6FF","#579791FF","#3A837DFF","#1D7069FF","#005C55FF","#E9F8F6FF","#CCE5E2FF","#AFD1CEFF"
"#EDEEEEFF","#D3D5D5FF","#B9BBBCFF","#9FA2A3FF","#85898AFF","#6A6F70FF","#505657FF","#363C3EFF","#1C2325FF","#EDEEEEFF","#D3D5D5FF","#B9BBBCFF"
"#FEF2F1FF","#EEDAD9FF","#DEC2C1FF","#CEAAA8FF","#BF9290FF","#AF7978FF","#9F6160FF","#8F4947FF","#7F312FFF","#FEF2F1FF","#EEDAD9FF","#DEC2C1FF"
"#FCF9EAFF","#ECE6CEFF","#DBD4B2FF","#CBC196FF","#BBAF7AFF","#AA9C5DFF","#9A8941FF","#897725FF","#796409FF","#FCF9EAFF","#ECE6CEFF","#DBD4B2FF"
"#F0F1F2FF","#D8DADBFF","#C0C2C3FF","#A8ABACFF","#909495FF","#787C7DFF","#606566FF","#484D4EFF","#303637FF","#F0F1F2FF","#D8DADBFF","#C0C2C3FF"
"#F4FAFCFF","#DEE8EBFF","#C8D6DBFF","#B2C4CAFF","#9DB2B9FF","#87A0A8FF","#718E98FF","#5B7C87FF","#456A76FF","#F4FAFCFF","#DEE8EBFF","#C8D6DBFF"
"#FDF5F1FF","#EDE0D9FF","#DECBC2FF","#CEB5AAFF","#BEA092FF","#AE8B7AFF","#9F7663FF","#8F604BFF","#7F4B33FF","#FDF5F1FF","#EDE0D9FF","#DECBC2FF"
"#F6F1F5FF","#E2DAE0FF","#CDC2CBFF","#B9ABB6FF","#A593A1FF","#907C8CFF","#7C6477FF","#674D62FF","#53354DFF","#F6F1F5FF","#E2DAE0FF","#CDC2CBFF"
"#FAE9A0FF","#DBD797FF","#BCC68DFF","#9CB484FF","#7DA37BFF","#5E9171FF","#3F7F68FF","#1F6E5EFF","#005C55FF","#FAE9A0FF","#DBD797FF","#BCC68DFF"
"#FEC0BFFF","#E9AFB1FF","#D39DA3FF","#BE8C94FF","#A97B86FF","#936978FF","#7E586AFF","#68465BFF","#53354DFF","#FEC0BFFF","#E9AFB1FF","#D39DA3FF"
"#F5A631FF","#E84C0DFF","#8D130CFF","#4A1010FF","#F5A631FF","#E84C0DFF","#8D130CFF","#4A1010FF","#F5A631FF","#E84C0DFF","#8D130CFF","#4A1010FF"
"#BB5C33FF","#15649CFF","#E3D6BBFF","#7296B8FF","#BB5C33FF","#15649CFF","#E3D6BBFF","#7296B8FF","#BB5C33FF","#15649CFF","#E3D6BBFF","#7296B8FF"
"#053138FF","#22A1B6FF","#0B8CA9FF","#AEC7BEFF","#053138FF","#22A1B6FF","#0B8CA9FF","#AEC7BEFF","#053138FF","#22A1B6FF","#0B8CA9FF","#AEC7BEFF"
"#48448EFF","#8CCC58FF","#FC4D97FF","#B82578FF","#48448EFF","#8CCC58FF","#FC4D97FF","#B82578FF","#48448EFF","#8CCC58FF","#FC4D97FF","#B82578FF"
"#626063FF","#E9DABAFF","#CF8B64FF","#5E98C6FF","#626063FF","#E9DABAFF","#CF8B64FF","#5E98C6FF","#626063FF","#E9DABAFF","#CF8B64FF","#5E98C6FF"
"#A2DA3CFF","#C12A45FF","#8B4F82FF","#44486DFF","#A2DA3CFF","#C12A45FF","#8B4F82FF","#44486DFF","#A2DA3CFF","#C12A45FF","#8B4F82FF","#44486DFF"
"#D2BAAAFF","#3B2320FF","#C02F28FF","#D6B63AFF","#D2BAAAFF","#3B2320FF","#C02F28FF","#D6B63AFF","#D2BAAAFF","#3B2320FF","#C02F28FF","#D6B63AFF"
"#C6D4D6FF","#274C4FFF","#A4432DFF","#B17C51FF","#C6D4D6FF","#274C4FFF","#A4432DFF","#B17C51FF","#C6D4D6FF","#274C4FFF","#A4432DFF","#B17C51FF"
"#466E9AFF","#E84D45FF","#21201CFF","#A1BAACFF","#466E9AFF","#E84D45FF","#21201CFF","#A1BAACFF","#466E9AFF","#E84D45FF","#21201CFF","#A1BAACFF"
"#995026FF","#281D13FF","#D7C698FF","#AC9D9AFF","#995026FF","#281D13FF","#D7C698FF","#AC9D9AFF","#995026FF","#281D13FF","#D7C698FF","#AC9D9AFF"
"#422537FF","#D58078FF","#86A556FF","#624FB0FF","#422537FF","#D58078FF","#86A556FF","#624FB0FF","#422537FF","#D58078FF","#86A556FF","#624FB0FF"
"#AB9ED4FF","#D6E055FF","#CB6F42FF","#7D2D3BFF","#AB9ED4FF","#D6E055FF","#CB6F42FF","#7D2D3BFF","#AB9ED4FF","#D6E055FF","#CB6F42FF","#7D2D3BFF"
"#484A5AFF","#C69648FF","#9BA48CFF","#949CACFF","#484A5AFF","#C69648FF","#9BA48CFF","#949CACFF","#484A5AFF","#C69648FF","#9BA48CFF","#949CACFF"
"#C1C6CFFF","#180C18FF","#933450FF","#D99755FF","#C1C6CFFF","#180C18FF","#933450FF","#D99755FF","#C1C6CFFF","#180C18FF","#933450FF","#D99755FF"
"#3B1A35FF","#D27F9AFF","#885EA5FF","#9D94B3FF","#3B1A35FF","#D27F9AFF","#885EA5FF","#9D94B3FF","#3B1A35FF","#D27F9AFF","#885EA5FF","#9D94B3FF"
"#385581FF","#6DBAC6FF","#DAC190FF","#C9052CFF","#385581FF","#6DBAC6FF","#DAC190FF","#C9052CFF","#385581FF","#6DBAC6FF","#DAC190FF","#C9052CFF"
"#9A5155FF","#483943FF","#ECC463FF","#A497B2FF","#9A5155FF","#483943FF","#ECC463FF","#A497B2FF","#9A5155FF","#483943FF","#ECC463FF","#A497B2FF"
"#505797FF","#58958CFF","#9D7382FF","#100F11FF","#505797FF","#58958CFF","#9D7382FF","#100F11FF","#505797FF","#58958CFF","#9D7382FF","#100F11FF"
"#F0E9E0FF","#2F1F16FF","#A34D2CFF","#CD8E40FF","#F0E9E0FF","#2F1F16FF","#A34D2CFF","#CD8E40FF","#F0E9E0FF","#2F1F16FF","#A34D2CFF","#CD8E40FF"
"#CDC1B1FF","#444550FF","#865242FF","#A26847FF","#CDC1B1FF","#444550FF","#865242FF","#A26847FF","#CDC1B1FF","#444550FF","#865242FF","#A26847FF"
"#EFDB15FF","#739C9CFF","#0D484CFF","#C71A08FF","#EFDB15FF","#739C9CFF","#0D484CFF","#C71A08FF","#EFDB15FF","#739C9CFF","#0D484CFF","#C71A08FF"
"#CD0000FF","#551A8BFF","#FF7F00FF","#00CD00FF","#FFFF00FF","#CD0000FF","#551A8BFF","#FF7F00FF","#00CD00FF","#FFFF00FF","#CD0000FF","#551A8BFF"
"#FF8C00FF","#1E90FFFF","#FF69B4FF","#32CD32FF","#FFFF00FF","#FF8C00FF","#1E90FFFF","#FF69B4FF","#32CD32FF","#FFFF00FF","#FF8C00FF","#1E90FFFF"
"#66CD00FF","#F08080FF","#1874CDFF","#B22222FF","#483D8BFF","#66CD00FF","#F08080FF","#1874CDFF","#B22222FF","#483D8BFF","#66CD00FF","#F08080FF"
"#8B4C39FF","#EE0000FF","#1874CDFF","#FF7F00FF","#00EE00FF","#FFFF00FF","#8B4C39FF","#EE0000FF","#1874CDFF","#FF7F00FF","#00EE00FF","#FFFF00FF"
"#FF96C8FF","#783C8CFF","#506EBEFF","#64AA00FF","#FFDC14FF","#FF6400FF","#DC0000FF","#641414FF","#FF96C8FF","#783C8CFF","#506EBEFF","#64AA00FF"
"#FBE6C0FF","#6B502CFF","#BF2A1DFF","#666581FF","#E5A55EFF","#FBE6C0FF","#6B502CFF","#BF2A1DFF","#666581FF","#E5A55EFF","#FBE6C0FF","#6B502CFF"
"#7F9DA7FF","#C1B8AAFF","#DDD4C6FF","#0C2348FF","#454A4DFF","#7F9DA7FF","#C1B8AAFF","#DDD4C6FF","#0C2348FF","#454A4DFF","#7F9DA7FF","#C1B8AAFF"
"#0A030AFF","#4A5CA5FF","#CDB87EFF","#896134FF","#70211BFF","#0A030AFF","#4A5CA5FF","#CDB87EFF","#896134FF","#70211BFF","#0A030AFF","#4A5CA5FF"
"#7A654EFF","#E9CBB7FF","#AC713BFF","#78818DFF","#352E23FF","#7A654EFF","#E9CBB7FF","#AC713BFF","#78818DFF","#352E23FF","#7A654EFF","#E9CBB7FF"
"#000206FF","#EFC775FF","#2B2D18FF","#5C7346FF","#5A3A22FF","#000206FF","#EFC775FF","#2B2D18FF","#5C7346FF","#5A3A22FF","#000206FF","#EFC775FF"
"#010406FF","#1E5880FF","#FCCF49FF","#F6E38EFF","#A0C99CFF","#010406FF","#1E5880FF","#FCCF49FF","#F6E38EFF","#A0C99CFF","#010406FF","#1E5880FF"
"#772F19FF","#EAE48DFF","#629073FF","#0F2732FF","#1B2320FF","#772F19FF","#EAE48DFF","#629073FF","#0F2732FF","#1B2320FF","#772F19FF","#EAE48DFF"
"#7D6A3CFF","#C7AB52FF","#779153FF","#8F7581FF","#B6634EFF","#7D6A3CFF","#C7AB52FF","#779153FF","#8F7581FF","#B6634EFF","#7D6A3CFF","#C7AB52FF"
"#030504FF","#F4DD9BFF","#811D08FF","#1E1507FF","#252823FF","#030504FF","#F4DD9BFF","#811D08FF","#1E1507FF","#252823FF","#030504FF","#F4DD9BFF"
"#D03908FF","#193236FF","#7E724CFF","#B8A463FF","#DA7618FF","#D03908FF","#193236FF","#7E724CFF","#B8A463FF","#DA7618FF","#D03908FF","#193236FF"
"#F26386FF","#F588AFFF","#A4D984FF","#FCBC52FF","#FD814EFF","#F26386FF","#F588AFFF","#A4D984FF","#FCBC52FF","#FD814EFF","#F26386FF","#F588AFFF"
"#0E122DFF","#182044FF","#51628EFF","#91A1BAFF","#AFD0C9FF","#0E122DFF","#182044FF","#51628EFF","#91A1BAFF","#AFD0C9FF","#0E122DFF","#182044FF"
"#95B1C9FF","#263656FF","#698946FF","#F8D440FF","#C82720FF","#95B1C9FF","#263656FF","#698946FF","#F8D440FF","#C82720FF","#95B1C9FF","#263656FF"
"#4E7989FF","#A9011BFF","#E4A826FF","#80944EFF","#DCD6B2FF","#4E7989FF","#A9011BFF","#E4A826FF","#80944EFF","#DCD6B2FF","#4E7989FF","#A9011BFF"
"#D89CA9FF","#1962A0FF","#F1ECD7FF","#E8C051FF","#1A1C23FF","#D89CA9FF","#1962A0FF","#F1ECD7FF","#E8C051FF","#1A1C23FF","#D89CA9FF","#1962A0FF"
"#321614FF","#C8CED8FF","#6E251EFF","#B26535FF","#E9B391FF","#321614FF","#C8CED8FF","#6E251EFF","#B26535FF","#E9B391FF","#321614FF","#C8CED8FF"
"#564735FF","#855A30FF","#BA6C00FF","#D4C394FF","#A48D2FFF","#564735FF","#855A30FF","#BA6C00FF","#D4C394FF","#A48D2FFF","#564735FF","#855A30FF"
"#2C0C00FF","#803C15FF","#C6782CFF","#FFA91DFF","#FFF3ADFF","#2C0C00FF","#803C15FF","#C6782CFF","#FFA91DFF","#FFF3ADFF","#2C0C00FF","#803C15FF"
"#282828FF","#69261FFF","#BB1F0BFF","#E58D43FF","#EEC47BFF","#282828FF","#69261FFF","#BB1F0BFF","#E58D43FF","#EEC47BFF","#282828FF","#69261FFF"
"#363636FF","#78351DFF","#B27529FF","#FFD300FF","#DCDCDAFF","#363636FF","#78351DFF","#B27529FF","#FFD300FF","#DCDCDAFF","#363636FF","#78351DFF"
"#BB281EFF","#D56936FF","#87D7EBFF","#42B8D7FF","#16879CFF","#BB281EFF","#D56936FF","#87D7EBFF","#42B8D7FF","#16879CFF","#BB281EFF","#D56936FF"
"#351821FF","#9F2519FF","#F65620FF","#FFC87AFF","#FBF2B5FF","#351821FF","#9F2519FF","#F65620FF","#FFC87AFF","#FBF2B5FF","#351821FF","#9F2519FF"
"#220901FF","#621708FF","#941B0CFF","#BC3908FF","#F6AA1CFF","#220901FF","#621708FF","#941B0CFF","#BC3908FF","#F6AA1CFF","#220901FF","#621708FF"
"#050308FF","#0A0914FF","#100E15FF","#0B090DFF","#0D0B16FF","#050308FF","#0A0914FF","#100E15FF","#0B090DFF","#0D0B16FF","#050308FF","#0A0914FF"
"#301311FF","#824D28FF","#C38D18FF","#FFCD62FF","#FFEBA8FF","#301311FF","#824D28FF","#C38D18FF","#FFCD62FF","#FFEBA8FF","#301311FF","#824D28FF"
"#281B27FF","#723F27FF","#9B6044FF","#B5804CFF","#FACD9AFF","#281B27FF","#723F27FF","#9B6044FF","#B5804CFF","#FACD9AFF","#281B27FF","#723F27FF"
"#F4F4F4FF","#E9BBB8FF","#DF837DFF","#D44A41FF","#C91105FF","#F4F4F4FF","#E9BBB8FF","#DF837DFF","#D44A41FF","#C91105FF","#F4F4F4FF","#E9BBB8FF"
"#BFBFBFFF","#A1B7BFFF","#80AEBEFF","#58A6BEFF","#009DBDFF","#BFBFBFFF","#A1B7BFFF","#80AEBEFF","#58A6BEFF","#009DBDFF","#BFBFBFFF","#A1B7BFFF"
"#2E5894FF","#FFE733FF","#FFB200FF","#EC5800FF","#96001BFF","#2E5894FF","#FFE733FF","#FFB200FF","#EC5800FF","#96001BFF","#2E5894FF","#FFE733FF"
"#BD241EFF","#E56B1EFF","#FFCD22FF","#15274DFF","#BD241EFF","#E56B1EFF","#FFCD22FF","#15274DFF","#BD241EFF","#E56B1EFF","#FFCD22FF","#15274DFF"
"#4D3161FF","#E46E30FF","#A82A36FF","#0D4278FF","#A2D2D4FF","#4D3161FF","#E46E30FF","#A82A36FF","#0D4278FF","#A2D2D4FF","#4D3161FF","#E46E30FF"
"#EE2617FF","#F2A241FF","#558934FF","#0E54B6FF","#EE2617FF","#F2A241FF","#558934FF","#0E54B6FF","#EE2617FF","#F2A241FF","#558934FF","#0E54B6FF"
"#200E6AFF","#B01824FF","#90468CFF","#326529FF","#82D0F0FF","#200E6AFF","#B01824FF","#90468CFF","#326529FF","#82D0F0FF","#200E6AFF","#B01824FF"
"#9C5E51FF","#9E864AFF","#61714DFF","#4B6C7FFF","#614927FF","#9C5E51FF","#9E864AFF","#61714DFF","#4B6C7FFF","#614927FF","#9C5E51FF","#9E864AFF"
"#61B6CCFF","#577F3FFF","#E3E9F3FF","#0A1605FF","#FDDAC7FF","#81A757FF","#61B6CCFF","#577F3FFF","#E3E9F3FF","#0A1605FF","#FDDAC7FF","#81A757FF"
"#B68F51FF","#5B3617FF","#F7EABEFF","#ECD59FFF","#825C2DFF","#B68F51FF","#5B3617FF","#F7EABEFF","#ECD59FFF","#825C2DFF","#B68F51FF","#5B3617FF"
"#4B2671FF","#5E291CFF","#F3D8C4FF","#F3BF73FF","#FFFFFFFF","#4B2671FF","#5E291CFF","#F3D8C4FF","#F3BF73FF","#FFFFFFFF","#4B2671FF","#5E291CFF"
"#FCE178FF","#969696FF","#871D20FF","#090708FF","#FAFAF9FF","#FCE178FF","#969696FF","#871D20FF","#090708FF","#FAFAF9FF","#FCE178FF","#969696FF"
"#C2C2AEFF","#26233BFF","#7F6557FF","#B4A382FF","#EEEADFFF","#C2C2AEFF","#26233BFF","#7F6557FF","#B4A382FF","#EEEADFFF","#C2C2AEFF","#26233BFF"
"#B1532AFF","#84697FFF","#CBB593FF","#A88F92FF","#E8EADFFF","#43475BFF","#B1532AFF","#84697FFF","#CBB593FF","#A88F92FF","#E8EADFFF","#43475BFF"
"#060606FF","#6E6E6EFF","#FEFEFEFF","#CACACAFF","#060606FF","#8C8C8CFF","#060606FF","#6E6E6EFF","#FEFEFEFF","#CACACAFF","#060606FF","#8C8C8CFF"
"#B8396BFF","#FFD1D7FF","#FFF5CCFF","#76BAE0FF","#B28F81FF","#54483EFF","#B8396BFF","#FFD1D7FF","#FFF5CCFF","#76BAE0FF","#B28F81FF","#54483EFF"
"#272727FF","#5C5C5CFF","#BABABAFF","#F8F8F8FF","#272727FF","#5C5C5CFF","#BABABAFF","#F8F8F8FF","#272727FF","#5C5C5CFF","#BABABAFF","#F8F8F8FF"
"#EFEFEFFF","#827D73FF","#3D2620FF","#E89264FF","#474247FF","#EFEFEFFF","#827D73FF","#3D2620FF","#E89264FF","#474247FF","#EFEFEFFF","#827D73FF"
"#2C3E50FF","#E31A1CFF","#18BC9CFF","#CCBE93FF","#A6CEE3FF","#1F78B4FF","#B2DF8AFF","#FB9A99FF","#FDBF6FFF","#FF7F00FF","#CAB2D6FF","#6A3D9AFF"
"#0055AAFF","#C40003FF","#00C19BFF","#EAC862FF","#7FD2FFFF","#007ED3FF","#B2DF8AFF","#FFACAAFF","#FF9D1EFF","#C3EF00FF","#CAB2D6FF","#894FC6FF"
"#0055AAFF","#C40003FF","#EAC862FF","#7FD2FFFF","#007ED3FF","#F6F4F3FF","#FFACAAFF","#FF9D1EFF","#C3EF00FF","#CAB2D6FF","#894FC6FF","#592E2EFF"
"#202020FF","#2D3C4DFF","#3B597AFF","#4B77A0FF","#6395B8FF","#7BB3CFFF","#9BC6DAFF","#BFD5DFFF","#E4E4E4FF","#202020FF","#2D3C4DFF","#3B597AFF"
"#C00000FF","#7A6424FF","#323C34FF","#4838A8FF","#E6D56EFF","#A8B5A9FF","#C00000FF","#7A6424FF","#323C34FF","#4838A8FF","#E6D56EFF","#A8B5A9FF"
"#1A1A1AFF","#323232FF","#4A4A4AFF","#636363FF","#7B7B7BFF","#939393FF","#ACACACFF","#C4C4C4FF","#DDDDDDFF","#1A1A1AFF","#323232FF","#4A4A4AFF"
"#56483DFF","#332822FF","#DFCDB9FF","#996601FF","#8BC95AFF","#6C696FFF","#F1E899FF","#EE711EFF","#56483DFF","#332822FF","#DFCDB9FF","#996601FF"
"#7E0500FF","#A60E00FF","#CE1800FF","#DE4300FF","#EF6F00FF","#F39600FF","#F7BD00FF","#EDD072FF","#E4E4E4FF","#7E0500FF","#A60E00FF","#CE1800FF"
"#313131FF","#255268FF","#620062FF","#63A542FF","#A5C6D6FF","#B5D6A5FF","#B900B9FF","#313131FF","#255268FF","#620062FF","#63A542FF","#A5C6D6FF"
"#4D004DFF","#660066FF","#800080FF","#BA3241FF","#F46404FF","#ED9A2DFF","#E7D057FF","#E8D879FF","#E9E09CFF","#4D004DFF","#660066FF","#800080FF"
"#262626FF","#3D5983FF","#5A8A54FF","#CFB023FF","#262626FF","#3D5983FF","#5A8A54FF","#CFB023FF","#262626FF","#3D5983FF","#5A8A54FF","#CFB023FF"
"#00740EFF","#399043FF","#72AC79FF","#ABC8AEFF","#E4E4E4FF","#DDC5B7FF","#D6A78BFF","#CF895EFF","#C86B32FF","#00740EFF","#399043FF","#72AC79FF"
"#000042FF","#0000B5FF","#145416FF","#639863FF","#BDF7C6FF","#FF0000FF","#4E0000FF","#A09349FF","#777384FF","#000042FF","#0000B5FF","#145416FF"
"#633210FF","#824114FF","#A25119FF","#C07039FF","#DBAD8EFF","#F6EAE2FF","#DAD8DAFF","#A29FA3FF","#6B666CFF","#633210FF","#824114FF","#A25119FF"
"#FFFA0CFF","#CFA001FF","#C97000FF","#CA2500FF","#B10000FF","#850000FF","#590000FF","#2C0000FF","#000000FF","#FFFA0CFF","#CFA001FF","#C97000FF"
"#FFFF99FF","#FFCC99FF","#FFCC66FF","#FF9933FF","#664466FF","#CC99CCFF","#99CCFFFF","#3366CCFF","#006699FF","#9999CCFF","#9999FFFF","#CC6699FF"
"#FFFF99FF","#FFCC99FF","#FFCC66FF","#FF9933FF","#664466FF","#CC99CCFF","#99CCFFFF","#3366CCFF","#006699FF","#FFFF99FF","#FFCC99FF","#FFCC66FF"
"#9999CCFF","#9999FFFF","#CC99CCFF","#CC6699FF","#CC6666FF","#FF9966FF","#FF9900FF","#FFCC66FF","#9999CCFF","#9999FFFF","#CC99CCFF","#CC6699FF"
"#6688CCFF","#4455BBFF","#9977AAFF","#774466FF","#DD6644FF","#AA5533FF","#BB6622FF","#EE9955FF","#6688CCFF","#4455BBFF","#9977AAFF","#774466FF"
"#CCDDFFFF","#5599FFFF","#3366FFFF","#0011EEFF","#000088FF","#BBAA55FF","#BB4411FF","#882211FF","#CCDDFFFF","#5599FFFF","#3366FFFF","#0011EEFF"
"#FF9C00FF","#F7BD5AFF","#FFCC99FF","#FFFF33FF","#FFFF9CFF","#CD6363FF","#CC99CCFF","#FF9E63FF","#646DCCFF","#9C9CFFFF","#3399FFFF","#99CCFFFF"
"#C198B0FF","#B46757FF","#AE697DFF","#97567BFF","#C67825FF","#B28452FF","#C2B74BFF","#BEBCDFFF","#C198B0FF","#B46757FF","#AE697DFF","#97567BFF"
"#0A45EEFF","#3786FFFF","#4BB0FFFF","#87EEFFFF","#46616EFF","#D45F10FF","#A35A1AFF","#A89B35FF","#DFAF71FF","#ACA98AFF","#0A45EEFF","#3786FFFF"
"#BDEFFFFF","#009CCEFF","#DEFFB5FF","#CD6363FF","#E7FFFFFF","#4D6184FF","#BDEFFFFF","#009CCEFF","#DEFFB5FF","#CD6363FF","#E7FFFFFF","#4D6184FF"
"#39C924FF","#72E2E4FF","#20788CFF","#24BEE2FF","#BC956EFF","#D19FA2FF","#805070FF","#2062EEFF","#39C924FF","#72E2E4FF","#20788CFF","#24BEE2FF"
"#0000FFFF","#99CCFFFF","#6666FFFF","#99FF66FF","#009900FF","#FF6633FF","#66CCFFFF","#0000FFFF","#99CCFFFF","#6666FFFF","#99FF66FF","#009900FF"
"#F517C3FF","#BF2D42FF","#A30E24FF","#330512FF","#D9D5B8FF","#F1DFBFFF","#4C4D47FF","#9E9993FF","#F517C3FF","#BF2D42FF","#A30E24FF","#330512FF"
"#B46356FF","#944D40FF","#7A4B42FF","#CA480DFF","#9B5928FF","#C86C18FF","#D78017FF","#F9AB3CFF","#FFE705FF","#FFF7A3FF","#E2ED50FF","#2F7270FF"
"#1DF964FF","#15BA4BFF","#0E7C32FF","#073E18FF","#000000FF","#10263FFF","#214D7EFF","#3173BDFF","#429AFCFF","#1DF964FF","#15BA4BFF","#0E7C32FF"
"#80F2B3FF","#6DC393FF","#5B9374FF","#486555FF","#363636FF","#346062FF","#338B90FF","#31B6BCFF","#30E1EAFF","#80F2B3FF","#6DC393FF","#5B9374FF"
"#5B1414FF","#AD722CFF","#1A6384FF","#5B1414FF","#AD722CFF","#1A6384FF","#5B1414FF","#AD722CFF","#1A6384FF","#5B1414FF","#AD722CFF","#1A6384FF"
"#5B1414FF","#AD722CFF","#1A6384FF","#2C6B70FF","#483A4AFF","#000000FF","#5B1414FF","#AD722CFF","#1A6384FF","#2C6B70FF","#483A4AFF","#000000FF"
"#5E0000FF","#A73933FF","#F07266FF","#E8A9A3FF","#E1E1E1FF","#D9D3BEFF","#D2C69CFF","#B5A052FF","#9A7B08FF","#5E0000FF","#A73933FF","#F07266FF"
"#000000FF","#2A1C0FFF","#54391EFF","#7C5936FF","#A27F5EFF","#C7A585FF","#D3B9A2FF","#D1C3B9FF","#D0CED1FF","#000000FF","#2A1C0FFF","#54391EFF"
"#E4E4E4FF","#CBCBD6FF","#B3B2C9FF","#9A9ABCFF","#8281AFFF","#6968A2FF","#515095FF","#383788FF","#201F7BFF","#E4E4E4FF","#CBCBD6FF","#B3B2C9FF"
"#670000FF","#990000FF","#CD0000FF","#FE0000FF","#FF9190FF","#4D4D4DFF","#670000FF","#990000FF","#CD0000FF","#FE0000FF","#FF9190FF","#4D4D4DFF"
"#674305FF","#986509FF","#CD870EFF","#FFA90EFF","#FFDA67FF","#4D4D4DFF","#674305FF","#986509FF","#CD870EFF","#FFA90EFF","#FFDA67FF","#4D4D4DFF"
"#050B64FF","#0E3A9BFF","#307CE4FF","#64FFFFFF","#000000FF","#050B64FF","#0E3A9BFF","#307CE4FF","#64FFFFFF","#000000FF","#050B64FF","#0E3A9BFF"
"#004C00FF","#173357FF","#3E1E13FF","#E50000FF","#999BA0FF","#C8A780FF","#EB6154FF","#000000FF","#004C00FF","#173357FF","#3E1E13FF","#E50000FF"
"#ECB100FF","#A10000FF","#7E605EFF","#FF4500FF","#994823FF","#4B4C4EFF","#572530FF","#000000FF","#ECB100FF","#A10000FF","#7E605EFF","#FF4500FF"
"#FF9933FF","#C24841FF","#FFFF33FF","#8B5B45FF","#87AFD1FF","#EEB05AFF","#DBC5A0FF","#FF9933FF","#C24841FF","#FFFF33FF","#8B5B45FF","#87AFD1FF"
"#015E05FF","#B1A866FF","#7A5C12FF","#646742FF","#25351CFF","#4C7022FF","#C7C45EFF","#D2CFABFF","#FEFED8FF","#015E05FF","#B1A866FF","#7A5C12FF"
"#0047ABFF","#1DB4D3FF","#A2CAEDFF","#AFB5B8FF","#120976FF","#FFFAFAFF","#174D79FF","#949BBCFF","#0047ABFF","#1DB4D3FF","#A2CAEDFF","#AFB5B8FF"
"#FFFF33FF","#FFA500FF","#4F366FFF","#FF0000FF","#00FA9AFF","#3177D5FF","#C71585FF","#000000FF","#FFFF33FF","#FFA500FF","#4F366FFF","#FF0000FF"
"#E7298AFF","#72BCD4FF","#E41A1CFF","#FCF40EFF","#49F149FF","#F16913FF","#525252FF","#F9FEFFFF","#000E33FF","#000000FF","#E7298AFF","#72BCD4FF"
"#6CA9C3FF","#3A3533FF","#000E33FF","#800000FF","#CBCFD2FF","#175E78FF","#DAA520FF","#174D79FF","#000000FF","#6CA9C3FF","#3A3533FF","#000E33FF"
"#417BA1FF","#FF1493FF","#FFFF2EFF","#345634FF","#8B0000FF","#FF6700FF","#93C0D5FF","#8B4513FF","#9248A7FF","#1C8859FF","#474747FF","#8FBC8FFF"
"#F6E0D2FF","#DFA398FF","#9C6755FF","#659794FF","#EA967CFF","#F5C98EFF","#D65B5AFF","#586085FF","#F6E0D2FF","#DFA398FF","#9C6755FF","#659794FF"
"#EFCBCBFF","#B47880FF","#824B51FF","#635761FF","#AD616CFF","#D1A391FF","#7D3450FF","#2B2D42FF","#EFCBCBFF","#B47880FF","#824B51FF","#635761FF"
"#E8E1E9FF","#C0A5AAFF","#4D3944FF","#7083A4FF","#B3A2B4FF","#C9CCEAFF","#3B3960FF","#1E2142FF","#E8E1E9FF","#C0A5AAFF","#4D3944FF","#7083A4FF"
"#FF8C00FF","#024663FF","#70D423FF","#891604FF","#02001FFF","#9CF6F7FF","#FFCE45FF","#5D734DFF","#FEC3BBFF","#662C9CFF","#FFF9F5FF","#000000FF"
"#BDBDBDFF","#A51209FF","#FFDB58FF","#EC7014FF","#7A491EFF","#C24841FF","#005502FF","#F7FCB9FF","#69983AFF","#B5651DFF","#BDBDBDFF","#A51209FF"
"#01B4C6FF","#97CE4CFF","#FFF874FF","#BEE5FDFF","#F675DAFF","#44281DFF","#3A4767FF","#F8D3ACFF","#E64358FF","#01B4C6FF","#97CE4CFF","#FFF874FF"
"#FED90FFF","#424F46FF","#D1B271FF","#FB4122FF","#ABC67DFF","#0363C3FF","#7A491EFF","#000000FF","#FC0209FF","#46732EFF","#FED90FFF","#424F46FF"
"#C86925FF","#FDF56CFF","#FC9576FF","#5D57AFFF","#B2CE31FF","#FF2027FF","#B1D6C5FF","#AB8323FF","#000000FF","#C86925FF","#FDF56CFF","#FC9576FF"
"#CADDE1FF","#7B906FFF","#174D79FF","#FFFAFAFF","#898989FF","#D4CDB1FF","#708090FF","#120976FF","#000000FF","#CADDE1FF","#7B906FFF","#174D79FF"
"#FF0000FF","#FF8D1AFF","#FFD700FF","#B20000FF","#CC6600FF","#FFFF66FF","#000000FF","#FF0000FF","#FF8D1AFF","#FFD700FF","#B20000FF","#CC6600FF"
"#89080AFF","#C5AA73FF","#FEDF25FF","#C24841FF","#8B5B45FF","#000000FF","#89080AFF","#C5AA73FF","#FEDF25FF","#C24841FF","#8B5B45FF","#000000FF"
"#068105FF","#F7DC27FF","#808000FF","#AB681BFF","#F9FE76FF","#8DA080FF","#717497FF","#98FB98FF","#3CB371FF","#068105FF","#F7DC27FF","#808000FF"
"#AC1F25FF","#272727FF","#FF9933FF","#828788FF","#96804BFF","#AC1F25FF","#272727FF","#FF9933FF","#828788FF","#96804BFF","#AC1F25FF","#272727FF"
"#FF8000FF","#CC6600FF","#B81B18FF","#73110FFF","#F8FC23FF","#FAFD7BFF","#4C2600FF","#A57642FF","#FF8000FF","#CC6600FF","#B81B18FF","#73110FFF"
"#212250FF","#AE432FFF","#E4EDCAFF","#8B5B45FF","#4682B4FF","#000000FF","#212250FF","#AE432FFF","#E4EDCAFF","#8B5B45FF","#4682B4FF","#000000FF"
"#000000FF","#708090FF","#D4CDB1FF","#DCDCDCFF","#F7DC27FF","#808080FF","#000000FF","#708090FF","#D4CDB1FF","#DCDCDCFF","#F7DC27FF","#808080FF"
"#40E0D0FF","#808080FF","#00FF00FF","#282828FF","#015202FF","#195953FF","#FFFFFFFF","#40E0D0FF","#808080FF","#00FF00FF","#282828FF","#015202FF"
"#007FFFFF","#7FBFFFFF","#001933FF","#4C4CFFFF","#FFEFB2FF","#A89797FF","#FFFFFFFF","#007FFFFF","#7FBFFFFF","#001933FF","#4C4CFFFF","#FFEFB2FF"
"#008ECEFF","#00A9E0FF","#59C7EBFF","#A6E1F4FF","#CCEEF9FF","#FFFFFFFF","#E5E5E5FF","#CCCCCCFF","#999999FF","#666666FF","#000000FF","#008ECEFF"
"#00A9E0FF","#59C7EBFF","#A6E1F4FF","#CCEEF9FF","#FFFFFFFF","#E5E5E5FF","#CCCCCCFF","#999999FF","#666666FF","#000000FF","#00A9E0FF","#59C7EBFF"
"#009AD1FF","#59B6DCFF","#A0D3E6FF","#C8E5EFFF","#FFFFFFFF","#E5E5E5FF","#CCCCCCFF","#999999FF","#666666FF","#000000FF","#009AD1FF","#59B6DCFF"
"#59C7EBFF","#CCEEF9FF","#FFB8ACFF","#FEE2DDFF","#0AA398FF","#71D1CCFF","#ECA0B2FF","#F3BFCBFF","#B8BCC1FF","#E1E2E5FF","#59C7EBFF","#CCEEF9FF"
"#324376FF","#586BA4FF","#771434FF","#A54D69FF","#035F72FF","#398D9FFF","#CA4A68FF","#E68098FF","#4D5054FF","#9AA0A7FF","#324376FF","#586BA4FF"
"#3E5496FF","#8290BBFF","#008ECEFF","#59C7EBFF","#077187FF","#6AAAB7FF","#0A9086FF","#54BFB7FF","#8E2043FF","#BC7A8FFF","#E0607EFF","#ECA0B2FF"
"#59C7EBFF","#E0607EFF","#0A9086FF","#FEA090FF","#3E5496FF","#EFDC60FF","#8E2043FF","#9AA0A7FF","#077187FF","#59C7EBFF","#E0607EFF","#0A9086FF"
"#CCEEF9FF","#A6E1F4FF","#59C7EBFF","#00A9E0FF","#008ECEFF","#CCEEF9FF","#A6E1F4FF","#59C7EBFF","#00A9E0FF","#008ECEFF","#CCEEF9FF","#A6E1F4FF"
"#FEE2DDFF","#FECFC7FF","#FFB8ACFF","#FEA090FF","#FF8E7BFF","#FEE2DDFF","#FECFC7FF","#FFB8ACFF","#FEA090FF","#FF8E7BFF","#FEE2DDFF","#FECFC7FF"
"#E1E2E5FF","#B8BCC1FF","#9AA0A7FF","#73787EFF","#4D5054FF","#E1E2E5FF","#B8BCC1FF","#9AA0A7FF","#73787EFF","#4D5054FF","#E1E2E5FF","#B8BCC1FF"
"#9CC6CFFF","#6AAAB7FF","#398D9FFF","#077187FF","#035F72FF","#9CC6CFFF","#6AAAB7FF","#398D9FFF","#077187FF","#035F72FF","#9CC6CFFF","#6AAAB7FF"
"#71D1CCFF","#54BFB7FF","#0AA398FF","#0A9086FF","#067E79FF","#71D1CCFF","#54BFB7FF","#0AA398FF","#0A9086FF","#067E79FF","#71D1CCFF","#54BFB7FF"
"#B4BCD6FF","#8290BBFF","#586BA4FF","#3E5496FF","#324376FF","#B4BCD6FF","#8290BBFF","#586BA4FF","#3E5496FF","#324376FF","#B4BCD6FF","#8290BBFF"
"#F3BFCBFF","#ECA0B2FF","#E68098FF","#E0607EFF","#CA4A68FF","#F3BFCBFF","#ECA0B2FF","#E68098FF","#E0607EFF","#CA4A68FF","#F3BFCBFF","#ECA0B2FF"
"#D2A6B4FF","#BC7A8FFF","#A54D69FF","#8E2043FF","#771434FF","#D2A6B4FF","#BC7A8FFF","#A54D69FF","#8E2043FF","#771434FF","#D2A6B4FF","#BC7A8FFF"
"#D01556FF","#EFDC60FF","#7CCA89FF","#D01556FF","#EFDC60FF","#7CCA89FF","#D01556FF","#EFDC60FF","#7CCA89FF","#D01556FF","#EFDC60FF","#7CCA89FF"
"#94D0FFFF","#8795E8FF","#966BFFFF","#AD8CFFFF","#C774E8FF","#C774A9FF","#FF6AD5FF","#FF6A8BFF","#FF8B8BFF","#FFA58BFF","#FFDE8BFF","#CDDE8BFF"
"#FF6AD5FF","#C774E8FF","#AD8CFFFF","#8795E8FF","#94D0FFFF","#FF6AD5FF","#C774E8FF","#AD8CFFFF","#8795E8FF","#94D0FFFF","#FF6AD5FF","#C774E8FF"
"#FFCCFFFF","#F1DAFFFF","#E3E8FFFF","#CCFFFFFF","#FFCCFFFF","#F1DAFFFF","#E3E8FFFF","#CCFFFFFF","#FFCCFFFF","#F1DAFFFF","#E3E8FFFF","#CCFFFFFF"
"#FBCFF3FF","#F7C0BBFF","#ACD0F4FF","#8690FFFF","#30BFDDFF","#7FD4C1FF","#FBCFF3FF","#F7C0BBFF","#ACD0F4FF","#8690FFFF","#30BFDDFF","#7FD4C1FF"
"#392682FF","#7A3A9AFF","#3F86BCFF","#28ADA8FF","#83DDE0FF","#392682FF","#7A3A9AFF","#3F86BCFF","#28ADA8FF","#83DDE0FF","#392682FF","#7A3A9AFF"
"#661246FF","#AE1357FF","#F9247EFF","#D7509FFF","#F9897BFF","#661246FF","#AE1357FF","#F9247EFF","#D7509FFF","#F9897BFF","#661246FF","#AE1357FF"
"#1B4247FF","#09979BFF","#75D8D5FF","#FFC0CBFF","#FE7F9DFF","#65323EFF","#1B4247FF","#09979BFF","#75D8D5FF","#FFC0CBFF","#FE7F9DFF","#65323EFF"
"#532E57FF","#A997ABFF","#7EC488FF","#569874FF","#296656FF","#532E57FF","#A997ABFF","#7EC488FF","#569874FF","#296656FF","#532E57FF","#A997ABFF"
"#9DCFF0FF","#76BDCFFF","#CE75ADFF","#94376CFF","#FB4142FF","#9DCFF0FF","#76BDCFFF","#CE75ADFF","#94376CFF","#FB4142FF","#9DCFF0FF","#76BDCFFF"
"#94D0FFFF","#8795E8FF","#AD8CFFFF","#C774E8FF","#FF6AD5FF","#94D0FFFF","#8795E8FF","#AD8CFFFF","#C774E8FF","#FF6AD5FF","#94D0FFFF","#8795E8FF"
"#CCFFFFFF","#E3E8FFFF","#F1DAFFFF","#FFCCFFFF","#CCFFFFFF","#E3E8FFFF","#F1DAFFFF","#FFCCFFFF","#CCFFFFFF","#E3E8FFFF","#F1DAFFFF","#FFCCFFFF"
"#394648FF","#79ADDCFF","#E0BAD7FF","#CC7E85FF","#FAA275FF","#FFE2D1FF","#E3D26FFF","#FAEFAFFF","#394648FF","#79ADDCFF","#E0BAD7FF","#CC7E85FF"
"#EB4762FF","#D98594FF","#228BDCFF","#D96237FF","#00B19DFF","#8B2E8BFF","#55FFFFFF","#270042FF","#EB4762FF","#D98594FF","#228BDCFF","#D96237FF"
"#852942FF","#FA41CAFF","#F599A6FF","#ECE976FF","#44B05BFF","#96BDE4FF","#792096FF","#852942FF","#FA41CAFF","#F599A6FF","#ECE976FF","#44B05BFF"
"#83DDE0FF","#28ADA8FF","#3F86BCFF","#7A3A9AFF","#392682FF","#83DDE0FF","#28ADA8FF","#3F86BCFF","#7A3A9AFF","#392682FF","#83DDE0FF","#28ADA8FF"
"#7B556CFF","#86486FFF","#F1956EFF","#EB9B60FF","#864A42FF","#FAD36AFF","#F5FFBFFF","#EFDB9CFF","#7B556CFF","#86486FFF","#F1956EFF","#EB9B60FF"
"#65323EFF","#FE7F9DFF","#FFC0CBFF","#75D8D5FF","#09979BFF","#063B41FF","#65323EFF","#FE7F9DFF","#FFC0CBFF","#75D8D5FF","#09979BFF","#063B41FF"
"#7FD4C1FF","#30BFDDFF","#8690FFFF","#ACD0F4FF","#F7C0BBFF","#FBCFF3FF","#7FD4C1FF","#30BFDDFF","#8690FFFF","#ACD0F4FF","#F7C0BBFF","#FBCFF3FF"
"#9239F6FF","#903495FF","#6F3460FF","#4A354FFF","#D20076FF","#FF0076FF","#FF4373FF","#FF6B58FF","#F8B660FF","#9239F6FF","#903495FF","#6F3460FF"
"#296656FF","#569874FF","#7EC488FF","#A997ABFF","#532E57FF","#296656FF","#569874FF","#7EC488FF","#A997ABFF","#532E57FF","#296656FF","#569874FF"
"#F9897BFF","#D7509FFF","#F9247EFF","#AE1357FF","#661246FF","#F9897BFF","#D7509FFF","#F9247EFF","#AE1357FF","#661246FF","#F9897BFF","#D7509FFF"
"#20DE8BFF","#CCDE8BFF","#FFDE8BFF","#FFA88BFF","#FF6A8BFF","#FF6AD5FF","#C874AAFF","#C774E7FF","#AD8CFFFF","#966BFFFF","#90CFFFFF","#20DE8BFF"
"#96ABB1FF","#313746FF","#B0909DFF","#687A97FF","#292014FF","#96ABB1FF","#313746FF","#B0909DFF","#687A97FF","#292014FF","#96ABB1FF","#313746FF"
"#08221CFF","#113719FF","#36611BFF","#72972FFF","#A4B77DFF","#CDC597FF","#08221CFF","#113719FF","#36611BFF","#72972FFF","#A4B77DFF","#CDC597FF"
"#00A2CEFF","#B3331DFF","#B6A756FF","#122753FF","#B86117FF","#4D430CFF","#00A2CEFF","#B3331DFF","#B6A756FF","#122753FF","#B86117FF","#4D430CFF"
"#827ABFFF","#F62150FF","#6F89B6FF","#F5E0B7FF","#5B1E37FF","#B9E3C5FF","#827ABFFF","#F62150FF","#6F89B6FF","#F5E0B7FF","#5B1E37FF","#B9E3C5FF"
"#27552DFF","#E46538FF","#96BB77FF","#E5E36EFF","#E6A19FFF","#159EB7FF","#27552DFF","#E46538FF","#96BB77FF","#E5E36EFF","#E6A19FFF","#159EB7FF"
"#3B4274FF","#D2130AFF","#C8A88AFF","#857D7BFF","#592E2AFF","#E39587FF","#3B4274FF","#D2130AFF","#C8A88AFF","#857D7BFF","#592E2AFF","#E39587FF"
"#5D3426FF","#BEA58AFF","#964536FF","#85624FFF","#D9BBA2FF","#874E45FF","#3E211AFF","#5D3426FF","#BEA58AFF","#964536FF","#85624FFF","#D9BBA2FF"
"#FECDA5FF","#FFB281FF","#FF9175FF","#BC8A96FF","#606594FF","#352436FF","#09040AFF","#01609FFF","#53C1E2FF","#D2C4C4FF","#FECDA5FF","#FFB281FF"
"#F7EDCAFF","#F5DC9AFF","#8EB155FF","#497367FF","#2B3F00FF","#764000FF","#E19E57FF","#020570FF","#3165B1FF","#B8F7FEFF","#F7EDCAFF","#F5DC9AFF"
"#F6FCFCFF","#81C7E0FF","#00B8DEFF","#007C94FF","#617CA9FF","#003478FF","#00C0C3FF","#017E5CFF","#71C100FF","#F3D100FF","#F6FCFCFF","#81C7E0FF"
"#DEF7FBFF","#00D0FEFF","#00A0DEFF","#2B161DFF","#5F2C57FF","#CA5CBBFF","#FF71BDFF","#B79289FF","#FEC4B9FF","#FDEBD2FF","#DEF7FBFF","#00D0FEFF"
"#FEE871FF","#FFD960FF","#FFA74DFF","#FE6927FF","#CB5201FF","#7B2D00FF","#430301FF","#B37400FF","#987C00FF","#3F4903FF","#FEE871FF","#FFD960FF"
"#FEFEFEFF","#D7E8F8FF","#9AC5E8FF","#00F7FFFF","#00C6FFFF","#0090FFFF","#0142FEFF","#002969FF","#566199FF","#B7BAF3FF","#FEFEFEFF","#D7E8F8FF"
"#FDFDFDFF","#E9ED00FF","#67BD02FF","#018305FF","#01AC86FF","#003813FF","#110101FF","#B8522CFF","#FF9400FF","#DBD0CCFF","#FDFDFDFF","#E9ED00FF"
"#FEFBE8FF","#DFDEBFFF","#AECEBFFF","#90B7B4FF","#30A0A4FF","#017987FF","#332D15FF","#866E52FF","#D9B28BFF","#FFEED8FF","#FEFBE8FF","#DFDEBFFF"
"#F5F5E9FF","#B6CBDCFF","#8BA2B4FF","#3A749CFF","#00517CFF","#030710FF","#500A02FF","#C05100FF","#FBA23CFF","#FFED77FF","#F5F5E9FF","#B6CBDCFF"
"#9AD1EBFF","#0097D6FF","#A79998FF","#032129FF","#B98F00FF","#883F39FF","#FF692CFF","#FFC78EFF","#F5CEAFFF","#F6F5F1FF","#9AD1EBFF","#0097D6FF"
"#D1B88BFF","#ECD8A1FF","#E4CC79FF","#DDB400FF","#D57B4BFF","#AA4812FF","#588176FF","#ABB5B4FF","#6290A4FF","#193146FF","#D1B88BFF","#ECD8A1FF"
"#A42820FF","#5F5647FF","#9B110EFF","#3F5151FF","#4E2A1EFF","#550307FF","#0C1707FF","#A42820FF","#5F5647FF","#9B110EFF","#3F5151FF","#4E2A1EFF"
"#FAD510FF","#CB2314FF","#273046FF","#354823FF","#1E1E1EFF","#FAD510FF","#CB2314FF","#273046FF","#354823FF","#1E1E1EFF","#FAD510FF","#CB2314FF"
"#E1BD6DFF","#EABE94FF","#0B775EFF","#35274AFF","#F2300FFF","#E1BD6DFF","#EABE94FF","#0B775EFF","#35274AFF","#F2300FFF","#E1BD6DFF","#EABE94FF"
"#E1BD6DFF","#EABE94FF","#0B775EFF","#35274AFF","#F2300FFF","#E1BD6DFF","#EABE94FF","#0B775EFF","#35274AFF","#F2300FFF","#E1BD6DFF","#EABE94FF"
"#899DA4FF","#C93312FF","#FAEFD1FF","#DC863BFF","#899DA4FF","#C93312FF","#FAEFD1FF","#DC863BFF","#899DA4FF","#C93312FF","#FAEFD1FF","#DC863BFF"
"#9A8822FF","#F5CDB4FF","#F8AFA8FF","#FDDDA0FF","#74A089FF","#9A8822FF","#F5CDB4FF","#F8AFA8FF","#FDDDA0FF","#74A089FF","#9A8822FF","#F5CDB4FF"
"#3B9AB2FF","#78B7C5FF","#EBCC2AFF","#E1AF00FF","#F21A00FF","#3B9AB2FF","#78B7C5FF","#EBCC2AFF","#E1AF00FF","#F21A00FF","#3B9AB2FF","#78B7C5FF"
"#FF0000FF","#00A08AFF","#F2AD00FF","#F98400FF","#5BBCD6FF","#FF0000FF","#00A08AFF","#F2AD00FF","#F98400FF","#5BBCD6FF","#FF0000FF","#00A08AFF"
"#ECCBAEFF","#046C9AFF","#D69C4EFF","#ABDDDEFF","#000000FF","#ECCBAEFF","#046C9AFF","#D69C4EFF","#ABDDDEFF","#000000FF","#ECCBAEFF","#046C9AFF"
"#446455FF","#FDD262FF","#D3DDDCFF","#C7B19CFF","#446455FF","#FDD262FF","#D3DDDCFF","#C7B19CFF","#446455FF","#FDD262FF","#D3DDDCFF","#C7B19CFF"
"#DD8D29FF","#E2D200FF","#46ACC8FF","#E58601FF","#B40F20FF","#DD8D29FF","#E2D200FF","#46ACC8FF","#E58601FF","#B40F20FF","#DD8D29FF","#E2D200FF"
"#F3DF6CFF","#CEAB07FF","#D5D5D3FF","#24281AFF","#F3DF6CFF","#CEAB07FF","#D5D5D3FF","#24281AFF","#F3DF6CFF","#CEAB07FF","#D5D5D3FF","#24281AFF"
"#798E87FF","#C27D38FF","#CCC591FF","#29211FFF","#798E87FF","#C27D38FF","#CCC591FF","#29211FFF","#798E87FF","#C27D38FF","#CCC591FF","#29211FFF"
"#85D4E3FF","#F4B5BDFF","#9C964AFF","#CDC08CFF","#FAD77BFF","#85D4E3FF","#F4B5BDFF","#9C964AFF","#CDC08CFF","#FAD77BFF","#85D4E3FF","#F4B5BDFF"
"#D8B70AFF","#02401BFF","#A2A475FF","#81A88DFF","#972D15FF","#D8B70AFF","#02401BFF","#A2A475FF","#81A88DFF","#972D15FF","#D8B70AFF","#02401BFF"
"#F1BB7BFF","#FD6467FF","#5B1A18FF","#D67236FF","#F1BB7BFF","#FD6467FF","#5B1A18FF","#D67236FF","#F1BB7BFF","#FD6467FF","#5B1A18FF","#D67236FF"
"#E6A0C4FF","#C6CDF7FF","#D8A499FF","#7294D4FF","#E6A0C4FF","#C6CDF7FF","#D8A499FF","#7294D4FF","#E6A0C4FF","#C6CDF7FF","#D8A499FF","#7294D4FF"
"#9986A5FF","#79402EFF","#CCBA72FF","#0F0D0EFF","#D9D0D3FF","#8D8680FF","#9986A5FF","#79402EFF","#CCBA72FF","#0F0D0EFF","#D9D0D3FF","#8D8680FF"
"#EAD3BFFF","#AA9486FF","#B6854DFF","#39312FFF","#1C1718FF","#EAD3BFFF","#AA9486FF","#B6854DFF","#39312FFF","#1C1718FF","#EAD3BFFF","#AA9486FF"
"#0C5BB0FF","#EE0011FF","#15983DFF","#EC579AFF","#FA6B09FF","#149BEDFF","#A1C720FF","#FEC10BFF","#16A08CFF","#9A703EFF","#0C5BB0FF","#EE0011FF"
"#EB5291FF","#FBBB68FF","#F5BACFFF","#9DDAF5FF","#6351A0FF","#ECF1F4FF","#FEF79EFF","#1794CEFF","#972C8DFF","#EB5291FF","#FBBB68FF","#F5BACFFF"
"#026CCBFF","#F51E02FF","#05B102FF","#FB9F53FF","#9B9B9BFF","#FB82BEFF","#BA6222FF","#EEC229FF","#026CCBFF","#F51E02FF","#05B102FF","#FB9F53FF"
"#D57A6DFF","#E8B762FF","#9CCDDFFF","#525052FF","#E6CEAFFF","#BA9570FF","#D57A6DFF","#E8B762FF","#9CCDDFFF","#525052FF","#E6CEAFFF","#BA9570FF"
"#2F86FFFF","#EBAB16FF","#DE0012FF","#22C408FF","#FECDAAFF","#F14809FF","#2F86FFFF","#EBAB16FF","#DE0012FF","#22C408FF","#FECDAAFF","#F14809FF"
"#3D79F3FF","#E6352FFF","#F9B90AFF","#34A74BFF","#3D79F3FF","#E6352FFF","#F9B90AFF","#34A74BFF","#3D79F3FF","#E6352FFF","#F9B90AFF","#34A74BFF"
"#170C2EFF","#751029FF","#52194CFF","#473B75FF","#4D709CFF","#6F766BFF","#92ADC4FF","#170C2EFF","#751029FF","#52194CFF","#473B75FF","#4D709CFF"
"#19180DFF","#212510FF","#2E100BFF","#392E12FF","#57512BFF","#968E4CFF","#19180DFF","#212510FF","#2E100BFF","#392E12FF","#57512BFF","#968E4CFF"
"#323337FF","#534C53FF","#3F516AFF","#9B6659FF","#E83B41FF","#9F9CA2FF","#EAAE9DFF","#323337FF","#534C53FF","#3F516AFF","#9B6659FF","#E83B41FF"
"#1A0F0AFF","#3D291AFF","#715639FF","#747D6DFF","#AD9D0BFF","#94C4DFFF","#E6DDA8FF","#1A0F0AFF","#3D291AFF","#715639FF","#747D6DFF","#AD9D0BFF"
"#5FB233FF","#6A7F93FF","#F57206FF","#EB0F13FF","#8F2F8BFF","#1396DBFF","#5FB233FF","#6A7F93FF","#F57206FF","#EB0F13FF","#8F2F8BFF","#1396DBFF"
"#A8643BFF","#B65B23FF","#94220EFF","#272D17FF","#202126FF","#A8643BFF","#B65B23FF","#94220EFF","#272D17FF","#202126FF","#A8643BFF","#B65B23FF"
"#667840FF","#BAD6A8FF","#85C7C1FF","#A59A6BFF","#67553FFF","#667840FF","#BAD6A8FF","#85C7C1FF","#A59A6BFF","#67553FFF","#667840FF","#BAD6A8FF"
"#E7B08FFF","#884C49FF","#E0363AFF","#6A1D1AFF","#9DDAE6FF","#E7B08FFF","#884C49FF","#E0363AFF","#6A1D1AFF","#9DDAE6FF","#E7B08FFF","#884C49FF"
"#FBCF35FF","#ED4C1CFF","#9C7E70FF","#5AC2F1FF","#11776CFF","#FBCF35FF","#ED4C1CFF","#9C7E70FF","#5AC2F1FF","#11776CFF","#FBCF35FF","#ED4C1CFF"
"#9F4D23FF","#922B49FF","#B21D13FF","#7F8624FF","#F19C1FFF","#9F4D23FF","#922B49FF","#B21D13FF","#7F8624FF","#F19C1FFF","#9F4D23FF","#922B49FF"
"#5F8CF4FF","#DCD6FCFF","#E27A48FF","#605646FF","#434159FF","#5F8CF4FF","#DCD6FCFF","#E27A48FF","#605646FF","#434159FF","#5F8CF4FF","#DCD6FCFF"
"#2366C0FF","#E9D738FF","#B91226FF","#A3DA4BFF","#FF6435FF","#2366C0FF","#E9D738FF","#B91226FF","#A3DA4BFF","#FF6435FF","#2366C0FF","#E9D738FF"
"#D7D7D7FF","#F3AEAFFF","#AEADB0FF","#9ED9BFFF","#5CCBEBFF","#DEEB61FF","#F2F2F2FF","#D7D7D7FF","#F3AEAFFF","#AEADB0FF","#9ED9BFFF","#5CCBEBFF"
"#E7695DFF","#6B8993FF","#F6F0D4FF","#95CE8AFF","#D2D2D2FF","#94D4D4FF","#969696FF","#F1F3E8FF","#88775FFF","#E7695DFF","#6B8993FF","#F6F0D4FF"
"#006A40FF","#F08892FF","#75B41EFF","#95828DFF","#708C98FF","#8AB8CFFF","#007E7FFF","#358359FF","#8BA1BCFF","#5A5895FF","#F2990CFF","#5A5895FF"
