# Blender v3.1.2 OBJ File: 'wall_lamp.blend'
# www.blender.org
o ベジエ円
v -0.432616 -0.746253 -0.002728
v -0.438896 -0.649418 -0.002728
v -0.456214 -0.567184 -0.002728
v -0.482362 -0.497062 -0.002728
v -0.515134 -0.436560 -0.002728
v -0.552323 -0.383188 -0.002728
v -0.591723 -0.334455 -0.002728
v -0.631126 -0.287870 -0.002728
v -0.668325 -0.240942 -0.002728
v -0.701115 -0.191182 -0.002728
v -0.727287 -0.136097 -0.002728
v -0.744636 -0.073198 -0.002728
v -0.750955 0.000006 -0.002728
v -0.744708 0.074286 -0.002728
v -0.727312 0.138105 -0.002728
v -0.700991 0.193994 -0.002728
v -0.667966 0.244485 -0.002728
v -0.630462 0.292108 -0.002728
v -0.590701 0.339396 -0.002728
v -0.550905 0.388879 -0.002728
v -0.513299 0.443088 -0.002728
v -0.480104 0.504554 -0.002728
v -0.453544 0.575809 -0.002728
v -0.435842 0.659383 -0.002728
v -0.429221 0.757809 -0.002728
v -0.388784 0.757768 -0.002728
v -0.348976 0.760049 -0.002728
v -0.309863 0.764908 -0.002728
v -0.271511 0.772601 -0.002728
v -0.233987 0.783382 -0.002728
v -0.197357 0.797508 -0.002728
v -0.161688 0.815234 -0.002728
v -0.127047 0.836817 -0.002728
v -0.093499 0.862511 -0.002728
v -0.061111 0.892572 -0.002728
v -0.029949 0.927257 -0.002728
v -0.000081 0.966819 -0.002728
v 0.027712 0.926501 -0.002728
v 0.057667 0.891237 -0.002728
v 0.089585 0.860728 -0.002728
v 0.123269 0.834678 -0.002728
v 0.158519 0.812788 -0.002728
v 0.195137 0.794761 -0.002728
v 0.232924 0.780297 -0.002728
v 0.271682 0.769100 -0.002728
v 0.311213 0.760872 -0.002728
v 0.351317 0.755314 -0.002728
v 0.391797 0.752129 -0.002728
v 0.432453 0.751018 -0.002728
v 0.441110 0.654050 -0.002728
v 0.460370 0.571644 -0.002728
v 0.488064 0.501308 -0.002728
v 0.522023 0.440548 -0.002728
v 0.560078 0.386870 -0.002728
v 0.600059 0.337782 -0.002728
v 0.639798 0.290790 -0.002728
v 0.677126 0.243401 -0.002728
v 0.709873 0.193121 -0.002728
v 0.735871 0.137458 -0.002728
v 0.752950 0.073917 -0.002728
v 0.758941 0.000006 -0.002728
v 0.752329 -0.073671 -0.002728
v 0.734522 -0.137024 -0.002728
v 0.707736 -0.192524 -0.002728
v 0.674187 -0.242641 -0.002728
v 0.636094 -0.289845 -0.002728
v 0.595671 -0.336608 -0.002728
v 0.555137 -0.385399 -0.002728
v 0.516708 -0.438690 -0.002728
v 0.482601 -0.498950 -0.002728
v 0.455033 -0.568650 -0.002728
v 0.436220 -0.650261 -0.002728
v 0.428379 -0.746253 -0.002728
v 0.389558 -0.749853 -0.002728
v 0.350449 -0.755952 -0.002728
v 0.311307 -0.764608 -0.002728
v 0.272390 -0.775875 -0.002728
v 0.233955 -0.789811 -0.002728
v 0.196256 -0.806472 -0.002728
v 0.159552 -0.825914 -0.002728
v 0.124098 -0.848193 -0.002728
v 0.090151 -0.873366 -0.002728
v 0.057968 -0.901488 -0.002728
v 0.027805 -0.932617 -0.002728
v -0.000081 -0.966808 -0.002728
v -0.028261 -0.930154 -0.002728
v -0.058618 -0.897324 -0.002728
v -0.090928 -0.868167 -0.002728
v -0.124966 -0.842533 -0.002728
v -0.160510 -0.820272 -0.002728
v -0.197334 -0.801233 -0.002728
v -0.235214 -0.785266 -0.002728
v -0.273926 -0.772221 -0.002728
v -0.313247 -0.761947 -0.002728
v -0.352952 -0.754295 -0.002728
v -0.392816 -0.749114 -0.002728
v -0.403203 -0.695653 -0.203915
v -0.409057 -0.605384 -0.203915
v -0.425201 -0.528727 -0.203915
v -0.449576 -0.463360 -0.203915
v -0.480126 -0.406961 -0.203915
v -0.514793 -0.357208 -0.203915
v -0.551520 -0.311780 -0.203915
v -0.588251 -0.268354 -0.203915
v -0.622928 -0.224609 -0.203915
v -0.653494 -0.178223 -0.203915
v -0.677892 -0.126874 -0.203915
v -0.694064 -0.068240 -0.203915
v -0.699954 0.000000 -0.203915
v -0.694131 0.069243 -0.203915
v -0.677915 0.128734 -0.203915
v -0.653379 0.180833 -0.203915
v -0.622594 0.227900 -0.203915
v -0.587633 0.272294 -0.203915
v -0.550568 0.316375 -0.203915
v -0.513471 0.362502 -0.203915
v -0.478415 0.413035 -0.203915
v -0.447471 0.470333 -0.203915
v -0.422712 0.536756 -0.203915
v -0.406210 0.614663 -0.203915
v -0.400038 0.706414 -0.203915
v -0.362344 0.706376 -0.203915
v -0.325235 0.708502 -0.203915
v -0.288775 0.713032 -0.203915
v -0.253024 0.720203 -0.203915
v -0.218044 0.730253 -0.203915
v -0.183898 0.743421 -0.203915
v -0.150648 0.759945 -0.203915
v -0.118355 0.780064 -0.203915
v -0.087082 0.804016 -0.203915
v -0.056891 0.832038 -0.203915
v -0.027843 0.864371 -0.203915
v 0.000000 0.901251 -0.203915
v 0.025908 0.863666 -0.203915
v 0.053832 0.830793 -0.203915
v 0.083586 0.802354 -0.203915
v 0.114985 0.778070 -0.203915
v 0.147845 0.757665 -0.203915
v 0.181980 0.740860 -0.203915
v 0.217204 0.727377 -0.203915
v 0.253334 0.716940 -0.203915
v 0.290184 0.709269 -0.203915
v 0.327569 0.704088 -0.203915
v 0.365304 0.701119 -0.203915
v 0.403203 0.700084 -0.203915
v 0.411273 0.609691 -0.203915
v 0.429227 0.532874 -0.203915
v 0.455043 0.467307 -0.203915
v 0.486699 0.410667 -0.203915
v 0.522173 0.360630 -0.203915
v 0.559443 0.314870 -0.203915
v 0.596487 0.271065 -0.203915
v 0.631284 0.226890 -0.203915
v 0.661810 0.180019 -0.203915
v 0.686045 0.128131 -0.203915
v 0.701965 0.068899 -0.203915
v 0.707550 0.000000 -0.203915
v 0.701387 -0.068681 -0.203915
v 0.684787 -0.127738 -0.203915
v 0.659817 -0.179474 -0.203915
v 0.628544 -0.226192 -0.203915
v 0.593034 -0.270196 -0.203915
v 0.555353 -0.313787 -0.203915
v 0.517567 -0.359270 -0.203915
v 0.481744 -0.408946 -0.203915
v 0.449950 -0.465120 -0.203915
v 0.424251 -0.530094 -0.203915
v 0.406714 -0.606170 -0.203915
v 0.399405 -0.695653 -0.203915
v 0.363217 -0.699008 -0.203915
v 0.326759 -0.704694 -0.203915
v 0.290272 -0.712763 -0.203915
v 0.253994 -0.723266 -0.203915
v 0.218165 -0.736257 -0.203915
v 0.183023 -0.751788 -0.203915
v 0.148808 -0.769911 -0.203915
v 0.115758 -0.790680 -0.203915
v 0.084113 -0.814145 -0.203915
v 0.054113 -0.840361 -0.203915
v 0.025995 -0.869378 -0.203915
v 0.000000 -0.901251 -0.203915
v -0.026269 -0.867083 -0.203915
v -0.054567 -0.836479 -0.203915
v -0.084686 -0.809300 -0.203915
v -0.116416 -0.785404 -0.203915
v -0.149549 -0.764652 -0.203915
v -0.183876 -0.746904 -0.203915
v -0.219188 -0.732020 -0.203915
v -0.255275 -0.719860 -0.203915
v -0.291929 -0.710283 -0.203915
v -0.328941 -0.703149 -0.203915
v -0.366102 -0.698319 -0.203915
v -0.403203 -0.695653 -0.203915
v -0.432616 -0.746253 -0.002728
v -0.409057 -0.605384 -0.203915
v -0.438896 -0.649418 -0.002728
v -0.425201 -0.528727 -0.203915
v -0.456214 -0.567184 -0.002728
v -0.449576 -0.463360 -0.203915
v -0.482362 -0.497062 -0.002728
v -0.480126 -0.406961 -0.203915
v -0.515134 -0.436560 -0.002728
v -0.514793 -0.357208 -0.203915
v -0.552323 -0.383188 -0.002728
v -0.551520 -0.311780 -0.203915
v -0.591723 -0.334455 -0.002728
v -0.588251 -0.268354 -0.203915
v -0.631126 -0.287870 -0.002728
v -0.622928 -0.224609 -0.203915
v -0.668325 -0.240942 -0.002728
v -0.653494 -0.178223 -0.203915
v -0.701115 -0.191182 -0.002728
v -0.677892 -0.126874 -0.203915
v -0.727287 -0.136097 -0.002728
v -0.694064 -0.068240 -0.203915
v -0.744636 -0.073198 -0.002728
v -0.699954 0.000000 -0.203915
v -0.750955 0.000006 -0.002728
v -0.694131 0.069243 -0.203915
v -0.744708 0.074286 -0.002728
v -0.677915 0.128734 -0.203915
v -0.727312 0.138105 -0.002728
v -0.653379 0.180833 -0.203915
v -0.700991 0.193994 -0.002728
v -0.622594 0.227900 -0.203915
v -0.667966 0.244485 -0.002728
v -0.587633 0.272294 -0.203915
v -0.630462 0.292108 -0.002728
v -0.550568 0.316375 -0.203915
v -0.590701 0.339396 -0.002728
v -0.513471 0.362502 -0.203915
v -0.550905 0.388879 -0.002728
v -0.478415 0.413035 -0.203915
v -0.513299 0.443088 -0.002728
v -0.447471 0.470333 -0.203915
v -0.480104 0.504554 -0.002728
v -0.422712 0.536756 -0.203915
v -0.453544 0.575809 -0.002728
v -0.406210 0.614663 -0.203915
v -0.435842 0.659383 -0.002728
v -0.400038 0.706414 -0.203915
v -0.429221 0.757809 -0.002728
v -0.362344 0.706376 -0.203915
v -0.388784 0.757768 -0.002728
v -0.325235 0.708502 -0.203915
v -0.348976 0.760049 -0.002728
v -0.288775 0.713032 -0.203915
v -0.309863 0.764908 -0.002728
v -0.253024 0.720203 -0.203915
v -0.271511 0.772601 -0.002728
v -0.218044 0.730253 -0.203915
v -0.233987 0.783382 -0.002728
v -0.183898 0.743421 -0.203915
v -0.197357 0.797508 -0.002728
v -0.150648 0.759945 -0.203915
v -0.161688 0.815234 -0.002728
v -0.118355 0.780064 -0.203915
v -0.127047 0.836817 -0.002728
v -0.087082 0.804016 -0.203915
v -0.093499 0.862511 -0.002728
v -0.056891 0.832038 -0.203915
v -0.061111 0.892572 -0.002728
v -0.027843 0.864371 -0.203915
v -0.029949 0.927257 -0.002728
v 0.000000 0.901251 -0.203915
v -0.000081 0.966819 -0.002728
v 0.025908 0.863666 -0.203915
v 0.027712 0.926501 -0.002728
v 0.053832 0.830793 -0.203915
v 0.057667 0.891237 -0.002728
v 0.083586 0.802354 -0.203915
v 0.089585 0.860728 -0.002728
v 0.114985 0.778070 -0.203915
v 0.123269 0.834678 -0.002728
v 0.147845 0.757665 -0.203915
v 0.158519 0.812788 -0.002728
v 0.181980 0.740860 -0.203915
v 0.195137 0.794761 -0.002728
v 0.217204 0.727377 -0.203915
v 0.232924 0.780297 -0.002728
v 0.253334 0.716940 -0.203915
v 0.271682 0.769100 -0.002728
v 0.290184 0.709269 -0.203915
v 0.311213 0.760872 -0.002728
v 0.327569 0.704088 -0.203915
v 0.351317 0.755314 -0.002728
v 0.365304 0.701119 -0.203915
v 0.391797 0.752129 -0.002728
v 0.403203 0.700084 -0.203915
v 0.432453 0.751018 -0.002728
v 0.411273 0.609691 -0.203915
v 0.441110 0.654050 -0.002728
v 0.429227 0.532874 -0.203915
v 0.460370 0.571644 -0.002728
v 0.455043 0.467307 -0.203915
v 0.488064 0.501308 -0.002728
v 0.486699 0.410667 -0.203915
v 0.522023 0.440548 -0.002728
v 0.522173 0.360630 -0.203915
v 0.560078 0.386870 -0.002728
v 0.559443 0.314870 -0.203915
v 0.600059 0.337782 -0.002728
v 0.596487 0.271065 -0.203915
v 0.639798 0.290790 -0.002728
v 0.631284 0.226890 -0.203915
v 0.677126 0.243401 -0.002728
v 0.661810 0.180019 -0.203915
v 0.709873 0.193121 -0.002728
v 0.686045 0.128131 -0.203915
v 0.735871 0.137458 -0.002728
v 0.701965 0.068899 -0.203915
v 0.752950 0.073917 -0.002728
v 0.707550 0.000000 -0.203915
v 0.758941 0.000006 -0.002728
v 0.701387 -0.068681 -0.203915
v 0.752329 -0.073671 -0.002728
v 0.684787 -0.127738 -0.203915
v 0.734522 -0.137024 -0.002728
v 0.659817 -0.179474 -0.203915
v 0.707736 -0.192524 -0.002728
v 0.628544 -0.226192 -0.203915
v 0.674187 -0.242641 -0.002728
v 0.593034 -0.270196 -0.203915
v 0.636094 -0.289845 -0.002728
v 0.555353 -0.313787 -0.203915
v 0.595671 -0.336608 -0.002728
v 0.517567 -0.359270 -0.203915
v 0.555137 -0.385399 -0.002728
v 0.481744 -0.408946 -0.203915
v 0.516708 -0.438690 -0.002728
v 0.449950 -0.465120 -0.203915
v 0.482601 -0.498950 -0.002728
v 0.424251 -0.530094 -0.203915
v 0.455033 -0.568650 -0.002728
v 0.406714 -0.606170 -0.203915
v 0.436220 -0.650261 -0.002728
v 0.399405 -0.695653 -0.203915
v 0.428379 -0.746253 -0.002728
v 0.363217 -0.699008 -0.203915
v 0.389558 -0.749853 -0.002728
v 0.326759 -0.704694 -0.203915
v 0.350449 -0.755952 -0.002728
v 0.290272 -0.712763 -0.203915
v 0.311307 -0.764608 -0.002728
v 0.253994 -0.723266 -0.203915
v 0.272390 -0.775875 -0.002728
v 0.218165 -0.736257 -0.203915
v 0.233955 -0.789811 -0.002728
v 0.183023 -0.751788 -0.203915
v 0.196256 -0.806472 -0.002728
v 0.148808 -0.769911 -0.203915
v 0.159552 -0.825914 -0.002728
v 0.115758 -0.790680 -0.203915
v 0.124098 -0.848193 -0.002728
v 0.084113 -0.814145 -0.203915
v 0.090151 -0.873366 -0.002728
v 0.054113 -0.840361 -0.203915
v 0.057968 -0.901488 -0.002728
v 0.025995 -0.869378 -0.203915
v 0.027805 -0.932617 -0.002728
v 0.000000 -0.901251 -0.203915
v -0.000081 -0.966808 -0.002728
v -0.026269 -0.867083 -0.203915
v -0.028261 -0.930154 -0.002728
v -0.054567 -0.836479 -0.203915
v -0.058618 -0.897324 -0.002728
v -0.084686 -0.809300 -0.203915
v -0.090928 -0.868167 -0.002728
v -0.116416 -0.785404 -0.203915
v -0.124966 -0.842533 -0.002728
v -0.149549 -0.764652 -0.203915
v -0.160510 -0.820272 -0.002728
v -0.183876 -0.746904 -0.203915
v -0.197334 -0.801233 -0.002728
v -0.219188 -0.732020 -0.203915
v -0.235214 -0.785266 -0.002728
v -0.255275 -0.719860 -0.203915
v -0.273926 -0.772221 -0.002728
v -0.291929 -0.710283 -0.203915
v -0.313247 -0.761947 -0.002728
v -0.328941 -0.703149 -0.203915
v -0.352952 -0.754295 -0.002728
v -0.366102 -0.698319 -0.203915
v -0.392816 -0.749114 -0.002728
v -0.403203 -0.695653 -0.057180
v -0.409057 -0.605384 -0.057180
v -0.425201 -0.528727 -0.057180
v -0.449576 -0.463360 -0.057180
v -0.480126 -0.406961 -0.057180
v -0.514793 -0.357208 -0.057180
v -0.551520 -0.311780 -0.057180
v -0.588251 -0.268354 -0.057180
v -0.622928 -0.224609 -0.057180
v -0.653494 -0.178223 -0.057180
v -0.677892 -0.126874 -0.057180
v -0.694064 -0.068240 -0.057180
v -0.699954 -0.000000 -0.057180
v -0.694131 0.069243 -0.057180
v -0.677915 0.128734 -0.057180
v -0.653379 0.180833 -0.057180
v -0.622594 0.227900 -0.057180
v -0.587633 0.272294 -0.057180
v -0.550568 0.316375 -0.057180
v -0.513471 0.362502 -0.057180
v -0.478415 0.413035 -0.057180
v -0.447471 0.470333 -0.057180
v -0.422712 0.536756 -0.057180
v -0.406210 0.614663 -0.057180
v -0.400038 0.706414 -0.057180
v -0.362344 0.706376 -0.057180
v -0.325235 0.708502 -0.057180
v -0.288775 0.713032 -0.057180
v -0.253024 0.720203 -0.057180
v -0.218044 0.730253 -0.057180
v -0.183898 0.743421 -0.057180
v -0.150648 0.759945 -0.057180
v -0.118355 0.780064 -0.057180
v -0.087082 0.804016 -0.057180
v -0.056891 0.832038 -0.057180
v -0.027843 0.864371 -0.057180
v 0.000000 0.901251 -0.057180
v 0.025908 0.863666 -0.057180
v 0.053832 0.830793 -0.057180
v 0.083586 0.802354 -0.057180
v 0.114985 0.778070 -0.057180
v 0.147845 0.757665 -0.057180
v 0.181980 0.740860 -0.057180
v 0.217204 0.727377 -0.057180
v 0.253334 0.716940 -0.057180
v 0.290184 0.709269 -0.057180
v 0.327569 0.704088 -0.057180
v 0.365304 0.701119 -0.057180
v 0.403203 0.700084 -0.057180
v 0.411273 0.609691 -0.057180
v 0.429227 0.532874 -0.057180
v 0.455043 0.467307 -0.057180
v 0.486699 0.410667 -0.057180
v 0.522173 0.360630 -0.057180
v 0.559443 0.314870 -0.057180
v 0.596487 0.271065 -0.057180
v 0.631284 0.226890 -0.057180
v 0.661810 0.180019 -0.057180
v 0.686045 0.128131 -0.057180
v 0.701965 0.068899 -0.057180
v 0.707550 -0.000000 -0.057180
v 0.701387 -0.068681 -0.057180
v 0.684787 -0.127738 -0.057180
v 0.659817 -0.179474 -0.057180
v 0.628544 -0.226192 -0.057180
v 0.593034 -0.270196 -0.057180
v 0.555353 -0.313787 -0.057180
v 0.517567 -0.359270 -0.057180
v 0.481744 -0.408946 -0.057180
v 0.449950 -0.465120 -0.057180
v 0.424251 -0.530094 -0.057180
v 0.406714 -0.606170 -0.057180
v 0.399405 -0.695653 -0.057180
v 0.363217 -0.699008 -0.057180
v 0.326759 -0.704694 -0.057180
v 0.290272 -0.712763 -0.057180
v 0.253994 -0.723266 -0.057180
v 0.218165 -0.736257 -0.057180
v 0.183023 -0.751788 -0.057180
v 0.148808 -0.769911 -0.057180
v 0.115758 -0.790680 -0.057180
v 0.084113 -0.814145 -0.057180
v 0.054113 -0.840361 -0.057180
v 0.025995 -0.869378 -0.057180
v 0.000000 -0.901251 -0.057180
v -0.026269 -0.867083 -0.057180
v -0.054567 -0.836479 -0.057180
v -0.084686 -0.809300 -0.057180
v -0.116416 -0.785404 -0.057180
v -0.149549 -0.764652 -0.057180
v -0.183876 -0.746904 -0.057180
v -0.219188 -0.732020 -0.057180
v -0.255275 -0.719860 -0.057180
v -0.291929 -0.710283 -0.057180
v -0.328941 -0.703149 -0.057180
v -0.366102 -0.698319 -0.057180
v -0.432616 -0.746253 -0.055269
v -0.438896 -0.649418 -0.055269
v -0.456214 -0.567184 -0.055269
v -0.482362 -0.497062 -0.055269
v -0.515134 -0.436560 -0.055269
v -0.552323 -0.383188 -0.055269
v -0.591723 -0.334455 -0.055269
v -0.631126 -0.287870 -0.055269
v -0.668325 -0.240942 -0.055269
v -0.701115 -0.191182 -0.055269
v -0.727287 -0.136097 -0.055269
v -0.744636 -0.073198 -0.055269
v -0.750955 0.000006 -0.055269
v -0.744708 0.074286 -0.055269
v -0.727312 0.138105 -0.055269
v -0.700991 0.193994 -0.055269
v -0.667966 0.244485 -0.055269
v -0.630462 0.292108 -0.055269
v -0.590701 0.339396 -0.055269
v -0.550905 0.388879 -0.055269
v -0.513299 0.443088 -0.055269
v -0.480104 0.504554 -0.055269
v -0.453544 0.575809 -0.055269
v -0.435842 0.659383 -0.055269
v -0.429221 0.757809 -0.055269
v -0.388784 0.757768 -0.055269
v -0.348976 0.760049 -0.055269
v -0.309863 0.764908 -0.055269
v -0.271511 0.772601 -0.055269
v -0.233987 0.783382 -0.055269
v -0.197357 0.797508 -0.055269
v -0.161688 0.815234 -0.055269
v -0.127047 0.836817 -0.055269
v -0.093499 0.862511 -0.055269
v -0.061111 0.892572 -0.055269
v -0.029949 0.927257 -0.055269
v -0.000081 0.966819 -0.055269
v 0.027712 0.926501 -0.055269
v 0.057667 0.891237 -0.055269
v 0.089585 0.860728 -0.055269
v 0.123269 0.834678 -0.055269
v 0.158519 0.812788 -0.055269
v 0.195137 0.794761 -0.055269
v 0.232924 0.780297 -0.055269
v 0.271682 0.769100 -0.055269
v 0.311213 0.760872 -0.055269
v 0.351317 0.755314 -0.055269
v 0.391797 0.752129 -0.055269
v 0.432453 0.751018 -0.055269
v 0.441110 0.654050 -0.055269
v 0.460370 0.571644 -0.055269
v 0.488064 0.501308 -0.055269
v 0.522023 0.440548 -0.055269
v 0.560078 0.386870 -0.055269
v 0.600059 0.337782 -0.055269
v 0.639798 0.290790 -0.055269
v 0.677126 0.243401 -0.055269
v 0.709873 0.193121 -0.055269
v 0.735871 0.137458 -0.055269
v 0.752950 0.073917 -0.055269
v 0.758941 0.000006 -0.055269
v 0.752329 -0.073671 -0.055269
v 0.734522 -0.137024 -0.055269
v 0.707736 -0.192524 -0.055269
v 0.674187 -0.242641 -0.055269
v 0.636094 -0.289845 -0.055269
v 0.595671 -0.336608 -0.055269
v 0.555137 -0.385399 -0.055269
v 0.516708 -0.438690 -0.055269
v 0.482601 -0.498950 -0.055269
v 0.455033 -0.568650 -0.055269
v 0.436220 -0.650261 -0.055269
v 0.428379 -0.746253 -0.055269
v 0.389558 -0.749853 -0.055269
v 0.350449 -0.755952 -0.055269
v 0.311307 -0.764608 -0.055269
v 0.272390 -0.775875 -0.055269
v 0.233955 -0.789811 -0.055269
v 0.196256 -0.806472 -0.055269
v 0.159552 -0.825914 -0.055269
v 0.124098 -0.848193 -0.055269
v 0.090151 -0.873366 -0.055269
v 0.057968 -0.901488 -0.055269
v 0.027805 -0.932617 -0.055269
v -0.000081 -0.966808 -0.055269
v -0.028261 -0.930154 -0.055269
v -0.058618 -0.897324 -0.055269
v -0.090928 -0.868167 -0.055269
v -0.124966 -0.842533 -0.055269
v -0.160510 -0.820272 -0.055269
v -0.197334 -0.801233 -0.055269
v -0.235214 -0.785266 -0.055269
v -0.273926 -0.772221 -0.055269
v -0.313247 -0.761947 -0.055269
v -0.352952 -0.754295 -0.055269
v -0.392816 -0.749114 -0.055269
vt 0.263158 0.000000
vt 0.252632 0.000000
vt 0.242105 0.000000
vt 0.231579 0.000000
vt 0.221053 0.000000
vt 0.210526 0.000000
vt 0.200000 0.000000
vt 0.189474 0.000000
vt 0.178947 0.000000
vt 0.168421 0.000000
vt 0.157895 0.000000
vt 0.147368 0.000000
vt 0.136842 0.000000
vt 0.126316 0.000000
vt 0.115789 0.000000
vt 0.105263 0.000000
vt 0.094737 0.000000
vt 0.084211 0.000000
vt 0.073684 0.000000
vt 0.063158 0.000000
vt 0.052632 0.000000
vt 0.042105 0.000000
vt 0.031579 0.000000
vt 0.021053 0.000000
vt 0.010526 0.000000
vt 0.000000 0.000000
vt 1.000000 0.000000
vt 0.989474 0.000000
vt 0.978947 0.000000
vt 0.968421 0.000000
vt 0.957895 0.000000
vt 0.947368 0.000000
vt 0.936842 0.000000
vt 0.926316 0.000000
vt 0.915789 0.000000
vt 0.905263 0.000000
vt 0.894737 0.000000
vt 0.884211 0.000000
vt 0.873684 0.000000
vt 0.863158 0.000000
vt 0.852632 0.000000
vt 0.842105 0.000000
vt 0.831579 0.000000
vt 0.821053 0.000000
vt 0.810526 0.000000
vt 0.800000 0.000000
vt 0.789474 0.000000
vt 0.778947 0.000000
vt 0.768421 0.000000
vt 0.757895 0.000000
vt 0.747368 0.000000
vt 0.736842 0.000000
vt 0.726316 0.000000
vt 0.715789 0.000000
vt 0.705263 0.000000
vt 0.694737 0.000000
vt 0.684211 0.000000
vt 0.673684 0.000000
vt 0.663158 0.000000
vt 0.652632 0.000000
vt 0.642105 0.000000
vt 0.631579 0.000000
vt 0.621053 0.000000
vt 0.610526 0.000000
vt 0.600000 0.000000
vt 0.589474 0.000000
vt 0.578947 0.000000
vt 0.568421 0.000000
vt 0.557895 0.000000
vt 0.547368 0.000000
vt 0.536842 0.000000
vt 0.526316 0.000000
vt 0.515789 0.000000
vt 0.505263 0.000000
vt 0.494737 0.000000
vt 0.484211 0.000000
vt 0.473684 0.000000
vt 0.463158 0.000000
vt 0.452632 0.000000
vt 0.442105 0.000000
vt 0.431579 0.000000
vt 0.421053 0.000000
vt 0.410526 0.000000
vt 0.400000 0.000000
vt 0.389474 0.000000
vt 0.378947 0.000000
vt 0.368421 0.000000
vt 0.357895 0.000000
vt 0.347368 0.000000
vt 0.336842 0.000000
vt 0.326316 0.000000
vt 0.315789 0.000000
vt 0.305263 0.000000
vt 0.294737 0.000000
vt 0.284211 0.000000
vt 0.273684 0.000000
vt 1.000000 0.000000
vt 0.000000 0.000000
vt 0.010526 0.000000
vt 0.021053 0.000000
vt 0.031579 0.000000
vt 0.042105 0.000000
vt 0.052632 0.000000
vt 0.063158 0.000000
vt 0.073684 0.000000
vt 0.084211 0.000000
vt 0.094737 0.000000
vt 0.105263 0.000000
vt 0.115789 0.000000
vt 0.126316 0.000000
vt 0.136842 0.000000
vt 0.147368 0.000000
vt 0.157895 0.000000
vt 0.168421 0.000000
vt 0.178947 0.000000
vt 0.189474 0.000000
vt 0.200000 0.000000
vt 0.210526 0.000000
vt 0.221053 0.000000
vt 0.231579 0.000000
vt 0.242105 0.000000
vt 0.252632 0.000000
vt 0.263158 0.000000
vt 0.273684 0.000000
vt 0.284211 0.000000
vt 0.294737 0.000000
vt 0.305263 0.000000
vt 0.315789 0.000000
vt 0.326316 0.000000
vt 0.336842 0.000000
vt 0.347368 0.000000
vt 0.357895 0.000000
vt 0.368421 0.000000
vt 0.378947 0.000000
vt 0.389474 0.000000
vt 0.400000 0.000000
vt 0.410526 0.000000
vt 0.421053 0.000000
vt 0.431579 0.000000
vt 0.442105 0.000000
vt 0.452632 0.000000
vt 0.463158 0.000000
vt 0.473684 0.000000
vt 0.484211 0.000000
vt 0.494737 0.000000
vt 0.505263 0.000000
vt 0.515789 0.000000
vt 0.526316 0.000000
vt 0.536842 0.000000
vt 0.547368 0.000000
vt 0.557895 0.000000
vt 0.568421 0.000000
vt 0.578947 0.000000
vt 0.589474 0.000000
vt 0.600000 0.000000
vt 0.610526 0.000000
vt 0.621053 0.000000
vt 0.631579 0.000000
vt 0.642105 0.000000
vt 0.652632 0.000000
vt 0.663158 0.000000
vt 0.673684 0.000000
vt 0.684211 0.000000
vt 0.694737 0.000000
vt 0.705263 0.000000
vt 0.715789 0.000000
vt 0.726316 0.000000
vt 0.736842 0.000000
vt 0.747368 0.000000
vt 0.757895 0.000000
vt 0.768421 0.000000
vt 0.778947 0.000000
vt 0.789474 0.000000
vt 0.800000 0.000000
vt 0.810526 0.000000
vt 0.821053 0.000000
vt 0.831579 0.000000
vt 0.842105 0.000000
vt 0.852632 0.000000
vt 0.863158 0.000000
vt 0.873684 0.000000
vt 0.884211 0.000000
vt 0.894737 0.000000
vt 0.905263 0.000000
vt 0.915789 0.000000
vt 0.926316 0.000000
vt 0.936842 0.000000
vt 0.947368 0.000000
vt 0.957895 0.000000
vt 0.968421 0.000000
vt 0.978947 0.000000
vt 0.989474 0.000000
vt 0.000000 0.577988
vt 0.010417 0.577988
vt 0.010417 0.000000
vt 0.000000 0.000000
vt 0.020833 0.577988
vt 0.020833 0.000000
vt 0.031250 0.577988
vt 0.031250 0.000000
vt 0.041667 0.577988
vt 0.041667 0.000000
vt 0.052083 0.577988
vt 0.052083 0.000000
vt 0.062500 0.577988
vt 0.062500 0.000000
vt 0.072917 0.577988
vt 0.072917 0.000000
vt 0.083333 0.577988
vt 0.083333 0.000000
vt 0.093750 0.577988
vt 0.093750 0.000000
vt 0.104167 0.577988
vt 0.104167 0.000000
vt 0.114583 0.577988
vt 0.114583 0.000000
vt 0.125000 0.577988
vt 0.125000 0.000000
vt 0.135417 0.577988
vt 0.135417 0.000000
vt 0.145833 0.577988
vt 0.145833 0.000000
vt 0.156250 0.577988
vt 0.156250 0.000000
vt 0.166667 0.577988
vt 0.166667 0.000000
vt 0.177083 0.577988
vt 0.177083 0.000000
vt 0.187500 0.577988
vt 0.187500 0.000000
vt 0.197917 0.577988
vt 0.197917 0.000000
vt 0.208333 0.577988
vt 0.208333 0.000000
vt 0.218750 0.577988
vt 0.218750 0.000000
vt 0.229167 0.577988
vt 0.229167 0.000000
vt 0.239583 0.577988
vt 0.239583 0.000000
vt 0.250000 0.577988
vt 0.250000 0.000000
vt 0.260417 0.577988
vt 0.260417 0.000000
vt 0.270833 0.577988
vt 0.270833 0.000000
vt 0.281250 0.577988
vt 0.281250 0.000000
vt 0.291667 0.577988
vt 0.291667 0.000000
vt 0.302083 0.577988
vt 0.302083 0.000000
vt 0.312500 0.577988
vt 0.312500 0.000000
vt 0.322917 0.577988
vt 0.322917 0.000000
vt 0.333333 0.577988
vt 0.333333 0.000000
vt 0.343750 0.577988
vt 0.343750 0.000000
vt 0.354167 0.577988
vt 0.354167 0.000000
vt 0.364583 0.577988
vt 0.364583 0.000000
vt 0.375000 0.577988
vt 0.375000 0.000000
vt 0.385417 0.577988
vt 0.385417 0.000000
vt 0.395833 0.577988
vt 0.395833 0.000000
vt 0.406250 0.577988
vt 0.406250 0.000000
vt 0.416667 0.577988
vt 0.416667 0.000000
vt 0.427083 0.577988
vt 0.427083 0.000000
vt 0.437500 0.577988
vt 0.437500 0.000000
vt 0.447917 0.577988
vt 0.447917 0.000000
vt 0.458333 0.577988
vt 0.458333 0.000000
vt 0.468750 0.577988
vt 0.468750 0.000000
vt 0.479167 0.577988
vt 0.479167 0.000000
vt 0.489583 0.577988
vt 0.489583 0.000000
vt 0.500000 0.577988
vt 0.500000 0.000000
vt 0.510417 0.577988
vt 0.510417 0.000000
vt 0.520833 0.577988
vt 0.520833 0.000000
vt 0.531250 0.577988
vt 0.531250 0.000000
vt 0.541667 0.577988
vt 0.541667 0.000000
vt 0.552083 0.577988
vt 0.552083 0.000000
vt 0.562500 0.577988
vt 0.562500 0.000000
vt 0.572917 0.577988
vt 0.572917 0.000000
vt 0.583333 0.577988
vt 0.583333 0.000000
vt 0.593750 0.577988
vt 0.593750 0.000000
vt 0.604167 0.577988
vt 0.604167 0.000000
vt 0.614583 0.577988
vt 0.614583 0.000000
vt 0.625000 0.577988
vt 0.625000 0.000000
vt 0.635417 0.577988
vt 0.635417 0.000000
vt 0.645833 0.577988
vt 0.645833 0.000000
vt 0.656250 0.577988
vt 0.656250 0.000000
vt 0.666667 0.577988
vt 0.666667 0.000000
vt 0.677083 0.577988
vt 0.677083 0.000000
vt 0.687500 0.577988
vt 0.687500 0.000000
vt 0.697917 0.577988
vt 0.697917 0.000000
vt 0.708333 0.577988
vt 0.708333 0.000000
vt 0.718750 0.577988
vt 0.718750 0.000000
vt 0.729167 0.577988
vt 0.729167 0.000000
vt 0.739583 0.577988
vt 0.739583 0.000000
vt 0.750000 0.577988
vt 0.750000 0.000000
vt 0.760417 0.577988
vt 0.760417 0.000000
vt 0.770833 0.577988
vt 0.770833 0.000000
vt 0.781250 0.577988
vt 0.781250 0.000000
vt 0.791667 0.577988
vt 0.791667 0.000000
vt 0.802083 0.577988
vt 0.802083 0.000000
vt 0.812500 0.577988
vt 0.812500 0.000000
vt 0.822917 0.577988
vt 0.822917 0.000000
vt 0.833333 0.577988
vt 0.833333 0.000000
vt 0.843750 0.577988
vt 0.843750 0.000000
vt 0.854167 0.577988
vt 0.854167 0.000000
vt 0.864583 0.577988
vt 0.864583 0.000000
vt 0.875000 0.577988
vt 0.875000 0.000000
vt 0.885417 0.577988
vt 0.885417 0.000000
vt 0.895833 0.577988
vt 0.895833 0.000000
vt 0.906250 0.577988
vt 0.906250 0.000000
vt 0.916667 0.577988
vt 0.916667 0.000000
vt 0.927083 0.577988
vt 0.927083 0.000000
vt 0.937500 0.577988
vt 0.937500 0.000000
vt 0.947917 0.577988
vt 0.947917 0.000000
vt 0.958333 0.577988
vt 0.958333 0.000000
vt 0.968750 0.577988
vt 0.968750 0.000000
vt 0.979167 0.577988
vt 0.979167 0.000000
vt 0.989583 0.577988
vt 0.989583 0.000000
vt 1.000000 0.577988
vt 1.000000 0.000000
vt 0.843750 0.755110
vt 0.854167 0.755110
vt 0.864583 0.755110
vt 0.875000 0.755110
vt 0.885417 0.755110
vt 0.895833 0.755110
vt 0.906250 0.755110
vt 0.916667 0.755110
vt 0.927083 0.755110
vt 0.937500 0.755110
vt 0.947917 0.755110
vt 0.958333 0.755110
vt 0.968750 0.755110
vt 0.979167 0.755110
vt 0.989583 0.755110
vt 0.000000 0.755110
vt 0.010417 0.755110
vt 0.020833 0.755110
vt 0.031250 0.755110
vt 0.041667 0.755110
vt 0.052083 0.755110
vt 0.062500 0.755110
vt 0.072917 0.755110
vt 0.083333 0.755110
vt 0.093750 0.755110
vt 0.104167 0.755110
vt 0.114583 0.755110
vt 0.125000 0.755110
vt 0.135417 0.755110
vt 0.145833 0.755110
vt 0.156250 0.755110
vt 0.166667 0.755110
vt 0.177083 0.755110
vt 0.187500 0.755110
vt 0.197917 0.755110
vt 0.208333 0.755110
vt 0.218750 0.755110
vt 0.229167 0.755110
vt 0.239583 0.755110
vt 0.250000 0.755110
vt 0.260417 0.755110
vt 0.270833 0.755110
vt 0.281250 0.755110
vt 0.291667 0.755110
vt 0.302083 0.755110
vt 0.312500 0.755110
vt 0.322917 0.755110
vt 0.333333 0.755110
vt 0.343750 0.755110
vt 0.354167 0.755110
vt 0.364583 0.755110
vt 0.375000 0.755110
vt 0.385417 0.755110
vt 0.395833 0.755110
vt 0.406250 0.755110
vt 0.416667 0.755110
vt 0.427083 0.755110
vt 0.437500 0.755110
vt 0.447917 0.755110
vt 0.458333 0.755110
vt 0.468750 0.755110
vt 0.479167 0.755110
vt 0.489583 0.755110
vt 0.500000 0.755110
vt 0.510417 0.755110
vt 0.520833 0.755110
vt 0.531250 0.755110
vt 0.541667 0.755110
vt 0.552083 0.755110
vt 0.562500 0.755110
vt 0.572917 0.755110
vt 0.583333 0.755110
vt 0.593750 0.755110
vt 0.604167 0.755110
vt 0.614583 0.755110
vt 0.625000 0.755110
vt 0.635417 0.755110
vt 0.645833 0.755110
vt 0.656250 0.755110
vt 0.666667 0.755110
vt 0.677083 0.755110
vt 0.687500 0.755110
vt 0.697917 0.755110
vt 0.708333 0.755110
vt 0.718750 0.755110
vt 0.729167 0.755110
vt 0.739583 0.755110
vt 0.750000 0.755110
vt 0.760417 0.755110
vt 0.770833 0.755110
vt 0.781250 0.755110
vt 0.791667 0.755110
vt 0.802083 0.755110
vt 0.812500 0.755110
vt 0.822917 0.755110
vt 0.833333 0.755110
vt 0.000000 1.000000
vt 0.010417 1.000000
vt 0.020833 1.000000
vt 0.031250 1.000000
vt 0.041667 1.000000
vt 0.052083 1.000000
vt 0.062500 1.000000
vt 0.072917 1.000000
vt 0.083333 1.000000
vt 0.093750 1.000000
vt 0.104167 1.000000
vt 0.114583 1.000000
vt 0.125000 1.000000
vt 0.135417 1.000000
vt 0.145833 1.000000
vt 0.156250 1.000000
vt 0.166667 1.000000
vt 0.177083 1.000000
vt 0.187500 1.000000
vt 0.197917 1.000000
vt 0.208333 1.000000
vt 0.218750 1.000000
vt 0.229167 1.000000
vt 0.239583 1.000000
vt 0.250000 1.000000
vt 0.260417 1.000000
vt 0.270833 1.000000
vt 0.281250 1.000000
vt 0.291667 1.000000
vt 0.302083 1.000000
vt 0.312500 1.000000
vt 0.322917 1.000000
vt 0.333333 1.000000
vt 0.343750 1.000000
vt 0.354167 1.000000
vt 0.364583 1.000000
vt 0.375000 1.000000
vt 0.385417 1.000000
vt 0.395833 1.000000
vt 0.406250 1.000000
vt 0.416667 1.000000
vt 0.427083 1.000000
vt 0.437500 1.000000
vt 0.447917 1.000000
vt 0.458333 1.000000
vt 0.468750 1.000000
vt 0.479167 1.000000
vt 0.489583 1.000000
vt 0.500000 1.000000
vt 0.510417 1.000000
vt 0.520833 1.000000
vt 0.531250 1.000000
vt 0.541667 1.000000
vt 0.552083 1.000000
vt 0.562500 1.000000
vt 0.572917 1.000000
vt 0.583333 1.000000
vt 0.593750 1.000000
vt 0.604167 1.000000
vt 0.614583 1.000000
vt 0.625000 1.000000
vt 0.635417 1.000000
vt 0.645833 1.000000
vt 0.656250 1.000000
vt 0.666667 1.000000
vt 0.677083 1.000000
vt 0.687500 1.000000
vt 0.697917 1.000000
vt 0.708333 1.000000
vt 0.718750 1.000000
vt 0.729167 1.000000
vt 0.739583 1.000000
vt 0.750000 1.000000
vt 0.760417 1.000000
vt 0.770833 1.000000
vt 0.781250 1.000000
vt 0.791667 1.000000
vt 0.802083 1.000000
vt 0.812500 1.000000
vt 0.822917 1.000000
vt 0.833333 1.000000
vt 0.843750 1.000000
vt 0.854167 1.000000
vt 0.864583 1.000000
vt 0.875000 1.000000
vt 0.885417 1.000000
vt 0.895833 1.000000
vt 0.906250 1.000000
vt 0.916667 1.000000
vt 0.927083 1.000000
vt 0.937500 1.000000
vt 0.947917 1.000000
vt 0.958333 1.000000
vt 0.968750 1.000000
vt 0.979167 1.000000
vt 0.989583 1.000000
vt 1.000000 1.000000
vt 1.000000 0.755110
vn 0.0000 -0.0000 1.0000
vn -0.0000 0.0000 -1.0000
vn -0.5757 -0.5714 -0.5849
vn -0.7159 -0.0979 -0.6913
vn -0.9907 -0.1357 0.0000
vn -0.7096 -0.7046 0.0000
vn -0.6946 -0.2012 -0.6906
vn -0.9604 -0.2785 0.0000
vn -0.6575 -0.2987 -0.6917
vn -0.9103 -0.4138 0.0000
vn -0.6124 -0.3773 -0.6947
vn -0.8512 -0.5248 0.0000
vn -0.5718 -0.4292 -0.6992
vn -0.7996 -0.6006 0.0000
vn -0.5470 -0.4520 -0.7046
vn -0.7706 -0.6373 0.0000
vn -0.5500 -0.4501 -0.7035
vn -0.7737 -0.6336 0.0000
vn -0.5808 -0.4200 -0.6974
vn -0.8101 -0.5863 0.0000
vn -0.6292 -0.3543 -0.6918
vn -0.8712 -0.4909 0.0000
vn -0.6802 -0.2530 -0.6880
vn -0.9372 -0.3489 0.0000
vn -0.7152 -0.1282 -0.6870
vn -0.9843 -0.1767 -0.0000
vn -0.7253 -0.0006 -0.6884
vn -1.0000 -0.0011 -0.0000
vn -0.7154 0.1266 -0.6871
vn -0.9847 0.1741 0.0000
vn -0.6809 0.2511 -0.6880
vn -0.9383 0.3458 0.0000
vn -0.6304 0.3524 -0.6917
vn -0.8729 0.4879 0.0000
vn -0.5821 0.4184 -0.6972
vn -0.8120 0.5836 0.0000
vn -0.5513 0.4487 -0.7034
vn -0.7756 0.6312 0.0000
vn -0.5481 0.4508 -0.7045
vn -0.7724 0.6352 0.0000
vn -0.5727 0.4281 -0.6991
vn -0.8010 0.5987 0.0000
vn -0.6129 0.3765 -0.6947
vn -0.8521 0.5234 0.0000
vn -0.6576 0.2985 -0.6918
vn -0.9106 0.4132 0.0000
vn -0.6944 0.2019 -0.6907
vn -0.9603 0.2790 0.0000
vn -0.7156 0.0995 -0.6914
vn -0.9905 0.1375 0.0000
vn -0.5557 0.5949 -0.5808
vn -0.6826 0.7308 0.0000
vn -0.0202 0.7133 -0.7005
vn -0.0281 0.9996 0.0000
vn -0.0647 0.7116 -0.6996
vn -0.0903 0.9959 0.0000
vn -0.1147 0.7061 -0.6987
vn -0.1601 0.9871 0.0000
vn -0.1696 0.6958 -0.6979
vn -0.2366 0.9716 0.0000
vn -0.2283 0.6796 -0.6972
vn -0.3183 0.9480 0.0000
vn -0.2891 0.6566 -0.6967
vn -0.4029 0.9153 0.0000
vn -0.3499 0.6266 -0.6964
vn -0.4875 0.8731 0.0000
vn -0.4085 0.5902 -0.6963
vn -0.5691 0.8223 0.0000
vn -0.4628 0.5484 -0.6965
vn -0.6449 0.7643 0.0000
vn -0.5112 0.5030 -0.6969
vn -0.7128 0.7014 0.0000
vn -0.5530 0.4557 -0.6975
vn -0.7717 0.6360 0.0000
vn 0.0177 0.8268 -0.5623
vn 0.0216 0.9998 0.0000
vn 0.5698 0.4369 -0.6960
vn 0.7937 0.6082 0.0000
vn 0.5225 0.4931 -0.6956
vn 0.7275 0.6861 0.0000
vn 0.4685 0.5448 -0.6955
vn 0.6523 0.7580 0.0000
vn 0.4095 0.5901 -0.6957
vn 0.5704 0.8214 0.0000
vn 0.3481 0.6278 -0.6962
vn 0.4852 0.8744 0.0000
vn 0.2867 0.6574 -0.6969
vn 0.4000 0.9165 0.0000
vn 0.2275 0.6793 -0.6977
vn 0.3178 0.9482 0.0000
vn 0.1721 0.6945 -0.6986
vn 0.2408 0.9706 0.0000
vn 0.1217 0.7042 -0.6995
vn 0.1706 0.9853 0.0000
vn 0.0768 0.7096 -0.7004
vn 0.1079 0.9942 0.0000
vn 0.0375 0.7119 -0.7013
vn 0.0529 0.9986 0.0000
vn 0.5560 0.5917 -0.5837
vn 0.6849 0.7286 0.0000
vn 0.7130 0.1148 -0.6917
vn 0.9873 0.1586 0.0000
vn 0.6899 0.2154 -0.6912
vn 0.9546 0.2978 0.0000
vn 0.6520 0.3091 -0.6923
vn 0.9037 0.4281 0.0000
vn 0.6076 0.3839 -0.6953
vn 0.8456 0.5339 0.0000
vn 0.5686 0.4326 -0.6997
vn 0.7960 0.6053 0.0000
vn 0.5455 0.4531 -0.7050
vn 0.7695 0.6386 0.0000
vn 0.5506 0.4498 -0.7032
vn 0.7747 0.6323 0.0000
vn 0.5824 0.4180 -0.6972
vn 0.8126 0.5829 0.0000
vn 0.6312 0.3509 -0.6917
vn 0.8741 0.4857 0.0000
vn 0.6816 0.2489 -0.6881
vn 0.9395 0.3427 0.0000
vn 0.7156 0.1243 -0.6873
vn 0.9853 0.1709 0.0000
vn 0.7252 -0.0030 -0.6885
vn 1.0000 -0.0043 -0.0000
vn 0.7147 -0.1312 -0.6870
vn 0.9835 -0.1808 -0.0000
vn 0.6788 -0.2568 -0.6880
vn 0.9352 -0.3540 0.0000
vn 0.6268 -0.3586 -0.6918
vn 0.8679 -0.4967 0.0000
vn 0.5773 -0.4248 -0.6973
vn 0.8054 -0.5927 0.0000
vn 0.5455 -0.4556 -0.7034
vn 0.7675 -0.6411 0.0000
vn 0.5410 -0.4585 -0.7050
vn 0.7629 -0.6465 0.0000
vn 0.5649 -0.4375 -0.6996
vn 0.7906 -0.6123 0.0000
vn 0.6053 -0.3879 -0.6951
vn 0.8420 -0.5395 0.0000
vn 0.6514 -0.3112 -0.6920
vn 0.9022 -0.4312 0.0000
vn 0.6905 -0.2147 -0.6907
vn 0.9549 -0.2971 0.0000
vn 0.7141 -0.1107 -0.6912
vn 0.9882 -0.1534 0.0000
vn 0.5755 -0.5692 -0.5871
vn 0.7110 -0.7032 0.0000
vn 0.0879 -0.7085 -0.7003
vn 0.1233 -0.9924 0.0000
vn 0.1320 -0.7016 -0.7002
vn 0.1851 -0.9827 0.0000
vn 0.1764 -0.6920 -0.7001
vn 0.2471 -0.9690 0.0000
vn 0.2211 -0.6792 -0.6999
vn 0.3097 -0.9508 0.0000
vn 0.2663 -0.6631 -0.6996
vn 0.3728 -0.9279 0.0000
vn 0.3119 -0.6432 -0.6993
vn 0.4364 -0.8997 0.0000
vn 0.3578 -0.6192 -0.6990
vn 0.5004 -0.8658 0.0000
vn 0.4037 -0.5907 -0.6987
vn 0.5643 -0.8256 0.0000
vn 0.4490 -0.5574 -0.6983
vn 0.6273 -0.7788 0.0000
vn 0.4961 -0.5219 -0.6939
vn 0.6887 -0.7251 0.0000
vn 0.5429 -0.4841 -0.6862
vn 0.7472 -0.6646 0.0000
vn -0.0120 -0.8242 -0.5662
vn -0.0144 -0.9999 0.0000
vn -0.5482 -0.4622 -0.6970
vn -0.7643 -0.6449 0.0000
vn -0.5041 -0.5099 -0.6971
vn -0.7028 -0.7114 0.0000
vn -0.4563 -0.5528 -0.6973
vn -0.6364 -0.7714 0.0000
vn -0.4062 -0.5902 -0.6976
vn -0.5667 -0.8239 0.0000
vn -0.3550 -0.6219 -0.6980
vn -0.4955 -0.8686 0.0000
vn -0.3038 -0.6480 -0.6984
vn -0.4242 -0.9056 0.0000
vn -0.2535 -0.6688 -0.6989
vn -0.3541 -0.9352 0.0000
vn -0.2048 -0.6847 -0.6994
vn -0.2862 -0.9582 0.0000
vn -0.1581 -0.6965 -0.6999
vn -0.2211 -0.9752 0.0000
vn -0.1138 -0.7047 -0.7004
vn -0.1591 -0.9873 0.0000
vn -0.0718 -0.7098 -0.7008
vn -0.1003 -0.9950 0.0000
vn 0.4886 -0.5132 -0.7056
vn 0.5236 -0.4661 -0.7131
vn 0.8420 -0.5396 0.0000
s off
f 26/1/1 25/2/1 24/3/1 23/4/1 22/5/1 21/6/1 20/7/1 19/8/1 18/9/1 17/10/1 16/11/1 15/12/1 14/13/1 13/14/1 12/15/1 11/16/1 10/17/1 9/18/1 8/19/1 7/20/1 6/21/1 5/22/1 4/23/1 3/24/1 2/25/1 1/26/1 96/27/1 95/28/1 94/29/1 93/30/1 92/31/1 91/32/1 90/33/1 89/34/1 88/35/1 87/36/1 86/37/1 85/38/1 84/39/1 83/40/1 82/41/1 81/42/1 80/43/1 79/44/1 78/45/1 77/46/1 76/47/1 75/48/1 74/49/1 73/50/1 72/51/1 71/52/1 70/53/1 69/54/1 68/55/1 67/56/1 66/57/1 65/58/1 64/59/1 63/60/1 62/61/1 61/62/1 60/63/1 59/64/1 58/65/1 57/66/1 56/67/1 55/68/1 54/69/1 53/70/1 52/71/1 51/72/1 50/73/1 49/74/1 48/75/1 47/76/1 46/77/1 45/78/1 44/79/1 43/80/1 42/81/1 41/82/1 40/83/1 39/84/1 38/85/1 37/86/1 36/87/1 35/88/1 34/89/1 33/90/1 32/91/1 31/92/1 30/93/1 29/94/1 28/95/1 27/96/1
f 192/97/2 97/98/2 98/99/2 99/100/2 100/101/2 101/102/2 102/103/2 103/104/2 104/105/2 105/106/2 106/107/2 107/108/2 108/109/2 109/110/2 110/111/2 111/112/2 112/113/2 113/114/2 114/115/2 115/116/2 116/117/2 117/118/2 118/119/2 119/120/2 120/121/2 121/122/2 122/123/2 123/124/2 124/125/2 125/126/2 126/127/2 127/128/2 128/129/2 129/130/2 130/131/2 131/132/2 132/133/2 133/134/2 134/135/2 135/136/2 136/137/2 137/138/2 138/139/2 139/140/2 140/141/2 141/142/2 142/143/2 143/144/2 144/145/2 145/146/2 146/147/2 147/148/2 148/149/2 149/150/2 150/151/2 151/152/2 152/153/2 153/154/2 154/155/2 155/156/2 156/157/2 157/158/2 158/159/2 159/160/2 160/161/2 161/162/2 162/163/2 163/164/2 164/165/2 165/166/2 166/167/2 167/168/2 168/169/2 169/170/2 170/171/2 171/172/2 172/173/2 173/174/2 174/175/2 175/176/2 176/177/2 177/178/2 178/179/2 179/180/2 180/181/2 181/182/2 182/183/2 183/184/2 184/185/2 185/186/2 186/187/2 187/188/2 188/189/2 189/190/2 190/191/2 191/192/2
s 1
f 385/193/3 386/194/4 195/195/5 193/196/6
f 386/194/4 387/197/7 197/198/8 195/195/5
f 387/197/7 388/199/9 199/200/10 197/198/8
f 388/199/9 389/201/11 201/202/12 199/200/10
f 389/201/11 390/203/13 203/204/14 201/202/12
f 390/203/13 391/205/15 205/206/16 203/204/14
f 391/205/15 392/207/17 207/208/18 205/206/16
f 392/207/17 393/209/19 209/210/20 207/208/18
f 393/209/19 394/211/21 211/212/22 209/210/20
f 394/211/21 395/213/23 213/214/24 211/212/22
f 395/213/23 396/215/25 215/216/26 213/214/24
f 396/215/25 397/217/27 217/218/28 215/216/26
f 397/217/27 398/219/29 219/220/30 217/218/28
f 398/219/29 399/221/31 221/222/32 219/220/30
f 399/221/31 400/223/33 223/224/34 221/222/32
f 400/223/33 401/225/35 225/226/36 223/224/34
f 401/225/35 402/227/37 227/228/38 225/226/36
f 402/227/37 403/229/39 229/230/40 227/228/38
f 403/229/39 404/231/41 231/232/42 229/230/40
f 404/231/41 405/233/43 233/234/44 231/232/42
f 405/233/43 406/235/45 235/236/46 233/234/44
f 406/235/45 407/237/47 237/238/48 235/236/46
f 407/237/47 408/239/49 239/240/50 237/238/48
f 408/239/49 409/241/51 241/242/52 239/240/50
f 409/241/51 410/243/53 243/244/54 241/242/52
f 410/243/53 411/245/55 245/246/56 243/244/54
f 411/245/55 412/247/57 247/248/58 245/246/56
f 412/247/57 413/249/59 249/250/60 247/248/58
f 413/249/59 414/251/61 251/252/62 249/250/60
f 414/251/61 415/253/63 253/254/64 251/252/62
f 415/253/63 416/255/65 255/256/66 253/254/64
f 416/255/65 417/257/67 257/258/68 255/256/66
f 417/257/67 418/259/69 259/260/70 257/258/68
f 418/259/69 419/261/71 261/262/72 259/260/70
f 419/261/71 420/263/73 263/264/74 261/262/72
f 420/263/73 421/265/75 265/266/76 263/264/74
f 421/265/75 422/267/77 267/268/78 265/266/76
f 422/267/77 423/269/79 269/270/80 267/268/78
f 423/269/79 424/271/81 271/272/82 269/270/80
f 424/271/81 425/273/83 273/274/84 271/272/82
f 425/273/83 426/275/85 275/276/86 273/274/84
f 426/275/85 427/277/87 277/278/88 275/276/86
f 427/277/87 428/279/89 279/280/90 277/278/88
f 428/279/89 429/281/91 281/282/92 279/280/90
f 429/281/91 430/283/93 283/284/94 281/282/92
f 430/283/93 431/285/95 285/286/96 283/284/94
f 431/285/95 432/287/97 287/288/98 285/286/96
f 432/287/97 433/289/99 289/290/100 287/288/98
f 433/289/99 434/291/101 291/292/102 289/290/100
f 434/291/101 435/293/103 293/294/104 291/292/102
f 435/293/103 436/295/105 295/296/106 293/294/104
f 436/295/105 437/297/107 297/298/108 295/296/106
f 437/297/107 438/299/109 299/300/110 297/298/108
f 438/299/109 439/301/111 301/302/112 299/300/110
f 439/301/111 440/303/113 303/304/114 301/302/112
f 440/303/113 441/305/115 305/306/116 303/304/114
f 441/305/115 442/307/117 307/308/118 305/306/116
f 442/307/117 443/309/119 309/310/120 307/308/118
f 443/309/119 444/311/121 311/312/122 309/310/120
f 444/311/121 445/313/123 313/314/124 311/312/122
f 445/313/123 446/315/125 315/316/126 313/314/124
f 446/315/125 447/317/127 317/318/128 315/316/126
f 447/317/127 448/319/129 319/320/130 317/318/128
f 448/319/129 449/321/131 321/322/132 319/320/130
f 449/321/131 450/323/133 323/324/134 321/322/132
f 450/323/133 451/325/135 325/326/136 323/324/134
f 451/325/135 452/327/137 327/328/138 325/326/136
f 452/327/137 453/329/139 329/330/140 327/328/138
f 453/329/139 454/331/141 331/332/142 329/330/140
f 454/331/141 455/333/143 333/334/144 331/332/142
f 455/333/143 456/335/145 335/336/146 333/334/144
f 456/335/145 457/337/147 337/338/148 335/336/146
f 457/337/147 458/339/149 339/340/150 337/338/148
f 458/339/149 459/341/151 341/342/152 339/340/150
f 459/341/151 460/343/153 343/344/154 341/342/152
f 460/343/153 461/345/155 345/346/156 343/344/154
f 461/345/155 462/347/157 347/348/158 345/346/156
f 462/347/157 463/349/159 349/350/160 347/348/158
f 463/349/159 464/351/161 351/352/162 349/350/160
f 464/351/161 465/353/163 353/354/164 351/352/162
f 465/353/163 466/355/165 355/356/166 353/354/164
f 466/355/165 467/357/167 357/358/168 355/356/166
f 467/357/167 468/359/169 359/360/170 357/358/168
f 468/359/169 469/361/171 361/362/172 359/360/170
f 469/361/171 470/363/173 363/364/174 361/362/172
f 470/363/173 471/365/175 365/366/176 363/364/174
f 471/365/175 472/367/177 367/368/178 365/366/176
f 472/367/177 473/369/179 369/370/180 367/368/178
f 473/369/179 474/371/181 371/372/182 369/370/180
f 474/371/181 475/373/183 373/374/184 371/372/182
f 475/373/183 476/375/185 375/376/186 373/374/184
f 476/375/185 477/377/187 377/378/188 375/376/186
f 477/377/187 478/379/189 379/380/190 377/378/188
f 478/379/189 479/381/191 381/382/192 379/380/190
f 479/381/191 480/383/193 383/384/194 381/382/192
f 480/383/193 385/385/3 193/386/6 383/384/194
f 562/387/165 563/388/195 467/357/167 466/355/165 465/353/163 464/351/161 463/349/159 462/347/157 461/345/155 460/343/153 459/341/151 458/339/149 457/337/147 456/335/145 455/333/143 454/331/141 453/329/139 452/327/137 451/325/135 450/323/133 449/321/131 448/319/129 447/317/127 446/315/125 445/313/123 444/311/121 443/309/119 442/307/117 441/305/115 440/303/113 439/301/111 438/299/109 437/297/107 436/295/105 435/293/103 434/291/101 433/289/99 432/287/97 431/285/95 430/283/93 429/281/91 428/279/89 427/277/87 426/275/85 425/273/83 424/271/81 423/269/79 422/267/77 421/265/75 420/263/73 419/261/71 418/259/69 417/257/67 416/255/65 415/253/63 414/251/61 413/249/59 412/247/57 411/245/55 410/243/53 409/241/51 408/239/49 407/237/47 406/235/45 405/233/43 404/231/41 403/229/39 402/227/37 401/225/35 400/223/33 399/221/31 398/219/29 397/217/27 396/215/25 395/213/23 394/211/21 393/209/19 392/207/17 391/205/15 390/203/13 389/201/11 388/199/9 387/197/7 386/194/4 385/385/3 480/383/193 479/381/191 478/379/189 477/377/187 476/375/185 475/373/183 474/371/181 473/369/179 472/367/177 471/365/175 470/363/173 469/361/171 468/359/169 564/389/196 565/390/171 566/391/173 567/392/175 568/393/177 569/394/179 570/395/181 571/396/183 572/397/185 573/398/187 574/399/189 575/400/191 576/401/193 481/402/3 482/403/4 483/404/7 484/405/9 485/406/11 486/407/13 487/408/15 488/409/17 489/410/19 490/411/21 491/412/23 492/413/25 493/414/27 494/415/29 495/416/31 496/417/33 497/418/35 498/419/37 499/420/39 500/421/41 501/422/43 502/423/45 503/424/47 504/425/49 505/426/51 506/427/53 507/428/55 508/429/57 509/430/59 510/431/61 511/432/63 512/433/65 513/434/67 514/435/69 515/436/71 516/437/73 517/438/75 518/439/77 519/440/79 520/441/81 521/442/83 522/443/85 523/444/87 524/445/89 525/446/91 526/447/93 527/448/95 528/449/97 529/450/99 530/451/101 531/452/103 532/453/105 533/454/107 534/455/109 535/456/111 536/457/113 537/458/115 538/459/117 539/460/119 540/461/121 541/462/123 542/463/125 543/464/127 544/465/129 545/466/131 546/467/133 547/468/135 548/469/137 549/470/139 550/471/141 551/472/143 552/473/145 553/474/147 554/475/149 555/476/151 556/477/153 557/478/155 558/479/157 559/480/159 560/481/161 561/482/163
f 194/483/6 196/484/5 482/403/4 481/402/3
f 196/484/5 198/485/8 483/404/7 482/403/4
f 198/485/8 200/486/10 484/405/9 483/404/7
f 200/486/10 202/487/12 485/406/11 484/405/9
f 202/487/12 204/488/14 486/407/13 485/406/11
f 204/488/14 206/489/16 487/408/15 486/407/13
f 206/489/16 208/490/18 488/409/17 487/408/15
f 208/490/18 210/491/20 489/410/19 488/409/17
f 210/491/20 212/492/22 490/411/21 489/410/19
f 212/492/22 214/493/24 491/412/23 490/411/21
f 214/493/24 216/494/26 492/413/25 491/412/23
f 216/494/26 218/495/28 493/414/27 492/413/25
f 218/495/28 220/496/30 494/415/29 493/414/27
f 220/496/30 222/497/32 495/416/31 494/415/29
f 222/497/32 224/498/34 496/417/33 495/416/31
f 224/498/34 226/499/36 497/418/35 496/417/33
f 226/499/36 228/500/38 498/419/37 497/418/35
f 228/500/38 230/501/40 499/420/39 498/419/37
f 230/501/40 232/502/42 500/421/41 499/420/39
f 232/502/42 234/503/44 501/422/43 500/421/41
f 234/503/44 236/504/46 502/423/45 501/422/43
f 236/504/46 238/505/48 503/424/47 502/423/45
f 238/505/48 240/506/50 504/425/49 503/424/47
f 240/506/50 242/507/52 505/426/51 504/425/49
f 242/507/52 244/508/54 506/427/53 505/426/51
f 244/508/54 246/509/56 507/428/55 506/427/53
f 246/509/56 248/510/58 508/429/57 507/428/55
f 248/510/58 250/511/60 509/430/59 508/429/57
f 250/511/60 252/512/62 510/431/61 509/430/59
f 252/512/62 254/513/64 511/432/63 510/431/61
f 254/513/64 256/514/66 512/433/65 511/432/63
f 256/514/66 258/515/68 513/434/67 512/433/65
f 258/515/68 260/516/70 514/435/69 513/434/67
f 260/516/70 262/517/72 515/436/71 514/435/69
f 262/517/72 264/518/74 516/437/73 515/436/71
f 264/518/74 266/519/76 517/438/75 516/437/73
f 266/519/76 268/520/78 518/439/77 517/438/75
f 268/520/78 270/521/80 519/440/79 518/439/77
f 270/521/80 272/522/82 520/441/81 519/440/79
f 272/522/82 274/523/84 521/442/83 520/441/81
f 274/523/84 276/524/86 522/443/85 521/442/83
f 276/524/86 278/525/88 523/444/87 522/443/85
f 278/525/88 280/526/90 524/445/89 523/444/87
f 280/526/90 282/527/92 525/446/91 524/445/89
f 282/527/92 284/528/94 526/447/93 525/446/91
f 284/528/94 286/529/96 527/448/95 526/447/93
f 286/529/96 288/530/98 528/449/97 527/448/95
f 288/530/98 290/531/100 529/450/99 528/449/97
f 290/531/100 292/532/102 530/451/101 529/450/99
f 292/532/102 294/533/104 531/452/103 530/451/101
f 294/533/104 296/534/106 532/453/105 531/452/103
f 296/534/106 298/535/108 533/454/107 532/453/105
f 298/535/108 300/536/110 534/455/109 533/454/107
f 300/536/110 302/537/112 535/456/111 534/455/109
f 302/537/112 304/538/114 536/457/113 535/456/111
f 304/538/114 306/539/116 537/458/115 536/457/113
f 306/539/116 308/540/118 538/459/117 537/458/115
f 308/540/118 310/541/120 539/460/119 538/459/117
f 310/541/120 312/542/122 540/461/121 539/460/119
f 312/542/122 314/543/124 541/462/123 540/461/121
f 314/543/124 316/544/126 542/463/125 541/462/123
f 316/544/126 318/545/128 543/464/127 542/463/125
f 318/545/128 320/546/130 544/465/129 543/464/127
f 320/546/130 322/547/132 545/466/131 544/465/129
f 322/547/132 324/548/134 546/467/133 545/466/131
f 324/548/134 326/549/136 547/468/135 546/467/133
f 326/549/136 328/550/138 548/469/137 547/468/135
f 328/550/138 330/551/197 549/470/139 548/469/137
f 330/551/197 332/552/142 550/471/141 549/470/139
f 332/552/142 334/553/144 551/472/143 550/471/141
f 334/553/144 336/554/146 552/473/145 551/472/143
f 336/554/146 338/555/148 553/474/147 552/473/145
f 338/555/148 340/556/150 554/475/149 553/474/147
f 340/556/150 342/557/152 555/476/151 554/475/149
f 342/557/152 344/558/154 556/477/153 555/476/151
f 344/558/154 346/559/156 557/478/155 556/477/153
f 346/559/156 348/560/158 558/479/157 557/478/155
f 348/560/158 350/561/160 559/480/159 558/479/157
f 350/561/160 352/562/162 560/481/161 559/480/159
f 352/562/162 354/563/164 561/482/163 560/481/161
f 354/563/164 356/564/166 562/387/165 561/482/163
f 356/564/166 358/565/168 563/388/195 562/387/165
f 358/565/168 360/566/170 564/389/196 563/388/195
f 360/566/170 362/567/172 565/390/171 564/389/196
f 362/567/172 364/568/174 566/391/173 565/390/171
f 364/568/174 366/569/176 567/392/175 566/391/173
f 366/569/176 368/570/178 568/393/177 567/392/175
f 368/570/178 370/571/180 569/394/179 568/393/177
f 370/571/180 372/572/182 570/395/181 569/394/179
f 372/572/182 374/573/184 571/396/183 570/395/181
f 374/573/184 376/574/186 572/397/185 571/396/183
f 376/574/186 378/575/188 573/398/187 572/397/185
f 378/575/188 380/576/190 574/399/189 573/398/187
f 380/576/190 382/577/192 575/400/191 574/399/189
f 382/577/192 384/578/194 576/401/193 575/400/191
f 384/578/194 194/579/6 481/580/3 576/401/193
f 467/357/167 563/388/195 564/389/196 468/359/169
o 円柱.012
v 0.000000 0.432740 -1.945829
v 0.000000 1.747576 -1.955386
v 0.532120 0.432740 -1.638609
v 0.540397 1.747576 -1.643388
v 0.532120 0.432740 -1.024169
v 0.540397 1.747576 -1.019391
v -0.000000 0.432740 -0.716949
v -0.000000 1.747576 -0.707392
v -0.532120 0.432740 -1.024169
v -0.540397 1.747576 -1.019391
v -0.532120 0.432740 -1.638609
v -0.540397 1.747576 -1.643388
v -0.000000 2.238372 -1.420846
v -0.000000 2.219108 -1.501088
v -0.000000 2.187528 -1.577328
v -0.000000 2.144411 -1.647689
v -0.000000 2.090817 -1.710438
v -0.000000 2.028068 -1.764032
v -0.000000 1.957707 -1.807149
v -0.000000 1.881467 -1.838729
v -0.000000 1.801226 -1.857993
v -0.000000 0.379916 -1.857993
v -0.000000 0.299674 -1.838729
v -0.000000 0.223435 -1.807149
v -0.000000 0.153074 -1.764032
v -0.000000 0.090324 -1.710438
v -0.000000 0.036730 -1.647689
v -0.000000 -0.006387 -1.577328
v -0.000000 -0.037966 -1.501088
v -0.000000 -0.057231 -1.420846
v 0.071245 2.238372 -1.379713
v 0.140736 2.219108 -1.419834
v 0.206762 2.187528 -1.457953
v 0.267696 2.144411 -1.493134
v 0.322039 2.090817 -1.524509
v 0.368453 2.028068 -1.551306
v 0.405793 1.957707 -1.572864
v 0.433142 1.881467 -1.588654
v 0.449825 1.801226 -1.598286
v 0.449825 0.379916 -1.598286
v 0.433142 0.299674 -1.588654
v 0.405793 0.223435 -1.572864
v 0.368453 0.153074 -1.551306
v 0.322039 0.090324 -1.524509
v 0.267696 0.036730 -1.493134
v 0.206762 -0.006387 -1.457953
v 0.140736 -0.037966 -1.419834
v 0.071245 -0.057231 -1.379713
v 0.071245 2.238372 -1.297446
v 0.140736 2.219108 -1.257325
v 0.206762 2.187528 -1.219205
v 0.267696 2.144411 -1.184025
v 0.322039 2.090817 -1.152650
v 0.368452 2.028068 -1.125853
v 0.405793 1.957707 -1.104295
v 0.433142 1.881467 -1.088505
v 0.449825 1.801226 -1.078873
v 0.449825 0.379916 -1.078873
v 0.433142 0.299674 -1.088505
v 0.405793 0.223435 -1.104295
v 0.368452 0.153074 -1.125853
v 0.322039 0.090324 -1.152650
v 0.267696 0.036730 -1.184025
v 0.206762 -0.006387 -1.219205
v 0.140736 -0.037966 -1.257325
v 0.071245 -0.057231 -1.297446
v -0.000000 2.238372 -1.256312
v -0.000000 2.219108 -1.176071
v -0.000000 2.187528 -1.099831
v -0.000000 2.144411 -1.029470
v -0.000000 2.090817 -0.966720
v -0.000000 2.028068 -0.913127
v -0.000000 1.957707 -0.870010
v -0.000000 1.881467 -0.838430
v -0.000000 1.801226 -0.819166
v -0.000000 0.379916 -0.819166
v -0.000000 0.299674 -0.838430
v -0.000000 0.223435 -0.870010
v -0.000000 0.153074 -0.913127
v -0.000000 0.090324 -0.966720
v -0.000000 0.036730 -1.029470
v -0.000000 -0.006387 -1.099831
v -0.000000 -0.037966 -1.176071
v -0.000000 -0.057231 -1.256312
v -0.071245 2.238372 -1.297446
v -0.140736 2.219108 -1.257325
v -0.206762 2.187528 -1.219205
v -0.267697 2.144411 -1.184025
v -0.322039 2.090817 -1.152650
v -0.368453 2.028068 -1.125853
v -0.405793 1.957707 -1.104295
v -0.433142 1.881467 -1.088505
v -0.449825 1.801226 -1.078873
v -0.449825 0.379916 -1.078873
v -0.433142 0.299674 -1.088505
v -0.405793 0.223435 -1.104295
v -0.368453 0.153074 -1.125853
v -0.322039 0.090324 -1.152650
v -0.267696 0.036730 -1.184025
v -0.206762 -0.006387 -1.219205
v -0.140736 -0.037966 -1.257325
v -0.071245 -0.057231 -1.297446
v -0.000000 2.244847 -1.338579
v -0.071245 2.238372 -1.379713
v -0.140736 2.219108 -1.419834
v -0.206762 2.187528 -1.457954
v -0.267696 2.144411 -1.493134
v -0.322039 2.090817 -1.524509
v -0.368453 2.028068 -1.551306
v -0.405793 1.957707 -1.572864
v -0.433142 1.881467 -1.588654
v -0.449825 1.801226 -1.598286
v -0.449825 0.379916 -1.598286
v -0.433142 0.299674 -1.588654
v -0.405793 0.223435 -1.572864
v -0.368453 0.153074 -1.551306
v -0.322039 0.090324 -1.524509
v -0.267696 0.036730 -1.493134
v -0.206762 -0.006387 -1.457954
v -0.140736 -0.037966 -1.419834
v -0.071245 -0.057231 -1.379713
v -0.000000 -0.063705 -1.338579
v 0.000000 0.556540 -1.901389
v 0.000000 1.597190 -1.901389
v 0.493634 1.597190 -1.616389
v 0.493634 0.556540 -1.616389
v 0.493634 1.597190 -1.046389
v 0.493634 0.556540 -1.046389
v -0.000000 1.597190 -0.761389
v -0.000000 0.556540 -0.761389
v -0.493634 1.597190 -1.046389
v -0.493634 0.556540 -1.046389
v -0.493634 1.597190 -1.616389
v -0.493634 0.556540 -1.616389
v 0.577653 1.762383 -1.664897
v 0.000000 1.762383 -1.998405
v 0.577653 1.762383 -0.997881
v -0.000000 1.762383 -0.664373
v -0.577653 1.762383 -0.997881
v -0.577653 1.762383 -1.664897
v 0.000000 1.803621 -1.998405
v -0.577653 1.803621 -1.664897
v -0.577653 1.803621 -0.997881
v -0.000000 1.803621 -0.664373
v 0.577653 1.803621 -0.997881
v 0.577653 1.803621 -1.664897
v 0.000000 0.416041 -1.988806
v 0.569340 0.416041 -1.660098
v 0.569340 0.416041 -1.002681
v -0.000000 0.416041 -0.673972
v -0.569340 0.416041 -1.002681
v -0.569340 0.416041 -1.660097
v 0.000000 0.375482 -1.988806
v 0.569340 0.375482 -1.660098
v 0.569340 0.375482 -1.002681
v -0.000000 0.375482 -0.673972
v -0.569340 0.375482 -1.002681
v -0.569340 0.375482 -1.660097
vt 1.000000 0.833333
vt 1.000000 1.000000
vt 0.833333 1.000000
vt 0.833333 0.833333
vt 0.666667 1.000000
vt 0.666667 0.833333
vt 0.500000 1.000000
vt 0.500000 0.833333
vt 0.333333 1.000000
vt 0.333333 0.833333
vt 0.166667 1.000000
vt 0.333333 1.000000
vt 0.166667 1.000000
vt 0.166667 0.833333
vt -0.000000 1.000000
vt -0.000000 0.833333
vt 0.500000 0.500000
vt 0.333333 0.500000
vt 0.333333 0.500000
vt 0.500000 0.500000
vt 0.666667 0.100000
vt 0.666667 0.150000
vt 0.500000 0.150000
vt 0.500000 0.100000
vt 0.666667 0.800000
vt 0.666667 0.850000
vt 0.500000 0.850000
vt 0.500000 0.800000
vt 0.666667 0.050000
vt 0.500000 0.050000
vt 0.666667 0.400000
vt 0.666667 0.450000
vt 0.500000 0.450000
vt 0.500000 0.400000
vt 0.666667 0.750000
vt 0.500000 0.750000
vt 0.583333 0.000000
vt 0.666667 0.350000
vt 0.500000 0.350000
vt 0.666667 0.700000
vt 0.500000 0.700000
vt 0.666667 0.300000
vt 0.500000 0.300000
vt 0.666667 0.650000
vt 0.500000 0.650000
vt 0.666667 0.250000
vt 0.500000 0.250000
vt 0.666667 0.600000
vt 0.500000 0.600000
vt 0.666667 0.950000
vt 0.583333 1.000000
vt 0.500000 0.950000
vt 0.666667 0.200000
vt 0.500000 0.200000
vt 0.666667 0.550000
vt 0.500000 0.550000
vt 0.666667 0.900000
vt 0.500000 0.900000
vt 0.333333 0.400000
vt 0.333333 0.350000
vt 0.333333 0.750000
vt 0.333333 0.700000
vt 0.333333 0.300000
vt 0.333333 0.650000
vt 0.333333 0.250000
vt 0.333333 0.600000
vt 0.416667 1.000000
vt 0.333333 0.950000
vt 0.333333 0.200000
vt 0.333333 0.550000
vt 0.333333 0.900000
vt 0.333333 0.150000
vt 0.333333 0.850000
vt 0.333333 0.100000
vt 0.333333 0.800000
vt 0.333333 0.050000
vt 0.333333 0.450000
vt 0.416667 0.000000
vt 0.166667 0.600000
vt 0.166667 0.550000
vt 0.166667 0.950000
vt 0.166667 0.900000
vt 0.166667 0.200000
vt 0.166667 0.150000
vt 0.166667 0.850000
vt 0.166667 0.100000
vt 0.166667 0.800000
vt 0.166667 0.050000
vt 0.166667 0.450000
vt 0.166667 0.400000
vt 0.166667 0.750000
vt 0.250000 0.000000
vt 0.166667 0.350000
vt 0.166667 0.700000
vt 0.166667 0.300000
vt 0.166667 0.650000
vt 0.166667 0.250000
vt 0.250000 1.000000
vt 0.000000 0.800000
vt 0.000000 0.750000
vt 0.083333 0.000000
vt 0.000000 0.050000
vt 0.000000 0.400000
vt 0.000000 0.350000
vt 0.000000 0.700000
vt 0.000000 0.300000
vt 0.000000 0.650000
vt 0.000000 0.250000
vt 0.000000 0.600000
vt 0.083333 1.000000
vt 0.000000 0.950000
vt 0.000000 0.200000
vt 0.000000 0.550000
vt 0.000000 0.900000
vt 0.000000 0.150000
vt 0.000000 0.850000
vt 0.000000 0.100000
vt 0.000000 0.450000
vt 1.000000 0.950000
vt 0.916667 1.000000
vt 0.833333 0.950000
vt 1.000000 0.200000
vt 1.000000 0.250000
vt 0.833333 0.250000
vt 0.833333 0.200000
vt 1.000000 0.550000
vt 1.000000 0.600000
vt 0.833333 0.600000
vt 0.833333 0.550000
vt 1.000000 0.900000
vt 0.833333 0.900000
vt 1.000000 0.150000
vt 0.833333 0.150000
vt 1.000000 0.850000
vt 0.833333 0.850000
vt 1.000000 0.100000
vt 0.833333 0.100000
vt 1.000000 0.800000
vt 0.833333 0.800000
vt 1.000000 0.050000
vt 0.833333 0.050000
vt 1.000000 0.400000
vt 1.000000 0.450000
vt 0.833333 0.450000
vt 0.833333 0.400000
vt 1.000000 0.750000
vt 0.833333 0.750000
vt 0.916667 0.000000
vt 1.000000 0.350000
vt 0.833333 0.350000
vt 1.000000 0.700000
vt 0.833333 0.700000
vt 1.000000 0.300000
vt 0.833333 0.300000
vt 1.000000 0.650000
vt 0.833333 0.650000
vt 0.750000 0.000000
vt 0.750000 1.000000
vt 0.166667 0.500000
vt 0.166667 0.666667
vt -0.000000 0.666667
vt -0.000000 0.500000
vt -0.000000 1.000000
vt 0.333333 0.666667
vt 0.666667 1.000000
vt 0.500000 1.000000
vt 0.500000 0.666667
vt 1.000000 1.000000
vt 0.833333 1.000000
vt 0.666667 0.500000
vt 0.666667 0.666667
vt 1.000000 1.000000
vt 0.833333 1.000000
vt 0.833333 0.500000
vt 0.833333 0.666667
vt 1.000000 0.666667
vt 1.000000 0.500000
vt 0.457846 0.370000
vt 0.250000 0.490000
vt 0.042154 0.370000
vt 0.042154 0.130000
vt 0.250000 0.010000
vt 0.457846 0.130000
vt 0.666667 1.000000
vt 0.500000 1.000000
vt 0.333333 1.000000
vt 0.166667 1.000000
vt -0.000000 1.000000
vt 0.666667 0.500000
vt 0.500000 0.500000
vt 0.666667 0.500000
vt 0.833333 0.500000
vt 0.166667 0.500000
vt 1.000000 0.500000
vt -0.000000 0.500000
vt 0.750000 0.490000
vt 0.957846 0.370000
vt 0.957846 0.130000
vt 0.750000 0.010000
vt 0.542154 0.130000
vt 0.542154 0.370000
vt 0.833333 0.500000
vt 1.000000 0.500000
vt -0.000000 0.500000
vt 0.166667 0.500000
vt 0.333333 0.500000
vn 0.4774 -0.2969 -0.8270
vn 0.9549 -0.2969 0.0000
vn 0.4774 -0.2969 0.8270
vn -0.4775 -0.2969 0.8270
vn -0.3693 -0.9293 0.0000
vn -0.9549 -0.2969 0.0000
vn -0.4774 -0.2969 -0.8270
vn -0.2047 0.9124 0.3545
vn 0.2157 -0.9021 -0.3737
vn 0.2888 0.8163 -0.5002
vn 0.1336 -0.9637 -0.2314
vn 0.4895 -0.2036 -0.8479
vn 0.3511 0.7120 -0.6081
vn 0.0453 -0.9959 -0.0784
vn 0.4706 -0.3377 -0.8152
vn 0.4020 0.5947 -0.6963
vn 0.4417 -0.4688 -0.7650
vn 0.4417 0.4688 -0.7650
vn 0.4020 -0.5947 -0.6963
vn 0.4706 0.3377 -0.8152
vn 0.0453 0.9959 -0.0784
vn 0.3511 -0.7120 -0.6081
vn 0.4895 0.2036 -0.8479
vn 0.1336 0.9637 -0.2314
vn 0.2888 -0.8163 -0.5002
vn 0.2157 0.9021 -0.3737
vn 0.9413 -0.3377 0.0000
vn 0.8040 0.5947 0.0000
vn 0.8833 -0.4688 0.0000
vn 0.8833 0.4688 0.0000
vn 0.8040 -0.5947 0.0000
vn 0.9413 0.3377 0.0000
vn 0.0905 0.9959 0.0000
vn 0.7022 -0.7120 0.0000
vn 0.9791 0.2036 0.0000
vn 0.2671 0.9637 0.0000
vn 0.5776 -0.8163 0.0000
vn 0.4315 0.9021 0.0000
vn 0.4315 -0.9021 0.0000
vn 0.5776 0.8163 0.0000
vn 0.2671 -0.9637 0.0000
vn 0.9791 -0.2036 0.0000
vn 0.7022 0.7120 0.0000
vn 0.0905 -0.9959 0.0000
vn 0.4895 0.2036 0.8479
vn 0.1336 0.9637 0.2314
vn 0.2888 -0.8163 0.5002
vn 0.2157 0.9021 0.3737
vn 0.2157 -0.9021 0.3737
vn 0.2888 0.8163 0.5002
vn 0.1336 -0.9637 0.2314
vn 0.4895 -0.2036 0.8479
vn 0.3511 0.7120 0.6081
vn 0.0453 -0.9959 0.0784
vn 0.4706 -0.3377 0.8152
vn 0.4020 0.5947 0.6963
vn 0.4417 -0.4688 0.7650
vn 0.4417 0.4688 0.7650
vn 0.4020 -0.5947 0.6963
vn 0.4706 0.3377 0.8152
vn 0.0453 0.9959 0.0784
vn 0.3511 -0.7120 0.6081
vn -0.3511 0.7120 0.6081
vn -0.0453 -0.9959 0.0784
vn -0.4706 -0.3377 0.8152
vn -0.4020 0.5947 0.6963
vn -0.4417 -0.4688 0.7650
vn -0.4417 0.4688 0.7650
vn -0.4020 -0.5947 0.6963
vn -0.4706 0.3377 0.8152
vn -0.0453 0.9959 0.0784
vn -0.3511 -0.7120 0.6081
vn -0.4895 0.2036 0.8479
vn -0.1336 0.9637 0.2314
vn -0.2888 -0.8163 0.5002
vn -0.2157 0.9021 0.3737
vn -0.2157 -0.9021 0.3737
vn -0.2888 0.8163 0.5002
vn -0.1336 -0.9637 0.2314
vn -0.4895 -0.2036 0.8479
vn -0.0905 0.9959 0.0000
vn -0.7022 -0.7120 -0.0000
vn -0.9791 0.2036 -0.0000
vn -0.2671 0.9637 0.0000
vn -0.5776 -0.8163 -0.0000
vn -0.4315 0.9021 0.0000
vn -0.4315 -0.9021 -0.0000
vn -0.5776 0.8163 -0.0000
vn -0.2671 -0.9637 -0.0000
vn -0.9791 -0.2036 -0.0000
vn -0.7022 0.7120 -0.0000
vn -0.0905 -0.9959 -0.0000
vn -0.9413 -0.3377 -0.0000
vn -0.8040 0.5947 -0.0000
vn -0.8833 -0.4688 -0.0000
vn -0.8833 0.4688 -0.0000
vn -0.8040 -0.5947 -0.0000
vn -0.9413 0.3377 -0.0000
vn -0.1336 -0.9637 -0.2314
vn -0.4895 -0.2036 -0.8479
vn -0.3511 0.7120 -0.6081
vn -0.0453 -0.9959 -0.0784
vn -0.4706 -0.3377 -0.8152
vn -0.4020 0.5947 -0.6963
vn -0.4417 -0.4688 -0.7650
vn -0.4417 0.4688 -0.7650
vn -0.4020 -0.5947 -0.6963
vn -0.4706 0.3377 -0.8152
vn -0.0453 0.9959 -0.0784
vn -0.3511 -0.7120 -0.6081
vn -0.4895 0.2036 -0.8479
vn -0.1336 0.9637 -0.2314
vn -0.2888 -0.8163 -0.5002
vn -0.2157 0.9021 -0.3737
vn -0.2157 -0.9021 -0.3737
vn -0.2888 0.8163 -0.5002
vn -0.4775 0.2969 -0.8270
vn -0.1847 -0.9293 -0.3199
vn -0.9549 0.2969 0.0000
vn 0.1847 -0.9293 0.3199
vn -0.4775 0.2969 0.8270
vn 0.1847 -0.9293 -0.3199
vn 0.4775 0.2969 0.8270
vn 0.5000 0.0000 -0.8660
vn 0.9549 0.2969 0.0000
vn 0.0000 1.0000 0.0000
vn 0.4775 0.2969 -0.8270
vn 0.0000 -1.0000 0.0000
vn -0.1847 -0.9293 0.3199
vn 0.3693 -0.9293 0.0000
vn 1.0000 0.0000 0.0000
vn 0.5000 0.0000 0.8660
vn -0.5000 0.0000 0.8660
vn -1.0000 0.0000 0.0000
vn -0.5000 0.0000 -0.8660
vn 0.4094 0.9124 0.0000
vn -0.4094 0.9124 0.0000
vn 0.2047 0.9124 -0.3545
vn 0.2047 0.9124 0.3545
vn -0.2047 0.9124 -0.3545
s off
f 700/581/198 578/582/198 580/583/198 701/584/198
f 701/584/199 580/583/199 582/585/199 703/586/199
f 703/586/200 582/585/200 584/587/200 705/588/200
f 705/588/201 584/587/201 586/589/201 707/590/201
f 588/591/202 586/589/202 715/592/202 716/593/202
f 707/590/203 586/589/203 588/591/203 709/594/203
f 709/594/204 588/591/204 578/595/204 700/596/204
f 583/597/205 585/598/205 727/599/205 726/600/205
f 605/601/206 604/602/206 622/603/206 623/604/206
f 592/605/207 591/606/207 609/607/207 610/608/207
f 606/609/208 605/601/208 623/604/208 624/610/208
f 599/611/209 598/612/209 616/613/209 617/614/209
f 593/615/210 592/605/210 610/608/210 611/616/210
f 698/617/211 606/609/211 624/610/211
f 600/618/212 599/611/212 617/614/212 618/619/212
f 594/620/213 593/615/213 611/616/213 612/621/213
f 601/622/214 600/618/214 618/619/214 619/623/214
f 595/624/215 594/620/215 612/621/215 613/625/215
f 602/626/216 601/622/216 619/623/216 620/627/216
f 596/628/217 595/624/217 613/625/217 614/629/217
f 589/630/218 679/631/218 607/632/218
f 603/633/219 602/626/219 620/627/219 621/634/219
f 597/635/220 596/628/220 614/629/220 615/636/220
f 590/637/221 589/630/221 607/632/221 608/638/221
f 604/602/222 603/633/222 621/634/222 622/603/222
f 591/606/223 590/637/223 608/638/223 609/607/223
f 618/619/224 617/614/224 635/639/224 636/640/224
f 612/621/225 611/616/225 629/641/225 630/642/225
f 619/623/226 618/619/226 636/640/226 637/643/226
f 613/625/227 612/621/227 630/642/227 631/644/227
f 620/627/228 619/623/228 637/643/228 638/645/228
f 614/629/229 613/625/229 631/644/229 632/646/229
f 607/632/230 679/647/230 625/648/230
f 621/634/231 620/627/231 638/645/231 639/649/231
f 615/636/232 614/629/232 632/646/232 633/650/232
f 608/638/233 607/632/233 625/648/233 626/651/233
f 622/603/234 621/634/234 639/649/234 640/652/234
f 609/607/235 608/638/235 626/651/235 627/653/235
f 623/604/236 622/603/236 640/652/236 641/654/236
f 610/608/237 609/607/237 627/653/237 628/655/237
f 624/610/238 623/604/238 641/654/238 642/656/238
f 617/614/239 616/613/239 634/657/239 635/639/239
f 611/616/240 610/608/240 628/655/240 629/641/240
f 698/658/241 624/610/241 642/656/241
f 633/650/242 632/646/242 650/659/242 651/660/242
f 626/651/243 625/648/243 643/661/243 644/662/243
f 640/652/244 639/649/244 657/663/244 658/664/244
f 627/653/245 626/651/245 644/662/245 645/665/245
f 641/654/246 640/652/246 658/664/246 659/666/246
f 628/655/247 627/653/247 645/665/247 646/667/247
f 642/656/248 641/654/248 659/666/248 660/668/248
f 635/639/249 634/657/249 652/669/249 653/670/249
f 629/641/250 628/655/250 646/667/250 647/671/250
f 698/672/251 642/656/251 660/668/251
f 636/640/252 635/639/252 653/670/252 654/673/252
f 630/642/253 629/641/253 647/671/253 648/674/253
f 637/643/254 636/640/254 654/673/254 655/675/254
f 631/644/255 630/642/255 648/674/255 649/676/255
f 638/645/256 637/643/256 655/675/256 656/677/256
f 632/646/257 631/644/257 649/676/257 650/659/257
f 625/648/258 679/678/258 643/661/258
f 639/649/259 638/645/259 656/677/259 657/663/259
f 647/671/260 646/667/260 664/679/260 665/680/260
f 698/681/261 660/668/261 678/682/261
f 654/673/262 653/670/262 671/683/262 672/684/262
f 648/674/263 647/671/263 665/680/263 666/685/263
f 655/675/264 654/673/264 672/684/264 673/686/264
f 649/676/265 648/674/265 666/685/265 667/687/265
f 656/677/266 655/675/266 673/686/266 674/688/266
f 650/659/267 649/676/267 667/687/267 668/689/267
f 643/661/268 679/690/268 661/691/268
f 657/663/269 656/677/269 674/688/269 675/692/269
f 651/660/270 650/659/270 668/689/270 669/693/270
f 644/662/271 643/661/271 661/691/271 662/694/271
f 658/664/272 657/663/272 675/692/272 676/695/272
f 645/665/273 644/662/273 662/694/273 663/696/273
f 659/666/274 658/664/274 676/695/274 677/697/274
f 646/667/275 645/665/275 663/696/275 664/679/275
f 660/668/276 659/666/276 677/697/276 678/682/276
f 653/670/277 652/669/277 670/698/277 671/683/277
f 661/699/278 679/700/278 680/701/278
f 675/702/279 674/703/279 693/704/279 694/705/279
f 669/706/280 668/707/280 687/708/280 688/709/280
f 662/710/281 661/699/281 680/701/281 681/711/281
f 676/712/282 675/702/282 694/705/282 695/713/282
f 663/714/283 662/710/283 681/711/283 682/715/283
f 677/716/284 676/712/284 695/713/284 696/717/284
f 664/718/285 663/714/285 682/715/285 683/719/285
f 678/720/286 677/716/286 696/717/286 697/721/286
f 671/722/287 670/723/287 689/724/287 690/725/287
f 665/726/288 664/718/288 683/719/288 684/727/288
f 698/728/289 678/720/289 697/721/289
f 672/729/290 671/722/290 690/725/290 691/730/290
f 666/731/291 665/726/291 684/727/291 685/732/291
f 673/733/292 672/729/292 691/730/292 692/734/292
f 667/735/293 666/731/293 685/732/293 686/736/293
f 674/703/294 673/733/294 692/734/294 693/704/294
f 668/707/295 667/735/295 686/736/295 687/708/295
f 697/721/296 696/717/296 605/601/296 606/609/296
f 690/725/297 689/724/297 598/612/297 599/611/297
f 684/727/298 683/719/298 592/605/298 593/615/298
f 698/737/299 697/721/299 606/609/299
f 691/730/300 690/725/300 599/611/300 600/618/300
f 685/732/301 684/727/301 593/615/301 594/620/301
f 692/734/302 691/730/302 600/618/302 601/622/302
f 686/736/303 685/732/303 594/620/303 595/624/303
f 693/704/304 692/734/304 601/622/304 602/626/304
f 687/708/305 686/736/305 595/624/305 596/628/305
f 680/701/306 679/738/306 589/630/306
f 694/705/307 693/704/307 602/626/307 603/633/307
f 688/709/308 687/708/308 596/628/308 597/635/308
f 681/711/309 680/701/309 589/630/309 590/637/309
f 695/713/310 694/705/310 603/633/310 604/602/310
f 682/715/311 681/711/311 590/637/311 591/606/311
f 696/717/312 695/713/312 604/602/312 605/601/312
f 683/719/313 682/715/313 591/606/313 592/605/313
f 587/739/314 710/740/314 699/741/314 577/742/314
f 578/595/315 588/591/315 716/593/315 712/743/315
f 585/598/316 708/744/316 710/740/316 587/739/316
f 584/587/317 582/585/317 713/745/317 714/746/317
f 583/597/318 706/747/318 708/744/318 585/598/318
f 580/583/319 578/582/319 712/748/319 711/749/319
f 581/750/320 704/751/320 706/747/320 583/597/320
f 711/749/321 712/748/321 717/752/321 722/753/321
f 579/754/322 702/755/322 704/751/322 581/750/322
f 710/740/323 708/744/323 706/747/323 704/751/323 702/755/323 699/756/323
f 577/757/324 699/756/324 702/755/324 579/754/324
f 709/594/325 700/581/325 701/584/325 703/586/325 705/588/325 707/590/325
f 586/589/326 584/587/326 714/746/326 715/592/326
f 582/585/327 580/583/327 711/749/327 713/745/327
f 722/758/323 717/759/323 718/760/323 719/761/323 720/762/323 721/763/323
f 713/745/328 711/749/328 722/753/328 721/764/328
f 714/746/329 713/745/329 721/764/329 720/765/329
f 715/592/330 714/746/330 720/765/330 719/766/330
f 716/593/331 715/592/331 719/766/331 718/767/331
f 712/743/332 716/593/332 718/767/332 717/768/332
f 725/769/329 726/600/329 732/770/329 731/771/329
f 579/754/333 581/750/333 725/769/333 724/772/333
f 585/598/334 587/739/334 728/773/334 727/599/334
f 577/757/335 579/754/335 724/772/335 723/774/335
f 581/750/336 583/597/336 726/600/336 725/769/336
f 587/739/337 577/742/337 723/775/337 728/773/337
f 729/776/325 730/777/325 731/778/325 732/779/325 733/780/325 734/781/325
f 723/774/321 724/772/321 730/782/321 729/783/321
f 728/773/332 723/775/332 729/784/332 734/785/332
f 726/600/330 727/599/330 733/786/330 732/770/330
f 724/772/328 725/769/328 731/771/328 730/782/328
f 727/599/331 728/773/331 734/785/331 733/786/331
o NURBSパス.003
v 0.024876 1.800219 -0.784955
v 0.042509 1.800219 -0.767322
v 0.048963 1.800219 -0.743235
v 0.042509 1.800219 -0.719147
v 0.024876 1.800219 -0.701514
v 0.000788 1.800219 -0.695060
v -0.023299 1.800219 -0.701514
v -0.040932 1.800219 -0.719147
v -0.047386 1.800219 -0.743235
v -0.040932 1.800219 -0.767322
v -0.023299 1.800219 -0.784955
v 0.000788 1.800219 -0.791409
v 0.010406 1.614874 -0.800243
v 0.017482 1.614874 -0.793168
v 0.020071 1.614874 -0.783502
v 0.017482 1.614874 -0.773837
v 0.010406 1.614874 -0.766762
v 0.000741 1.614874 -0.764172
v -0.008924 1.614874 -0.766762
v -0.016000 1.614874 -0.773837
v -0.018590 1.614874 -0.783502
v -0.016000 1.614874 -0.793168
v -0.008925 1.614874 -0.800243
v 0.000741 1.614874 -0.802833
v 0.010406 0.553994 -0.800243
v 0.017482 0.553994 -0.793168
v 0.020071 0.553994 -0.783502
v 0.017482 0.553994 -0.773837
v 0.010406 0.553994 -0.766762
v 0.000741 0.553994 -0.764172
v -0.008924 0.553994 -0.766762
v -0.016000 0.553994 -0.773837
v -0.018590 0.553994 -0.783502
v -0.016000 0.553994 -0.793168
v -0.008925 0.553994 -0.800243
v 0.000741 0.553994 -0.802833
v 0.024436 0.378148 -0.782974
v 0.041746 0.378148 -0.765664
v 0.048082 0.378148 -0.742017
v 0.041746 0.378148 -0.718371
v 0.024436 0.378148 -0.701061
v 0.000790 0.378148 -0.694725
v -0.022857 0.378148 -0.701061
v -0.040167 0.378148 -0.718371
v -0.046503 0.378148 -0.742017
v -0.040167 0.378148 -0.765664
v -0.022857 0.378148 -0.782974
v 0.000790 0.378148 -0.789310
v 0.024084 1.800219 -1.963389
v 0.041717 1.800219 -1.945755
v 0.048171 1.800219 -1.921668
v 0.041717 1.800219 -1.897581
v 0.024084 1.800219 -1.879948
v -0.000003 1.800219 -1.873494
v -0.024091 1.800219 -1.879948
v -0.041724 1.800219 -1.897581
v -0.048178 1.800219 -1.921668
v -0.041724 1.800219 -1.945755
v -0.024091 1.800219 -1.963389
v -0.000003 1.800219 -1.969843
v 0.009668 1.614874 -1.898113
v 0.016744 1.614874 -1.891037
v 0.019334 1.614874 -1.881372
v 0.016744 1.614874 -1.871707
v 0.009668 1.614874 -1.864631
v 0.000003 1.614874 -1.862042
v -0.009662 1.614874 -1.864631
v -0.016738 1.614874 -1.871707
v -0.019327 1.614874 -1.881372
v -0.016738 1.614874 -1.891037
v -0.009662 1.614874 -1.898113
v 0.000003 1.614874 -1.900703
v 0.009668 0.553994 -1.898113
v 0.016744 0.553994 -1.891037
v 0.019334 0.553994 -1.881372
v 0.016744 0.553994 -1.871707
v 0.009668 0.553994 -1.864631
v 0.000003 0.553994 -1.862042
v -0.009662 0.553994 -1.864631
v -0.016738 0.553994 -1.871707
v -0.019327 0.553994 -1.881372
v -0.016738 0.553994 -1.891037
v -0.009662 0.553994 -1.898113
v 0.000003 0.553994 -1.900703
v 0.023643 0.378148 -1.963843
v 0.040953 0.378148 -1.946533
v 0.047289 0.378148 -1.922886
v 0.040953 0.378148 -1.899240
v 0.023643 0.378148 -1.881930
v -0.000004 0.378148 -1.875594
v -0.023650 0.378148 -1.881930
v -0.040960 0.378148 -1.899240
v -0.047296 0.378148 -1.922886
v -0.040960 0.378148 -1.946533
v -0.023650 0.378148 -1.963843
v -0.000004 0.378148 -1.970179
v 0.535560 1.800219 -1.668854
v 0.553193 1.800219 -1.651221
v 0.559648 1.800219 -1.627134
v 0.553193 1.800219 -1.603046
v 0.535560 1.800219 -1.585413
v 0.511473 1.800219 -1.578959
v 0.487386 1.800219 -1.585413
v 0.469753 1.800219 -1.603046
v 0.463298 1.800219 -1.627134
v 0.469753 1.800219 -1.651221
v 0.487386 1.800219 -1.668854
v 0.511473 1.800219 -1.675308
v 0.486178 1.614874 -1.623714
v 0.493253 1.614874 -1.616639
v 0.495843 1.614874 -1.606973
v 0.493253 1.614874 -1.597308
v 0.486178 1.614874 -1.590233
v 0.476513 1.614874 -1.587643
v 0.466847 1.614874 -1.590233
v 0.459772 1.614874 -1.597308
v 0.457182 1.614874 -1.606973
v 0.459772 1.614874 -1.616639
v 0.466847 1.614874 -1.623714
v 0.476513 1.614874 -1.626304
v 0.486178 0.553994 -1.623714
v 0.493253 0.553994 -1.616639
v 0.495843 0.553994 -1.606974
v 0.493253 0.553994 -1.597308
v 0.486178 0.553994 -1.590233
v 0.476513 0.553994 -1.587643
v 0.466847 0.553994 -1.590233
v 0.459772 0.553994 -1.597308
v 0.457182 0.553994 -1.606974
v 0.459772 0.553994 -1.616639
v 0.466847 0.553994 -1.623714
v 0.476513 0.553994 -1.626304
v 0.536176 0.378148 -1.668700
v 0.553487 0.378148 -1.651390
v 0.559823 0.378148 -1.627743
v 0.553487 0.378148 -1.604097
v 0.536176 0.378148 -1.586787
v 0.512530 0.378148 -1.580451
v 0.488884 0.378148 -1.586787
v 0.471573 0.378148 -1.604097
v 0.465237 0.378148 -1.627743
v 0.471573 0.378148 -1.651390
v 0.488884 0.378148 -1.668700
v 0.512530 0.378148 -1.675036
v 0.535560 1.800219 -1.080545
v 0.553193 1.800219 -1.062912
v 0.559648 1.800219 -1.038825
v 0.553193 1.800219 -1.014737
v 0.535560 1.800219 -0.997104
v 0.511473 1.800219 -0.990650
v 0.487386 1.800219 -0.997104
v 0.469753 1.800219 -1.014737
v 0.463298 1.800219 -1.038825
v 0.469753 1.800219 -1.062912
v 0.487386 1.800219 -1.080545
v 0.511473 1.800219 -1.086999
v 0.486178 1.614874 -1.075625
v 0.493253 1.614874 -1.068550
v 0.495843 1.614874 -1.058884
v 0.493253 1.614874 -1.049219
v 0.486178 1.614874 -1.042144
v 0.476513 1.614874 -1.039554
v 0.466847 1.614874 -1.042144
v 0.459772 1.614874 -1.049219
v 0.457182 1.614874 -1.058884
v 0.459772 1.614874 -1.068550
v 0.466847 1.614874 -1.075625
v 0.476513 1.614874 -1.078215
v 0.486178 0.553994 -1.075625
v 0.493253 0.553994 -1.068550
v 0.495843 0.553994 -1.058885
v 0.493253 0.553994 -1.049219
v 0.486178 0.553994 -1.042144
v 0.476513 0.553994 -1.039554
v 0.466847 0.553994 -1.042144
v 0.459772 0.553994 -1.049219
v 0.457182 0.553994 -1.058884
v 0.459772 0.553994 -1.068550
v 0.466847 0.553994 -1.075625
v 0.476512 0.553994 -1.078215
v 0.536176 0.378148 -1.079175
v 0.553487 0.378148 -1.061865
v 0.559823 0.378148 -1.038218
v 0.553487 0.378148 -1.014572
v 0.536176 0.378148 -0.997262
v 0.512530 0.378148 -0.990926
v 0.488884 0.378148 -0.997262
v 0.471573 0.378148 -1.014572
v 0.465237 0.378148 -1.038218
v 0.471573 0.378148 -1.061865
v 0.488884 0.378148 -1.079175
v 0.512530 0.378148 -1.085511
v -0.488448 1.800219 -1.076586
v -0.470815 1.800219 -1.058953
v -0.464361 1.800219 -1.034866
v -0.470815 1.800219 -1.010779
v -0.488448 1.800219 -0.993146
v -0.512536 1.800219 -0.986691
v -0.536623 1.800219 -0.993146
v -0.554256 1.800219 -1.010779
v -0.560710 1.800219 -1.034866
v -0.554256 1.800219 -1.058953
v -0.536623 1.800219 -1.076586
v -0.512536 1.800219 -1.083040
v -0.467824 1.614874 -1.071937
v -0.460749 1.614874 -1.064862
v -0.458159 1.614874 -1.055196
v -0.460749 1.614874 -1.045531
v -0.467824 1.614874 -1.038455
v -0.477490 1.614874 -1.035866
v -0.487155 1.614874 -1.038455
v -0.494230 1.614874 -1.045531
v -0.496820 1.614874 -1.055196
v -0.494230 1.614874 -1.064862
v -0.487155 1.614874 -1.071937
v -0.477490 1.614874 -1.074527
v -0.467824 0.553994 -1.071937
v -0.460749 0.553994 -1.064862
v -0.458159 0.553994 -1.055196
v -0.460749 0.553994 -1.045531
v -0.467824 0.553994 -1.038455
v -0.477490 0.553994 -1.035866
v -0.487155 0.553994 -1.038455
v -0.494230 0.553994 -1.045531
v -0.496820 0.553994 -1.055196
v -0.494230 0.553994 -1.064862
v -0.487155 0.553994 -1.071937
v -0.477490 0.553994 -1.074527
v -0.489949 0.378148 -1.075208
v -0.472638 0.378148 -1.057898
v -0.466302 0.378148 -1.034251
v -0.472638 0.378148 -1.010605
v -0.489949 0.378148 -0.993295
v -0.513595 0.378148 -0.986959
v -0.537241 0.378148 -0.993295
v -0.554552 0.378148 -1.010605
v -0.560888 0.378148 -1.034251
v -0.554552 0.378148 -1.057898
v -0.537242 0.378148 -1.075208
v -0.513595 0.378148 -1.081544
v -0.486548 1.800219 -1.669456
v -0.468915 1.800219 -1.651823
v -0.462461 1.800219 -1.627735
v -0.468915 1.800219 -1.603648
v -0.486548 1.800219 -1.586015
v -0.510635 1.800219 -1.579561
v -0.534723 1.800219 -1.586015
v -0.552356 1.800219 -1.603648
v -0.558810 1.800219 -1.627735
v -0.552356 1.800219 -1.651823
v -0.534723 1.800219 -1.669456
v -0.510635 1.800219 -1.675910
v -0.466054 1.614874 -1.624275
v -0.458979 1.614874 -1.617199
v -0.456389 1.614874 -1.607534
v -0.458979 1.614874 -1.597869
v -0.466054 1.614874 -1.590793
v -0.475719 1.614874 -1.588204
v -0.485385 1.614874 -1.590793
v -0.492460 1.614874 -1.597869
v -0.495050 1.614874 -1.607534
v -0.492460 1.614874 -1.617199
v -0.485385 1.614874 -1.624275
v -0.475719 1.614874 -1.626865
v -0.466054 0.553994 -1.624275
v -0.458979 0.553994 -1.617199
v -0.456389 0.553994 -1.607534
v -0.458979 0.553994 -1.597869
v -0.466054 0.553994 -1.590793
v -0.475719 0.553994 -1.588204
v -0.485385 0.553994 -1.590793
v -0.492460 0.553994 -1.597869
v -0.495050 0.553994 -1.607534
v -0.492460 0.553994 -1.617199
v -0.485385 0.553994 -1.624275
v -0.475719 0.553994 -1.626865
v -0.488045 0.378148 -1.669303
v -0.470734 0.378148 -1.651992
v -0.464398 0.378148 -1.628346
v -0.470734 0.378148 -1.604700
v -0.488045 0.378148 -1.587389
v -0.511691 0.378148 -1.581053
v -0.535337 0.378148 -1.587389
v -0.552648 0.378148 -1.604700
v -0.558984 0.378148 -1.628346
v -0.552648 0.378148 -1.651992
v -0.535337 0.378148 -1.669303
v -0.511691 0.378148 -1.675639
v 0.016404 1.865211 -0.770283
v 0.000788 1.865211 -0.774467
v -0.014828 1.865211 -0.770283
v -0.026260 1.865211 -0.758851
v -0.030444 1.865211 -0.743235
v -0.026260 1.865211 -0.727619
v -0.014828 1.865211 -0.716187
v 0.000788 1.865211 -0.712003
v 0.016404 1.865211 -0.716187
v 0.027836 1.865211 -0.727619
v 0.032020 1.865211 -0.743235
v 0.027836 1.865211 -0.758851
v 0.005653 1.910379 -0.761389
v 0.000788 1.925743 -0.743235
v -0.004076 1.910379 -0.761389
v -0.012502 1.910379 -0.756525
v -0.017366 1.910379 -0.748099
v -0.017366 1.910379 -0.738370
v -0.012502 1.910379 -0.729945
v -0.004076 1.910379 -0.725080
v 0.005653 1.910379 -0.725080
v 0.014078 1.910379 -0.729945
v 0.018943 1.910379 -0.738370
v 0.018943 1.910379 -0.748099
v 0.014078 1.910379 -0.756525
v -0.000004 1.865211 -1.952900
v -0.015620 1.865211 -1.948716
v -0.027051 1.865211 -1.937284
v -0.031236 1.865211 -1.921668
v -0.027051 1.865211 -1.906052
v -0.015620 1.865211 -1.894620
v -0.000004 1.865211 -1.890436
v 0.015613 1.865211 -1.894620
v 0.027044 1.865211 -1.906052
v 0.031229 1.865211 -1.921668
v 0.027044 1.865211 -1.937284
v 0.015613 1.865211 -1.948716
v -0.004868 1.910379 -1.939823
v -0.000004 1.925743 -1.921668
v -0.013294 1.910379 -1.934958
v -0.018158 1.910379 -1.926533
v -0.018158 1.910379 -1.916804
v -0.013294 1.910379 -1.908378
v -0.004868 1.910379 -1.903514
v 0.004861 1.910379 -1.903514
v 0.013286 1.910379 -1.908378
v 0.018151 1.910379 -1.916804
v 0.018151 1.910379 -1.926533
v 0.013286 1.910379 -1.934958
v 0.004861 1.910379 -1.939823
v 0.495857 1.865212 -1.654180
v 0.484425 1.865211 -1.642749
v 0.480241 1.865211 -1.627132
v 0.484425 1.865211 -1.611516
v 0.495857 1.865211 -1.600085
v 0.511473 1.865211 -1.595900
v 0.527089 1.865211 -1.600085
v 0.538521 1.865211 -1.611516
v 0.542705 1.865211 -1.627132
v 0.538521 1.865211 -1.642749
v 0.527089 1.865212 -1.654180
v 0.511473 1.865212 -1.658365
v 0.498183 1.910379 -1.640422
v 0.511473 1.925742 -1.627131
v 0.493318 1.910379 -1.631996
v 0.493318 1.910379 -1.622267
v 0.498183 1.910379 -1.613842
v 0.506609 1.910379 -1.608977
v 0.516338 1.910379 -1.608977
v 0.524763 1.910379 -1.613842
v 0.529628 1.910379 -1.622267
v 0.529628 1.910379 -1.631996
v 0.524763 1.910379 -1.640422
v 0.516338 1.910379 -1.645286
v 0.506609 1.910379 -1.645286
v 0.495857 1.865211 -1.065873
v 0.484425 1.865211 -1.054441
v 0.480241 1.865211 -1.038825
v 0.484425 1.865211 -1.023209
v 0.495857 1.865211 -1.011777
v 0.511473 1.865211 -1.007593
v 0.527089 1.865211 -1.011777
v 0.538521 1.865211 -1.023209
v 0.542705 1.865211 -1.038825
v 0.538521 1.865211 -1.054441
v 0.527089 1.865211 -1.065873
v 0.511473 1.865211 -1.070057
v 0.498183 1.910379 -1.052115
v 0.511473 1.925743 -1.038825
v 0.493318 1.910379 -1.043689
v 0.493318 1.910379 -1.033960
v 0.498183 1.910379 -1.025535
v 0.506608 1.910379 -1.020670
v 0.516337 1.910379 -1.020670
v 0.524763 1.910379 -1.025535
v 0.529628 1.910379 -1.033960
v 0.529628 1.910379 -1.043689
v 0.524763 1.910379 -1.052115
v 0.516337 1.910379 -1.056979
v 0.506608 1.910379 -1.056979
v -0.528151 1.865211 -1.061913
v -0.539583 1.865211 -1.050482
v -0.543767 1.865211 -1.034866
v -0.539583 1.865211 -1.019250
v -0.528151 1.865211 -1.007818
v -0.512535 1.865211 -1.003633
v -0.496919 1.865211 -1.007818
v -0.485487 1.865211 -1.019250
v -0.481303 1.865211 -1.034866
v -0.485487 1.865211 -1.050482
v -0.496919 1.865211 -1.061914
v -0.512535 1.865211 -1.066098
v -0.525825 1.910379 -1.048156
v -0.512535 1.925743 -1.034865
v -0.530689 1.910379 -1.039730
v -0.530689 1.910379 -1.030001
v -0.525825 1.910379 -1.021575
v -0.517399 1.910379 -1.016711
v -0.507671 1.910379 -1.016711
v -0.499245 1.910379 -1.021576
v -0.494381 1.910379 -1.030001
v -0.494381 1.910379 -1.039730
v -0.499245 1.910379 -1.048156
v -0.507671 1.910379 -1.053020
v -0.517399 1.910379 -1.053020
v -0.526251 1.865212 -1.654783
v -0.537683 1.865212 -1.643352
v -0.541867 1.865212 -1.627736
v -0.537683 1.865212 -1.612120
v -0.526251 1.865212 -1.600688
v -0.510635 1.865212 -1.596504
v -0.495019 1.865212 -1.600688
v -0.483588 1.865212 -1.612120
v -0.479403 1.865212 -1.627736
v -0.483588 1.865212 -1.643352
v -0.495019 1.865212 -1.654783
v -0.510635 1.865212 -1.658968
v -0.523925 1.910379 -1.641026
v -0.510635 1.925743 -1.627736
v -0.528790 1.910379 -1.632601
v -0.528790 1.910379 -1.622871
v -0.523925 1.910379 -1.614446
v -0.515500 1.910379 -1.609581
v -0.505771 1.910379 -1.609581
v -0.497345 1.910379 -1.614446
v -0.492481 1.910379 -1.622871
v -0.492481 1.910379 -1.632601
v -0.497345 1.910379 -1.641026
v -0.505771 1.910379 -1.645890
v -0.515500 1.910379 -1.645890
v 0.015654 0.310184 -0.767761
v 0.026534 0.310184 -0.756881
v 0.030517 0.310184 -0.742017
v 0.026534 0.310184 -0.727154
v 0.015654 0.310184 -0.716273
v 0.000790 0.310184 -0.712290
v -0.014073 0.310184 -0.716273
v -0.024954 0.310183 -0.727154
v -0.028936 0.310183 -0.742017
v -0.024954 0.310183 -0.756880
v -0.014073 0.310183 -0.767761
v 0.000790 0.310184 -0.771744
v 0.014021 0.270112 -0.755247
v 0.000791 0.253908 -0.742017
v 0.018863 0.270112 -0.746859
v 0.018863 0.270112 -0.737175
v 0.014021 0.270112 -0.728787
v 0.005633 0.270112 -0.723945
v -0.004052 0.270112 -0.723945
v -0.012439 0.270112 -0.728787
v -0.017282 0.270112 -0.737175
v -0.017282 0.270112 -0.746859
v -0.012439 0.270112 -0.755247
v -0.004052 0.270112 -0.760089
v 0.005633 0.270112 -0.760089
v 0.025741 0.310183 -1.937746
v 0.029724 0.310184 -1.922882
v 0.025741 0.310184 -1.908019
v 0.014860 0.310184 -1.897138
v -0.000003 0.310184 -1.893156
v -0.014866 0.310184 -1.897138
v -0.025747 0.310184 -1.908019
v -0.029730 0.310183 -1.922882
v -0.025747 0.310183 -1.937746
v -0.014866 0.310183 -1.948626
v -0.000003 0.310183 -1.952609
v 0.014860 0.310183 -1.948626
v 0.018070 0.270112 -1.927723
v -0.000002 0.253908 -1.922879
v 0.018070 0.270112 -1.918037
v 0.013227 0.270112 -1.909650
v 0.004840 0.270112 -1.904807
v -0.004845 0.270112 -1.904807
v -0.013233 0.270112 -1.909650
v -0.018075 0.270112 -1.918037
v -0.018075 0.270112 -1.927723
v -0.013232 0.270112 -1.936110
v -0.004845 0.270112 -1.940952
v 0.004840 0.270112 -1.940952
v 0.013227 0.270112 -1.936110
v 0.527393 0.310184 -1.653490
v 0.538274 0.310184 -1.642609
v 0.542257 0.310184 -1.627746
v 0.538274 0.310183 -1.612882
v 0.527393 0.310183 -1.602002
v 0.512530 0.310183 -1.598019
v 0.497667 0.310183 -1.602002
v 0.486786 0.310183 -1.612882
v 0.482803 0.310184 -1.627746
v 0.486786 0.310184 -1.642609
v 0.497667 0.310184 -1.653490
v 0.512530 0.310184 -1.657472
v 0.525760 0.270112 -1.640977
v 0.512530 0.253908 -1.627748
v 0.530602 0.270112 -1.632590
v 0.530602 0.270112 -1.622905
v 0.525760 0.270112 -1.614517
v 0.517372 0.270112 -1.609675
v 0.507687 0.270112 -1.609675
v 0.499300 0.270112 -1.614517
v 0.494458 0.270112 -1.622905
v 0.494458 0.270112 -1.632590
v 0.499300 0.270112 -1.640977
v 0.507687 0.270112 -1.645819
v 0.517372 0.270112 -1.645819
v 0.512530 0.310184 -1.067947
v 0.527393 0.310184 -1.063964
v 0.538274 0.310184 -1.053083
v 0.542257 0.310184 -1.038220
v 0.538274 0.310183 -1.023356
v 0.527393 0.310183 -1.012476
v 0.512530 0.310183 -1.008493
v 0.497667 0.310183 -1.012476
v 0.486786 0.310183 -1.023356
v 0.482803 0.310184 -1.038220
v 0.486786 0.310184 -1.053083
v 0.497667 0.310184 -1.063964
v 0.517372 0.270112 -1.056293
v 0.512530 0.253908 -1.038221
v 0.525760 0.270112 -1.051450
v 0.530602 0.270112 -1.043063
v 0.530602 0.270112 -1.033378
v 0.525760 0.270112 -1.024991
v 0.517372 0.270112 -1.020148
v 0.507687 0.270112 -1.020148
v 0.499300 0.270112 -1.024991
v 0.494458 0.270112 -1.033378
v 0.494458 0.270112 -1.043063
v 0.499300 0.270112 -1.051450
v 0.507688 0.270112 -1.056293
v -0.498734 0.310184 -1.059997
v -0.487854 0.310183 -1.049116
v -0.483871 0.310183 -1.034253
v -0.487854 0.310183 -1.019389
v -0.498734 0.310183 -1.008509
v -0.513598 0.310183 -1.004526
v -0.528461 0.310184 -1.008509
v -0.539342 0.310184 -1.019389
v -0.543324 0.310184 -1.034253
v -0.539342 0.310184 -1.049116
v -0.528461 0.310184 -1.059997
v -0.513598 0.310184 -1.063980
v -0.500369 0.270112 -1.047483
v -0.513600 0.253908 -1.034254
v -0.495527 0.270112 -1.039096
v -0.495527 0.270112 -1.029411
v -0.500369 0.270112 -1.021024
v -0.508757 0.270112 -1.016181
v -0.518442 0.270112 -1.016181
v -0.526829 0.270112 -1.021024
v -0.531671 0.270112 -1.029411
v -0.531671 0.270112 -1.039096
v -0.526829 0.270112 -1.047483
v -0.518442 0.270112 -1.052326
v -0.508757 0.270112 -1.052326
v -0.511691 0.310183 -1.658072
v -0.496828 0.310183 -1.654089
v -0.485947 0.310183 -1.643208
v -0.481964 0.310184 -1.628345
v -0.485947 0.310184 -1.613482
v -0.496828 0.310184 -1.602601
v -0.511691 0.310184 -1.598618
v -0.526554 0.310184 -1.602601
v -0.537435 0.310184 -1.613482
v -0.541418 0.310184 -1.628345
v -0.537435 0.310183 -1.643208
v -0.526554 0.310183 -1.654089
v -0.506849 0.270112 -1.646417
v -0.511691 0.253908 -1.628344
v -0.498461 0.270112 -1.641574
v -0.493619 0.270112 -1.633187
v -0.493619 0.270112 -1.623502
v -0.498461 0.270112 -1.615115
v -0.506849 0.270112 -1.610272
v -0.516533 0.270112 -1.610272
v -0.524921 0.270112 -1.615115
v -0.529763 0.270112 -1.623502
v -0.529763 0.270112 -1.633187
v -0.524921 0.270112 -1.641574
v -0.516533 0.270112 -1.646417
vt 0.056347 0.779307
vt 0.051147 0.816504
vt 0.056347 0.833333
vt 0.063830 0.833333
vt 0.063830 0.750000
vt 0.056347 0.945974
vt 0.051147 0.983171
vt 0.056347 1.000000
vt 0.063830 1.000000
vt 0.063830 0.916667
vt 0.056347 0.862641
vt 0.051147 0.899837
vt 0.056347 0.916667
vt 0.056347 0.029307
vt 0.051147 0.066504
vt 0.056347 0.083333
vt 0.063830 0.083333
vt 0.063830 0.000000
vt 0.056347 0.112641
vt 0.051147 0.149837
vt 0.056347 0.166667
vt 0.063830 0.166667
vt 0.063830 0.083333
vt 0.056347 0.195974
vt 0.051147 0.233171
vt 0.056347 0.250000
vt 0.063830 0.250000
vt 0.056347 0.279307
vt 0.051147 0.316504
vt 0.056347 0.333333
vt 0.063830 0.333333
vt 0.056347 0.362641
vt 0.051147 0.399837
vt 0.056347 0.416667
vt 0.063830 0.416667
vt 0.056347 0.445974
vt 0.051147 0.483171
vt 0.056347 0.500000
vt 0.063830 0.500000
vt 0.056347 0.529307
vt 0.051147 0.566504
vt 0.056347 0.583333
vt 0.063830 0.583333
vt 0.056347 0.612641
vt 0.051147 0.649837
vt 0.056347 0.666667
vt 0.063830 0.666667
vt 0.056347 0.695974
vt 0.051147 0.733171
vt 0.056347 0.750000
vt 0.170213 1.000000
vt 0.191489 1.000000
vt 0.191489 0.916667
vt 0.170213 0.916667
vt 0.170213 0.083333
vt 0.191489 0.083333
vt 0.191489 0.000000
vt 0.170213 0.000000
vt 0.170213 0.166667
vt 0.191489 0.166667
vt 0.170213 0.250000
vt 0.191489 0.250000
vt 0.170213 0.333333
vt 0.191489 0.333333
vt 0.170213 0.416667
vt 0.191489 0.416667
vt 0.170213 0.500000
vt 0.191489 0.500000
vt 0.170213 0.583333
vt 0.191489 0.583333
vt 0.170213 0.666667
vt 0.191489 0.666667
vt 0.170213 0.750000
vt 0.191489 0.750000
vt 0.170213 0.833333
vt 0.191489 0.833333
vt 0.936170 0.083333
vt 0.944073 0.052381
vt 0.948732 0.017065
vt 0.944073 0.000000
vt 0.936170 0.000000
vt 0.936170 0.916667
vt 0.944073 0.885714
vt 0.948732 0.850399
vt 0.944073 0.833333
vt 0.936170 0.833333
vt 0.936170 1.000000
vt 0.944073 0.969047
vt 0.948732 0.933732
vt 0.944073 0.916667
vt 0.936170 0.166667
vt 0.944073 0.135714
vt 0.948732 0.100399
vt 0.944073 0.083333
vt 0.936170 0.083333
vt 0.936170 0.250000
vt 0.944073 0.219047
vt 0.948732 0.183733
vt 0.944073 0.166667
vt 0.936170 0.333333
vt 0.944073 0.302381
vt 0.948732 0.267066
vt 0.944073 0.250000
vt 0.936170 0.416667
vt 0.944073 0.385714
vt 0.948732 0.350399
vt 0.944073 0.333333
vt 0.936170 0.500000
vt 0.944073 0.469047
vt 0.948732 0.433732
vt 0.944073 0.416667
vt 0.936170 0.583333
vt 0.944073 0.552381
vt 0.948732 0.517066
vt 0.944073 0.500000
vt 0.936170 0.666667
vt 0.944073 0.635714
vt 0.948732 0.600399
vt 0.944073 0.583333
vt 0.936170 0.750000
vt 0.944073 0.719047
vt 0.948732 0.683732
vt 0.944073 0.666667
vt 0.944073 0.802381
vt 0.948732 0.767066
vt 0.944073 0.750000
vt 0.056347 0.779307
vt 0.051147 0.816504
vt 0.056347 0.833333
vt 0.063830 0.833333
vt 0.063830 0.750000
vt 0.056347 0.862641
vt 0.051147 0.899837
vt 0.056347 0.916667
vt 0.063830 0.916667
vt 0.056347 0.862641
vt 0.051147 0.899837
vt 0.056347 0.916667
vt 0.063830 0.916667
vt 0.063830 0.833333
vt 0.056347 0.112641
vt 0.051147 0.149838
vt 0.056347 0.166667
vt 0.063830 0.166667
vt 0.056347 0.195974
vt 0.051147 0.233171
vt 0.056347 0.250000
vt 0.063830 0.250000
vt 0.056347 0.279307
vt 0.051147 0.316504
vt 0.056347 0.333333
vt 0.063830 0.333333
vt 0.056347 0.362641
vt 0.051147 0.399837
vt 0.056347 0.416667
vt 0.063830 0.416667
vt 0.056347 0.445974
vt 0.051147 0.483171
vt 0.056347 0.500000
vt 0.063830 0.500000
vt 0.056347 0.529307
vt 0.051147 0.566504
vt 0.056347 0.583333
vt 0.063830 0.583333
vt 0.056347 0.612641
vt 0.051147 0.649837
vt 0.056347 0.666667
vt 0.063830 0.666667
vt 0.056347 0.695974
vt 0.051147 0.733170
vt 0.056347 0.750000
vt 0.056347 0.945974
vt 0.051147 0.983171
vt 0.056347 1.000000
vt 0.063830 1.000000
vt 0.170213 1.000000
vt 0.191489 1.000000
vt 0.191489 0.916667
vt 0.170213 0.916667
vt 0.170213 0.083333
vt 0.191489 0.083333
vt 0.191489 0.000000
vt 0.170213 0.000000
vt 0.170213 0.166667
vt 0.191489 0.166667
vt 0.170213 0.250000
vt 0.191489 0.250000
vt 0.170213 0.333333
vt 0.191489 0.333333
vt 0.170213 0.416667
vt 0.191489 0.416667
vt 0.170213 0.500000
vt 0.191489 0.500000
vt 0.170213 0.583333
vt 0.191489 0.583333
vt 0.170213 0.666667
vt 0.191489 0.666667
vt 0.170213 0.750000
vt 0.191489 0.750000
vt 0.170213 0.833333
vt 0.191489 0.833333
vt 0.936170 0.166667
vt 0.944073 0.135714
vt 0.948732 0.100398
vt 0.944073 0.083333
vt 0.936170 1.000000
vt 0.944073 0.969047
vt 0.948732 0.933732
vt 0.944073 0.916667
vt 0.936170 0.916667
vt 0.936170 0.250000
vt 0.944073 0.219047
vt 0.948732 0.183733
vt 0.944073 0.166667
vt 0.936170 0.333333
vt 0.944073 0.302381
vt 0.948732 0.267066
vt 0.944073 0.250000
vt 0.936170 0.416667
vt 0.944073 0.385714
vt 0.948732 0.350399
vt 0.944073 0.333333
vt 0.936170 0.500000
vt 0.944073 0.469048
vt 0.948732 0.433732
vt 0.944073 0.416667
vt 0.936170 0.583333
vt 0.944073 0.552381
vt 0.948732 0.517066
vt 0.944073 0.500000
vt 0.936170 0.666667
vt 0.944073 0.635714
vt 0.948732 0.600398
vt 0.944073 0.583333
vt 0.936170 0.750000
vt 0.944073 0.719047
vt 0.948732 0.683733
vt 0.944073 0.666667
vt 0.936170 0.833333
vt 0.944073 0.802380
vt 0.948732 0.767066
vt 0.944073 0.750000
vt 0.944073 0.885714
vt 0.948732 0.850399
vt 0.944073 0.833333
vt 0.936170 0.083333
vt 0.944073 0.052381
vt 0.948732 0.017065
vt 0.944073 0.000000
vt 0.936170 0.000000
vt 0.056347 0.779307
vt 0.051147 0.816504
vt 0.056347 0.833333
vt 0.063830 0.750000
vt 0.056347 0.862641
vt 0.051147 0.899837
vt 0.056347 0.916667
vt 0.063830 0.916667
vt 0.063830 0.833333
vt 0.056347 0.029307
vt 0.051147 0.066504
vt 0.056347 0.083333
vt 0.063830 0.083333
vt 0.063830 0.000000
vt 0.056347 0.112641
vt 0.051147 0.149837
vt 0.056347 0.166667
vt 0.063830 0.166667
vt 0.056347 0.195974
vt 0.051147 0.233170
vt 0.056347 0.250000
vt 0.063830 0.250000
vt 0.056347 0.279307
vt 0.051147 0.316504
vt 0.056347 0.333333
vt 0.063830 0.333333
vt 0.056347 0.362641
vt 0.051147 0.399837
vt 0.056347 0.416667
vt 0.063830 0.416667
vt 0.056347 0.445974
vt 0.051147 0.483171
vt 0.056347 0.500000
vt 0.063830 0.500000
vt 0.056347 0.529307
vt 0.051147 0.566504
vt 0.056347 0.583333
vt 0.063830 0.583333
vt 0.056347 0.612641
vt 0.051147 0.649838
vt 0.056347 0.666667
vt 0.063830 0.666667
vt 0.056347 0.695974
vt 0.051147 0.733171
vt 0.056347 0.750000
vt 0.056347 0.945974
vt 0.051147 0.983171
vt 0.056347 1.000000
vt 0.063830 1.000000
vt 0.170213 1.000000
vt 0.191489 1.000000
vt 0.191489 0.916667
vt 0.170213 0.916667
vt 0.170213 0.083333
vt 0.191489 0.083333
vt 0.191489 0.000000
vt 0.170213 0.000000
vt 0.170213 0.166667
vt 0.191489 0.166667
vt 0.170213 0.250000
vt 0.191489 0.250000
vt 0.170213 0.333333
vt 0.191489 0.333333
vt 0.170213 0.416667
vt 0.191489 0.416667
vt 0.170213 0.500000
vt 0.191489 0.500000
vt 0.170213 0.583333
vt 0.191489 0.583333
vt 0.170213 0.666667
vt 0.191489 0.666667
vt 0.170213 0.750000
vt 0.191489 0.750000
vt 0.170213 0.833333
vt 0.191489 0.833333
vt 0.936170 0.916667
vt 0.944073 0.885714
vt 0.948732 0.850399
vt 0.944073 0.833333
vt 0.936170 0.833333
vt 0.936170 0.916667
vt 0.944073 0.885714
vt 0.948732 0.850399
vt 0.944073 0.833333
vt 0.936170 0.833333
vt 0.936170 1.000000
vt 0.944073 0.969047
vt 0.948732 0.933732
vt 0.944073 0.916667
vt 0.936170 0.166667
vt 0.944073 0.135714
vt 0.948732 0.100399
vt 0.944073 0.083333
vt 0.936170 0.250000
vt 0.944073 0.219047
vt 0.948732 0.183732
vt 0.944073 0.166667
vt 0.936170 0.333333
vt 0.944073 0.302381
vt 0.948732 0.267065
vt 0.944073 0.250000
vt 0.936170 0.416667
vt 0.944073 0.385714
vt 0.948732 0.350399
vt 0.944073 0.333333
vt 0.936170 0.500000
vt 0.944073 0.469047
vt 0.948732 0.433732
vt 0.944073 0.416667
vt 0.936170 0.583333
vt 0.944073 0.552381
vt 0.948732 0.517066
vt 0.944073 0.500000
vt 0.936170 0.666667
vt 0.944073 0.635714
vt 0.948732 0.600399
vt 0.944073 0.583333
vt 0.936170 0.750000
vt 0.944073 0.719047
vt 0.948732 0.683732
vt 0.944073 0.666667
vt 0.944073 0.802381
vt 0.948732 0.767065
vt 0.944073 0.750000
vt 0.056347 0.779307
vt 0.051147 0.816504
vt 0.056347 0.833333
vt 0.063830 0.750000
vt 0.056347 0.862641
vt 0.051147 0.899837
vt 0.056347 0.916667
vt 0.063830 0.916667
vt 0.063830 0.833333
vt 0.056347 0.029307
vt 0.051147 0.066504
vt 0.056347 0.083333
vt 0.063830 0.083333
vt 0.063830 0.000000
vt 0.056347 0.112641
vt 0.051147 0.149837
vt 0.056347 0.166667
vt 0.063830 0.166667
vt 0.056347 0.195974
vt 0.051147 0.233171
vt 0.056347 0.250000
vt 0.063830 0.250000
vt 0.056347 0.279307
vt 0.051147 0.316504
vt 0.056347 0.333333
vt 0.063830 0.333333
vt 0.056347 0.362641
vt 0.051147 0.399837
vt 0.056347 0.416667
vt 0.063830 0.416667
vt 0.056347 0.445974
vt 0.051147 0.483171
vt 0.056347 0.500000
vt 0.063830 0.500000
vt 0.056347 0.529307
vt 0.051147 0.566504
vt 0.056347 0.583333
vt 0.063830 0.583333
vt 0.056347 0.612641
vt 0.051147 0.649837
vt 0.056347 0.666667
vt 0.063830 0.666667
vt 0.056347 0.695974
vt 0.051147 0.733171
vt 0.056347 0.750000
vt 0.056347 0.945974
vt 0.051147 0.983171
vt 0.056347 1.000000
vt 0.063830 1.000000
vt 0.170213 1.000000
vt 0.191489 1.000000
vt 0.191489 0.916667
vt 0.170213 0.916667
vt 0.170213 0.083333
vt 0.191489 0.083333
vt 0.191489 0.000000
vt 0.170213 0.000000
vt 0.170213 0.166667
vt 0.191489 0.166667
vt 0.170213 0.250000
vt 0.191489 0.250000
vt 0.170213 0.333333
vt 0.191489 0.333333
vt 0.170213 0.416667
vt 0.191489 0.416667
vt 0.170213 0.500000
vt 0.191489 0.500000
vt 0.170213 0.583333
vt 0.191489 0.583333
vt 0.170213 0.666667
vt 0.191489 0.666667
vt 0.170213 0.750000
vt 0.191489 0.750000
vt 0.170213 0.833333
vt 0.191489 0.833333
vt 0.936170 0.083333
vt 0.944073 0.052381
vt 0.948732 0.017066
vt 0.944073 0.000000
vt 0.936170 0.000000
vt 0.936170 0.083333
vt 0.944073 0.052381
vt 0.948732 0.017066
vt 0.944073 0.000000
vt 0.936170 0.000000
vt 0.936170 1.000000
vt 0.944073 0.969047
vt 0.948732 0.933732
vt 0.944073 0.916667
vt 0.936170 0.166667
vt 0.944073 0.135714
vt 0.948732 0.100399
vt 0.944073 0.083333
vt 0.936170 0.250000
vt 0.944073 0.219047
vt 0.948732 0.183732
vt 0.944073 0.166667
vt 0.936170 0.333333
vt 0.944073 0.302381
vt 0.948732 0.267065
vt 0.944073 0.250000
vt 0.936170 0.416667
vt 0.944073 0.385714
vt 0.948732 0.350399
vt 0.944073 0.333333
vt 0.936170 0.500000
vt 0.944073 0.469047
vt 0.948732 0.433732
vt 0.944073 0.416667
vt 0.936170 0.583333
vt 0.944073 0.552381
vt 0.948732 0.517066
vt 0.944073 0.500000
vt 0.936170 0.666667
vt 0.944073 0.635714
vt 0.948732 0.600399
vt 0.944073 0.583333
vt 0.936170 0.750000
vt 0.944073 0.719047
vt 0.948732 0.683732
vt 0.944073 0.666667
vt 0.944073 0.802381
vt 0.948732 0.767066
vt 0.944073 0.750000
vt 0.056347 0.779307
vt 0.051147 0.816504
vt 0.056347 0.833333
vt 0.063830 0.750000
vt 0.056347 0.862641
vt 0.051147 0.899837
vt 0.056347 0.916667
vt 0.063830 0.916667
vt 0.063830 0.833333
vt 0.056347 0.029307
vt 0.051147 0.066504
vt 0.056347 0.083333
vt 0.063830 0.083333
vt 0.063830 0.000000
vt 0.056347 0.112641
vt 0.051147 0.149837
vt 0.056347 0.166667
vt 0.063830 0.166667
vt 0.056347 0.195974
vt 0.051147 0.233171
vt 0.056347 0.250000
vt 0.063830 0.250000
vt 0.056347 0.279307
vt 0.051147 0.316504
vt 0.056347 0.333333
vt 0.063830 0.333333
vt 0.056347 0.362641
vt 0.051147 0.399838
vt 0.056347 0.416667
vt 0.063830 0.416667
vt 0.056347 0.445974
vt 0.051147 0.483170
vt 0.056347 0.500000
vt 0.063830 0.500000
vt 0.056347 0.529307
vt 0.051147 0.566504
vt 0.056347 0.583333
vt 0.063830 0.583333
vt 0.056347 0.612641
vt 0.051147 0.649837
vt 0.056347 0.666667
vt 0.063830 0.666667
vt 0.056347 0.695974
vt 0.051147 0.733170
vt 0.056347 0.750000
vt 0.056347 0.945974
vt 0.051147 0.983171
vt 0.056347 1.000000
vt 0.063830 1.000000
vt 0.170213 1.000000
vt 0.191489 1.000000
vt 0.191489 0.916667
vt 0.170213 0.916667
vt 0.170213 0.083333
vt 0.191489 0.083333
vt 0.191489 0.000000
vt 0.170213 0.000000
vt 0.170213 0.166667
vt 0.191489 0.166667
vt 0.170213 0.250000
vt 0.191489 0.250000
vt 0.170213 0.333333
vt 0.191489 0.333333
vt 0.170213 0.416667
vt 0.191489 0.416667
vt 0.170213 0.500000
vt 0.191489 0.500000
vt 0.170213 0.583333
vt 0.191489 0.583333
vt 0.170213 0.666667
vt 0.191489 0.666667
vt 0.170213 0.750000
vt 0.191489 0.750000
vt 0.170213 0.833333
vt 0.191489 0.833333
vt 0.936170 0.916667
vt 0.944073 0.885714
vt 0.948732 0.850399
vt 0.944073 0.833333
vt 0.936170 0.833333
vt 0.936170 0.916667
vt 0.944073 0.885714
vt 0.948732 0.850399
vt 0.944073 0.833333
vt 0.936170 0.833333
vt 0.936170 1.000000
vt 0.944073 0.969047
vt 0.948732 0.933732
vt 0.944073 0.916667
vt 0.936170 0.166667
vt 0.944073 0.135714
vt 0.948732 0.100399
vt 0.944073 0.083333
vt 0.936170 0.250000
vt 0.944073 0.219047
vt 0.948732 0.183732
vt 0.944073 0.166667
vt 0.936170 0.333333
vt 0.944073 0.302381
vt 0.948732 0.267065
vt 0.944073 0.250000
vt 0.936170 0.416667
vt 0.944073 0.385714
vt 0.948732 0.350399
vt 0.944073 0.333333
vt 0.936170 0.500000
vt 0.944073 0.469047
vt 0.948732 0.433733
vt 0.944073 0.416667
vt 0.936170 0.583333
vt 0.944073 0.552381
vt 0.948732 0.517066
vt 0.944073 0.500000
vt 0.936170 0.666667
vt 0.944073 0.635714
vt 0.948732 0.600399
vt 0.944073 0.583333
vt 0.936170 0.750000
vt 0.944073 0.719048
vt 0.948732 0.683732
vt 0.944073 0.666667
vt 0.944073 0.802381
vt 0.948732 0.767066
vt 0.944073 0.750000
vt 0.056347 0.362641
vt 0.051147 0.399837
vt 0.056347 0.416667
vt 0.063830 0.416667
vt 0.063830 0.333333
vt 0.056347 0.029307
vt 0.051147 0.066504
vt 0.056347 0.083333
vt 0.063830 0.083333
vt 0.063830 0.000000
vt 0.056347 0.112641
vt 0.051147 0.149837
vt 0.056347 0.166667
vt 0.063830 0.166667
vt 0.056347 0.195974
vt 0.051147 0.233170
vt 0.056347 0.250000
vt 0.063830 0.250000
vt 0.056347 0.779307
vt 0.051147 0.816504
vt 0.056347 0.833333
vt 0.063830 0.750000
vt 0.056347 0.279307
vt 0.051147 0.316504
vt 0.056347 0.333333
vt 0.056347 0.445974
vt 0.051147 0.483170
vt 0.056347 0.500000
vt 0.063830 0.500000
vt 0.056347 0.529307
vt 0.051147 0.566504
vt 0.056347 0.583333
vt 0.063830 0.583333
vt 0.056347 0.612641
vt 0.051147 0.649837
vt 0.056347 0.666667
vt 0.063830 0.666667
vt 0.056347 0.695974
vt 0.051147 0.733171
vt 0.056347 0.750000
vt 0.056347 0.945974
vt 0.051147 0.983171
vt 0.056347 1.000000
vt 0.063830 1.000000
vt 0.170213 1.000000
vt 0.191489 1.000000
vt 0.191489 0.916667
vt 0.170213 0.916667
vt 0.170213 0.083333
vt 0.191489 0.083333
vt 0.191489 0.000000
vt 0.170213 0.000000
vt 0.170213 0.166667
vt 0.191489 0.166667
vt 0.170213 0.250000
vt 0.191489 0.250000
vt 0.170213 0.333333
vt 0.191489 0.333333
vt 0.170213 0.416667
vt 0.191489 0.416667
vt 0.170213 0.500000
vt 0.191489 0.500000
vt 0.170213 0.583333
vt 0.191489 0.583333
vt 0.170213 0.666667
vt 0.191489 0.666667
vt 0.170213 0.750000
vt 0.191489 0.750000
vt 0.170213 0.833333
vt 0.191489 0.833333
vt 0.936170 0.083333
vt 0.944073 0.052381
vt 0.948733 0.017066
vt 0.944073 0.000000
vt 0.936170 0.000000
vt 0.936170 1.000000
vt 0.944073 0.969047
vt 0.948732 0.933732
vt 0.944073 0.916667
vt 0.936170 0.166667
vt 0.944073 0.135714
vt 0.948732 0.100399
vt 0.944073 0.083333
vt 0.936170 0.250000
vt 0.944073 0.219047
vt 0.948732 0.183732
vt 0.944073 0.166667
vt 0.936170 0.333333
vt 0.944073 0.302381
vt 0.948732 0.267066
vt 0.944073 0.250000
vt 0.936170 0.416667
vt 0.944073 0.385714
vt 0.948732 0.350399
vt 0.944073 0.333333
vt 0.936170 0.500000
vt 0.944073 0.469047
vt 0.948732 0.433732
vt 0.944073 0.416667
vt 0.936170 0.583333
vt 0.944073 0.552381
vt 0.948732 0.517066
vt 0.944073 0.500000
vt 0.936170 0.666667
vt 0.944073 0.635714
vt 0.948732 0.600399
vt 0.944073 0.583333
vt 0.936170 0.750000
vt 0.944073 0.719047
vt 0.948732 0.683732
vt 0.944073 0.666667
vt 0.944073 0.802381
vt 0.948732 0.767066
vt 0.944073 0.750000
vt 0.048250 0.541667
vt 0.051126 1.014616
vt 0.051126 0.931283
vt 0.051126 0.847950
vt 0.051126 0.764616
vt 0.051126 0.681283
vt 0.051126 0.597950
vt 0.051126 0.514616
vt 0.051126 0.431283
vt 0.051126 0.347950
vt 0.051126 0.264617
vt 0.051126 0.181283
vt 0.056347 0.083333
vt 0.051147 0.066504
vt 0.051126 0.097950
vt 0.048250 0.541667
vt 0.051126 0.931283
vt 0.051126 0.847950
vt 0.051126 0.764616
vt 0.051126 0.681283
vt 0.051126 0.597950
vt 0.051126 0.514616
vt 0.051126 0.431283
vt 0.051126 0.347949
vt 0.051126 0.264617
vt 0.051126 0.181283
vt 0.051126 0.097950
vt 0.051126 1.014616
vt 0.048251 0.541667
vt 0.051126 0.847950
vt 0.051126 0.764616
vt 0.051126 0.681283
vt 0.051126 0.597950
vt 0.051126 0.514616
vt 0.051126 0.431283
vt 0.051126 0.347950
vt 0.051126 0.264617
vt 0.051126 0.181283
vt 0.051126 0.097950
vt 0.051126 1.014616
vt 0.051126 0.931283
vt 0.048250 0.541667
vt 0.051126 0.847950
vt 0.051126 0.764616
vt 0.051126 0.681283
vt 0.051126 0.597950
vt 0.051126 0.514617
vt 0.051126 0.431283
vt 0.051126 0.347950
vt 0.051126 0.264617
vt 0.051126 0.181283
vt 0.051126 0.097950
vt 0.051126 1.014617
vt 0.051126 0.931283
vt 0.048251 0.541667
vt 0.051126 0.847950
vt 0.051126 0.764616
vt 0.051126 0.681283
vt 0.051126 0.597950
vt 0.051126 0.514616
vt 0.051126 0.431283
vt 0.051126 0.347950
vt 0.051126 0.264616
vt 0.051126 0.181283
vt 0.051126 0.097950
vt 0.051126 1.014616
vt 0.051126 0.931283
vt 0.048251 0.541667
vt 0.051126 0.847950
vt 0.051126 0.764616
vt 0.051126 0.681283
vt 0.051126 0.597950
vt 0.051126 0.514617
vt 0.051126 0.431283
vt 0.051126 0.347950
vt 0.051126 0.264617
vt 0.051126 0.181283
vt 0.051126 0.097950
vt 0.051126 1.014617
vt 0.051126 0.931283
vt 0.056347 0.029307
vt 0.063830 0.000000
vt 0.944073 0.000000
vt 0.948732 0.017066
vt 0.951241 0.458333
vt 0.948752 -0.014817
vt 0.948752 0.068516
vt 0.948752 0.151850
vt 0.948752 0.235183
vt 0.948752 0.318516
vt 0.948752 0.401849
vt 0.948752 0.485183
vt 0.948752 0.568516
vt 0.948752 0.651849
vt 0.948752 0.735183
vt 0.948752 0.818516
vt 0.948752 0.901849
vt 0.951241 0.458333
vt 0.948752 0.068515
vt 0.948752 0.151849
vt 0.948752 0.235183
vt 0.948752 0.318516
vt 0.948752 0.401849
vt 0.948752 0.485182
vt 0.948752 0.568516
vt 0.948752 0.651849
vt 0.948752 0.735183
vt 0.948752 0.818516
vt 0.948752 0.901849
vt 0.948752 -0.014818
vt 0.951241 0.458333
vt 0.948752 -0.014817
vt 0.948752 0.068516
vt 0.948752 0.151849
vt 0.948752 0.235183
vt 0.948752 0.318516
vt 0.948752 0.401849
vt 0.948752 0.485182
vt 0.948752 0.568516
vt 0.948752 0.651849
vt 0.948752 0.735183
vt 0.948752 0.818516
vt 0.948752 0.901849
vt 0.951241 0.458333
vt 0.948752 0.901849
vt 0.948752 -0.014818
vt 0.948752 0.068516
vt 0.948752 0.151849
vt 0.948752 0.235182
vt 0.948752 0.318516
vt 0.948752 0.401849
vt 0.948752 0.485183
vt 0.948752 0.568516
vt 0.948752 0.651849
vt 0.948752 0.735183
vt 0.948752 0.818516
vt 0.951241 0.458333
vt 0.948752 -0.014818
vt 0.948752 0.068516
vt 0.948752 0.151849
vt 0.948752 0.235182
vt 0.948752 0.318516
vt 0.948752 0.401849
vt 0.948752 0.485182
vt 0.948752 0.568516
vt 0.948752 0.651849
vt 0.948752 0.735183
vt 0.948752 0.818516
vt 0.948752 0.901849
vt 0.951241 0.458333
vt 0.948752 0.901850
vt 0.948752 -0.014818
vt 0.948752 0.068516
vt 0.948752 0.151849
vt 0.948752 0.235183
vt 0.948752 0.318516
vt 0.948752 0.401849
vt 0.948752 0.485183
vt 0.948752 0.568516
vt 0.948752 0.651850
vt 0.948752 0.735182
vt 0.948752 0.818516
vt 0.944073 0.052381
vt 0.936170 0.000000
vn -0.8364 0.2594 -0.4829
vn -0.6290 0.4569 -0.6290
vn -0.4829 0.2594 -0.8364
vn -0.4838 0.2522 -0.8380
vn -0.8380 0.2522 -0.4838
vn -0.0000 0.2594 -0.9658
vn 0.2302 0.4569 -0.8592
vn 0.4829 0.2594 -0.8364
vn 0.4838 0.2523 -0.8380
vn -0.0000 0.2522 -0.9677
vn -0.2302 0.4569 -0.8592
vn 0.4829 0.2595 -0.8364
vn 0.6290 0.4569 -0.6290
vn 0.8364 0.2595 -0.4829
vn 0.8380 0.2523 -0.4838
vn 0.8592 0.4569 -0.2302
vn 0.9658 0.2595 0.0000
vn 0.9677 0.2523 0.0000
vn 0.8592 0.4569 0.2302
vn 0.8364 0.2595 0.4829
vn 0.8380 0.2523 0.4838
vn 0.6290 0.4569 0.6290
vn 0.4829 0.2595 0.8364
vn 0.4838 0.2523 0.8380
vn 0.2302 0.4569 0.8592
vn 0.0000 0.2595 0.9658
vn 0.0000 0.2523 0.9677
vn -0.2302 0.4569 0.8592
vn -0.4829 0.2595 0.8364
vn -0.4838 0.2523 0.8380
vn -0.6290 0.4569 0.6290
vn -0.8364 0.2595 0.4829
vn -0.8380 0.2523 0.4838
vn -0.8592 0.4569 0.2302
vn -0.9658 0.2595 -0.0000
vn -0.9677 0.2523 0.0000
vn -0.8592 0.4569 -0.2302
vn 0.5000 -0.0000 -0.8660
vn -0.0000 0.0000 -1.0000
vn 0.8660 0.0000 -0.5000
vn 1.0000 0.0000 -0.0000
vn 0.8660 0.0000 0.5000
vn 0.5000 -0.0000 0.8660
vn 0.0000 0.0000 1.0000
vn -0.5000 0.0000 0.8660
vn -0.8660 0.0000 0.5000
vn -1.0000 0.0000 0.0000
vn -0.8660 0.0000 -0.5000
vn -0.5000 0.0000 -0.8660
vn 0.8385 -0.2503 -0.4841
vn 0.8365 -0.2587 -0.4830
vn 0.6263 -0.4641 -0.6263
vn 0.4830 -0.2588 -0.8365
vn 0.4841 -0.2503 -0.8385
vn -0.0000 -0.2502 -0.9682
vn -0.0000 -0.2587 -0.9659
vn -0.2293 -0.4641 -0.8556
vn -0.4830 -0.2587 -0.8365
vn -0.4841 -0.2502 -0.8385
vn 0.4841 -0.2502 -0.8385
vn 0.4830 -0.2587 -0.8365
vn 0.2293 -0.4641 -0.8556
vn 0.9682 -0.2502 -0.0000
vn 0.9660 -0.2587 0.0000
vn 0.8556 -0.4641 -0.2293
vn 0.8385 -0.2502 -0.4841
vn 0.8385 -0.2502 0.4841
vn 0.8365 -0.2587 0.4830
vn 0.8556 -0.4641 0.2293
vn 0.4841 -0.2502 0.8385
vn 0.4830 -0.2587 0.8365
vn 0.6263 -0.4641 0.6263
vn -0.0000 -0.2502 0.9682
vn -0.0000 -0.2587 0.9660
vn 0.2293 -0.4641 0.8556
vn -0.4841 -0.2502 0.8385
vn -0.4830 -0.2587 0.8365
vn -0.2293 -0.4641 0.8556
vn -0.8385 -0.2502 0.4841
vn -0.8365 -0.2587 0.4830
vn -0.6263 -0.4641 0.6263
vn -0.9682 -0.2502 0.0000
vn -0.9659 -0.2587 0.0000
vn -0.8556 -0.4641 0.2293
vn -0.8385 -0.2502 -0.4841
vn -0.8365 -0.2587 -0.4830
vn -0.8556 -0.4641 -0.2293
vn -0.6263 -0.4641 -0.6263
vn -0.4829 0.2595 -0.8364
vn -0.4838 0.2523 -0.8380
vn -0.0000 0.2595 -0.9658
vn -0.0000 0.2523 -0.9677
vn -0.0000 0.2594 0.9658
vn -0.4829 0.2594 0.8364
vn -0.8364 0.2594 0.4829
vn 0.2293 -0.4642 -0.8556
vn -0.0000 -0.2588 -0.9659
vn -0.0000 -0.2503 -0.9682
vn 0.6264 -0.4641 0.6263
vn -0.6264 -0.4641 0.6263
vn -0.8385 -0.2503 -0.4841
vn -0.8365 -0.2588 -0.4830
vn -0.4841 -0.2503 -0.8385
vn -0.4830 -0.2588 -0.8365
vn -0.2293 -0.4642 -0.8556
vn 0.6263 -0.4641 -0.6264
vn -0.8364 0.2595 -0.4829
vn -0.8380 0.2523 -0.4838
vn 0.8364 0.2594 0.4829
vn 0.8380 0.2522 0.4838
vn 0.4829 0.2594 0.8364
vn 0.4838 0.2522 0.8380
vn -0.0000 0.2522 0.9677
vn -0.4838 0.2522 0.8380
vn -0.8380 0.2522 0.4838
vn 0.0000 -0.2587 -0.9660
vn -0.2292 -0.4641 -0.8556
vn 0.8385 -0.2503 0.4841
vn 0.4841 -0.2503 0.8385
vn 0.4830 -0.2588 0.8365
vn -0.0000 -0.2503 0.9682
vn -0.0000 -0.2588 0.9659
vn -0.4841 -0.2503 0.8385
vn -0.4830 -0.2588 0.8365
vn -0.8385 -0.2503 0.4841
vn -0.9660 -0.2587 -0.0000
vn -0.6263 -0.4641 -0.6264
vn -0.0000 -0.2587 0.9659
vn 0.8364 0.2594 -0.4829
vn 0.8380 0.2522 -0.4838
vn 0.9658 0.2594 -0.0000
vn 0.9677 0.2522 -0.0000
vn 0.9682 -0.2503 0.0000
vn 0.9659 -0.2588 -0.0000
vn 0.8365 -0.2588 0.4830
vn 0.8556 -0.4642 0.2293
vn 0.6263 -0.4642 0.6263
vn 0.2292 -0.4641 0.8556
vn -0.6264 -0.4641 -0.6263
vn 0.4838 0.2522 -0.8380
vn -0.2292 -0.4641 0.8556
vn 0.0000 1.0000 -0.0000
vn 0.0000 -1.0000 0.0000
vn 0.0000 -1.0000 0.0001
s 1
f 1026/787/338 1038/788/339 1025/789/340 745/790/341 744/791/342
f 1024/792/343 1035/793/344 1023/794/345 735/795/346 746/796/347
f 1025/797/340 1037/798/348 1024/799/343 746/796/347 745/790/341
f 1059/800/349 1071/801/350 1058/802/351 784/803/352 783/804/346
f 1034/805/351 1046/806/353 1033/807/354 737/808/355 736/809/352
f 1033/810/354 1045/811/356 1032/812/357 738/813/358 737/808/355
f 1032/814/357 1044/815/359 1031/816/360 739/817/361 738/813/358
f 1031/818/360 1043/819/362 1030/820/363 740/821/364 739/817/361
f 1030/822/363 1042/823/365 1029/824/366 741/825/367 740/821/364
f 1029/826/366 1041/827/368 1028/828/369 742/829/370 741/825/367
f 1028/830/369 1040/831/371 1027/832/372 743/833/373 742/829/370
f 1027/834/372 1039/835/374 1026/836/338 744/791/342 743/833/373
f 747/837/375 759/838/375 770/839/376 758/840/376
f 748/841/377 760/842/377 759/843/375 747/844/375
f 749/845/378 761/846/378 760/842/377 748/841/377
f 750/847/379 762/848/379 761/846/378 749/845/378
f 751/849/380 763/850/380 762/848/379 750/847/379
f 752/851/381 764/852/381 763/850/380 751/849/380
f 753/853/382 765/854/382 764/852/381 752/851/381
f 754/855/383 766/856/383 765/854/382 753/853/382
f 755/857/384 767/858/384 766/856/383 754/855/383
f 756/859/385 768/860/385 767/858/384 755/857/384
f 757/861/386 769/862/386 768/860/385 756/859/385
f 758/840/376 770/839/376 769/862/386 757/861/386
f 820/863/387 1198/864/388 1222/865/389 1209/866/390 819/867/391
f 782/868/392 1184/869/393 1196/870/394 1183/871/395 781/872/396
f 771/873/397 1173/874/398 1197/875/399 1184/876/393 782/868/392
f 773/877/400 1175/878/401 1187/879/402 1174/880/388 772/881/403
f 774/882/404 1176/883/405 1188/884/406 1175/885/401 773/877/400
f 775/886/407 1177/887/408 1189/888/409 1176/889/405 774/882/404
f 776/890/410 1178/891/411 1190/892/412 1177/893/408 775/886/407
f 777/894/413 1179/895/414 1191/896/415 1178/897/411 776/890/410
f 778/898/416 1180/899/417 1192/900/418 1179/901/414 777/894/413
f 779/902/419 1181/903/420 1193/904/421 1180/905/417 778/898/416
f 780/906/422 1182/907/423 1194/908/424 1181/909/420 779/902/419
f 781/872/396 1183/910/395 1195/911/425 1182/912/423 780/906/422
f 1050/913/338 1062/914/339 1049/915/426 793/916/427 792/917/342
f 1049/918/426 1060/919/348 1048/920/428 794/921/429 793/916/427
f 1073/922/426 1097/923/348 1084/924/428 842/925/429 841/926/427
f 1058/927/351 1070/928/353 1057/929/354 785/930/355 784/803/352
f 1057/931/354 1069/932/356 1056/933/357 786/934/358 785/930/355
f 1056/935/357 1068/936/359 1055/937/360 787/938/361 786/934/358
f 1055/939/360 1067/940/362 1054/941/430 788/942/364 787/938/361
f 1054/943/430 1066/944/365 1053/945/431 789/946/367 788/942/364
f 1053/947/431 1065/948/368 1052/949/432 790/950/370 789/946/367
f 1052/951/432 1064/952/371 1051/953/372 791/954/373 790/950/370
f 1051/955/372 1063/956/374 1050/957/338 792/917/342 791/954/373
f 1048/958/428 1072/959/344 1059/960/349 783/961/346 794/921/429
f 795/962/375 807/963/375 818/964/376 806/965/376
f 796/966/377 808/967/377 807/968/375 795/969/375
f 797/970/378 809/971/378 808/967/377 796/966/377
f 798/972/379 810/973/379 809/971/378 797/970/378
f 799/974/380 811/975/380 810/973/379 798/972/379
f 800/976/381 812/977/381 811/975/380 799/974/380
f 801/978/382 813/979/382 812/977/381 800/976/381
f 802/980/383 814/981/383 813/979/382 801/978/382
f 803/982/384 815/983/384 814/981/383 802/980/383
f 804/984/385 816/985/385 815/983/384 803/982/384
f 805/986/386 817/987/386 816/985/385 804/984/385
f 806/965/376 818/964/376 817/987/386 805/986/386
f 821/988/400 1199/989/401 1210/990/402 1198/991/388 820/863/387
f 819/992/391 1209/993/390 1221/994/433 1208/995/434 830/996/435
f 822/997/404 1200/998/405 1212/999/406 1199/1000/401 821/988/400
f 823/1001/407 1201/1002/408 1213/1003/436 1200/1004/405 822/997/404
f 824/1005/410 1202/1006/411 1214/1007/412 1201/1008/408 823/1001/407
f 825/1009/413 1203/1010/414 1215/1011/415 1202/1012/411 824/1005/410
f 826/1013/416 1204/1014/417 1216/1015/437 1203/1016/414 825/1009/413
f 827/1017/419 1205/1018/420 1217/1019/421 1204/1020/417 826/1013/416
f 828/1021/438 1206/1022/439 1218/1023/424 1205/1024/420 827/1017/419
f 829/1025/440 1207/1026/441 1219/1027/425 1206/1028/439 828/1021/438
f 830/996/435 1208/1029/434 1220/1030/442 1207/1031/441 829/1025/440
f 868/1032/403 1224/1033/388 1235/1034/443 1223/1035/398 867/1036/397
f 1074/1037/444 1085/1038/339 1073/1039/426 841/926/427 840/1040/445
f 1098/1041/340 1122/1042/348 1109/1043/428 890/1044/429 889/1045/341
f 1083/1046/349 1095/1047/350 1082/1048/351 832/1049/352 831/1050/346
f 1082/1051/351 1094/1052/353 1081/1053/354 833/1054/355 832/1049/352
f 1081/1055/354 1093/1056/356 1080/1057/446 834/1058/447 833/1054/355
f 1080/1059/446 1092/1060/359 1079/1061/448 835/1062/449 834/1058/447
f 1079/1063/448 1091/1064/362 1078/1065/430 836/1066/450 835/1062/449
f 1078/1067/430 1090/1068/365 1077/1069/431 837/1070/451 836/1066/450
f 1077/1071/431 1089/1072/368 1076/1073/432 838/1074/452 837/1070/451
f 1076/1075/432 1088/1076/371 1075/1077/372 839/1078/373 838/1074/452
f 1075/1079/372 1087/1080/374 1074/1081/444 840/1040/445 839/1078/373
f 1084/1082/428 1096/1083/344 1083/1084/349 831/1085/346 842/925/429
f 843/1086/375 855/1087/375 866/1088/376 854/1089/376
f 844/1090/377 856/1091/377 855/1092/375 843/1093/375
f 845/1094/378 857/1095/378 856/1091/377 844/1090/377
f 846/1096/379 858/1097/379 857/1095/378 845/1094/378
f 847/1098/380 859/1099/380 858/1097/379 846/1096/379
f 848/1100/381 860/1101/381 859/1099/380 847/1098/380
f 849/1102/382 861/1103/382 860/1101/381 848/1100/381
f 850/1104/383 862/1105/383 861/1103/382 849/1102/382
f 851/1106/384 863/1107/384 862/1105/383 850/1104/383
f 852/1108/385 864/1109/385 863/1107/384 851/1106/384
f 853/1110/386 865/1111/386 864/1109/385 852/1108/385
f 854/1089/376 866/1088/376 865/1111/386 853/1110/386
f 926/1112/392 1248/1113/453 1272/1114/394 1259/1115/395 925/1116/396
f 878/1117/392 1234/1118/453 1246/1119/454 1233/1120/395 877/1121/396
f 867/1122/397 1223/1123/398 1247/1124/399 1234/1125/453 878/1117/392
f 869/1126/400 1225/1127/401 1237/1128/402 1224/1129/388 868/1032/403
f 870/1130/455 1226/1131/405 1238/1132/406 1225/1133/401 869/1126/400
f 871/1134/456 1227/1135/457 1239/1136/409 1226/1137/405 870/1130/455
f 872/1138/458 1228/1139/459 1240/1140/412 1227/1141/457 871/1134/456
f 873/1142/460 1229/1143/461 1241/1144/415 1228/1145/459 872/1138/458
f 874/1146/462 1230/1147/417 1242/1148/418 1229/1149/461 873/1142/460
f 875/1150/419 1231/1151/463 1243/1152/421 1230/1153/417 874/1146/462
f 876/1154/422 1232/1155/423 1244/1156/424 1231/1157/463 875/1150/419
f 877/1121/396 1233/1158/395 1245/1159/464 1232/1160/423 876/1154/422
f 1099/1161/338 1110/1162/339 1098/1163/340 889/1045/341 888/1164/342
f 1123/1165/426 1147/1166/348 1134/1167/428 938/1168/429 937/1169/427
f 1108/1170/349 1120/1171/350 1107/1172/351 880/1173/352 879/1174/346
f 1107/1175/351 1119/1176/353 1106/1177/354 881/1178/355 880/1173/352
f 1106/1179/354 1118/1180/356 1105/1181/357 882/1182/358 881/1178/355
f 1105/1183/357 1117/1184/359 1104/1185/360 883/1186/361 882/1182/358
f 1104/1187/360 1116/1188/362 1103/1189/363 884/1190/364 883/1186/361
f 1103/1191/363 1115/1192/365 1102/1193/366 885/1194/367 884/1190/364
f 1102/1195/366 1114/1196/368 1101/1197/369 886/1198/370 885/1194/367
f 1101/1199/369 1113/1200/371 1100/1201/372 887/1202/373 886/1198/370
f 1100/1203/372 1112/1204/374 1099/1205/338 888/1164/342 887/1202/373
f 1109/1206/428 1121/1207/344 1108/1208/349 879/1209/346 890/1044/429
f 891/1210/375 903/1211/375 914/1212/376 902/1213/376
f 892/1214/377 904/1215/377 903/1216/375 891/1217/375
f 893/1218/378 905/1219/378 904/1215/377 892/1214/377
f 894/1220/379 906/1221/379 905/1219/378 893/1218/378
f 895/1222/380 907/1223/380 906/1221/379 894/1220/379
f 896/1224/381 908/1225/381 907/1223/380 895/1222/380
f 897/1226/382 909/1227/382 908/1225/381 896/1224/381
f 898/1228/383 910/1229/383 909/1227/382 897/1226/382
f 899/1230/384 911/1231/384 910/1229/383 898/1228/383
f 900/1232/385 912/1233/385 911/1231/384 899/1230/384
f 901/1234/386 913/1235/386 912/1233/385 900/1232/385
f 902/1213/376 914/1212/376 913/1235/386 901/1234/386
f 916/1236/403 1250/1237/388 1262/1238/389 1249/1239/398 915/1240/397
f 964/1241/387 1274/1242/388 1285/1243/389 1273/1244/398 963/1245/397
f 915/1246/397 1249/1247/398 1260/1248/399 1248/1249/453 926/1112/392
f 917/1250/400 1251/1251/401 1263/1252/402 1250/1253/388 916/1236/403
f 918/1254/404 1252/1255/405 1264/1256/406 1251/1257/401 917/1250/400
f 919/1258/456 1253/1259/408 1265/1260/409 1252/1261/405 918/1254/404
f 920/1262/458 1254/1263/465 1266/1264/412 1253/1265/408 919/1258/456
f 921/1266/460 1255/1267/414 1267/1268/415 1254/1269/465 920/1262/458
f 922/1270/416 1256/1271/417 1268/1272/418 1255/1273/414 921/1266/460
f 923/1274/419 1257/1275/463 1269/1276/421 1256/1277/417 922/1270/416
f 924/1278/422 1258/1279/423 1270/1280/424 1257/1281/463 923/1274/419
f 925/1116/396 1259/1282/395 1271/1283/425 1258/1284/423 924/1278/422
f 1124/1285/444 1135/1286/339 1123/1287/426 937/1169/427 936/1288/445
f 1148/1289/340 1172/1290/348 1159/1291/343 986/1292/347 985/1293/341
f 1133/1294/349 1145/1295/350 1132/1296/466 928/1297/467 927/1298/346
f 1132/1299/466 1144/1300/353 1131/1301/468 929/1302/469 928/1297/467
f 1131/1303/468 1143/1304/356 1130/1305/446 930/1306/447 929/1302/469
f 1130/1307/446 1142/1308/359 1129/1309/448 931/1310/449 930/1306/447
f 1129/1311/448 1141/1312/362 1128/1313/430 932/1314/450 931/1310/449
f 1128/1315/430 1140/1316/365 1127/1317/366 933/1318/367 932/1314/450
f 1127/1319/366 1139/1320/368 1126/1321/369 934/1322/370 933/1318/367
f 1126/1323/369 1138/1324/371 1125/1325/372 935/1326/373 934/1322/370
f 1125/1327/372 1137/1328/374 1124/1329/444 936/1288/445 935/1326/373
f 1134/1330/428 1146/1331/344 1133/1332/349 927/1333/346 938/1168/429
f 939/1334/375 951/1335/375 962/1336/376 950/1337/376
f 940/1338/377 952/1339/377 951/1340/375 939/1341/375
f 941/1342/378 953/1343/378 952/1339/377 940/1338/377
f 942/1344/379 954/1345/379 953/1343/378 941/1342/378
f 943/1346/380 955/1347/380 954/1345/379 942/1344/379
f 944/1348/381 956/1349/381 955/1347/380 943/1346/380
f 945/1350/382 957/1351/382 956/1349/381 944/1348/381
f 946/1352/383 958/1353/383 957/1351/382 945/1350/382
f 947/1354/384 959/1355/384 958/1353/383 946/1352/383
f 948/1356/385 960/1357/385 959/1355/384 947/1354/384
f 949/1358/386 961/1359/386 960/1357/385 948/1356/385
f 950/1337/376 962/1336/376 961/1359/386 949/1358/386
f 1022/1360/392 1298/1361/393 1322/1362/394 1309/1363/395 1021/1364/396
f 974/1365/392 1284/1366/453 1296/1367/394 1283/1368/395 973/1369/396
f 963/1370/397 1273/1371/398 1297/1372/399 1284/1373/453 974/1365/392
f 965/1374/470 1275/1375/471 1287/1376/402 1274/1377/388 964/1241/387
f 966/1378/455 1276/1379/472 1288/1380/473 1275/1381/471 965/1374/470
f 967/1382/456 1277/1383/457 1289/1384/474 1276/1385/472 966/1378/455
f 968/1386/458 1278/1387/465 1290/1388/475 1277/1389/457 967/1382/456
f 969/1390/413 1279/1391/414 1291/1392/415 1278/1393/465 968/1386/458
f 970/1394/416 1280/1395/417 1292/1396/418 1279/1397/414 969/1390/413
f 971/1398/419 1281/1399/463 1293/1400/421 1280/1401/417 970/1394/416
f 972/1402/422 1282/1403/423 1294/1404/424 1281/1405/463 971/1398/419
f 973/1369/396 1283/1406/395 1295/1407/476 1282/1408/423 972/1402/422
f 1154/1409/360 1166/1410/362 1153/1411/363 980/1412/364 979/1413/361
f 1158/1414/345 1170/1415/350 1157/1416/466 976/1417/467 975/1418/477
f 1157/1419/466 1169/1420/353 1156/1421/354 977/1422/355 976/1417/467
f 1156/1423/354 1168/1424/356 1155/1425/357 978/1426/358 977/1422/355
f 1149/1427/338 1160/1428/339 1148/1429/340 985/1293/341 984/1430/342
f 1155/1431/357 1167/1432/359 1154/1433/360 979/1413/361 978/1426/358
f 1153/1434/363 1165/1435/365 1152/1436/366 981/1437/367 980/1412/364
f 1152/1438/366 1164/1439/368 1151/1440/369 982/1441/370 981/1437/367
f 1151/1442/369 1163/1443/371 1150/1444/372 983/1445/373 982/1441/370
f 1150/1446/372 1162/1447/374 1149/1448/338 984/1430/342 983/1445/373
f 1159/1449/343 1171/1450/344 1158/1451/345 975/1452/477 986/1292/347
f 987/1453/375 999/1454/375 1010/1455/376 998/1456/376
f 988/1457/377 1000/1458/377 999/1459/375 987/1460/375
f 989/1461/378 1001/1462/378 1000/1458/377 988/1457/377
f 990/1463/379 1002/1464/379 1001/1462/378 989/1461/378
f 991/1465/380 1003/1466/380 1002/1464/379 990/1463/379
f 992/1467/381 1004/1468/381 1003/1466/380 991/1465/380
f 993/1469/382 1005/1470/382 1004/1468/381 992/1467/381
f 994/1471/383 1006/1472/383 1005/1470/382 993/1469/382
f 995/1473/384 1007/1474/384 1006/1472/383 994/1471/383
f 996/1475/385 1008/1476/385 1007/1474/384 995/1473/384
f 997/1477/386 1009/1478/386 1008/1476/385 996/1475/385
f 998/1456/376 1010/1455/376 1009/1478/386 997/1477/386
f 1012/1479/403 1300/1480/388 1312/1481/389 1299/1482/398 1011/1483/397
f 1011/1484/397 1299/1485/398 1310/1486/399 1298/1487/393 1022/1360/392
f 1013/1488/400 1301/1489/401 1313/1490/402 1300/1491/388 1012/1479/403
f 1014/1492/404 1302/1493/405 1314/1494/406 1301/1495/401 1013/1488/400
f 1015/1496/407 1303/1497/408 1315/1498/409 1302/1499/405 1014/1492/404
f 1016/1500/410 1304/1501/411 1316/1502/475 1303/1503/408 1015/1496/407
f 1017/1504/413 1305/1505/414 1317/1506/478 1304/1507/411 1016/1500/410
f 1018/1508/416 1306/1509/417 1318/1510/418 1305/1511/414 1017/1504/413
f 1019/1512/419 1307/1513/463 1319/1514/421 1306/1515/417 1018/1508/416
f 1020/1516/422 1308/1517/423 1320/1518/424 1307/1519/463 1019/1512/419
f 1021/1364/396 1309/1520/395 1321/1521/425 1308/1522/423 1020/1516/422
f 1023/794/345 1035/793/344 1036/1523/479 1047/1524/350
f 1024/799/343 1037/798/348 1036/1523/479 1035/1525/344
f 1025/789/340 1038/788/339 1036/1523/479 1037/1526/348
f 1026/836/338 1039/835/374 1036/1523/479 1038/1527/339
f 1027/832/372 1040/831/371 1036/1523/479 1039/1528/374
f 1028/828/369 1041/827/368 1036/1523/479 1040/1529/371
f 1029/824/366 1042/823/365 1036/1523/479 1041/1530/368
f 1030/820/363 1043/819/362 1036/1523/479 1042/1531/365
f 1031/816/360 1044/815/359 1036/1523/479 1043/1532/362
f 1032/812/357 1045/811/356 1036/1523/479 1044/1533/359
f 1033/807/354 1046/806/353 1036/1523/479 1045/1534/356
f 1034/1535/351 1047/1536/350 1036/1523/479 1046/1537/353
f 1048/920/428 1060/919/348 1061/1538/479 1072/1539/344
f 1049/915/426 1062/914/339 1061/1538/479 1060/1540/348
f 1050/957/338 1063/956/374 1061/1538/479 1062/1541/339
f 1051/953/372 1064/952/371 1061/1538/479 1063/1542/374
f 1052/949/432 1065/948/368 1061/1538/479 1064/1543/371
f 1053/945/431 1066/944/365 1061/1538/479 1065/1544/368
f 1054/941/430 1067/940/362 1061/1538/479 1066/1545/365
f 1055/937/360 1068/936/359 1061/1538/479 1067/1546/362
f 1056/933/357 1069/932/356 1061/1538/479 1068/1547/359
f 1057/929/354 1070/928/353 1061/1538/479 1069/1548/356
f 1058/802/351 1071/801/350 1061/1538/479 1070/1549/353
f 1059/960/349 1072/959/344 1061/1538/479 1071/1550/350
f 1073/1039/426 1085/1038/339 1086/1551/479 1097/1552/348
f 1074/1081/444 1087/1080/374 1086/1551/479 1085/1553/339
f 1075/1077/372 1088/1076/371 1086/1551/479 1087/1554/374
f 1076/1073/432 1089/1072/368 1086/1551/479 1088/1555/371
f 1077/1069/431 1090/1068/365 1086/1551/479 1089/1556/368
f 1078/1065/430 1091/1064/362 1086/1551/479 1090/1557/365
f 1079/1061/448 1092/1060/359 1086/1551/479 1091/1558/362
f 1080/1057/446 1093/1056/356 1086/1551/479 1092/1559/359
f 1081/1053/354 1094/1052/353 1086/1551/479 1093/1560/356
f 1082/1048/351 1095/1047/350 1086/1551/479 1094/1561/353
f 1083/1084/349 1096/1083/344 1086/1551/479 1095/1562/350
f 1084/924/428 1097/923/348 1086/1551/479 1096/1563/344
f 1098/1163/340 1110/1162/339 1111/1564/479 1122/1565/348
f 1099/1205/338 1112/1204/374 1111/1564/479 1110/1566/339
f 1100/1201/372 1113/1200/371 1111/1564/479 1112/1567/374
f 1101/1197/369 1114/1196/368 1111/1564/479 1113/1568/371
f 1102/1193/366 1115/1192/365 1111/1564/479 1114/1569/368
f 1103/1189/363 1116/1188/362 1111/1564/479 1115/1570/365
f 1104/1185/360 1117/1184/359 1111/1564/479 1116/1571/362
f 1105/1181/357 1118/1180/356 1111/1564/479 1117/1572/359
f 1106/1177/354 1119/1176/353 1111/1564/479 1118/1573/356
f 1107/1172/351 1120/1171/350 1111/1564/479 1119/1574/353
f 1108/1208/349 1121/1207/344 1111/1564/479 1120/1575/350
f 1109/1043/428 1122/1042/348 1111/1564/479 1121/1576/344
f 1123/1287/426 1135/1286/339 1136/1577/479 1147/1578/348
f 1124/1329/444 1137/1328/374 1136/1577/479 1135/1579/339
f 1125/1325/372 1138/1324/371 1136/1577/479 1137/1580/374
f 1126/1321/369 1139/1320/368 1136/1577/479 1138/1581/371
f 1127/1317/366 1140/1316/365 1136/1577/479 1139/1582/368
f 1128/1313/430 1141/1312/362 1136/1577/479 1140/1583/365
f 1129/1309/448 1142/1308/359 1136/1577/479 1141/1584/362
f 1130/1305/446 1143/1304/356 1136/1577/479 1142/1585/359
f 1131/1301/468 1144/1300/353 1136/1577/479 1143/1586/356
f 1132/1296/466 1145/1295/350 1136/1577/479 1144/1587/353
f 1133/1332/349 1146/1331/344 1136/1577/479 1145/1588/350
f 1134/1167/428 1147/1166/348 1136/1577/479 1146/1589/344
f 1148/1429/340 1160/1428/339 1161/1590/479 1172/1591/348
f 1149/1448/338 1162/1447/374 1161/1590/479 1160/1592/339
f 1150/1444/372 1163/1443/371 1161/1590/479 1162/1593/374
f 1151/1440/369 1164/1439/368 1161/1590/479 1163/1594/371
f 1152/1436/366 1165/1435/365 1161/1590/479 1164/1595/368
f 1153/1411/363 1166/1410/362 1161/1590/479 1165/1596/365
f 1154/1433/360 1167/1432/359 1161/1590/479 1166/1597/362
f 1155/1425/357 1168/1424/356 1161/1590/479 1167/1598/359
f 1156/1421/354 1169/1420/353 1161/1590/479 1168/1599/356
f 1157/1416/466 1170/1415/350 1161/1590/479 1169/1600/353
f 1158/1451/345 1171/1450/344 1161/1590/479 1170/1601/350
f 1159/1291/343 1172/1290/348 1161/1590/479 1171/1602/344
f 1023/1603/345 1047/1536/350 1034/1535/351 736/809/352 735/1604/346
f 1173/1605/398 1185/1606/389 1186/1607/480 1197/1608/399
f 1174/880/388 1187/879/402 1186/1607/480 1185/1609/389
f 1175/885/401 1188/884/406 1186/1607/480 1187/1610/402
f 1176/889/405 1189/888/409 1186/1607/480 1188/1611/406
f 1177/893/408 1190/892/412 1186/1607/480 1189/1612/409
f 1178/897/411 1191/896/415 1186/1607/480 1190/1613/412
f 1179/901/414 1192/900/418 1186/1607/480 1191/1614/415
f 1180/905/417 1193/904/421 1186/1607/480 1192/1615/418
f 1181/909/420 1194/908/424 1186/1607/480 1193/1616/421
f 1182/912/423 1195/911/425 1186/1607/480 1194/1617/424
f 1183/871/395 1196/870/394 1186/1607/480 1195/1618/425
f 1184/876/393 1197/875/399 1186/1607/480 1196/1619/394
f 1198/991/388 1210/990/402 1211/1620/481 1222/1621/389
f 1199/1000/401 1212/999/406 1211/1620/481 1210/1622/402
f 1200/1004/405 1213/1003/436 1211/1620/481 1212/1623/406
f 1201/1008/408 1214/1007/412 1211/1620/481 1213/1624/436
f 1202/1012/411 1215/1011/415 1211/1620/481 1214/1625/412
f 1203/1016/414 1216/1015/437 1211/1620/481 1215/1626/415
f 1204/1020/417 1217/1019/421 1211/1620/481 1216/1627/437
f 1205/1024/420 1218/1023/424 1211/1620/481 1217/1628/421
f 1206/1028/439 1219/1027/425 1211/1620/481 1218/1629/424
f 1207/1031/441 1220/1030/442 1211/1620/481 1219/1630/425
f 1208/995/434 1221/994/433 1211/1620/481 1220/1631/442
f 1209/866/390 1222/865/389 1211/1620/481 1221/1632/433
f 1223/1035/398 1235/1034/443 1236/1633/480 1247/1634/399
f 1224/1129/388 1237/1128/402 1236/1633/480 1235/1635/443
f 1225/1133/401 1238/1132/406 1236/1633/480 1237/1636/402
f 1226/1137/405 1239/1136/409 1236/1633/480 1238/1637/406
f 1227/1141/457 1240/1140/412 1236/1633/480 1239/1638/409
f 1228/1145/459 1241/1144/415 1236/1633/480 1240/1639/412
f 1229/1149/461 1242/1148/418 1236/1633/480 1241/1640/415
f 1230/1153/417 1243/1152/421 1236/1633/480 1242/1641/418
f 1231/1157/463 1244/1156/424 1236/1633/480 1243/1642/421
f 1232/1160/423 1245/1159/464 1236/1633/480 1244/1643/424
f 1233/1120/395 1246/1119/454 1236/1633/480 1245/1644/464
f 1234/1125/453 1247/1124/399 1236/1633/480 1246/1645/454
f 1248/1249/453 1260/1248/399 1261/1646/480 1272/1647/394
f 1249/1239/398 1262/1238/389 1261/1646/480 1260/1648/399
f 1250/1253/388 1263/1252/402 1261/1646/480 1262/1649/389
f 1251/1257/401 1264/1256/406 1261/1646/480 1263/1650/402
f 1252/1261/405 1265/1260/409 1261/1646/480 1264/1651/406
f 1253/1265/408 1266/1264/412 1261/1646/480 1265/1652/409
f 1254/1269/465 1267/1268/415 1261/1646/480 1266/1653/412
f 1255/1273/414 1268/1272/418 1261/1646/480 1267/1654/415
f 1256/1277/417 1269/1276/421 1261/1646/480 1268/1655/418
f 1257/1281/463 1270/1280/424 1261/1646/480 1269/1656/421
f 1258/1284/423 1271/1283/425 1261/1646/480 1270/1657/424
f 1259/1115/395 1272/1114/394 1261/1646/480 1271/1658/425
f 1273/1244/398 1285/1243/389 1286/1659/480 1297/1660/399
f 1274/1377/388 1287/1376/402 1286/1659/480 1285/1661/389
f 1275/1381/471 1288/1380/473 1286/1659/480 1287/1662/402
f 1276/1385/472 1289/1384/474 1286/1659/480 1288/1663/473
f 1277/1389/457 1290/1388/475 1286/1659/480 1289/1664/474
f 1278/1393/465 1291/1392/415 1286/1659/480 1290/1665/475
f 1279/1397/414 1292/1396/418 1286/1659/480 1291/1666/415
f 1280/1401/417 1293/1400/421 1286/1659/480 1292/1667/418
f 1281/1405/463 1294/1404/424 1286/1659/480 1293/1668/421
f 1282/1408/423 1295/1407/476 1286/1659/480 1294/1669/424
f 1283/1368/395 1296/1367/394 1286/1659/480 1295/1670/476
f 1284/1373/453 1297/1372/399 1286/1659/480 1296/1671/394
f 1298/1487/393 1310/1486/399 1311/1672/480 1322/1673/394
f 1299/1482/398 1312/1481/389 1311/1672/480 1310/1674/399
f 1300/1491/388 1313/1490/402 1311/1672/480 1312/1675/389
f 1301/1495/401 1314/1494/406 1311/1672/480 1313/1676/402
f 1302/1499/405 1315/1498/409 1311/1672/480 1314/1677/406
f 1303/1503/408 1316/1502/475 1311/1672/480 1315/1678/409
f 1304/1507/411 1317/1506/478 1311/1672/480 1316/1679/475
f 1305/1511/414 1318/1510/418 1311/1672/480 1317/1680/478
f 1306/1515/417 1319/1514/421 1311/1672/480 1318/1681/418
f 1307/1519/463 1320/1518/424 1311/1672/480 1319/1682/421
f 1308/1522/423 1321/1521/425 1311/1672/480 1320/1683/424
f 1309/1363/395 1322/1362/394 1311/1672/480 1321/1684/425
f 772/881/403 1174/1685/388 1185/1606/389 1173/1605/398 771/1686/397
o 円柱.013
v -0.000117 0.553459 -1.547462
v -0.000117 0.802833 -1.547462
v 0.104370 0.553459 -1.519465
v 0.104370 0.802833 -1.519465
v 0.180859 0.553459 -1.442976
v 0.180859 0.802833 -1.442976
v 0.208856 0.553459 -1.338489
v 0.208856 0.802833 -1.338489
v 0.180859 0.553459 -1.234002
v 0.180859 0.802833 -1.234002
v 0.104370 0.553459 -1.157513
v 0.104370 0.802833 -1.157513
v -0.000117 0.553459 -1.129516
v -0.000117 0.802833 -1.129516
v -0.104604 0.553459 -1.157513
v -0.104604 0.802833 -1.157513
v -0.181093 0.553459 -1.234002
v -0.181093 0.802833 -1.234002
v -0.209090 0.553459 -1.338489
v -0.209090 0.802833 -1.338489
v -0.181093 0.553459 -1.442976
v -0.181093 0.802833 -1.442976
v -0.104604 0.553459 -1.519465
v -0.104604 0.802833 -1.519465
vt 1.000000 0.500000
vt 1.000000 1.000000
vt 0.916667 1.000000
vt 0.916667 0.500000
vt 0.833333 1.000000
vt 0.833333 0.500000
vt 0.750000 1.000000
vt 0.750000 0.500000
vt 0.666667 1.000000
vt 0.666667 0.500000
vt 0.583333 1.000000
vt 0.583333 0.500000
vt 0.500000 1.000000
vt 0.500000 0.500000
vt 0.416667 1.000000
vt 0.416667 0.500000
vt 0.333333 1.000000
vt 0.333333 0.500000
vt 0.250000 1.000000
vt 0.250000 0.500000
vt 0.166667 1.000000
vt 0.166667 0.500000
vt 0.370000 0.457846
vt 0.250000 0.490000
vt 0.130000 0.457846
vt 0.042154 0.370000
vt 0.010000 0.250000
vt 0.042154 0.130000
vt 0.130000 0.042154
vt 0.250000 0.010000
vt 0.370000 0.042154
vt 0.457846 0.130000
vt 0.490000 0.250000
vt 0.457846 0.370000
vt 0.083333 1.000000
vt 0.083333 0.500000
vt 0.000000 1.000000
vt 0.000000 0.500000
vt 0.750000 0.490000
vt 0.870000 0.457846
vt 0.957846 0.370000
vt 0.990000 0.250000
vt 0.957846 0.130000
vt 0.870000 0.042154
vt 0.750000 0.010000
vt 0.630000 0.042154
vt 0.542154 0.130000
vt 0.510000 0.250000
vt 0.542154 0.370000
vt 0.630000 0.457846
vn 0.2588 0.0000 -0.9659
vn 0.7071 0.0000 -0.7071
vn 0.9659 0.0000 -0.2588
vn 0.9659 0.0000 0.2588
vn 0.7071 0.0000 0.7071
vn 0.2588 0.0000 0.9659
vn -0.2588 0.0000 0.9659
vn -0.7071 0.0000 0.7071
vn -0.9659 0.0000 0.2588
vn -0.9659 0.0000 -0.2588
vn 0.0000 1.0000 0.0000
vn -0.7071 0.0000 -0.7071
vn -0.2588 0.0000 -0.9659
vn 0.0000 -1.0000 0.0000
s off
f 1323/1687/482 1324/1688/482 1326/1689/482 1325/1690/482
f 1325/1690/483 1326/1689/483 1328/1691/483 1327/1692/483
f 1327/1692/484 1328/1691/484 1330/1693/484 1329/1694/484
f 1329/1694/485 1330/1693/485 1332/1695/485 1331/1696/485
f 1331/1696/486 1332/1695/486 1334/1697/486 1333/1698/486
f 1333/1698/487 1334/1697/487 1336/1699/487 1335/1700/487
f 1335/1700/488 1336/1699/488 1338/1701/488 1337/1702/488
f 1337/1702/489 1338/1701/489 1340/1703/489 1339/1704/489
f 1339/1704/490 1340/1703/490 1342/1705/490 1341/1706/490
f 1341/1706/491 1342/1705/491 1344/1707/491 1343/1708/491
f 1326/1709/492 1324/1710/492 1346/1711/492 1344/1712/492 1342/1713/492 1340/1714/492 1338/1715/492 1336/1716/492 1334/1717/492 1332/1718/492 1330/1719/492 1328/1720/492
f 1343/1708/493 1344/1707/493 1346/1721/493 1345/1722/493
f 1345/1722/494 1346/1721/494 1324/1723/494 1323/1724/494
f 1323/1725/495 1325/1726/495 1327/1727/495 1329/1728/495 1331/1729/495 1333/1730/495 1335/1731/495 1337/1732/495 1339/1733/495 1341/1734/495 1343/1735/495 1345/1736/495
o 立方体
v -0.050173 -0.348549 -0.227730
v -0.050173 0.361405 -0.227730
v -0.050173 -0.304958 -1.341073
v -0.050173 -0.189459 -1.341073
v 0.050173 -0.348549 -0.227730
v 0.050173 0.361405 -0.227730
v 0.050173 -0.304958 -1.341073
v 0.050173 -0.189459 -1.341073
v -0.050173 -0.304958 -1.182024
v -0.050173 -0.304958 -1.022974
v -0.050173 -0.302086 -0.863926
v -0.050173 -0.302197 -0.704877
v -0.050173 -0.304289 -0.545828
v -0.050173 -0.312390 -0.386779
v -0.050173 0.176413 -0.386779
v -0.050173 0.043110 -0.545828
v -0.050173 -0.063263 -0.704877
v -0.050173 -0.146590 -0.863926
v -0.050173 -0.202987 -1.022975
v -0.050173 -0.207695 -1.182024
v 0.050173 -0.312390 -0.386779
v 0.050173 -0.304289 -0.545828
v 0.050173 -0.302197 -0.704877
v 0.050173 -0.302086 -0.863926
v 0.050173 -0.304958 -1.022975
v 0.050173 -0.304958 -1.182024
v 0.050173 -0.207695 -1.182024
v 0.050173 -0.202987 -1.022974
v 0.050173 -0.146590 -0.863926
v 0.050173 -0.063263 -0.704877
v 0.050173 0.043110 -0.545828
v 0.050173 0.176413 -0.386779
vt 0.375000 0.250000
vt 0.625000 0.250000
vt 0.625000 0.500000
vt 0.375000 0.500000
vt 0.375000 0.750000
vt 0.625000 0.750000
vt 0.625000 1.000000
vt 0.375000 1.000000
vt 0.125000 0.714286
vt 0.375000 0.714286
vt 0.125000 0.750000
vt 0.625000 0.714286
vt 0.875000 0.714286
vt 0.875000 0.750000
vt 0.875000 0.500000
vt 0.875000 0.535714
vt 0.625000 0.535714
vt 0.875000 0.571429
vt 0.625000 0.571428
vt 0.875000 0.607143
vt 0.625000 0.607143
vt 0.875000 0.642857
vt 0.625000 0.642857
vt 0.875000 0.678571
vt 0.625000 0.678571
vt 0.125000 0.500000
vt 0.375000 0.535714
vt 0.125000 0.535714
vt 0.375000 0.571429
vt 0.125000 0.571429
vt 0.375000 0.607143
vt 0.125000 0.607143
vt 0.375000 0.642857
vt 0.125000 0.642857
vt 0.375000 0.678571
vt 0.125000 0.678571
vt 0.625000 0.214286
vt 0.375000 0.214286
vt 0.375000 0.178571
vt 0.375000 0.142857
vt 0.375000 0.107143
vt 0.375000 0.071429
vt 0.375000 0.035714
vt 0.375000 0.000000
vt 0.625000 0.000000
vt 0.625000 0.035714
vt 0.625000 0.071429
vt 0.625000 0.107143
vt 0.625000 0.142857
vt 0.625000 0.178571
vn 0.0000 0.0000 -1.0000
vn -0.0000 0.0000 1.0000
vn -0.0000 -0.9751 -0.2217
vn 0.0000 0.6519 -0.7583
vn -0.0000 0.9935 0.1139
vn -0.0000 0.9996 -0.0296
vn 0.0000 0.9425 -0.3342
vn -0.0000 0.8858 -0.4641
vn 0.0000 0.8312 -0.5559
vn 0.0000 0.7664 -0.6423
vn 0.0000 -1.0000 0.0000
vn -0.0000 -0.9998 0.0181
vn -0.0000 -1.0000 -0.0007
vn 0.0000 -0.9999 -0.0132
vn -0.0000 -0.9987 -0.0509
vn 1.0000 -0.0000 0.0000
vn -1.0000 -0.0000 0.0000
s off
f 1349/1737/496 1350/1738/496 1354/1739/496 1353/1740/496
f 1351/1741/497 1352/1742/497 1348/1743/497 1347/1744/497
f 1360/1745/498 1367/1746/498 1351/1741/498 1347/1747/498
f 1378/1748/499 1361/1749/499 1348/1750/499 1352/1742/499
f 1354/1739/500 1350/1751/500 1366/1752/500 1373/1753/500
f 1373/1753/501 1366/1752/501 1365/1754/501 1374/1755/501
f 1374/1755/502 1365/1754/502 1364/1756/502 1375/1757/502
f 1375/1757/503 1364/1756/503 1363/1758/503 1376/1759/503
f 1376/1759/504 1363/1758/504 1362/1760/504 1377/1761/504
f 1377/1761/505 1362/1760/505 1361/1749/505 1378/1748/505
f 1349/1762/506 1353/1740/506 1372/1763/506 1355/1764/506
f 1355/1764/506 1372/1763/506 1371/1765/506 1356/1766/506
f 1356/1766/507 1371/1765/507 1370/1767/507 1357/1768/507
f 1357/1768/508 1370/1767/508 1369/1769/508 1358/1770/508
f 1358/1770/509 1369/1769/509 1368/1771/509 1359/1772/509
f 1359/1772/510 1368/1771/510 1367/1746/510 1360/1745/510
f 1378/1748/511 1352/1742/511 1351/1741/511 1367/1746/511 1368/1771/511 1369/1769/511 1370/1767/511 1371/1765/511 1372/1763/511 1353/1740/511 1354/1739/511 1373/1753/511 1374/1755/511 1375/1757/511 1376/1759/511 1377/1761/511
f 1366/1773/512 1350/1738/512 1349/1737/512 1355/1774/512 1356/1775/512 1357/1776/512 1358/1777/512 1359/1778/512 1360/1779/512 1347/1780/512 1348/1781/512 1361/1782/512 1362/1783/512 1363/1784/512 1364/1785/512 1365/1786/512
o 円柱.015
v 0.000000 -0.433083 -1.446383
v -0.000000 2.516874 -1.377851
v 0.050000 -0.433083 -1.432986
v 0.015734 2.516893 -1.373636
v 0.086603 -0.433083 -1.396383
v 0.027252 2.516963 -1.362118
v 0.100000 -0.433083 -1.346383
v 0.031468 2.517063 -1.346383
v 0.086603 -0.433083 -1.296384
v 0.027252 2.517169 -1.330649
v 0.050000 -0.433083 -1.259781
v 0.015734 2.517252 -1.319131
v -0.000000 -0.433083 -1.246383
v -0.000000 2.517288 -1.314915
v -0.050000 -0.433083 -1.259781
v -0.015734 2.517267 -1.319131
v -0.086603 -0.433083 -1.296384
v -0.027252 2.517196 -1.330649
v -0.100000 -0.433083 -1.346383
v -0.031468 2.517093 -1.346383
v -0.086603 -0.433083 -1.396383
v -0.027252 2.516988 -1.362118
v -0.050000 -0.433083 -1.432986
v -0.015734 2.516908 -1.373636
v 0.000000 2.229947 -1.446383
v 0.050000 2.229947 -1.432986
v 0.086603 2.229947 -1.396383
v 0.100000 2.229947 -1.346383
v 0.086603 2.229947 -1.296384
v 0.050000 2.229947 -1.259781
v -0.000000 2.229947 -1.246383
v -0.050000 2.229947 -1.259781
v -0.086603 2.229947 -1.296384
v -0.100000 2.229947 -1.346383
v -0.086603 2.229947 -1.396383
v -0.050000 2.229947 -1.432986
v -0.000000 2.289610 -1.426169
v 0.039893 2.289610 -1.415479
v 0.069096 2.289610 -1.386276
v 0.079785 2.289610 -1.346383
v 0.069096 2.289610 -1.306491
v 0.039893 2.289610 -1.277287
v -0.000000 2.289610 -1.266598
v -0.039893 2.289610 -1.277287
v -0.069096 2.289610 -1.306491
v -0.079785 2.289610 -1.346383
v -0.069096 2.289610 -1.386276
v -0.039893 2.289610 -1.415479
v 0.050000 -0.042313 -1.432986
v 0.086603 -0.042313 -1.396383
v 0.100000 -0.042313 -1.346383
v 0.086603 -0.042313 -1.296384
v 0.050000 -0.042313 -1.259781
v -0.000000 -0.042313 -1.246383
v -0.050000 -0.042313 -1.259781
v -0.086603 -0.042313 -1.296384
v -0.100000 -0.042313 -1.346383
v -0.086603 -0.042313 -1.396383
v -0.050000 -0.042313 -1.432986
v 0.000000 -0.042313 -1.446383
v 0.050000 -0.119937 -1.432986
v 0.086603 -0.119937 -1.396383
v 0.100000 -0.119937 -1.346383
v 0.086603 -0.119937 -1.296384
v 0.050000 -0.119937 -1.259781
v -0.000000 -0.119937 -1.246383
v -0.050000 -0.119937 -1.259781
v -0.086603 -0.119937 -1.296384
v -0.100000 -0.119937 -1.346383
v -0.086603 -0.119937 -1.396383
v -0.050000 -0.119937 -1.432986
v 0.000000 -0.119937 -1.446383
v -0.000000 2.298736 -1.406897
v 0.030257 2.298736 -1.398790
v 0.052406 2.298736 -1.376640
v 0.060513 2.298736 -1.346383
v 0.052406 2.298736 -1.316127
v 0.030257 2.298736 -1.293977
v -0.000000 2.298736 -1.285870
v -0.030257 2.298736 -1.293977
v -0.052406 2.298736 -1.316127
v -0.060513 2.298736 -1.346383
v -0.052406 2.298736 -1.376640
v -0.030257 2.298736 -1.398790
v -0.000000 2.322904 -1.423803
v 0.038710 2.322904 -1.413431
v 0.067047 2.322904 -1.385093
v 0.077420 2.322904 -1.346383
v 0.067047 2.322904 -1.307674
v 0.038710 2.322904 -1.279336
v -0.000000 2.322904 -1.268964
v -0.038710 2.322904 -1.279336
v -0.067047 2.322904 -1.307674
v -0.077420 2.322904 -1.346383
v -0.067047 2.322904 -1.385093
v -0.038710 2.322904 -1.413431
v -0.000000 2.349771 -1.432573
v -0.000000 2.392828 -1.434462
v -0.000000 2.427649 -1.419927
v -0.000000 2.459857 -1.398208
v -0.000000 2.479675 -1.381725
v -0.000000 2.495719 -1.374011
v -0.000000 2.501893 -1.373745
v -0.000000 2.512019 -1.375832
v 0.014725 2.512036 -1.371887
v 0.013681 2.501906 -1.370079
v 0.013813 2.495730 -1.370309
v 0.017671 2.479681 -1.376990
v 0.025913 2.459857 -1.391265
v 0.036771 2.427649 -1.410074
v 0.044039 2.392829 -1.422662
v 0.043095 2.349771 -1.421026
v 0.025504 2.512095 -1.361108
v 0.023696 2.501951 -1.360064
v 0.023926 2.495767 -1.360197
v 0.030606 2.479701 -1.364054
v 0.044882 2.459856 -1.372296
v 0.063690 2.427649 -1.383155
v 0.076278 2.392829 -1.390423
v 0.074642 2.349771 -1.389478
v 0.029449 2.512182 -1.346383
v 0.027361 2.502016 -1.346383
v 0.027627 2.495823 -1.346383
v 0.035341 2.479731 -1.346383
v 0.051825 2.459857 -1.346383
v 0.073543 2.427649 -1.346383
v 0.088079 2.392829 -1.346383
v 0.086190 2.349771 -1.346383
v 0.025504 2.512274 -1.331659
v 0.023696 2.502085 -1.332703
v 0.023926 2.495881 -1.332570
v 0.030606 2.479764 -1.328713
v 0.044882 2.459857 -1.320471
v 0.063690 2.427649 -1.309612
v 0.076278 2.392829 -1.302344
v 0.074642 2.349771 -1.303289
v 0.014724 2.512345 -1.320880
v 0.013681 2.502138 -1.322688
v 0.013813 2.495927 -1.322458
v 0.017671 2.479790 -1.315777
v 0.025913 2.459856 -1.301502
v 0.036771 2.427649 -1.282693
v 0.044039 2.392829 -1.270105
v 0.043095 2.349771 -1.271741
v -0.000000 2.512376 -1.316934
v -0.000000 2.502162 -1.319022
v -0.000000 2.495947 -1.318757
v -0.000000 2.479802 -1.311042
v -0.000000 2.459857 -1.294558
v -0.000000 2.427649 -1.272840
v -0.000000 2.392829 -1.258305
v -0.000000 2.349771 -1.260194
v -0.014725 2.512358 -1.320880
v -0.013681 2.502148 -1.322688
v -0.013813 2.495935 -1.322458
v -0.017671 2.479795 -1.315777
v -0.025913 2.459856 -1.301502
v -0.036771 2.427649 -1.282693
v -0.044039 2.392829 -1.270105
v -0.043095 2.349771 -1.271741
v -0.025504 2.512297 -1.331659
v -0.023696 2.502102 -1.332703
v -0.023926 2.495896 -1.332570
v -0.030606 2.479772 -1.328713
v -0.044882 2.459857 -1.320471
v -0.063690 2.427649 -1.309612
v -0.076278 2.392829 -1.302344
v -0.074642 2.349771 -1.303289
v -0.029449 2.512208 -1.346383
v -0.027361 2.502035 -1.346383
v -0.027627 2.495839 -1.346383
v -0.035341 2.479740 -1.346383
v -0.051825 2.459857 -1.346383
v -0.073543 2.427649 -1.346383
v -0.088079 2.392829 -1.346383
v -0.086190 2.349771 -1.346383
v -0.025504 2.512117 -1.361108
v -0.023696 2.501967 -1.360064
v -0.023926 2.495781 -1.360197
v -0.030606 2.479708 -1.364054
v -0.044882 2.459856 -1.372296
v -0.063690 2.427649 -1.383155
v -0.076278 2.392829 -1.390423
v -0.074642 2.349771 -1.389478
v -0.014725 2.512048 -1.371887
v -0.013681 2.501916 -1.370079
v -0.013813 2.495738 -1.370309
v -0.017671 2.479685 -1.376990
v -0.025913 2.459857 -1.391265
v -0.036771 2.427649 -1.410074
v -0.044039 2.392829 -1.422662
v -0.043095 2.349771 -1.421026
v 0.000012 2.597752 -1.356523
v 0.000012 2.585058 -1.367509
v 0.000012 2.567017 -1.373606
v 0.000012 2.547353 -1.373606
v 0.000012 2.529961 -1.367509
v 0.000012 2.518116 -1.356523
v 0.010722 2.597747 -1.351365
v 0.019311 2.585050 -1.358215
v 0.024078 2.567008 -1.362016
v 0.024078 2.547346 -1.362016
v 0.019311 2.529956 -1.358215
v 0.010722 2.518114 -1.351365
v 0.013367 2.597762 -1.339775
v 0.024078 2.585073 -1.337331
v 0.030022 2.567032 -1.335974
v 0.030022 2.547366 -1.335974
v 0.024078 2.529969 -1.337331
v 0.013367 2.518121 -1.339775
v 0.005956 2.597785 -1.330481
v 0.010722 2.585111 -1.320583
v 0.013367 2.567072 -1.315090
v 0.013367 2.547398 -1.315090
v 0.010722 2.529991 -1.320583
v 0.005956 2.518131 -1.330481
v 0.000012 2.513934 -1.342824
v 0.000012 2.602350 -1.342824
v -0.005932 2.597800 -1.330481
v -0.010699 2.585134 -1.320583
v -0.013344 2.567096 -1.315090
v -0.013344 2.547419 -1.315090
v -0.010699 2.530004 -1.320583
v -0.005932 2.518137 -1.330481
v -0.013344 2.597795 -1.339775
v -0.024055 2.585126 -1.337331
v -0.029998 2.567088 -1.335974
v -0.029998 2.547411 -1.335974
v -0.024055 2.529999 -1.337331
v -0.013344 2.518135 -1.339775
v -0.010699 2.597774 -1.351365
v -0.019288 2.585092 -1.358215
v -0.024055 2.567053 -1.362016
v -0.024055 2.547382 -1.362016
v -0.019288 2.529980 -1.358215
v -0.010699 2.518126 -1.351365
v -0.000285 2.629614 -1.348557
v -0.000285 2.625431 -1.353448
v -0.000285 2.619403 -1.356163
v -0.000285 2.612727 -1.356163
v -0.000285 2.606724 -1.353448
v -0.000285 2.602576 -1.348557
v 0.004484 2.629614 -1.346260
v 0.008309 2.625431 -1.349310
v 0.010431 2.619403 -1.351002
v 0.010431 2.612727 -1.351002
v 0.008309 2.606724 -1.349310
v 0.004484 2.602576 -1.346260
v 0.005662 2.629614 -1.341100
v 0.010431 2.625431 -1.340011
v 0.013077 2.619403 -1.339407
v 0.013077 2.612727 -1.339407
v 0.010431 2.606724 -1.340011
v 0.005662 2.602576 -1.341100
v 0.002362 2.629614 -1.336962
v 0.004484 2.625431 -1.332555
v 0.005662 2.619403 -1.330109
v 0.005662 2.612727 -1.330109
v 0.004484 2.606724 -1.332555
v 0.002362 2.602576 -1.336962
v -0.000285 2.601096 -1.342457
v -0.000285 2.631111 -1.342457
v -0.002931 2.629614 -1.336962
v -0.005053 2.625431 -1.332555
v -0.006231 2.619403 -1.330109
v -0.006231 2.612727 -1.330109
v -0.005053 2.606724 -1.332555
v -0.002931 2.602576 -1.336962
v -0.006231 2.629614 -1.341100
v -0.011000 2.625431 -1.340011
v -0.013647 2.619403 -1.339407
v -0.013647 2.612727 -1.339407
v -0.011000 2.606724 -1.340011
v -0.006231 2.602576 -1.341100
v -0.005053 2.629614 -1.346260
v -0.008878 2.625431 -1.349310
v -0.011000 2.619403 -1.351002
v -0.011000 2.612727 -1.351002
v -0.008878 2.606724 -1.349310
v -0.005053 2.602576 -1.346260
v 0.031643 -0.211005 -1.401191
v 0.026935 -0.249181 -1.393037
v 0.025654 -0.277469 -1.390817
v 0.026935 -0.305757 -1.393037
v 0.031643 -0.343932 -1.401191
v 0.054807 -0.211005 -1.378026
v 0.046654 -0.249181 -1.373319
v 0.044433 -0.277469 -1.372037
v 0.046654 -0.305757 -1.373319
v 0.054807 -0.343932 -1.378026
v 0.063286 -0.211005 -1.346383
v 0.053871 -0.249181 -1.346383
v 0.051307 -0.277469 -1.346383
v 0.053871 -0.305757 -1.346383
v 0.063286 -0.343932 -1.346383
v 0.054807 -0.211005 -1.314741
v 0.046654 -0.249181 -1.319448
v 0.044433 -0.277469 -1.320730
v 0.046654 -0.305757 -1.319448
v 0.054807 -0.343932 -1.314741
v 0.031643 -0.211005 -1.291576
v 0.026936 -0.249181 -1.299730
v 0.025654 -0.277469 -1.301950
v 0.026936 -0.305757 -1.299730
v 0.031643 -0.343932 -1.291576
v -0.000000 -0.211005 -1.283098
v -0.000000 -0.249181 -1.292512
v -0.000000 -0.277469 -1.295076
v -0.000000 -0.305757 -1.292512
v -0.000000 -0.343932 -1.283098
v -0.031643 -0.211005 -1.291576
v -0.026935 -0.249181 -1.299730
v -0.025654 -0.277469 -1.301950
v -0.026935 -0.305757 -1.299730
v -0.031643 -0.343932 -1.291576
v -0.054807 -0.211005 -1.314741
v -0.046654 -0.249181 -1.319448
v -0.044433 -0.277469 -1.320730
v -0.046654 -0.305757 -1.319448
v -0.054807 -0.343932 -1.314741
v -0.063286 -0.211005 -1.346383
v -0.053871 -0.249181 -1.346383
v -0.051307 -0.277469 -1.346383
v -0.053871 -0.305757 -1.346383
v -0.063286 -0.343932 -1.346383
v -0.054807 -0.211005 -1.378026
v -0.046654 -0.249181 -1.373319
v -0.044433 -0.277469 -1.372037
v -0.046654 -0.305757 -1.373319
v -0.054807 -0.343932 -1.378026
v -0.031643 -0.211005 -1.401191
v -0.026936 -0.249181 -1.393037
v -0.025654 -0.277469 -1.390817
v -0.026936 -0.305757 -1.393037
v -0.031643 -0.343932 -1.401191
v -0.000000 -0.343932 -1.409669
v -0.000000 -0.305757 -1.400254
v -0.000000 -0.277469 -1.397691
v -0.000000 -0.249181 -1.400254
v -0.000000 -0.211005 -1.409669
v 0.037222 -0.430815 -1.410854
v 0.000000 -0.430815 -1.420827
v 0.064470 -0.430815 -1.309162
v 0.037222 -0.430815 -1.281913
v -0.000000 -0.430815 -1.271940
v -0.037222 -0.430815 -1.281913
v -0.064470 -0.430815 -1.309162
v -0.074444 -0.430815 -1.346383
v -0.064470 -0.430815 -1.383605
v 0.064470 -0.430815 -1.383605
v -0.037222 -0.430815 -1.410854
v 0.074444 -0.430815 -1.346383
v 0.042338 -0.473338 -1.321940
v 0.034294 -0.501245 -1.326584
v 0.031617 -0.518345 -1.328129
v 0.031572 -0.534401 -1.328156
v 0.033524 -0.552878 -1.327029
v 0.038710 -0.552878 -1.346383
v 0.036456 -0.534401 -1.346383
v 0.036509 -0.518345 -1.346383
v 0.039599 -0.501245 -1.346383
v 0.048887 -0.473338 -1.346383
v 0.000000 -0.473338 -1.395271
v 0.000000 -0.501245 -1.385983
v 0.000000 -0.518345 -1.382892
v 0.000000 -0.534401 -1.382839
v 0.000000 -0.552878 -1.385093
v -0.019355 -0.552878 -1.379907
v -0.018228 -0.534401 -1.377955
v -0.018254 -0.518345 -1.378001
v -0.019800 -0.501245 -1.380678
v -0.024444 -0.473338 -1.388721
v 0.024444 -0.473338 -1.388721
v 0.019800 -0.501245 -1.380678
v 0.018254 -0.518345 -1.378001
v 0.018228 -0.534401 -1.377955
v 0.019355 -0.552878 -1.379907
v 0.033524 -0.552878 -1.365738
v 0.031572 -0.534401 -1.364611
v 0.031618 -0.518345 -1.364638
v 0.034294 -0.501245 -1.366183
v 0.042338 -0.473338 -1.370827
v -0.033524 -0.552878 -1.365738
v -0.031572 -0.534401 -1.364611
v -0.031617 -0.518345 -1.364638
v -0.034294 -0.501245 -1.366183
v -0.042338 -0.473338 -1.370827
v -0.038710 -0.552878 -1.346383
v -0.036456 -0.534401 -1.346383
v -0.036509 -0.518345 -1.346383
v -0.039599 -0.501245 -1.346383
v -0.048887 -0.473338 -1.346383
v -0.033524 -0.552878 -1.327029
v -0.031572 -0.534401 -1.328156
v -0.031617 -0.518345 -1.328129
v -0.034294 -0.501245 -1.326584
v -0.042338 -0.473338 -1.321940
v -0.019355 -0.552878 -1.312860
v -0.018228 -0.534401 -1.314812
v -0.018254 -0.518345 -1.314766
v -0.019800 -0.501245 -1.312089
v -0.024444 -0.473338 -1.304046
v 0.000000 -0.552878 -1.307674
v 0.000000 -0.534401 -1.309928
v 0.000000 -0.518345 -1.309875
v 0.000000 -0.501245 -1.306784
v 0.000000 -0.473338 -1.297496
v 0.019355 -0.552878 -1.312860
v 0.018228 -0.534401 -1.314812
v 0.018254 -0.518345 -1.314766
v 0.019800 -0.501245 -1.312089
v 0.024444 -0.473338 -1.304046
v 0.000000 -0.575585 -1.367825
v 0.000000 -0.554690 -1.385477
v 0.000000 -0.572602 -1.378096
v 0.000000 -0.565008 -1.384512
v 0.019547 -0.554690 -1.380240
v 0.010721 -0.575585 -1.364952
v 0.019064 -0.565008 -1.379404
v 0.015856 -0.572602 -1.373847
v 0.033856 -0.554690 -1.365930
v 0.018569 -0.575585 -1.357104
v 0.033020 -0.565008 -1.365448
v 0.027464 -0.572602 -1.362240
v 0.039094 -0.554690 -1.346383
v 0.021441 -0.575585 -1.346383
v 0.038129 -0.565008 -1.346383
v 0.031713 -0.572602 -1.346383
v 0.033856 -0.554690 -1.326837
v 0.018569 -0.575585 -1.335663
v 0.033020 -0.565008 -1.327319
v 0.027464 -0.572602 -1.330527
v 0.019547 -0.554690 -1.312527
v 0.010721 -0.575585 -1.327815
v 0.019064 -0.565008 -1.313363
v 0.015856 -0.572602 -1.318920
v 0.000000 -0.554690 -1.307290
v 0.000000 -0.575585 -1.324942
v 0.000000 -0.565008 -1.308255
v 0.000000 -0.572602 -1.314671
v -0.019547 -0.554690 -1.312527
v -0.010721 -0.575585 -1.327815
v -0.019064 -0.565008 -1.313363
v -0.015856 -0.572602 -1.318920
v -0.033856 -0.554690 -1.326837
v -0.018568 -0.575585 -1.335663
v -0.033020 -0.565008 -1.327319
v -0.027464 -0.572602 -1.330527
v -0.039094 -0.554690 -1.346383
v -0.021441 -0.575585 -1.346383
v -0.038129 -0.565008 -1.346383
v -0.031713 -0.572602 -1.346383
v -0.033856 -0.554690 -1.365930
v -0.018568 -0.575585 -1.357104
v -0.033020 -0.565008 -1.365448
v -0.027464 -0.572602 -1.362240
v -0.019547 -0.554690 -1.380240
v -0.010721 -0.575585 -1.364952
v -0.019064 -0.565008 -1.379404
v -0.015856 -0.572602 -1.373847
vt 1.000000 0.995463
vt 1.000000 1.000000
vt 0.916667 1.000000
vt 0.916667 0.995463
vt 0.833333 1.000000
vt 0.833333 0.995463
vt 0.750000 1.000000
vt 0.750000 0.995463
vt 0.666667 1.000000
vt 0.666667 0.995463
vt 0.583333 1.000000
vt 0.583333 0.995463
vt 0.500000 1.000000
vt 0.500000 0.995463
vt 0.416667 1.000000
vt 0.416667 0.995463
vt 0.333333 1.000000
vt 0.333333 0.995463
vt 0.250000 1.000000
vt 0.250000 0.995463
vt 0.166667 1.000000
vt 0.166667 0.995463
vt 0.370000 0.457846
vt 0.250000 0.490000
vt 0.130000 0.457846
vt 0.042154 0.370000
vt 0.010000 0.250000
vt 0.042154 0.130000
vt 0.130000 0.042154
vt 0.250000 0.010000
vt 0.370000 0.042154
vt 0.457846 0.130000
vt 0.490000 0.250000
vt 0.457846 0.370000
vt 0.083333 1.000000
vt 0.083333 0.995463
vt 0.000000 1.000000
vt 0.000000 0.995463
vt 0.666667 0.500000
vt 0.583333 0.500000
vt 0.583333 0.500000
vt 0.666667 0.500000
vt 0.083333 0.936186
vt 0.083333 0.948341
vt 0.000000 0.948341
vt 0.000000 0.936186
vt 0.166667 0.936186
vt 0.166667 0.948341
vt 0.250000 0.936186
vt 0.250000 0.948341
vt 0.333333 0.936186
vt 0.333333 0.948341
vt 0.416667 0.936186
vt 0.416667 0.948341
vt 0.500000 0.936186
vt 0.500000 0.948341
vt 0.583333 0.936186
vt 0.583333 0.948341
vt 0.666667 0.936186
vt 0.666667 0.948341
vt 0.750000 0.936186
vt 0.750000 0.948341
vt 0.833333 0.936186
vt 0.833333 0.948341
vt 0.916667 0.936186
vt 0.916667 0.948341
vt 1.000000 0.936186
vt 1.000000 0.948341
vt 1.000000 0.551891
vt 1.000000 0.564676
vt 0.916667 0.564676
vt 0.916667 0.551891
vt 0.833333 0.564676
vt 0.833333 0.551891
vt 0.750000 0.564676
vt 0.750000 0.551891
vt 0.666667 0.564676
vt 0.666667 0.551891
vt 0.583333 0.564676
vt 0.583333 0.551891
vt 0.500000 0.564676
vt 0.500000 0.551891
vt 0.416667 0.564676
vt 0.416667 0.551891
vt 0.333333 0.564676
vt 0.333333 0.551891
vt 0.250000 0.564676
vt 0.250000 0.551891
vt 0.166667 0.564676
vt 0.166667 0.551891
vt 0.083333 0.564676
vt 0.083333 0.551891
vt 0.000000 0.564676
vt 0.000000 0.551891
vt 0.083333 0.543243
vt 0.000000 0.543243
vt 0.166667 0.543243
vt 0.250000 0.543243
vt 0.333333 0.543243
vt 0.416667 0.543243
vt 0.500000 0.543243
vt 0.583333 0.543243
vt 0.666667 0.543243
vt 0.750000 0.543243
vt 0.833333 0.543243
vt 0.916667 0.543243
vt 1.000000 0.543243
vt 0.083333 0.954166
vt 0.000000 0.954165
vt 0.166667 0.954166
vt 0.250000 0.954166
vt 0.333333 0.954166
vt 0.416667 0.954166
vt 0.500000 0.954166
vt 0.583333 0.954166
vt 0.666667 0.954166
vt 0.750000 0.954166
vt 0.833333 0.954166
vt 0.916667 0.954165
vt 1.000000 0.954166
vt 0.083333 0.959166
vt 0.000000 0.959166
vt 0.166667 0.959166
vt 0.250000 0.959166
vt 0.333333 0.959166
vt 0.416667 0.959166
vt 0.500000 0.959166
vt 0.583333 0.959166
vt 0.666667 0.959166
vt 0.750000 0.959166
vt 0.833333 0.959166
vt 0.916667 0.959166
vt 1.000000 0.959166
vt 0.083333 0.963703
vt 0.000000 0.963703
vt 0.083333 0.968240
vt 0.000000 0.968240
vt 0.083333 0.972778
vt 0.000000 0.972778
vt 0.083333 0.977315
vt 0.000000 0.977315
vt 0.083333 0.981852
vt 0.000000 0.981852
vt 0.083333 0.986389
vt 0.000000 0.986389
vt 0.083333 0.990926
vt 0.000000 0.990926
vt 0.166667 0.963703
vt 0.166667 0.968240
vt 0.166667 0.972778
vt 0.166667 0.977315
vt 0.166667 0.981852
vt 0.166667 0.986389
vt 0.166667 0.990926
vt 0.250000 0.963703
vt 0.250000 0.968240
vt 0.250000 0.972778
vt 0.250000 0.977314
vt 0.250000 0.981852
vt 0.250000 0.986389
vt 0.250000 0.990926
vt 0.333333 0.963703
vt 0.333333 0.968240
vt 0.333333 0.972778
vt 0.333333 0.977315
vt 0.333333 0.981852
vt 0.333333 0.986389
vt 0.333333 0.990926
vt 0.416667 0.963703
vt 0.416667 0.968240
vt 0.416667 0.972778
vt 0.416667 0.977315
vt 0.416667 0.981852
vt 0.416667 0.986389
vt 0.416667 0.990926
vt 0.500000 0.963703
vt 0.500000 0.968240
vt 0.500000 0.972778
vt 0.500000 0.977315
vt 0.500000 0.981852
vt 0.500000 0.986389
vt 0.500000 0.990926
vt 0.583333 0.963703
vt 0.583333 0.968240
vt 0.583333 0.972778
vt 0.583333 0.977315
vt 0.583333 0.981852
vt 0.583333 0.986389
vt 0.583333 0.990926
vt 0.666667 0.963703
vt 0.666667 0.968240
vt 0.666667 0.972778
vt 0.666667 0.977315
vt 0.666667 0.981852
vt 0.666667 0.986389
vt 0.666667 0.990926
vt 0.750000 0.963703
vt 0.750000 0.968240
vt 0.750000 0.972778
vt 0.750000 0.977315
vt 0.750000 0.981852
vt 0.750000 0.986389
vt 0.750000 0.990926
vt 0.833333 0.963703
vt 0.833333 0.968240
vt 0.833333 0.972778
vt 0.833333 0.977315
vt 0.833333 0.981852
vt 0.833333 0.986389
vt 0.833333 0.990926
vt 0.916667 0.963703
vt 0.916667 0.968240
vt 0.916667 0.972777
vt 0.916667 0.977315
vt 0.916667 0.981852
vt 0.916667 0.986389
vt 0.916667 0.990926
vt 1.000000 0.963703
vt 1.000000 0.968241
vt 1.000000 0.972778
vt 1.000000 0.977315
vt 1.000000 0.981852
vt 1.000000 0.986389
vt 1.000000 0.990926
vt 0.642857 0.000000
vt 0.714286 0.142857
vt 0.571429 0.142857
vt 0.714286 0.285714
vt 0.714286 0.428571
vt 0.571429 0.428571
vt 0.571429 0.285714
vt 0.714286 0.571429
vt 0.714286 0.714286
vt 0.571429 0.714286
vt 0.571429 0.571429
vt 0.714286 0.857143
vt 0.642857 1.000000
vt 0.571429 0.857143
vt 0.500000 0.000000
vt 0.428571 0.142857
vt 0.428571 0.428571
vt 0.428571 0.285714
vt 0.428571 0.714286
vt 0.428571 0.571429
vt 0.500000 1.000000
vt 0.428571 0.857143
vt 0.357143 0.000000
vt 0.285714 0.142857
vt 0.285714 0.428571
vt 0.285714 0.285714
vt 0.285714 0.714286
vt 0.285714 0.571429
vt 0.357143 1.000000
vt 0.285714 0.857143
vt 0.142857 0.714286
vt 0.142857 0.571429
vt 0.214286 1.000000
vt 0.142857 0.857143
vt 0.142857 0.285714
vt 0.142857 0.142857
vt 0.142857 0.428571
vt 0.214286 0.000000
vt 0.000000 0.285714
vt 0.000000 0.142857
vt 0.000000 0.571429
vt 0.000000 0.428571
vt 0.000000 0.857143
vt 0.000000 0.714286
vt 0.071429 0.000000
vt 0.071429 1.000000
vt 1.000000 0.142857
vt 1.000000 0.285714
vt 0.857143 0.285714
vt 0.857143 0.142857
vt 1.000000 0.428571
vt 1.000000 0.571429
vt 0.857143 0.571429
vt 0.857143 0.428571
vt 1.000000 0.714286
vt 1.000000 0.857143
vt 0.857143 0.857143
vt 0.857143 0.714286
vt 0.928571 0.000000
vt 0.928571 1.000000
vt 0.785714 0.000000
vt 0.785714 1.000000
vt 0.714286 0.571429
vt 0.714286 0.714286
vt 0.571429 0.714286
vt 0.571429 0.571429
vt 0.714286 0.857143
vt 0.642857 1.000000
vt 0.571429 0.857143
vt 0.714286 0.142857
vt 0.714286 0.285714
vt 0.571429 0.285714
vt 0.571429 0.142857
vt 0.714286 0.428571
vt 0.571429 0.428571
vt 0.642857 0.000000
vt 0.500000 0.000000
vt 0.428571 0.142857
vt 0.428571 0.428571
vt 0.428571 0.285714
vt 0.428571 0.714286
vt 0.428571 0.571429
vt 0.500000 1.000000
vt 0.428571 0.857143
vt 0.285714 0.714286
vt 0.285714 0.571429
vt 0.357143 1.000000
vt 0.285714 0.857143
vt 0.285714 0.285714
vt 0.285714 0.142857
vt 0.285714 0.428571
vt 0.357143 0.000000
vt 0.142857 0.285714
vt 0.142857 0.142857
vt 0.142857 0.571429
vt 0.142857 0.428571
vt 0.142857 0.857143
vt 0.142857 0.714286
vt 0.214286 0.000000
vt 0.214286 1.000000
vt 0.000000 0.285714
vt 0.000000 0.142857
vt 0.000000 0.571429
vt 0.000000 0.428571
vt 0.000000 0.857143
vt 0.000000 0.714286
vt 0.071429 0.000000
vt 0.071429 1.000000
vt 1.000000 0.714286
vt 1.000000 0.857143
vt 0.857143 0.857143
vt 0.857143 0.714286
vt 0.928571 0.000000
vt 1.000000 0.142857
vt 0.857143 0.142857
vt 1.000000 0.285714
vt 1.000000 0.428571
vt 0.857143 0.428571
vt 0.857143 0.285714
vt 1.000000 0.571429
vt 0.857143 0.571429
vt 0.928571 1.000000
vt 0.785714 0.000000
vt 0.785714 1.000000
vt 1.000000 0.500000
vt 1.000000 0.508649
vt 0.916667 0.508649
vt 0.916667 0.500000
vt 1.000000 0.517297
vt 0.916667 0.517297
vt 1.000000 0.525946
vt 0.916667 0.525946
vt 1.000000 0.534594
vt 0.916667 0.534594
vt 0.833333 0.508649
vt 0.833333 0.500000
vt 0.833333 0.517297
vt 0.833333 0.525946
vt 0.833333 0.534594
vt 0.750000 0.508649
vt 0.750000 0.500000
vt 0.750000 0.517297
vt 0.750000 0.525946
vt 0.750000 0.534594
vt 0.666667 0.508649
vt 0.666667 0.500000
vt 0.666667 0.517297
vt 0.666667 0.525946
vt 0.666667 0.534594
vt 0.583333 0.508648
vt 0.583333 0.500000
vt 0.583333 0.517297
vt 0.583333 0.525945
vt 0.583333 0.534594
vt 0.500000 0.508649
vt 0.500000 0.500000
vt 0.500000 0.517297
vt 0.500000 0.525946
vt 0.500000 0.534594
vt 0.416667 0.508649
vt 0.416667 0.500000
vt 0.416667 0.517297
vt 0.416667 0.525946
vt 0.416667 0.534594
vt 0.333333 0.508649
vt 0.333333 0.500000
vt 0.333333 0.517297
vt 0.333333 0.525946
vt 0.333333 0.534594
vt 0.250000 0.508649
vt 0.250000 0.500000
vt 0.250000 0.517297
vt 0.250000 0.525946
vt 0.250000 0.534594
vt 0.166667 0.508649
vt 0.166667 0.500000
vt 0.166667 0.517297
vt 0.166667 0.525946
vt 0.166667 0.534594
vt 0.083333 0.508649
vt 0.083333 0.500000
vt 0.083333 0.517297
vt 0.083333 0.525946
vt 0.083333 0.534594
vt 0.000000 0.508649
vt 0.000000 0.500000
vt 0.000000 0.517297
vt 0.000000 0.525946
vt 0.000000 0.534594
vt 0.083333 0.500000
vt 0.000000 0.500000
vt 0.000000 0.500000
vt 0.083333 0.500000
vt 0.916667 0.500000
vt 0.833333 0.500000
vt 0.833333 0.500000
vt 0.916667 0.500000
vt 0.750000 0.368236
vt 0.809118 0.352396
vt 0.852395 0.309118
vt 0.868236 0.250000
vt 0.852396 0.190882
vt 0.809118 0.147604
vt 0.750000 0.131764
vt 0.690882 0.147604
vt 0.647604 0.190882
vt 0.631764 0.250000
vt 0.647604 0.309118
vt 0.690882 0.352395
vt 0.750000 0.500000
vt 0.750000 0.500000
vt 0.666667 0.500000
vt 0.750000 0.500000
vt 0.166667 0.500000
vt 0.166667 0.500000
vt 0.250000 0.500000
vt 0.250000 0.500000
vt 0.333333 0.500000
vt 0.333333 0.500000
vt 0.416667 0.500000
vt 0.416667 0.500000
vt 0.500000 0.500000
vt 0.500000 0.500000
vt 0.583333 0.500000
vt 0.583333 0.500000
vt 0.666667 0.500000
vt 0.583333 0.500000
vt 0.666667 0.500000
vt 0.583333 0.500000
vt 0.666667 0.500000
vt 0.583333 0.500000
vt 0.666667 0.500000
vt 0.500000 0.500000
vt 0.500000 0.500000
vt 0.500000 0.500000
vt 0.500000 0.500000
vt 0.500000 0.500000
vt 0.416667 0.500000
vt 0.416667 0.500000
vt 0.416667 0.500000
vt 0.416667 0.500000
vt 0.416667 0.500000
vt 0.333333 0.500000
vt 0.333333 0.500000
vt 0.333333 0.500000
vt 0.333333 0.500000
vt 0.333333 0.500000
vt 0.250000 0.500000
vt 0.250000 0.500000
vt 0.250000 0.500000
vt 0.250000 0.500000
vt 0.250000 0.500000
vt 0.166667 0.500000
vt 0.166667 0.500000
vt 0.166667 0.500000
vt 0.166667 0.500000
vt 0.166667 0.500000
vt 0.916667 0.500000
vt 0.833333 0.500000
vt 0.833333 0.500000
vt 0.916667 0.500000
vt 0.833333 0.500000
vt 0.916667 0.500000
vt 0.833333 0.500000
vt 0.916667 0.500000
vt 0.833333 0.500000
vt 0.916667 0.500000
vt 0.083333 0.500000
vt 0.083333 0.500000
vt 0.083333 0.500000
vt 0.083333 0.500000
vt 0.083333 0.500000
vt 0.750000 0.500000
vt 0.750000 0.500000
vt 0.750000 0.500000
vt 0.750000 0.500000
vt 1.000000 0.500000
vt 1.000000 0.500000
vt 1.000000 0.500000
vt 1.000000 0.500000
vt 1.000000 0.500000
vt 1.000000 0.500000
vt 0.000000 0.500000
vt 0.000000 0.500000
vt 0.000000 0.500000
vt 0.000000 0.500000
vt 0.000000 0.500000
vt 1.000000 0.500000
vt 0.919728 0.500000
vt 0.996939 0.500000
vt 0.927972 0.500000
vt 0.988694 0.500000
vt 0.750000 0.424878
vt 0.837439 0.401449
vt 0.836394 0.500000
vt 0.913606 0.500000
vt 0.844639 0.500000
vt 0.905361 0.500000
vt 0.901449 0.337439
vt 0.753061 0.500000
vt 0.830272 0.500000
vt 0.761306 0.500000
vt 0.822028 0.500000
vt 0.924879 0.250000
vt 0.669728 0.500000
vt 0.746939 0.500000
vt 0.677973 0.500000
vt 0.738694 0.500000
vt 0.901449 0.162561
vt 0.586395 0.500000
vt 0.663606 0.500000
vt 0.594639 0.500000
vt 0.655361 0.500000
vt 0.837439 0.098551
vt 0.503061 0.500000
vt 0.580272 0.500000
vt 0.511306 0.500000
vt 0.572028 0.500000
vt 0.750000 0.075122
vt 0.419728 0.500000
vt 0.496939 0.500000
vt 0.427973 0.500000
vt 0.488694 0.500000
vt 0.662561 0.098551
vt 0.336394 0.500000
vt 0.413606 0.500000
vt 0.344639 0.500000
vt 0.405361 0.500000
vt 0.598551 0.162561
vt 0.253061 0.500000
vt 0.330272 0.500000
vt 0.261306 0.500000
vt 0.322028 0.500000
vt 0.575122 0.250000
vt 0.169728 0.500000
vt 0.246939 0.500000
vt 0.177973 0.500000
vt 0.238694 0.500000
vt 0.598551 0.337439
vt 0.086394 0.500000
vt 0.163606 0.500000
vt 0.094639 0.500000
vt 0.155361 0.500000
vt 0.662561 0.401449
vt 0.003061 0.500000
vt 0.080272 0.500000
vt 0.011306 0.500000
vt 0.072028 0.500000
vn 0.2406 -0.3727 -0.8962
vn 0.6574 -0.3722 -0.6552
vn 0.8974 -0.3715 -0.2382
vn 0.8966 -0.3705 0.2427
vn 0.6557 -0.3697 0.6583
vn 0.2398 -0.3692 0.8979
vn -0.2401 -0.3691 0.8978
vn -0.6560 -0.3695 0.6581
vn -0.8967 -0.3703 0.2426
vn -0.8975 -0.3712 -0.2381
vn 0.0005 1.0000 -0.0066
vn -0.6576 -0.3721 -0.6551
vn -0.2409 -0.3726 -0.8962
vn 0.6927 0.2005 0.6927
vn -0.2460 0.3110 -0.9180
vn -0.6720 0.3110 -0.6720
vn -0.9180 0.3110 -0.2460
vn -0.9180 0.3110 0.2460
vn -0.6720 0.3110 0.6720
vn -0.2460 0.3110 0.9180
vn 0.2460 0.3110 0.9180
vn 0.6720 0.3110 0.6720
vn 0.9180 0.3110 0.2460
vn 0.9180 0.3110 -0.2460
vn 0.6720 0.3110 -0.6720
vn 0.2460 0.3110 -0.9180
vn 0.2588 0.0000 -0.9659
vn 0.7071 0.0000 -0.7071
vn 0.9659 0.0000 -0.2588
vn 0.9659 0.0000 0.2588
vn 0.7071 0.0000 0.7071
vn 0.2588 0.0000 0.9659
vn -0.2588 0.0000 0.9659
vn -0.7071 0.0000 0.7071
vn -0.9659 0.0000 0.2588
vn -0.9659 0.0000 -0.2588
vn -0.7071 0.0000 -0.7071
vn -0.2588 0.0000 -0.9659
vn -0.2412 -0.3629 -0.9001
vn -0.6589 -0.3629 -0.6589
vn -0.9001 -0.3629 -0.2412
vn -0.9001 -0.3629 0.2412
vn -0.6589 -0.3629 0.6589
vn -0.2412 -0.3629 0.9001
vn 0.2412 -0.3629 0.9001
vn 0.6589 -0.3629 0.6589
vn 0.9001 -0.3629 0.2412
vn 0.9001 -0.3629 -0.2412
vn 0.6589 -0.3629 -0.6589
vn 0.2412 -0.3629 -0.9001
vn -0.1139 0.8979 -0.4252
vn -0.3113 0.8979 -0.3113
vn -0.4252 0.8979 -0.1139
vn -0.4252 0.8979 0.1139
vn -0.3113 0.8979 0.3112
vn -0.1139 0.8979 0.4252
vn 0.1139 0.8979 0.4252
vn 0.3113 0.8979 0.3113
vn 0.4252 0.8979 0.1139
vn 0.4252 0.8979 -0.1139
vn 0.3113 0.8979 -0.3113
vn 0.1139 0.8979 -0.4252
vn -0.2145 -0.5599 -0.8003
vn -0.5859 -0.5599 -0.5859
vn -0.8004 -0.5599 -0.2144
vn -0.8004 -0.5599 0.2144
vn -0.5859 -0.5599 0.5859
vn -0.2145 -0.5599 0.8003
vn 0.2145 -0.5599 0.8004
vn 0.5859 -0.5599 0.5859
vn 0.8004 -0.5599 0.2144
vn 0.8004 -0.5599 -0.2145
vn 0.5859 -0.5599 -0.5859
vn 0.2145 -0.5599 -0.8004
vn -0.2468 -0.3007 -0.9212
vn -0.2586 -0.0423 -0.9651
vn -0.2400 0.3740 -0.8958
vn -0.2169 0.5458 -0.8094
vn -0.2017 0.6262 -0.7531
vn -0.2344 0.4211 -0.8762
vn -0.2585 0.0415 -0.9651
vn -0.2542 -0.1953 -0.9472
vn -0.6744 -0.3007 -0.6744
vn -0.7065 -0.0423 -0.7065
vn -0.6558 0.3740 -0.6558
vn -0.5925 0.5458 -0.5925
vn -0.5512 0.6259 -0.5517
vn -0.6408 0.4208 -0.6421
vn -0.7064 0.0415 -0.7066
vn -0.6941 -0.1950 -0.6930
vn -0.9212 -0.3007 -0.2468
vn -0.9651 -0.0423 -0.2586
vn -0.8958 0.3740 -0.2400
vn -0.8094 0.5458 -0.2169
vn -0.7536 0.6254 -0.2024
vn -0.8762 0.4203 -0.2360
vn -0.9651 0.0414 -0.2588
vn -0.9477 -0.1947 -0.2529
vn -0.9212 -0.3007 0.2468
vn -0.9651 -0.0423 0.2586
vn -0.8958 0.3740 0.2400
vn -0.8094 0.5458 0.2169
vn -0.7543 0.6248 0.2017
vn -0.8770 0.4198 0.2338
vn -0.9651 0.0413 0.2584
vn -0.9473 -0.1942 0.2549
vn -0.6744 -0.3007 0.6744
vn -0.7065 -0.0423 0.7065
vn -0.6558 0.3740 0.6558
vn -0.5925 0.5458 0.5925
vn -0.5526 0.6242 0.5522
vn -0.6425 0.4193 0.6414
vn -0.7066 0.0413 0.7064
vn -0.6932 -0.1939 0.6942
vn -0.2468 -0.3007 0.9212
vn -0.2586 -0.0423 0.9651
vn -0.2400 0.3740 0.8958
vn -0.2169 0.5458 0.8094
vn -0.2024 0.6239 0.7548
vn -0.2352 0.4191 0.8769
vn -0.2586 0.0413 0.9651
vn -0.2537 -0.1937 0.9477
vn 0.2468 -0.3007 0.9212
vn 0.2586 -0.0423 0.9651
vn 0.2400 0.3740 0.8958
vn 0.2169 0.5458 0.8094
vn 0.2024 0.6240 0.7548
vn 0.2354 0.4191 0.8769
vn 0.2587 0.0413 0.9651
vn 0.2536 -0.1938 0.9477
vn 0.6744 -0.3007 0.6744
vn 0.7065 -0.0423 0.7065
vn 0.6558 0.3740 0.6558
vn 0.5925 0.5458 0.5925
vn 0.5526 0.6244 0.5521
vn 0.6426 0.4194 0.6412
vn 0.7066 0.0413 0.7064
vn 0.6931 -0.1940 0.6943
vn 0.9212 -0.3007 0.2468
vn 0.9651 -0.0423 0.2586
vn 0.8958 0.3740 0.2400
vn 0.8094 0.5458 0.2169
vn 0.7542 0.6249 0.2016
vn 0.8769 0.4199 0.2338
vn 0.9651 0.0414 0.2584
vn 0.9472 -0.1944 0.2549
vn 0.9212 -0.3007 -0.2468
vn 0.9651 -0.0423 -0.2586
vn 0.8958 0.3740 -0.2400
vn 0.8094 0.5458 -0.2169
vn 0.7535 0.6255 -0.2023
vn 0.8761 0.4205 -0.2359
vn 0.9650 0.0414 -0.2588
vn 0.9477 -0.1948 -0.2529
vn 0.6744 -0.3007 -0.6744
vn 0.7065 -0.0423 -0.7065
vn 0.6558 0.3740 -0.6558
vn 0.5925 0.5458 -0.5925
vn 0.5512 0.6260 -0.5516
vn 0.6409 0.4209 -0.6419
vn 0.7064 0.0415 -0.7066
vn 0.6940 -0.1951 -0.6930
vn 0.2468 -0.3007 -0.9212
vn 0.2586 -0.0423 -0.9651
vn 0.2400 0.3740 -0.8958
vn 0.2169 0.5458 -0.8094
vn 0.2017 0.6263 -0.7531
vn 0.2346 0.4212 -0.8761
vn 0.2586 0.0415 -0.9651
vn 0.2540 -0.1953 -0.9473
vn 0.1391 -0.9471 -0.2892
vn 0.4137 -0.3012 -0.8592
vn 0.4152 0.2913 -0.8619
vn 0.1519 0.9370 -0.3145
vn 0.3328 -0.6413 -0.6914
vn 0.4339 0.0000 -0.9010
vn 0.3424 0.6149 -0.7104
vn 0.3131 -0.9471 -0.0710
vn 0.9297 -0.3012 -0.2120
vn 0.9326 0.2913 -0.2132
vn 0.3399 0.9371 -0.0788
vn 0.7482 -0.6412 -0.1704
vn 0.9749 0.0000 -0.2225
vn 0.7686 0.6149 -0.1762
vn 0.2509 -0.9469 0.2011
vn 0.7454 -0.3010 0.5948
vn 0.7482 0.2913 0.5961
vn 0.2730 0.9376 0.2153
vn 0.5997 -0.6409 0.4791
vn 0.7818 0.0000 0.6235
vn 0.6170 0.6153 0.4906
vn 0.0003 0.2913 0.9566
vn 0.0012 0.9381 0.3463
vn -0.0004 -0.6406 0.7678
vn -0.0000 0.0000 1.0000
vn 0.0007 0.6156 0.7880
vn -0.0005 -0.9467 0.3222
vn -0.0002 -0.3009 0.9537
vn -0.6003 -0.6406 0.4789
vn -0.7818 0.0000 0.6235
vn -0.6162 0.6157 0.4911
vn -0.2519 -0.9466 0.2011
vn -0.7456 -0.3008 0.5947
vn -0.7480 0.2913 0.5964
vn -0.2708 0.9382 0.2154
vn -0.7486 -0.6408 -0.1703
vn -0.9749 0.0000 -0.2225
vn -0.7682 0.6155 -0.1764
vn -0.3140 -0.9468 -0.0709
vn -0.9298 -0.3009 -0.2119
vn -0.9326 0.2913 -0.2133
vn -0.3379 0.9379 -0.0789
vn -0.3412 0.6151 -0.7108
vn -0.1401 -0.9470 -0.2891
vn -0.4140 -0.3011 -0.8590
vn -0.4147 0.2913 -0.8621
vn -0.1496 0.9374 -0.3146
vn -0.3335 -0.6411 -0.6912
vn -0.4339 0.0000 -0.9010
vn 0.4021 0.3760 -0.8349
vn 0.1140 0.9649 -0.2368
vn 0.2974 -0.7281 -0.6175
vn 0.2987 0.7253 -0.6203
vn 0.1128 -0.9656 -0.2342
vn 0.4018 -0.3773 -0.8344
vn 0.2535 -0.9656 -0.0578
vn 0.9029 -0.3773 -0.2061
vn 0.9034 0.3760 -0.2062
vn 0.2562 0.9649 -0.0583
vn 0.6683 -0.7281 -0.1525
vn 0.6711 0.7253 -0.1532
vn 0.7245 0.3760 0.5778
vn 0.2055 0.9649 0.1638
vn 0.5359 -0.7281 0.4274
vn 0.5382 0.7253 0.4292
vn 0.2033 -0.9656 0.1620
vn 0.7240 -0.3773 0.5774
vn 0.0000 -0.7281 0.6855
vn 0.0000 0.7253 0.6884
vn 0.0000 -0.9656 0.2599
vn 0.0000 -0.3773 0.9261
vn 0.0000 0.3760 0.9266
vn 0.0000 0.9648 0.2628
vn -0.5359 -0.7281 0.4274
vn -0.5382 0.7253 0.4292
vn -0.2033 -0.9656 0.1621
vn -0.7240 -0.3773 0.5774
vn -0.7245 0.3760 0.5777
vn -0.2055 0.9648 0.1639
vn -0.6711 0.7253 -0.1532
vn -0.2535 -0.9656 -0.0579
vn -0.9029 -0.3773 -0.2061
vn -0.9034 0.3760 -0.2062
vn -0.2562 0.9648 -0.0585
vn -0.6683 -0.7281 -0.1525
vn -0.1128 -0.9656 -0.2342
vn -0.4018 -0.3773 -0.8344
vn -0.4021 0.3759 -0.8349
vn -0.1140 0.9648 -0.2368
vn -0.2974 -0.7281 -0.6176
vn -0.2987 0.7253 -0.6202
vn 0.2405 0.3696 -0.8975
vn 0.2518 0.2317 -0.9396
vn 0.2578 0.0872 -0.9622
vn 0.2578 -0.0872 -0.9622
vn 0.2518 -0.2317 -0.9396
vn 0.6570 0.3696 -0.6570
vn 0.6879 0.2317 -0.6879
vn 0.7044 0.0872 -0.7044
vn 0.7044 -0.0872 -0.7044
vn 0.6879 -0.2317 -0.6879
vn 0.8975 0.3696 -0.2405
vn 0.9396 0.2317 -0.2518
vn 0.9622 0.0872 -0.2578
vn 0.9622 -0.0872 -0.2578
vn 0.9396 -0.2317 -0.2518
vn 0.8975 0.3696 0.2405
vn 0.9396 0.2317 0.2518
vn 0.9622 0.0872 0.2578
vn 0.9622 -0.0872 0.2578
vn 0.9396 -0.2317 0.2518
vn 0.6570 0.3696 0.6570
vn 0.6879 0.2317 0.6879
vn 0.7044 0.0872 0.7044
vn 0.7044 -0.0872 0.7044
vn 0.6879 -0.2317 0.6879
vn 0.2405 0.3696 0.8975
vn 0.2518 0.2317 0.9396
vn 0.2578 0.0872 0.9622
vn 0.2578 -0.0872 0.9622
vn 0.2518 -0.2317 0.9396
vn -0.2405 0.3696 0.8975
vn -0.2518 0.2317 0.9396
vn -0.2578 0.0872 0.9622
vn -0.2578 -0.0872 0.9622
vn -0.2518 -0.2317 0.9396
vn -0.6570 0.3696 0.6570
vn -0.6879 0.2317 0.6879
vn -0.7044 0.0872 0.7044
vn -0.7044 -0.0872 0.7044
vn -0.6879 -0.2317 0.6879
vn -0.8975 0.3696 0.2405
vn -0.9396 0.2317 0.2518
vn -0.9622 0.0872 0.2578
vn -0.9622 -0.0872 0.2578
vn -0.9396 -0.2317 0.2518
vn -0.8975 0.3696 -0.2405
vn -0.9396 0.2317 -0.2518
vn -0.9622 0.0872 -0.2578
vn -0.9622 -0.0872 -0.2578
vn -0.9396 -0.2317 -0.2518
vn -0.6570 0.3696 -0.6570
vn -0.6879 0.2317 -0.6879
vn -0.7044 0.0872 -0.7044
vn -0.7044 -0.0872 -0.7044
vn -0.6879 -0.2317 -0.6879
vn -0.2405 0.3696 -0.8975
vn -0.2518 0.2317 -0.9396
vn -0.2578 0.0872 -0.9622
vn -0.2578 -0.0872 -0.9622
vn -0.2518 -0.2317 -0.9396
vn -0.2536 0.2005 -0.9463
vn 0.6928 0.2005 -0.6927
vn 0.0000 -1.0000 0.0000
vn 0.9463 0.2005 0.2536
vn -0.0884 -0.9958 -0.0237
vn 0.9463 0.2005 -0.2536
vn -0.6927 0.2005 -0.6927
vn -0.9463 0.2005 -0.2536
vn -0.9463 0.2005 0.2536
vn -0.6927 0.2005 0.6927
vn -0.2536 0.2005 0.9463
vn 0.2536 0.2005 0.9463
vn 0.6115 -0.5021 0.6115
vn 0.6732 -0.3061 0.6732
vn 0.6966 -0.1720 0.6966
vn 0.7071 -0.0032 0.7071
vn 0.7022 0.1170 0.7022
vn 0.2238 -0.5021 0.8354
vn 0.2464 -0.3061 0.9196
vn 0.2550 -0.1720 0.9515
vn 0.2588 -0.0032 0.9659
vn 0.2570 0.1170 0.9593
vn -0.2238 -0.5021 0.8354
vn -0.2464 -0.3061 0.9196
vn -0.2550 -0.1720 0.9515
vn -0.2588 -0.0032 0.9659
vn -0.2570 0.1170 0.9593
vn -0.6115 -0.5021 0.6115
vn -0.6732 -0.3061 0.6732
vn -0.6966 -0.1720 0.6966
vn -0.7071 -0.0032 0.7071
vn -0.7022 0.1170 0.7022
vn -0.8354 -0.5021 0.2238
vn -0.9196 -0.3061 0.2464
vn -0.9515 -0.1720 0.2550
vn -0.9659 -0.0032 0.2588
vn -0.9593 0.1170 0.2570
vn -0.8354 -0.5021 -0.2238
vn -0.9196 -0.3061 -0.2464
vn -0.9515 -0.1720 -0.2550
vn -0.9659 -0.0032 -0.2588
vn -0.9593 0.1170 -0.2570
vn 0.6115 -0.5021 -0.6115
vn 0.6732 -0.3061 -0.6732
vn 0.6966 -0.1720 -0.6966
vn 0.7071 -0.0032 -0.7071
vn 0.7022 0.1170 -0.7022
vn -0.6115 -0.5021 -0.6115
vn -0.6732 -0.3061 -0.6732
vn -0.6966 -0.1720 -0.6966
vn -0.7071 -0.0032 -0.7071
vn -0.7022 0.1170 -0.7022
vn 0.8354 -0.5021 -0.2238
vn 0.9196 -0.3061 -0.2464
vn 0.9515 -0.1720 -0.2550
vn 0.9659 -0.0032 -0.2588
vn 0.9593 0.1170 -0.2570
vn 0.2238 -0.5021 -0.8354
vn 0.2464 -0.3061 -0.9196
vn 0.2550 -0.1720 -0.9515
vn 0.2588 -0.0032 -0.9659
vn 0.2570 0.1170 -0.9593
vn -0.2238 -0.5021 -0.8354
vn -0.2464 -0.3061 -0.9196
vn -0.2550 -0.1720 -0.9515
vn -0.2588 -0.0032 -0.9659
vn -0.2570 0.1170 -0.9593
vn 0.8354 -0.5021 0.2238
vn 0.9196 -0.3061 0.2464
vn 0.9515 -0.1720 0.2550
vn 0.9659 -0.0032 0.2588
vn 0.9593 0.1170 0.2570
vn 0.2578 -0.0900 -0.9620
vn 0.2005 -0.6322 -0.7484
vn 0.0745 -0.9577 -0.2781
vn 0.7042 -0.0900 -0.7042
vn 0.5478 -0.6322 -0.5478
vn 0.2035 -0.9577 -0.2036
vn 0.9620 -0.0900 -0.2578
vn 0.7484 -0.6322 -0.2005
vn 0.2781 -0.9577 -0.0745
vn 0.9620 -0.0900 0.2578
vn 0.7484 -0.6322 0.2005
vn 0.2781 -0.9577 0.0745
vn 0.7042 -0.0900 0.7042
vn 0.5478 -0.6322 0.5478
vn 0.2035 -0.9577 0.2035
vn 0.2578 -0.0900 0.9620
vn 0.2005 -0.6322 0.7484
vn 0.0745 -0.9577 0.2780
vn -0.2578 -0.0900 0.9620
vn -0.2005 -0.6322 0.7484
vn -0.0745 -0.9577 0.2781
vn -0.7042 -0.0900 0.7042
vn -0.5478 -0.6322 0.5478
vn -0.2035 -0.9577 0.2036
vn -0.9620 -0.0900 0.2578
vn -0.7484 -0.6322 0.2005
vn -0.2781 -0.9577 0.0745
vn -0.9620 -0.0900 -0.2578
vn -0.7484 -0.6322 -0.2005
vn -0.2781 -0.9577 -0.0745
vn -0.7042 -0.0900 -0.7042
vn -0.5478 -0.6322 -0.5478
vn -0.2035 -0.9577 -0.2036
vn -0.2578 -0.0900 -0.9620
vn -0.2005 -0.6322 -0.7484
vn -0.0745 -0.9577 -0.2781
vn 0.2536 0.2005 -0.9463
vn 0.0237 -0.9958 0.0884
vn -0.0237 -0.9958 0.0884
vn -0.0884 -0.9958 0.0237
vn 0.0647 -0.9958 0.0647
vn -0.0647 -0.9958 0.0647
vn 0.0884 -0.9958 0.0237
vn 0.0884 -0.9958 -0.0237
vn 0.0647 -0.9958 -0.0647
vn 0.0237 -0.9958 -0.0884
vn -0.0237 -0.9958 -0.0884
vn -0.0647 -0.9958 -0.0647
s off
f 1482/1787/513 1380/1788/513 1382/1789/513 1483/1790/513
f 1483/1790/514 1382/1789/514 1384/1791/514 1491/1792/514
f 1491/1792/515 1384/1791/515 1386/1793/515 1499/1794/515
f 1499/1794/516 1386/1793/516 1388/1795/516 1507/1796/516
f 1507/1796/517 1388/1795/517 1390/1797/517 1515/1798/517
f 1515/1798/518 1390/1797/518 1392/1799/518 1523/1800/518
f 1523/1800/519 1392/1799/519 1394/1801/519 1531/1802/519
f 1531/1802/520 1394/1801/520 1396/1803/520 1539/1804/520
f 1539/1804/521 1396/1803/521 1398/1805/521 1547/1806/521
f 1547/1806/522 1398/1805/522 1400/1807/522 1555/1808/522
f 1382/1809/523 1380/1810/523 1402/1811/523 1400/1812/523 1398/1813/523 1396/1814/523 1394/1815/523 1392/1816/523 1390/1817/523 1388/1818/523 1386/1819/523 1384/1820/523
f 1555/1808/524 1400/1807/524 1402/1821/524 1563/1822/524
f 1563/1822/525 1402/1821/525 1380/1823/525 1482/1824/525
f 1735/1825/526 1786/1826/526 1811/1827/526 1807/1828/526
f 1414/1829/527 1426/1830/527 1415/1831/527 1403/1832/527
f 1413/1833/528 1425/1834/528 1426/1830/528 1414/1829/528
f 1412/1835/529 1424/1836/529 1425/1834/529 1413/1833/529
f 1411/1837/530 1423/1838/530 1424/1836/530 1412/1835/530
f 1410/1839/531 1422/1840/531 1423/1838/531 1411/1837/531
f 1409/1841/532 1421/1842/532 1422/1840/532 1410/1839/532
f 1408/1843/533 1420/1844/533 1421/1842/533 1409/1841/533
f 1407/1845/534 1419/1846/534 1420/1844/534 1408/1843/534
f 1406/1847/535 1418/1848/535 1419/1846/535 1407/1845/535
f 1405/1849/536 1417/1850/536 1418/1848/536 1406/1847/536
f 1404/1851/537 1416/1852/537 1417/1850/537 1405/1849/537
f 1403/1853/538 1415/1854/538 1416/1852/538 1404/1851/538
f 1450/1855/539 1438/1856/539 1427/1857/539 1439/1858/539
f 1439/1858/540 1427/1857/540 1428/1859/540 1440/1860/540
f 1440/1860/541 1428/1859/541 1429/1861/541 1441/1862/541
f 1441/1862/542 1429/1861/542 1430/1863/542 1442/1864/542
f 1442/1864/543 1430/1863/543 1431/1865/543 1443/1866/543
f 1443/1866/544 1431/1865/544 1432/1867/544 1444/1868/544
f 1444/1868/545 1432/1867/545 1433/1869/545 1445/1870/545
f 1445/1870/546 1433/1869/546 1434/1871/546 1446/1872/546
f 1446/1872/547 1434/1871/547 1435/1873/547 1447/1874/547
f 1447/1874/548 1435/1873/548 1436/1875/548 1448/1876/548
f 1448/1876/549 1436/1875/549 1437/1877/549 1449/1878/549
f 1449/1878/550 1437/1877/550 1438/1879/550 1450/1880/550
f 1709/1881/551 1449/1878/551 1450/1880/551 1718/1882/551
f 1704/1883/552 1448/1876/552 1449/1878/552 1709/1881/552
f 1699/1884/553 1447/1874/553 1448/1876/553 1704/1883/553
f 1694/1885/554 1446/1872/554 1447/1874/554 1699/1884/554
f 1689/1886/555 1445/1870/555 1446/1872/555 1694/1885/555
f 1684/1887/556 1444/1868/556 1445/1870/556 1689/1886/556
f 1679/1888/557 1443/1866/557 1444/1868/557 1684/1887/557
f 1674/1889/558 1442/1864/558 1443/1866/558 1679/1888/558
f 1669/1890/559 1441/1862/559 1442/1864/559 1674/1889/559
f 1664/1891/560 1440/1860/560 1441/1862/560 1669/1890/560
f 1659/1892/561 1439/1858/561 1440/1860/561 1664/1891/561
f 1718/1893/562 1450/1855/562 1439/1858/562 1659/1892/562
f 1426/1830/563 1462/1894/563 1451/1895/563 1415/1831/563
f 1425/1834/564 1461/1896/564 1462/1894/564 1426/1830/564
f 1424/1836/565 1460/1897/565 1461/1896/565 1425/1834/565
f 1423/1838/566 1459/1898/566 1460/1897/566 1424/1836/566
f 1422/1840/567 1458/1899/567 1459/1898/567 1423/1838/567
f 1421/1842/568 1457/1900/568 1458/1899/568 1422/1840/568
f 1420/1844/569 1456/1901/569 1457/1900/569 1421/1842/569
f 1419/1846/570 1455/1902/570 1456/1901/570 1420/1844/570
f 1418/1848/571 1454/1903/571 1455/1902/571 1419/1846/571
f 1417/1850/572 1453/1904/572 1454/1903/572 1418/1848/572
f 1416/1852/573 1452/1905/573 1453/1904/573 1417/1850/573
f 1415/1854/574 1451/1906/574 1452/1905/574 1416/1852/574
f 1462/1894/575 1474/1907/575 1463/1908/575 1451/1895/575
f 1461/1896/576 1473/1909/576 1474/1907/576 1462/1894/576
f 1460/1897/577 1472/1910/577 1473/1909/577 1461/1896/577
f 1459/1898/578 1471/1911/578 1472/1910/578 1460/1897/578
f 1458/1899/579 1470/1912/579 1471/1911/579 1459/1898/579
f 1457/1900/580 1469/1913/580 1470/1912/580 1458/1899/580
f 1456/1901/581 1468/1914/581 1469/1913/581 1457/1900/581
f 1455/1902/582 1467/1915/582 1468/1914/582 1456/1901/582
f 1454/1903/583 1466/1916/583 1467/1915/583 1455/1902/583
f 1453/1904/584 1465/1917/584 1466/1916/584 1454/1903/584
f 1452/1905/585 1464/1918/585 1465/1917/585 1453/1904/585
f 1451/1906/586 1463/1919/586 1464/1918/586 1452/1905/586
f 1474/1907/587 1570/1920/587 1475/1921/587 1463/1908/587
f 1570/1920/588 1569/1922/588 1476/1923/588 1475/1921/588
f 1569/1922/589 1568/1924/589 1477/1925/589 1476/1923/589
f 1568/1924/590 1567/1926/590 1478/1927/590 1477/1925/590
f 1567/1926/591 1566/1928/591 1479/1929/591 1478/1927/591
f 1566/1928/592 1565/1930/592 1480/1931/592 1479/1929/592
f 1565/1930/593 1564/1932/593 1481/1933/593 1480/1931/593
f 1564/1932/594 1563/1822/594 1482/1824/594 1481/1933/594
f 1473/1909/595 1562/1934/595 1570/1920/595 1474/1907/595
f 1562/1934/596 1561/1935/596 1569/1922/596 1570/1920/596
f 1561/1935/597 1560/1936/597 1568/1924/597 1569/1922/597
f 1560/1936/598 1559/1937/598 1567/1926/598 1568/1924/598
f 1559/1937/599 1558/1938/599 1566/1928/599 1567/1926/599
f 1558/1938/600 1557/1939/600 1565/1930/600 1566/1928/600
f 1557/1939/601 1556/1940/601 1564/1932/601 1565/1930/601
f 1556/1940/602 1555/1808/602 1563/1822/602 1564/1932/602
f 1472/1910/603 1554/1941/603 1562/1934/603 1473/1909/603
f 1554/1941/604 1553/1942/604 1561/1935/604 1562/1934/604
f 1553/1942/605 1552/1943/605 1560/1936/605 1561/1935/605
f 1552/1943/606 1551/1944/606 1559/1937/606 1560/1936/606
f 1551/1944/607 1550/1945/607 1558/1938/607 1559/1937/607
f 1550/1945/608 1549/1946/608 1557/1939/608 1558/1938/608
f 1549/1946/609 1548/1947/609 1556/1940/609 1557/1939/609
f 1548/1947/610 1547/1806/610 1555/1808/610 1556/1940/610
f 1471/1911/611 1546/1948/611 1554/1941/611 1472/1910/611
f 1546/1948/612 1545/1949/612 1553/1942/612 1554/1941/612
f 1545/1949/613 1544/1950/613 1552/1943/613 1553/1942/613
f 1544/1950/614 1543/1951/614 1551/1944/614 1552/1943/614
f 1543/1951/615 1542/1952/615 1550/1945/615 1551/1944/615
f 1542/1952/616 1541/1953/616 1549/1946/616 1550/1945/616
f 1541/1953/617 1540/1954/617 1548/1947/617 1549/1946/617
f 1540/1954/618 1539/1804/618 1547/1806/618 1548/1947/618
f 1470/1912/619 1538/1955/619 1546/1948/619 1471/1911/619
f 1538/1955/620 1537/1956/620 1545/1949/620 1546/1948/620
f 1537/1956/621 1536/1957/621 1544/1950/621 1545/1949/621
f 1536/1957/622 1535/1958/622 1543/1951/622 1544/1950/622
f 1535/1958/623 1534/1959/623 1542/1952/623 1543/1951/623
f 1534/1959/624 1533/1960/624 1541/1953/624 1542/1952/624
f 1533/1960/625 1532/1961/625 1540/1954/625 1541/1953/625
f 1532/1961/626 1531/1802/626 1539/1804/626 1540/1954/626
f 1469/1913/627 1530/1962/627 1538/1955/627 1470/1912/627
f 1530/1962/628 1529/1963/628 1537/1956/628 1538/1955/628
f 1529/1963/629 1528/1964/629 1536/1957/629 1537/1956/629
f 1528/1964/630 1527/1965/630 1535/1958/630 1536/1957/630
f 1527/1965/631 1526/1966/631 1534/1959/631 1535/1958/631
f 1526/1966/632 1525/1967/632 1533/1960/632 1534/1959/632
f 1525/1967/633 1524/1968/633 1532/1961/633 1533/1960/633
f 1524/1968/634 1523/1800/634 1531/1802/634 1532/1961/634
f 1468/1914/635 1522/1969/635 1530/1962/635 1469/1913/635
f 1522/1969/636 1521/1970/636 1529/1963/636 1530/1962/636
f 1521/1970/637 1520/1971/637 1528/1964/637 1529/1963/637
f 1520/1971/638 1519/1972/638 1527/1965/638 1528/1964/638
f 1519/1972/639 1518/1973/639 1526/1966/639 1527/1965/639
f 1518/1973/640 1517/1974/640 1525/1967/640 1526/1966/640
f 1517/1974/641 1516/1975/641 1524/1968/641 1525/1967/641
f 1516/1975/642 1515/1798/642 1523/1800/642 1524/1968/642
f 1467/1915/643 1514/1976/643 1522/1969/643 1468/1914/643
f 1514/1976/644 1513/1977/644 1521/1970/644 1522/1969/644
f 1513/1977/645 1512/1978/645 1520/1971/645 1521/1970/645
f 1512/1978/646 1511/1979/646 1519/1972/646 1520/1971/646
f 1511/1979/647 1510/1980/647 1518/1973/647 1519/1972/647
f 1510/1980/648 1509/1981/648 1517/1974/648 1518/1973/648
f 1509/1981/649 1508/1982/649 1516/1975/649 1517/1974/649
f 1508/1982/650 1507/1796/650 1515/1798/650 1516/1975/650
f 1466/1916/651 1506/1983/651 1514/1976/651 1467/1915/651
f 1506/1983/652 1505/1984/652 1513/1977/652 1514/1976/652
f 1505/1984/653 1504/1985/653 1512/1978/653 1513/1977/653
f 1504/1985/654 1503/1986/654 1511/1979/654 1512/1978/654
f 1503/1986/655 1502/1987/655 1510/1980/655 1511/1979/655
f 1502/1987/656 1501/1988/656 1509/1981/656 1510/1980/656
f 1501/1988/657 1500/1989/657 1508/1982/657 1509/1981/657
f 1500/1989/658 1499/1794/658 1507/1796/658 1508/1982/658
f 1465/1917/659 1498/1990/659 1506/1983/659 1466/1916/659
f 1498/1990/660 1497/1991/660 1505/1984/660 1506/1983/660
f 1497/1991/661 1496/1992/661 1504/1985/661 1505/1984/661
f 1496/1992/662 1495/1993/662 1503/1986/662 1504/1985/662
f 1495/1993/663 1494/1994/663 1502/1987/663 1503/1986/663
f 1494/1994/664 1493/1995/664 1501/1988/664 1502/1987/664
f 1493/1995/665 1492/1996/665 1500/1989/665 1501/1988/665
f 1492/1996/666 1491/1792/666 1499/1794/666 1500/1989/666
f 1464/1918/667 1490/1997/667 1498/1990/667 1465/1917/667
f 1490/1997/668 1489/1998/668 1497/1991/668 1498/1990/668
f 1489/1998/669 1488/1999/669 1496/1992/669 1497/1991/669
f 1488/1999/670 1487/2000/670 1495/1993/670 1496/1992/670
f 1487/2000/671 1486/2001/671 1494/1994/671 1495/1993/671
f 1486/2001/672 1485/2002/672 1493/1995/672 1494/1994/672
f 1485/2002/673 1484/2003/673 1492/1996/673 1493/1995/673
f 1484/2003/674 1483/1790/674 1491/1792/674 1492/1996/674
f 1463/1919/675 1475/2004/675 1490/1997/675 1464/1918/675
f 1475/2004/676 1476/2005/676 1489/1998/676 1490/1997/676
f 1476/2005/677 1477/2006/677 1488/1999/677 1489/1998/677
f 1477/2006/678 1478/2007/678 1487/2000/678 1488/1999/678
f 1478/2007/679 1479/2008/679 1486/2001/679 1487/2000/679
f 1479/2008/680 1480/2009/680 1485/2002/680 1486/2001/680
f 1480/2009/681 1481/2010/681 1484/2003/681 1485/2002/681
f 1481/2010/682 1482/1787/682 1483/1790/682 1484/2003/682
f 1595/2011/683 1576/2012/683 1582/2013/683
f 1575/2014/684 1574/2015/684 1580/2016/684 1581/2017/684
f 1573/2018/685 1572/2019/685 1578/2020/685 1579/2021/685
f 1571/2022/686 1596/2023/686 1577/2024/686
f 1576/2012/687 1575/2014/687 1581/2017/687 1582/2013/687
f 1574/2015/688 1573/2018/688 1579/2021/688 1580/2016/688
f 1572/2019/689 1571/2022/689 1577/2024/689 1578/2020/689
f 1595/2025/690 1582/2013/690 1588/2026/690
f 1581/2017/691 1580/2016/691 1586/2027/691 1587/2028/691
f 1579/2021/692 1578/2020/692 1584/2029/692 1585/2030/692
f 1577/2024/693 1596/2031/693 1583/2032/693
f 1582/2013/694 1581/2017/694 1587/2028/694 1588/2026/694
f 1580/2016/695 1579/2021/695 1585/2030/695 1586/2027/695
f 1578/2020/696 1577/2024/696 1583/2032/696 1584/2029/696
f 1595/2033/697 1588/2026/697 1594/2034/697
f 1587/2028/698 1586/2027/698 1592/2035/698 1593/2036/698
f 1585/2030/699 1584/2029/699 1590/2037/699 1591/2038/699
f 1583/2032/700 1596/2039/700 1589/2040/700
f 1588/2026/701 1587/2028/701 1593/2036/701 1594/2034/701
f 1586/2027/702 1585/2030/702 1591/2038/702 1592/2035/702
f 1584/2029/703 1583/2032/703 1589/2040/703 1590/2037/703
f 1591/2038/704 1590/2037/704 1598/2041/704 1599/2042/704
f 1589/2040/705 1596/2043/705 1597/2044/705
f 1594/2034/706 1593/2036/706 1601/2045/706 1602/2046/706
f 1592/2035/707 1591/2038/707 1599/2042/707 1600/2047/707
f 1590/2037/708 1589/2040/708 1597/2044/708 1598/2041/708
f 1595/2048/709 1594/2034/709 1602/2046/709
f 1593/2036/710 1592/2035/710 1600/2047/710 1601/2045/710
f 1602/2046/711 1601/2045/711 1607/2049/711 1608/2050/711
f 1600/2047/712 1599/2042/712 1605/2051/712 1606/2052/712
f 1598/2041/713 1597/2044/713 1603/2053/713 1604/2054/713
f 1595/2055/714 1602/2046/714 1608/2050/714
f 1601/2045/715 1600/2047/715 1606/2052/715 1607/2049/715
f 1599/2042/716 1598/2041/716 1604/2054/716 1605/2051/716
f 1597/2044/717 1596/2056/717 1603/2053/717
f 1608/2057/718 1607/2058/718 1613/2059/718 1614/2060/718
f 1606/2061/719 1605/2062/719 1611/2063/719 1612/2064/719
f 1604/2065/720 1603/2066/720 1609/2067/720 1610/2068/720
f 1595/2069/721 1608/2057/721 1614/2060/721
f 1607/2058/722 1606/2061/722 1612/2064/722 1613/2059/722
f 1605/2062/723 1604/2065/723 1610/2068/723 1611/2063/723
f 1603/2066/724 1596/2070/724 1609/2067/724
f 1610/2068/725 1609/2067/725 1571/2022/725 1572/2019/725
f 1595/2071/726 1614/2060/726 1576/2012/726
f 1613/2059/727 1612/2064/727 1574/2015/727 1575/2014/727
f 1611/2063/728 1610/2068/728 1572/2019/728 1573/2018/728
f 1609/2067/729 1596/2072/729 1571/2022/729
f 1614/2060/730 1613/2059/730 1575/2014/730 1576/2012/730
f 1612/2064/731 1611/2063/731 1573/2018/731 1574/2015/731
f 1617/2073/732 1616/2074/732 1622/2075/732 1623/2076/732
f 1615/2077/733 1640/2078/733 1621/2079/733
f 1620/2080/734 1619/2081/734 1625/2082/734 1626/2083/734
f 1618/2084/688 1617/2073/688 1623/2076/688 1624/2085/688
f 1616/2074/735 1615/2077/735 1621/2079/735 1622/2075/735
f 1639/2086/736 1620/2080/736 1626/2083/736
f 1619/2081/737 1618/2084/737 1624/2085/737 1625/2082/737
f 1639/2087/738 1626/2083/738 1632/2088/738
f 1625/2082/739 1624/2085/739 1630/2089/739 1631/2090/739
f 1623/2076/740 1622/2075/740 1628/2091/740 1629/2092/740
f 1621/2079/741 1640/2093/741 1627/2094/741
f 1626/2083/742 1625/2082/742 1631/2090/742 1632/2088/742
f 1624/2085/695 1623/2076/695 1629/2092/695 1630/2089/695
f 1622/2075/743 1621/2079/743 1627/2094/743 1628/2091/743
f 1629/2092/744 1628/2091/744 1634/2095/744 1635/2096/744
f 1627/2094/745 1640/2097/745 1633/2098/745
f 1632/2088/746 1631/2090/746 1637/2099/746 1638/2100/746
f 1630/2089/702 1629/2092/702 1635/2096/702 1636/2101/702
f 1628/2091/747 1627/2094/747 1633/2098/747 1634/2095/747
f 1639/2102/748 1632/2088/748 1638/2100/748
f 1631/2090/749 1630/2089/749 1636/2101/749 1637/2099/749
f 1638/2100/750 1637/2099/750 1645/2103/750 1646/2104/750
f 1636/2101/707 1635/2096/707 1643/2105/707 1644/2106/707
f 1634/2095/751 1633/2098/751 1641/2107/751 1642/2108/751
f 1639/2109/752 1638/2100/752 1646/2104/752
f 1637/2099/753 1636/2101/753 1644/2106/753 1645/2103/753
f 1635/2096/754 1634/2095/754 1642/2108/754 1643/2105/754
f 1633/2098/755 1640/2110/755 1641/2107/755
f 1646/2104/756 1645/2103/756 1651/2111/756 1652/2112/756
f 1644/2106/712 1643/2105/712 1649/2113/712 1650/2114/712
f 1642/2108/757 1641/2107/757 1647/2115/757 1648/2116/757
f 1639/2117/758 1646/2104/758 1652/2112/758
f 1645/2103/759 1644/2106/759 1650/2114/759 1651/2111/759
f 1643/2105/760 1642/2108/760 1648/2116/760 1649/2113/760
f 1641/2107/761 1640/2118/761 1647/2115/761
f 1648/2119/762 1647/2120/762 1653/2121/762 1654/2122/762
f 1639/2123/763 1652/2124/763 1658/2125/763
f 1651/2126/764 1650/2127/764 1656/2128/764 1657/2129/764
f 1649/2130/765 1648/2119/765 1654/2122/765 1655/2131/765
f 1647/2120/766 1640/2132/766 1653/2121/766
f 1652/2124/767 1651/2126/767 1657/2129/767 1658/2125/767
f 1650/2127/719 1649/2130/719 1655/2131/719 1656/2128/719
f 1639/2133/768 1658/2125/768 1620/2080/768
f 1657/2129/769 1656/2128/769 1618/2084/769 1619/2081/769
f 1655/2131/770 1654/2122/770 1616/2074/770 1617/2073/770
f 1653/2121/771 1640/2134/771 1615/2077/771
f 1658/2125/772 1657/2129/772 1619/2081/772 1620/2080/772
f 1656/2128/731 1655/2131/731 1617/2073/731 1618/2084/731
f 1654/2122/773 1653/2121/773 1615/2077/773 1616/2074/773
f 1379/2135/774 1714/2136/774 1663/2137/774 1381/2138/774
f 1714/2136/775 1715/2139/775 1662/2140/775 1663/2137/775
f 1715/2139/776 1716/2141/776 1661/2142/776 1662/2140/776
f 1716/2141/777 1717/2143/777 1660/2144/777 1661/2142/777
f 1717/2143/778 1718/1893/778 1659/1892/778 1660/2144/778
f 1381/2138/779 1663/2137/779 1668/2145/779 1383/2146/779
f 1663/2137/780 1662/2140/780 1667/2147/780 1668/2145/780
f 1662/2140/781 1661/2142/781 1666/2148/781 1667/2147/781
f 1661/2142/782 1660/2144/782 1665/2149/782 1666/2148/782
f 1660/2144/783 1659/1892/783 1664/1891/783 1665/2149/783
f 1383/2146/784 1668/2145/784 1673/2150/784 1385/2151/784
f 1668/2145/785 1667/2147/785 1672/2152/785 1673/2150/785
f 1667/2147/786 1666/2148/786 1671/2153/786 1672/2152/786
f 1666/2148/787 1665/2149/787 1670/2154/787 1671/2153/787
f 1665/2149/788 1664/1891/788 1669/1890/788 1670/2154/788
f 1385/2151/789 1673/2150/789 1678/2155/789 1387/2156/789
f 1673/2150/790 1672/2152/790 1677/2157/790 1678/2155/790
f 1672/2152/791 1671/2153/791 1676/2158/791 1677/2157/791
f 1671/2153/792 1670/2154/792 1675/2159/792 1676/2158/792
f 1670/2154/793 1669/1890/793 1674/1889/793 1675/2159/793
f 1387/2156/794 1678/2155/794 1683/2160/794 1389/2161/794
f 1678/2155/795 1677/2157/795 1682/2162/795 1683/2160/795
f 1677/2157/796 1676/2158/796 1681/2163/796 1682/2162/796
f 1676/2158/797 1675/2159/797 1680/2164/797 1681/2163/797
f 1675/2159/798 1674/1889/798 1679/1888/798 1680/2164/798
f 1389/2161/799 1683/2160/799 1688/2165/799 1391/2166/799
f 1683/2160/800 1682/2162/800 1687/2167/800 1688/2165/800
f 1682/2162/801 1681/2163/801 1686/2168/801 1687/2167/801
f 1681/2163/802 1680/2164/802 1685/2169/802 1686/2168/802
f 1680/2164/803 1679/1888/803 1684/1887/803 1685/2169/803
f 1391/2166/804 1688/2165/804 1693/2170/804 1393/2171/804
f 1688/2165/805 1687/2167/805 1692/2172/805 1693/2170/805
f 1687/2167/806 1686/2168/806 1691/2173/806 1692/2172/806
f 1686/2168/807 1685/2169/807 1690/2174/807 1691/2173/807
f 1685/2169/808 1684/1887/808 1689/1886/808 1690/2174/808
f 1393/2171/809 1693/2170/809 1698/2175/809 1395/2176/809
f 1693/2170/810 1692/2172/810 1697/2177/810 1698/2175/810
f 1692/2172/811 1691/2173/811 1696/2178/811 1697/2177/811
f 1691/2173/812 1690/2174/812 1695/2179/812 1696/2178/812
f 1690/2174/813 1689/1886/813 1694/1885/813 1695/2179/813
f 1395/2176/814 1698/2175/814 1703/2180/814 1397/2181/814
f 1698/2175/815 1697/2177/815 1702/2182/815 1703/2180/815
f 1697/2177/816 1696/2178/816 1701/2183/816 1702/2182/816
f 1696/2178/817 1695/2179/817 1700/2184/817 1701/2183/817
f 1695/2179/818 1694/1885/818 1699/1884/818 1700/2184/818
f 1397/2181/819 1703/2180/819 1708/2185/819 1399/2186/819
f 1703/2180/820 1702/2182/820 1707/2187/820 1708/2185/820
f 1702/2182/821 1701/2183/821 1706/2188/821 1707/2187/821
f 1701/2183/822 1700/2184/822 1705/2189/822 1706/2188/822
f 1700/2184/823 1699/1884/823 1704/1883/823 1705/2189/823
f 1399/2186/824 1708/2185/824 1713/2190/824 1401/2191/824
f 1708/2185/825 1707/2187/825 1712/2192/825 1713/2190/825
f 1707/2187/826 1706/2188/826 1711/2193/826 1712/2192/826
f 1706/2188/827 1705/2189/827 1710/2194/827 1711/2193/827
f 1705/2189/828 1704/1883/828 1709/1881/828 1710/2194/828
f 1401/2191/829 1713/2190/829 1714/2195/829 1379/2196/829
f 1713/2190/830 1712/2192/830 1715/2197/830 1714/2195/830
f 1712/2192/831 1711/2193/831 1716/2198/831 1715/2197/831
f 1711/2193/832 1710/2194/832 1717/2199/832 1716/2198/832
f 1710/2194/833 1709/1881/833 1718/1882/833 1717/2199/833
f 1746/2200/834 1745/2201/834 1792/2202/834 1835/2203/834
f 1755/2204/835 1756/2205/835 1799/2206/835 1795/2207/835
f 1791/2208/836 1796/2209/836 1800/2210/836 1804/2211/836 1808/2212/836 1812/2213/836 1816/2214/836 1820/2215/836 1824/2216/836 1828/2217/836 1832/2218/836 1836/2219/836
f 1736/2220/837 1735/1825/837 1807/1828/837 1803/2221/837
f 1385/2151/838 1387/2156/838 1721/2222/838 1730/2223/838
f 1756/2205/839 1736/2220/839 1803/2221/839 1799/2206/839
f 1761/2224/840 1746/2200/840 1835/2203/840 1831/2225/840
f 1766/2226/841 1761/2224/841 1831/2225/841 1827/2227/841
f 1771/2228/842 1766/2226/842 1827/2227/842 1823/2229/842
f 1776/2230/843 1771/2228/843 1823/2229/843 1819/2231/843
f 1781/2232/844 1776/2230/844 1819/2231/844 1815/2233/844
f 1786/1826/845 1781/2232/845 1815/2233/845 1811/1827/845
f 1721/2222/846 1722/2234/846 1790/2235/846 1731/2236/846
f 1731/2236/847 1790/2235/847 1789/2237/847 1732/2238/847
f 1732/2238/848 1789/2237/848 1788/2239/848 1733/2240/848
f 1733/2240/849 1788/2239/849 1787/2241/849 1734/2242/849
f 1734/2242/850 1787/2241/850 1786/1826/850 1735/1825/850
f 1722/2234/851 1723/2243/851 1785/2244/851 1790/2235/851
f 1790/2235/852 1785/2244/852 1784/2245/852 1789/2237/852
f 1789/2237/853 1784/2245/853 1783/2246/853 1788/2239/853
f 1788/2239/854 1783/2246/854 1782/2247/854 1787/2241/854
f 1787/2241/855 1782/2247/855 1781/2232/855 1786/1826/855
f 1723/2243/856 1724/2248/856 1780/2249/856 1785/2244/856
f 1785/2244/857 1780/2249/857 1779/2250/857 1784/2245/857
f 1784/2245/858 1779/2250/858 1778/2251/858 1783/2246/858
f 1783/2246/859 1778/2251/859 1777/2252/859 1782/2247/859
f 1782/2247/860 1777/2252/860 1776/2230/860 1781/2232/860
f 1724/2248/861 1725/2253/861 1775/2254/861 1780/2249/861
f 1780/2249/862 1775/2254/862 1774/2255/862 1779/2250/862
f 1779/2250/863 1774/2255/863 1773/2256/863 1778/2251/863
f 1778/2251/864 1773/2256/864 1772/2257/864 1777/2252/864
f 1777/2252/865 1772/2257/865 1771/2228/865 1776/2230/865
f 1725/2253/866 1726/2258/866 1770/2259/866 1775/2254/866
f 1775/2254/867 1770/2259/867 1769/2260/867 1774/2255/867
f 1774/2255/868 1769/2260/868 1768/2261/868 1773/2256/868
f 1773/2256/869 1768/2261/869 1767/2262/869 1772/2257/869
f 1772/2257/870 1767/2262/870 1766/2226/870 1771/2228/870
f 1726/2258/871 1727/2263/871 1765/2264/871 1770/2259/871
f 1770/2259/872 1765/2264/872 1764/2265/872 1769/2260/872
f 1769/2260/873 1764/2265/873 1763/2266/873 1768/2261/873
f 1768/2261/874 1763/2266/874 1762/2267/874 1767/2262/874
f 1767/2262/875 1762/2267/875 1761/2224/875 1766/2226/875
f 1719/2268/876 1728/2269/876 1760/2270/876 1751/2271/876
f 1751/2271/877 1760/2270/877 1759/2272/877 1752/2273/877
f 1752/2273/878 1759/2272/878 1758/2274/878 1753/2275/878
f 1753/2275/879 1758/2274/879 1757/2276/879 1754/2277/879
f 1754/2277/880 1757/2276/880 1756/2205/880 1755/2204/880
f 1727/2263/881 1729/2278/881 1750/2279/881 1765/2264/881
f 1765/2264/882 1750/2279/882 1749/2280/882 1764/2265/882
f 1764/2265/883 1749/2280/883 1748/2281/883 1763/2266/883
f 1763/2266/884 1748/2281/884 1747/2282/884 1762/2267/884
f 1762/2267/885 1747/2282/885 1746/2200/885 1761/2224/885
f 1728/2269/886 1730/2223/886 1740/2283/886 1760/2270/886
f 1760/2270/887 1740/2283/887 1739/2284/887 1759/2272/887
f 1759/2272/888 1739/2284/888 1738/2285/888 1758/2274/888
f 1758/2274/889 1738/2285/889 1737/2286/889 1757/2276/889
f 1757/2276/890 1737/2286/890 1736/2220/890 1756/2205/890
f 1720/2287/891 1719/2268/891 1751/2271/891 1741/2288/891
f 1741/2288/892 1751/2271/892 1752/2273/892 1742/2289/892
f 1742/2289/893 1752/2273/893 1753/2275/893 1743/2290/893
f 1743/2290/894 1753/2275/894 1754/2277/894 1744/2291/894
f 1744/2291/895 1754/2277/895 1755/2204/895 1745/2292/895
f 1729/2278/896 1720/2293/896 1741/2294/896 1750/2279/896
f 1750/2279/897 1741/2294/897 1742/2295/897 1749/2280/897
f 1749/2280/898 1742/2295/898 1743/2296/898 1748/2281/898
f 1748/2281/899 1743/2296/899 1744/2297/899 1747/2282/899
f 1747/2282/900 1744/2297/900 1745/2201/900 1746/2200/900
f 1730/2223/901 1721/2222/901 1731/2236/901 1740/2283/901
f 1740/2283/902 1731/2236/902 1732/2238/902 1739/2284/902
f 1739/2284/903 1732/2238/903 1733/2240/903 1738/2285/903
f 1738/2285/904 1733/2240/904 1734/2242/904 1737/2286/904
f 1737/2286/905 1734/2242/905 1735/1825/905 1736/2220/905
f 1792/2298/906 1795/2207/906 1797/2299/906 1794/2300/906
f 1794/2300/907 1797/2299/907 1798/2301/907 1793/2302/907
f 1793/2303/908 1798/2304/908 1796/2209/908 1791/2208/908
f 1795/2207/909 1799/2206/909 1801/2305/909 1797/2306/909
f 1797/2306/910 1801/2305/910 1802/2307/910 1798/2308/910
f 1798/2304/911 1802/2309/911 1800/2210/911 1796/2209/911
f 1799/2206/912 1803/2221/912 1805/2310/912 1801/2311/912
f 1801/2311/913 1805/2310/913 1806/2312/913 1802/2313/913
f 1802/2309/914 1806/2314/914 1804/2211/914 1800/2210/914
f 1803/2221/915 1807/1828/915 1809/2315/915 1805/2316/915
f 1805/2316/916 1809/2315/916 1810/2317/916 1806/2318/916
f 1806/2314/917 1810/2319/917 1808/2212/917 1804/2211/917
f 1807/1828/918 1811/1827/918 1813/2320/918 1809/2321/918
f 1809/2321/919 1813/2320/919 1814/2322/919 1810/2323/919
f 1810/2319/920 1814/2324/920 1812/2213/920 1808/2212/920
f 1811/1827/921 1815/2233/921 1817/2325/921 1813/2326/921
f 1813/2326/922 1817/2325/922 1818/2327/922 1814/2328/922
f 1814/2324/923 1818/2329/923 1816/2214/923 1812/2213/923
f 1815/2233/924 1819/2231/924 1821/2330/924 1817/2331/924
f 1817/2331/925 1821/2330/925 1822/2332/925 1818/2333/925
f 1818/2329/926 1822/2334/926 1820/2215/926 1816/2214/926
f 1819/2231/927 1823/2229/927 1825/2335/927 1821/2336/927
f 1821/2336/928 1825/2335/928 1826/2337/928 1822/2338/928
f 1822/2334/929 1826/2339/929 1824/2216/929 1820/2215/929
f 1823/2229/930 1827/2227/930 1829/2340/930 1825/2341/930
f 1825/2341/931 1829/2340/931 1830/2342/931 1826/2343/931
f 1826/2339/932 1830/2344/932 1828/2217/932 1824/2216/932
f 1827/2227/933 1831/2225/933 1833/2345/933 1829/2346/933
f 1829/2346/934 1833/2345/934 1834/2347/934 1830/2348/934
f 1830/2344/935 1834/2349/935 1832/2218/935 1828/2217/935
f 1831/2225/936 1835/2203/936 1837/2350/936 1833/2351/936
f 1833/2351/937 1837/2350/937 1838/2352/937 1834/2353/937
f 1834/2349/938 1838/2354/938 1836/2219/938 1832/2218/938
f 1835/2203/939 1792/2202/939 1794/2355/939 1837/2356/939
f 1837/2356/940 1794/2355/940 1793/2357/940 1838/2358/940
f 1838/2354/941 1793/2303/941 1791/2208/941 1836/2219/941
f 1745/2292/942 1755/2204/942 1795/2207/942 1792/2298/942
f 1401/2191/943 1379/2196/943 1720/2293/943 1729/2278/943
f 1379/2135/944 1381/2138/944 1719/2268/944 1720/2287/944
f 1383/2146/945 1385/2151/945 1730/2223/945 1728/2269/945
f 1399/2186/946 1401/2191/946 1729/2278/946 1727/2263/946
f 1381/2138/947 1383/2146/947 1728/2269/947 1719/2268/947
f 1397/2181/948 1399/2186/948 1727/2263/948 1726/2258/948
f 1395/2176/949 1397/2181/949 1726/2258/949 1725/2253/949
f 1393/2171/950 1395/2176/950 1725/2253/950 1724/2248/950
f 1391/2166/951 1393/2171/951 1724/2248/951 1723/2243/951
f 1389/2161/952 1391/2166/952 1723/2243/952 1722/2234/952
f 1387/2156/953 1389/2161/953 1722/2234/953 1721/2222/953
